{"text": "\nSell pääwal astus kohtu ette Tohise walla talitaja Johannes Mühlberg ja palus täieliku Protokolli oma wõera poja J.E.Treiblati hoiu raha protsentide wälja wõtmise tarwis, mis ta Kõrgeste Auustud Keiserliku Rapla Ringkonna Ülema Talurahwa Kohtule pidi ette panema.\n\nKohtumõistus.\n\nKohus kuulas J.Mühlbergi asja üle ja Protokolli wälja andmine jäi teiseks korraks kui pidi saama J.E.Treiblati eestseisjate, ehk Rapla Ülema Talurahwa Kohtu poolt mingisugust tiadust selle asja üle, sest walla kirjades ei ole se asi mitte ülesse kirjutud, kuida wiisise hoiu raha summa on protsentide piale pandud ja kes need protsendid pärib.\n\nEt kohtuwanem kirjutada ei mõista tegi tema kolm risti ja tema nime kirjutas kogukonna kirjutaja.\n\n\n", "meta": {"origin_directory": "vallakohus_neljas/"}, "layers": [{"name": "gold_ner", "attributes": ["nertag"], "parent": null, "enveloping": null, "ambiguous": false, "serialisation_module": null, "meta": {}, "spans": [{"base_span": [30, 36], "annotations": [{"nertag": "LOC_ORG"}]}, {"base_span": [52, 69], "annotations": [{"nertag": "PER"}]}, {"base_span": [114, 127], "annotations": [{"nertag": "PER"}]}, {"base_span": [179, 246], "annotations": [{"nertag": "ORG"}]}, {"base_span": [294, 305], "annotations": [{"nertag": "PER"}]}, {"base_span": [378, 391], "annotations": [{"nertag": "PER"}]}, {"base_span": [410, 437], "annotations": [{"nertag": "ORG"}]}]}, {"name": "gold_wordner", "attributes": ["nertag"], "parent": null, "enveloping": null, "ambiguous": false, "serialisation_module": null, "meta": {}, "spans": [{"base_span": [1, 5], "annotations": [{"nertag": "O"}]}, {"base_span": [6, 12], "annotations": [{"nertag": "O"}]}, {"base_span": [13, 18], "annotations": [{"nertag": "O"}]}, {"base_span": [19, 24], "annotations": [{"nertag": "O"}]}, {"base_span": [25, 29], "annotations": [{"nertag": "O"}]}, {"base_span": [30, 36], "annotations": [{"nertag": "B-LOC_ORG"}]}, {"base_span": [37, 42], "annotations": [{"nertag": "O"}]}, {"base_span": [43, 51], "annotations": [{"nertag": "O"}]}, {"base_span": [52, 60], "annotations": [{"nertag": "B-PER"}]}, {"base_span": [61, 69], "annotations": [{"nertag": "I-PER"}]}, {"base_span": [70, 72], "annotations": [{"nertag": "O"}]}, {"base_span": [73, 78], "annotations": [{"nertag": "O"}]}, {"base_span": [79, 87], "annotations": [{"nertag": "O"}]}, {"base_span": [88, 98], "annotations": [{"nertag": "O"}]}, {"base_span": [99, 102], "annotations": [{"nertag": "O"}]}, {"base_span": [103, 108], "annotations": [{"nertag": "O"}]}, {"base_span": [109, 113], "annotations": [{"nertag": "O"}]}, {"base_span": [114, 115], "annotations": [{"nertag": "B-PER"}]}, {"base_span": [115, 116], "annotations": [{"nertag": "I-PER"}]}, {"base_span": [116, 117], "annotations": [{"nertag": "I-PER"}]}, {"base_span": [117, 118], "annotations": [{"nertag": "I-PER"}]}, {"base_span": [118, 127], "annotations": [{"nertag": "I-PER"}]}, {"base_span": [128, 132], "annotations": [{"nertag": "O"}]}, {"base_span": [133, 137], "annotations": [{"nertag": "O"}]}, {"base_span": [138, 149], "annotations": [{"nertag": "O"}]}, {"base_span": [150, 155], "annotations": [{"nertag": "O"}]}, {"base_span": [156, 163], "annotations": [{"nertag": "O"}]}, {"base_span": [164, 170], "annotations": [{"nertag": "O"}]}, {"base_span": [170, 171], "annotations": [{"nertag": "O"}]}, {"base_span": [172, 175], "annotations": [{"nertag": "O"}]}, {"base_span": [176, 178], "annotations": [{"nertag": "O"}]}, {"base_span": [179, 187], "annotations": [{"nertag": "B-ORG"}]}, {"base_span": [188, 195], "annotations": [{"nertag": "I-ORG"}]}, {"base_span": [196, 206], "annotations": [{"nertag": "I-ORG"}]}, {"base_span": [207, 212], "annotations": [{"nertag": "I-ORG"}]}, {"base_span": [213, 222], "annotations": [{"nertag": "I-ORG"}]}, {"base_span": [223, 228], "annotations": [{"nertag": "I-ORG"}]}, {"base_span": [229, 238], "annotations": [{"nertag": "I-ORG"}]}, {"base_span": [239, 246], "annotations": [{"nertag": "I-ORG"}]}, {"base_span": [247, 251], "annotations": [{"nertag": "O"}]}, {"base_span": [252, 256], "annotations": [{"nertag": "O"}]}, {"base_span": [257, 263], "annotations": [{"nertag": "O"}]}, {"base_span": [263, 264], "annotations": [{"nertag": "O"}]}, {"base_span": [266, 278], "annotations": [{"nertag": "O"}]}, {"base_span": [278, 279], "annotations": [{"nertag": "O"}]}, {"base_span": [281, 286], "annotations": [{"nertag": "O"}]}, {"base_span": [287, 293], "annotations": [{"nertag": "O"}]}, {"base_span": [294, 295], "annotations": [{"nertag": "B-PER"}]}, {"base_span": [295, 296], "annotations": [{"nertag": "I-PER"}]}, {"base_span": [296, 305], "annotations": [{"nertag": "I-PER"}]}, {"base_span": [306, 310], "annotations": [{"nertag": "O"}]}, {"base_span": [311, 314], "annotations": [{"nertag": "O"}]}, {"base_span": [315, 317], "annotations": [{"nertag": "O"}]}, {"base_span": [318, 328], "annotations": [{"nertag": "O"}]}, {"base_span": [329, 334], "annotations": [{"nertag": "O"}]}, {"base_span": [335, 342], "annotations": [{"nertag": "O"}]}, {"base_span": [343, 346], "annotations": [{"nertag": "O"}]}, {"base_span": [347, 354], "annotations": [{"nertag": "O"}]}, {"base_span": [355, 362], "annotations": [{"nertag": "O"}]}, {"base_span": [363, 366], "annotations": [{"nertag": "O"}]}, {"base_span": [367, 371], "annotations": [{"nertag": "O"}]}, {"base_span": [372, 377], "annotations": [{"nertag": "O"}]}, {"base_span": [378, 379], "annotations": [{"nertag": "B-PER"}]}, {"base_span": [379, 380], "annotations": [{"nertag": "I-PER"}]}, {"base_span": [380, 381], "annotations": [{"nertag": "I-PER"}]}, {"base_span": [381, 382], "annotations": [{"nertag": "I-PER"}]}, {"base_span": [382, 391], "annotations": [{"nertag": "I-PER"}]}, {"base_span": [392, 404], "annotations": [{"nertag": "O"}]}, {"base_span": [404, 405], "annotations": [{"nertag": "O"}]}, {"base_span": [406, 409], "annotations": [{"nertag": "O"}]}, {"base_span": [410, 415], "annotations": [{"nertag": "B-ORG"}]}, {"base_span": [416, 421], "annotations": [{"nertag": "I-ORG"}]}, {"base_span": [422, 431], "annotations": [{"nertag": "I-ORG"}]}, {"base_span": [432, 437], "annotations": [{"nertag": "I-ORG"}]}, {"base_span": [438, 443], "annotations": [{"nertag": "O"}]}, {"base_span": [444, 455], "annotations": [{"nertag": "O"}]}, {"base_span": [456, 463], "annotations": [{"nertag": "O"}]}, {"base_span": [464, 469], "annotations": [{"nertag": "O"}]}, {"base_span": [470, 474], "annotations": [{"nertag": "O"}]}, {"base_span": [475, 478], "annotations": [{"nertag": "O"}]}, {"base_span": [478, 479], "annotations": [{"nertag": "O"}]}, {"base_span": [480, 484], "annotations": [{"nertag": "O"}]}, {"base_span": [485, 490], "annotations": [{"nertag": "O"}]}, {"base_span": [491, 499], "annotations": [{"nertag": "O"}]}, {"base_span": [500, 502], "annotations": [{"nertag": "O"}]}, {"base_span": [503, 506], "annotations": [{"nertag": "O"}]}, {"base_span": [507, 509], "annotations": [{"nertag": "O"}]}, {"base_span": [510, 513], "annotations": [{"nertag": "O"}]}, {"base_span": [514, 519], "annotations": [{"nertag": "O"}]}, {"base_span": [520, 526], "annotations": [{"nertag": "O"}]}, {"base_span": [527, 535], "annotations": [{"nertag": "O"}]}, {"base_span": [535, 536], "annotations": [{"nertag": "O"}]}, {"base_span": [537, 542], "annotations": [{"nertag": "O"}]}, {"base_span": [543, 550], "annotations": [{"nertag": "O"}]}, {"base_span": [551, 555], "annotations": [{"nertag": "O"}]}, {"base_span": [556, 560], "annotations": [{"nertag": "O"}]}, {"base_span": [561, 566], "annotations": [{"nertag": "O"}]}, {"base_span": [567, 569], "annotations": [{"nertag": "O"}]}, {"base_span": [570, 581], "annotations": [{"nertag": "O"}]}, {"base_span": [582, 587], "annotations": [{"nertag": "O"}]}, {"base_span": [588, 594], "annotations": [{"nertag": "O"}]}, {"base_span": [595, 597], "annotations": [{"nertag": "O"}]}, {"base_span": [598, 601], "annotations": [{"nertag": "O"}]}, {"base_span": [602, 606], "annotations": [{"nertag": "O"}]}, {"base_span": [607, 617], "annotations": [{"nertag": "O"}]}, {"base_span": [618, 623], "annotations": [{"nertag": "O"}]}, {"base_span": [623, 624], "annotations": [{"nertag": "O"}]}, {"base_span": [626, 628], "annotations": [{"nertag": "O"}]}, {"base_span": [629, 639], "annotations": [{"nertag": "O"}]}, {"base_span": [640, 649], "annotations": [{"nertag": "O"}]}, {"base_span": [650, 652], "annotations": [{"nertag": "O"}]}, {"base_span": [653, 659], "annotations": [{"nertag": "O"}]}, {"base_span": [660, 664], "annotations": [{"nertag": "O"}]}, {"base_span": [665, 669], "annotations": [{"nertag": "O"}]}, {"base_span": [670, 674], "annotations": [{"nertag": "O"}]}, {"base_span": [675, 680], "annotations": [{"nertag": "O"}]}, {"base_span": [681, 683], "annotations": [{"nertag": "O"}]}, {"base_span": [684, 688], "annotations": [{"nertag": "O"}]}, {"base_span": [689, 693], "annotations": [{"nertag": "O"}]}, {"base_span": [694, 702], "annotations": [{"nertag": "O"}]}, {"base_span": [703, 712], "annotations": [{"nertag": "O"}]}, {"base_span": [713, 722], "annotations": [{"nertag": "O"}]}, {"base_span": [722, 723], "annotations": [{"nertag": "O"}]}]}]}