{"text": "\nKohtu korra pärrast ollid Rawwila ja Palwerre walla kohtuse walla hones kokku tulnud:Kohtu wannem Juhan Suursild Kohtu käemehed Juhan Kant Hans Härg Kirjotaja H.Siimson\n\nÜks leeri poiss Hans Kausohn Trigi wallast kaebab:Temma on Kose kõrtsust saia läinud wõtma,seal on järsku Willandi perre sullane Jürri Tint temma peale tulnud ja puuga temmale pähe löönud,et temma üsna uimaseks jänud.Temma põlle Tinti tunnud,egga temmaga räkinud ja ei tea mikspärrast ta tedda lönud.Temmal olla 2 tunnistusmeest et temma ilmasüüta lüa saanud:Jaan Allik ja Karel Kruusi.Jaan Allik tunnistab:Tint on kesktubba Kausohni löönud,ilma et Kausohn temmasse olleks puutunud.Ahju ärest nurgast on ta tulnud ja Kausohnile puuga pähe löönud.Kausohn kohe maha kukunud.Kõrtsmik on watama tulnud ja Tint isse ka.Temma on Kausohni ülles tõstnud ja tedda omma korteri Närri perresse wiinud.Kõrtsu tüdrukud toas kedranud ja tulli toas üllewel olnud.Karel Kruusi tunnistab:Kui nemmad seltsis kõrtsust saia ostma läinud,warsti on Tint ahju poolt puuga tulnud ja Kausohnile pähe löönud.Kausohn on maha kukunud ja kõrtsu tüdruk Tinti käest puu ärra wõtnud.Jaan Allik on Kausohni ülles aidand ja nad kohe seltsis õppetaja juure läinud.Kaebduse kandja Jürri Tint tunnistab:Kui temma kõrtsu tuppa läinud,põlle tuld toas olnud üks temmale jalla ette pannud,et temma kommistanud ja teine kohhe temma kraesse kinni hakkand tedda maha tõmbama,sest leeri poissa on kõrtsu tubba täis olnud,mürrand ja kärratsenud seal.Temma sepeale ahjo ärest hao kubbust ühhe hao wõtnud ja poissa toast wälja aiama hakanud,haoga on ta poissa löönud,poisid on mürrinal toast wälja jooksnud ja üks on mahha kukunud,maast üllesse tõusnud ja teistega õue jooksnud.Selle peale on kõrtsmik tulle tuppa toonud.Kõrtsu tüdrukuid põlle mitte toas olnud.Jürri Emmus kes pingi peal toas istunud on sedda kõik pealt näinud.Jürri Emmus  tunnistab:Temma on toas istunud kui Jürri Tint kõrtsu tuppa sisse astunud,leeri poissa on tubba täis olnud,kes kohe Tinti kallale temma ümber läinud,tedda maha kiskuma.Tint on siis poissa wälja aiama hakanud ja hao kubbu seest oksilise pu wõtnud ja taka neid lönud,üks pois on pimmedas joostes maha kukunud,maast ülles tõusnud ja õue jooksnud,seal on nad seltsis odanud Tinti wälja tullema ja sealt on nad warsti kirriko juure läinud.Kõrtsu tüdrukuid põlle toas olnud.Et kõrtsmik,kõrtsu naene ja tüdrukud tallitja wasto on tunnistanud,et tüdrukud on maia tallitust toimetanud põlle toas olnud,egga ka tuld ei olle ees toas olnud ja leeri poisid on seal mürranud,on arwada Tinti ja Emmuse ennem õige ollewad kui Kausohni ja temma käemeeste tunnistus;agga et Kausohn hobi sanud ja Tint lönud ilma et neil wiha waenu olleks olnud,sai kohtu poolt neile leppitust pakutud.Leppisid ärra.\n\n\n", "meta": {"origin_directory": "vallakohus_neljas/"}, "layers": [{"name": "gold_ner", "attributes": ["nertag"], "parent": null, "enveloping": null, "ambiguous": false, "serialisation_module": null, "meta": {}, "spans": [{"base_span": [27, 60], "annotations": [{"nertag": "ORG"}]}, {"base_span": [99, 113], "annotations": [{"nertag": "PER"}]}, {"base_span": [129, 139], "annotations": [{"nertag": "PER"}]}, {"base_span": [140, 149], "annotations": [{"nertag": "PER"}]}, {"base_span": [160, 169], "annotations": [{"nertag": "PER"}]}, {"base_span": [187, 199], "annotations": [{"nertag": "PER"}]}, {"base_span": [200, 213], "annotations": [{"nertag": "LOC_ORG"}]}, {"base_span": [230, 243], "annotations": [{"nertag": "LOC_ORG"}]}, {"base_span": [277, 291], "annotations": [{"nertag": "LOC_ORG"}]}, {"base_span": [300, 310], "annotations": [{"nertag": "PER"}]}, {"base_span": [400, 405], "annotations": [{"nertag": "PER"}]}, {"base_span": [530, 540], "annotations": [{"nertag": "PER"}]}, {"base_span": [544, 556], "annotations": [{"nertag": "PER"}]}, {"base_span": [557, 567], "annotations": [{"nertag": "PER"}]}, {"base_span": [578, 582], "annotations": [{"nertag": "PER"}]}, {"base_span": [596, 604], "annotations": [{"nertag": "PER"}]}, {"base_span": [620, 627], "annotations": [{"nertag": "PER"}]}, {"base_span": [688, 698], "annotations": [{"nertag": "PER"}]}, {"base_span": [717, 724], "annotations": [{"nertag": "PER"}]}, {"base_span": [772, 776], "annotations": [{"nertag": "PER"}]}, {"base_span": [794, 802], "annotations": [{"nertag": "PER"}]}, {"base_span": [839, 853], "annotations": [{"nertag": "LOC_ORG"}]}, {"base_span": [919, 931], "annotations": [{"nertag": "PER"}]}, {"base_span": [998, 1002], "annotations": [{"nertag": "PER"}]}, {"base_span": [1030, 1040], "annotations": [{"nertag": "PER"}]}, {"base_span": [1053, 1060], "annotations": [{"nertag": "PER"}]}, {"base_span": [1094, 1099], "annotations": [{"nertag": "PER"}]}, {"base_span": [1122, 1132], "annotations": [{"nertag": "PER"}]}, {"base_span": [1136, 1144], "annotations": [{"nertag": "PER"}]}, {"base_span": [1216, 1226], "annotations": [{"nertag": "PER"}]}, {"base_span": [1784, 1795], "annotations": [{"nertag": "PER"}]}, {"base_span": [1851, 1862], "annotations": [{"nertag": "PER"}]}, {"base_span": [1900, 1910], "annotations": [{"nertag": "PER"}]}, {"base_span": [1980, 1985], "annotations": [{"nertag": "PER"}]}, {"base_span": [2032, 2036], "annotations": [{"nertag": "PER"}]}, {"base_span": [2234, 2239], "annotations": [{"nertag": "PER"}]}, {"base_span": [2536, 2541], "annotations": [{"nertag": "PER"}]}, {"base_span": [2545, 2551], "annotations": [{"nertag": "PER"}]}, {"base_span": [2575, 2583], "annotations": [{"nertag": "PER"}]}, {"base_span": [2621, 2628], "annotations": [{"nertag": "PER"}]}, {"base_span": [2643, 2647], "annotations": [{"nertag": "PER"}]}]}, {"name": "gold_wordner", "attributes": ["nertag"], "parent": null, "enveloping": null, "ambiguous": false, "serialisation_module": null, "meta": {}, "spans": [{"base_span": [1, 6], "annotations": [{"nertag": "O"}]}, {"base_span": [7, 12], "annotations": [{"nertag": "O"}]}, {"base_span": [13, 20], "annotations": [{"nertag": "O"}]}, {"base_span": [21, 26], "annotations": [{"nertag": "O"}]}, {"base_span": [27, 34], "annotations": [{"nertag": "B-ORG"}]}, {"base_span": [35, 37], "annotations": [{"nertag": "I-ORG"}]}, {"base_span": [38, 46], "annotations": [{"nertag": "I-ORG"}]}, {"base_span": [47, 52], "annotations": [{"nertag": "I-ORG"}]}, {"base_span": [53, 60], "annotations": [{"nertag": "I-ORG"}]}, {"base_span": [61, 66], "annotations": [{"nertag": "O"}]}, {"base_span": [67, 72], "annotations": [{"nertag": "O"}]}, {"base_span": [73, 78], "annotations": [{"nertag": "O"}]}, {"base_span": [79, 85], "annotations": [{"nertag": "O"}]}, {"base_span": [85, 86], "annotations": [{"nertag": "O"}]}, {"base_span": [86, 91], "annotations": [{"nertag": "O"}]}, {"base_span": [92, 98], "annotations": [{"nertag": "O"}]}, {"base_span": [99, 104], "annotations": [{"nertag": "B-PER"}]}, {"base_span": [105, 113], "annotations": [{"nertag": "I-PER"}]}, {"base_span": [114, 119], "annotations": [{"nertag": "O"}]}, {"base_span": [120, 128], "annotations": [{"nertag": "O"}]}, {"base_span": [129, 134], "annotations": [{"nertag": "B-PER"}]}, {"base_span": [135, 139], "annotations": [{"nertag": "I-PER"}]}, {"base_span": [140, 144], "annotations": [{"nertag": "B-PER"}]}, {"base_span": [145, 149], "annotations": [{"nertag": "I-PER"}]}, {"base_span": [150, 159], "annotations": [{"nertag": "O"}]}, {"base_span": [160, 161], "annotations": [{"nertag": "B-PER"}]}, {"base_span": [161, 162], "annotations": [{"nertag": "I-PER"}]}, {"base_span": [162, 169], "annotations": [{"nertag": "I-PER"}]}, {"base_span": [171, 174], "annotations": [{"nertag": "O"}]}, {"base_span": [175, 180], "annotations": [{"nertag": "O"}]}, {"base_span": [181, 186], "annotations": [{"nertag": "O"}]}, {"base_span": [187, 191], "annotations": [{"nertag": "B-PER"}]}, {"base_span": [192, 199], "annotations": [{"nertag": "I-PER"}]}, {"base_span": [200, 205], "annotations": [{"nertag": "B-LOC_ORG"}]}, {"base_span": [206, 213], "annotations": [{"nertag": "I-LOC_ORG"}]}, {"base_span": [214, 220], "annotations": [{"nertag": "O"}]}, {"base_span": [220, 221], "annotations": [{"nertag": "O"}]}, {"base_span": [221, 226], "annotations": [{"nertag": "O"}]}, {"base_span": [227, 229], "annotations": [{"nertag": "O"}]}, {"base_span": [230, 234], "annotations": [{"nertag": "B-LOC_ORG"}]}, {"base_span": [235, 243], "annotations": [{"nertag": "I-LOC_ORG"}]}, {"base_span": [244, 248], "annotations": [{"nertag": "O"}]}, {"base_span": [249, 255], "annotations": [{"nertag": "O"}]}, {"base_span": [256, 261], "annotations": [{"nertag": "O"}]}, {"base_span": [261, 262], "annotations": [{"nertag": "O"}]}, {"base_span": [262, 266], "annotations": [{"nertag": "O"}]}, {"base_span": [267, 269], "annotations": [{"nertag": "O"}]}, {"base_span": [270, 276], "annotations": [{"nertag": "O"}]}, {"base_span": [277, 285], "annotations": [{"nertag": "B-LOC_ORG"}]}, {"base_span": [286, 291], "annotations": [{"nertag": "I-LOC_ORG"}]}, {"base_span": [292, 299], "annotations": [{"nertag": "O"}]}, {"base_span": [300, 305], "annotations": [{"nertag": "B-PER"}]}, {"base_span": [306, 310], "annotations": [{"nertag": "I-PER"}]}, {"base_span": [311, 316], "annotations": [{"nertag": "O"}]}, {"base_span": [317, 322], "annotations": [{"nertag": "O"}]}, {"base_span": [323, 329], "annotations": [{"nertag": "O"}]}, {"base_span": [330, 332], "annotations": [{"nertag": "O"}]}, {"base_span": [333, 338], "annotations": [{"nertag": "O"}]}, {"base_span": [339, 346], "annotations": [{"nertag": "O"}]}, {"base_span": [347, 351], "annotations": [{"nertag": "O"}]}, {"base_span": [352, 358], "annotations": [{"nertag": "O"}]}, {"base_span": [358, 359], "annotations": [{"nertag": "O"}]}, {"base_span": [359, 361], "annotations": [{"nertag": "O"}]}, {"base_span": [362, 367], "annotations": [{"nertag": "O"}]}, {"base_span": [368, 372], "annotations": [{"nertag": "O"}]}, {"base_span": [373, 381], "annotations": [{"nertag": "O"}]}, {"base_span": [382, 387], "annotations": [{"nertag": "O"}]}, {"base_span": [387, 388], "annotations": [{"nertag": "O"}]}, {"base_span": [388, 393], "annotations": [{"nertag": "O"}]}, {"base_span": [394, 399], "annotations": [{"nertag": "O"}]}, {"base_span": [400, 405], "annotations": [{"nertag": "B-PER"}]}, {"base_span": [406, 412], "annotations": [{"nertag": "O"}]}, {"base_span": [412, 413], "annotations": [{"nertag": "O"}]}, {"base_span": [413, 417], "annotations": [{"nertag": "O"}]}, {"base_span": [418, 425], "annotations": [{"nertag": "O"}]}, {"base_span": [426, 433], "annotations": [{"nertag": "O"}]}, {"base_span": [434, 436], "annotations": [{"nertag": "O"}]}, {"base_span": [437, 439], "annotations": [{"nertag": "O"}]}, {"base_span": [440, 443], "annotations": [{"nertag": "O"}]}, {"base_span": [444, 455], "annotations": [{"nertag": "O"}]}, {"base_span": [456, 458], "annotations": [{"nertag": "O"}]}, {"base_span": [459, 464], "annotations": [{"nertag": "O"}]}, {"base_span": [465, 470], "annotations": [{"nertag": "O"}]}, {"base_span": [470, 471], "annotations": [{"nertag": "O"}]}, {"base_span": [471, 477], "annotations": [{"nertag": "O"}]}, {"base_span": [478, 482], "annotations": [{"nertag": "O"}]}, {"base_span": [483, 484], "annotations": [{"nertag": "O"}]}, {"base_span": [485, 499], "annotations": [{"nertag": "O"}]}, {"base_span": [500, 502], "annotations": [{"nertag": "O"}]}, {"base_span": [503, 508], "annotations": [{"nertag": "O"}]}, {"base_span": [509, 518], "annotations": [{"nertag": "O"}]}, {"base_span": [519, 522], "annotations": [{"nertag": "O"}]}, {"base_span": [523, 529], "annotations": [{"nertag": "O"}]}, {"base_span": [529, 530], "annotations": [{"nertag": "O"}]}, {"base_span": [530, 534], "annotations": [{"nertag": "B-PER"}]}, {"base_span": [535, 540], "annotations": [{"nertag": "I-PER"}]}, {"base_span": [541, 543], "annotations": [{"nertag": "O"}]}, {"base_span": [544, 549], "annotations": [{"nertag": "B-PER"}]}, {"base_span": [550, 556], "annotations": [{"nertag": "I-PER"}]}, {"base_span": [556, 557], "annotations": [{"nertag": "O"}]}, {"base_span": [557, 561], "annotations": [{"nertag": "B-PER"}]}, {"base_span": [562, 567], "annotations": [{"nertag": "I-PER"}]}, {"base_span": [568, 577], "annotations": [{"nertag": "O"}]}, {"base_span": [577, 578], "annotations": [{"nertag": "O"}]}, {"base_span": [578, 582], "annotations": [{"nertag": "B-PER"}]}, {"base_span": [583, 585], "annotations": [{"nertag": "O"}]}, {"base_span": [586, 595], "annotations": [{"nertag": "O"}]}, {"base_span": [596, 604], "annotations": [{"nertag": "B-PER"}]}, {"base_span": [605, 611], "annotations": [{"nertag": "O"}]}, {"base_span": [611, 612], "annotations": [{"nertag": "O"}]}, {"base_span": [612, 616], "annotations": [{"nertag": "O"}]}, {"base_span": [617, 619], "annotations": [{"nertag": "O"}]}, {"base_span": [620, 627], "annotations": [{"nertag": "B-PER"}]}, {"base_span": [628, 636], "annotations": [{"nertag": "O"}]}, {"base_span": [637, 643], "annotations": [{"nertag": "O"}]}, {"base_span": [644, 652], "annotations": [{"nertag": "O"}]}, {"base_span": [652, 653], "annotations": [{"nertag": "O"}]}, {"base_span": [653, 657], "annotations": [{"nertag": "O"}]}, {"base_span": [658, 663], "annotations": [{"nertag": "O"}]}, {"base_span": [664, 671], "annotations": [{"nertag": "O"}]}, {"base_span": [672, 674], "annotations": [{"nertag": "O"}]}, {"base_span": [675, 677], "annotations": [{"nertag": "O"}]}, {"base_span": [678, 684], "annotations": [{"nertag": "O"}]}, {"base_span": [685, 687], "annotations": [{"nertag": "O"}]}, {"base_span": [688, 698], "annotations": [{"nertag": "B-PER"}]}, {"base_span": [699, 704], "annotations": [{"nertag": "O"}]}, {"base_span": [705, 709], "annotations": [{"nertag": "O"}]}, {"base_span": [710, 716], "annotations": [{"nertag": "O"}]}, {"base_span": [716, 717], "annotations": [{"nertag": "O"}]}, {"base_span": [717, 724], "annotations": [{"nertag": "B-PER"}]}, {"base_span": [725, 729], "annotations": [{"nertag": "O"}]}, {"base_span": [730, 734], "annotations": [{"nertag": "O"}]}, {"base_span": [735, 742], "annotations": [{"nertag": "O"}]}, {"base_span": [742, 743], "annotations": [{"nertag": "O"}]}, {"base_span": [743, 751], "annotations": [{"nertag": "O"}]}, {"base_span": [752, 754], "annotations": [{"nertag": "O"}]}, {"base_span": [755, 761], "annotations": [{"nertag": "O"}]}, {"base_span": [762, 768], "annotations": [{"nertag": "O"}]}, {"base_span": [769, 771], "annotations": [{"nertag": "O"}]}, {"base_span": [772, 776], "annotations": [{"nertag": "B-PER"}]}, {"base_span": [777, 781], "annotations": [{"nertag": "O"}]}, {"base_span": [782, 784], "annotations": [{"nertag": "O"}]}, {"base_span": [784, 785], "annotations": [{"nertag": "O"}]}, {"base_span": [785, 790], "annotations": [{"nertag": "O"}]}, {"base_span": [791, 793], "annotations": [{"nertag": "O"}]}, {"base_span": [794, 802], "annotations": [{"nertag": "B-PER"}]}, {"base_span": [803, 808], "annotations": [{"nertag": "O"}]}, {"base_span": [809, 816], "annotations": [{"nertag": "O"}]}, {"base_span": [817, 819], "annotations": [{"nertag": "O"}]}, {"base_span": [820, 825], "annotations": [{"nertag": "O"}]}, {"base_span": [826, 830], "annotations": [{"nertag": "O"}]}, {"base_span": [831, 838], "annotations": [{"nertag": "O"}]}, {"base_span": [839, 844], "annotations": [{"nertag": "B-LOC_ORG"}]}, {"base_span": [845, 853], "annotations": [{"nertag": "I-LOC_ORG"}]}, {"base_span": [854, 860], "annotations": [{"nertag": "O"}]}, {"base_span": [860, 861], "annotations": [{"nertag": "O"}]}, {"base_span": [861, 867], "annotations": [{"nertag": "O"}]}, {"base_span": [868, 876], "annotations": [{"nertag": "O"}]}, {"base_span": [877, 881], "annotations": [{"nertag": "O"}]}, {"base_span": [882, 890], "annotations": [{"nertag": "O"}]}, {"base_span": [891, 893], "annotations": [{"nertag": "O"}]}, {"base_span": [894, 899], "annotations": [{"nertag": "O"}]}, {"base_span": [900, 904], "annotations": [{"nertag": "O"}]}, {"base_span": [905, 912], "annotations": [{"nertag": "O"}]}, {"base_span": [913, 918], "annotations": [{"nertag": "O"}]}, {"base_span": [918, 919], "annotations": [{"nertag": "O"}]}, {"base_span": [919, 924], "annotations": [{"nertag": "B-PER"}]}, {"base_span": [925, 931], "annotations": [{"nertag": "I-PER"}]}, {"base_span": [932, 941], "annotations": [{"nertag": "O"}]}, {"base_span": [941, 942], "annotations": [{"nertag": "O"}]}, {"base_span": [942, 945], "annotations": [{"nertag": "O"}]}, {"base_span": [946, 952], "annotations": [{"nertag": "O"}]}, {"base_span": [953, 960], "annotations": [{"nertag": "O"}]}, {"base_span": [961, 969], "annotations": [{"nertag": "O"}]}, {"base_span": [970, 974], "annotations": [{"nertag": "O"}]}, {"base_span": [975, 980], "annotations": [{"nertag": "O"}]}, {"base_span": [981, 987], "annotations": [{"nertag": "O"}]}, {"base_span": [987, 988], "annotations": [{"nertag": "O"}]}, {"base_span": [988, 994], "annotations": [{"nertag": "O"}]}, {"base_span": [995, 997], "annotations": [{"nertag": "O"}]}, {"base_span": [998, 1002], "annotations": [{"nertag": "B-PER"}]}, {"base_span": [1003, 1007], "annotations": [{"nertag": "O"}]}, {"base_span": [1008, 1013], "annotations": [{"nertag": "O"}]}, {"base_span": [1014, 1019], "annotations": [{"nertag": "O"}]}, {"base_span": [1020, 1026], "annotations": [{"nertag": "O"}]}, {"base_span": [1027, 1029], "annotations": [{"nertag": "O"}]}, {"base_span": [1030, 1040], "annotations": [{"nertag": "B-PER"}]}, {"base_span": [1041, 1045], "annotations": [{"nertag": "O"}]}, {"base_span": [1046, 1052], "annotations": [{"nertag": "O"}]}, {"base_span": [1052, 1053], "annotations": [{"nertag": "O"}]}, {"base_span": [1053, 1060], "annotations": [{"nertag": "B-PER"}]}, {"base_span": [1061, 1063], "annotations": [{"nertag": "O"}]}, {"base_span": [1064, 1068], "annotations": [{"nertag": "O"}]}, {"base_span": [1069, 1076], "annotations": [{"nertag": "O"}]}, {"base_span": [1077, 1079], "annotations": [{"nertag": "O"}]}, {"base_span": [1080, 1086], "annotations": [{"nertag": "O"}]}, {"base_span": [1087, 1093], "annotations": [{"nertag": "O"}]}, {"base_span": [1094, 1099], "annotations": [{"nertag": "B-PER"}]}, {"base_span": [1100, 1105], "annotations": [{"nertag": "O"}]}, {"base_span": [1106, 1109], "annotations": [{"nertag": "O"}]}, {"base_span": [1110, 1114], "annotations": [{"nertag": "O"}]}, {"base_span": [1115, 1121], "annotations": [{"nertag": "O"}]}, {"base_span": [1121, 1122], "annotations": [{"nertag": "O"}]}, {"base_span": [1122, 1126], "annotations": [{"nertag": "B-PER"}]}, {"base_span": [1127, 1132], "annotations": [{"nertag": "I-PER"}]}, {"base_span": [1133, 1135], "annotations": [{"nertag": "O"}]}, {"base_span": [1136, 1144], "annotations": [{"nertag": "B-PER"}]}, {"base_span": [1145, 1150], "annotations": [{"nertag": "O"}]}, {"base_span": [1151, 1157], "annotations": [{"nertag": "O"}]}, {"base_span": [1158, 1160], "annotations": [{"nertag": "O"}]}, {"base_span": [1161, 1164], "annotations": [{"nertag": "O"}]}, {"base_span": [1165, 1169], "annotations": [{"nertag": "O"}]}, {"base_span": [1170, 1177], "annotations": [{"nertag": "O"}]}, {"base_span": [1178, 1186], "annotations": [{"nertag": "O"}]}, {"base_span": [1187, 1192], "annotations": [{"nertag": "O"}]}, {"base_span": [1193, 1199], "annotations": [{"nertag": "O"}]}, {"base_span": [1199, 1200], "annotations": [{"nertag": "O"}]}, {"base_span": [1200, 1208], "annotations": [{"nertag": "O"}]}, {"base_span": [1209, 1215], "annotations": [{"nertag": "O"}]}, {"base_span": [1216, 1221], "annotations": [{"nertag": "B-PER"}]}, {"base_span": [1222, 1226], "annotations": [{"nertag": "I-PER"}]}, {"base_span": [1227, 1236], "annotations": [{"nertag": "O"}]}, {"base_span": [1236, 1237], "annotations": [{"nertag": "O"}]}, {"base_span": [1237, 1240], "annotations": [{"nertag": "O"}]}, {"base_span": [1241, 1246], "annotations": [{"nertag": "O"}]}, {"base_span": [1247, 1253], "annotations": [{"nertag": "O"}]}, {"base_span": [1254, 1259], "annotations": [{"nertag": "O"}]}, {"base_span": [1260, 1266], "annotations": [{"nertag": "O"}]}, {"base_span": [1266, 1267], "annotations": [{"nertag": "O"}]}, {"base_span": [1267, 1272], "annotations": [{"nertag": "O"}]}, {"base_span": [1273, 1277], "annotations": [{"nertag": "O"}]}, {"base_span": [1278, 1282], "annotations": [{"nertag": "O"}]}, {"base_span": [1283, 1288], "annotations": [{"nertag": "O"}]}, {"base_span": [1289, 1292], "annotations": [{"nertag": "O"}]}, {"base_span": [1293, 1300], "annotations": [{"nertag": "O"}]}, {"base_span": [1301, 1306], "annotations": [{"nertag": "O"}]}, {"base_span": [1307, 1311], "annotations": [{"nertag": "O"}]}, {"base_span": [1312, 1318], "annotations": [{"nertag": "O"}]}, {"base_span": [1318, 1319], "annotations": [{"nertag": "O"}]}, {"base_span": [1319, 1321], "annotations": [{"nertag": "O"}]}, {"base_span": [1322, 1327], "annotations": [{"nertag": "O"}]}, {"base_span": [1328, 1339], "annotations": [{"nertag": "O"}]}, {"base_span": [1340, 1342], "annotations": [{"nertag": "O"}]}, {"base_span": [1343, 1348], "annotations": [{"nertag": "O"}]}, {"base_span": [1349, 1354], "annotations": [{"nertag": "O"}]}, {"base_span": [1355, 1360], "annotations": [{"nertag": "O"}]}, {"base_span": [1361, 1368], "annotations": [{"nertag": "O"}]}, {"base_span": [1369, 1374], "annotations": [{"nertag": "O"}]}, {"base_span": [1375, 1382], "annotations": [{"nertag": "O"}]}, {"base_span": [1383, 1388], "annotations": [{"nertag": "O"}]}, {"base_span": [1389, 1393], "annotations": [{"nertag": "O"}]}, {"base_span": [1394, 1401], "annotations": [{"nertag": "O"}]}, {"base_span": [1401, 1402], "annotations": [{"nertag": "O"}]}, {"base_span": [1402, 1406], "annotations": [{"nertag": "O"}]}, {"base_span": [1407, 1412], "annotations": [{"nertag": "O"}]}, {"base_span": [1413, 1419], "annotations": [{"nertag": "O"}]}, {"base_span": [1420, 1422], "annotations": [{"nertag": "O"}]}, {"base_span": [1423, 1429], "annotations": [{"nertag": "O"}]}, {"base_span": [1430, 1435], "annotations": [{"nertag": "O"}]}, {"base_span": [1436, 1440], "annotations": [{"nertag": "O"}]}, {"base_span": [1441, 1446], "annotations": [{"nertag": "O"}]}, {"base_span": [1446, 1447], "annotations": [{"nertag": "O"}]}, {"base_span": [1447, 1454], "annotations": [{"nertag": "O"}]}, {"base_span": [1455, 1457], "annotations": [{"nertag": "O"}]}, {"base_span": [1458, 1469], "annotations": [{"nertag": "O"}]}, {"base_span": [1470, 1474], "annotations": [{"nertag": "O"}]}, {"base_span": [1474, 1475], "annotations": [{"nertag": "O"}]}, {"base_span": [1475, 1480], "annotations": [{"nertag": "O"}]}, {"base_span": [1481, 1488], "annotations": [{"nertag": "O"}]}, {"base_span": [1489, 1493], "annotations": [{"nertag": "O"}]}, {"base_span": [1494, 1499], "annotations": [{"nertag": "O"}]}, {"base_span": [1500, 1503], "annotations": [{"nertag": "O"}]}, {"base_span": [1504, 1511], "annotations": [{"nertag": "O"}]}, {"base_span": [1512, 1516], "annotations": [{"nertag": "O"}]}, {"base_span": [1517, 1520], "annotations": [{"nertag": "O"}]}, {"base_span": [1521, 1527], "annotations": [{"nertag": "O"}]}, {"base_span": [1528, 1530], "annotations": [{"nertag": "O"}]}, {"base_span": [1531, 1537], "annotations": [{"nertag": "O"}]}, {"base_span": [1538, 1543], "annotations": [{"nertag": "O"}]}, {"base_span": [1544, 1549], "annotations": [{"nertag": "O"}]}, {"base_span": [1550, 1555], "annotations": [{"nertag": "O"}]}, {"base_span": [1556, 1563], "annotations": [{"nertag": "O"}]}, {"base_span": [1563, 1564], "annotations": [{"nertag": "O"}]}, {"base_span": [1564, 1569], "annotations": [{"nertag": "O"}]}, {"base_span": [1570, 1572], "annotations": [{"nertag": "O"}]}, {"base_span": [1573, 1575], "annotations": [{"nertag": "O"}]}, {"base_span": [1576, 1582], "annotations": [{"nertag": "O"}]}, {"base_span": [1583, 1589], "annotations": [{"nertag": "O"}]}, {"base_span": [1589, 1590], "annotations": [{"nertag": "O"}]}, {"base_span": [1590, 1596], "annotations": [{"nertag": "O"}]}, {"base_span": [1597, 1599], "annotations": [{"nertag": "O"}]}, {"base_span": [1600, 1608], "annotations": [{"nertag": "O"}]}, {"base_span": [1609, 1614], "annotations": [{"nertag": "O"}]}, {"base_span": [1615, 1620], "annotations": [{"nertag": "O"}]}, {"base_span": [1621, 1629], "annotations": [{"nertag": "O"}]}, {"base_span": [1630, 1632], "annotations": [{"nertag": "O"}]}, {"base_span": [1633, 1636], "annotations": [{"nertag": "O"}]}, {"base_span": [1637, 1639], "annotations": [{"nertag": "O"}]}, {"base_span": [1640, 1645], "annotations": [{"nertag": "O"}]}, {"base_span": [1646, 1653], "annotations": [{"nertag": "O"}]}, {"base_span": [1653, 1654], "annotations": [{"nertag": "O"}]}, {"base_span": [1654, 1659], "annotations": [{"nertag": "O"}]}, {"base_span": [1660, 1667], "annotations": [{"nertag": "O"}]}, {"base_span": [1668, 1675], "annotations": [{"nertag": "O"}]}, {"base_span": [1676, 1678], "annotations": [{"nertag": "O"}]}, {"base_span": [1679, 1687], "annotations": [{"nertag": "O"}]}, {"base_span": [1688, 1691], "annotations": [{"nertag": "O"}]}, {"base_span": [1692, 1700], "annotations": [{"nertag": "O"}]}, {"base_span": [1700, 1701], "annotations": [{"nertag": "O"}]}, {"base_span": [1701, 1706], "annotations": [{"nertag": "O"}]}, {"base_span": [1707, 1712], "annotations": [{"nertag": "O"}]}, {"base_span": [1713, 1715], "annotations": [{"nertag": "O"}]}, {"base_span": [1716, 1724], "annotations": [{"nertag": "O"}]}, {"base_span": [1725, 1730], "annotations": [{"nertag": "O"}]}, {"base_span": [1731, 1736], "annotations": [{"nertag": "O"}]}, {"base_span": [1737, 1743], "annotations": [{"nertag": "O"}]}, {"base_span": [1743, 1744], "annotations": [{"nertag": "O"}]}, {"base_span": [1744, 1750], "annotations": [{"nertag": "O"}]}, {"base_span": [1751, 1760], "annotations": [{"nertag": "O"}]}, {"base_span": [1761, 1766], "annotations": [{"nertag": "O"}]}, {"base_span": [1767, 1772], "annotations": [{"nertag": "O"}]}, {"base_span": [1773, 1777], "annotations": [{"nertag": "O"}]}, {"base_span": [1778, 1783], "annotations": [{"nertag": "O"}]}, {"base_span": [1783, 1784], "annotations": [{"nertag": "O"}]}, {"base_span": [1784, 1789], "annotations": [{"nertag": "B-PER"}]}, {"base_span": [1790, 1795], "annotations": [{"nertag": "I-PER"}]}, {"base_span": [1796, 1799], "annotations": [{"nertag": "O"}]}, {"base_span": [1800, 1805], "annotations": [{"nertag": "O"}]}, {"base_span": [1806, 1810], "annotations": [{"nertag": "O"}]}, {"base_span": [1811, 1815], "annotations": [{"nertag": "O"}]}, {"base_span": [1816, 1823], "annotations": [{"nertag": "O"}]}, {"base_span": [1824, 1826], "annotations": [{"nertag": "O"}]}, {"base_span": [1827, 1832], "annotations": [{"nertag": "O"}]}, {"base_span": [1833, 1837], "annotations": [{"nertag": "O"}]}, {"base_span": [1838, 1843], "annotations": [{"nertag": "O"}]}, {"base_span": [1844, 1850], "annotations": [{"nertag": "O"}]}, {"base_span": [1850, 1851], "annotations": [{"nertag": "O"}]}, {"base_span": [1851, 1856], "annotations": [{"nertag": "B-PER"}]}, {"base_span": [1857, 1862], "annotations": [{"nertag": "I-PER"}]}, {"base_span": [1864, 1873], "annotations": [{"nertag": "O"}]}, {"base_span": [1873, 1874], "annotations": [{"nertag": "O"}]}, {"base_span": [1874, 1879], "annotations": [{"nertag": "O"}]}, {"base_span": [1880, 1882], "annotations": [{"nertag": "O"}]}, {"base_span": [1883, 1887], "annotations": [{"nertag": "O"}]}, {"base_span": [1888, 1895], "annotations": [{"nertag": "O"}]}, {"base_span": [1896, 1899], "annotations": [{"nertag": "O"}]}, {"base_span": [1900, 1905], "annotations": [{"nertag": "B-PER"}]}, {"base_span": [1906, 1910], "annotations": [{"nertag": "I-PER"}]}, {"base_span": [1911, 1917], "annotations": [{"nertag": "O"}]}, {"base_span": [1918, 1923], "annotations": [{"nertag": "O"}]}, {"base_span": [1924, 1929], "annotations": [{"nertag": "O"}]}, {"base_span": [1930, 1937], "annotations": [{"nertag": "O"}]}, {"base_span": [1937, 1938], "annotations": [{"nertag": "O"}]}, {"base_span": [1938, 1943], "annotations": [{"nertag": "O"}]}, {"base_span": [1944, 1950], "annotations": [{"nertag": "O"}]}, {"base_span": [1951, 1953], "annotations": [{"nertag": "O"}]}, {"base_span": [1954, 1959], "annotations": [{"nertag": "O"}]}, {"base_span": [1960, 1964], "annotations": [{"nertag": "O"}]}, {"base_span": [1965, 1970], "annotations": [{"nertag": "O"}]}, {"base_span": [1970, 1971], "annotations": [{"nertag": "O"}]}, {"base_span": [1971, 1974], "annotations": [{"nertag": "O"}]}, {"base_span": [1975, 1979], "annotations": [{"nertag": "O"}]}, {"base_span": [1980, 1985], "annotations": [{"nertag": "B-PER"}]}, {"base_span": [1986, 1993], "annotations": [{"nertag": "O"}]}, {"base_span": [1994, 1999], "annotations": [{"nertag": "O"}]}, {"base_span": [2000, 2005], "annotations": [{"nertag": "O"}]}, {"base_span": [2006, 2012], "annotations": [{"nertag": "O"}]}, {"base_span": [2012, 2013], "annotations": [{"nertag": "O"}]}, {"base_span": [2013, 2018], "annotations": [{"nertag": "O"}]}, {"base_span": [2019, 2023], "annotations": [{"nertag": "O"}]}, {"base_span": [2024, 2031], "annotations": [{"nertag": "O"}]}, {"base_span": [2031, 2032], "annotations": [{"nertag": "O"}]}, {"base_span": [2032, 2036], "annotations": [{"nertag": "B-PER"}]}, {"base_span": [2037, 2039], "annotations": [{"nertag": "O"}]}, {"base_span": [2040, 2044], "annotations": [{"nertag": "O"}]}, {"base_span": [2045, 2051], "annotations": [{"nertag": "O"}]}, {"base_span": [2052, 2057], "annotations": [{"nertag": "O"}]}, {"base_span": [2058, 2063], "annotations": [{"nertag": "O"}]}, {"base_span": [2064, 2071], "annotations": [{"nertag": "O"}]}, {"base_span": [2072, 2074], "annotations": [{"nertag": "O"}]}, {"base_span": [2075, 2078], "annotations": [{"nertag": "O"}]}, {"base_span": [2079, 2084], "annotations": [{"nertag": "O"}]}, {"base_span": [2085, 2090], "annotations": [{"nertag": "O"}]}, {"base_span": [2091, 2099], "annotations": [{"nertag": "O"}]}, {"base_span": [2100, 2102], "annotations": [{"nertag": "O"}]}, {"base_span": [2103, 2109], "annotations": [{"nertag": "O"}]}, {"base_span": [2110, 2112], "annotations": [{"nertag": "O"}]}, {"base_span": [2113, 2117], "annotations": [{"nertag": "O"}]}, {"base_span": [2118, 2122], "annotations": [{"nertag": "O"}]}, {"base_span": [2123, 2128], "annotations": [{"nertag": "O"}]}, {"base_span": [2128, 2129], "annotations": [{"nertag": "O"}]}, {"base_span": [2129, 2132], "annotations": [{"nertag": "O"}]}, {"base_span": [2133, 2137], "annotations": [{"nertag": "O"}]}, {"base_span": [2138, 2140], "annotations": [{"nertag": "O"}]}, {"base_span": [2141, 2149], "annotations": [{"nertag": "O"}]}, {"base_span": [2150, 2157], "annotations": [{"nertag": "O"}]}, {"base_span": [2158, 2162], "annotations": [{"nertag": "O"}]}, {"base_span": [2163, 2170], "annotations": [{"nertag": "O"}]}, {"base_span": [2170, 2171], "annotations": [{"nertag": "O"}]}, {"base_span": [2171, 2176], "annotations": [{"nertag": "O"}]}, {"base_span": [2177, 2182], "annotations": [{"nertag": "O"}]}, {"base_span": [2183, 2190], "annotations": [{"nertag": "O"}]}, {"base_span": [2191, 2193], "annotations": [{"nertag": "O"}]}, {"base_span": [2194, 2197], "annotations": [{"nertag": "O"}]}, {"base_span": [2198, 2206], "annotations": [{"nertag": "O"}]}, {"base_span": [2206, 2207], "annotations": [{"nertag": "O"}]}, {"base_span": [2207, 2211], "annotations": [{"nertag": "O"}]}, {"base_span": [2212, 2214], "annotations": [{"nertag": "O"}]}, {"base_span": [2215, 2218], "annotations": [{"nertag": "O"}]}, {"base_span": [2219, 2226], "annotations": [{"nertag": "O"}]}, {"base_span": [2227, 2233], "annotations": [{"nertag": "O"}]}, {"base_span": [2234, 2239], "annotations": [{"nertag": "B-PER"}]}, {"base_span": [2240, 2245], "annotations": [{"nertag": "O"}]}, {"base_span": [2246, 2253], "annotations": [{"nertag": "O"}]}, {"base_span": [2254, 2256], "annotations": [{"nertag": "O"}]}, {"base_span": [2257, 2262], "annotations": [{"nertag": "O"}]}, {"base_span": [2263, 2265], "annotations": [{"nertag": "O"}]}, {"base_span": [2266, 2269], "annotations": [{"nertag": "O"}]}, {"base_span": [2270, 2276], "annotations": [{"nertag": "O"}]}, {"base_span": [2277, 2284], "annotations": [{"nertag": "O"}]}, {"base_span": [2285, 2290], "annotations": [{"nertag": "O"}]}, {"base_span": [2291, 2297], "annotations": [{"nertag": "O"}]}, {"base_span": [2297, 2298], "annotations": [{"nertag": "O"}]}, {"base_span": [2298, 2304], "annotations": [{"nertag": "O"}]}, {"base_span": [2305, 2314], "annotations": [{"nertag": "O"}]}, {"base_span": [2315, 2320], "annotations": [{"nertag": "O"}]}, {"base_span": [2321, 2325], "annotations": [{"nertag": "O"}]}, {"base_span": [2326, 2331], "annotations": [{"nertag": "O"}]}, {"base_span": [2331, 2332], "annotations": [{"nertag": "O"}]}, {"base_span": [2332, 2334], "annotations": [{"nertag": "O"}]}, {"base_span": [2335, 2343], "annotations": [{"nertag": "O"}]}, {"base_span": [2343, 2344], "annotations": [{"nertag": "O"}]}, {"base_span": [2344, 2350], "annotations": [{"nertag": "O"}]}, {"base_span": [2351, 2356], "annotations": [{"nertag": "O"}]}, {"base_span": [2357, 2359], "annotations": [{"nertag": "O"}]}, {"base_span": [2360, 2368], "annotations": [{"nertag": "O"}]}, {"base_span": [2369, 2377], "annotations": [{"nertag": "O"}]}, {"base_span": [2378, 2383], "annotations": [{"nertag": "O"}]}, {"base_span": [2384, 2386], "annotations": [{"nertag": "O"}]}, {"base_span": [2387, 2398], "annotations": [{"nertag": "O"}]}, {"base_span": [2398, 2399], "annotations": [{"nertag": "O"}]}, {"base_span": [2399, 2401], "annotations": [{"nertag": "O"}]}, {"base_span": [2402, 2410], "annotations": [{"nertag": "O"}]}, {"base_span": [2411, 2413], "annotations": [{"nertag": "O"}]}, {"base_span": [2414, 2418], "annotations": [{"nertag": "O"}]}, {"base_span": [2419, 2428], "annotations": [{"nertag": "O"}]}, {"base_span": [2429, 2439], "annotations": [{"nertag": "O"}]}, {"base_span": [2440, 2445], "annotations": [{"nertag": "O"}]}, {"base_span": [2446, 2450], "annotations": [{"nertag": "O"}]}, {"base_span": [2451, 2456], "annotations": [{"nertag": "O"}]}, {"base_span": [2456, 2457], "annotations": [{"nertag": "O"}]}, {"base_span": [2457, 2461], "annotations": [{"nertag": "O"}]}, {"base_span": [2462, 2464], "annotations": [{"nertag": "O"}]}, {"base_span": [2465, 2469], "annotations": [{"nertag": "O"}]}, {"base_span": [2470, 2472], "annotations": [{"nertag": "O"}]}, {"base_span": [2473, 2477], "annotations": [{"nertag": "O"}]}, {"base_span": [2478, 2481], "annotations": [{"nertag": "O"}]}, {"base_span": [2482, 2486], "annotations": [{"nertag": "O"}]}, {"base_span": [2487, 2492], "annotations": [{"nertag": "O"}]}, {"base_span": [2493, 2495], "annotations": [{"nertag": "O"}]}, {"base_span": [2496, 2501], "annotations": [{"nertag": "O"}]}, {"base_span": [2502, 2508], "annotations": [{"nertag": "O"}]}, {"base_span": [2509, 2511], "annotations": [{"nertag": "O"}]}, {"base_span": [2512, 2516], "annotations": [{"nertag": "O"}]}, {"base_span": [2517, 2525], "annotations": [{"nertag": "O"}]}, {"base_span": [2525, 2526], "annotations": [{"nertag": "O"}]}, {"base_span": [2526, 2528], "annotations": [{"nertag": "O"}]}, {"base_span": [2529, 2535], "annotations": [{"nertag": "O"}]}, {"base_span": [2536, 2541], "annotations": [{"nertag": "B-PER"}]}, {"base_span": [2542, 2544], "annotations": [{"nertag": "O"}]}, {"base_span": [2545, 2551], "annotations": [{"nertag": "B-PER"}]}, {"base_span": [2552, 2557], "annotations": [{"nertag": "O"}]}, {"base_span": [2558, 2562], "annotations": [{"nertag": "O"}]}, {"base_span": [2563, 2570], "annotations": [{"nertag": "O"}]}, {"base_span": [2571, 2574], "annotations": [{"nertag": "O"}]}, {"base_span": [2575, 2583], "annotations": [{"nertag": "B-PER"}]}, {"base_span": [2584, 2586], "annotations": [{"nertag": "O"}]}, {"base_span": [2587, 2592], "annotations": [{"nertag": "O"}]}, {"base_span": [2593, 2602], "annotations": [{"nertag": "O"}]}, {"base_span": [2603, 2612], "annotations": [{"nertag": "O"}]}, {"base_span": [2612, 2613], "annotations": [{"nertag": "O"}]}, {"base_span": [2613, 2617], "annotations": [{"nertag": "O"}]}, {"base_span": [2618, 2620], "annotations": [{"nertag": "O"}]}, {"base_span": [2621, 2628], "annotations": [{"nertag": "B-PER"}]}, {"base_span": [2629, 2633], "annotations": [{"nertag": "O"}]}, {"base_span": [2634, 2639], "annotations": [{"nertag": "O"}]}, {"base_span": [2640, 2642], "annotations": [{"nertag": "O"}]}, {"base_span": [2643, 2647], "annotations": [{"nertag": "B-PER"}]}, {"base_span": [2648, 2653], "annotations": [{"nertag": "O"}]}, {"base_span": [2654, 2658], "annotations": [{"nertag": "O"}]}, {"base_span": [2659, 2661], "annotations": [{"nertag": "O"}]}, {"base_span": [2662, 2666], "annotations": [{"nertag": "O"}]}, {"base_span": [2667, 2671], "annotations": [{"nertag": "O"}]}, {"base_span": [2672, 2677], "annotations": [{"nertag": "O"}]}, {"base_span": [2678, 2684], "annotations": [{"nertag": "O"}]}, {"base_span": [2685, 2690], "annotations": [{"nertag": "O"}]}, {"base_span": [2690, 2691], "annotations": [{"nertag": "O"}]}, {"base_span": [2691, 2694], "annotations": [{"nertag": "O"}]}, {"base_span": [2695, 2700], "annotations": [{"nertag": "O"}]}, {"base_span": [2701, 2706], "annotations": [{"nertag": "O"}]}, {"base_span": [2707, 2712], "annotations": [{"nertag": "O"}]}, {"base_span": [2713, 2722], "annotations": [{"nertag": "O"}]}, {"base_span": [2723, 2730], "annotations": [{"nertag": "O"}]}, {"base_span": [2730, 2731], "annotations": [{"nertag": "O"}]}, {"base_span": [2731, 2739], "annotations": [{"nertag": "O"}]}, {"base_span": [2740, 2744], "annotations": [{"nertag": "O"}]}, {"base_span": [2744, 2745], "annotations": [{"nertag": "O"}]}]}]}