{"text": "\n1) Tulli Lohho Koolmeister Jaan Mennik kohto ette, ja tunnistas, kui temma Lohhule tulli ei polnud temmal essimesse aasta rukkist mitte (maas) leikada olnud, egga polnud ka sönnikud ruki pöllule panna siis, kuida issi rukki teggi. Ja selle ette lubbas, selle aegne Tallitaja Hans Torri, siis kui koolmeister Jaan Mennik peaks tahtma ärra minna Lohhult, siis on temmal õigus wiimse aasta rukkis (kui ta põllul küpseks saab) perrida. Ja omma sõnniko woib koolmeister Jaan Mennik ka perrida.\n\n2) Sai Koolmeister Jaan Mennik Lohho koggukonna kirjutajaks Wollimeestest wallitud, ja Wollimehhed märasid, et Kirjutaja Jaan Mennik saab palka (9) ühheksa pütti, ehk Osmini rukkid aastas. Omma aastat akkas te tenima 1mesest Aprillist 1868.\n\nWollimehed Hans Ewart xxx, Mihkel Stroh xxx, Jürri Tisler xxx\n\n\n", "meta": {"origin_directory": "vallakohus_kolmas/"}, "layers": [{"name": "gold_ner", "attributes": ["nertag"], "parent": null, "enveloping": null, "ambiguous": false, "serialisation_module": null, "meta": {}, "spans": [{"base_span": [10, 15], "annotations": [{"nertag": "LOC_ORG"}]}, {"base_span": [28, 39], "annotations": [{"nertag": "PER"}]}, {"base_span": [76, 83], "annotations": [{"nertag": "LOC_ORG"}]}, {"base_span": [276, 286], "annotations": [{"nertag": "PER"}]}, {"base_span": [309, 320], "annotations": [{"nertag": "PER"}]}, {"base_span": [345, 352], "annotations": [{"nertag": "LOC_ORG"}]}, {"base_span": [466, 477], "annotations": [{"nertag": "PER"}]}, {"base_span": [510, 521], "annotations": [{"nertag": "PER"}]}, {"base_span": [522, 538], "annotations": [{"nertag": "LOC_ORG"}]}, {"base_span": [612, 623], "annotations": [{"nertag": "PER"}]}, {"base_span": [744, 754], "annotations": [{"nertag": "PER"}]}, {"base_span": [760, 772], "annotations": [{"nertag": "PER"}]}, {"base_span": [778, 790], "annotations": [{"nertag": "PER"}]}]}, {"name": "gold_wordner", "attributes": ["nertag"], "parent": null, "enveloping": null, "ambiguous": false, "serialisation_module": null, "meta": {}, "spans": [{"base_span": [1, 2], "annotations": [{"nertag": "O"}]}, {"base_span": [2, 3], "annotations": [{"nertag": "O"}]}, {"base_span": [4, 9], "annotations": [{"nertag": "O"}]}, {"base_span": [10, 15], "annotations": [{"nertag": "B-LOC_ORG"}]}, {"base_span": [16, 27], "annotations": [{"nertag": "O"}]}, {"base_span": [28, 32], "annotations": [{"nertag": "B-PER"}]}, {"base_span": [33, 39], "annotations": [{"nertag": "I-PER"}]}, {"base_span": [40, 45], "annotations": [{"nertag": "O"}]}, {"base_span": [46, 50], "annotations": [{"nertag": "O"}]}, {"base_span": [50, 51], "annotations": [{"nertag": "O"}]}, {"base_span": [52, 54], "annotations": [{"nertag": "O"}]}, {"base_span": [55, 64], "annotations": [{"nertag": "O"}]}, {"base_span": [64, 65], "annotations": [{"nertag": "O"}]}, {"base_span": [66, 69], "annotations": [{"nertag": "O"}]}, {"base_span": [70, 75], "annotations": [{"nertag": "O"}]}, {"base_span": [76, 83], "annotations": [{"nertag": "B-LOC_ORG"}]}, {"base_span": [84, 89], "annotations": [{"nertag": "O"}]}, {"base_span": [90, 92], "annotations": [{"nertag": "O"}]}, {"base_span": [93, 99], "annotations": [{"nertag": "O"}]}, {"base_span": [100, 106], "annotations": [{"nertag": "O"}]}, {"base_span": [107, 116], "annotations": [{"nertag": "O"}]}, {"base_span": [117, 122], "annotations": [{"nertag": "O"}]}, {"base_span": [123, 130], "annotations": [{"nertag": "O"}]}, {"base_span": [131, 136], "annotations": [{"nertag": "O"}]}, {"base_span": [137, 138], "annotations": [{"nertag": "O"}]}, {"base_span": [138, 142], "annotations": [{"nertag": "O"}]}, {"base_span": [142, 143], "annotations": [{"nertag": "O"}]}, {"base_span": [144, 151], "annotations": [{"nertag": "O"}]}, {"base_span": [152, 157], "annotations": [{"nertag": "O"}]}, {"base_span": [157, 158], "annotations": [{"nertag": "O"}]}, {"base_span": [159, 163], "annotations": [{"nertag": "O"}]}, {"base_span": [164, 170], "annotations": [{"nertag": "O"}]}, {"base_span": [171, 173], "annotations": [{"nertag": "O"}]}, {"base_span": [174, 182], "annotations": [{"nertag": "O"}]}, {"base_span": [183, 187], "annotations": [{"nertag": "O"}]}, {"base_span": [188, 195], "annotations": [{"nertag": "O"}]}, {"base_span": [196, 201], "annotations": [{"nertag": "O"}]}, {"base_span": [202, 206], "annotations": [{"nertag": "O"}]}, {"base_span": [206, 207], "annotations": [{"nertag": "O"}]}, {"base_span": [208, 213], "annotations": [{"nertag": "O"}]}, {"base_span": [214, 218], "annotations": [{"nertag": "O"}]}, {"base_span": [219, 224], "annotations": [{"nertag": "O"}]}, {"base_span": [225, 230], "annotations": [{"nertag": "O"}]}, {"base_span": [230, 231], "annotations": [{"nertag": "O"}]}, {"base_span": [232, 234], "annotations": [{"nertag": "O"}]}, {"base_span": [235, 240], "annotations": [{"nertag": "O"}]}, {"base_span": [241, 245], "annotations": [{"nertag": "O"}]}, {"base_span": [246, 252], "annotations": [{"nertag": "O"}]}, {"base_span": [252, 253], "annotations": [{"nertag": "O"}]}, {"base_span": [254, 259], "annotations": [{"nertag": "O"}]}, {"base_span": [260, 265], "annotations": [{"nertag": "O"}]}, {"base_span": [266, 275], "annotations": [{"nertag": "O"}]}, {"base_span": [276, 280], "annotations": [{"nertag": "B-PER"}]}, {"base_span": [281, 286], "annotations": [{"nertag": "I-PER"}]}, {"base_span": [286, 287], "annotations": [{"nertag": "O"}]}, {"base_span": [288, 292], "annotations": [{"nertag": "O"}]}, {"base_span": [293, 296], "annotations": [{"nertag": "O"}]}, {"base_span": [297, 308], "annotations": [{"nertag": "O"}]}, {"base_span": [309, 313], "annotations": [{"nertag": "B-PER"}]}, {"base_span": [314, 320], "annotations": [{"nertag": "I-PER"}]}, {"base_span": [321, 326], "annotations": [{"nertag": "O"}]}, {"base_span": [327, 333], "annotations": [{"nertag": "O"}]}, {"base_span": [334, 338], "annotations": [{"nertag": "O"}]}, {"base_span": [339, 344], "annotations": [{"nertag": "O"}]}, {"base_span": [345, 352], "annotations": [{"nertag": "B-LOC_ORG"}]}, {"base_span": [352, 353], "annotations": [{"nertag": "O"}]}, {"base_span": [354, 358], "annotations": [{"nertag": "O"}]}, {"base_span": [359, 361], "annotations": [{"nertag": "O"}]}, {"base_span": [362, 368], "annotations": [{"nertag": "O"}]}, {"base_span": [369, 374], "annotations": [{"nertag": "O"}]}, {"base_span": [375, 381], "annotations": [{"nertag": "O"}]}, {"base_span": [382, 387], "annotations": [{"nertag": "O"}]}, {"base_span": [388, 394], "annotations": [{"nertag": "O"}]}, {"base_span": [395, 396], "annotations": [{"nertag": "O"}]}, {"base_span": [396, 399], "annotations": [{"nertag": "O"}]}, {"base_span": [400, 402], "annotations": [{"nertag": "O"}]}, {"base_span": [403, 409], "annotations": [{"nertag": "O"}]}, {"base_span": [410, 417], "annotations": [{"nertag": "O"}]}, {"base_span": [418, 422], "annotations": [{"nertag": "O"}]}, {"base_span": [422, 423], "annotations": [{"nertag": "O"}]}, {"base_span": [424, 431], "annotations": [{"nertag": "O"}]}, {"base_span": [431, 432], "annotations": [{"nertag": "O"}]}, {"base_span": [433, 435], "annotations": [{"nertag": "O"}]}, {"base_span": [436, 440], "annotations": [{"nertag": "O"}]}, {"base_span": [441, 448], "annotations": [{"nertag": "O"}]}, {"base_span": [449, 453], "annotations": [{"nertag": "O"}]}, {"base_span": [454, 465], "annotations": [{"nertag": "O"}]}, {"base_span": [466, 470], "annotations": [{"nertag": "B-PER"}]}, {"base_span": [471, 477], "annotations": [{"nertag": "I-PER"}]}, {"base_span": [478, 480], "annotations": [{"nertag": "O"}]}, {"base_span": [481, 488], "annotations": [{"nertag": "O"}]}, {"base_span": [488, 489], "annotations": [{"nertag": "O"}]}, {"base_span": [491, 492], "annotations": [{"nertag": "O"}]}, {"base_span": [492, 493], "annotations": [{"nertag": "O"}]}, {"base_span": [494, 497], "annotations": [{"nertag": "O"}]}, {"base_span": [498, 509], "annotations": [{"nertag": "O"}]}, {"base_span": [510, 514], "annotations": [{"nertag": "B-PER"}]}, {"base_span": [515, 521], "annotations": [{"nertag": "I-PER"}]}, {"base_span": [522, 527], "annotations": [{"nertag": "B-LOC_ORG"}]}, {"base_span": [528, 538], "annotations": [{"nertag": "I-LOC_ORG"}]}, {"base_span": [539, 550], "annotations": [{"nertag": "O"}]}, {"base_span": [551, 564], "annotations": [{"nertag": "O"}]}, {"base_span": [565, 573], "annotations": [{"nertag": "O"}]}, {"base_span": [573, 574], "annotations": [{"nertag": "O"}]}, {"base_span": [575, 577], "annotations": [{"nertag": "O"}]}, {"base_span": [578, 589], "annotations": [{"nertag": "O"}]}, {"base_span": [590, 597], "annotations": [{"nertag": "O"}]}, {"base_span": [597, 598], "annotations": [{"nertag": "O"}]}, {"base_span": [599, 601], "annotations": [{"nertag": "O"}]}, {"base_span": [602, 611], "annotations": [{"nertag": "O"}]}, {"base_span": [612, 616], "annotations": [{"nertag": "B-PER"}]}, {"base_span": [617, 623], "annotations": [{"nertag": "I-PER"}]}, {"base_span": [624, 628], "annotations": [{"nertag": "O"}]}, {"base_span": [629, 634], "annotations": [{"nertag": "O"}]}, {"base_span": [635, 636], "annotations": [{"nertag": "O"}]}, {"base_span": [636, 637], "annotations": [{"nertag": "O"}]}, {"base_span": [637, 638], "annotations": [{"nertag": "O"}]}, {"base_span": [639, 646], "annotations": [{"nertag": "O"}]}, {"base_span": [647, 652], "annotations": [{"nertag": "O"}]}, {"base_span": [652, 653], "annotations": [{"nertag": "O"}]}, {"base_span": [654, 657], "annotations": [{"nertag": "O"}]}, {"base_span": [658, 664], "annotations": [{"nertag": "O"}]}, {"base_span": [665, 671], "annotations": [{"nertag": "O"}]}, {"base_span": [672, 678], "annotations": [{"nertag": "O"}]}, {"base_span": [678, 679], "annotations": [{"nertag": "O"}]}, {"base_span": [680, 684], "annotations": [{"nertag": "O"}]}, {"base_span": [685, 691], "annotations": [{"nertag": "O"}]}, {"base_span": [692, 697], "annotations": [{"nertag": "O"}]}, {"base_span": [698, 700], "annotations": [{"nertag": "O"}]}, {"base_span": [701, 707], "annotations": [{"nertag": "O"}]}, {"base_span": [708, 715], "annotations": [{"nertag": "O"}]}, {"base_span": [716, 725], "annotations": [{"nertag": "O"}]}, {"base_span": [726, 731], "annotations": [{"nertag": "O"}]}, {"base_span": [733, 743], "annotations": [{"nertag": "O"}]}, {"base_span": [744, 748], "annotations": [{"nertag": "B-PER"}]}, {"base_span": [749, 754], "annotations": [{"nertag": "I-PER"}]}, {"base_span": [755, 758], "annotations": [{"nertag": "O"}]}, {"base_span": [758, 759], "annotations": [{"nertag": "O"}]}, {"base_span": [760, 766], "annotations": [{"nertag": "B-PER"}]}, {"base_span": [767, 772], "annotations": [{"nertag": "I-PER"}]}, {"base_span": [773, 776], "annotations": [{"nertag": "O"}]}, {"base_span": [776, 777], "annotations": [{"nertag": "O"}]}, {"base_span": [778, 783], "annotations": [{"nertag": "B-PER"}]}, {"base_span": [784, 790], "annotations": [{"nertag": "I-PER"}]}, {"base_span": [791, 794], "annotations": [{"nertag": "O"}]}]}]}