{"text": "\nKohtu korra pärast olid Rawila ja Palwere walla kohtuse,walla hoones kokku tulnud:\n\n                              Kohtu wanem Jaak Urgas\n\n                              Kõrwas mehed:Madis Weermann\n\n                                                         Hans Härg\n\n                              Kirjutaja J.Oleskin\n\n                   Hindrek Käit kaebab et temal on Wilohalika koolmeistre käest sada 1885 a.pearaha 3 rubla 61 kop.\n\nWilohalika koolmeister tunnistab et temal ei ole Hindrek Käitile miski maksu maksda aga kui kohus seda ei usu et ma olen maksnud sis mina maksan selle poole aasta pearaha mis tema minu jures oli 1 rub.80 kop.\n\n                                    Kohtu otsus.\n\nKohtu poolt sai mõistetud et koolmeister peab 1 rubla 80 kop.maksma se pärast et temal ei ole miski tunnistust et tema on maksnud.\n\n                              Kohtu wanem Jaak Urgas +++\n\n                              Kõrwas mehed Madis Weermann +++\n\n                                                         Hans Härg +++\n\n                              Kirjutaja J.Oleskin\n\n\n", "meta": {"origin_directory": "vallakohus_teine/"}, "layers": [{"name": "gold_ner", "attributes": ["nertag"], "parent": null, "enveloping": null, "ambiguous": false, "serialisation_module": null, "meta": {}, "spans": [{"base_span": [25, 56], "annotations": [{"nertag": "ORG"}]}, {"base_span": [127, 137], "annotations": [{"nertag": "PER"}]}, {"base_span": [182, 196], "annotations": [{"nertag": "PER"}]}, {"base_span": [255, 264], "annotations": [{"nertag": "PER"}]}, {"base_span": [306, 315], "annotations": [{"nertag": "PER"}]}, {"base_span": [336, 348], "annotations": [{"nertag": "PER"}]}, {"base_span": [368, 378], "annotations": [{"nertag": "LOC_ORG"}]}, {"base_span": [434, 444], "annotations": [{"nertag": "LOC_ORG"}]}, {"base_span": [483, 498], "annotations": [{"nertag": "PER"}]}, {"base_span": [868, 878], "annotations": [{"nertag": "PER"}]}, {"base_span": [927, 941], "annotations": [{"nertag": "PER"}]}, {"base_span": [1004, 1013], "annotations": [{"nertag": "PER"}]}, {"base_span": [1059, 1068], "annotations": [{"nertag": "PER"}]}]}, {"name": "gold_wordner", "attributes": ["nertag"], "parent": null, "enveloping": null, "ambiguous": false, "serialisation_module": null, "meta": {}, "spans": [{"base_span": [1, 6], "annotations": [{"nertag": "O"}]}, {"base_span": [7, 12], "annotations": [{"nertag": "O"}]}, {"base_span": [13, 19], "annotations": [{"nertag": "O"}]}, {"base_span": [20, 24], "annotations": [{"nertag": "O"}]}, {"base_span": [25, 31], "annotations": [{"nertag": "B-ORG"}]}, {"base_span": [32, 34], "annotations": [{"nertag": "I-ORG"}]}, {"base_span": [35, 42], "annotations": [{"nertag": "I-ORG"}]}, {"base_span": [43, 48], "annotations": [{"nertag": "I-ORG"}]}, {"base_span": [49, 56], "annotations": [{"nertag": "I-ORG"}]}, {"base_span": [56, 57], "annotations": [{"nertag": "O"}]}, {"base_span": [57, 62], "annotations": [{"nertag": "O"}]}, {"base_span": [63, 69], "annotations": [{"nertag": "O"}]}, {"base_span": [70, 75], "annotations": [{"nertag": "O"}]}, {"base_span": [76, 82], "annotations": [{"nertag": "O"}]}, {"base_span": [82, 83], "annotations": [{"nertag": "O"}]}, {"base_span": [115, 120], "annotations": [{"nertag": "O"}]}, {"base_span": [121, 126], "annotations": [{"nertag": "O"}]}, {"base_span": [127, 131], "annotations": [{"nertag": "B-PER"}]}, {"base_span": [132, 137], "annotations": [{"nertag": "I-PER"}]}, {"base_span": [169, 175], "annotations": [{"nertag": "O"}]}, {"base_span": [176, 181], "annotations": [{"nertag": "O"}]}, {"base_span": [181, 182], "annotations": [{"nertag": "O"}]}, {"base_span": [182, 187], "annotations": [{"nertag": "B-PER"}]}, {"base_span": [188, 196], "annotations": [{"nertag": "I-PER"}]}, {"base_span": [255, 259], "annotations": [{"nertag": "B-PER"}]}, {"base_span": [260, 264], "annotations": [{"nertag": "I-PER"}]}, {"base_span": [296, 305], "annotations": [{"nertag": "O"}]}, {"base_span": [306, 307], "annotations": [{"nertag": "B-PER"}]}, {"base_span": [307, 308], "annotations": [{"nertag": "I-PER"}]}, {"base_span": [308, 315], "annotations": [{"nertag": "I-PER"}]}, {"base_span": [336, 343], "annotations": [{"nertag": "B-PER"}]}, {"base_span": [344, 348], "annotations": [{"nertag": "I-PER"}]}, {"base_span": [349, 355], "annotations": [{"nertag": "O"}]}, {"base_span": [356, 358], "annotations": [{"nertag": "O"}]}, {"base_span": [359, 364], "annotations": [{"nertag": "O"}]}, {"base_span": [365, 367], "annotations": [{"nertag": "O"}]}, {"base_span": [368, 378], "annotations": [{"nertag": "B-LOC_ORG"}]}, {"base_span": [379, 390], "annotations": [{"nertag": "O"}]}, {"base_span": [391, 396], "annotations": [{"nertag": "O"}]}, {"base_span": [397, 401], "annotations": [{"nertag": "O"}]}, {"base_span": [402, 406], "annotations": [{"nertag": "O"}]}, {"base_span": [407, 408], "annotations": [{"nertag": "O"}]}, {"base_span": [408, 409], "annotations": [{"nertag": "O"}]}, {"base_span": [409, 416], "annotations": [{"nertag": "O"}]}, {"base_span": [417, 418], "annotations": [{"nertag": "O"}]}, {"base_span": [419, 424], "annotations": [{"nertag": "O"}]}, {"base_span": [425, 427], "annotations": [{"nertag": "O"}]}, {"base_span": [428, 431], "annotations": [{"nertag": "O"}]}, {"base_span": [431, 432], "annotations": [{"nertag": "O"}]}, {"base_span": [434, 444], "annotations": [{"nertag": "B-LOC_ORG"}]}, {"base_span": [445, 456], "annotations": [{"nertag": "O"}]}, {"base_span": [457, 466], "annotations": [{"nertag": "O"}]}, {"base_span": [467, 469], "annotations": [{"nertag": "O"}]}, {"base_span": [470, 475], "annotations": [{"nertag": "O"}]}, {"base_span": [476, 478], "annotations": [{"nertag": "O"}]}, {"base_span": [479, 482], "annotations": [{"nertag": "O"}]}, {"base_span": [483, 490], "annotations": [{"nertag": "B-PER"}]}, {"base_span": [491, 498], "annotations": [{"nertag": "I-PER"}]}, {"base_span": [499, 504], "annotations": [{"nertag": "O"}]}, {"base_span": [505, 510], "annotations": [{"nertag": "O"}]}, {"base_span": [511, 517], "annotations": [{"nertag": "O"}]}, {"base_span": [518, 521], "annotations": [{"nertag": "O"}]}, {"base_span": [522, 525], "annotations": [{"nertag": "O"}]}, {"base_span": [526, 531], "annotations": [{"nertag": "O"}]}, {"base_span": [532, 536], "annotations": [{"nertag": "O"}]}, {"base_span": [537, 539], "annotations": [{"nertag": "O"}]}, {"base_span": [540, 543], "annotations": [{"nertag": "O"}]}, {"base_span": [544, 546], "annotations": [{"nertag": "O"}]}, {"base_span": [547, 549], "annotations": [{"nertag": "O"}]}, {"base_span": [550, 554], "annotations": [{"nertag": "O"}]}, {"base_span": [555, 562], "annotations": [{"nertag": "O"}]}, {"base_span": [563, 566], "annotations": [{"nertag": "O"}]}, {"base_span": [567, 571], "annotations": [{"nertag": "O"}]}, {"base_span": [572, 578], "annotations": [{"nertag": "O"}]}, {"base_span": [579, 584], "annotations": [{"nertag": "O"}]}, {"base_span": [585, 590], "annotations": [{"nertag": "O"}]}, {"base_span": [591, 596], "annotations": [{"nertag": "O"}]}, {"base_span": [597, 604], "annotations": [{"nertag": "O"}]}, {"base_span": [605, 608], "annotations": [{"nertag": "O"}]}, {"base_span": [609, 613], "annotations": [{"nertag": "O"}]}, {"base_span": [614, 618], "annotations": [{"nertag": "O"}]}, {"base_span": [619, 624], "annotations": [{"nertag": "O"}]}, {"base_span": [625, 628], "annotations": [{"nertag": "O"}]}, {"base_span": [629, 630], "annotations": [{"nertag": "O"}]}, {"base_span": [631, 634], "annotations": [{"nertag": "O"}]}, {"base_span": [634, 635], "annotations": [{"nertag": "O"}]}, {"base_span": [635, 637], "annotations": [{"nertag": "O"}]}, {"base_span": [638, 641], "annotations": [{"nertag": "O"}]}, {"base_span": [641, 642], "annotations": [{"nertag": "O"}]}, {"base_span": [680, 685], "annotations": [{"nertag": "O"}]}, {"base_span": [686, 691], "annotations": [{"nertag": "O"}]}, {"base_span": [691, 692], "annotations": [{"nertag": "O"}]}, {"base_span": [694, 699], "annotations": [{"nertag": "O"}]}, {"base_span": [700, 705], "annotations": [{"nertag": "O"}]}, {"base_span": [706, 709], "annotations": [{"nertag": "O"}]}, {"base_span": [710, 719], "annotations": [{"nertag": "O"}]}, {"base_span": [720, 722], "annotations": [{"nertag": "O"}]}, {"base_span": [723, 734], "annotations": [{"nertag": "O"}]}, {"base_span": [735, 739], "annotations": [{"nertag": "O"}]}, {"base_span": [740, 741], "annotations": [{"nertag": "O"}]}, {"base_span": [742, 747], "annotations": [{"nertag": "O"}]}, {"base_span": [748, 750], "annotations": [{"nertag": "O"}]}, {"base_span": [751, 754], "annotations": [{"nertag": "O"}]}, {"base_span": [754, 755], "annotations": [{"nertag": "O"}]}, {"base_span": [755, 761], "annotations": [{"nertag": "O"}]}, {"base_span": [762, 764], "annotations": [{"nertag": "O"}]}, {"base_span": [765, 771], "annotations": [{"nertag": "O"}]}, {"base_span": [772, 774], "annotations": [{"nertag": "O"}]}, {"base_span": [775, 780], "annotations": [{"nertag": "O"}]}, {"base_span": [781, 783], "annotations": [{"nertag": "O"}]}, {"base_span": [784, 787], "annotations": [{"nertag": "O"}]}, {"base_span": [788, 793], "annotations": [{"nertag": "O"}]}, {"base_span": [794, 804], "annotations": [{"nertag": "O"}]}, {"base_span": [805, 807], "annotations": [{"nertag": "O"}]}, {"base_span": [808, 812], "annotations": [{"nertag": "O"}]}, {"base_span": [813, 815], "annotations": [{"nertag": "O"}]}, {"base_span": [816, 823], "annotations": [{"nertag": "O"}]}, {"base_span": [823, 824], "annotations": [{"nertag": "O"}]}, {"base_span": [856, 861], "annotations": [{"nertag": "O"}]}, {"base_span": [862, 867], "annotations": [{"nertag": "O"}]}, {"base_span": [868, 872], "annotations": [{"nertag": "B-PER"}]}, {"base_span": [873, 878], "annotations": [{"nertag": "I-PER"}]}, {"base_span": [879, 880], "annotations": [{"nertag": "O"}]}, {"base_span": [880, 881], "annotations": [{"nertag": "O"}]}, {"base_span": [881, 882], "annotations": [{"nertag": "O"}]}, {"base_span": [914, 920], "annotations": [{"nertag": "O"}]}, {"base_span": [921, 926], "annotations": [{"nertag": "O"}]}, {"base_span": [927, 932], "annotations": [{"nertag": "B-PER"}]}, {"base_span": [933, 941], "annotations": [{"nertag": "I-PER"}]}, {"base_span": [942, 943], "annotations": [{"nertag": "O"}]}, {"base_span": [943, 944], "annotations": [{"nertag": "O"}]}, {"base_span": [944, 945], "annotations": [{"nertag": "O"}]}, {"base_span": [1004, 1008], "annotations": [{"nertag": "B-PER"}]}, {"base_span": [1009, 1013], "annotations": [{"nertag": "I-PER"}]}, {"base_span": [1014, 1015], "annotations": [{"nertag": "O"}]}, {"base_span": [1015, 1016], "annotations": [{"nertag": "O"}]}, {"base_span": [1016, 1017], "annotations": [{"nertag": "O"}]}, {"base_span": [1049, 1058], "annotations": [{"nertag": "O"}]}, {"base_span": [1059, 1060], "annotations": [{"nertag": "B-PER"}]}, {"base_span": [1060, 1061], "annotations": [{"nertag": "I-PER"}]}, {"base_span": [1061, 1068], "annotations": [{"nertag": "I-PER"}]}]}]}