{"text": "Kohtu korra pärast olid kokku tulnud Pea wanem: A. Pechmann\nKõrwamehed J Pechmann, J. Poomann\nNimetatud päewal ei tulnud midagi kaebtust ette.\nPeawanem: A. Pechmann xxx\nKõrwamehed J Pechmannx+++, J. Poomann +++\nKirjutaja M. Treuholdt\n\nKihelkonna kohto herra poolest läbbi waadatud ja leitsin: 1) et koik Walla kohto poolestmmoistetudmtrahwi Rahhad weel maksmatamon: ja annan Walla Kohtomeestelemnelli naddalid aega et sella aia sees nendenmoistmine taidetud on. Walla Pea kohtomees tulleb pärrast sedda aega Kih. Kohtosse teadust andma, kas nendo kohtomoistmised on rahhaga wälja maksetud.\nWore moisas E v ZurMühlen\n2? Närikuu päwat Keila Kih K Pea Herra\n(allkiri)\n\n", "meta": {"origin_directory": "vallakohus_esimene/"}, "layers": [{"name": "gold_ner", "attributes": ["nertag"], "parent": null, "enveloping": null, "ambiguous": false, "serialisation_module": null, "meta": {}, "spans": [{"base_span": [48, 59], "annotations": [{"nertag": "PER"}]}, {"base_span": [71, 81], "annotations": [{"nertag": "PER"}]}, {"base_span": [83, 93], "annotations": [{"nertag": "PER"}]}, {"base_span": [153, 164], "annotations": [{"nertag": "PER"}]}, {"base_span": [180, 190], "annotations": [{"nertag": "PER"}]}, {"base_span": [196, 206], "annotations": [{"nertag": "PER"}]}, {"base_span": [221, 233], "annotations": [{"nertag": "PER"}]}, {"base_span": [590, 601], "annotations": [{"nertag": "LOC_ORG"}]}, {"base_span": [602, 615], "annotations": [{"nertag": "PER"}]}, {"base_span": [633, 644], "annotations": [{"nertag": "LOC_ORG"}]}]}, {"name": "gold_wordner", "attributes": ["nertag"], "parent": null, "enveloping": null, "ambiguous": false, "serialisation_module": null, "meta": {}, "spans": [{"base_span": [0, 5], "annotations": [{"nertag": "O"}]}, {"base_span": [6, 11], "annotations": [{"nertag": "O"}]}, {"base_span": [12, 18], "annotations": [{"nertag": "O"}]}, {"base_span": [19, 23], "annotations": [{"nertag": "O"}]}, {"base_span": [24, 29], "annotations": [{"nertag": "O"}]}, {"base_span": [30, 36], "annotations": [{"nertag": "O"}]}, {"base_span": [37, 40], "annotations": [{"nertag": "O"}]}, {"base_span": [41, 46], "annotations": [{"nertag": "O"}]}, {"base_span": [46, 47], "annotations": [{"nertag": "O"}]}, {"base_span": [48, 49], "annotations": [{"nertag": "B-PER"}]}, {"base_span": [49, 50], "annotations": [{"nertag": "I-PER"}]}, {"base_span": [51, 59], "annotations": [{"nertag": "I-PER"}]}, {"base_span": [60, 70], "annotations": [{"nertag": "O"}]}, {"base_span": [71, 72], "annotations": [{"nertag": "B-PER"}]}, {"base_span": [73, 81], "annotations": [{"nertag": "I-PER"}]}, {"base_span": [81, 82], "annotations": [{"nertag": "O"}]}, {"base_span": [83, 84], "annotations": [{"nertag": "B-PER"}]}, {"base_span": [84, 85], "annotations": [{"nertag": "I-PER"}]}, {"base_span": [86, 93], "annotations": [{"nertag": "I-PER"}]}, {"base_span": [94, 103], "annotations": [{"nertag": "O"}]}, {"base_span": [104, 110], "annotations": [{"nertag": "O"}]}, {"base_span": [111, 113], "annotations": [{"nertag": "O"}]}, {"base_span": [114, 120], "annotations": [{"nertag": "O"}]}, {"base_span": [121, 127], "annotations": [{"nertag": "O"}]}, {"base_span": [128, 136], "annotations": [{"nertag": "O"}]}, {"base_span": [137, 141], "annotations": [{"nertag": "O"}]}, {"base_span": [141, 142], "annotations": [{"nertag": "O"}]}, {"base_span": [143, 151], "annotations": [{"nertag": "O"}]}, {"base_span": [151, 152], "annotations": [{"nertag": "O"}]}, {"base_span": [153, 154], "annotations": [{"nertag": "B-PER"}]}, {"base_span": [154, 155], "annotations": [{"nertag": "I-PER"}]}, {"base_span": [156, 164], "annotations": [{"nertag": "I-PER"}]}, {"base_span": [165, 168], "annotations": [{"nertag": "O"}]}, {"base_span": [169, 179], "annotations": [{"nertag": "O"}]}, {"base_span": [180, 181], "annotations": [{"nertag": "B-PER"}]}, {"base_span": [182, 190], "annotations": [{"nertag": "I-PER"}]}, {"base_span": [190, 191], "annotations": [{"nertag": "O"}]}, {"base_span": [191, 192], "annotations": [{"nertag": "O"}]}, {"base_span": [192, 193], "annotations": [{"nertag": "O"}]}, {"base_span": [193, 194], "annotations": [{"nertag": "O"}]}, {"base_span": [194, 195], "annotations": [{"nertag": "O"}]}, {"base_span": [196, 197], "annotations": [{"nertag": "B-PER"}]}, {"base_span": [197, 198], "annotations": [{"nertag": "I-PER"}]}, {"base_span": [199, 206], "annotations": [{"nertag": "I-PER"}]}, {"base_span": [207, 208], "annotations": [{"nertag": "O"}]}, {"base_span": [208, 209], "annotations": [{"nertag": "O"}]}, {"base_span": [209, 210], "annotations": [{"nertag": "O"}]}, {"base_span": [211, 220], "annotations": [{"nertag": "O"}]}, {"base_span": [221, 222], "annotations": [{"nertag": "B-PER"}]}, {"base_span": [222, 223], "annotations": [{"nertag": "I-PER"}]}, {"base_span": [224, 233], "annotations": [{"nertag": "I-PER"}]}, {"base_span": [235, 245], "annotations": [{"nertag": "O"}]}, {"base_span": [246, 251], "annotations": [{"nertag": "O"}]}, {"base_span": [252, 257], "annotations": [{"nertag": "O"}]}, {"base_span": [258, 265], "annotations": [{"nertag": "O"}]}, {"base_span": [266, 271], "annotations": [{"nertag": "O"}]}, {"base_span": [272, 280], "annotations": [{"nertag": "O"}]}, {"base_span": [281, 283], "annotations": [{"nertag": "O"}]}, {"base_span": [284, 291], "annotations": [{"nertag": "O"}]}, {"base_span": [291, 292], "annotations": [{"nertag": "O"}]}, {"base_span": [293, 294], "annotations": [{"nertag": "O"}]}, {"base_span": [294, 295], "annotations": [{"nertag": "O"}]}, {"base_span": [296, 298], "annotations": [{"nertag": "O"}]}, {"base_span": [299, 303], "annotations": [{"nertag": "O"}]}, {"base_span": [304, 309], "annotations": [{"nertag": "O"}]}, {"base_span": [310, 315], "annotations": [{"nertag": "O"}]}, {"base_span": [316, 340], "annotations": [{"nertag": "O"}]}, {"base_span": [341, 347], "annotations": [{"nertag": "O"}]}, {"base_span": [348, 352], "annotations": [{"nertag": "O"}]}, {"base_span": [353, 364], "annotations": [{"nertag": "O"}]}, {"base_span": [364, 365], "annotations": [{"nertag": "O"}]}, {"base_span": [366, 368], "annotations": [{"nertag": "O"}]}, {"base_span": [369, 374], "annotations": [{"nertag": "O"}]}, {"base_span": [375, 380], "annotations": [{"nertag": "O"}]}, {"base_span": [381, 400], "annotations": [{"nertag": "O"}]}, {"base_span": [401, 409], "annotations": [{"nertag": "O"}]}, {"base_span": [410, 414], "annotations": [{"nertag": "O"}]}, {"base_span": [415, 417], "annotations": [{"nertag": "O"}]}, {"base_span": [418, 423], "annotations": [{"nertag": "O"}]}, {"base_span": [424, 427], "annotations": [{"nertag": "O"}]}, {"base_span": [428, 432], "annotations": [{"nertag": "O"}]}, {"base_span": [433, 448], "annotations": [{"nertag": "O"}]}, {"base_span": [449, 457], "annotations": [{"nertag": "O"}]}, {"base_span": [458, 460], "annotations": [{"nertag": "O"}]}, {"base_span": [460, 461], "annotations": [{"nertag": "O"}]}, {"base_span": [462, 467], "annotations": [{"nertag": "O"}]}, {"base_span": [468, 471], "annotations": [{"nertag": "O"}]}, {"base_span": [472, 481], "annotations": [{"nertag": "O"}]}, {"base_span": [482, 488], "annotations": [{"nertag": "O"}]}, {"base_span": [489, 496], "annotations": [{"nertag": "O"}]}, {"base_span": [497, 502], "annotations": [{"nertag": "O"}]}, {"base_span": [503, 507], "annotations": [{"nertag": "O"}]}, {"base_span": [508, 511], "annotations": [{"nertag": "O"}]}, {"base_span": [511, 512], "annotations": [{"nertag": "O"}]}, {"base_span": [513, 521], "annotations": [{"nertag": "O"}]}, {"base_span": [522, 529], "annotations": [{"nertag": "O"}]}, {"base_span": [530, 535], "annotations": [{"nertag": "O"}]}, {"base_span": [535, 536], "annotations": [{"nertag": "O"}]}, {"base_span": [537, 540], "annotations": [{"nertag": "O"}]}, {"base_span": [541, 546], "annotations": [{"nertag": "O"}]}, {"base_span": [547, 562], "annotations": [{"nertag": "O"}]}, {"base_span": [563, 565], "annotations": [{"nertag": "O"}]}, {"base_span": [566, 573], "annotations": [{"nertag": "O"}]}, {"base_span": [574, 579], "annotations": [{"nertag": "O"}]}, {"base_span": [580, 588], "annotations": [{"nertag": "O"}]}, {"base_span": [588, 589], "annotations": [{"nertag": "O"}]}, {"base_span": [590, 594], "annotations": [{"nertag": "B-LOC_ORG"}]}, {"base_span": [595, 601], "annotations": [{"nertag": "I-LOC_ORG"}]}, {"base_span": [602, 603], "annotations": [{"nertag": "B-PER"}]}, {"base_span": [604, 605], "annotations": [{"nertag": "I-PER"}]}, {"base_span": [606, 609], "annotations": [{"nertag": "I-PER"}]}, {"base_span": [609, 615], "annotations": [{"nertag": "I-PER"}]}, {"base_span": [616, 617], "annotations": [{"nertag": "O"}]}, {"base_span": [617, 618], "annotations": [{"nertag": "O"}]}, {"base_span": [619, 626], "annotations": [{"nertag": "O"}]}, {"base_span": [627, 632], "annotations": [{"nertag": "O"}]}, {"base_span": [633, 638], "annotations": [{"nertag": "B-LOC_ORG"}]}, {"base_span": [639, 642], "annotations": [{"nertag": "I-LOC_ORG"}]}, {"base_span": [643, 644], "annotations": [{"nertag": "I-LOC_ORG"}]}, {"base_span": [645, 648], "annotations": [{"nertag": "O"}]}, {"base_span": [649, 654], "annotations": [{"nertag": "O"}]}, {"base_span": [655, 656], "annotations": [{"nertag": "O"}]}, {"base_span": [656, 663], "annotations": [{"nertag": "O"}]}, {"base_span": [663, 664], "annotations": [{"nertag": "O"}]}]}]}