{"text": "\nKohtu korra pärast olid Kaiu walla kohtusse walla honese kokku tulnud:\n\nKohtu wanem: Jaan Wiiron\n\n1, kohtu körwamees: Toomas Rassohw\n\n2, kohtu körwamees: Mart Pauls\n\nKirjutaja: Kaarel Kaasik\n\nAn Niimann kaebab, et perenaene Mari Trost laskis mind poole aasta pealt teenistusest lahti, et sulane minule koppika eest saia andi ja nüid ei maksa tema minule aastast kaubeldud palka kätte, 3 willu, 15 künart linast riiet 3 takust, 4 rubla linade raha, 5 rubla kuue raha, üks takune seelik, ja lubas mind leritada, kätte olen sest palgast 10 kunart linast riiet 1 1/4 willu, poolwillane jäk. Priidik Jögebert kuulis küll seda kui perenaene mind käskis teenistusest ära minna.\n\nWiluhansu perenene Mari Trost ütles: tütruk An Niimann ütles minule, Kui mina niialw oln, et mina selle koppikulse saia sulase käest sain, siis lähen mina ära, selle peale ütlesin mina tutrukule, mine siit ära. Tutruk An Niimann ütles, mina ei ütlend mitte seda wiisi kudas perenaene räägib, mina ütlesin perenaesele, sa oled nagu kerge pea, et sina nüid selle pärast pahanda, et sulane minule ühe koppika eest saia andis, siis ütles perenaene minule, mis sina siin kerge pea juures wahid, mine sina siit ära, siis laksin mna teenistusest ära. Perenaene ütles: Mina lasksin teda teenistusest lahti, kuida wõin mina siis temale poole aasta teenistuse eest täie aasta palga maksta.\n\nKaemees Priidik Jögibert tunnistas perenaene ütles tütrukule, mine ära siit ja tütruk ütles wastu eksma siis lähä, muud midagi ei tea mina rääkida.\n\nKohus moistis perenaese ütluse ja Priidik Jögiberti tunnistuse peale, perenaene maksab, tütruk An Niimannile aastase kaubeldud palga, mis weel saamata on, 1 3/4 lamba will, 5 küinart linast ja 13 kuinart takust riet, 4 rubla lina ja 5 rubla kuue raha, et küll pool aastat on teenimata, jäänud, sest et sa isi teda teenistusest poole aasta pealt lahti lasksid.\n\n\n", "meta": {"origin_directory": "vallakohus_kolmas/"}, "layers": [{"name": "gold_ner", "attributes": ["nertag"], "parent": null, "enveloping": null, "ambiguous": false, "serialisation_module": null, "meta": {}, "spans": [{"base_span": [25, 44], "annotations": [{"nertag": "ORG"}]}, {"base_span": [86, 97], "annotations": [{"nertag": "PER"}]}, {"base_span": [119, 133], "annotations": [{"nertag": "PER"}]}, {"base_span": [155, 165], "annotations": [{"nertag": "PER"}]}, {"base_span": [178, 191], "annotations": [{"nertag": "PER"}]}, {"base_span": [193, 203], "annotations": [{"nertag": "PER"}]}, {"base_span": [225, 235], "annotations": [{"nertag": "PER"}]}, {"base_span": [588, 604], "annotations": [{"nertag": "PER"}]}, {"base_span": [673, 682], "annotations": [{"nertag": "LOC_ORG"}]}, {"base_span": [692, 702], "annotations": [{"nertag": "PER"}]}, {"base_span": [717, 727], "annotations": [{"nertag": "PER"}]}, {"base_span": [891, 901], "annotations": [{"nertag": "PER"}]}, {"base_span": [1362, 1378], "annotations": [{"nertag": "PER"}]}, {"base_span": [1537, 1554], "annotations": [{"nertag": "PER"}]}, {"base_span": [1598, 1611], "annotations": [{"nertag": "PER"}]}]}, {"name": "gold_wordner", "attributes": ["nertag"], "parent": null, "enveloping": null, "ambiguous": false, "serialisation_module": null, "meta": {}, "spans": [{"base_span": [1, 6], "annotations": [{"nertag": "O"}]}, {"base_span": [7, 12], "annotations": [{"nertag": "O"}]}, {"base_span": [13, 19], "annotations": [{"nertag": "O"}]}, {"base_span": [20, 24], "annotations": [{"nertag": "O"}]}, {"base_span": [25, 29], "annotations": [{"nertag": "B-ORG"}]}, {"base_span": [30, 35], "annotations": [{"nertag": "I-ORG"}]}, {"base_span": [36, 44], "annotations": [{"nertag": "I-ORG"}]}, {"base_span": [45, 50], "annotations": [{"nertag": "O"}]}, {"base_span": [51, 57], "annotations": [{"nertag": "O"}]}, {"base_span": [58, 63], "annotations": [{"nertag": "O"}]}, {"base_span": [64, 70], "annotations": [{"nertag": "O"}]}, {"base_span": [70, 71], "annotations": [{"nertag": "O"}]}, {"base_span": [73, 78], "annotations": [{"nertag": "O"}]}, {"base_span": [79, 84], "annotations": [{"nertag": "O"}]}, {"base_span": [84, 85], "annotations": [{"nertag": "O"}]}, {"base_span": [86, 90], "annotations": [{"nertag": "B-PER"}]}, {"base_span": [91, 97], "annotations": [{"nertag": "I-PER"}]}, {"base_span": [99, 100], "annotations": [{"nertag": "O"}]}, {"base_span": [100, 101], "annotations": [{"nertag": "O"}]}, {"base_span": [102, 107], "annotations": [{"nertag": "O"}]}, {"base_span": [108, 117], "annotations": [{"nertag": "O"}]}, {"base_span": [117, 118], "annotations": [{"nertag": "O"}]}, {"base_span": [119, 125], "annotations": [{"nertag": "B-PER"}]}, {"base_span": [126, 133], "annotations": [{"nertag": "I-PER"}]}, {"base_span": [135, 136], "annotations": [{"nertag": "O"}]}, {"base_span": [136, 137], "annotations": [{"nertag": "O"}]}, {"base_span": [138, 143], "annotations": [{"nertag": "O"}]}, {"base_span": [144, 153], "annotations": [{"nertag": "O"}]}, {"base_span": [153, 154], "annotations": [{"nertag": "O"}]}, {"base_span": [155, 159], "annotations": [{"nertag": "B-PER"}]}, {"base_span": [160, 165], "annotations": [{"nertag": "I-PER"}]}, {"base_span": [167, 176], "annotations": [{"nertag": "O"}]}, {"base_span": [176, 177], "annotations": [{"nertag": "O"}]}, {"base_span": [178, 184], "annotations": [{"nertag": "B-PER"}]}, {"base_span": [185, 191], "annotations": [{"nertag": "I-PER"}]}, {"base_span": [193, 195], "annotations": [{"nertag": "B-PER"}]}, {"base_span": [196, 203], "annotations": [{"nertag": "I-PER"}]}, {"base_span": [204, 210], "annotations": [{"nertag": "O"}]}, {"base_span": [210, 211], "annotations": [{"nertag": "O"}]}, {"base_span": [212, 214], "annotations": [{"nertag": "O"}]}, {"base_span": [215, 224], "annotations": [{"nertag": "O"}]}, {"base_span": [225, 229], "annotations": [{"nertag": "B-PER"}]}, {"base_span": [230, 235], "annotations": [{"nertag": "I-PER"}]}, {"base_span": [236, 242], "annotations": [{"nertag": "O"}]}, {"base_span": [243, 247], "annotations": [{"nertag": "O"}]}, {"base_span": [248, 253], "annotations": [{"nertag": "O"}]}, {"base_span": [254, 259], "annotations": [{"nertag": "O"}]}, {"base_span": [260, 265], "annotations": [{"nertag": "O"}]}, {"base_span": [266, 278], "annotations": [{"nertag": "O"}]}, {"base_span": [279, 284], "annotations": [{"nertag": "O"}]}, {"base_span": [284, 285], "annotations": [{"nertag": "O"}]}, {"base_span": [286, 288], "annotations": [{"nertag": "O"}]}, {"base_span": [289, 295], "annotations": [{"nertag": "O"}]}, {"base_span": [296, 302], "annotations": [{"nertag": "O"}]}, {"base_span": [303, 310], "annotations": [{"nertag": "O"}]}, {"base_span": [311, 315], "annotations": [{"nertag": "O"}]}, {"base_span": [316, 320], "annotations": [{"nertag": "O"}]}, {"base_span": [321, 325], "annotations": [{"nertag": "O"}]}, {"base_span": [326, 328], "annotations": [{"nertag": "O"}]}, {"base_span": [329, 333], "annotations": [{"nertag": "O"}]}, {"base_span": [334, 336], "annotations": [{"nertag": "O"}]}, {"base_span": [337, 342], "annotations": [{"nertag": "O"}]}, {"base_span": [343, 347], "annotations": [{"nertag": "O"}]}, {"base_span": [348, 354], "annotations": [{"nertag": "O"}]}, {"base_span": [355, 362], "annotations": [{"nertag": "O"}]}, {"base_span": [363, 372], "annotations": [{"nertag": "O"}]}, {"base_span": [373, 378], "annotations": [{"nertag": "O"}]}, {"base_span": [379, 384], "annotations": [{"nertag": "O"}]}, {"base_span": [384, 385], "annotations": [{"nertag": "O"}]}, {"base_span": [386, 387], "annotations": [{"nertag": "O"}]}, {"base_span": [388, 393], "annotations": [{"nertag": "O"}]}, {"base_span": [393, 394], "annotations": [{"nertag": "O"}]}, {"base_span": [395, 397], "annotations": [{"nertag": "O"}]}, {"base_span": [398, 404], "annotations": [{"nertag": "O"}]}, {"base_span": [405, 411], "annotations": [{"nertag": "O"}]}, {"base_span": [412, 417], "annotations": [{"nertag": "O"}]}, {"base_span": [418, 419], "annotations": [{"nertag": "O"}]}, {"base_span": [420, 426], "annotations": [{"nertag": "O"}]}, {"base_span": [426, 427], "annotations": [{"nertag": "O"}]}, {"base_span": [428, 429], "annotations": [{"nertag": "O"}]}, {"base_span": [430, 435], "annotations": [{"nertag": "O"}]}, {"base_span": [436, 442], "annotations": [{"nertag": "O"}]}, {"base_span": [443, 447], "annotations": [{"nertag": "O"}]}, {"base_span": [447, 448], "annotations": [{"nertag": "O"}]}, {"base_span": [449, 450], "annotations": [{"nertag": "O"}]}, {"base_span": [451, 456], "annotations": [{"nertag": "O"}]}, {"base_span": [457, 461], "annotations": [{"nertag": "O"}]}, {"base_span": [462, 466], "annotations": [{"nertag": "O"}]}, {"base_span": [466, 467], "annotations": [{"nertag": "O"}]}, {"base_span": [468, 471], "annotations": [{"nertag": "O"}]}, {"base_span": [472, 478], "annotations": [{"nertag": "O"}]}, {"base_span": [479, 485], "annotations": [{"nertag": "O"}]}, {"base_span": [485, 486], "annotations": [{"nertag": "O"}]}, {"base_span": [487, 489], "annotations": [{"nertag": "O"}]}, {"base_span": [490, 495], "annotations": [{"nertag": "O"}]}, {"base_span": [496, 500], "annotations": [{"nertag": "O"}]}, {"base_span": [501, 509], "annotations": [{"nertag": "O"}]}, {"base_span": [509, 510], "annotations": [{"nertag": "O"}]}, {"base_span": [511, 516], "annotations": [{"nertag": "O"}]}, {"base_span": [517, 521], "annotations": [{"nertag": "O"}]}, {"base_span": [522, 526], "annotations": [{"nertag": "O"}]}, {"base_span": [527, 534], "annotations": [{"nertag": "O"}]}, {"base_span": [535, 537], "annotations": [{"nertag": "O"}]}, {"base_span": [538, 544], "annotations": [{"nertag": "O"}]}, {"base_span": [545, 551], "annotations": [{"nertag": "O"}]}, {"base_span": [552, 557], "annotations": [{"nertag": "O"}]}, {"base_span": [558, 559], "annotations": [{"nertag": "O"}]}, {"base_span": [560, 561], "annotations": [{"nertag": "O"}]}, {"base_span": [561, 562], "annotations": [{"nertag": "O"}]}, {"base_span": [562, 563], "annotations": [{"nertag": "O"}]}, {"base_span": [564, 569], "annotations": [{"nertag": "O"}]}, {"base_span": [569, 570], "annotations": [{"nertag": "O"}]}, {"base_span": [571, 582], "annotations": [{"nertag": "O"}]}, {"base_span": [583, 586], "annotations": [{"nertag": "O"}]}, {"base_span": [586, 587], "annotations": [{"nertag": "O"}]}, {"base_span": [588, 595], "annotations": [{"nertag": "B-PER"}]}, {"base_span": [596, 604], "annotations": [{"nertag": "I-PER"}]}, {"base_span": [605, 611], "annotations": [{"nertag": "O"}]}, {"base_span": [612, 616], "annotations": [{"nertag": "O"}]}, {"base_span": [617, 621], "annotations": [{"nertag": "O"}]}, {"base_span": [622, 625], "annotations": [{"nertag": "O"}]}, {"base_span": [626, 635], "annotations": [{"nertag": "O"}]}, {"base_span": [636, 640], "annotations": [{"nertag": "O"}]}, {"base_span": [641, 647], "annotations": [{"nertag": "O"}]}, {"base_span": [648, 660], "annotations": [{"nertag": "O"}]}, {"base_span": [661, 664], "annotations": [{"nertag": "O"}]}, {"base_span": [665, 670], "annotations": [{"nertag": "O"}]}, {"base_span": [670, 671], "annotations": [{"nertag": "O"}]}, {"base_span": [673, 682], "annotations": [{"nertag": "B-LOC_ORG"}]}, {"base_span": [683, 691], "annotations": [{"nertag": "O"}]}, {"base_span": [692, 696], "annotations": [{"nertag": "B-PER"}]}, {"base_span": [697, 702], "annotations": [{"nertag": "I-PER"}]}, {"base_span": [703, 708], "annotations": [{"nertag": "O"}]}, {"base_span": [708, 709], "annotations": [{"nertag": "O"}]}, {"base_span": [710, 716], "annotations": [{"nertag": "O"}]}, {"base_span": [717, 719], "annotations": [{"nertag": "B-PER"}]}, {"base_span": [720, 727], "annotations": [{"nertag": "I-PER"}]}, {"base_span": [728, 733], "annotations": [{"nertag": "O"}]}, {"base_span": [734, 740], "annotations": [{"nertag": "O"}]}, {"base_span": [740, 741], "annotations": [{"nertag": "O"}]}, {"base_span": [742, 745], "annotations": [{"nertag": "O"}]}, {"base_span": [746, 750], "annotations": [{"nertag": "O"}]}, {"base_span": [751, 757], "annotations": [{"nertag": "O"}]}, {"base_span": [758, 761], "annotations": [{"nertag": "O"}]}, {"base_span": [761, 762], "annotations": [{"nertag": "O"}]}, {"base_span": [763, 765], "annotations": [{"nertag": "O"}]}, {"base_span": [766, 770], "annotations": [{"nertag": "O"}]}, {"base_span": [771, 776], "annotations": [{"nertag": "O"}]}, {"base_span": [777, 787], "annotations": [{"nertag": "O"}]}, {"base_span": [788, 792], "annotations": [{"nertag": "O"}]}, {"base_span": [793, 799], "annotations": [{"nertag": "O"}]}, {"base_span": [800, 805], "annotations": [{"nertag": "O"}]}, {"base_span": [806, 810], "annotations": [{"nertag": "O"}]}, {"base_span": [810, 811], "annotations": [{"nertag": "O"}]}, {"base_span": [812, 816], "annotations": [{"nertag": "O"}]}, {"base_span": [817, 822], "annotations": [{"nertag": "O"}]}, {"base_span": [823, 827], "annotations": [{"nertag": "O"}]}, {"base_span": [828, 831], "annotations": [{"nertag": "O"}]}, {"base_span": [831, 832], "annotations": [{"nertag": "O"}]}, {"base_span": [833, 838], "annotations": [{"nertag": "O"}]}, {"base_span": [839, 844], "annotations": [{"nertag": "O"}]}, {"base_span": [845, 852], "annotations": [{"nertag": "O"}]}, {"base_span": [853, 857], "annotations": [{"nertag": "O"}]}, {"base_span": [858, 867], "annotations": [{"nertag": "O"}]}, {"base_span": [867, 868], "annotations": [{"nertag": "O"}]}, {"base_span": [869, 873], "annotations": [{"nertag": "O"}]}, {"base_span": [874, 878], "annotations": [{"nertag": "O"}]}, {"base_span": [879, 882], "annotations": [{"nertag": "O"}]}, {"base_span": [882, 883], "annotations": [{"nertag": "O"}]}, {"base_span": [884, 890], "annotations": [{"nertag": "O"}]}, {"base_span": [891, 893], "annotations": [{"nertag": "B-PER"}]}, {"base_span": [894, 901], "annotations": [{"nertag": "I-PER"}]}, {"base_span": [902, 907], "annotations": [{"nertag": "O"}]}, {"base_span": [907, 908], "annotations": [{"nertag": "O"}]}, {"base_span": [909, 913], "annotations": [{"nertag": "O"}]}, {"base_span": [914, 916], "annotations": [{"nertag": "O"}]}, {"base_span": [917, 923], "annotations": [{"nertag": "O"}]}, {"base_span": [924, 929], "annotations": [{"nertag": "O"}]}, {"base_span": [930, 934], "annotations": [{"nertag": "O"}]}, {"base_span": [935, 940], "annotations": [{"nertag": "O"}]}, {"base_span": [941, 946], "annotations": [{"nertag": "O"}]}, {"base_span": [947, 956], "annotations": [{"nertag": "O"}]}, {"base_span": [957, 963], "annotations": [{"nertag": "O"}]}, {"base_span": [963, 964], "annotations": [{"nertag": "O"}]}, {"base_span": [965, 969], "annotations": [{"nertag": "O"}]}, {"base_span": [970, 977], "annotations": [{"nertag": "O"}]}, {"base_span": [978, 989], "annotations": [{"nertag": "O"}]}, {"base_span": [989, 990], "annotations": [{"nertag": "O"}]}, {"base_span": [991, 993], "annotations": [{"nertag": "O"}]}, {"base_span": [994, 998], "annotations": [{"nertag": "O"}]}, {"base_span": [999, 1003], "annotations": [{"nertag": "O"}]}, {"base_span": [1004, 1009], "annotations": [{"nertag": "O"}]}, {"base_span": [1010, 1013], "annotations": [{"nertag": "O"}]}, {"base_span": [1013, 1014], "annotations": [{"nertag": "O"}]}, {"base_span": [1015, 1017], "annotations": [{"nertag": "O"}]}, {"base_span": [1018, 1022], "annotations": [{"nertag": "O"}]}, {"base_span": [1023, 1027], "annotations": [{"nertag": "O"}]}, {"base_span": [1028, 1033], "annotations": [{"nertag": "O"}]}, {"base_span": [1034, 1040], "annotations": [{"nertag": "O"}]}, {"base_span": [1041, 1048], "annotations": [{"nertag": "O"}]}, {"base_span": [1048, 1049], "annotations": [{"nertag": "O"}]}, {"base_span": [1050, 1052], "annotations": [{"nertag": "O"}]}, {"base_span": [1053, 1059], "annotations": [{"nertag": "O"}]}, {"base_span": [1060, 1066], "annotations": [{"nertag": "O"}]}, {"base_span": [1067, 1070], "annotations": [{"nertag": "O"}]}, {"base_span": [1071, 1078], "annotations": [{"nertag": "O"}]}, {"base_span": [1079, 1083], "annotations": [{"nertag": "O"}]}, {"base_span": [1084, 1088], "annotations": [{"nertag": "O"}]}, {"base_span": [1089, 1094], "annotations": [{"nertag": "O"}]}, {"base_span": [1094, 1095], "annotations": [{"nertag": "O"}]}, {"base_span": [1096, 1100], "annotations": [{"nertag": "O"}]}, {"base_span": [1101, 1106], "annotations": [{"nertag": "O"}]}, {"base_span": [1107, 1116], "annotations": [{"nertag": "O"}]}, {"base_span": [1117, 1123], "annotations": [{"nertag": "O"}]}, {"base_span": [1123, 1124], "annotations": [{"nertag": "O"}]}, {"base_span": [1125, 1128], "annotations": [{"nertag": "O"}]}, {"base_span": [1129, 1133], "annotations": [{"nertag": "O"}]}, {"base_span": [1134, 1138], "annotations": [{"nertag": "O"}]}, {"base_span": [1139, 1144], "annotations": [{"nertag": "O"}]}, {"base_span": [1145, 1148], "annotations": [{"nertag": "O"}]}, {"base_span": [1149, 1155], "annotations": [{"nertag": "O"}]}, {"base_span": [1156, 1161], "annotations": [{"nertag": "O"}]}, {"base_span": [1161, 1162], "annotations": [{"nertag": "O"}]}, {"base_span": [1163, 1167], "annotations": [{"nertag": "O"}]}, {"base_span": [1168, 1172], "annotations": [{"nertag": "O"}]}, {"base_span": [1173, 1177], "annotations": [{"nertag": "O"}]}, {"base_span": [1178, 1181], "annotations": [{"nertag": "O"}]}, {"base_span": [1181, 1182], "annotations": [{"nertag": "O"}]}, {"base_span": [1183, 1187], "annotations": [{"nertag": "O"}]}, {"base_span": [1188, 1194], "annotations": [{"nertag": "O"}]}, {"base_span": [1195, 1198], "annotations": [{"nertag": "O"}]}, {"base_span": [1199, 1211], "annotations": [{"nertag": "O"}]}, {"base_span": [1212, 1215], "annotations": [{"nertag": "O"}]}, {"base_span": [1215, 1216], "annotations": [{"nertag": "O"}]}, {"base_span": [1217, 1226], "annotations": [{"nertag": "O"}]}, {"base_span": [1227, 1232], "annotations": [{"nertag": "O"}]}, {"base_span": [1232, 1233], "annotations": [{"nertag": "O"}]}, {"base_span": [1234, 1238], "annotations": [{"nertag": "O"}]}, {"base_span": [1239, 1246], "annotations": [{"nertag": "O"}]}, {"base_span": [1247, 1251], "annotations": [{"nertag": "O"}]}, {"base_span": [1252, 1264], "annotations": [{"nertag": "O"}]}, {"base_span": [1265, 1270], "annotations": [{"nertag": "O"}]}, {"base_span": [1270, 1271], "annotations": [{"nertag": "O"}]}, {"base_span": [1272, 1277], "annotations": [{"nertag": "O"}]}, {"base_span": [1278, 1282], "annotations": [{"nertag": "O"}]}, {"base_span": [1283, 1287], "annotations": [{"nertag": "O"}]}, {"base_span": [1288, 1292], "annotations": [{"nertag": "O"}]}, {"base_span": [1293, 1299], "annotations": [{"nertag": "O"}]}, {"base_span": [1300, 1305], "annotations": [{"nertag": "O"}]}, {"base_span": [1306, 1311], "annotations": [{"nertag": "O"}]}, {"base_span": [1312, 1322], "annotations": [{"nertag": "O"}]}, {"base_span": [1323, 1327], "annotations": [{"nertag": "O"}]}, {"base_span": [1328, 1332], "annotations": [{"nertag": "O"}]}, {"base_span": [1333, 1338], "annotations": [{"nertag": "O"}]}, {"base_span": [1339, 1344], "annotations": [{"nertag": "O"}]}, {"base_span": [1345, 1351], "annotations": [{"nertag": "O"}]}, {"base_span": [1351, 1352], "annotations": [{"nertag": "O"}]}, {"base_span": [1354, 1361], "annotations": [{"nertag": "O"}]}, {"base_span": [1362, 1369], "annotations": [{"nertag": "B-PER"}]}, {"base_span": [1370, 1378], "annotations": [{"nertag": "I-PER"}]}, {"base_span": [1379, 1388], "annotations": [{"nertag": "O"}]}, {"base_span": [1389, 1398], "annotations": [{"nertag": "O"}]}, {"base_span": [1399, 1404], "annotations": [{"nertag": "O"}]}, {"base_span": [1405, 1414], "annotations": [{"nertag": "O"}]}, {"base_span": [1414, 1415], "annotations": [{"nertag": "O"}]}, {"base_span": [1416, 1420], "annotations": [{"nertag": "O"}]}, {"base_span": [1421, 1424], "annotations": [{"nertag": "O"}]}, {"base_span": [1425, 1429], "annotations": [{"nertag": "O"}]}, {"base_span": [1430, 1432], "annotations": [{"nertag": "O"}]}, {"base_span": [1433, 1439], "annotations": [{"nertag": "O"}]}, {"base_span": [1440, 1445], "annotations": [{"nertag": "O"}]}, {"base_span": [1446, 1451], "annotations": [{"nertag": "O"}]}, {"base_span": [1452, 1457], "annotations": [{"nertag": "O"}]}, {"base_span": [1458, 1462], "annotations": [{"nertag": "O"}]}, {"base_span": [1463, 1467], "annotations": [{"nertag": "O"}]}, {"base_span": [1467, 1468], "annotations": [{"nertag": "O"}]}, {"base_span": [1469, 1473], "annotations": [{"nertag": "O"}]}, {"base_span": [1474, 1480], "annotations": [{"nertag": "O"}]}, {"base_span": [1481, 1483], "annotations": [{"nertag": "O"}]}, {"base_span": [1484, 1487], "annotations": [{"nertag": "O"}]}, {"base_span": [1488, 1492], "annotations": [{"nertag": "O"}]}, {"base_span": [1493, 1500], "annotations": [{"nertag": "O"}]}, {"base_span": [1500, 1501], "annotations": [{"nertag": "O"}]}, {"base_span": [1503, 1508], "annotations": [{"nertag": "O"}]}, {"base_span": [1509, 1516], "annotations": [{"nertag": "O"}]}, {"base_span": [1517, 1526], "annotations": [{"nertag": "O"}]}, {"base_span": [1527, 1533], "annotations": [{"nertag": "O"}]}, {"base_span": [1534, 1536], "annotations": [{"nertag": "O"}]}, {"base_span": [1537, 1544], "annotations": [{"nertag": "B-PER"}]}, {"base_span": [1545, 1554], "annotations": [{"nertag": "I-PER"}]}, {"base_span": [1555, 1565], "annotations": [{"nertag": "O"}]}, {"base_span": [1566, 1571], "annotations": [{"nertag": "O"}]}, {"base_span": [1571, 1572], "annotations": [{"nertag": "O"}]}, {"base_span": [1573, 1582], "annotations": [{"nertag": "O"}]}, {"base_span": [1583, 1589], "annotations": [{"nertag": "O"}]}, {"base_span": [1589, 1590], "annotations": [{"nertag": "O"}]}, {"base_span": [1591, 1597], "annotations": [{"nertag": "O"}]}, {"base_span": [1598, 1600], "annotations": [{"nertag": "B-PER"}]}, {"base_span": [1601, 1611], "annotations": [{"nertag": "I-PER"}]}, {"base_span": [1612, 1619], "annotations": [{"nertag": "O"}]}, {"base_span": [1620, 1629], "annotations": [{"nertag": "O"}]}, {"base_span": [1630, 1635], "annotations": [{"nertag": "O"}]}, {"base_span": [1635, 1636], "annotations": [{"nertag": "O"}]}, {"base_span": [1637, 1640], "annotations": [{"nertag": "O"}]}, {"base_span": [1641, 1645], "annotations": [{"nertag": "O"}]}, {"base_span": [1646, 1653], "annotations": [{"nertag": "O"}]}, {"base_span": [1654, 1656], "annotations": [{"nertag": "O"}]}, {"base_span": [1656, 1657], "annotations": [{"nertag": "O"}]}, {"base_span": [1658, 1659], "annotations": [{"nertag": "O"}]}, {"base_span": [1660, 1661], "annotations": [{"nertag": "O"}]}, {"base_span": [1661, 1662], "annotations": [{"nertag": "O"}]}, {"base_span": [1662, 1663], "annotations": [{"nertag": "O"}]}, {"base_span": [1664, 1669], "annotations": [{"nertag": "O"}]}, {"base_span": [1670, 1674], "annotations": [{"nertag": "O"}]}, {"base_span": [1674, 1675], "annotations": [{"nertag": "O"}]}, {"base_span": [1676, 1677], "annotations": [{"nertag": "O"}]}, {"base_span": [1678, 1685], "annotations": [{"nertag": "O"}]}, {"base_span": [1686, 1692], "annotations": [{"nertag": "O"}]}, {"base_span": [1693, 1695], "annotations": [{"nertag": "O"}]}, {"base_span": [1696, 1698], "annotations": [{"nertag": "O"}]}, {"base_span": [1699, 1706], "annotations": [{"nertag": "O"}]}, {"base_span": [1707, 1713], "annotations": [{"nertag": "O"}]}, {"base_span": [1714, 1718], "annotations": [{"nertag": "O"}]}, {"base_span": [1718, 1719], "annotations": [{"nertag": "O"}]}, {"base_span": [1720, 1721], "annotations": [{"nertag": "O"}]}, {"base_span": [1722, 1727], "annotations": [{"nertag": "O"}]}, {"base_span": [1728, 1732], "annotations": [{"nertag": "O"}]}, {"base_span": [1733, 1735], "annotations": [{"nertag": "O"}]}, {"base_span": [1736, 1737], "annotations": [{"nertag": "O"}]}, {"base_span": [1738, 1743], "annotations": [{"nertag": "O"}]}, {"base_span": [1744, 1748], "annotations": [{"nertag": "O"}]}, {"base_span": [1749, 1753], "annotations": [{"nertag": "O"}]}, {"base_span": [1753, 1754], "annotations": [{"nertag": "O"}]}, {"base_span": [1755, 1757], "annotations": [{"nertag": "O"}]}, {"base_span": [1758, 1762], "annotations": [{"nertag": "O"}]}, {"base_span": [1763, 1767], "annotations": [{"nertag": "O"}]}, {"base_span": [1768, 1774], "annotations": [{"nertag": "O"}]}, {"base_span": [1775, 1777], "annotations": [{"nertag": "O"}]}, {"base_span": [1778, 1787], "annotations": [{"nertag": "O"}]}, {"base_span": [1787, 1788], "annotations": [{"nertag": "O"}]}, {"base_span": [1789, 1795], "annotations": [{"nertag": "O"}]}, {"base_span": [1795, 1796], "annotations": [{"nertag": "O"}]}, {"base_span": [1797, 1801], "annotations": [{"nertag": "O"}]}, {"base_span": [1802, 1804], "annotations": [{"nertag": "O"}]}, {"base_span": [1805, 1807], "annotations": [{"nertag": "O"}]}, {"base_span": [1808, 1811], "annotations": [{"nertag": "O"}]}, {"base_span": [1812, 1816], "annotations": [{"nertag": "O"}]}, {"base_span": [1817, 1829], "annotations": [{"nertag": "O"}]}, {"base_span": [1830, 1835], "annotations": [{"nertag": "O"}]}, {"base_span": [1836, 1841], "annotations": [{"nertag": "O"}]}, {"base_span": [1842, 1847], "annotations": [{"nertag": "O"}]}, {"base_span": [1848, 1853], "annotations": [{"nertag": "O"}]}, {"base_span": [1854, 1861], "annotations": [{"nertag": "O"}]}, {"base_span": [1861, 1862], "annotations": [{"nertag": "O"}]}]}]}