{"text": "\nArmi.\n\nKui kohus koos olli, tulli Harmi walla Talitaja Tönnu Elderman, ütles walla wolinikude lubbaga, wöib selle Armi walla ligele Hans Arbortamile üks kirri anda, et temma Negrudi Lisgu wötmesest lahti on, kui sedda peaks weel tarwis ollema, et Temma enne Jubba on Liguwötjade Herrade polest lahti möistetud, selle pärrast et temma omma leske Emma ja 13 Aastast wenda on aidand toitta ja köig Emma wannad Maggasi wöllad on ärra maksnud, et need ei olle tulnud walla peale makssa, ja lubbas Hans Arbortam nönna kaua kui Emma ellab, tedda aidata, nöna et wallal temma Emma pärrast ühtigi kullu ei pea ollema, ja selle kauba üle palus temma ommale üht kirja, mis temmale ka sai antud.\n\n\n", "meta": {"origin_directory": "vallakohus_neljas/"}, "layers": [{"name": "gold_ner", "attributes": ["nertag"], "parent": null, "enveloping": null, "ambiguous": false, "serialisation_module": null, "meta": {}, "spans": [{"base_span": [1, 5], "annotations": [{"nertag": "LOC"}]}, {"base_span": [35, 40], "annotations": [{"nertag": "LOC_ORG"}]}, {"base_span": [56, 70], "annotations": [{"nertag": "PER"}]}, {"base_span": [115, 125], "annotations": [{"nertag": "LOC_ORG"}]}, {"base_span": [133, 149], "annotations": [{"nertag": "PER"}]}, {"base_span": [493, 506], "annotations": [{"nertag": "PER"}]}]}, {"name": "gold_wordner", "attributes": ["nertag"], "parent": null, "enveloping": null, "ambiguous": false, "serialisation_module": null, "meta": {}, "spans": [{"base_span": [1, 5], "annotations": [{"nertag": "B-LOC"}]}, {"base_span": [5, 6], "annotations": [{"nertag": "O"}]}, {"base_span": [8, 11], "annotations": [{"nertag": "O"}]}, {"base_span": [12, 17], "annotations": [{"nertag": "O"}]}, {"base_span": [18, 22], "annotations": [{"nertag": "O"}]}, {"base_span": [23, 27], "annotations": [{"nertag": "O"}]}, {"base_span": [27, 28], "annotations": [{"nertag": "O"}]}, {"base_span": [29, 34], "annotations": [{"nertag": "O"}]}, {"base_span": [35, 40], "annotations": [{"nertag": "B-LOC_ORG"}]}, {"base_span": [41, 46], "annotations": [{"nertag": "O"}]}, {"base_span": [47, 55], "annotations": [{"nertag": "O"}]}, {"base_span": [56, 61], "annotations": [{"nertag": "B-PER"}]}, {"base_span": [62, 70], "annotations": [{"nertag": "I-PER"}]}, {"base_span": [70, 71], "annotations": [{"nertag": "O"}]}, {"base_span": [72, 77], "annotations": [{"nertag": "O"}]}, {"base_span": [78, 83], "annotations": [{"nertag": "O"}]}, {"base_span": [84, 94], "annotations": [{"nertag": "O"}]}, {"base_span": [95, 102], "annotations": [{"nertag": "O"}]}, {"base_span": [102, 103], "annotations": [{"nertag": "O"}]}, {"base_span": [104, 108], "annotations": [{"nertag": "O"}]}, {"base_span": [109, 114], "annotations": [{"nertag": "O"}]}, {"base_span": [115, 119], "annotations": [{"nertag": "B-LOC_ORG"}]}, {"base_span": [120, 125], "annotations": [{"nertag": "I-LOC_ORG"}]}, {"base_span": [126, 132], "annotations": [{"nertag": "O"}]}, {"base_span": [133, 137], "annotations": [{"nertag": "B-PER"}]}, {"base_span": [138, 149], "annotations": [{"nertag": "I-PER"}]}, {"base_span": [150, 153], "annotations": [{"nertag": "O"}]}, {"base_span": [154, 159], "annotations": [{"nertag": "O"}]}, {"base_span": [160, 164], "annotations": [{"nertag": "O"}]}, {"base_span": [164, 165], "annotations": [{"nertag": "O"}]}, {"base_span": [166, 168], "annotations": [{"nertag": "O"}]}, {"base_span": [169, 174], "annotations": [{"nertag": "O"}]}, {"base_span": [175, 182], "annotations": [{"nertag": "O"}]}, {"base_span": [183, 188], "annotations": [{"nertag": "O"}]}, {"base_span": [189, 198], "annotations": [{"nertag": "O"}]}, {"base_span": [199, 204], "annotations": [{"nertag": "O"}]}, {"base_span": [205, 207], "annotations": [{"nertag": "O"}]}, {"base_span": [207, 208], "annotations": [{"nertag": "O"}]}, {"base_span": [209, 212], "annotations": [{"nertag": "O"}]}, {"base_span": [213, 218], "annotations": [{"nertag": "O"}]}, {"base_span": [219, 224], "annotations": [{"nertag": "O"}]}, {"base_span": [225, 229], "annotations": [{"nertag": "O"}]}, {"base_span": [230, 236], "annotations": [{"nertag": "O"}]}, {"base_span": [237, 243], "annotations": [{"nertag": "O"}]}, {"base_span": [243, 244], "annotations": [{"nertag": "O"}]}, {"base_span": [245, 247], "annotations": [{"nertag": "O"}]}, {"base_span": [248, 253], "annotations": [{"nertag": "O"}]}, {"base_span": [254, 258], "annotations": [{"nertag": "O"}]}, {"base_span": [259, 264], "annotations": [{"nertag": "O"}]}, {"base_span": [265, 267], "annotations": [{"nertag": "O"}]}, {"base_span": [268, 279], "annotations": [{"nertag": "O"}]}, {"base_span": [280, 287], "annotations": [{"nertag": "O"}]}, {"base_span": [288, 294], "annotations": [{"nertag": "O"}]}, {"base_span": [295, 300], "annotations": [{"nertag": "O"}]}, {"base_span": [301, 310], "annotations": [{"nertag": "O"}]}, {"base_span": [310, 311], "annotations": [{"nertag": "O"}]}, {"base_span": [312, 317], "annotations": [{"nertag": "O"}]}, {"base_span": [318, 325], "annotations": [{"nertag": "O"}]}, {"base_span": [326, 328], "annotations": [{"nertag": "O"}]}, {"base_span": [329, 334], "annotations": [{"nertag": "O"}]}, {"base_span": [335, 339], "annotations": [{"nertag": "O"}]}, {"base_span": [340, 345], "annotations": [{"nertag": "O"}]}, {"base_span": [346, 350], "annotations": [{"nertag": "O"}]}, {"base_span": [351, 353], "annotations": [{"nertag": "O"}]}, {"base_span": [354, 356], "annotations": [{"nertag": "O"}]}, {"base_span": [357, 364], "annotations": [{"nertag": "O"}]}, {"base_span": [365, 370], "annotations": [{"nertag": "O"}]}, {"base_span": [371, 373], "annotations": [{"nertag": "O"}]}, {"base_span": [374, 380], "annotations": [{"nertag": "O"}]}, {"base_span": [381, 387], "annotations": [{"nertag": "O"}]}, {"base_span": [388, 390], "annotations": [{"nertag": "O"}]}, {"base_span": [391, 395], "annotations": [{"nertag": "O"}]}, {"base_span": [396, 400], "annotations": [{"nertag": "O"}]}, {"base_span": [401, 407], "annotations": [{"nertag": "O"}]}, {"base_span": [408, 415], "annotations": [{"nertag": "O"}]}, {"base_span": [416, 422], "annotations": [{"nertag": "O"}]}, {"base_span": [423, 425], "annotations": [{"nertag": "O"}]}, {"base_span": [426, 430], "annotations": [{"nertag": "O"}]}, {"base_span": [431, 438], "annotations": [{"nertag": "O"}]}, {"base_span": [438, 439], "annotations": [{"nertag": "O"}]}, {"base_span": [440, 442], "annotations": [{"nertag": "O"}]}, {"base_span": [443, 447], "annotations": [{"nertag": "O"}]}, {"base_span": [448, 450], "annotations": [{"nertag": "O"}]}, {"base_span": [451, 455], "annotations": [{"nertag": "O"}]}, {"base_span": [456, 462], "annotations": [{"nertag": "O"}]}, {"base_span": [463, 468], "annotations": [{"nertag": "O"}]}, {"base_span": [469, 474], "annotations": [{"nertag": "O"}]}, {"base_span": [475, 481], "annotations": [{"nertag": "O"}]}, {"base_span": [481, 482], "annotations": [{"nertag": "O"}]}, {"base_span": [483, 485], "annotations": [{"nertag": "O"}]}, {"base_span": [486, 492], "annotations": [{"nertag": "O"}]}, {"base_span": [493, 497], "annotations": [{"nertag": "B-PER"}]}, {"base_span": [498, 506], "annotations": [{"nertag": "I-PER"}]}, {"base_span": [507, 512], "annotations": [{"nertag": "O"}]}, {"base_span": [513, 517], "annotations": [{"nertag": "O"}]}, {"base_span": [518, 521], "annotations": [{"nertag": "O"}]}, {"base_span": [522, 526], "annotations": [{"nertag": "O"}]}, {"base_span": [527, 532], "annotations": [{"nertag": "O"}]}, {"base_span": [532, 533], "annotations": [{"nertag": "O"}]}, {"base_span": [534, 539], "annotations": [{"nertag": "O"}]}, {"base_span": [540, 546], "annotations": [{"nertag": "O"}]}, {"base_span": [546, 547], "annotations": [{"nertag": "O"}]}, {"base_span": [548, 552], "annotations": [{"nertag": "O"}]}, {"base_span": [553, 555], "annotations": [{"nertag": "O"}]}, {"base_span": [556, 562], "annotations": [{"nertag": "O"}]}, {"base_span": [563, 568], "annotations": [{"nertag": "O"}]}, {"base_span": [569, 573], "annotations": [{"nertag": "O"}]}, {"base_span": [574, 581], "annotations": [{"nertag": "O"}]}, {"base_span": [582, 588], "annotations": [{"nertag": "O"}]}, {"base_span": [589, 594], "annotations": [{"nertag": "O"}]}, {"base_span": [595, 597], "annotations": [{"nertag": "O"}]}, {"base_span": [598, 601], "annotations": [{"nertag": "O"}]}, {"base_span": [602, 608], "annotations": [{"nertag": "O"}]}, {"base_span": [608, 609], "annotations": [{"nertag": "O"}]}, {"base_span": [610, 612], "annotations": [{"nertag": "O"}]}, {"base_span": [613, 618], "annotations": [{"nertag": "O"}]}, {"base_span": [619, 624], "annotations": [{"nertag": "O"}]}, {"base_span": [625, 628], "annotations": [{"nertag": "O"}]}, {"base_span": [629, 634], "annotations": [{"nertag": "O"}]}, {"base_span": [635, 640], "annotations": [{"nertag": "O"}]}, {"base_span": [641, 647], "annotations": [{"nertag": "O"}]}, {"base_span": [648, 651], "annotations": [{"nertag": "O"}]}, {"base_span": [652, 657], "annotations": [{"nertag": "O"}]}, {"base_span": [657, 658], "annotations": [{"nertag": "O"}]}, {"base_span": [659, 662], "annotations": [{"nertag": "O"}]}, {"base_span": [663, 670], "annotations": [{"nertag": "O"}]}, {"base_span": [671, 673], "annotations": [{"nertag": "O"}]}, {"base_span": [674, 677], "annotations": [{"nertag": "O"}]}, {"base_span": [678, 683], "annotations": [{"nertag": "O"}]}, {"base_span": [683, 684], "annotations": [{"nertag": "O"}]}]}]}