{"text": "Sai siis Kohto ette kutsutud Esko Jürri Leikap.Kohhus Küssis paljo temmal Maggasisse wölgo on,wastus:4  1/2 wakka rukkid ohrad ja kaorad on weel undrehti.Kohhus küssis paljo temma on tännawu Kewwade Maggasist ohri ja Kaero laenand,wastus:tännawu Kewwade/1870/ laenasin 6 wakka ohri ja 7 wakka kaero ja süggise maksin ärra,mullist ma ei mälleta,ja tunnamullu/1868/ laenasin 18 wakka ohri ja  süggise ma maksin ärra kaera wötmist ma ei mälleta,ohri maksnud 7 wakka wallale ja 7 wakka Kottiga teine 4 wakkane teine 4 wakkane kot.Sai Jürri Leikap polle ööltud et tema on sel Kewwadel /1868/ Maggasist 25 wakka ohri laenand ja süggise 11 wakka ärra maksnud ja 14 wakka sel süggisel wölgo jänud.Jürri Leikap waidles taggasi ja ütles temma olla 18 wakka laenand ja 18 wakka süggise ärra maksnud.Kohhus Küssis kas tal on ka tunnistust ehk kämehhi selle päele.Jürri Leikap ei öölnud tunnistust ollema.\nKohto otsus.Kohhus küssis kas temma(Jürri Leikap) sedda maksab mis temma kord kohto ees lubbas(wata No15 1870 aasta).Jürri Leikap ei lubband ühtigi maksa.Siis ütles Kohhus Jürri Leikappile et temma nisamute 18mal selle K.pä.Kihhelkonna kohto ette peab minnema.Pärrast tulli Jürri Leikap kohto ette ja lubbas nisammuti 7 wakka ohri ja 2  1/2 wakka kaerad maksa agga teist 7 wakka ohri ei lubband maksa.\nPea Kohto wannem Jaan Tiismann +++,Körwasmehhed Jaan Wingelmann +++,Jaan Willard +++\n\n", "meta": {"origin_directory": "vallakohus_esimene/"}, "layers": [{"name": "gold_ner", "attributes": ["nertag"], "parent": null, "enveloping": null, "ambiguous": false, "serialisation_module": null, "meta": {}, "spans": [{"base_span": [29, 33], "annotations": [{"nertag": "LOC_ORG"}]}, {"base_span": [34, 46], "annotations": [{"nertag": "PER"}]}, {"base_span": [530, 542], "annotations": [{"nertag": "PER"}]}, {"base_span": [689, 701], "annotations": [{"nertag": "PER"}]}, {"base_span": [851, 863], "annotations": [{"nertag": "PER"}]}, {"base_span": [929, 941], "annotations": [{"nertag": "PER"}]}, {"base_span": [1010, 1022], "annotations": [{"nertag": "PER"}]}, {"base_span": [1065, 1081], "annotations": [{"nertag": "PER"}]}, {"base_span": [1167, 1179], "annotations": [{"nertag": "PER"}]}, {"base_span": [1312, 1325], "annotations": [{"nertag": "PER"}]}, {"base_span": [1343, 1358], "annotations": [{"nertag": "PER"}]}, {"base_span": [1363, 1375], "annotations": [{"nertag": "PER"}]}]}, {"name": "gold_wordner", "attributes": ["nertag"], "parent": null, "enveloping": null, "ambiguous": false, "serialisation_module": null, "meta": {}, "spans": [{"base_span": [0, 3], "annotations": [{"nertag": "O"}]}, {"base_span": [4, 8], "annotations": [{"nertag": "O"}]}, {"base_span": [9, 14], "annotations": [{"nertag": "O"}]}, {"base_span": [15, 19], "annotations": [{"nertag": "O"}]}, {"base_span": [20, 28], "annotations": [{"nertag": "O"}]}, {"base_span": [29, 33], "annotations": [{"nertag": "B-LOC_ORG"}]}, {"base_span": [34, 39], "annotations": [{"nertag": "B-PER"}]}, {"base_span": [40, 46], "annotations": [{"nertag": "I-PER"}]}, {"base_span": [46, 47], "annotations": [{"nertag": "O"}]}, {"base_span": [47, 53], "annotations": [{"nertag": "O"}]}, {"base_span": [54, 60], "annotations": [{"nertag": "O"}]}, {"base_span": [61, 66], "annotations": [{"nertag": "O"}]}, {"base_span": [67, 73], "annotations": [{"nertag": "O"}]}, {"base_span": [74, 84], "annotations": [{"nertag": "O"}]}, {"base_span": [85, 90], "annotations": [{"nertag": "O"}]}, {"base_span": [91, 93], "annotations": [{"nertag": "O"}]}, {"base_span": [93, 94], "annotations": [{"nertag": "O"}]}, {"base_span": [94, 100], "annotations": [{"nertag": "O"}]}, {"base_span": [100, 101], "annotations": [{"nertag": "O"}]}, {"base_span": [101, 102], "annotations": [{"nertag": "O"}]}, {"base_span": [104, 105], "annotations": [{"nertag": "O"}]}, {"base_span": [105, 106], "annotations": [{"nertag": "O"}]}, {"base_span": [106, 107], "annotations": [{"nertag": "O"}]}, {"base_span": [108, 113], "annotations": [{"nertag": "O"}]}, {"base_span": [114, 120], "annotations": [{"nertag": "O"}]}, {"base_span": [121, 126], "annotations": [{"nertag": "O"}]}, {"base_span": [127, 129], "annotations": [{"nertag": "O"}]}, {"base_span": [130, 136], "annotations": [{"nertag": "O"}]}, {"base_span": [137, 139], "annotations": [{"nertag": "O"}]}, {"base_span": [140, 144], "annotations": [{"nertag": "O"}]}, {"base_span": [145, 153], "annotations": [{"nertag": "O"}]}, {"base_span": [153, 154], "annotations": [{"nertag": "O"}]}, {"base_span": [154, 160], "annotations": [{"nertag": "O"}]}, {"base_span": [161, 167], "annotations": [{"nertag": "O"}]}, {"base_span": [168, 173], "annotations": [{"nertag": "O"}]}, {"base_span": [174, 179], "annotations": [{"nertag": "O"}]}, {"base_span": [180, 182], "annotations": [{"nertag": "O"}]}, {"base_span": [183, 190], "annotations": [{"nertag": "O"}]}, {"base_span": [191, 198], "annotations": [{"nertag": "O"}]}, {"base_span": [199, 208], "annotations": [{"nertag": "O"}]}, {"base_span": [209, 213], "annotations": [{"nertag": "O"}]}, {"base_span": [214, 216], "annotations": [{"nertag": "O"}]}, {"base_span": [217, 222], "annotations": [{"nertag": "O"}]}, {"base_span": [223, 230], "annotations": [{"nertag": "O"}]}, {"base_span": [230, 231], "annotations": [{"nertag": "O"}]}, {"base_span": [231, 237], "annotations": [{"nertag": "O"}]}, {"base_span": [237, 238], "annotations": [{"nertag": "O"}]}, {"base_span": [238, 245], "annotations": [{"nertag": "O"}]}, {"base_span": [246, 253], "annotations": [{"nertag": "O"}]}, {"base_span": [253, 254], "annotations": [{"nertag": "O"}]}, {"base_span": [254, 258], "annotations": [{"nertag": "O"}]}, {"base_span": [258, 259], "annotations": [{"nertag": "O"}]}, {"base_span": [260, 268], "annotations": [{"nertag": "O"}]}, {"base_span": [269, 270], "annotations": [{"nertag": "O"}]}, {"base_span": [271, 276], "annotations": [{"nertag": "O"}]}, {"base_span": [277, 281], "annotations": [{"nertag": "O"}]}, {"base_span": [282, 284], "annotations": [{"nertag": "O"}]}, {"base_span": [285, 286], "annotations": [{"nertag": "O"}]}, {"base_span": [287, 292], "annotations": [{"nertag": "O"}]}, {"base_span": [293, 298], "annotations": [{"nertag": "O"}]}, {"base_span": [299, 301], "annotations": [{"nertag": "O"}]}, {"base_span": [302, 309], "annotations": [{"nertag": "O"}]}, {"base_span": [310, 316], "annotations": [{"nertag": "O"}]}, {"base_span": [317, 321], "annotations": [{"nertag": "O"}]}, {"base_span": [321, 322], "annotations": [{"nertag": "O"}]}, {"base_span": [322, 329], "annotations": [{"nertag": "O"}]}, {"base_span": [330, 332], "annotations": [{"nertag": "O"}]}, {"base_span": [333, 335], "annotations": [{"nertag": "O"}]}, {"base_span": [336, 343], "annotations": [{"nertag": "O"}]}, {"base_span": [343, 344], "annotations": [{"nertag": "O"}]}, {"base_span": [344, 346], "annotations": [{"nertag": "O"}]}, {"base_span": [347, 357], "annotations": [{"nertag": "O"}]}, {"base_span": [357, 358], "annotations": [{"nertag": "O"}]}, {"base_span": [358, 362], "annotations": [{"nertag": "O"}]}, {"base_span": [362, 363], "annotations": [{"nertag": "O"}]}, {"base_span": [364, 372], "annotations": [{"nertag": "O"}]}, {"base_span": [373, 375], "annotations": [{"nertag": "O"}]}, {"base_span": [376, 381], "annotations": [{"nertag": "O"}]}, {"base_span": [382, 386], "annotations": [{"nertag": "O"}]}, {"base_span": [387, 389], "annotations": [{"nertag": "O"}]}, {"base_span": [391, 398], "annotations": [{"nertag": "O"}]}, {"base_span": [399, 401], "annotations": [{"nertag": "O"}]}, {"base_span": [402, 408], "annotations": [{"nertag": "O"}]}, {"base_span": [409, 413], "annotations": [{"nertag": "O"}]}, {"base_span": [414, 419], "annotations": [{"nertag": "O"}]}, {"base_span": [420, 427], "annotations": [{"nertag": "O"}]}, {"base_span": [428, 430], "annotations": [{"nertag": "O"}]}, {"base_span": [431, 433], "annotations": [{"nertag": "O"}]}, {"base_span": [434, 441], "annotations": [{"nertag": "O"}]}, {"base_span": [441, 442], "annotations": [{"nertag": "O"}]}, {"base_span": [442, 446], "annotations": [{"nertag": "O"}]}, {"base_span": [447, 454], "annotations": [{"nertag": "O"}]}, {"base_span": [455, 456], "annotations": [{"nertag": "O"}]}, {"base_span": [457, 462], "annotations": [{"nertag": "O"}]}, {"base_span": [463, 470], "annotations": [{"nertag": "O"}]}, {"base_span": [471, 473], "annotations": [{"nertag": "O"}]}, {"base_span": [474, 475], "annotations": [{"nertag": "O"}]}, {"base_span": [476, 481], "annotations": [{"nertag": "O"}]}, {"base_span": [482, 489], "annotations": [{"nertag": "O"}]}, {"base_span": [490, 495], "annotations": [{"nertag": "O"}]}, {"base_span": [496, 497], "annotations": [{"nertag": "O"}]}, {"base_span": [498, 505], "annotations": [{"nertag": "O"}]}, {"base_span": [506, 511], "annotations": [{"nertag": "O"}]}, {"base_span": [512, 513], "annotations": [{"nertag": "O"}]}, {"base_span": [514, 521], "annotations": [{"nertag": "O"}]}, {"base_span": [522, 525], "annotations": [{"nertag": "O"}]}, {"base_span": [525, 526], "annotations": [{"nertag": "O"}]}, {"base_span": [526, 529], "annotations": [{"nertag": "O"}]}, {"base_span": [530, 535], "annotations": [{"nertag": "B-PER"}]}, {"base_span": [536, 542], "annotations": [{"nertag": "I-PER"}]}, {"base_span": [543, 548], "annotations": [{"nertag": "O"}]}, {"base_span": [549, 555], "annotations": [{"nertag": "O"}]}, {"base_span": [556, 558], "annotations": [{"nertag": "O"}]}, {"base_span": [559, 563], "annotations": [{"nertag": "O"}]}, {"base_span": [564, 566], "annotations": [{"nertag": "O"}]}, {"base_span": [567, 570], "annotations": [{"nertag": "O"}]}, {"base_span": [571, 579], "annotations": [{"nertag": "O"}]}, {"base_span": [580, 581], "annotations": [{"nertag": "O"}]}, {"base_span": [581, 585], "annotations": [{"nertag": "O"}]}, {"base_span": [585, 586], "annotations": [{"nertag": "O"}]}, {"base_span": [587, 596], "annotations": [{"nertag": "O"}]}, {"base_span": [597, 599], "annotations": [{"nertag": "O"}]}, {"base_span": [600, 605], "annotations": [{"nertag": "O"}]}, {"base_span": [606, 610], "annotations": [{"nertag": "O"}]}, {"base_span": [611, 618], "annotations": [{"nertag": "O"}]}, {"base_span": [619, 621], "annotations": [{"nertag": "O"}]}, {"base_span": [622, 629], "annotations": [{"nertag": "O"}]}, {"base_span": [630, 632], "annotations": [{"nertag": "O"}]}, {"base_span": [633, 638], "annotations": [{"nertag": "O"}]}, {"base_span": [639, 643], "annotations": [{"nertag": "O"}]}, {"base_span": [644, 651], "annotations": [{"nertag": "O"}]}, {"base_span": [652, 654], "annotations": [{"nertag": "O"}]}, {"base_span": [655, 657], "annotations": [{"nertag": "O"}]}, {"base_span": [658, 663], "annotations": [{"nertag": "O"}]}, {"base_span": [664, 667], "annotations": [{"nertag": "O"}]}, {"base_span": [668, 676], "annotations": [{"nertag": "O"}]}, {"base_span": [677, 682], "annotations": [{"nertag": "O"}]}, {"base_span": [683, 688], "annotations": [{"nertag": "O"}]}, {"base_span": [688, 689], "annotations": [{"nertag": "O"}]}, {"base_span": [689, 694], "annotations": [{"nertag": "B-PER"}]}, {"base_span": [695, 701], "annotations": [{"nertag": "I-PER"}]}, {"base_span": [702, 709], "annotations": [{"nertag": "O"}]}, {"base_span": [710, 717], "annotations": [{"nertag": "O"}]}, {"base_span": [718, 720], "annotations": [{"nertag": "O"}]}, {"base_span": [721, 726], "annotations": [{"nertag": "O"}]}, {"base_span": [727, 732], "annotations": [{"nertag": "O"}]}, {"base_span": [733, 737], "annotations": [{"nertag": "O"}]}, {"base_span": [738, 740], "annotations": [{"nertag": "O"}]}, {"base_span": [741, 746], "annotations": [{"nertag": "O"}]}, {"base_span": [747, 754], "annotations": [{"nertag": "O"}]}, {"base_span": [755, 757], "annotations": [{"nertag": "O"}]}, {"base_span": [758, 760], "annotations": [{"nertag": "O"}]}, {"base_span": [761, 766], "annotations": [{"nertag": "O"}]}, {"base_span": [767, 774], "annotations": [{"nertag": "O"}]}, {"base_span": [775, 779], "annotations": [{"nertag": "O"}]}, {"base_span": [780, 787], "annotations": [{"nertag": "O"}]}, {"base_span": [787, 788], "annotations": [{"nertag": "O"}]}, {"base_span": [788, 794], "annotations": [{"nertag": "O"}]}, {"base_span": [795, 801], "annotations": [{"nertag": "O"}]}, {"base_span": [802, 805], "annotations": [{"nertag": "O"}]}, {"base_span": [806, 809], "annotations": [{"nertag": "O"}]}, {"base_span": [810, 812], "annotations": [{"nertag": "O"}]}, {"base_span": [813, 815], "annotations": [{"nertag": "O"}]}, {"base_span": [816, 826], "annotations": [{"nertag": "O"}]}, {"base_span": [827, 830], "annotations": [{"nertag": "O"}]}, {"base_span": [831, 838], "annotations": [{"nertag": "O"}]}, {"base_span": [839, 844], "annotations": [{"nertag": "O"}]}, {"base_span": [845, 850], "annotations": [{"nertag": "O"}]}, {"base_span": [850, 851], "annotations": [{"nertag": "O"}]}, {"base_span": [851, 856], "annotations": [{"nertag": "B-PER"}]}, {"base_span": [857, 863], "annotations": [{"nertag": "I-PER"}]}, {"base_span": [864, 866], "annotations": [{"nertag": "O"}]}, {"base_span": [867, 873], "annotations": [{"nertag": "O"}]}, {"base_span": [874, 884], "annotations": [{"nertag": "O"}]}, {"base_span": [885, 891], "annotations": [{"nertag": "O"}]}, {"base_span": [891, 892], "annotations": [{"nertag": "O"}]}, {"base_span": [893, 898], "annotations": [{"nertag": "O"}]}, {"base_span": [899, 904], "annotations": [{"nertag": "O"}]}, {"base_span": [904, 905], "annotations": [{"nertag": "O"}]}, {"base_span": [905, 911], "annotations": [{"nertag": "O"}]}, {"base_span": [912, 918], "annotations": [{"nertag": "O"}]}, {"base_span": [919, 922], "annotations": [{"nertag": "O"}]}, {"base_span": [923, 928], "annotations": [{"nertag": "O"}]}, {"base_span": [928, 929], "annotations": [{"nertag": "O"}]}, {"base_span": [929, 934], "annotations": [{"nertag": "B-PER"}]}, {"base_span": [935, 941], "annotations": [{"nertag": "I-PER"}]}, {"base_span": [941, 942], "annotations": [{"nertag": "O"}]}, {"base_span": [943, 948], "annotations": [{"nertag": "O"}]}, {"base_span": [949, 955], "annotations": [{"nertag": "O"}]}, {"base_span": [956, 959], "annotations": [{"nertag": "O"}]}, {"base_span": [960, 965], "annotations": [{"nertag": "O"}]}, {"base_span": [966, 970], "annotations": [{"nertag": "O"}]}, {"base_span": [971, 976], "annotations": [{"nertag": "O"}]}, {"base_span": [977, 980], "annotations": [{"nertag": "O"}]}, {"base_span": [981, 987], "annotations": [{"nertag": "O"}]}, {"base_span": [987, 988], "annotations": [{"nertag": "O"}]}, {"base_span": [988, 992], "annotations": [{"nertag": "O"}]}, {"base_span": [993, 997], "annotations": [{"nertag": "O"}]}, {"base_span": [998, 1002], "annotations": [{"nertag": "O"}]}, {"base_span": [1003, 1008], "annotations": [{"nertag": "O"}]}, {"base_span": [1008, 1009], "annotations": [{"nertag": "O"}]}, {"base_span": [1009, 1010], "annotations": [{"nertag": "O"}]}, {"base_span": [1010, 1015], "annotations": [{"nertag": "B-PER"}]}, {"base_span": [1016, 1022], "annotations": [{"nertag": "I-PER"}]}, {"base_span": [1023, 1025], "annotations": [{"nertag": "O"}]}, {"base_span": [1026, 1033], "annotations": [{"nertag": "O"}]}, {"base_span": [1034, 1040], "annotations": [{"nertag": "O"}]}, {"base_span": [1041, 1046], "annotations": [{"nertag": "O"}]}, {"base_span": [1046, 1047], "annotations": [{"nertag": "O"}]}, {"base_span": [1047, 1051], "annotations": [{"nertag": "O"}]}, {"base_span": [1052, 1057], "annotations": [{"nertag": "O"}]}, {"base_span": [1058, 1064], "annotations": [{"nertag": "O"}]}, {"base_span": [1065, 1070], "annotations": [{"nertag": "B-PER"}]}, {"base_span": [1071, 1081], "annotations": [{"nertag": "I-PER"}]}, {"base_span": [1082, 1084], "annotations": [{"nertag": "O"}]}, {"base_span": [1085, 1090], "annotations": [{"nertag": "O"}]}, {"base_span": [1091, 1099], "annotations": [{"nertag": "O"}]}, {"base_span": [1100, 1105], "annotations": [{"nertag": "O"}]}, {"base_span": [1106, 1111], "annotations": [{"nertag": "O"}]}, {"base_span": [1112, 1113], "annotations": [{"nertag": "O"}]}, {"base_span": [1113, 1114], "annotations": [{"nertag": "O"}]}, {"base_span": [1114, 1116], "annotations": [{"nertag": "O"}]}, {"base_span": [1116, 1117], "annotations": [{"nertag": "O"}]}, {"base_span": [1117, 1128], "annotations": [{"nertag": "O"}]}, {"base_span": [1129, 1134], "annotations": [{"nertag": "O"}]}, {"base_span": [1135, 1139], "annotations": [{"nertag": "O"}]}, {"base_span": [1140, 1144], "annotations": [{"nertag": "O"}]}, {"base_span": [1145, 1152], "annotations": [{"nertag": "O"}]}, {"base_span": [1152, 1153], "annotations": [{"nertag": "O"}]}, {"base_span": [1153, 1160], "annotations": [{"nertag": "O"}]}, {"base_span": [1161, 1166], "annotations": [{"nertag": "O"}]}, {"base_span": [1167, 1172], "annotations": [{"nertag": "B-PER"}]}, {"base_span": [1173, 1179], "annotations": [{"nertag": "I-PER"}]}, {"base_span": [1180, 1185], "annotations": [{"nertag": "O"}]}, {"base_span": [1186, 1190], "annotations": [{"nertag": "O"}]}, {"base_span": [1191, 1193], "annotations": [{"nertag": "O"}]}, {"base_span": [1194, 1200], "annotations": [{"nertag": "O"}]}, {"base_span": [1201, 1210], "annotations": [{"nertag": "O"}]}, {"base_span": [1211, 1212], "annotations": [{"nertag": "O"}]}, {"base_span": [1213, 1218], "annotations": [{"nertag": "O"}]}, {"base_span": [1219, 1223], "annotations": [{"nertag": "O"}]}, {"base_span": [1224, 1226], "annotations": [{"nertag": "O"}]}, {"base_span": [1227, 1228], "annotations": [{"nertag": "O"}]}, {"base_span": [1230, 1231], "annotations": [{"nertag": "O"}]}, {"base_span": [1231, 1232], "annotations": [{"nertag": "O"}]}, {"base_span": [1232, 1233], "annotations": [{"nertag": "O"}]}, {"base_span": [1234, 1239], "annotations": [{"nertag": "O"}]}, {"base_span": [1240, 1246], "annotations": [{"nertag": "O"}]}, {"base_span": [1247, 1252], "annotations": [{"nertag": "O"}]}, {"base_span": [1253, 1257], "annotations": [{"nertag": "O"}]}, {"base_span": [1258, 1263], "annotations": [{"nertag": "O"}]}, {"base_span": [1264, 1265], "annotations": [{"nertag": "O"}]}, {"base_span": [1266, 1271], "annotations": [{"nertag": "O"}]}, {"base_span": [1272, 1276], "annotations": [{"nertag": "O"}]}, {"base_span": [1277, 1279], "annotations": [{"nertag": "O"}]}, {"base_span": [1280, 1287], "annotations": [{"nertag": "O"}]}, {"base_span": [1288, 1293], "annotations": [{"nertag": "O"}]}, {"base_span": [1293, 1294], "annotations": [{"nertag": "O"}]}, {"base_span": [1295, 1298], "annotations": [{"nertag": "O"}]}, {"base_span": [1299, 1304], "annotations": [{"nertag": "O"}]}, {"base_span": [1305, 1311], "annotations": [{"nertag": "O"}]}, {"base_span": [1312, 1316], "annotations": [{"nertag": "B-PER"}]}, {"base_span": [1317, 1325], "annotations": [{"nertag": "I-PER"}]}, {"base_span": [1326, 1327], "annotations": [{"nertag": "O"}]}, {"base_span": [1327, 1328], "annotations": [{"nertag": "O"}]}, {"base_span": [1328, 1329], "annotations": [{"nertag": "O"}]}, {"base_span": [1329, 1330], "annotations": [{"nertag": "O"}]}, {"base_span": [1330, 1342], "annotations": [{"nertag": "O"}]}, {"base_span": [1343, 1347], "annotations": [{"nertag": "B-PER"}]}, {"base_span": [1348, 1358], "annotations": [{"nertag": "I-PER"}]}, {"base_span": [1359, 1360], "annotations": [{"nertag": "O"}]}, {"base_span": [1360, 1361], "annotations": [{"nertag": "O"}]}, {"base_span": [1361, 1362], "annotations": [{"nertag": "O"}]}, {"base_span": [1362, 1363], "annotations": [{"nertag": "O"}]}, {"base_span": [1363, 1367], "annotations": [{"nertag": "B-PER"}]}, {"base_span": [1368, 1375], "annotations": [{"nertag": "I-PER"}]}, {"base_span": [1376, 1377], "annotations": [{"nertag": "O"}]}, {"base_span": [1377, 1378], "annotations": [{"nertag": "O"}]}, {"base_span": [1378, 1379], "annotations": [{"nertag": "O"}]}]}]}