{"text": "\nKaebaja Maria Trei, Herma tütar Annialt kaebab, et tema olla Saunja weski perenaest ühe aasta teeninud, aga mitte kauba järel palka saanud, sest peale riide kauba lubanud perenaene Katharina Lutter temale 15ne rublalise poipalito osta, aga aasta lõpul toonud perenaene tale palito, mis olla pruugitud ja ei passida tema selga.\n\nKaebataw Katharina Lutter tõendab, et ta ei olla kauba juures mitte palito hinda määranud. Ta on tale palito toonud, mis 14 rbl. maksab, mida Maria Trei ei ole wastu wõtnud, ta on tale 8 rbl. raha pakkunud, aga Trei nõuab 15 rbl. palito asemel. Lutter kinnitab, et ta üle 8 rbl. mitte üks kopik ei maksa, sest kui ta on kaupa teinud kuulnud seda pealt Annialt Tüha Jüri ja Jagalast Jüri Wäljak.\n\nKohus nõuab neid järgmiseks kohtupäewaks uuesti ette ja saab need ülesantud tunnismehed nende walla politseide läbi seie kohtu ette nõudma, nii sama ka Maria Trei tunnistajat Ann Leppa.\n\n\n", "meta": {"origin_directory": "vallakohus_teine/"}, "layers": [{"name": "gold_ner", "attributes": ["nertag"], "parent": null, "enveloping": null, "ambiguous": false, "serialisation_module": null, "meta": {}, "spans": [{"base_span": [9, 19], "annotations": [{"nertag": "PER"}]}, {"base_span": [21, 26], "annotations": [{"nertag": "PER"}]}, {"base_span": [33, 40], "annotations": [{"nertag": "LOC"}]}, {"base_span": [62, 74], "annotations": [{"nertag": "LOC_ORG"}]}, {"base_span": [182, 198], "annotations": [{"nertag": "PER"}]}, {"base_span": [338, 354], "annotations": [{"nertag": "PER"}]}, {"base_span": [471, 481], "annotations": [{"nertag": "PER"}]}, {"base_span": [540, 544], "annotations": [{"nertag": "PER"}]}, {"base_span": [574, 580], "annotations": [{"nertag": "PER"}]}, {"base_span": [681, 688], "annotations": [{"nertag": "LOC"}]}, {"base_span": [689, 693], "annotations": [{"nertag": "LOC_ORG"}]}, {"base_span": [694, 698], "annotations": [{"nertag": "PER"}]}, {"base_span": [702, 710], "annotations": [{"nertag": "LOC"}]}, {"base_span": [711, 722], "annotations": [{"nertag": "PER"}]}, {"base_span": [877, 887], "annotations": [{"nertag": "PER"}]}, {"base_span": [900, 909], "annotations": [{"nertag": "PER"}]}]}, {"name": "gold_wordner", "attributes": ["nertag"], "parent": null, "enveloping": null, "ambiguous": false, "serialisation_module": null, "meta": {}, "spans": [{"base_span": [1, 8], "annotations": [{"nertag": "O"}]}, {"base_span": [9, 14], "annotations": [{"nertag": "B-PER"}]}, {"base_span": [15, 19], "annotations": [{"nertag": "I-PER"}]}, {"base_span": [19, 20], "annotations": [{"nertag": "O"}]}, {"base_span": [21, 26], "annotations": [{"nertag": "B-PER"}]}, {"base_span": [27, 32], "annotations": [{"nertag": "O"}]}, {"base_span": [33, 40], "annotations": [{"nertag": "B-LOC"}]}, {"base_span": [41, 47], "annotations": [{"nertag": "O"}]}, {"base_span": [47, 48], "annotations": [{"nertag": "O"}]}, {"base_span": [49, 51], "annotations": [{"nertag": "O"}]}, {"base_span": [52, 56], "annotations": [{"nertag": "O"}]}, {"base_span": [57, 61], "annotations": [{"nertag": "O"}]}, {"base_span": [62, 68], "annotations": [{"nertag": "B-LOC_ORG"}]}, {"base_span": [69, 74], "annotations": [{"nertag": "I-LOC_ORG"}]}, {"base_span": [75, 84], "annotations": [{"nertag": "O"}]}, {"base_span": [85, 88], "annotations": [{"nertag": "O"}]}, {"base_span": [89, 94], "annotations": [{"nertag": "O"}]}, {"base_span": [95, 103], "annotations": [{"nertag": "O"}]}, {"base_span": [103, 104], "annotations": [{"nertag": "O"}]}, {"base_span": [105, 108], "annotations": [{"nertag": "O"}]}, {"base_span": [109, 114], "annotations": [{"nertag": "O"}]}, {"base_span": [115, 120], "annotations": [{"nertag": "O"}]}, {"base_span": [121, 126], "annotations": [{"nertag": "O"}]}, {"base_span": [127, 132], "annotations": [{"nertag": "O"}]}, {"base_span": [133, 139], "annotations": [{"nertag": "O"}]}, {"base_span": [139, 140], "annotations": [{"nertag": "O"}]}, {"base_span": [141, 145], "annotations": [{"nertag": "O"}]}, {"base_span": [146, 151], "annotations": [{"nertag": "O"}]}, {"base_span": [152, 157], "annotations": [{"nertag": "O"}]}, {"base_span": [158, 163], "annotations": [{"nertag": "O"}]}, {"base_span": [164, 171], "annotations": [{"nertag": "O"}]}, {"base_span": [172, 181], "annotations": [{"nertag": "O"}]}, {"base_span": [182, 191], "annotations": [{"nertag": "B-PER"}]}, {"base_span": [192, 198], "annotations": [{"nertag": "I-PER"}]}, {"base_span": [199, 205], "annotations": [{"nertag": "O"}]}, {"base_span": [206, 210], "annotations": [{"nertag": "O"}]}, {"base_span": [211, 220], "annotations": [{"nertag": "O"}]}, {"base_span": [221, 230], "annotations": [{"nertag": "O"}]}, {"base_span": [231, 235], "annotations": [{"nertag": "O"}]}, {"base_span": [235, 236], "annotations": [{"nertag": "O"}]}, {"base_span": [237, 240], "annotations": [{"nertag": "O"}]}, {"base_span": [241, 246], "annotations": [{"nertag": "O"}]}, {"base_span": [247, 252], "annotations": [{"nertag": "O"}]}, {"base_span": [253, 259], "annotations": [{"nertag": "O"}]}, {"base_span": [260, 269], "annotations": [{"nertag": "O"}]}, {"base_span": [270, 274], "annotations": [{"nertag": "O"}]}, {"base_span": [275, 281], "annotations": [{"nertag": "O"}]}, {"base_span": [281, 282], "annotations": [{"nertag": "O"}]}, {"base_span": [283, 286], "annotations": [{"nertag": "O"}]}, {"base_span": [287, 291], "annotations": [{"nertag": "O"}]}, {"base_span": [292, 301], "annotations": [{"nertag": "O"}]}, {"base_span": [302, 304], "annotations": [{"nertag": "O"}]}, {"base_span": [305, 307], "annotations": [{"nertag": "O"}]}, {"base_span": [308, 315], "annotations": [{"nertag": "O"}]}, {"base_span": [316, 320], "annotations": [{"nertag": "O"}]}, {"base_span": [321, 326], "annotations": [{"nertag": "O"}]}, {"base_span": [326, 327], "annotations": [{"nertag": "O"}]}, {"base_span": [329, 337], "annotations": [{"nertag": "O"}]}, {"base_span": [338, 347], "annotations": [{"nertag": "B-PER"}]}, {"base_span": [348, 354], "annotations": [{"nertag": "I-PER"}]}, {"base_span": [355, 362], "annotations": [{"nertag": "O"}]}, {"base_span": [362, 363], "annotations": [{"nertag": "O"}]}, {"base_span": [364, 366], "annotations": [{"nertag": "O"}]}, {"base_span": [367, 369], "annotations": [{"nertag": "O"}]}, {"base_span": [370, 372], "annotations": [{"nertag": "O"}]}, {"base_span": [373, 377], "annotations": [{"nertag": "O"}]}, {"base_span": [378, 383], "annotations": [{"nertag": "O"}]}, {"base_span": [384, 390], "annotations": [{"nertag": "O"}]}, {"base_span": [391, 396], "annotations": [{"nertag": "O"}]}, {"base_span": [397, 403], "annotations": [{"nertag": "O"}]}, {"base_span": [404, 409], "annotations": [{"nertag": "O"}]}, {"base_span": [410, 418], "annotations": [{"nertag": "O"}]}, {"base_span": [418, 419], "annotations": [{"nertag": "O"}]}, {"base_span": [420, 422], "annotations": [{"nertag": "O"}]}, {"base_span": [423, 425], "annotations": [{"nertag": "O"}]}, {"base_span": [426, 430], "annotations": [{"nertag": "O"}]}, {"base_span": [431, 437], "annotations": [{"nertag": "O"}]}, {"base_span": [438, 444], "annotations": [{"nertag": "O"}]}, {"base_span": [444, 445], "annotations": [{"nertag": "O"}]}, {"base_span": [446, 449], "annotations": [{"nertag": "O"}]}, {"base_span": [450, 452], "annotations": [{"nertag": "O"}]}, {"base_span": [453, 456], "annotations": [{"nertag": "O"}]}, {"base_span": [456, 457], "annotations": [{"nertag": "O"}]}, {"base_span": [458, 464], "annotations": [{"nertag": "O"}]}, {"base_span": [464, 465], "annotations": [{"nertag": "O"}]}, {"base_span": [466, 470], "annotations": [{"nertag": "O"}]}, {"base_span": [471, 476], "annotations": [{"nertag": "B-PER"}]}, {"base_span": [477, 481], "annotations": [{"nertag": "I-PER"}]}, {"base_span": [482, 484], "annotations": [{"nertag": "O"}]}, {"base_span": [485, 488], "annotations": [{"nertag": "O"}]}, {"base_span": [489, 494], "annotations": [{"nertag": "O"}]}, {"base_span": [495, 501], "annotations": [{"nertag": "O"}]}, {"base_span": [501, 502], "annotations": [{"nertag": "O"}]}, {"base_span": [503, 505], "annotations": [{"nertag": "O"}]}, {"base_span": [506, 508], "annotations": [{"nertag": "O"}]}, {"base_span": [509, 513], "annotations": [{"nertag": "O"}]}, {"base_span": [514, 515], "annotations": [{"nertag": "O"}]}, {"base_span": [516, 519], "annotations": [{"nertag": "O"}]}, {"base_span": [519, 520], "annotations": [{"nertag": "O"}]}, {"base_span": [521, 525], "annotations": [{"nertag": "O"}]}, {"base_span": [526, 534], "annotations": [{"nertag": "O"}]}, {"base_span": [534, 535], "annotations": [{"nertag": "O"}]}, {"base_span": [536, 539], "annotations": [{"nertag": "O"}]}, {"base_span": [540, 544], "annotations": [{"nertag": "B-PER"}]}, {"base_span": [545, 550], "annotations": [{"nertag": "O"}]}, {"base_span": [551, 553], "annotations": [{"nertag": "O"}]}, {"base_span": [554, 557], "annotations": [{"nertag": "O"}]}, {"base_span": [557, 558], "annotations": [{"nertag": "O"}]}, {"base_span": [559, 565], "annotations": [{"nertag": "O"}]}, {"base_span": [566, 572], "annotations": [{"nertag": "O"}]}, {"base_span": [572, 573], "annotations": [{"nertag": "O"}]}, {"base_span": [574, 580], "annotations": [{"nertag": "B-PER"}]}, {"base_span": [581, 589], "annotations": [{"nertag": "O"}]}, {"base_span": [589, 590], "annotations": [{"nertag": "O"}]}, {"base_span": [591, 593], "annotations": [{"nertag": "O"}]}, {"base_span": [594, 596], "annotations": [{"nertag": "O"}]}, {"base_span": [597, 600], "annotations": [{"nertag": "O"}]}, {"base_span": [601, 602], "annotations": [{"nertag": "O"}]}, {"base_span": [603, 606], "annotations": [{"nertag": "O"}]}, {"base_span": [606, 607], "annotations": [{"nertag": "O"}]}, {"base_span": [608, 613], "annotations": [{"nertag": "O"}]}, {"base_span": [614, 617], "annotations": [{"nertag": "O"}]}, {"base_span": [618, 623], "annotations": [{"nertag": "O"}]}, {"base_span": [624, 626], "annotations": [{"nertag": "O"}]}, {"base_span": [627, 632], "annotations": [{"nertag": "O"}]}, {"base_span": [632, 633], "annotations": [{"nertag": "O"}]}, {"base_span": [634, 638], "annotations": [{"nertag": "O"}]}, {"base_span": [639, 642], "annotations": [{"nertag": "O"}]}, {"base_span": [643, 645], "annotations": [{"nertag": "O"}]}, {"base_span": [646, 648], "annotations": [{"nertag": "O"}]}, {"base_span": [649, 654], "annotations": [{"nertag": "O"}]}, {"base_span": [655, 661], "annotations": [{"nertag": "O"}]}, {"base_span": [662, 669], "annotations": [{"nertag": "O"}]}, {"base_span": [670, 674], "annotations": [{"nertag": "O"}]}, {"base_span": [675, 680], "annotations": [{"nertag": "O"}]}, {"base_span": [681, 688], "annotations": [{"nertag": "B-LOC"}]}, {"base_span": [689, 693], "annotations": [{"nertag": "B-LOC_ORG"}]}, {"base_span": [694, 698], "annotations": [{"nertag": "B-PER"}]}, {"base_span": [699, 701], "annotations": [{"nertag": "O"}]}, {"base_span": [702, 710], "annotations": [{"nertag": "B-LOC"}]}, {"base_span": [711, 715], "annotations": [{"nertag": "B-PER"}]}, {"base_span": [716, 722], "annotations": [{"nertag": "I-PER"}]}, {"base_span": [722, 723], "annotations": [{"nertag": "O"}]}, {"base_span": [725, 730], "annotations": [{"nertag": "O"}]}, {"base_span": [731, 736], "annotations": [{"nertag": "O"}]}, {"base_span": [737, 741], "annotations": [{"nertag": "O"}]}, {"base_span": [742, 752], "annotations": [{"nertag": "O"}]}, {"base_span": [753, 765], "annotations": [{"nertag": "O"}]}, {"base_span": [766, 772], "annotations": [{"nertag": "O"}]}, {"base_span": [773, 777], "annotations": [{"nertag": "O"}]}, {"base_span": [778, 780], "annotations": [{"nertag": "O"}]}, {"base_span": [781, 785], "annotations": [{"nertag": "O"}]}, {"base_span": [786, 790], "annotations": [{"nertag": "O"}]}, {"base_span": [791, 800], "annotations": [{"nertag": "O"}]}, {"base_span": [801, 812], "annotations": [{"nertag": "O"}]}, {"base_span": [813, 818], "annotations": [{"nertag": "O"}]}, {"base_span": [819, 824], "annotations": [{"nertag": "O"}]}, {"base_span": [825, 835], "annotations": [{"nertag": "O"}]}, {"base_span": [836, 840], "annotations": [{"nertag": "O"}]}, {"base_span": [841, 845], "annotations": [{"nertag": "O"}]}, {"base_span": [846, 851], "annotations": [{"nertag": "O"}]}, {"base_span": [852, 856], "annotations": [{"nertag": "O"}]}, {"base_span": [857, 863], "annotations": [{"nertag": "O"}]}, {"base_span": [863, 864], "annotations": [{"nertag": "O"}]}, {"base_span": [865, 868], "annotations": [{"nertag": "O"}]}, {"base_span": [869, 873], "annotations": [{"nertag": "O"}]}, {"base_span": [874, 876], "annotations": [{"nertag": "O"}]}, {"base_span": [877, 882], "annotations": [{"nertag": "B-PER"}]}, {"base_span": [883, 887], "annotations": [{"nertag": "I-PER"}]}, {"base_span": [888, 899], "annotations": [{"nertag": "O"}]}, {"base_span": [900, 903], "annotations": [{"nertag": "B-PER"}]}, {"base_span": [904, 909], "annotations": [{"nertag": "I-PER"}]}, {"base_span": [909, 910], "annotations": [{"nertag": "O"}]}]}]}