{"text": "\nKohtu ette tuli Rabiwere mõisa kutsari tütar Kristine Wiisengrün ja kaebas: Mina oli 17 (seitsmeteist kümnemal) Juulikuu päewal Rabiwere Raadiku kõrtsis. Seal tuli Lepiku pere sulane Kaarel Oolup (Pajaka wallast pärit) ja sõimas mind seaks ja tolaks; selle peale ütlesin mina: kes teisele seda ütleb, see ise wõib see olla. Kui mina koju hakkasin minema, siis tuli Kaarel Oolup arwata sada sammu kõrtsust eemal, tee peal minu järel, lõi rusikaga mulle kuklasse nonda et ma maha kukkusin ja ninast weri wälja tuli.\n\nKui Kaarel Oolup ette kutsutut sai, siis ütles ta, et tema mitte tüdrukut põle löönud, waid wähe lükanud; sõimamist ei mäletada ta sugugi, sest et ta siis wäga joobnud olnud. Et Kristine nina rätik weel sest ajast saadik werine oli, oli selge tunnistus, et Kaarel Oolup teda löönud oli.\n\nKohus mõistis et Kaarel Oolup peab 5 (wiis) rubla maksma 3 (kolm) rubla tüdrukule lööma eest ja 2 (kaks) rubla trahwi walla laekasse.\n\n\n", "meta": {"origin_directory": "vallakohus_teine/"}, "layers": [{"name": "gold_ner", "attributes": ["nertag"], "parent": null, "enveloping": null, "ambiguous": false, "serialisation_module": null, "meta": {}, "spans": [{"base_span": [17, 31], "annotations": [{"nertag": "LOC_ORG"}]}, {"base_span": [46, 65], "annotations": [{"nertag": "PER"}]}, {"base_span": [129, 137], "annotations": [{"nertag": "LOC_ORG"}]}, {"base_span": [138, 153], "annotations": [{"nertag": "LOC_ORG"}]}, {"base_span": [165, 176], "annotations": [{"nertag": "LOC_ORG"}]}, {"base_span": [184, 196], "annotations": [{"nertag": "PER"}]}, {"base_span": [198, 212], "annotations": [{"nertag": "LOC_ORG"}]}, {"base_span": [366, 378], "annotations": [{"nertag": "PER"}]}, {"base_span": [520, 532], "annotations": [{"nertag": "PER"}]}, {"base_span": [694, 702], "annotations": [{"nertag": "PER"}]}, {"base_span": [773, 785], "annotations": [{"nertag": "PER"}]}, {"base_span": [821, 833], "annotations": [{"nertag": "PER"}]}]}, {"name": "gold_wordner", "attributes": ["nertag"], "parent": null, "enveloping": null, "ambiguous": false, "serialisation_module": null, "meta": {}, "spans": [{"base_span": [1, 6], "annotations": [{"nertag": "O"}]}, {"base_span": [7, 11], "annotations": [{"nertag": "O"}]}, {"base_span": [12, 16], "annotations": [{"nertag": "O"}]}, {"base_span": [17, 25], "annotations": [{"nertag": "B-LOC_ORG"}]}, {"base_span": [26, 31], "annotations": [{"nertag": "I-LOC_ORG"}]}, {"base_span": [32, 39], "annotations": [{"nertag": "O"}]}, {"base_span": [40, 45], "annotations": [{"nertag": "O"}]}, {"base_span": [46, 54], "annotations": [{"nertag": "B-PER"}]}, {"base_span": [55, 65], "annotations": [{"nertag": "I-PER"}]}, {"base_span": [66, 68], "annotations": [{"nertag": "O"}]}, {"base_span": [69, 75], "annotations": [{"nertag": "O"}]}, {"base_span": [75, 76], "annotations": [{"nertag": "O"}]}, {"base_span": [77, 81], "annotations": [{"nertag": "O"}]}, {"base_span": [82, 85], "annotations": [{"nertag": "O"}]}, {"base_span": [86, 88], "annotations": [{"nertag": "O"}]}, {"base_span": [89, 90], "annotations": [{"nertag": "O"}]}, {"base_span": [90, 102], "annotations": [{"nertag": "O"}]}, {"base_span": [103, 111], "annotations": [{"nertag": "O"}]}, {"base_span": [111, 112], "annotations": [{"nertag": "O"}]}, {"base_span": [113, 121], "annotations": [{"nertag": "O"}]}, {"base_span": [122, 128], "annotations": [{"nertag": "O"}]}, {"base_span": [129, 137], "annotations": [{"nertag": "B-LOC_ORG"}]}, {"base_span": [138, 145], "annotations": [{"nertag": "B-LOC_ORG"}]}, {"base_span": [146, 153], "annotations": [{"nertag": "I-LOC_ORG"}]}, {"base_span": [153, 154], "annotations": [{"nertag": "O"}]}, {"base_span": [155, 159], "annotations": [{"nertag": "O"}]}, {"base_span": [160, 164], "annotations": [{"nertag": "O"}]}, {"base_span": [165, 171], "annotations": [{"nertag": "B-LOC_ORG"}]}, {"base_span": [172, 176], "annotations": [{"nertag": "I-LOC_ORG"}]}, {"base_span": [177, 183], "annotations": [{"nertag": "O"}]}, {"base_span": [184, 190], "annotations": [{"nertag": "B-PER"}]}, {"base_span": [191, 196], "annotations": [{"nertag": "I-PER"}]}, {"base_span": [197, 198], "annotations": [{"nertag": "O"}]}, {"base_span": [198, 204], "annotations": [{"nertag": "B-LOC_ORG"}]}, {"base_span": [205, 212], "annotations": [{"nertag": "I-LOC_ORG"}]}, {"base_span": [213, 218], "annotations": [{"nertag": "O"}]}, {"base_span": [218, 219], "annotations": [{"nertag": "O"}]}, {"base_span": [220, 222], "annotations": [{"nertag": "O"}]}, {"base_span": [223, 229], "annotations": [{"nertag": "O"}]}, {"base_span": [230, 234], "annotations": [{"nertag": "O"}]}, {"base_span": [235, 240], "annotations": [{"nertag": "O"}]}, {"base_span": [241, 243], "annotations": [{"nertag": "O"}]}, {"base_span": [244, 250], "annotations": [{"nertag": "O"}]}, {"base_span": [250, 251], "annotations": [{"nertag": "O"}]}, {"base_span": [252, 257], "annotations": [{"nertag": "O"}]}, {"base_span": [258, 263], "annotations": [{"nertag": "O"}]}, {"base_span": [264, 271], "annotations": [{"nertag": "O"}]}, {"base_span": [272, 276], "annotations": [{"nertag": "O"}]}, {"base_span": [276, 277], "annotations": [{"nertag": "O"}]}, {"base_span": [278, 281], "annotations": [{"nertag": "O"}]}, {"base_span": [282, 289], "annotations": [{"nertag": "O"}]}, {"base_span": [290, 294], "annotations": [{"nertag": "O"}]}, {"base_span": [295, 300], "annotations": [{"nertag": "O"}]}, {"base_span": [300, 301], "annotations": [{"nertag": "O"}]}, {"base_span": [302, 305], "annotations": [{"nertag": "O"}]}, {"base_span": [306, 309], "annotations": [{"nertag": "O"}]}, {"base_span": [310, 314], "annotations": [{"nertag": "O"}]}, {"base_span": [315, 318], "annotations": [{"nertag": "O"}]}, {"base_span": [319, 323], "annotations": [{"nertag": "O"}]}, {"base_span": [323, 324], "annotations": [{"nertag": "O"}]}, {"base_span": [325, 328], "annotations": [{"nertag": "O"}]}, {"base_span": [329, 333], "annotations": [{"nertag": "O"}]}, {"base_span": [334, 338], "annotations": [{"nertag": "O"}]}, {"base_span": [339, 347], "annotations": [{"nertag": "O"}]}, {"base_span": [348, 354], "annotations": [{"nertag": "O"}]}, {"base_span": [354, 355], "annotations": [{"nertag": "O"}]}, {"base_span": [356, 360], "annotations": [{"nertag": "O"}]}, {"base_span": [361, 365], "annotations": [{"nertag": "O"}]}, {"base_span": [366, 372], "annotations": [{"nertag": "B-PER"}]}, {"base_span": [373, 378], "annotations": [{"nertag": "I-PER"}]}, {"base_span": [379, 385], "annotations": [{"nertag": "O"}]}, {"base_span": [386, 390], "annotations": [{"nertag": "O"}]}, {"base_span": [391, 396], "annotations": [{"nertag": "O"}]}, {"base_span": [397, 405], "annotations": [{"nertag": "O"}]}, {"base_span": [406, 411], "annotations": [{"nertag": "O"}]}, {"base_span": [411, 412], "annotations": [{"nertag": "O"}]}, {"base_span": [413, 416], "annotations": [{"nertag": "O"}]}, {"base_span": [417, 421], "annotations": [{"nertag": "O"}]}, {"base_span": [422, 426], "annotations": [{"nertag": "O"}]}, {"base_span": [427, 432], "annotations": [{"nertag": "O"}]}, {"base_span": [432, 433], "annotations": [{"nertag": "O"}]}, {"base_span": [434, 437], "annotations": [{"nertag": "O"}]}, {"base_span": [438, 446], "annotations": [{"nertag": "O"}]}, {"base_span": [447, 452], "annotations": [{"nertag": "O"}]}, {"base_span": [453, 461], "annotations": [{"nertag": "O"}]}, {"base_span": [462, 467], "annotations": [{"nertag": "O"}]}, {"base_span": [468, 470], "annotations": [{"nertag": "O"}]}, {"base_span": [471, 473], "annotations": [{"nertag": "O"}]}, {"base_span": [474, 478], "annotations": [{"nertag": "O"}]}, {"base_span": [479, 487], "annotations": [{"nertag": "O"}]}, {"base_span": [488, 490], "annotations": [{"nertag": "O"}]}, {"base_span": [491, 497], "annotations": [{"nertag": "O"}]}, {"base_span": [498, 502], "annotations": [{"nertag": "O"}]}, {"base_span": [503, 508], "annotations": [{"nertag": "O"}]}, {"base_span": [509, 513], "annotations": [{"nertag": "O"}]}, {"base_span": [513, 514], "annotations": [{"nertag": "O"}]}, {"base_span": [516, 519], "annotations": [{"nertag": "O"}]}, {"base_span": [520, 526], "annotations": [{"nertag": "B-PER"}]}, {"base_span": [527, 532], "annotations": [{"nertag": "I-PER"}]}, {"base_span": [533, 537], "annotations": [{"nertag": "O"}]}, {"base_span": [538, 546], "annotations": [{"nertag": "O"}]}, {"base_span": [547, 550], "annotations": [{"nertag": "O"}]}, {"base_span": [550, 551], "annotations": [{"nertag": "O"}]}, {"base_span": [552, 556], "annotations": [{"nertag": "O"}]}, {"base_span": [557, 562], "annotations": [{"nertag": "O"}]}, {"base_span": [563, 565], "annotations": [{"nertag": "O"}]}, {"base_span": [565, 566], "annotations": [{"nertag": "O"}]}, {"base_span": [567, 569], "annotations": [{"nertag": "O"}]}, {"base_span": [570, 574], "annotations": [{"nertag": "O"}]}, {"base_span": [575, 580], "annotations": [{"nertag": "O"}]}, {"base_span": [581, 589], "annotations": [{"nertag": "O"}]}, {"base_span": [590, 594], "annotations": [{"nertag": "O"}]}, {"base_span": [595, 601], "annotations": [{"nertag": "O"}]}, {"base_span": [601, 602], "annotations": [{"nertag": "O"}]}, {"base_span": [603, 607], "annotations": [{"nertag": "O"}]}, {"base_span": [608, 612], "annotations": [{"nertag": "O"}]}, {"base_span": [613, 620], "annotations": [{"nertag": "O"}]}, {"base_span": [620, 621], "annotations": [{"nertag": "O"}]}, {"base_span": [622, 631], "annotations": [{"nertag": "O"}]}, {"base_span": [632, 634], "annotations": [{"nertag": "O"}]}, {"base_span": [635, 643], "annotations": [{"nertag": "O"}]}, {"base_span": [644, 646], "annotations": [{"nertag": "O"}]}, {"base_span": [647, 653], "annotations": [{"nertag": "O"}]}, {"base_span": [653, 654], "annotations": [{"nertag": "O"}]}, {"base_span": [655, 659], "annotations": [{"nertag": "O"}]}, {"base_span": [660, 662], "annotations": [{"nertag": "O"}]}, {"base_span": [663, 665], "annotations": [{"nertag": "O"}]}, {"base_span": [666, 670], "annotations": [{"nertag": "O"}]}, {"base_span": [671, 675], "annotations": [{"nertag": "O"}]}, {"base_span": [676, 683], "annotations": [{"nertag": "O"}]}, {"base_span": [684, 689], "annotations": [{"nertag": "O"}]}, {"base_span": [689, 690], "annotations": [{"nertag": "O"}]}, {"base_span": [691, 693], "annotations": [{"nertag": "O"}]}, {"base_span": [694, 702], "annotations": [{"nertag": "B-PER"}]}, {"base_span": [703, 707], "annotations": [{"nertag": "O"}]}, {"base_span": [708, 713], "annotations": [{"nertag": "O"}]}, {"base_span": [714, 718], "annotations": [{"nertag": "O"}]}, {"base_span": [719, 723], "annotations": [{"nertag": "O"}]}, {"base_span": [724, 729], "annotations": [{"nertag": "O"}]}, {"base_span": [730, 736], "annotations": [{"nertag": "O"}]}, {"base_span": [737, 743], "annotations": [{"nertag": "O"}]}, {"base_span": [744, 747], "annotations": [{"nertag": "O"}]}, {"base_span": [747, 748], "annotations": [{"nertag": "O"}]}, {"base_span": [749, 752], "annotations": [{"nertag": "O"}]}, {"base_span": [753, 758], "annotations": [{"nertag": "O"}]}, {"base_span": [759, 768], "annotations": [{"nertag": "O"}]}, {"base_span": [768, 769], "annotations": [{"nertag": "O"}]}, {"base_span": [770, 772], "annotations": [{"nertag": "O"}]}, {"base_span": [773, 779], "annotations": [{"nertag": "B-PER"}]}, {"base_span": [780, 785], "annotations": [{"nertag": "I-PER"}]}, {"base_span": [786, 790], "annotations": [{"nertag": "O"}]}, {"base_span": [791, 797], "annotations": [{"nertag": "O"}]}, {"base_span": [798, 801], "annotations": [{"nertag": "O"}]}, {"base_span": [801, 802], "annotations": [{"nertag": "O"}]}, {"base_span": [804, 809], "annotations": [{"nertag": "O"}]}, {"base_span": [810, 817], "annotations": [{"nertag": "O"}]}, {"base_span": [818, 820], "annotations": [{"nertag": "O"}]}, {"base_span": [821, 827], "annotations": [{"nertag": "B-PER"}]}, {"base_span": [828, 833], "annotations": [{"nertag": "I-PER"}]}, {"base_span": [834, 838], "annotations": [{"nertag": "O"}]}, {"base_span": [839, 840], "annotations": [{"nertag": "O"}]}, {"base_span": [841, 842], "annotations": [{"nertag": "O"}]}, {"base_span": [842, 846], "annotations": [{"nertag": "O"}]}, {"base_span": [846, 847], "annotations": [{"nertag": "O"}]}, {"base_span": [848, 853], "annotations": [{"nertag": "O"}]}, {"base_span": [854, 860], "annotations": [{"nertag": "O"}]}, {"base_span": [861, 862], "annotations": [{"nertag": "O"}]}, {"base_span": [863, 864], "annotations": [{"nertag": "O"}]}, {"base_span": [864, 868], "annotations": [{"nertag": "O"}]}, {"base_span": [868, 869], "annotations": [{"nertag": "O"}]}, {"base_span": [870, 875], "annotations": [{"nertag": "O"}]}, {"base_span": [876, 885], "annotations": [{"nertag": "O"}]}, {"base_span": [886, 891], "annotations": [{"nertag": "O"}]}, {"base_span": [892, 896], "annotations": [{"nertag": "O"}]}, {"base_span": [897, 899], "annotations": [{"nertag": "O"}]}, {"base_span": [900, 901], "annotations": [{"nertag": "O"}]}, {"base_span": [902, 903], "annotations": [{"nertag": "O"}]}, {"base_span": [903, 907], "annotations": [{"nertag": "O"}]}, {"base_span": [907, 908], "annotations": [{"nertag": "O"}]}, {"base_span": [909, 914], "annotations": [{"nertag": "O"}]}, {"base_span": [915, 921], "annotations": [{"nertag": "O"}]}, {"base_span": [922, 927], "annotations": [{"nertag": "O"}]}, {"base_span": [928, 936], "annotations": [{"nertag": "O"}]}, {"base_span": [936, 937], "annotations": [{"nertag": "O"}]}]}]}