{"text": "\nEtte tulli Koddaso moisa metsawahti Jakob Tominga naene An ja kaebas Woldemar Pahlbergi peäle, kes ka Koddasost, et temma Woldemar Pahlbergi lapse seljast särki leidnud, mis temma 1868 kewwadel warrastud kangast on tehtud, ja tõi sedda särki ja näitas ka sest warrastud kangast üht järrel jänud ride äärt, mis üks näitas ollewad.\n\nWoldemar Pahlberg sai omma naese Annaga ette kutsutud, ja selle särgi pärrast, mis lapse seljast leitud, küssitud, kust nad sedda riet ollid wõtnud, kellest nad sedda lapse särki ollid teinud? Woldemar Pahlberg wastas omma naesega, et nad sedda riet Haljawast rohkem kui 1 künar ollid 18 kop. eest ostnud, ja 13 kop. eest ka üks tük takkust ried seält sammast ostnud. Sai küssitud, kust nad rahha ollid wõtnud? Woldemar ütles Kabberneme rannastLeno Lillebergi käest 5 rubla rahha tonud. Sai küssitud Woldemari käest: mil aial ta sedda rahha olli tonud? Woldemar ütles kewwade 3 rubla tonud heinama peäle, ja süggise pool said 2 rubla weel jure.\nAnna käest sai küssitud sedda aega, mil se rahha olli saand todud? Anna ütles Mardi päwa eel 3 rubla tonud, ja sest sedda ride rahha maksnud agga sedda aega, mil se 2 rubla todud, ei teadnud Anna mitte nimmetada.\nOtsus. On saand moistetud: Woldemar Pahlberg, kes selle särgi ja ride prowi üks ollemisse ja seggase jutto pärrast, selle laenatud rahha ülle, on saand wargaks arwatud, maksab selle 30 küünra warrastud linnase ride eest 4 Rubla 50 kop. Mihklipäwaks koggukonna kohtusse An Tomingale ja wargusse trahwiks saab Woldemar Pahlberg 20 hopi witso, ja Anna saab 24 tunni peäle wangi.\n\n\n", "meta": {"origin_directory": "vallakohus_neljas/"}, "layers": [{"name": "gold_ner", "attributes": ["nertag"], "parent": null, "enveloping": null, "ambiguous": false, "serialisation_module": null, "meta": {}, "spans": [{"base_span": [12, 25], "annotations": [{"nertag": "LOC_ORG"}]}, {"base_span": [37, 50], "annotations": [{"nertag": "PER"}]}, {"base_span": [57, 59], "annotations": [{"nertag": "PER"}]}, {"base_span": [70, 88], "annotations": [{"nertag": "PER"}]}, {"base_span": [103, 112], "annotations": [{"nertag": "LOC"}]}, {"base_span": [123, 141], "annotations": [{"nertag": "PER"}]}, {"base_span": [332, 349], "annotations": [{"nertag": "PER"}]}, {"base_span": [365, 371], "annotations": [{"nertag": "PER"}]}, {"base_span": [525, 542], "annotations": [{"nertag": "PER"}]}, {"base_span": [582, 591], "annotations": [{"nertag": "LOC"}]}, {"base_span": [743, 751], "annotations": [{"nertag": "PER"}]}, {"base_span": [758, 776], "annotations": [{"nertag": "LOC"}]}, {"base_span": [776, 791], "annotations": [{"nertag": "PER"}]}, {"base_span": [832, 841], "annotations": [{"nertag": "PER"}]}, {"base_span": [885, 893], "annotations": [{"nertag": "PER"}]}, {"base_span": [977, 981], "annotations": [{"nertag": "PER"}]}, {"base_span": [1044, 1048], "annotations": [{"nertag": "PER"}]}, {"base_span": [1168, 1172], "annotations": [{"nertag": "PER"}]}, {"base_span": [1217, 1234], "annotations": [{"nertag": "PER"}]}, {"base_span": [1459, 1471], "annotations": [{"nertag": "PER"}]}, {"base_span": [1498, 1515], "annotations": [{"nertag": "PER"}]}, {"base_span": [1534, 1538], "annotations": [{"nertag": "PER"}]}]}, {"name": "gold_wordner", "attributes": ["nertag"], "parent": null, "enveloping": null, "ambiguous": false, "serialisation_module": null, "meta": {}, "spans": [{"base_span": [1, 5], "annotations": [{"nertag": "O"}]}, {"base_span": [6, 11], "annotations": [{"nertag": "O"}]}, {"base_span": [12, 19], "annotations": [{"nertag": "B-LOC_ORG"}]}, {"base_span": [20, 25], "annotations": [{"nertag": "I-LOC_ORG"}]}, {"base_span": [26, 36], "annotations": [{"nertag": "O"}]}, {"base_span": [37, 42], "annotations": [{"nertag": "B-PER"}]}, {"base_span": [43, 50], "annotations": [{"nertag": "I-PER"}]}, {"base_span": [51, 56], "annotations": [{"nertag": "O"}]}, {"base_span": [57, 59], "annotations": [{"nertag": "B-PER"}]}, {"base_span": [60, 62], "annotations": [{"nertag": "O"}]}, {"base_span": [63, 69], "annotations": [{"nertag": "O"}]}, {"base_span": [70, 78], "annotations": [{"nertag": "B-PER"}]}, {"base_span": [79, 88], "annotations": [{"nertag": "I-PER"}]}, {"base_span": [89, 94], "annotations": [{"nertag": "O"}]}, {"base_span": [94, 95], "annotations": [{"nertag": "O"}]}, {"base_span": [96, 99], "annotations": [{"nertag": "O"}]}, {"base_span": [100, 102], "annotations": [{"nertag": "O"}]}, {"base_span": [103, 112], "annotations": [{"nertag": "B-LOC"}]}, {"base_span": [112, 113], "annotations": [{"nertag": "O"}]}, {"base_span": [114, 116], "annotations": [{"nertag": "O"}]}, {"base_span": [117, 122], "annotations": [{"nertag": "O"}]}, {"base_span": [123, 131], "annotations": [{"nertag": "B-PER"}]}, {"base_span": [132, 141], "annotations": [{"nertag": "I-PER"}]}, {"base_span": [142, 147], "annotations": [{"nertag": "O"}]}, {"base_span": [148, 155], "annotations": [{"nertag": "O"}]}, {"base_span": [156, 161], "annotations": [{"nertag": "O"}]}, {"base_span": [162, 169], "annotations": [{"nertag": "O"}]}, {"base_span": [169, 170], "annotations": [{"nertag": "O"}]}, {"base_span": [171, 174], "annotations": [{"nertag": "O"}]}, {"base_span": [175, 180], "annotations": [{"nertag": "O"}]}, {"base_span": [181, 185], "annotations": [{"nertag": "O"}]}, {"base_span": [186, 194], "annotations": [{"nertag": "O"}]}, {"base_span": [195, 204], "annotations": [{"nertag": "O"}]}, {"base_span": [205, 212], "annotations": [{"nertag": "O"}]}, {"base_span": [213, 215], "annotations": [{"nertag": "O"}]}, {"base_span": [216, 222], "annotations": [{"nertag": "O"}]}, {"base_span": [222, 223], "annotations": [{"nertag": "O"}]}, {"base_span": [224, 226], "annotations": [{"nertag": "O"}]}, {"base_span": [227, 230], "annotations": [{"nertag": "O"}]}, {"base_span": [231, 236], "annotations": [{"nertag": "O"}]}, {"base_span": [237, 242], "annotations": [{"nertag": "O"}]}, {"base_span": [243, 245], "annotations": [{"nertag": "O"}]}, {"base_span": [246, 252], "annotations": [{"nertag": "O"}]}, {"base_span": [253, 255], "annotations": [{"nertag": "O"}]}, {"base_span": [256, 260], "annotations": [{"nertag": "O"}]}, {"base_span": [261, 270], "annotations": [{"nertag": "O"}]}, {"base_span": [271, 278], "annotations": [{"nertag": "O"}]}, {"base_span": [279, 282], "annotations": [{"nertag": "O"}]}, {"base_span": [283, 289], "annotations": [{"nertag": "O"}]}, {"base_span": [290, 295], "annotations": [{"nertag": "O"}]}, {"base_span": [296, 300], "annotations": [{"nertag": "O"}]}, {"base_span": [301, 305], "annotations": [{"nertag": "O"}]}, {"base_span": [305, 306], "annotations": [{"nertag": "O"}]}, {"base_span": [307, 310], "annotations": [{"nertag": "O"}]}, {"base_span": [311, 314], "annotations": [{"nertag": "O"}]}, {"base_span": [315, 321], "annotations": [{"nertag": "O"}]}, {"base_span": [322, 329], "annotations": [{"nertag": "O"}]}, {"base_span": [329, 330], "annotations": [{"nertag": "O"}]}, {"base_span": [332, 340], "annotations": [{"nertag": "B-PER"}]}, {"base_span": [341, 349], "annotations": [{"nertag": "I-PER"}]}, {"base_span": [350, 353], "annotations": [{"nertag": "O"}]}, {"base_span": [354, 358], "annotations": [{"nertag": "O"}]}, {"base_span": [359, 364], "annotations": [{"nertag": "O"}]}, {"base_span": [365, 371], "annotations": [{"nertag": "B-PER"}]}, {"base_span": [372, 376], "annotations": [{"nertag": "O"}]}, {"base_span": [377, 385], "annotations": [{"nertag": "O"}]}, {"base_span": [385, 386], "annotations": [{"nertag": "O"}]}, {"base_span": [387, 389], "annotations": [{"nertag": "O"}]}, {"base_span": [390, 395], "annotations": [{"nertag": "O"}]}, {"base_span": [396, 401], "annotations": [{"nertag": "O"}]}, {"base_span": [402, 409], "annotations": [{"nertag": "O"}]}, {"base_span": [409, 410], "annotations": [{"nertag": "O"}]}, {"base_span": [411, 414], "annotations": [{"nertag": "O"}]}, {"base_span": [415, 420], "annotations": [{"nertag": "O"}]}, {"base_span": [421, 428], "annotations": [{"nertag": "O"}]}, {"base_span": [429, 435], "annotations": [{"nertag": "O"}]}, {"base_span": [435, 436], "annotations": [{"nertag": "O"}]}, {"base_span": [437, 445], "annotations": [{"nertag": "O"}]}, {"base_span": [445, 446], "annotations": [{"nertag": "O"}]}, {"base_span": [447, 451], "annotations": [{"nertag": "O"}]}, {"base_span": [452, 455], "annotations": [{"nertag": "O"}]}, {"base_span": [456, 461], "annotations": [{"nertag": "O"}]}, {"base_span": [462, 466], "annotations": [{"nertag": "O"}]}, {"base_span": [467, 472], "annotations": [{"nertag": "O"}]}, {"base_span": [473, 479], "annotations": [{"nertag": "O"}]}, {"base_span": [479, 480], "annotations": [{"nertag": "O"}]}, {"base_span": [481, 488], "annotations": [{"nertag": "O"}]}, {"base_span": [489, 492], "annotations": [{"nertag": "O"}]}, {"base_span": [493, 498], "annotations": [{"nertag": "O"}]}, {"base_span": [499, 504], "annotations": [{"nertag": "O"}]}, {"base_span": [505, 510], "annotations": [{"nertag": "O"}]}, {"base_span": [511, 516], "annotations": [{"nertag": "O"}]}, {"base_span": [517, 523], "annotations": [{"nertag": "O"}]}, {"base_span": [523, 524], "annotations": [{"nertag": "O"}]}, {"base_span": [525, 533], "annotations": [{"nertag": "B-PER"}]}, {"base_span": [534, 542], "annotations": [{"nertag": "I-PER"}]}, {"base_span": [543, 549], "annotations": [{"nertag": "O"}]}, {"base_span": [550, 554], "annotations": [{"nertag": "O"}]}, {"base_span": [555, 562], "annotations": [{"nertag": "O"}]}, {"base_span": [562, 563], "annotations": [{"nertag": "O"}]}, {"base_span": [564, 566], "annotations": [{"nertag": "O"}]}, {"base_span": [567, 570], "annotations": [{"nertag": "O"}]}, {"base_span": [571, 576], "annotations": [{"nertag": "O"}]}, {"base_span": [577, 581], "annotations": [{"nertag": "O"}]}, {"base_span": [582, 591], "annotations": [{"nertag": "B-LOC"}]}, {"base_span": [592, 598], "annotations": [{"nertag": "O"}]}, {"base_span": [599, 602], "annotations": [{"nertag": "O"}]}, {"base_span": [603, 604], "annotations": [{"nertag": "O"}]}, {"base_span": [605, 610], "annotations": [{"nertag": "O"}]}, {"base_span": [611, 616], "annotations": [{"nertag": "O"}]}, {"base_span": [617, 619], "annotations": [{"nertag": "O"}]}, {"base_span": [620, 623], "annotations": [{"nertag": "O"}]}, {"base_span": [623, 624], "annotations": [{"nertag": "O"}]}, {"base_span": [625, 629], "annotations": [{"nertag": "O"}]}, {"base_span": [630, 636], "annotations": [{"nertag": "O"}]}, {"base_span": [636, 637], "annotations": [{"nertag": "O"}]}, {"base_span": [638, 640], "annotations": [{"nertag": "O"}]}, {"base_span": [641, 643], "annotations": [{"nertag": "O"}]}, {"base_span": [644, 647], "annotations": [{"nertag": "O"}]}, {"base_span": [647, 648], "annotations": [{"nertag": "O"}]}, {"base_span": [649, 653], "annotations": [{"nertag": "O"}]}, {"base_span": [654, 656], "annotations": [{"nertag": "O"}]}, {"base_span": [657, 660], "annotations": [{"nertag": "O"}]}, {"base_span": [661, 664], "annotations": [{"nertag": "O"}]}, {"base_span": [665, 672], "annotations": [{"nertag": "O"}]}, {"base_span": [673, 677], "annotations": [{"nertag": "O"}]}, {"base_span": [678, 683], "annotations": [{"nertag": "O"}]}, {"base_span": [684, 691], "annotations": [{"nertag": "O"}]}, {"base_span": [692, 698], "annotations": [{"nertag": "O"}]}, {"base_span": [698, 699], "annotations": [{"nertag": "O"}]}, {"base_span": [700, 703], "annotations": [{"nertag": "O"}]}, {"base_span": [704, 712], "annotations": [{"nertag": "O"}]}, {"base_span": [712, 713], "annotations": [{"nertag": "O"}]}, {"base_span": [714, 718], "annotations": [{"nertag": "O"}]}, {"base_span": [719, 722], "annotations": [{"nertag": "O"}]}, {"base_span": [723, 728], "annotations": [{"nertag": "O"}]}, {"base_span": [729, 734], "annotations": [{"nertag": "O"}]}, {"base_span": [735, 741], "annotations": [{"nertag": "O"}]}, {"base_span": [741, 742], "annotations": [{"nertag": "O"}]}, {"base_span": [743, 751], "annotations": [{"nertag": "B-PER"}]}, {"base_span": [752, 757], "annotations": [{"nertag": "O"}]}, {"base_span": [758, 768], "annotations": [{"nertag": "B-LOC"}]}, {"base_span": [769, 776], "annotations": [{"nertag": "I-LOC"}]}, {"base_span": [776, 780], "annotations": [{"nertag": "B-PER"}]}, {"base_span": [781, 791], "annotations": [{"nertag": "I-PER"}]}, {"base_span": [792, 797], "annotations": [{"nertag": "O"}]}, {"base_span": [798, 799], "annotations": [{"nertag": "O"}]}, {"base_span": [800, 805], "annotations": [{"nertag": "O"}]}, {"base_span": [806, 811], "annotations": [{"nertag": "O"}]}, {"base_span": [812, 817], "annotations": [{"nertag": "O"}]}, {"base_span": [817, 818], "annotations": [{"nertag": "O"}]}, {"base_span": [819, 822], "annotations": [{"nertag": "O"}]}, {"base_span": [823, 831], "annotations": [{"nertag": "O"}]}, {"base_span": [832, 841], "annotations": [{"nertag": "B-PER"}]}, {"base_span": [842, 847], "annotations": [{"nertag": "O"}]}, {"base_span": [847, 848], "annotations": [{"nertag": "O"}]}, {"base_span": [849, 852], "annotations": [{"nertag": "O"}]}, {"base_span": [853, 857], "annotations": [{"nertag": "O"}]}, {"base_span": [858, 860], "annotations": [{"nertag": "O"}]}, {"base_span": [861, 866], "annotations": [{"nertag": "O"}]}, {"base_span": [867, 872], "annotations": [{"nertag": "O"}]}, {"base_span": [873, 877], "annotations": [{"nertag": "O"}]}, {"base_span": [878, 883], "annotations": [{"nertag": "O"}]}, {"base_span": [883, 884], "annotations": [{"nertag": "O"}]}, {"base_span": [885, 893], "annotations": [{"nertag": "B-PER"}]}, {"base_span": [894, 899], "annotations": [{"nertag": "O"}]}, {"base_span": [900, 907], "annotations": [{"nertag": "O"}]}, {"base_span": [908, 909], "annotations": [{"nertag": "O"}]}, {"base_span": [910, 915], "annotations": [{"nertag": "O"}]}, {"base_span": [916, 921], "annotations": [{"nertag": "O"}]}, {"base_span": [922, 929], "annotations": [{"nertag": "O"}]}, {"base_span": [930, 935], "annotations": [{"nertag": "O"}]}, {"base_span": [935, 936], "annotations": [{"nertag": "O"}]}, {"base_span": [937, 939], "annotations": [{"nertag": "O"}]}, {"base_span": [940, 947], "annotations": [{"nertag": "O"}]}, {"base_span": [948, 952], "annotations": [{"nertag": "O"}]}, {"base_span": [953, 957], "annotations": [{"nertag": "O"}]}, {"base_span": [958, 959], "annotations": [{"nertag": "O"}]}, {"base_span": [960, 965], "annotations": [{"nertag": "O"}]}, {"base_span": [966, 970], "annotations": [{"nertag": "O"}]}, {"base_span": [971, 975], "annotations": [{"nertag": "O"}]}, {"base_span": [975, 976], "annotations": [{"nertag": "O"}]}, {"base_span": [977, 981], "annotations": [{"nertag": "B-PER"}]}, {"base_span": [982, 987], "annotations": [{"nertag": "O"}]}, {"base_span": [988, 991], "annotations": [{"nertag": "O"}]}, {"base_span": [992, 1000], "annotations": [{"nertag": "O"}]}, {"base_span": [1001, 1006], "annotations": [{"nertag": "O"}]}, {"base_span": [1007, 1011], "annotations": [{"nertag": "O"}]}, {"base_span": [1011, 1012], "annotations": [{"nertag": "O"}]}, {"base_span": [1013, 1016], "annotations": [{"nertag": "O"}]}, {"base_span": [1017, 1019], "annotations": [{"nertag": "O"}]}, {"base_span": [1020, 1025], "annotations": [{"nertag": "O"}]}, {"base_span": [1026, 1030], "annotations": [{"nertag": "O"}]}, {"base_span": [1031, 1036], "annotations": [{"nertag": "O"}]}, {"base_span": [1037, 1042], "annotations": [{"nertag": "O"}]}, {"base_span": [1042, 1043], "annotations": [{"nertag": "O"}]}, {"base_span": [1044, 1048], "annotations": [{"nertag": "B-PER"}]}, {"base_span": [1049, 1054], "annotations": [{"nertag": "O"}]}, {"base_span": [1055, 1060], "annotations": [{"nertag": "O"}]}, {"base_span": [1061, 1065], "annotations": [{"nertag": "O"}]}, {"base_span": [1066, 1069], "annotations": [{"nertag": "O"}]}, {"base_span": [1070, 1071], "annotations": [{"nertag": "O"}]}, {"base_span": [1072, 1077], "annotations": [{"nertag": "O"}]}, {"base_span": [1078, 1083], "annotations": [{"nertag": "O"}]}, {"base_span": [1083, 1084], "annotations": [{"nertag": "O"}]}, {"base_span": [1085, 1087], "annotations": [{"nertag": "O"}]}, {"base_span": [1088, 1092], "annotations": [{"nertag": "O"}]}, {"base_span": [1093, 1098], "annotations": [{"nertag": "O"}]}, {"base_span": [1099, 1103], "annotations": [{"nertag": "O"}]}, {"base_span": [1104, 1109], "annotations": [{"nertag": "O"}]}, {"base_span": [1110, 1117], "annotations": [{"nertag": "O"}]}, {"base_span": [1118, 1122], "annotations": [{"nertag": "O"}]}, {"base_span": [1123, 1128], "annotations": [{"nertag": "O"}]}, {"base_span": [1129, 1133], "annotations": [{"nertag": "O"}]}, {"base_span": [1133, 1134], "annotations": [{"nertag": "O"}]}, {"base_span": [1135, 1138], "annotations": [{"nertag": "O"}]}, {"base_span": [1139, 1141], "annotations": [{"nertag": "O"}]}, {"base_span": [1142, 1143], "annotations": [{"nertag": "O"}]}, {"base_span": [1144, 1149], "annotations": [{"nertag": "O"}]}, {"base_span": [1150, 1155], "annotations": [{"nertag": "O"}]}, {"base_span": [1155, 1156], "annotations": [{"nertag": "O"}]}, {"base_span": [1157, 1159], "annotations": [{"nertag": "O"}]}, {"base_span": [1160, 1167], "annotations": [{"nertag": "O"}]}, {"base_span": [1168, 1172], "annotations": [{"nertag": "B-PER"}]}, {"base_span": [1173, 1178], "annotations": [{"nertag": "O"}]}, {"base_span": [1179, 1188], "annotations": [{"nertag": "O"}]}, {"base_span": [1188, 1189], "annotations": [{"nertag": "O"}]}, {"base_span": [1190, 1195], "annotations": [{"nertag": "O"}]}, {"base_span": [1195, 1196], "annotations": [{"nertag": "O"}]}, {"base_span": [1197, 1199], "annotations": [{"nertag": "O"}]}, {"base_span": [1200, 1205], "annotations": [{"nertag": "O"}]}, {"base_span": [1206, 1215], "annotations": [{"nertag": "O"}]}, {"base_span": [1215, 1216], "annotations": [{"nertag": "O"}]}, {"base_span": [1217, 1225], "annotations": [{"nertag": "B-PER"}]}, {"base_span": [1226, 1234], "annotations": [{"nertag": "I-PER"}]}, {"base_span": [1234, 1235], "annotations": [{"nertag": "O"}]}, {"base_span": [1236, 1239], "annotations": [{"nertag": "O"}]}, {"base_span": [1240, 1245], "annotations": [{"nertag": "O"}]}, {"base_span": [1246, 1251], "annotations": [{"nertag": "O"}]}, {"base_span": [1252, 1254], "annotations": [{"nertag": "O"}]}, {"base_span": [1255, 1259], "annotations": [{"nertag": "O"}]}, {"base_span": [1260, 1265], "annotations": [{"nertag": "O"}]}, {"base_span": [1266, 1269], "annotations": [{"nertag": "O"}]}, {"base_span": [1270, 1279], "annotations": [{"nertag": "O"}]}, {"base_span": [1280, 1282], "annotations": [{"nertag": "O"}]}, {"base_span": [1283, 1290], "annotations": [{"nertag": "O"}]}, {"base_span": [1291, 1296], "annotations": [{"nertag": "O"}]}, {"base_span": [1297, 1304], "annotations": [{"nertag": "O"}]}, {"base_span": [1304, 1305], "annotations": [{"nertag": "O"}]}, {"base_span": [1306, 1311], "annotations": [{"nertag": "O"}]}, {"base_span": [1312, 1320], "annotations": [{"nertag": "O"}]}, {"base_span": [1321, 1326], "annotations": [{"nertag": "O"}]}, {"base_span": [1327, 1331], "annotations": [{"nertag": "O"}]}, {"base_span": [1331, 1332], "annotations": [{"nertag": "O"}]}, {"base_span": [1333, 1335], "annotations": [{"nertag": "O"}]}, {"base_span": [1336, 1341], "annotations": [{"nertag": "O"}]}, {"base_span": [1342, 1349], "annotations": [{"nertag": "O"}]}, {"base_span": [1350, 1357], "annotations": [{"nertag": "O"}]}, {"base_span": [1357, 1358], "annotations": [{"nertag": "O"}]}, {"base_span": [1359, 1365], "annotations": [{"nertag": "O"}]}, {"base_span": [1366, 1371], "annotations": [{"nertag": "O"}]}, {"base_span": [1372, 1374], "annotations": [{"nertag": "O"}]}, {"base_span": [1375, 1381], "annotations": [{"nertag": "O"}]}, {"base_span": [1382, 1391], "annotations": [{"nertag": "O"}]}, {"base_span": [1392, 1399], "annotations": [{"nertag": "O"}]}, {"base_span": [1400, 1404], "annotations": [{"nertag": "O"}]}, {"base_span": [1405, 1409], "annotations": [{"nertag": "O"}]}, {"base_span": [1410, 1411], "annotations": [{"nertag": "O"}]}, {"base_span": [1412, 1417], "annotations": [{"nertag": "O"}]}, {"base_span": [1418, 1420], "annotations": [{"nertag": "O"}]}, {"base_span": [1421, 1424], "annotations": [{"nertag": "O"}]}, {"base_span": [1424, 1425], "annotations": [{"nertag": "O"}]}, {"base_span": [1426, 1438], "annotations": [{"nertag": "O"}]}, {"base_span": [1439, 1449], "annotations": [{"nertag": "O"}]}, {"base_span": [1450, 1458], "annotations": [{"nertag": "O"}]}, {"base_span": [1459, 1461], "annotations": [{"nertag": "B-PER"}]}, {"base_span": [1462, 1471], "annotations": [{"nertag": "I-PER"}]}, {"base_span": [1472, 1474], "annotations": [{"nertag": "O"}]}, {"base_span": [1475, 1483], "annotations": [{"nertag": "O"}]}, {"base_span": [1484, 1492], "annotations": [{"nertag": "O"}]}, {"base_span": [1493, 1497], "annotations": [{"nertag": "O"}]}, {"base_span": [1498, 1506], "annotations": [{"nertag": "B-PER"}]}, {"base_span": [1507, 1515], "annotations": [{"nertag": "I-PER"}]}, {"base_span": [1516, 1518], "annotations": [{"nertag": "O"}]}, {"base_span": [1519, 1523], "annotations": [{"nertag": "O"}]}, {"base_span": [1524, 1529], "annotations": [{"nertag": "O"}]}, {"base_span": [1529, 1530], "annotations": [{"nertag": "O"}]}, {"base_span": [1531, 1533], "annotations": [{"nertag": "O"}]}, {"base_span": [1534, 1538], "annotations": [{"nertag": "B-PER"}]}, {"base_span": [1539, 1543], "annotations": [{"nertag": "O"}]}, {"base_span": [1544, 1546], "annotations": [{"nertag": "O"}]}, {"base_span": [1547, 1552], "annotations": [{"nertag": "O"}]}, {"base_span": [1553, 1558], "annotations": [{"nertag": "O"}]}, {"base_span": [1559, 1564], "annotations": [{"nertag": "O"}]}, {"base_span": [1564, 1565], "annotations": [{"nertag": "O"}]}]}]}