{"text": "\nOtsa perremees Hindrek Tollmann kaebab et temma weikene tüdruk Mai Paulson kellega temma on aasta peale kaupa teinud, on enne aasat nüüd kibbedal tö ajal ärraläinud.\n\nMai Paulson wastab et temma ei olleks mitte ärraläinud Otsa perremehhe jurest kui temma olleks süa sanud.\n\nOtsa perremees wastab selle peale, kui tüdruk Mai Paulson on tahtnud kord talwel ärraminna, ei olle temma mitte kelanud sest et temmal ei olle ühtegit tööd tüdrukule anda, agga siis pölle temma mitte läinud, nüüd nouab agga Otsa perremees et temma tüdruk Mai Paulson omma talwese toido ärratasub siis wöib temma ärrajäda.\n\nKohhus möistab et Mai Paulson peab Otsa perremehhe Hindrek Tollmannile maksma talwise sömisse eest 1 1/2 wakka rukkid, ehk kohhe taggasi minnema ja Otsa perremeest aasta täis tenima.\n\nMöllemad poled leppiwad sellega et Mai Paulson maksab süggisel 1 1/2 wakka rukkid Otsa perremehhe ette Magasini aita sisse, ja ei prugi ennam Otsa perremehhe jure taggasi tenima minna.\n\n\n", "meta": {"origin_directory": "vallakohus_kolmas/"}, "layers": [{"name": "gold_ner", "attributes": ["nertag"], "parent": null, "enveloping": null, "ambiguous": false, "serialisation_module": null, "meta": {}, "spans": [{"base_span": [1, 5], "annotations": [{"nertag": "LOC_ORG"}]}, {"base_span": [16, 32], "annotations": [{"nertag": "PER"}]}, {"base_span": [64, 75], "annotations": [{"nertag": "PER"}]}, {"base_span": [168, 179], "annotations": [{"nertag": "PER"}]}, {"base_span": [223, 227], "annotations": [{"nertag": "LOC_ORG"}]}, {"base_span": [275, 279], "annotations": [{"nertag": "LOC_ORG"}]}, {"base_span": [321, 332], "annotations": [{"nertag": "PER"}]}, {"base_span": [499, 503], "annotations": [{"nertag": "LOC_ORG"}]}, {"base_span": [530, 541], "annotations": [{"nertag": "PER"}]}, {"base_span": [616, 627], "annotations": [{"nertag": "PER"}]}, {"base_span": [633, 637], "annotations": [{"nertag": "LOC_ORG"}]}, {"base_span": [649, 668], "annotations": [{"nertag": "PER"}]}, {"base_span": [746, 750], "annotations": [{"nertag": "LOC_ORG"}]}, {"base_span": [817, 828], "annotations": [{"nertag": "PER"}]}, {"base_span": [864, 868], "annotations": [{"nertag": "LOC_ORG"}]}, {"base_span": [924, 928], "annotations": [{"nertag": "LOC_ORG"}]}]}, {"name": "gold_wordner", "attributes": ["nertag"], "parent": null, "enveloping": null, "ambiguous": false, "serialisation_module": null, "meta": {}, "spans": [{"base_span": [1, 5], "annotations": [{"nertag": "B-LOC_ORG"}]}, {"base_span": [6, 15], "annotations": [{"nertag": "O"}]}, {"base_span": [16, 23], "annotations": [{"nertag": "B-PER"}]}, {"base_span": [24, 32], "annotations": [{"nertag": "I-PER"}]}, {"base_span": [33, 39], "annotations": [{"nertag": "O"}]}, {"base_span": [40, 42], "annotations": [{"nertag": "O"}]}, {"base_span": [43, 48], "annotations": [{"nertag": "O"}]}, {"base_span": [49, 56], "annotations": [{"nertag": "O"}]}, {"base_span": [57, 63], "annotations": [{"nertag": "O"}]}, {"base_span": [64, 67], "annotations": [{"nertag": "B-PER"}]}, {"base_span": [68, 75], "annotations": [{"nertag": "I-PER"}]}, {"base_span": [76, 83], "annotations": [{"nertag": "O"}]}, {"base_span": [84, 89], "annotations": [{"nertag": "O"}]}, {"base_span": [90, 92], "annotations": [{"nertag": "O"}]}, {"base_span": [93, 98], "annotations": [{"nertag": "O"}]}, {"base_span": [99, 104], "annotations": [{"nertag": "O"}]}, {"base_span": [105, 110], "annotations": [{"nertag": "O"}]}, {"base_span": [111, 117], "annotations": [{"nertag": "O"}]}, {"base_span": [117, 118], "annotations": [{"nertag": "O"}]}, {"base_span": [119, 121], "annotations": [{"nertag": "O"}]}, {"base_span": [122, 126], "annotations": [{"nertag": "O"}]}, {"base_span": [127, 132], "annotations": [{"nertag": "O"}]}, {"base_span": [133, 137], "annotations": [{"nertag": "O"}]}, {"base_span": [138, 146], "annotations": [{"nertag": "O"}]}, {"base_span": [147, 149], "annotations": [{"nertag": "O"}]}, {"base_span": [150, 154], "annotations": [{"nertag": "O"}]}, {"base_span": [155, 165], "annotations": [{"nertag": "O"}]}, {"base_span": [165, 166], "annotations": [{"nertag": "O"}]}, {"base_span": [168, 171], "annotations": [{"nertag": "B-PER"}]}, {"base_span": [172, 179], "annotations": [{"nertag": "I-PER"}]}, {"base_span": [180, 186], "annotations": [{"nertag": "O"}]}, {"base_span": [187, 189], "annotations": [{"nertag": "O"}]}, {"base_span": [190, 195], "annotations": [{"nertag": "O"}]}, {"base_span": [196, 198], "annotations": [{"nertag": "O"}]}, {"base_span": [199, 205], "annotations": [{"nertag": "O"}]}, {"base_span": [206, 211], "annotations": [{"nertag": "O"}]}, {"base_span": [212, 222], "annotations": [{"nertag": "O"}]}, {"base_span": [223, 227], "annotations": [{"nertag": "B-LOC_ORG"}]}, {"base_span": [228, 238], "annotations": [{"nertag": "O"}]}, {"base_span": [239, 245], "annotations": [{"nertag": "O"}]}, {"base_span": [246, 249], "annotations": [{"nertag": "O"}]}, {"base_span": [250, 255], "annotations": [{"nertag": "O"}]}, {"base_span": [256, 262], "annotations": [{"nertag": "O"}]}, {"base_span": [263, 266], "annotations": [{"nertag": "O"}]}, {"base_span": [267, 272], "annotations": [{"nertag": "O"}]}, {"base_span": [272, 273], "annotations": [{"nertag": "O"}]}, {"base_span": [275, 279], "annotations": [{"nertag": "B-LOC_ORG"}]}, {"base_span": [280, 289], "annotations": [{"nertag": "O"}]}, {"base_span": [290, 296], "annotations": [{"nertag": "O"}]}, {"base_span": [297, 302], "annotations": [{"nertag": "O"}]}, {"base_span": [303, 308], "annotations": [{"nertag": "O"}]}, {"base_span": [308, 309], "annotations": [{"nertag": "O"}]}, {"base_span": [310, 313], "annotations": [{"nertag": "O"}]}, {"base_span": [314, 320], "annotations": [{"nertag": "O"}]}, {"base_span": [321, 324], "annotations": [{"nertag": "B-PER"}]}, {"base_span": [325, 332], "annotations": [{"nertag": "I-PER"}]}, {"base_span": [333, 335], "annotations": [{"nertag": "O"}]}, {"base_span": [336, 343], "annotations": [{"nertag": "O"}]}, {"base_span": [344, 348], "annotations": [{"nertag": "O"}]}, {"base_span": [349, 355], "annotations": [{"nertag": "O"}]}, {"base_span": [356, 365], "annotations": [{"nertag": "O"}]}, {"base_span": [365, 366], "annotations": [{"nertag": "O"}]}, {"base_span": [367, 369], "annotations": [{"nertag": "O"}]}, {"base_span": [370, 374], "annotations": [{"nertag": "O"}]}, {"base_span": [375, 380], "annotations": [{"nertag": "O"}]}, {"base_span": [381, 386], "annotations": [{"nertag": "O"}]}, {"base_span": [387, 394], "annotations": [{"nertag": "O"}]}, {"base_span": [395, 399], "annotations": [{"nertag": "O"}]}, {"base_span": [400, 402], "annotations": [{"nertag": "O"}]}, {"base_span": [403, 409], "annotations": [{"nertag": "O"}]}, {"base_span": [410, 412], "annotations": [{"nertag": "O"}]}, {"base_span": [413, 417], "annotations": [{"nertag": "O"}]}, {"base_span": [418, 425], "annotations": [{"nertag": "O"}]}, {"base_span": [426, 430], "annotations": [{"nertag": "O"}]}, {"base_span": [431, 440], "annotations": [{"nertag": "O"}]}, {"base_span": [441, 445], "annotations": [{"nertag": "O"}]}, {"base_span": [445, 446], "annotations": [{"nertag": "O"}]}, {"base_span": [447, 451], "annotations": [{"nertag": "O"}]}, {"base_span": [452, 456], "annotations": [{"nertag": "O"}]}, {"base_span": [457, 462], "annotations": [{"nertag": "O"}]}, {"base_span": [463, 468], "annotations": [{"nertag": "O"}]}, {"base_span": [469, 474], "annotations": [{"nertag": "O"}]}, {"base_span": [475, 481], "annotations": [{"nertag": "O"}]}, {"base_span": [481, 482], "annotations": [{"nertag": "O"}]}, {"base_span": [483, 487], "annotations": [{"nertag": "O"}]}, {"base_span": [488, 493], "annotations": [{"nertag": "O"}]}, {"base_span": [494, 498], "annotations": [{"nertag": "O"}]}, {"base_span": [499, 503], "annotations": [{"nertag": "B-LOC_ORG"}]}, {"base_span": [504, 513], "annotations": [{"nertag": "O"}]}, {"base_span": [514, 516], "annotations": [{"nertag": "O"}]}, {"base_span": [517, 522], "annotations": [{"nertag": "O"}]}, {"base_span": [523, 529], "annotations": [{"nertag": "O"}]}, {"base_span": [530, 533], "annotations": [{"nertag": "B-PER"}]}, {"base_span": [534, 541], "annotations": [{"nertag": "I-PER"}]}, {"base_span": [542, 546], "annotations": [{"nertag": "O"}]}, {"base_span": [547, 554], "annotations": [{"nertag": "O"}]}, {"base_span": [555, 560], "annotations": [{"nertag": "O"}]}, {"base_span": [561, 570], "annotations": [{"nertag": "O"}]}, {"base_span": [571, 575], "annotations": [{"nertag": "O"}]}, {"base_span": [576, 580], "annotations": [{"nertag": "O"}]}, {"base_span": [581, 586], "annotations": [{"nertag": "O"}]}, {"base_span": [587, 595], "annotations": [{"nertag": "O"}]}, {"base_span": [595, 596], "annotations": [{"nertag": "O"}]}, {"base_span": [598, 604], "annotations": [{"nertag": "O"}]}, {"base_span": [605, 612], "annotations": [{"nertag": "O"}]}, {"base_span": [613, 615], "annotations": [{"nertag": "O"}]}, {"base_span": [616, 619], "annotations": [{"nertag": "B-PER"}]}, {"base_span": [620, 627], "annotations": [{"nertag": "I-PER"}]}, {"base_span": [628, 632], "annotations": [{"nertag": "O"}]}, {"base_span": [633, 637], "annotations": [{"nertag": "B-LOC_ORG"}]}, {"base_span": [638, 648], "annotations": [{"nertag": "O"}]}, {"base_span": [649, 656], "annotations": [{"nertag": "B-PER"}]}, {"base_span": [657, 668], "annotations": [{"nertag": "I-PER"}]}, {"base_span": [669, 675], "annotations": [{"nertag": "O"}]}, {"base_span": [676, 683], "annotations": [{"nertag": "O"}]}, {"base_span": [684, 691], "annotations": [{"nertag": "O"}]}, {"base_span": [692, 696], "annotations": [{"nertag": "O"}]}, {"base_span": [697, 698], "annotations": [{"nertag": "O"}]}, {"base_span": [699, 700], "annotations": [{"nertag": "O"}]}, {"base_span": [700, 701], "annotations": [{"nertag": "O"}]}, {"base_span": [701, 702], "annotations": [{"nertag": "O"}]}, {"base_span": [703, 708], "annotations": [{"nertag": "O"}]}, {"base_span": [709, 715], "annotations": [{"nertag": "O"}]}, {"base_span": [715, 716], "annotations": [{"nertag": "O"}]}, {"base_span": [717, 720], "annotations": [{"nertag": "O"}]}, {"base_span": [721, 726], "annotations": [{"nertag": "O"}]}, {"base_span": [727, 734], "annotations": [{"nertag": "O"}]}, {"base_span": [735, 742], "annotations": [{"nertag": "O"}]}, {"base_span": [743, 745], "annotations": [{"nertag": "O"}]}, {"base_span": [746, 750], "annotations": [{"nertag": "B-LOC_ORG"}]}, {"base_span": [751, 761], "annotations": [{"nertag": "O"}]}, {"base_span": [762, 767], "annotations": [{"nertag": "O"}]}, {"base_span": [768, 772], "annotations": [{"nertag": "O"}]}, {"base_span": [773, 779], "annotations": [{"nertag": "O"}]}, {"base_span": [779, 780], "annotations": [{"nertag": "O"}]}, {"base_span": [782, 790], "annotations": [{"nertag": "O"}]}, {"base_span": [791, 796], "annotations": [{"nertag": "O"}]}, {"base_span": [797, 805], "annotations": [{"nertag": "O"}]}, {"base_span": [806, 813], "annotations": [{"nertag": "O"}]}, {"base_span": [814, 816], "annotations": [{"nertag": "O"}]}, {"base_span": [817, 820], "annotations": [{"nertag": "B-PER"}]}, {"base_span": [821, 828], "annotations": [{"nertag": "I-PER"}]}, {"base_span": [829, 835], "annotations": [{"nertag": "O"}]}, {"base_span": [836, 844], "annotations": [{"nertag": "O"}]}, {"base_span": [845, 846], "annotations": [{"nertag": "O"}]}, {"base_span": [847, 848], "annotations": [{"nertag": "O"}]}, {"base_span": [848, 849], "annotations": [{"nertag": "O"}]}, {"base_span": [849, 850], "annotations": [{"nertag": "O"}]}, {"base_span": [851, 856], "annotations": [{"nertag": "O"}]}, {"base_span": [857, 863], "annotations": [{"nertag": "O"}]}, {"base_span": [864, 868], "annotations": [{"nertag": "B-LOC_ORG"}]}, {"base_span": [869, 879], "annotations": [{"nertag": "O"}]}, {"base_span": [880, 884], "annotations": [{"nertag": "O"}]}, {"base_span": [885, 893], "annotations": [{"nertag": "O"}]}, {"base_span": [894, 898], "annotations": [{"nertag": "O"}]}, {"base_span": [899, 904], "annotations": [{"nertag": "O"}]}, {"base_span": [904, 905], "annotations": [{"nertag": "O"}]}, {"base_span": [906, 908], "annotations": [{"nertag": "O"}]}, {"base_span": [909, 911], "annotations": [{"nertag": "O"}]}, {"base_span": [912, 917], "annotations": [{"nertag": "O"}]}, {"base_span": [918, 923], "annotations": [{"nertag": "O"}]}, {"base_span": [924, 928], "annotations": [{"nertag": "B-LOC_ORG"}]}, {"base_span": [929, 939], "annotations": [{"nertag": "O"}]}, {"base_span": [940, 944], "annotations": [{"nertag": "O"}]}, {"base_span": [945, 952], "annotations": [{"nertag": "O"}]}, {"base_span": [953, 959], "annotations": [{"nertag": "O"}]}, {"base_span": [960, 965], "annotations": [{"nertag": "O"}]}, {"base_span": [965, 966], "annotations": [{"nertag": "O"}]}]}]}