{"text": "\nTuhat kaheksada üheksa (sada) kümmend wiiendamal aastal Januari kuu neljandamal päewal ilmusiwad Kaiu walla kohtusse Kaiu walla liikmed Hans Wilberg ja Mart Martin, ning palusiwad järgmist asja akti raamatu üles wõtta.\n\nMina Hans Wilberg laenasin Mart Martinil 100 /sada/ rubla raha seega, et tema maksab mulle tänasest päewast arwatud wiis protsenti aastas selle raha pealt ja maksab need sada rubla mulle siis ära, kui mull tarwis on.\n\nMart Martin tunnistab seda kaupa õigeks ning tõentuseks kirjutawad mõlemad nimed alla\n\nHants Wilberg [allkiri]\n\nXXX tähentab Mart Martni\n\nSelles nimetud inimesed on kohtul tuntud ja mõlemad õiguse wõimelised:\n\nEesistuja: P. Aawer\n\nKohtumehed: M. Nipman, T. Uus\n\nKirj Tiidemann\n\n\n", "meta": {"origin_directory": "vallakohus_neljas/"}, "layers": [{"name": "gold_ner", "attributes": ["nertag"], "parent": null, "enveloping": null, "ambiguous": false, "serialisation_module": null, "meta": {}, "spans": [{"base_span": [98, 117], "annotations": [{"nertag": "ORG"}]}, {"base_span": [118, 128], "annotations": [{"nertag": "LOC_ORG"}]}, {"base_span": [137, 149], "annotations": [{"nertag": "PER"}]}, {"base_span": [153, 164], "annotations": [{"nertag": "PER"}]}, {"base_span": [226, 238], "annotations": [{"nertag": "PER"}]}, {"base_span": [248, 261], "annotations": [{"nertag": "PER"}]}, {"base_span": [439, 450], "annotations": [{"nertag": "PER"}]}, {"base_span": [526, 539], "annotations": [{"nertag": "PER"}]}, {"base_span": [564, 575], "annotations": [{"nertag": "PER"}]}, {"base_span": [660, 668], "annotations": [{"nertag": "PER"}]}, {"base_span": [682, 691], "annotations": [{"nertag": "PER"}]}, {"base_span": [693, 699], "annotations": [{"nertag": "PER"}]}, {"base_span": [706, 715], "annotations": [{"nertag": "PER"}]}]}, {"name": "gold_wordner", "attributes": ["nertag"], "parent": null, "enveloping": null, "ambiguous": false, "serialisation_module": null, "meta": {}, "spans": [{"base_span": [1, 6], "annotations": [{"nertag": "O"}]}, {"base_span": [7, 16], "annotations": [{"nertag": "O"}]}, {"base_span": [17, 23], "annotations": [{"nertag": "O"}]}, {"base_span": [24, 25], "annotations": [{"nertag": "O"}]}, {"base_span": [25, 29], "annotations": [{"nertag": "O"}]}, {"base_span": [29, 30], "annotations": [{"nertag": "O"}]}, {"base_span": [31, 38], "annotations": [{"nertag": "O"}]}, {"base_span": [39, 49], "annotations": [{"nertag": "O"}]}, {"base_span": [50, 56], "annotations": [{"nertag": "O"}]}, {"base_span": [57, 64], "annotations": [{"nertag": "O"}]}, {"base_span": [65, 68], "annotations": [{"nertag": "O"}]}, {"base_span": [69, 80], "annotations": [{"nertag": "O"}]}, {"base_span": [81, 87], "annotations": [{"nertag": "O"}]}, {"base_span": [88, 97], "annotations": [{"nertag": "O"}]}, {"base_span": [98, 102], "annotations": [{"nertag": "B-ORG"}]}, {"base_span": [103, 108], "annotations": [{"nertag": "I-ORG"}]}, {"base_span": [109, 117], "annotations": [{"nertag": "I-ORG"}]}, {"base_span": [118, 122], "annotations": [{"nertag": "B-LOC_ORG"}]}, {"base_span": [123, 128], "annotations": [{"nertag": "I-LOC_ORG"}]}, {"base_span": [129, 136], "annotations": [{"nertag": "O"}]}, {"base_span": [137, 141], "annotations": [{"nertag": "B-PER"}]}, {"base_span": [142, 149], "annotations": [{"nertag": "I-PER"}]}, {"base_span": [150, 152], "annotations": [{"nertag": "O"}]}, {"base_span": [153, 157], "annotations": [{"nertag": "B-PER"}]}, {"base_span": [158, 164], "annotations": [{"nertag": "I-PER"}]}, {"base_span": [164, 165], "annotations": [{"nertag": "O"}]}, {"base_span": [166, 170], "annotations": [{"nertag": "O"}]}, {"base_span": [171, 180], "annotations": [{"nertag": "O"}]}, {"base_span": [181, 189], "annotations": [{"nertag": "O"}]}, {"base_span": [190, 194], "annotations": [{"nertag": "O"}]}, {"base_span": [195, 199], "annotations": [{"nertag": "O"}]}, {"base_span": [200, 207], "annotations": [{"nertag": "O"}]}, {"base_span": [208, 212], "annotations": [{"nertag": "O"}]}, {"base_span": [213, 218], "annotations": [{"nertag": "O"}]}, {"base_span": [218, 219], "annotations": [{"nertag": "O"}]}, {"base_span": [221, 225], "annotations": [{"nertag": "O"}]}, {"base_span": [226, 230], "annotations": [{"nertag": "B-PER"}]}, {"base_span": [231, 238], "annotations": [{"nertag": "I-PER"}]}, {"base_span": [239, 247], "annotations": [{"nertag": "O"}]}, {"base_span": [248, 252], "annotations": [{"nertag": "B-PER"}]}, {"base_span": [253, 261], "annotations": [{"nertag": "I-PER"}]}, {"base_span": [262, 265], "annotations": [{"nertag": "O"}]}, {"base_span": [266, 267], "annotations": [{"nertag": "O"}]}, {"base_span": [267, 271], "annotations": [{"nertag": "O"}]}, {"base_span": [271, 272], "annotations": [{"nertag": "O"}]}, {"base_span": [273, 278], "annotations": [{"nertag": "O"}]}, {"base_span": [279, 283], "annotations": [{"nertag": "O"}]}, {"base_span": [284, 289], "annotations": [{"nertag": "O"}]}, {"base_span": [289, 290], "annotations": [{"nertag": "O"}]}, {"base_span": [291, 293], "annotations": [{"nertag": "O"}]}, {"base_span": [294, 298], "annotations": [{"nertag": "O"}]}, {"base_span": [299, 305], "annotations": [{"nertag": "O"}]}, {"base_span": [306, 311], "annotations": [{"nertag": "O"}]}, {"base_span": [312, 320], "annotations": [{"nertag": "O"}]}, {"base_span": [321, 328], "annotations": [{"nertag": "O"}]}, {"base_span": [329, 336], "annotations": [{"nertag": "O"}]}, {"base_span": [337, 341], "annotations": [{"nertag": "O"}]}, {"base_span": [342, 351], "annotations": [{"nertag": "O"}]}, {"base_span": [352, 358], "annotations": [{"nertag": "O"}]}, {"base_span": [359, 364], "annotations": [{"nertag": "O"}]}, {"base_span": [365, 369], "annotations": [{"nertag": "O"}]}, {"base_span": [370, 375], "annotations": [{"nertag": "O"}]}, {"base_span": [376, 378], "annotations": [{"nertag": "O"}]}, {"base_span": [379, 385], "annotations": [{"nertag": "O"}]}, {"base_span": [386, 390], "annotations": [{"nertag": "O"}]}, {"base_span": [391, 395], "annotations": [{"nertag": "O"}]}, {"base_span": [396, 401], "annotations": [{"nertag": "O"}]}, {"base_span": [402, 407], "annotations": [{"nertag": "O"}]}, {"base_span": [408, 412], "annotations": [{"nertag": "O"}]}, {"base_span": [413, 416], "annotations": [{"nertag": "O"}]}, {"base_span": [416, 417], "annotations": [{"nertag": "O"}]}, {"base_span": [418, 421], "annotations": [{"nertag": "O"}]}, {"base_span": [422, 426], "annotations": [{"nertag": "O"}]}, {"base_span": [427, 433], "annotations": [{"nertag": "O"}]}, {"base_span": [434, 436], "annotations": [{"nertag": "O"}]}, {"base_span": [436, 437], "annotations": [{"nertag": "O"}]}, {"base_span": [439, 443], "annotations": [{"nertag": "B-PER"}]}, {"base_span": [444, 450], "annotations": [{"nertag": "I-PER"}]}, {"base_span": [451, 460], "annotations": [{"nertag": "O"}]}, {"base_span": [461, 465], "annotations": [{"nertag": "O"}]}, {"base_span": [466, 471], "annotations": [{"nertag": "O"}]}, {"base_span": [472, 478], "annotations": [{"nertag": "O"}]}, {"base_span": [479, 483], "annotations": [{"nertag": "O"}]}, {"base_span": [484, 494], "annotations": [{"nertag": "O"}]}, {"base_span": [495, 505], "annotations": [{"nertag": "O"}]}, {"base_span": [506, 513], "annotations": [{"nertag": "O"}]}, {"base_span": [514, 519], "annotations": [{"nertag": "O"}]}, {"base_span": [520, 524], "annotations": [{"nertag": "O"}]}, {"base_span": [526, 531], "annotations": [{"nertag": "B-PER"}]}, {"base_span": [532, 539], "annotations": [{"nertag": "I-PER"}]}, {"base_span": [540, 541], "annotations": [{"nertag": "O"}]}, {"base_span": [541, 548], "annotations": [{"nertag": "O"}]}, {"base_span": [548, 549], "annotations": [{"nertag": "O"}]}, {"base_span": [551, 554], "annotations": [{"nertag": "O"}]}, {"base_span": [555, 563], "annotations": [{"nertag": "O"}]}, {"base_span": [564, 568], "annotations": [{"nertag": "B-PER"}]}, {"base_span": [569, 575], "annotations": [{"nertag": "I-PER"}]}, {"base_span": [577, 583], "annotations": [{"nertag": "O"}]}, {"base_span": [584, 591], "annotations": [{"nertag": "O"}]}, {"base_span": [592, 600], "annotations": [{"nertag": "O"}]}, {"base_span": [601, 603], "annotations": [{"nertag": "O"}]}, {"base_span": [604, 610], "annotations": [{"nertag": "O"}]}, {"base_span": [611, 617], "annotations": [{"nertag": "O"}]}, {"base_span": [618, 620], "annotations": [{"nertag": "O"}]}, {"base_span": [621, 628], "annotations": [{"nertag": "O"}]}, {"base_span": [629, 635], "annotations": [{"nertag": "O"}]}, {"base_span": [636, 646], "annotations": [{"nertag": "O"}]}, {"base_span": [646, 647], "annotations": [{"nertag": "O"}]}, {"base_span": [649, 658], "annotations": [{"nertag": "O"}]}, {"base_span": [658, 659], "annotations": [{"nertag": "O"}]}, {"base_span": [660, 661], "annotations": [{"nertag": "B-PER"}]}, {"base_span": [661, 662], "annotations": [{"nertag": "I-PER"}]}, {"base_span": [663, 668], "annotations": [{"nertag": "I-PER"}]}, {"base_span": [670, 680], "annotations": [{"nertag": "O"}]}, {"base_span": [680, 681], "annotations": [{"nertag": "O"}]}, {"base_span": [682, 683], "annotations": [{"nertag": "B-PER"}]}, {"base_span": [683, 684], "annotations": [{"nertag": "I-PER"}]}, {"base_span": [685, 691], "annotations": [{"nertag": "I-PER"}]}, {"base_span": [691, 692], "annotations": [{"nertag": "O"}]}, {"base_span": [693, 694], "annotations": [{"nertag": "B-PER"}]}, {"base_span": [694, 695], "annotations": [{"nertag": "I-PER"}]}, {"base_span": [696, 699], "annotations": [{"nertag": "I-PER"}]}, {"base_span": [701, 705], "annotations": [{"nertag": "O"}]}, {"base_span": [706, 715], "annotations": [{"nertag": "B-PER"}]}]}]}