{"text": "\nMõisawallitsus kaebab:Mõisa sullased on öse sellaja mõisa tö hobbused wõtnud ja hulkumisse peal ümbersõitnud,nenda et hobbused üsna läbbi aetud olnud.Rede õhto on lamba poiste hobbosega kolmekeste sõitmas käinud:Mihkel Ludwi,Tõnno Perri ja Jaan Troom ja pärrast pühhapääw öse Tõnno Perri ja Jaan Toom karjatse hobbusega.\n\nMihkel Ludwi astus ette,tunnistab:Minnewa rede õhto on nemmad 3e keste sõitmas käinud,Perri on nõu annud lamba poiste hobbust wõtta ja temma põlle ennam käinud kui 1 kord.Tõnno Perri tunnistab:Nemmad on käinud et Jaan Troom tahtnud ommale leiwakotti kotto tua,agga ei tahha öölda kes nõuannud lamba poiste hobbust wõtta.\n\nJaan Troom tunnistab:Temmal on tarwis olnud leiwakotti tua,ja nad on seltsis käinud mõisa hobbustega;agga sedda ei tahha tunnistada kes essiteks nõu annud karjatse hobbust wõtta.\n\nEt Tõnno Perri ja Jaan Troom kumbgi 2 kord sõitmas käinud ja kumbgi nõuannud hobbust wõtta,mõistis kohhus:Kumbgi saab 30 hopi witso,ja Mihkel Ludwi kes ükskord sõitnud ja ei olle nõu annud hobbust wõtta saab 20 hopi witso.\n\nKohto=wannem:Hinrek Noggur XXX\n\nKohto=käemehhed Mihkel Krusement XXX\n\n                                   Jakob Käit XXX\n\nKirjotaja H.Siimson\n\n\n", "meta": {"origin_directory": "vallakohus_teine/"}, "layers": [{"name": "gold_ner", "attributes": ["nertag"], "parent": null, "enveloping": null, "ambiguous": false, "serialisation_module": null, "meta": {}, "spans": [{"base_span": [213, 225], "annotations": [{"nertag": "PER"}]}, {"base_span": [226, 237], "annotations": [{"nertag": "PER"}]}, {"base_span": [241, 251], "annotations": [{"nertag": "PER"}]}, {"base_span": [277, 288], "annotations": [{"nertag": "PER"}]}, {"base_span": [292, 301], "annotations": [{"nertag": "PER"}]}, {"base_span": [323, 335], "annotations": [{"nertag": "PER"}]}, {"base_span": [409, 414], "annotations": [{"nertag": "PER"}]}, {"base_span": [494, 505], "annotations": [{"nertag": "PER"}]}, {"base_span": [536, 546], "annotations": [{"nertag": "PER"}]}, {"base_span": [645, 655], "annotations": [{"nertag": "PER"}]}, {"base_span": [828, 839], "annotations": [{"nertag": "PER"}]}, {"base_span": [843, 853], "annotations": [{"nertag": "PER"}]}, {"base_span": [960, 972], "annotations": [{"nertag": "PER"}]}, {"base_span": [1062, 1075], "annotations": [{"nertag": "PER"}]}, {"base_span": [1097, 1113], "annotations": [{"nertag": "PER"}]}, {"base_span": [1154, 1164], "annotations": [{"nertag": "PER"}]}, {"base_span": [1180, 1189], "annotations": [{"nertag": "PER"}]}]}, {"name": "gold_wordner", "attributes": ["nertag"], "parent": null, "enveloping": null, "ambiguous": false, "serialisation_module": null, "meta": {}, "spans": [{"base_span": [1, 15], "annotations": [{"nertag": "O"}]}, {"base_span": [16, 22], "annotations": [{"nertag": "O"}]}, {"base_span": [22, 23], "annotations": [{"nertag": "O"}]}, {"base_span": [23, 28], "annotations": [{"nertag": "O"}]}, {"base_span": [29, 37], "annotations": [{"nertag": "O"}]}, {"base_span": [38, 40], "annotations": [{"nertag": "O"}]}, {"base_span": [41, 44], "annotations": [{"nertag": "O"}]}, {"base_span": [45, 52], "annotations": [{"nertag": "O"}]}, {"base_span": [53, 58], "annotations": [{"nertag": "O"}]}, {"base_span": [59, 61], "annotations": [{"nertag": "O"}]}, {"base_span": [62, 70], "annotations": [{"nertag": "O"}]}, {"base_span": [71, 77], "annotations": [{"nertag": "O"}]}, {"base_span": [78, 80], "annotations": [{"nertag": "O"}]}, {"base_span": [81, 91], "annotations": [{"nertag": "O"}]}, {"base_span": [92, 96], "annotations": [{"nertag": "O"}]}, {"base_span": [97, 109], "annotations": [{"nertag": "O"}]}, {"base_span": [109, 110], "annotations": [{"nertag": "O"}]}, {"base_span": [110, 115], "annotations": [{"nertag": "O"}]}, {"base_span": [116, 118], "annotations": [{"nertag": "O"}]}, {"base_span": [119, 127], "annotations": [{"nertag": "O"}]}, {"base_span": [128, 132], "annotations": [{"nertag": "O"}]}, {"base_span": [133, 138], "annotations": [{"nertag": "O"}]}, {"base_span": [139, 144], "annotations": [{"nertag": "O"}]}, {"base_span": [145, 150], "annotations": [{"nertag": "O"}]}, {"base_span": [150, 151], "annotations": [{"nertag": "O"}]}, {"base_span": [151, 155], "annotations": [{"nertag": "O"}]}, {"base_span": [156, 160], "annotations": [{"nertag": "O"}]}, {"base_span": [161, 163], "annotations": [{"nertag": "O"}]}, {"base_span": [164, 169], "annotations": [{"nertag": "O"}]}, {"base_span": [170, 176], "annotations": [{"nertag": "O"}]}, {"base_span": [177, 186], "annotations": [{"nertag": "O"}]}, {"base_span": [187, 197], "annotations": [{"nertag": "O"}]}, {"base_span": [198, 205], "annotations": [{"nertag": "O"}]}, {"base_span": [206, 212], "annotations": [{"nertag": "O"}]}, {"base_span": [212, 213], "annotations": [{"nertag": "O"}]}, {"base_span": [213, 219], "annotations": [{"nertag": "B-PER"}]}, {"base_span": [220, 225], "annotations": [{"nertag": "I-PER"}]}, {"base_span": [225, 226], "annotations": [{"nertag": "O"}]}, {"base_span": [226, 231], "annotations": [{"nertag": "B-PER"}]}, {"base_span": [232, 237], "annotations": [{"nertag": "I-PER"}]}, {"base_span": [238, 240], "annotations": [{"nertag": "O"}]}, {"base_span": [241, 245], "annotations": [{"nertag": "B-PER"}]}, {"base_span": [246, 251], "annotations": [{"nertag": "I-PER"}]}, {"base_span": [252, 254], "annotations": [{"nertag": "O"}]}, {"base_span": [255, 262], "annotations": [{"nertag": "O"}]}, {"base_span": [263, 272], "annotations": [{"nertag": "O"}]}, {"base_span": [273, 276], "annotations": [{"nertag": "O"}]}, {"base_span": [277, 282], "annotations": [{"nertag": "B-PER"}]}, {"base_span": [283, 288], "annotations": [{"nertag": "I-PER"}]}, {"base_span": [289, 291], "annotations": [{"nertag": "O"}]}, {"base_span": [292, 296], "annotations": [{"nertag": "B-PER"}]}, {"base_span": [297, 301], "annotations": [{"nertag": "I-PER"}]}, {"base_span": [302, 310], "annotations": [{"nertag": "O"}]}, {"base_span": [311, 320], "annotations": [{"nertag": "O"}]}, {"base_span": [320, 321], "annotations": [{"nertag": "O"}]}, {"base_span": [323, 329], "annotations": [{"nertag": "B-PER"}]}, {"base_span": [330, 335], "annotations": [{"nertag": "I-PER"}]}, {"base_span": [336, 341], "annotations": [{"nertag": "O"}]}, {"base_span": [342, 346], "annotations": [{"nertag": "O"}]}, {"base_span": [346, 347], "annotations": [{"nertag": "O"}]}, {"base_span": [347, 356], "annotations": [{"nertag": "O"}]}, {"base_span": [356, 357], "annotations": [{"nertag": "O"}]}, {"base_span": [357, 364], "annotations": [{"nertag": "O"}]}, {"base_span": [365, 369], "annotations": [{"nertag": "O"}]}, {"base_span": [370, 374], "annotations": [{"nertag": "O"}]}, {"base_span": [375, 377], "annotations": [{"nertag": "O"}]}, {"base_span": [378, 384], "annotations": [{"nertag": "O"}]}, {"base_span": [385, 387], "annotations": [{"nertag": "O"}]}, {"base_span": [388, 393], "annotations": [{"nertag": "O"}]}, {"base_span": [394, 401], "annotations": [{"nertag": "O"}]}, {"base_span": [402, 408], "annotations": [{"nertag": "O"}]}, {"base_span": [408, 409], "annotations": [{"nertag": "O"}]}, {"base_span": [409, 414], "annotations": [{"nertag": "B-PER"}]}, {"base_span": [415, 417], "annotations": [{"nertag": "O"}]}, {"base_span": [418, 421], "annotations": [{"nertag": "O"}]}, {"base_span": [422, 427], "annotations": [{"nertag": "O"}]}, {"base_span": [428, 433], "annotations": [{"nertag": "O"}]}, {"base_span": [434, 440], "annotations": [{"nertag": "O"}]}, {"base_span": [441, 448], "annotations": [{"nertag": "O"}]}, {"base_span": [449, 454], "annotations": [{"nertag": "O"}]}, {"base_span": [455, 457], "annotations": [{"nertag": "O"}]}, {"base_span": [458, 463], "annotations": [{"nertag": "O"}]}, {"base_span": [464, 469], "annotations": [{"nertag": "O"}]}, {"base_span": [470, 475], "annotations": [{"nertag": "O"}]}, {"base_span": [476, 482], "annotations": [{"nertag": "O"}]}, {"base_span": [483, 486], "annotations": [{"nertag": "O"}]}, {"base_span": [487, 488], "annotations": [{"nertag": "O"}]}, {"base_span": [489, 493], "annotations": [{"nertag": "O"}]}, {"base_span": [493, 494], "annotations": [{"nertag": "O"}]}, {"base_span": [494, 499], "annotations": [{"nertag": "B-PER"}]}, {"base_span": [500, 505], "annotations": [{"nertag": "I-PER"}]}, {"base_span": [506, 515], "annotations": [{"nertag": "O"}]}, {"base_span": [515, 516], "annotations": [{"nertag": "O"}]}, {"base_span": [516, 522], "annotations": [{"nertag": "O"}]}, {"base_span": [523, 525], "annotations": [{"nertag": "O"}]}, {"base_span": [526, 532], "annotations": [{"nertag": "O"}]}, {"base_span": [533, 535], "annotations": [{"nertag": "O"}]}, {"base_span": [536, 540], "annotations": [{"nertag": "B-PER"}]}, {"base_span": [541, 546], "annotations": [{"nertag": "I-PER"}]}, {"base_span": [547, 554], "annotations": [{"nertag": "O"}]}, {"base_span": [555, 561], "annotations": [{"nertag": "O"}]}, {"base_span": [562, 572], "annotations": [{"nertag": "O"}]}, {"base_span": [573, 578], "annotations": [{"nertag": "O"}]}, {"base_span": [579, 582], "annotations": [{"nertag": "O"}]}, {"base_span": [582, 583], "annotations": [{"nertag": "O"}]}, {"base_span": [583, 587], "annotations": [{"nertag": "O"}]}, {"base_span": [588, 590], "annotations": [{"nertag": "O"}]}, {"base_span": [591, 596], "annotations": [{"nertag": "O"}]}, {"base_span": [597, 602], "annotations": [{"nertag": "O"}]}, {"base_span": [603, 606], "annotations": [{"nertag": "O"}]}, {"base_span": [607, 615], "annotations": [{"nertag": "O"}]}, {"base_span": [616, 621], "annotations": [{"nertag": "O"}]}, {"base_span": [622, 628], "annotations": [{"nertag": "O"}]}, {"base_span": [629, 636], "annotations": [{"nertag": "O"}]}, {"base_span": [637, 642], "annotations": [{"nertag": "O"}]}, {"base_span": [642, 643], "annotations": [{"nertag": "O"}]}, {"base_span": [645, 649], "annotations": [{"nertag": "B-PER"}]}, {"base_span": [650, 655], "annotations": [{"nertag": "I-PER"}]}, {"base_span": [656, 665], "annotations": [{"nertag": "O"}]}, {"base_span": [665, 666], "annotations": [{"nertag": "O"}]}, {"base_span": [666, 672], "annotations": [{"nertag": "O"}]}, {"base_span": [673, 675], "annotations": [{"nertag": "O"}]}, {"base_span": [676, 682], "annotations": [{"nertag": "O"}]}, {"base_span": [683, 688], "annotations": [{"nertag": "O"}]}, {"base_span": [689, 699], "annotations": [{"nertag": "O"}]}, {"base_span": [700, 703], "annotations": [{"nertag": "O"}]}, {"base_span": [703, 704], "annotations": [{"nertag": "O"}]}, {"base_span": [704, 706], "annotations": [{"nertag": "O"}]}, {"base_span": [707, 710], "annotations": [{"nertag": "O"}]}, {"base_span": [711, 713], "annotations": [{"nertag": "O"}]}, {"base_span": [714, 721], "annotations": [{"nertag": "O"}]}, {"base_span": [722, 728], "annotations": [{"nertag": "O"}]}, {"base_span": [729, 734], "annotations": [{"nertag": "O"}]}, {"base_span": [735, 745], "annotations": [{"nertag": "O"}]}, {"base_span": [745, 746], "annotations": [{"nertag": "O"}]}, {"base_span": [746, 750], "annotations": [{"nertag": "O"}]}, {"base_span": [751, 756], "annotations": [{"nertag": "O"}]}, {"base_span": [757, 759], "annotations": [{"nertag": "O"}]}, {"base_span": [760, 765], "annotations": [{"nertag": "O"}]}, {"base_span": [766, 776], "annotations": [{"nertag": "O"}]}, {"base_span": [777, 780], "annotations": [{"nertag": "O"}]}, {"base_span": [781, 789], "annotations": [{"nertag": "O"}]}, {"base_span": [790, 793], "annotations": [{"nertag": "O"}]}, {"base_span": [794, 799], "annotations": [{"nertag": "O"}]}, {"base_span": [800, 808], "annotations": [{"nertag": "O"}]}, {"base_span": [809, 816], "annotations": [{"nertag": "O"}]}, {"base_span": [817, 822], "annotations": [{"nertag": "O"}]}, {"base_span": [822, 823], "annotations": [{"nertag": "O"}]}, {"base_span": [825, 827], "annotations": [{"nertag": "O"}]}, {"base_span": [828, 833], "annotations": [{"nertag": "B-PER"}]}, {"base_span": [834, 839], "annotations": [{"nertag": "I-PER"}]}, {"base_span": [840, 842], "annotations": [{"nertag": "O"}]}, {"base_span": [843, 847], "annotations": [{"nertag": "B-PER"}]}, {"base_span": [848, 853], "annotations": [{"nertag": "I-PER"}]}, {"base_span": [854, 860], "annotations": [{"nertag": "O"}]}, {"base_span": [861, 862], "annotations": [{"nertag": "O"}]}, {"base_span": [863, 867], "annotations": [{"nertag": "O"}]}, {"base_span": [868, 875], "annotations": [{"nertag": "O"}]}, {"base_span": [876, 882], "annotations": [{"nertag": "O"}]}, {"base_span": [883, 885], "annotations": [{"nertag": "O"}]}, {"base_span": [886, 892], "annotations": [{"nertag": "O"}]}, {"base_span": [893, 901], "annotations": [{"nertag": "O"}]}, {"base_span": [902, 909], "annotations": [{"nertag": "O"}]}, {"base_span": [910, 915], "annotations": [{"nertag": "O"}]}, {"base_span": [915, 916], "annotations": [{"nertag": "O"}]}, {"base_span": [916, 923], "annotations": [{"nertag": "O"}]}, {"base_span": [924, 930], "annotations": [{"nertag": "O"}]}, {"base_span": [930, 931], "annotations": [{"nertag": "O"}]}, {"base_span": [931, 937], "annotations": [{"nertag": "O"}]}, {"base_span": [938, 942], "annotations": [{"nertag": "O"}]}, {"base_span": [943, 945], "annotations": [{"nertag": "O"}]}, {"base_span": [946, 950], "annotations": [{"nertag": "O"}]}, {"base_span": [951, 956], "annotations": [{"nertag": "O"}]}, {"base_span": [956, 957], "annotations": [{"nertag": "O"}]}, {"base_span": [957, 959], "annotations": [{"nertag": "O"}]}, {"base_span": [960, 966], "annotations": [{"nertag": "B-PER"}]}, {"base_span": [967, 972], "annotations": [{"nertag": "I-PER"}]}, {"base_span": [973, 976], "annotations": [{"nertag": "O"}]}, {"base_span": [977, 984], "annotations": [{"nertag": "O"}]}, {"base_span": [985, 992], "annotations": [{"nertag": "O"}]}, {"base_span": [993, 995], "annotations": [{"nertag": "O"}]}, {"base_span": [996, 998], "annotations": [{"nertag": "O"}]}, {"base_span": [999, 1003], "annotations": [{"nertag": "O"}]}, {"base_span": [1004, 1007], "annotations": [{"nertag": "O"}]}, {"base_span": [1008, 1013], "annotations": [{"nertag": "O"}]}, {"base_span": [1014, 1021], "annotations": [{"nertag": "O"}]}, {"base_span": [1022, 1027], "annotations": [{"nertag": "O"}]}, {"base_span": [1028, 1032], "annotations": [{"nertag": "O"}]}, {"base_span": [1033, 1035], "annotations": [{"nertag": "O"}]}, {"base_span": [1036, 1040], "annotations": [{"nertag": "O"}]}, {"base_span": [1041, 1046], "annotations": [{"nertag": "O"}]}, {"base_span": [1046, 1047], "annotations": [{"nertag": "O"}]}, {"base_span": [1049, 1054], "annotations": [{"nertag": "O"}]}, {"base_span": [1054, 1055], "annotations": [{"nertag": "O"}]}, {"base_span": [1055, 1061], "annotations": [{"nertag": "O"}]}, {"base_span": [1061, 1062], "annotations": [{"nertag": "O"}]}, {"base_span": [1062, 1068], "annotations": [{"nertag": "B-PER"}]}, {"base_span": [1069, 1075], "annotations": [{"nertag": "I-PER"}]}, {"base_span": [1076, 1079], "annotations": [{"nertag": "O"}]}, {"base_span": [1081, 1086], "annotations": [{"nertag": "O"}]}, {"base_span": [1086, 1087], "annotations": [{"nertag": "O"}]}, {"base_span": [1087, 1096], "annotations": [{"nertag": "O"}]}, {"base_span": [1097, 1103], "annotations": [{"nertag": "B-PER"}]}, {"base_span": [1104, 1113], "annotations": [{"nertag": "I-PER"}]}, {"base_span": [1114, 1117], "annotations": [{"nertag": "O"}]}, {"base_span": [1154, 1159], "annotations": [{"nertag": "B-PER"}]}, {"base_span": [1160, 1164], "annotations": [{"nertag": "I-PER"}]}, {"base_span": [1165, 1168], "annotations": [{"nertag": "O"}]}, {"base_span": [1170, 1179], "annotations": [{"nertag": "O"}]}, {"base_span": [1180, 1181], "annotations": [{"nertag": "B-PER"}]}, {"base_span": [1181, 1182], "annotations": [{"nertag": "I-PER"}]}, {"base_span": [1182, 1189], "annotations": [{"nertag": "I-PER"}]}]}]}