{"text": "\nKohtu korra pärrast ollid Rawwila ja Palwerre walla kohtusse walla hoones kokku tulnud:Kohtu wannem Juhan Suursild Kohtu käemehhed Juhan Kant Hans Härg Kirjotaja H.Siimson\n\nMõisa moona mees Jaan Kuurmann kaebab:Teise moonamehhe Jaan Irak naene Liiso olla temma naest ammugi jo abiello rikkujaks sõimand,agga temma on sedda naeste lorri nendasammoti ikka jätnud.Nüüd kui temma jälle kotto ärra olnud,on laste pärrast naeste wahhel jälle tülli tulnud ja kui temma pühhapäewa õhtu koio läinud on tülli ueste ülles wõetud ja selle naese mees Jaan Irak on naesega seltsis temmale suusisse üttelnud,et temma naene on Risti paggariga hoora tööd teggema ja laada peal ka,ja pallub kohhut sedda asja selletada.Jaan Isak tunnistab:Temma põlle mitte sedda üttelnud,waid Kuurmanni naene on temma naest kurradi horaks öölnud.Temma põlle koddu olnud kui tülli hakand ja püab sedda asja waigistada.Temma naene tunnistab nendasammoti.Mai Kuurmann Jaani naene tunnistab:Allati on Liiso Irak tedda hooraks sõimanud,mitte se aasta üksi,waid ammugi.Nüüd kui temma sedda omma mehhele kaebanud,on Jaan Irak temma mehhe wasto ölnud,et temma laada peal ja Risti paggariga peab ollema hooranud,ja Mik Arro on sedda pealt kuulnud.Mik Arro tunnistab:Pühhapääwa õhtu on Irak Kuurmannile öölnud,et temma naene peab laada mäe hoor ollema ja Risti paggariga on horand mittu korda.Ja tüdruk Kai Kalk tunnistab nendasammoti kuulnud ööldama.Irak pallub kohhut sedda asja tullewa kohtu pääwani poolele jätta,et temma wõib tunnismehhi ette tua,et ta põlle nenda öölnud.\n\nKohtu wannem:Juhan Suursild Kohtu käemehhed:Juhan Kant Hans Härg Kirjotaja H.Siimson\n\n\n", "meta": {"origin_directory": "vallakohus_neljas/"}, "layers": [{"name": "gold_ner", "attributes": ["nertag"], "parent": null, "enveloping": null, "ambiguous": false, "serialisation_module": null, "meta": {}, "spans": [{"base_span": [27, 61], "annotations": [{"nertag": "ORG"}]}, {"base_span": [101, 115], "annotations": [{"nertag": "PER"}]}, {"base_span": [132, 142], "annotations": [{"nertag": "PER"}]}, {"base_span": [143, 152], "annotations": [{"nertag": "PER"}]}, {"base_span": [163, 172], "annotations": [{"nertag": "PER"}]}, {"base_span": [191, 204], "annotations": [{"nertag": "PER"}]}, {"base_span": [229, 238], "annotations": [{"nertag": "PER"}]}, {"base_span": [245, 250], "annotations": [{"nertag": "PER"}]}, {"base_span": [539, 548], "annotations": [{"nertag": "PER"}]}, {"base_span": [612, 617], "annotations": [{"nertag": "LOC"}]}, {"base_span": [702, 711], "annotations": [{"nertag": "PER"}]}, {"base_span": [760, 769], "annotations": [{"nertag": "PER"}]}, {"base_span": [919, 931], "annotations": [{"nertag": "PER"}]}, {"base_span": [932, 937], "annotations": [{"nertag": "PER"}]}, {"base_span": [964, 974], "annotations": [{"nertag": "PER"}]}, {"base_span": [1076, 1085], "annotations": [{"nertag": "PER"}]}, {"base_span": [1133, 1138], "annotations": [{"nertag": "LOC"}]}, {"base_span": [1173, 1181], "annotations": [{"nertag": "PER"}]}, {"base_span": [1205, 1213], "annotations": [{"nertag": "PER"}]}, {"base_span": [1243, 1247], "annotations": [{"nertag": "PER"}]}, {"base_span": [1248, 1259], "annotations": [{"nertag": "PER"}]}, {"base_span": [1312, 1317], "annotations": [{"nertag": "LOC"}]}, {"base_span": [1360, 1368], "annotations": [{"nertag": "PER"}]}, {"base_span": [1408, 1412], "annotations": [{"nertag": "PER"}]}, {"base_span": [1549, 1563], "annotations": [{"nertag": "PER"}]}, {"base_span": [1580, 1590], "annotations": [{"nertag": "PER"}]}, {"base_span": [1591, 1600], "annotations": [{"nertag": "PER"}]}, {"base_span": [1611, 1620], "annotations": [{"nertag": "PER"}]}]}, {"name": "gold_wordner", "attributes": ["nertag"], "parent": null, "enveloping": null, "ambiguous": false, "serialisation_module": null, "meta": {}, "spans": [{"base_span": [1, 6], "annotations": [{"nertag": "O"}]}, {"base_span": [7, 12], "annotations": [{"nertag": "O"}]}, {"base_span": [13, 20], "annotations": [{"nertag": "O"}]}, {"base_span": [21, 26], "annotations": [{"nertag": "O"}]}, {"base_span": [27, 34], "annotations": [{"nertag": "B-ORG"}]}, {"base_span": [35, 37], "annotations": [{"nertag": "I-ORG"}]}, {"base_span": [38, 46], "annotations": [{"nertag": "I-ORG"}]}, {"base_span": [47, 52], "annotations": [{"nertag": "I-ORG"}]}, {"base_span": [53, 61], "annotations": [{"nertag": "I-ORG"}]}, {"base_span": [62, 67], "annotations": [{"nertag": "O"}]}, {"base_span": [68, 74], "annotations": [{"nertag": "O"}]}, {"base_span": [75, 80], "annotations": [{"nertag": "O"}]}, {"base_span": [81, 87], "annotations": [{"nertag": "O"}]}, {"base_span": [87, 88], "annotations": [{"nertag": "O"}]}, {"base_span": [88, 93], "annotations": [{"nertag": "O"}]}, {"base_span": [94, 100], "annotations": [{"nertag": "O"}]}, {"base_span": [101, 106], "annotations": [{"nertag": "B-PER"}]}, {"base_span": [107, 115], "annotations": [{"nertag": "I-PER"}]}, {"base_span": [116, 121], "annotations": [{"nertag": "O"}]}, {"base_span": [122, 131], "annotations": [{"nertag": "O"}]}, {"base_span": [132, 137], "annotations": [{"nertag": "B-PER"}]}, {"base_span": [138, 142], "annotations": [{"nertag": "I-PER"}]}, {"base_span": [143, 147], "annotations": [{"nertag": "B-PER"}]}, {"base_span": [148, 152], "annotations": [{"nertag": "I-PER"}]}, {"base_span": [153, 162], "annotations": [{"nertag": "O"}]}, {"base_span": [163, 164], "annotations": [{"nertag": "B-PER"}]}, {"base_span": [164, 165], "annotations": [{"nertag": "I-PER"}]}, {"base_span": [165, 172], "annotations": [{"nertag": "I-PER"}]}, {"base_span": [174, 179], "annotations": [{"nertag": "O"}]}, {"base_span": [180, 185], "annotations": [{"nertag": "O"}]}, {"base_span": [186, 190], "annotations": [{"nertag": "O"}]}, {"base_span": [191, 195], "annotations": [{"nertag": "B-PER"}]}, {"base_span": [196, 204], "annotations": [{"nertag": "I-PER"}]}, {"base_span": [205, 211], "annotations": [{"nertag": "O"}]}, {"base_span": [211, 212], "annotations": [{"nertag": "O"}]}, {"base_span": [212, 217], "annotations": [{"nertag": "O"}]}, {"base_span": [218, 228], "annotations": [{"nertag": "O"}]}, {"base_span": [229, 233], "annotations": [{"nertag": "B-PER"}]}, {"base_span": [234, 238], "annotations": [{"nertag": "I-PER"}]}, {"base_span": [239, 244], "annotations": [{"nertag": "O"}]}, {"base_span": [245, 250], "annotations": [{"nertag": "B-PER"}]}, {"base_span": [251, 255], "annotations": [{"nertag": "O"}]}, {"base_span": [256, 261], "annotations": [{"nertag": "O"}]}, {"base_span": [262, 267], "annotations": [{"nertag": "O"}]}, {"base_span": [268, 274], "annotations": [{"nertag": "O"}]}, {"base_span": [275, 277], "annotations": [{"nertag": "O"}]}, {"base_span": [278, 285], "annotations": [{"nertag": "O"}]}, {"base_span": [286, 295], "annotations": [{"nertag": "O"}]}, {"base_span": [296, 303], "annotations": [{"nertag": "O"}]}, {"base_span": [303, 304], "annotations": [{"nertag": "O"}]}, {"base_span": [304, 308], "annotations": [{"nertag": "O"}]}, {"base_span": [309, 314], "annotations": [{"nertag": "O"}]}, {"base_span": [315, 317], "annotations": [{"nertag": "O"}]}, {"base_span": [318, 323], "annotations": [{"nertag": "O"}]}, {"base_span": [324, 330], "annotations": [{"nertag": "O"}]}, {"base_span": [331, 336], "annotations": [{"nertag": "O"}]}, {"base_span": [337, 349], "annotations": [{"nertag": "O"}]}, {"base_span": [350, 354], "annotations": [{"nertag": "O"}]}, {"base_span": [355, 361], "annotations": [{"nertag": "O"}]}, {"base_span": [361, 362], "annotations": [{"nertag": "O"}]}, {"base_span": [362, 366], "annotations": [{"nertag": "O"}]}, {"base_span": [367, 370], "annotations": [{"nertag": "O"}]}, {"base_span": [371, 376], "annotations": [{"nertag": "O"}]}, {"base_span": [377, 382], "annotations": [{"nertag": "O"}]}, {"base_span": [383, 388], "annotations": [{"nertag": "O"}]}, {"base_span": [389, 393], "annotations": [{"nertag": "O"}]}, {"base_span": [394, 399], "annotations": [{"nertag": "O"}]}, {"base_span": [399, 400], "annotations": [{"nertag": "O"}]}, {"base_span": [400, 402], "annotations": [{"nertag": "O"}]}, {"base_span": [403, 408], "annotations": [{"nertag": "O"}]}, {"base_span": [409, 416], "annotations": [{"nertag": "O"}]}, {"base_span": [417, 423], "annotations": [{"nertag": "O"}]}, {"base_span": [424, 430], "annotations": [{"nertag": "O"}]}, {"base_span": [431, 436], "annotations": [{"nertag": "O"}]}, {"base_span": [437, 442], "annotations": [{"nertag": "O"}]}, {"base_span": [443, 449], "annotations": [{"nertag": "O"}]}, {"base_span": [450, 452], "annotations": [{"nertag": "O"}]}, {"base_span": [453, 456], "annotations": [{"nertag": "O"}]}, {"base_span": [457, 462], "annotations": [{"nertag": "O"}]}, {"base_span": [463, 473], "annotations": [{"nertag": "O"}]}, {"base_span": [474, 478], "annotations": [{"nertag": "O"}]}, {"base_span": [479, 483], "annotations": [{"nertag": "O"}]}, {"base_span": [484, 490], "annotations": [{"nertag": "O"}]}, {"base_span": [491, 493], "annotations": [{"nertag": "O"}]}, {"base_span": [494, 499], "annotations": [{"nertag": "O"}]}, {"base_span": [500, 505], "annotations": [{"nertag": "O"}]}, {"base_span": [506, 511], "annotations": [{"nertag": "O"}]}, {"base_span": [512, 518], "annotations": [{"nertag": "O"}]}, {"base_span": [519, 521], "annotations": [{"nertag": "O"}]}, {"base_span": [522, 527], "annotations": [{"nertag": "O"}]}, {"base_span": [528, 533], "annotations": [{"nertag": "O"}]}, {"base_span": [534, 538], "annotations": [{"nertag": "O"}]}, {"base_span": [539, 543], "annotations": [{"nertag": "B-PER"}]}, {"base_span": [544, 548], "annotations": [{"nertag": "I-PER"}]}, {"base_span": [549, 551], "annotations": [{"nertag": "O"}]}, {"base_span": [552, 559], "annotations": [{"nertag": "O"}]}, {"base_span": [560, 567], "annotations": [{"nertag": "O"}]}, {"base_span": [568, 575], "annotations": [{"nertag": "O"}]}, {"base_span": [576, 584], "annotations": [{"nertag": "O"}]}, {"base_span": [585, 593], "annotations": [{"nertag": "O"}]}, {"base_span": [593, 594], "annotations": [{"nertag": "O"}]}, {"base_span": [594, 596], "annotations": [{"nertag": "O"}]}, {"base_span": [597, 602], "annotations": [{"nertag": "O"}]}, {"base_span": [603, 608], "annotations": [{"nertag": "O"}]}, {"base_span": [609, 611], "annotations": [{"nertag": "O"}]}, {"base_span": [612, 617], "annotations": [{"nertag": "B-LOC"}]}, {"base_span": [618, 627], "annotations": [{"nertag": "O"}]}, {"base_span": [628, 633], "annotations": [{"nertag": "O"}]}, {"base_span": [634, 638], "annotations": [{"nertag": "O"}]}, {"base_span": [639, 646], "annotations": [{"nertag": "O"}]}, {"base_span": [647, 649], "annotations": [{"nertag": "O"}]}, {"base_span": [650, 655], "annotations": [{"nertag": "O"}]}, {"base_span": [656, 660], "annotations": [{"nertag": "O"}]}, {"base_span": [661, 663], "annotations": [{"nertag": "O"}]}, {"base_span": [663, 664], "annotations": [{"nertag": "O"}]}, {"base_span": [664, 666], "annotations": [{"nertag": "O"}]}, {"base_span": [667, 673], "annotations": [{"nertag": "O"}]}, {"base_span": [674, 680], "annotations": [{"nertag": "O"}]}, {"base_span": [681, 686], "annotations": [{"nertag": "O"}]}, {"base_span": [687, 691], "annotations": [{"nertag": "O"}]}, {"base_span": [692, 701], "annotations": [{"nertag": "O"}]}, {"base_span": [701, 702], "annotations": [{"nertag": "O"}]}, {"base_span": [702, 706], "annotations": [{"nertag": "B-PER"}]}, {"base_span": [707, 711], "annotations": [{"nertag": "I-PER"}]}, {"base_span": [712, 721], "annotations": [{"nertag": "O"}]}, {"base_span": [721, 722], "annotations": [{"nertag": "O"}]}, {"base_span": [722, 727], "annotations": [{"nertag": "O"}]}, {"base_span": [728, 733], "annotations": [{"nertag": "O"}]}, {"base_span": [734, 739], "annotations": [{"nertag": "O"}]}, {"base_span": [740, 745], "annotations": [{"nertag": "O"}]}, {"base_span": [746, 754], "annotations": [{"nertag": "O"}]}, {"base_span": [754, 755], "annotations": [{"nertag": "O"}]}, {"base_span": [755, 759], "annotations": [{"nertag": "O"}]}, {"base_span": [760, 769], "annotations": [{"nertag": "B-PER"}]}, {"base_span": [770, 775], "annotations": [{"nertag": "O"}]}, {"base_span": [776, 778], "annotations": [{"nertag": "O"}]}, {"base_span": [779, 784], "annotations": [{"nertag": "O"}]}, {"base_span": [785, 790], "annotations": [{"nertag": "O"}]}, {"base_span": [791, 798], "annotations": [{"nertag": "O"}]}, {"base_span": [799, 805], "annotations": [{"nertag": "O"}]}, {"base_span": [806, 812], "annotations": [{"nertag": "O"}]}, {"base_span": [812, 813], "annotations": [{"nertag": "O"}]}, {"base_span": [813, 818], "annotations": [{"nertag": "O"}]}, {"base_span": [819, 824], "annotations": [{"nertag": "O"}]}, {"base_span": [825, 830], "annotations": [{"nertag": "O"}]}, {"base_span": [831, 836], "annotations": [{"nertag": "O"}]}, {"base_span": [837, 840], "annotations": [{"nertag": "O"}]}, {"base_span": [841, 846], "annotations": [{"nertag": "O"}]}, {"base_span": [847, 853], "annotations": [{"nertag": "O"}]}, {"base_span": [854, 856], "annotations": [{"nertag": "O"}]}, {"base_span": [857, 861], "annotations": [{"nertag": "O"}]}, {"base_span": [862, 867], "annotations": [{"nertag": "O"}]}, {"base_span": [868, 872], "annotations": [{"nertag": "O"}]}, {"base_span": [873, 883], "annotations": [{"nertag": "O"}]}, {"base_span": [883, 884], "annotations": [{"nertag": "O"}]}, {"base_span": [884, 889], "annotations": [{"nertag": "O"}]}, {"base_span": [890, 895], "annotations": [{"nertag": "O"}]}, {"base_span": [896, 905], "annotations": [{"nertag": "O"}]}, {"base_span": [906, 918], "annotations": [{"nertag": "O"}]}, {"base_span": [918, 919], "annotations": [{"nertag": "O"}]}, {"base_span": [919, 922], "annotations": [{"nertag": "B-PER"}]}, {"base_span": [923, 931], "annotations": [{"nertag": "I-PER"}]}, {"base_span": [932, 937], "annotations": [{"nertag": "B-PER"}]}, {"base_span": [938, 943], "annotations": [{"nertag": "O"}]}, {"base_span": [944, 953], "annotations": [{"nertag": "O"}]}, {"base_span": [953, 954], "annotations": [{"nertag": "O"}]}, {"base_span": [954, 960], "annotations": [{"nertag": "O"}]}, {"base_span": [961, 963], "annotations": [{"nertag": "O"}]}, {"base_span": [964, 969], "annotations": [{"nertag": "B-PER"}]}, {"base_span": [970, 974], "annotations": [{"nertag": "I-PER"}]}, {"base_span": [975, 980], "annotations": [{"nertag": "O"}]}, {"base_span": [981, 988], "annotations": [{"nertag": "O"}]}, {"base_span": [989, 997], "annotations": [{"nertag": "O"}]}, {"base_span": [997, 998], "annotations": [{"nertag": "O"}]}, {"base_span": [998, 1003], "annotations": [{"nertag": "O"}]}, {"base_span": [1004, 1006], "annotations": [{"nertag": "O"}]}, {"base_span": [1007, 1012], "annotations": [{"nertag": "O"}]}, {"base_span": [1013, 1017], "annotations": [{"nertag": "O"}]}, {"base_span": [1017, 1018], "annotations": [{"nertag": "O"}]}, {"base_span": [1018, 1022], "annotations": [{"nertag": "O"}]}, {"base_span": [1023, 1029], "annotations": [{"nertag": "O"}]}, {"base_span": [1029, 1030], "annotations": [{"nertag": "O"}]}, {"base_span": [1030, 1034], "annotations": [{"nertag": "O"}]}, {"base_span": [1035, 1038], "annotations": [{"nertag": "O"}]}, {"base_span": [1039, 1044], "annotations": [{"nertag": "O"}]}, {"base_span": [1045, 1050], "annotations": [{"nertag": "O"}]}, {"base_span": [1051, 1055], "annotations": [{"nertag": "O"}]}, {"base_span": [1056, 1063], "annotations": [{"nertag": "O"}]}, {"base_span": [1064, 1072], "annotations": [{"nertag": "O"}]}, {"base_span": [1072, 1073], "annotations": [{"nertag": "O"}]}, {"base_span": [1073, 1075], "annotations": [{"nertag": "O"}]}, {"base_span": [1076, 1080], "annotations": [{"nertag": "B-PER"}]}, {"base_span": [1081, 1085], "annotations": [{"nertag": "I-PER"}]}, {"base_span": [1086, 1091], "annotations": [{"nertag": "O"}]}, {"base_span": [1092, 1097], "annotations": [{"nertag": "O"}]}, {"base_span": [1098, 1103], "annotations": [{"nertag": "O"}]}, {"base_span": [1104, 1109], "annotations": [{"nertag": "O"}]}, {"base_span": [1109, 1110], "annotations": [{"nertag": "O"}]}, {"base_span": [1110, 1112], "annotations": [{"nertag": "O"}]}, {"base_span": [1113, 1118], "annotations": [{"nertag": "O"}]}, {"base_span": [1119, 1124], "annotations": [{"nertag": "O"}]}, {"base_span": [1125, 1129], "annotations": [{"nertag": "O"}]}, {"base_span": [1130, 1132], "annotations": [{"nertag": "O"}]}, {"base_span": [1133, 1138], "annotations": [{"nertag": "B-LOC"}]}, {"base_span": [1139, 1148], "annotations": [{"nertag": "O"}]}, {"base_span": [1149, 1153], "annotations": [{"nertag": "O"}]}, {"base_span": [1154, 1160], "annotations": [{"nertag": "O"}]}, {"base_span": [1161, 1169], "annotations": [{"nertag": "O"}]}, {"base_span": [1169, 1170], "annotations": [{"nertag": "O"}]}, {"base_span": [1170, 1172], "annotations": [{"nertag": "O"}]}, {"base_span": [1173, 1176], "annotations": [{"nertag": "B-PER"}]}, {"base_span": [1177, 1181], "annotations": [{"nertag": "I-PER"}]}, {"base_span": [1182, 1184], "annotations": [{"nertag": "O"}]}, {"base_span": [1185, 1190], "annotations": [{"nertag": "O"}]}, {"base_span": [1191, 1196], "annotations": [{"nertag": "O"}]}, {"base_span": [1197, 1204], "annotations": [{"nertag": "O"}]}, {"base_span": [1204, 1205], "annotations": [{"nertag": "O"}]}, {"base_span": [1205, 1208], "annotations": [{"nertag": "B-PER"}]}, {"base_span": [1209, 1213], "annotations": [{"nertag": "I-PER"}]}, {"base_span": [1214, 1223], "annotations": [{"nertag": "O"}]}, {"base_span": [1223, 1224], "annotations": [{"nertag": "O"}]}, {"base_span": [1224, 1234], "annotations": [{"nertag": "O"}]}, {"base_span": [1235, 1239], "annotations": [{"nertag": "O"}]}, {"base_span": [1240, 1242], "annotations": [{"nertag": "O"}]}, {"base_span": [1243, 1247], "annotations": [{"nertag": "B-PER"}]}, {"base_span": [1248, 1259], "annotations": [{"nertag": "B-PER"}]}, {"base_span": [1260, 1266], "annotations": [{"nertag": "O"}]}, {"base_span": [1266, 1267], "annotations": [{"nertag": "O"}]}, {"base_span": [1267, 1269], "annotations": [{"nertag": "O"}]}, {"base_span": [1270, 1275], "annotations": [{"nertag": "O"}]}, {"base_span": [1276, 1281], "annotations": [{"nertag": "O"}]}, {"base_span": [1282, 1286], "annotations": [{"nertag": "O"}]}, {"base_span": [1287, 1292], "annotations": [{"nertag": "O"}]}, {"base_span": [1293, 1296], "annotations": [{"nertag": "O"}]}, {"base_span": [1297, 1301], "annotations": [{"nertag": "O"}]}, {"base_span": [1302, 1308], "annotations": [{"nertag": "O"}]}, {"base_span": [1309, 1311], "annotations": [{"nertag": "O"}]}, {"base_span": [1312, 1317], "annotations": [{"nertag": "B-LOC"}]}, {"base_span": [1318, 1327], "annotations": [{"nertag": "O"}]}, {"base_span": [1328, 1330], "annotations": [{"nertag": "O"}]}, {"base_span": [1331, 1337], "annotations": [{"nertag": "O"}]}, {"base_span": [1338, 1343], "annotations": [{"nertag": "O"}]}, {"base_span": [1344, 1349], "annotations": [{"nertag": "O"}]}, {"base_span": [1349, 1350], "annotations": [{"nertag": "O"}]}, {"base_span": [1350, 1352], "annotations": [{"nertag": "O"}]}, {"base_span": [1353, 1359], "annotations": [{"nertag": "O"}]}, {"base_span": [1360, 1363], "annotations": [{"nertag": "B-PER"}]}, {"base_span": [1364, 1368], "annotations": [{"nertag": "I-PER"}]}, {"base_span": [1369, 1378], "annotations": [{"nertag": "O"}]}, {"base_span": [1379, 1391], "annotations": [{"nertag": "O"}]}, {"base_span": [1392, 1399], "annotations": [{"nertag": "O"}]}, {"base_span": [1400, 1407], "annotations": [{"nertag": "O"}]}, {"base_span": [1407, 1408], "annotations": [{"nertag": "O"}]}, {"base_span": [1408, 1412], "annotations": [{"nertag": "B-PER"}]}, {"base_span": [1413, 1419], "annotations": [{"nertag": "O"}]}, {"base_span": [1420, 1426], "annotations": [{"nertag": "O"}]}, {"base_span": [1427, 1432], "annotations": [{"nertag": "O"}]}, {"base_span": [1433, 1437], "annotations": [{"nertag": "O"}]}, {"base_span": [1438, 1445], "annotations": [{"nertag": "O"}]}, {"base_span": [1446, 1451], "annotations": [{"nertag": "O"}]}, {"base_span": [1452, 1459], "annotations": [{"nertag": "O"}]}, {"base_span": [1460, 1467], "annotations": [{"nertag": "O"}]}, {"base_span": [1468, 1473], "annotations": [{"nertag": "O"}]}, {"base_span": [1473, 1474], "annotations": [{"nertag": "O"}]}, {"base_span": [1474, 1476], "annotations": [{"nertag": "O"}]}, {"base_span": [1477, 1482], "annotations": [{"nertag": "O"}]}, {"base_span": [1483, 1487], "annotations": [{"nertag": "O"}]}, {"base_span": [1488, 1499], "annotations": [{"nertag": "O"}]}, {"base_span": [1500, 1504], "annotations": [{"nertag": "O"}]}, {"base_span": [1505, 1508], "annotations": [{"nertag": "O"}]}, {"base_span": [1508, 1509], "annotations": [{"nertag": "O"}]}, {"base_span": [1509, 1511], "annotations": [{"nertag": "O"}]}, {"base_span": [1512, 1514], "annotations": [{"nertag": "O"}]}, {"base_span": [1515, 1520], "annotations": [{"nertag": "O"}]}, {"base_span": [1521, 1526], "annotations": [{"nertag": "O"}]}, {"base_span": [1527, 1533], "annotations": [{"nertag": "O"}]}, {"base_span": [1533, 1534], "annotations": [{"nertag": "O"}]}, {"base_span": [1536, 1541], "annotations": [{"nertag": "O"}]}, {"base_span": [1542, 1548], "annotations": [{"nertag": "O"}]}, {"base_span": [1548, 1549], "annotations": [{"nertag": "O"}]}, {"base_span": [1549, 1554], "annotations": [{"nertag": "B-PER"}]}, {"base_span": [1555, 1563], "annotations": [{"nertag": "I-PER"}]}, {"base_span": [1564, 1569], "annotations": [{"nertag": "O"}]}, {"base_span": [1570, 1579], "annotations": [{"nertag": "O"}]}, {"base_span": [1579, 1580], "annotations": [{"nertag": "O"}]}, {"base_span": [1580, 1585], "annotations": [{"nertag": "B-PER"}]}, {"base_span": [1586, 1590], "annotations": [{"nertag": "I-PER"}]}, {"base_span": [1591, 1595], "annotations": [{"nertag": "B-PER"}]}, {"base_span": [1596, 1600], "annotations": [{"nertag": "I-PER"}]}, {"base_span": [1601, 1610], "annotations": [{"nertag": "O"}]}, {"base_span": [1611, 1612], "annotations": [{"nertag": "B-PER"}]}, {"base_span": [1612, 1613], "annotations": [{"nertag": "I-PER"}]}, {"base_span": [1613, 1620], "annotations": [{"nertag": "I-PER"}]}]}]}