{"text": "\nKohto korra pärast ollid Trigi walla kohtusse kokko tulnud\n\nKohto wannem Mihkel Kaumann\n\nKohto käemehhed Hans Petermann, Jaan Kossas\n\nKirjutaia Mik Lewet\n\nSullane Jaan Ruben kaebab perremehhe Tönu Kado peale et Tönno Kado ei anna temma rideid kätte mis temma on tenind agga perremees Tönno Kado ütleb et temma on minnewa talwe küünla päwa aial sullase Jaan Rubeniga kaupa teind et Jaan  piddi tedda aasta tenima agga nüüd jaani päwa aial läks sullane ärra ja jättes aasta pollele on perremehhega ühhe tühja asja pärrast tüllisse saand ja siis ärra läind, ja sepärrast piddand perremees tema rided kinni. Kohos moistis et Jaan Ruben maksab need rided Tönno kätte mis temma selle pole aasta tenistuse eest on kätte saand ja jääb selle pole aasta palgast ka ilma ja siis Tönno annab temmale selle teise aasta ride kätte ja nemmad lepind teine teisega sellega.\n\n\n", "meta": {"origin_directory": "vallakohus_neljas/"}, "layers": [{"name": "gold_ner", "attributes": ["nertag"], "parent": null, "enveloping": null, "ambiguous": false, "serialisation_module": null, "meta": {}, "spans": [{"base_span": [26, 46], "annotations": [{"nertag": "ORG"}]}, {"base_span": [74, 88], "annotations": [{"nertag": "PER"}]}, {"base_span": [106, 120], "annotations": [{"nertag": "PER"}]}, {"base_span": [122, 133], "annotations": [{"nertag": "PER"}]}, {"base_span": [145, 154], "annotations": [{"nertag": "PER"}]}, {"base_span": [164, 174], "annotations": [{"nertag": "PER"}]}, {"base_span": [193, 202], "annotations": [{"nertag": "PER"}]}, {"base_span": [212, 222], "annotations": [{"nertag": "PER"}]}, {"base_span": [285, 295], "annotations": [{"nertag": "PER"}]}, {"base_span": [353, 366], "annotations": [{"nertag": "PER"}]}, {"base_span": [382, 386], "annotations": [{"nertag": "PER"}]}, {"base_span": [622, 632], "annotations": [{"nertag": "PER"}]}, {"base_span": [651, 656], "annotations": [{"nertag": "PER"}]}, {"base_span": [769, 774], "annotations": [{"nertag": "PER"}]}]}, {"name": "gold_wordner", "attributes": ["nertag"], "parent": null, "enveloping": null, "ambiguous": false, "serialisation_module": null, "meta": {}, "spans": [{"base_span": [1, 6], "annotations": [{"nertag": "O"}]}, {"base_span": [7, 12], "annotations": [{"nertag": "O"}]}, {"base_span": [13, 19], "annotations": [{"nertag": "O"}]}, {"base_span": [20, 25], "annotations": [{"nertag": "O"}]}, {"base_span": [26, 31], "annotations": [{"nertag": "B-ORG"}]}, {"base_span": [32, 37], "annotations": [{"nertag": "I-ORG"}]}, {"base_span": [38, 46], "annotations": [{"nertag": "I-ORG"}]}, {"base_span": [47, 52], "annotations": [{"nertag": "O"}]}, {"base_span": [53, 59], "annotations": [{"nertag": "O"}]}, {"base_span": [61, 66], "annotations": [{"nertag": "O"}]}, {"base_span": [67, 73], "annotations": [{"nertag": "O"}]}, {"base_span": [74, 80], "annotations": [{"nertag": "B-PER"}]}, {"base_span": [81, 88], "annotations": [{"nertag": "I-PER"}]}, {"base_span": [90, 95], "annotations": [{"nertag": "O"}]}, {"base_span": [96, 105], "annotations": [{"nertag": "O"}]}, {"base_span": [106, 110], "annotations": [{"nertag": "B-PER"}]}, {"base_span": [111, 120], "annotations": [{"nertag": "I-PER"}]}, {"base_span": [120, 121], "annotations": [{"nertag": "O"}]}, {"base_span": [122, 126], "annotations": [{"nertag": "B-PER"}]}, {"base_span": [127, 133], "annotations": [{"nertag": "I-PER"}]}, {"base_span": [135, 144], "annotations": [{"nertag": "O"}]}, {"base_span": [145, 148], "annotations": [{"nertag": "B-PER"}]}, {"base_span": [149, 154], "annotations": [{"nertag": "I-PER"}]}, {"base_span": [156, 163], "annotations": [{"nertag": "O"}]}, {"base_span": [164, 168], "annotations": [{"nertag": "B-PER"}]}, {"base_span": [169, 174], "annotations": [{"nertag": "I-PER"}]}, {"base_span": [175, 181], "annotations": [{"nertag": "O"}]}, {"base_span": [182, 192], "annotations": [{"nertag": "O"}]}, {"base_span": [193, 197], "annotations": [{"nertag": "B-PER"}]}, {"base_span": [198, 202], "annotations": [{"nertag": "I-PER"}]}, {"base_span": [203, 208], "annotations": [{"nertag": "O"}]}, {"base_span": [209, 211], "annotations": [{"nertag": "O"}]}, {"base_span": [212, 217], "annotations": [{"nertag": "B-PER"}]}, {"base_span": [218, 222], "annotations": [{"nertag": "I-PER"}]}, {"base_span": [223, 225], "annotations": [{"nertag": "O"}]}, {"base_span": [226, 230], "annotations": [{"nertag": "O"}]}, {"base_span": [231, 236], "annotations": [{"nertag": "O"}]}, {"base_span": [237, 243], "annotations": [{"nertag": "O"}]}, {"base_span": [244, 249], "annotations": [{"nertag": "O"}]}, {"base_span": [250, 253], "annotations": [{"nertag": "O"}]}, {"base_span": [254, 259], "annotations": [{"nertag": "O"}]}, {"base_span": [260, 262], "annotations": [{"nertag": "O"}]}, {"base_span": [263, 269], "annotations": [{"nertag": "O"}]}, {"base_span": [270, 274], "annotations": [{"nertag": "O"}]}, {"base_span": [275, 284], "annotations": [{"nertag": "O"}]}, {"base_span": [285, 290], "annotations": [{"nertag": "B-PER"}]}, {"base_span": [291, 295], "annotations": [{"nertag": "I-PER"}]}, {"base_span": [296, 301], "annotations": [{"nertag": "O"}]}, {"base_span": [302, 304], "annotations": [{"nertag": "O"}]}, {"base_span": [305, 310], "annotations": [{"nertag": "O"}]}, {"base_span": [311, 313], "annotations": [{"nertag": "O"}]}, {"base_span": [314, 321], "annotations": [{"nertag": "O"}]}, {"base_span": [322, 327], "annotations": [{"nertag": "O"}]}, {"base_span": [328, 334], "annotations": [{"nertag": "O"}]}, {"base_span": [335, 339], "annotations": [{"nertag": "O"}]}, {"base_span": [340, 344], "annotations": [{"nertag": "O"}]}, {"base_span": [345, 352], "annotations": [{"nertag": "O"}]}, {"base_span": [353, 357], "annotations": [{"nertag": "B-PER"}]}, {"base_span": [358, 366], "annotations": [{"nertag": "I-PER"}]}, {"base_span": [367, 372], "annotations": [{"nertag": "O"}]}, {"base_span": [373, 378], "annotations": [{"nertag": "O"}]}, {"base_span": [379, 381], "annotations": [{"nertag": "O"}]}, {"base_span": [382, 386], "annotations": [{"nertag": "B-PER"}]}, {"base_span": [388, 393], "annotations": [{"nertag": "O"}]}, {"base_span": [394, 399], "annotations": [{"nertag": "O"}]}, {"base_span": [400, 405], "annotations": [{"nertag": "O"}]}, {"base_span": [406, 412], "annotations": [{"nertag": "O"}]}, {"base_span": [413, 417], "annotations": [{"nertag": "O"}]}, {"base_span": [418, 422], "annotations": [{"nertag": "O"}]}, {"base_span": [423, 428], "annotations": [{"nertag": "O"}]}, {"base_span": [429, 433], "annotations": [{"nertag": "O"}]}, {"base_span": [434, 438], "annotations": [{"nertag": "O"}]}, {"base_span": [439, 443], "annotations": [{"nertag": "O"}]}, {"base_span": [444, 451], "annotations": [{"nertag": "O"}]}, {"base_span": [452, 456], "annotations": [{"nertag": "O"}]}, {"base_span": [457, 459], "annotations": [{"nertag": "O"}]}, {"base_span": [460, 466], "annotations": [{"nertag": "O"}]}, {"base_span": [467, 472], "annotations": [{"nertag": "O"}]}, {"base_span": [473, 480], "annotations": [{"nertag": "O"}]}, {"base_span": [481, 483], "annotations": [{"nertag": "O"}]}, {"base_span": [484, 496], "annotations": [{"nertag": "O"}]}, {"base_span": [497, 501], "annotations": [{"nertag": "O"}]}, {"base_span": [502, 507], "annotations": [{"nertag": "O"}]}, {"base_span": [508, 512], "annotations": [{"nertag": "O"}]}, {"base_span": [513, 520], "annotations": [{"nertag": "O"}]}, {"base_span": [521, 529], "annotations": [{"nertag": "O"}]}, {"base_span": [530, 535], "annotations": [{"nertag": "O"}]}, {"base_span": [536, 538], "annotations": [{"nertag": "O"}]}, {"base_span": [539, 543], "annotations": [{"nertag": "O"}]}, {"base_span": [544, 548], "annotations": [{"nertag": "O"}]}, {"base_span": [549, 554], "annotations": [{"nertag": "O"}]}, {"base_span": [554, 555], "annotations": [{"nertag": "O"}]}, {"base_span": [556, 558], "annotations": [{"nertag": "O"}]}, {"base_span": [559, 568], "annotations": [{"nertag": "O"}]}, {"base_span": [569, 576], "annotations": [{"nertag": "O"}]}, {"base_span": [577, 586], "annotations": [{"nertag": "O"}]}, {"base_span": [587, 591], "annotations": [{"nertag": "O"}]}, {"base_span": [592, 597], "annotations": [{"nertag": "O"}]}, {"base_span": [598, 603], "annotations": [{"nertag": "O"}]}, {"base_span": [603, 604], "annotations": [{"nertag": "O"}]}, {"base_span": [605, 610], "annotations": [{"nertag": "O"}]}, {"base_span": [611, 618], "annotations": [{"nertag": "O"}]}, {"base_span": [619, 621], "annotations": [{"nertag": "O"}]}, {"base_span": [622, 626], "annotations": [{"nertag": "B-PER"}]}, {"base_span": [627, 632], "annotations": [{"nertag": "I-PER"}]}, {"base_span": [633, 639], "annotations": [{"nertag": "O"}]}, {"base_span": [640, 644], "annotations": [{"nertag": "O"}]}, {"base_span": [645, 650], "annotations": [{"nertag": "O"}]}, {"base_span": [651, 656], "annotations": [{"nertag": "B-PER"}]}, {"base_span": [657, 662], "annotations": [{"nertag": "O"}]}, {"base_span": [663, 666], "annotations": [{"nertag": "O"}]}, {"base_span": [667, 672], "annotations": [{"nertag": "O"}]}, {"base_span": [673, 678], "annotations": [{"nertag": "O"}]}, {"base_span": [679, 683], "annotations": [{"nertag": "O"}]}, {"base_span": [684, 689], "annotations": [{"nertag": "O"}]}, {"base_span": [690, 699], "annotations": [{"nertag": "O"}]}, {"base_span": [700, 704], "annotations": [{"nertag": "O"}]}, {"base_span": [705, 707], "annotations": [{"nertag": "O"}]}, {"base_span": [708, 713], "annotations": [{"nertag": "O"}]}, {"base_span": [714, 719], "annotations": [{"nertag": "O"}]}, {"base_span": [720, 722], "annotations": [{"nertag": "O"}]}, {"base_span": [723, 727], "annotations": [{"nertag": "O"}]}, {"base_span": [728, 733], "annotations": [{"nertag": "O"}]}, {"base_span": [734, 738], "annotations": [{"nertag": "O"}]}, {"base_span": [739, 744], "annotations": [{"nertag": "O"}]}, {"base_span": [745, 752], "annotations": [{"nertag": "O"}]}, {"base_span": [753, 755], "annotations": [{"nertag": "O"}]}, {"base_span": [756, 760], "annotations": [{"nertag": "O"}]}, {"base_span": [761, 763], "annotations": [{"nertag": "O"}]}, {"base_span": [764, 768], "annotations": [{"nertag": "O"}]}, {"base_span": [769, 774], "annotations": [{"nertag": "B-PER"}]}, {"base_span": [775, 780], "annotations": [{"nertag": "O"}]}, {"base_span": [781, 788], "annotations": [{"nertag": "O"}]}, {"base_span": [789, 794], "annotations": [{"nertag": "O"}]}, {"base_span": [795, 800], "annotations": [{"nertag": "O"}]}, {"base_span": [801, 806], "annotations": [{"nertag": "O"}]}, {"base_span": [807, 811], "annotations": [{"nertag": "O"}]}, {"base_span": [812, 817], "annotations": [{"nertag": "O"}]}, {"base_span": [818, 820], "annotations": [{"nertag": "O"}]}, {"base_span": [821, 827], "annotations": [{"nertag": "O"}]}, {"base_span": [828, 834], "annotations": [{"nertag": "O"}]}, {"base_span": [835, 840], "annotations": [{"nertag": "O"}]}, {"base_span": [841, 848], "annotations": [{"nertag": "O"}]}, {"base_span": [849, 856], "annotations": [{"nertag": "O"}]}, {"base_span": [856, 857], "annotations": [{"nertag": "O"}]}]}]}