{"text": "\nKaebasi kohtu ette Maandi Jaan Nõurus, Maggasi Mart Kerrawas ja Mää Jürri Siirmann et heinamawaht Mik Miller on nende heinakuhja Moisa tagga hainamaas lasknud ärra lõhkuda, tallitaja olli watamas käinud ja arwas et 5 Lu on Maandi ja Mää heina kuhjast ja 10 Lu Maggasi heinakuhjast  heino ärra södut.\n\nHeinamawaht Mik Miller tunnistas et Raplast Sulluperre 3 weist, Liwahanso 3 weist ja Jula Nömkülla 1 lehm on sedda pahha teinud.\n\nSulluperre Rein Mahler, Liwahanso Leno Mustallik ja Jula Nömküll waidlesid et nende weised on kül seal heinamas käinud agga kuhja kallale pölle sanud, sest karjane on jures olnud, eks heinamawaht olleks siis koio aijand, kui temma weised säelt leidis, Mik ei täeda issegi, kelle weised pahha teinud.\n\nMik Miller waidles et temma onnende weised säelt leidnud ja kuhja kallalt ärra aijand ja korristand siis need heinad ärra mis weised laiali ajand, koio põlle temma weised ajanud.\n\nKohtu otsus:\n\nEt selged tunnistust ei olnud selle järele, et nende weised kuhjade kallal on käinud, sest se wõis olla, et heinamawaht holeto olnud, ja tühja nende päele tunnistas, mõistis Kohhus, peab hinamawaht Mik Miller omma palgast, mis temma nende käest, kelle heina kuhjad lõhhutud on,\n\n\n", "meta": {"origin_directory": "vallakohus_teine/"}, "layers": [{"name": "gold_ner", "attributes": ["nertag"], "parent": null, "enveloping": null, "ambiguous": false, "serialisation_module": null, "meta": {}, "spans": [{"base_span": [20, 26], "annotations": [{"nertag": "LOC_ORG"}]}, {"base_span": [27, 38], "annotations": [{"nertag": "PER"}]}, {"base_span": [40, 47], "annotations": [{"nertag": "LOC_ORG"}]}, {"base_span": [48, 61], "annotations": [{"nertag": "PER"}]}, {"base_span": [65, 68], "annotations": [{"nertag": "LOC_ORG"}]}, {"base_span": [69, 83], "annotations": [{"nertag": "PER"}]}, {"base_span": [99, 109], "annotations": [{"nertag": "PER"}]}, {"base_span": [224, 230], "annotations": [{"nertag": "LOC_ORG"}]}, {"base_span": [234, 237], "annotations": [{"nertag": "LOC_ORG"}]}, {"base_span": [261, 268], "annotations": [{"nertag": "LOC_ORG"}]}, {"base_span": [314, 324], "annotations": [{"nertag": "PER"}]}, {"base_span": [338, 345], "annotations": [{"nertag": "LOC"}]}, {"base_span": [346, 356], "annotations": [{"nertag": "LOC_ORG"}]}, {"base_span": [366, 375], "annotations": [{"nertag": "LOC_ORG"}]}, {"base_span": [387, 400], "annotations": [{"nertag": "PER"}]}, {"base_span": [432, 442], "annotations": [{"nertag": "LOC_ORG"}]}, {"base_span": [443, 454], "annotations": [{"nertag": "PER"}]}, {"base_span": [456, 465], "annotations": [{"nertag": "LOC_ORG"}]}, {"base_span": [466, 480], "annotations": [{"nertag": "PER"}]}, {"base_span": [484, 496], "annotations": [{"nertag": "PER"}]}, {"base_span": [684, 687], "annotations": [{"nertag": "PER"}]}, {"base_span": [733, 743], "annotations": [{"nertag": "PER"}]}, {"base_span": [1125, 1135], "annotations": [{"nertag": "PER"}]}]}, {"name": "gold_wordner", "attributes": ["nertag"], "parent": null, "enveloping": null, "ambiguous": false, "serialisation_module": null, "meta": {}, "spans": [{"base_span": [1, 8], "annotations": [{"nertag": "O"}]}, {"base_span": [9, 14], "annotations": [{"nertag": "O"}]}, {"base_span": [15, 19], "annotations": [{"nertag": "O"}]}, {"base_span": [20, 26], "annotations": [{"nertag": "B-LOC_ORG"}]}, {"base_span": [27, 31], "annotations": [{"nertag": "B-PER"}]}, {"base_span": [32, 38], "annotations": [{"nertag": "I-PER"}]}, {"base_span": [38, 39], "annotations": [{"nertag": "O"}]}, {"base_span": [40, 47], "annotations": [{"nertag": "B-LOC_ORG"}]}, {"base_span": [48, 52], "annotations": [{"nertag": "B-PER"}]}, {"base_span": [53, 61], "annotations": [{"nertag": "I-PER"}]}, {"base_span": [62, 64], "annotations": [{"nertag": "O"}]}, {"base_span": [65, 68], "annotations": [{"nertag": "B-LOC_ORG"}]}, {"base_span": [69, 74], "annotations": [{"nertag": "B-PER"}]}, {"base_span": [75, 83], "annotations": [{"nertag": "I-PER"}]}, {"base_span": [84, 86], "annotations": [{"nertag": "O"}]}, {"base_span": [87, 98], "annotations": [{"nertag": "O"}]}, {"base_span": [99, 102], "annotations": [{"nertag": "B-PER"}]}, {"base_span": [103, 109], "annotations": [{"nertag": "I-PER"}]}, {"base_span": [110, 112], "annotations": [{"nertag": "O"}]}, {"base_span": [113, 118], "annotations": [{"nertag": "O"}]}, {"base_span": [119, 129], "annotations": [{"nertag": "O"}]}, {"base_span": [130, 135], "annotations": [{"nertag": "O"}]}, {"base_span": [136, 141], "annotations": [{"nertag": "O"}]}, {"base_span": [142, 151], "annotations": [{"nertag": "O"}]}, {"base_span": [152, 159], "annotations": [{"nertag": "O"}]}, {"base_span": [160, 164], "annotations": [{"nertag": "O"}]}, {"base_span": [165, 172], "annotations": [{"nertag": "O"}]}, {"base_span": [172, 173], "annotations": [{"nertag": "O"}]}, {"base_span": [174, 183], "annotations": [{"nertag": "O"}]}, {"base_span": [184, 188], "annotations": [{"nertag": "O"}]}, {"base_span": [189, 196], "annotations": [{"nertag": "O"}]}, {"base_span": [197, 203], "annotations": [{"nertag": "O"}]}, {"base_span": [204, 206], "annotations": [{"nertag": "O"}]}, {"base_span": [207, 212], "annotations": [{"nertag": "O"}]}, {"base_span": [213, 215], "annotations": [{"nertag": "O"}]}, {"base_span": [216, 217], "annotations": [{"nertag": "O"}]}, {"base_span": [218, 220], "annotations": [{"nertag": "O"}]}, {"base_span": [221, 223], "annotations": [{"nertag": "O"}]}, {"base_span": [224, 230], "annotations": [{"nertag": "B-LOC_ORG"}]}, {"base_span": [231, 233], "annotations": [{"nertag": "O"}]}, {"base_span": [234, 237], "annotations": [{"nertag": "B-LOC_ORG"}]}, {"base_span": [238, 243], "annotations": [{"nertag": "O"}]}, {"base_span": [244, 251], "annotations": [{"nertag": "O"}]}, {"base_span": [252, 254], "annotations": [{"nertag": "O"}]}, {"base_span": [255, 257], "annotations": [{"nertag": "O"}]}, {"base_span": [258, 260], "annotations": [{"nertag": "O"}]}, {"base_span": [261, 268], "annotations": [{"nertag": "B-LOC_ORG"}]}, {"base_span": [269, 281], "annotations": [{"nertag": "O"}]}, {"base_span": [283, 288], "annotations": [{"nertag": "O"}]}, {"base_span": [289, 293], "annotations": [{"nertag": "O"}]}, {"base_span": [294, 299], "annotations": [{"nertag": "O"}]}, {"base_span": [299, 300], "annotations": [{"nertag": "O"}]}, {"base_span": [302, 313], "annotations": [{"nertag": "O"}]}, {"base_span": [314, 317], "annotations": [{"nertag": "B-PER"}]}, {"base_span": [318, 324], "annotations": [{"nertag": "I-PER"}]}, {"base_span": [325, 334], "annotations": [{"nertag": "O"}]}, {"base_span": [335, 337], "annotations": [{"nertag": "O"}]}, {"base_span": [338, 345], "annotations": [{"nertag": "B-LOC"}]}, {"base_span": [346, 356], "annotations": [{"nertag": "B-LOC_ORG"}]}, {"base_span": [357, 358], "annotations": [{"nertag": "O"}]}, {"base_span": [359, 364], "annotations": [{"nertag": "O"}]}, {"base_span": [364, 365], "annotations": [{"nertag": "O"}]}, {"base_span": [366, 375], "annotations": [{"nertag": "B-LOC_ORG"}]}, {"base_span": [376, 377], "annotations": [{"nertag": "O"}]}, {"base_span": [378, 383], "annotations": [{"nertag": "O"}]}, {"base_span": [384, 386], "annotations": [{"nertag": "O"}]}, {"base_span": [387, 391], "annotations": [{"nertag": "B-PER"}]}, {"base_span": [392, 400], "annotations": [{"nertag": "I-PER"}]}, {"base_span": [401, 402], "annotations": [{"nertag": "O"}]}, {"base_span": [403, 407], "annotations": [{"nertag": "O"}]}, {"base_span": [408, 410], "annotations": [{"nertag": "O"}]}, {"base_span": [411, 416], "annotations": [{"nertag": "O"}]}, {"base_span": [417, 422], "annotations": [{"nertag": "O"}]}, {"base_span": [423, 429], "annotations": [{"nertag": "O"}]}, {"base_span": [429, 430], "annotations": [{"nertag": "O"}]}, {"base_span": [432, 442], "annotations": [{"nertag": "B-LOC_ORG"}]}, {"base_span": [443, 447], "annotations": [{"nertag": "B-PER"}]}, {"base_span": [448, 454], "annotations": [{"nertag": "I-PER"}]}, {"base_span": [454, 455], "annotations": [{"nertag": "O"}]}, {"base_span": [456, 465], "annotations": [{"nertag": "B-LOC_ORG"}]}, {"base_span": [466, 470], "annotations": [{"nertag": "B-PER"}]}, {"base_span": [471, 480], "annotations": [{"nertag": "I-PER"}]}, {"base_span": [481, 483], "annotations": [{"nertag": "O"}]}, {"base_span": [484, 488], "annotations": [{"nertag": "B-PER"}]}, {"base_span": [489, 496], "annotations": [{"nertag": "I-PER"}]}, {"base_span": [497, 506], "annotations": [{"nertag": "O"}]}, {"base_span": [507, 509], "annotations": [{"nertag": "O"}]}, {"base_span": [510, 515], "annotations": [{"nertag": "O"}]}, {"base_span": [516, 522], "annotations": [{"nertag": "O"}]}, {"base_span": [523, 525], "annotations": [{"nertag": "O"}]}, {"base_span": [526, 529], "annotations": [{"nertag": "O"}]}, {"base_span": [530, 534], "annotations": [{"nertag": "O"}]}, {"base_span": [535, 543], "annotations": [{"nertag": "O"}]}, {"base_span": [544, 550], "annotations": [{"nertag": "O"}]}, {"base_span": [551, 555], "annotations": [{"nertag": "O"}]}, {"base_span": [556, 561], "annotations": [{"nertag": "O"}]}, {"base_span": [562, 569], "annotations": [{"nertag": "O"}]}, {"base_span": [570, 575], "annotations": [{"nertag": "O"}]}, {"base_span": [576, 581], "annotations": [{"nertag": "O"}]}, {"base_span": [581, 582], "annotations": [{"nertag": "O"}]}, {"base_span": [583, 587], "annotations": [{"nertag": "O"}]}, {"base_span": [588, 595], "annotations": [{"nertag": "O"}]}, {"base_span": [596, 598], "annotations": [{"nertag": "O"}]}, {"base_span": [599, 604], "annotations": [{"nertag": "O"}]}, {"base_span": [605, 610], "annotations": [{"nertag": "O"}]}, {"base_span": [610, 611], "annotations": [{"nertag": "O"}]}, {"base_span": [612, 615], "annotations": [{"nertag": "O"}]}, {"base_span": [616, 627], "annotations": [{"nertag": "O"}]}, {"base_span": [628, 634], "annotations": [{"nertag": "O"}]}, {"base_span": [635, 639], "annotations": [{"nertag": "O"}]}, {"base_span": [640, 644], "annotations": [{"nertag": "O"}]}, {"base_span": [645, 651], "annotations": [{"nertag": "O"}]}, {"base_span": [651, 652], "annotations": [{"nertag": "O"}]}, {"base_span": [653, 656], "annotations": [{"nertag": "O"}]}, {"base_span": [657, 662], "annotations": [{"nertag": "O"}]}, {"base_span": [663, 669], "annotations": [{"nertag": "O"}]}, {"base_span": [670, 675], "annotations": [{"nertag": "O"}]}, {"base_span": [676, 682], "annotations": [{"nertag": "O"}]}, {"base_span": [682, 683], "annotations": [{"nertag": "O"}]}, {"base_span": [684, 687], "annotations": [{"nertag": "B-PER"}]}, {"base_span": [688, 690], "annotations": [{"nertag": "O"}]}, {"base_span": [691, 696], "annotations": [{"nertag": "O"}]}, {"base_span": [697, 703], "annotations": [{"nertag": "O"}]}, {"base_span": [703, 704], "annotations": [{"nertag": "O"}]}, {"base_span": [705, 710], "annotations": [{"nertag": "O"}]}, {"base_span": [711, 717], "annotations": [{"nertag": "O"}]}, {"base_span": [718, 723], "annotations": [{"nertag": "O"}]}, {"base_span": [724, 730], "annotations": [{"nertag": "O"}]}, {"base_span": [730, 731], "annotations": [{"nertag": "O"}]}, {"base_span": [733, 736], "annotations": [{"nertag": "B-PER"}]}, {"base_span": [737, 743], "annotations": [{"nertag": "I-PER"}]}, {"base_span": [744, 751], "annotations": [{"nertag": "O"}]}, {"base_span": [752, 754], "annotations": [{"nertag": "O"}]}, {"base_span": [755, 760], "annotations": [{"nertag": "O"}]}, {"base_span": [761, 768], "annotations": [{"nertag": "O"}]}, {"base_span": [769, 775], "annotations": [{"nertag": "O"}]}, {"base_span": [776, 781], "annotations": [{"nertag": "O"}]}, {"base_span": [782, 789], "annotations": [{"nertag": "O"}]}, {"base_span": [790, 792], "annotations": [{"nertag": "O"}]}, {"base_span": [793, 798], "annotations": [{"nertag": "O"}]}, {"base_span": [799, 806], "annotations": [{"nertag": "O"}]}, {"base_span": [807, 811], "annotations": [{"nertag": "O"}]}, {"base_span": [812, 818], "annotations": [{"nertag": "O"}]}, {"base_span": [819, 821], "annotations": [{"nertag": "O"}]}, {"base_span": [822, 832], "annotations": [{"nertag": "O"}]}, {"base_span": [833, 837], "annotations": [{"nertag": "O"}]}, {"base_span": [838, 842], "annotations": [{"nertag": "O"}]}, {"base_span": [843, 849], "annotations": [{"nertag": "O"}]}, {"base_span": [850, 854], "annotations": [{"nertag": "O"}]}, {"base_span": [855, 858], "annotations": [{"nertag": "O"}]}, {"base_span": [859, 865], "annotations": [{"nertag": "O"}]}, {"base_span": [866, 872], "annotations": [{"nertag": "O"}]}, {"base_span": [873, 878], "annotations": [{"nertag": "O"}]}, {"base_span": [878, 879], "annotations": [{"nertag": "O"}]}, {"base_span": [880, 884], "annotations": [{"nertag": "O"}]}, {"base_span": [885, 890], "annotations": [{"nertag": "O"}]}, {"base_span": [891, 896], "annotations": [{"nertag": "O"}]}, {"base_span": [897, 903], "annotations": [{"nertag": "O"}]}, {"base_span": [904, 910], "annotations": [{"nertag": "O"}]}, {"base_span": [910, 911], "annotations": [{"nertag": "O"}]}, {"base_span": [913, 918], "annotations": [{"nertag": "O"}]}, {"base_span": [919, 924], "annotations": [{"nertag": "O"}]}, {"base_span": [924, 925], "annotations": [{"nertag": "O"}]}, {"base_span": [927, 929], "annotations": [{"nertag": "O"}]}, {"base_span": [930, 936], "annotations": [{"nertag": "O"}]}, {"base_span": [937, 947], "annotations": [{"nertag": "O"}]}, {"base_span": [948, 950], "annotations": [{"nertag": "O"}]}, {"base_span": [951, 956], "annotations": [{"nertag": "O"}]}, {"base_span": [957, 962], "annotations": [{"nertag": "O"}]}, {"base_span": [963, 969], "annotations": [{"nertag": "O"}]}, {"base_span": [969, 970], "annotations": [{"nertag": "O"}]}, {"base_span": [971, 973], "annotations": [{"nertag": "O"}]}, {"base_span": [974, 979], "annotations": [{"nertag": "O"}]}, {"base_span": [980, 986], "annotations": [{"nertag": "O"}]}, {"base_span": [987, 994], "annotations": [{"nertag": "O"}]}, {"base_span": [995, 1001], "annotations": [{"nertag": "O"}]}, {"base_span": [1002, 1004], "annotations": [{"nertag": "O"}]}, {"base_span": [1005, 1011], "annotations": [{"nertag": "O"}]}, {"base_span": [1011, 1012], "annotations": [{"nertag": "O"}]}, {"base_span": [1013, 1017], "annotations": [{"nertag": "O"}]}, {"base_span": [1018, 1020], "annotations": [{"nertag": "O"}]}, {"base_span": [1021, 1025], "annotations": [{"nertag": "O"}]}, {"base_span": [1026, 1030], "annotations": [{"nertag": "O"}]}, {"base_span": [1030, 1031], "annotations": [{"nertag": "O"}]}, {"base_span": [1032, 1034], "annotations": [{"nertag": "O"}]}, {"base_span": [1035, 1046], "annotations": [{"nertag": "O"}]}, {"base_span": [1047, 1053], "annotations": [{"nertag": "O"}]}, {"base_span": [1054, 1059], "annotations": [{"nertag": "O"}]}, {"base_span": [1059, 1060], "annotations": [{"nertag": "O"}]}, {"base_span": [1061, 1063], "annotations": [{"nertag": "O"}]}, {"base_span": [1064, 1069], "annotations": [{"nertag": "O"}]}, {"base_span": [1070, 1075], "annotations": [{"nertag": "O"}]}, {"base_span": [1076, 1081], "annotations": [{"nertag": "O"}]}, {"base_span": [1082, 1091], "annotations": [{"nertag": "O"}]}, {"base_span": [1091, 1092], "annotations": [{"nertag": "O"}]}, {"base_span": [1093, 1100], "annotations": [{"nertag": "O"}]}, {"base_span": [1101, 1107], "annotations": [{"nertag": "O"}]}, {"base_span": [1107, 1108], "annotations": [{"nertag": "O"}]}, {"base_span": [1109, 1113], "annotations": [{"nertag": "O"}]}, {"base_span": [1114, 1124], "annotations": [{"nertag": "O"}]}, {"base_span": [1125, 1128], "annotations": [{"nertag": "B-PER"}]}, {"base_span": [1129, 1135], "annotations": [{"nertag": "I-PER"}]}, {"base_span": [1136, 1140], "annotations": [{"nertag": "O"}]}, {"base_span": [1141, 1148], "annotations": [{"nertag": "O"}]}, {"base_span": [1148, 1149], "annotations": [{"nertag": "O"}]}, {"base_span": [1150, 1153], "annotations": [{"nertag": "O"}]}, {"base_span": [1154, 1159], "annotations": [{"nertag": "O"}]}, {"base_span": [1160, 1165], "annotations": [{"nertag": "O"}]}, {"base_span": [1166, 1171], "annotations": [{"nertag": "O"}]}, {"base_span": [1171, 1172], "annotations": [{"nertag": "O"}]}, {"base_span": [1173, 1178], "annotations": [{"nertag": "O"}]}, {"base_span": [1179, 1184], "annotations": [{"nertag": "O"}]}, {"base_span": [1185, 1191], "annotations": [{"nertag": "O"}]}, {"base_span": [1192, 1200], "annotations": [{"nertag": "O"}]}, {"base_span": [1201, 1203], "annotations": [{"nertag": "O"}]}, {"base_span": [1203, 1204], "annotations": [{"nertag": "O"}]}]}]}