{"text": "\nSel sammal päeval astus kohtu ette Mart Artach ja kaebas et Mardisauna Ann Tuttenball olla tema Härjad karjasmaalt heinamasse ajand mis Mari Rais olla näinud. Hein oli niitmata\n\nAnn Tuttenball saab kohtu ette kutsutud ja tunnistab et tema neid Härgi põlla näinud, ega ka heinasse ajanud.\n\nTunnistaja Mari Rais saab ette kutsutud ja tunnistab, et tema seda olla näinud kui Ann Tuttenball need Härjad heinamaale ajand, ja tulnud nende õue wärawast Härgega mööda.\n\nKohus mõistab et Ann Tuttenball, maksab 2 rbl walla laeka trahwi.\n\n\n", "meta": {"origin_directory": "vallakohus_neljas/"}, "layers": [{"name": "gold_ner", "attributes": ["nertag"], "parent": null, "enveloping": null, "ambiguous": false, "serialisation_module": null, "meta": {}, "spans": [{"base_span": [36, 47], "annotations": [{"nertag": "PER"}]}, {"base_span": [61, 71], "annotations": [{"nertag": "LOC_ORG"}]}, {"base_span": [72, 86], "annotations": [{"nertag": "PER"}]}, {"base_span": [137, 146], "annotations": [{"nertag": "PER"}]}, {"base_span": [179, 193], "annotations": [{"nertag": "PER"}]}, {"base_span": [301, 310], "annotations": [{"nertag": "PER"}]}, {"base_span": [373, 387], "annotations": [{"nertag": "PER"}]}, {"base_span": [480, 494], "annotations": [{"nertag": "PER"}]}]}, {"name": "gold_wordner", "attributes": ["nertag"], "parent": null, "enveloping": null, "ambiguous": false, "serialisation_module": null, "meta": {}, "spans": [{"base_span": [1, 4], "annotations": [{"nertag": "O"}]}, {"base_span": [5, 11], "annotations": [{"nertag": "O"}]}, {"base_span": [12, 18], "annotations": [{"nertag": "O"}]}, {"base_span": [19, 24], "annotations": [{"nertag": "O"}]}, {"base_span": [25, 30], "annotations": [{"nertag": "O"}]}, {"base_span": [31, 35], "annotations": [{"nertag": "O"}]}, {"base_span": [36, 40], "annotations": [{"nertag": "B-PER"}]}, {"base_span": [41, 47], "annotations": [{"nertag": "I-PER"}]}, {"base_span": [48, 50], "annotations": [{"nertag": "O"}]}, {"base_span": [51, 57], "annotations": [{"nertag": "O"}]}, {"base_span": [58, 60], "annotations": [{"nertag": "O"}]}, {"base_span": [61, 71], "annotations": [{"nertag": "B-LOC_ORG"}]}, {"base_span": [72, 75], "annotations": [{"nertag": "B-PER"}]}, {"base_span": [76, 86], "annotations": [{"nertag": "I-PER"}]}, {"base_span": [87, 91], "annotations": [{"nertag": "O"}]}, {"base_span": [92, 96], "annotations": [{"nertag": "O"}]}, {"base_span": [97, 103], "annotations": [{"nertag": "O"}]}, {"base_span": [104, 115], "annotations": [{"nertag": "O"}]}, {"base_span": [116, 126], "annotations": [{"nertag": "O"}]}, {"base_span": [127, 132], "annotations": [{"nertag": "O"}]}, {"base_span": [133, 136], "annotations": [{"nertag": "O"}]}, {"base_span": [137, 141], "annotations": [{"nertag": "B-PER"}]}, {"base_span": [142, 146], "annotations": [{"nertag": "I-PER"}]}, {"base_span": [147, 151], "annotations": [{"nertag": "O"}]}, {"base_span": [152, 158], "annotations": [{"nertag": "O"}]}, {"base_span": [158, 159], "annotations": [{"nertag": "O"}]}, {"base_span": [160, 164], "annotations": [{"nertag": "O"}]}, {"base_span": [165, 168], "annotations": [{"nertag": "O"}]}, {"base_span": [169, 177], "annotations": [{"nertag": "O"}]}, {"base_span": [179, 182], "annotations": [{"nertag": "B-PER"}]}, {"base_span": [183, 193], "annotations": [{"nertag": "I-PER"}]}, {"base_span": [194, 198], "annotations": [{"nertag": "O"}]}, {"base_span": [199, 204], "annotations": [{"nertag": "O"}]}, {"base_span": [205, 209], "annotations": [{"nertag": "O"}]}, {"base_span": [210, 218], "annotations": [{"nertag": "O"}]}, {"base_span": [219, 221], "annotations": [{"nertag": "O"}]}, {"base_span": [222, 231], "annotations": [{"nertag": "O"}]}, {"base_span": [232, 234], "annotations": [{"nertag": "O"}]}, {"base_span": [235, 239], "annotations": [{"nertag": "O"}]}, {"base_span": [240, 244], "annotations": [{"nertag": "O"}]}, {"base_span": [245, 250], "annotations": [{"nertag": "O"}]}, {"base_span": [251, 256], "annotations": [{"nertag": "O"}]}, {"base_span": [257, 263], "annotations": [{"nertag": "O"}]}, {"base_span": [263, 264], "annotations": [{"nertag": "O"}]}, {"base_span": [265, 268], "annotations": [{"nertag": "O"}]}, {"base_span": [269, 271], "annotations": [{"nertag": "O"}]}, {"base_span": [272, 280], "annotations": [{"nertag": "O"}]}, {"base_span": [281, 287], "annotations": [{"nertag": "O"}]}, {"base_span": [287, 288], "annotations": [{"nertag": "O"}]}, {"base_span": [290, 300], "annotations": [{"nertag": "O"}]}, {"base_span": [301, 305], "annotations": [{"nertag": "B-PER"}]}, {"base_span": [306, 310], "annotations": [{"nertag": "I-PER"}]}, {"base_span": [311, 315], "annotations": [{"nertag": "O"}]}, {"base_span": [316, 320], "annotations": [{"nertag": "O"}]}, {"base_span": [321, 329], "annotations": [{"nertag": "O"}]}, {"base_span": [330, 332], "annotations": [{"nertag": "O"}]}, {"base_span": [333, 342], "annotations": [{"nertag": "O"}]}, {"base_span": [342, 343], "annotations": [{"nertag": "O"}]}, {"base_span": [344, 346], "annotations": [{"nertag": "O"}]}, {"base_span": [347, 351], "annotations": [{"nertag": "O"}]}, {"base_span": [352, 356], "annotations": [{"nertag": "O"}]}, {"base_span": [357, 361], "annotations": [{"nertag": "O"}]}, {"base_span": [362, 368], "annotations": [{"nertag": "O"}]}, {"base_span": [369, 372], "annotations": [{"nertag": "O"}]}, {"base_span": [373, 376], "annotations": [{"nertag": "B-PER"}]}, {"base_span": [377, 387], "annotations": [{"nertag": "I-PER"}]}, {"base_span": [388, 392], "annotations": [{"nertag": "O"}]}, {"base_span": [393, 399], "annotations": [{"nertag": "O"}]}, {"base_span": [400, 410], "annotations": [{"nertag": "O"}]}, {"base_span": [411, 416], "annotations": [{"nertag": "O"}]}, {"base_span": [416, 417], "annotations": [{"nertag": "O"}]}, {"base_span": [418, 420], "annotations": [{"nertag": "O"}]}, {"base_span": [421, 427], "annotations": [{"nertag": "O"}]}, {"base_span": [428, 433], "annotations": [{"nertag": "O"}]}, {"base_span": [434, 437], "annotations": [{"nertag": "O"}]}, {"base_span": [438, 446], "annotations": [{"nertag": "O"}]}, {"base_span": [447, 454], "annotations": [{"nertag": "O"}]}, {"base_span": [455, 460], "annotations": [{"nertag": "O"}]}, {"base_span": [460, 461], "annotations": [{"nertag": "O"}]}, {"base_span": [463, 468], "annotations": [{"nertag": "O"}]}, {"base_span": [469, 476], "annotations": [{"nertag": "O"}]}, {"base_span": [477, 479], "annotations": [{"nertag": "O"}]}, {"base_span": [480, 483], "annotations": [{"nertag": "B-PER"}]}, {"base_span": [484, 494], "annotations": [{"nertag": "I-PER"}]}, {"base_span": [494, 495], "annotations": [{"nertag": "O"}]}, {"base_span": [496, 502], "annotations": [{"nertag": "O"}]}, {"base_span": [503, 504], "annotations": [{"nertag": "O"}]}, {"base_span": [505, 508], "annotations": [{"nertag": "O"}]}, {"base_span": [509, 514], "annotations": [{"nertag": "O"}]}, {"base_span": [515, 520], "annotations": [{"nertag": "O"}]}, {"base_span": [521, 527], "annotations": [{"nertag": "O"}]}, {"base_span": [527, 528], "annotations": [{"nertag": "O"}]}]}]}