{"text": "\nEtte tulli Ihhasallo rannast Andres Küsiker, ja kaebas seältsammast ranna poiste, Ludwig Kasiko ja Johannes Perkmanni peäle. et üllemal nimmetud poisid Nellipühhi essimissel pühhal pärrast lounat, Keggala karjaaias temma sigga aia wahhel surma peäle wiggaseks peksnud, ja see sigga olli wiimse pühha pärrastlounat surnud. Sedda sigga mahha mattes olli Andres tedda lõhki lõikand, ja leidis teist nero mahha lödud ollewad.Joannes Perkman sai ette kutsutud ja selle sea pärrast küssitud; agga Joannes ütles, et temma sedda sigga, mis surnd, polle mitte lönud, waid agga emmist, mis ellus, on ta üks kord lönud, ja temma olla haopinnust kaks wemmalt tonud.Ludwig Kasik sai ette kutsutud ja küssitud: se ütles nisamma, et temma emmist olla kaks kord lönud; agga orrikast, mis surnd, põlle ta mitte lönud.\nTunnistuseks tulli ette Keggala perremees Jürri Lep ja räkis, et need poisid karjaaedas ollid siggu peksnud. Kustaw Pahlberg tunnistas nero maha lödud ollewad.\n\nOtsus. On saand moistetud: Andres Küsikeri sigga, 1/2 aastane, on arwatud 10 rubla. Selle sea eest maksawad poisid kokko 6 rubla, kumbagi pois 3 rubl. Mihklipäwaks peab se rahha Andres Küsikeri kätte ollema makstud; ja 4 rubla sea hinnast jääb Andrese omma kanda, et ta põlle üht tru tunnistust jure wõtnud, kui sigga lõhki leigate, kes olleks woinud tunnistada, et se sigga surnuks pekstud, wois jo ka ehk muud wigga olla.\n\n\n", "meta": {"origin_directory": "vallakohus_kolmas/"}, "layers": [{"name": "gold_ner", "attributes": ["nertag"], "parent": null, "enveloping": null, "ambiguous": false, "serialisation_module": null, "meta": {}, "spans": [{"base_span": [12, 29], "annotations": [{"nertag": "LOC"}]}, {"base_span": [30, 44], "annotations": [{"nertag": "PER"}]}, {"base_span": [83, 96], "annotations": [{"nertag": "PER"}]}, {"base_span": [100, 118], "annotations": [{"nertag": "PER"}]}, {"base_span": [198, 215], "annotations": [{"nertag": "LOC"}]}, {"base_span": [353, 359], "annotations": [{"nertag": "PER"}]}, {"base_span": [422, 437], "annotations": [{"nertag": "PER"}]}, {"base_span": [492, 499], "annotations": [{"nertag": "PER"}]}, {"base_span": [654, 666], "annotations": [{"nertag": "PER"}]}, {"base_span": [826, 833], "annotations": [{"nertag": "LOC_ORG"}]}, {"base_span": [844, 853], "annotations": [{"nertag": "PER"}]}, {"base_span": [911, 926], "annotations": [{"nertag": "PER"}]}, {"base_span": [990, 1005], "annotations": [{"nertag": "PER"}]}, {"base_span": [1141, 1156], "annotations": [{"nertag": "PER"}]}, {"base_span": [1207, 1214], "annotations": [{"nertag": "PER"}]}]}, {"name": "gold_wordner", "attributes": ["nertag"], "parent": null, "enveloping": null, "ambiguous": false, "serialisation_module": null, "meta": {}, "spans": [{"base_span": [1, 5], "annotations": [{"nertag": "O"}]}, {"base_span": [6, 11], "annotations": [{"nertag": "O"}]}, {"base_span": [12, 21], "annotations": [{"nertag": "B-LOC"}]}, {"base_span": [22, 29], "annotations": [{"nertag": "I-LOC"}]}, {"base_span": [30, 36], "annotations": [{"nertag": "B-PER"}]}, {"base_span": [37, 44], "annotations": [{"nertag": "I-PER"}]}, {"base_span": [44, 45], "annotations": [{"nertag": "O"}]}, {"base_span": [46, 48], "annotations": [{"nertag": "O"}]}, {"base_span": [49, 55], "annotations": [{"nertag": "O"}]}, {"base_span": [56, 68], "annotations": [{"nertag": "O"}]}, {"base_span": [69, 74], "annotations": [{"nertag": "O"}]}, {"base_span": [75, 81], "annotations": [{"nertag": "O"}]}, {"base_span": [81, 82], "annotations": [{"nertag": "O"}]}, {"base_span": [83, 89], "annotations": [{"nertag": "B-PER"}]}, {"base_span": [90, 96], "annotations": [{"nertag": "I-PER"}]}, {"base_span": [97, 99], "annotations": [{"nertag": "O"}]}, {"base_span": [100, 108], "annotations": [{"nertag": "B-PER"}]}, {"base_span": [109, 118], "annotations": [{"nertag": "I-PER"}]}, {"base_span": [119, 124], "annotations": [{"nertag": "O"}]}, {"base_span": [124, 125], "annotations": [{"nertag": "O"}]}, {"base_span": [126, 128], "annotations": [{"nertag": "O"}]}, {"base_span": [129, 136], "annotations": [{"nertag": "O"}]}, {"base_span": [137, 145], "annotations": [{"nertag": "O"}]}, {"base_span": [146, 152], "annotations": [{"nertag": "O"}]}, {"base_span": [153, 163], "annotations": [{"nertag": "O"}]}, {"base_span": [164, 174], "annotations": [{"nertag": "O"}]}, {"base_span": [175, 181], "annotations": [{"nertag": "O"}]}, {"base_span": [182, 189], "annotations": [{"nertag": "O"}]}, {"base_span": [190, 196], "annotations": [{"nertag": "O"}]}, {"base_span": [196, 197], "annotations": [{"nertag": "O"}]}, {"base_span": [198, 205], "annotations": [{"nertag": "B-LOC"}]}, {"base_span": [206, 215], "annotations": [{"nertag": "I-LOC"}]}, {"base_span": [216, 221], "annotations": [{"nertag": "O"}]}, {"base_span": [222, 227], "annotations": [{"nertag": "O"}]}, {"base_span": [228, 231], "annotations": [{"nertag": "O"}]}, {"base_span": [232, 238], "annotations": [{"nertag": "O"}]}, {"base_span": [239, 244], "annotations": [{"nertag": "O"}]}, {"base_span": [245, 250], "annotations": [{"nertag": "O"}]}, {"base_span": [251, 260], "annotations": [{"nertag": "O"}]}, {"base_span": [261, 268], "annotations": [{"nertag": "O"}]}, {"base_span": [268, 269], "annotations": [{"nertag": "O"}]}, {"base_span": [270, 272], "annotations": [{"nertag": "O"}]}, {"base_span": [273, 276], "annotations": [{"nertag": "O"}]}, {"base_span": [277, 282], "annotations": [{"nertag": "O"}]}, {"base_span": [283, 287], "annotations": [{"nertag": "O"}]}, {"base_span": [288, 294], "annotations": [{"nertag": "O"}]}, {"base_span": [295, 300], "annotations": [{"nertag": "O"}]}, {"base_span": [301, 314], "annotations": [{"nertag": "O"}]}, {"base_span": [315, 321], "annotations": [{"nertag": "O"}]}, {"base_span": [321, 322], "annotations": [{"nertag": "O"}]}, {"base_span": [323, 328], "annotations": [{"nertag": "O"}]}, {"base_span": [329, 334], "annotations": [{"nertag": "O"}]}, {"base_span": [335, 340], "annotations": [{"nertag": "O"}]}, {"base_span": [341, 347], "annotations": [{"nertag": "O"}]}, {"base_span": [348, 352], "annotations": [{"nertag": "O"}]}, {"base_span": [353, 359], "annotations": [{"nertag": "B-PER"}]}, {"base_span": [360, 365], "annotations": [{"nertag": "O"}]}, {"base_span": [366, 371], "annotations": [{"nertag": "O"}]}, {"base_span": [372, 379], "annotations": [{"nertag": "O"}]}, {"base_span": [379, 380], "annotations": [{"nertag": "O"}]}, {"base_span": [381, 383], "annotations": [{"nertag": "O"}]}, {"base_span": [384, 390], "annotations": [{"nertag": "O"}]}, {"base_span": [391, 396], "annotations": [{"nertag": "O"}]}, {"base_span": [397, 401], "annotations": [{"nertag": "O"}]}, {"base_span": [402, 407], "annotations": [{"nertag": "O"}]}, {"base_span": [408, 413], "annotations": [{"nertag": "O"}]}, {"base_span": [414, 421], "annotations": [{"nertag": "O"}]}, {"base_span": [421, 422], "annotations": [{"nertag": "O"}]}, {"base_span": [422, 429], "annotations": [{"nertag": "B-PER"}]}, {"base_span": [430, 437], "annotations": [{"nertag": "I-PER"}]}, {"base_span": [438, 441], "annotations": [{"nertag": "O"}]}, {"base_span": [442, 446], "annotations": [{"nertag": "O"}]}, {"base_span": [447, 455], "annotations": [{"nertag": "O"}]}, {"base_span": [456, 458], "annotations": [{"nertag": "O"}]}, {"base_span": [459, 464], "annotations": [{"nertag": "O"}]}, {"base_span": [465, 468], "annotations": [{"nertag": "O"}]}, {"base_span": [469, 476], "annotations": [{"nertag": "O"}]}, {"base_span": [477, 485], "annotations": [{"nertag": "O"}]}, {"base_span": [485, 486], "annotations": [{"nertag": "O"}]}, {"base_span": [487, 491], "annotations": [{"nertag": "O"}]}, {"base_span": [492, 499], "annotations": [{"nertag": "B-PER"}]}, {"base_span": [500, 505], "annotations": [{"nertag": "O"}]}, {"base_span": [505, 506], "annotations": [{"nertag": "O"}]}, {"base_span": [507, 509], "annotations": [{"nertag": "O"}]}, {"base_span": [510, 515], "annotations": [{"nertag": "O"}]}, {"base_span": [516, 521], "annotations": [{"nertag": "O"}]}, {"base_span": [522, 527], "annotations": [{"nertag": "O"}]}, {"base_span": [527, 528], "annotations": [{"nertag": "O"}]}, {"base_span": [529, 532], "annotations": [{"nertag": "O"}]}, {"base_span": [533, 538], "annotations": [{"nertag": "O"}]}, {"base_span": [538, 539], "annotations": [{"nertag": "O"}]}, {"base_span": [540, 545], "annotations": [{"nertag": "O"}]}, {"base_span": [546, 551], "annotations": [{"nertag": "O"}]}, {"base_span": [552, 557], "annotations": [{"nertag": "O"}]}, {"base_span": [557, 558], "annotations": [{"nertag": "O"}]}, {"base_span": [559, 563], "annotations": [{"nertag": "O"}]}, {"base_span": [564, 568], "annotations": [{"nertag": "O"}]}, {"base_span": [569, 575], "annotations": [{"nertag": "O"}]}, {"base_span": [575, 576], "annotations": [{"nertag": "O"}]}, {"base_span": [577, 580], "annotations": [{"nertag": "O"}]}, {"base_span": [581, 586], "annotations": [{"nertag": "O"}]}, {"base_span": [586, 587], "annotations": [{"nertag": "O"}]}, {"base_span": [588, 590], "annotations": [{"nertag": "O"}]}, {"base_span": [591, 593], "annotations": [{"nertag": "O"}]}, {"base_span": [594, 597], "annotations": [{"nertag": "O"}]}, {"base_span": [598, 602], "annotations": [{"nertag": "O"}]}, {"base_span": [603, 608], "annotations": [{"nertag": "O"}]}, {"base_span": [608, 609], "annotations": [{"nertag": "O"}]}, {"base_span": [610, 612], "annotations": [{"nertag": "O"}]}, {"base_span": [613, 618], "annotations": [{"nertag": "O"}]}, {"base_span": [619, 623], "annotations": [{"nertag": "O"}]}, {"base_span": [624, 634], "annotations": [{"nertag": "O"}]}, {"base_span": [635, 639], "annotations": [{"nertag": "O"}]}, {"base_span": [640, 647], "annotations": [{"nertag": "O"}]}, {"base_span": [648, 653], "annotations": [{"nertag": "O"}]}, {"base_span": [653, 654], "annotations": [{"nertag": "O"}]}, {"base_span": [654, 660], "annotations": [{"nertag": "B-PER"}]}, {"base_span": [661, 666], "annotations": [{"nertag": "I-PER"}]}, {"base_span": [667, 670], "annotations": [{"nertag": "O"}]}, {"base_span": [671, 675], "annotations": [{"nertag": "O"}]}, {"base_span": [676, 684], "annotations": [{"nertag": "O"}]}, {"base_span": [685, 687], "annotations": [{"nertag": "O"}]}, {"base_span": [688, 696], "annotations": [{"nertag": "O"}]}, {"base_span": [696, 697], "annotations": [{"nertag": "O"}]}, {"base_span": [698, 700], "annotations": [{"nertag": "O"}]}, {"base_span": [701, 706], "annotations": [{"nertag": "O"}]}, {"base_span": [707, 714], "annotations": [{"nertag": "O"}]}, {"base_span": [714, 715], "annotations": [{"nertag": "O"}]}, {"base_span": [716, 718], "annotations": [{"nertag": "O"}]}, {"base_span": [719, 724], "annotations": [{"nertag": "O"}]}, {"base_span": [725, 731], "annotations": [{"nertag": "O"}]}, {"base_span": [732, 736], "annotations": [{"nertag": "O"}]}, {"base_span": [737, 741], "annotations": [{"nertag": "O"}]}, {"base_span": [742, 746], "annotations": [{"nertag": "O"}]}, {"base_span": [747, 752], "annotations": [{"nertag": "O"}]}, {"base_span": [752, 753], "annotations": [{"nertag": "O"}]}, {"base_span": [754, 758], "annotations": [{"nertag": "O"}]}, {"base_span": [759, 767], "annotations": [{"nertag": "O"}]}, {"base_span": [767, 768], "annotations": [{"nertag": "O"}]}, {"base_span": [769, 772], "annotations": [{"nertag": "O"}]}, {"base_span": [773, 778], "annotations": [{"nertag": "O"}]}, {"base_span": [778, 779], "annotations": [{"nertag": "O"}]}, {"base_span": [780, 785], "annotations": [{"nertag": "O"}]}, {"base_span": [786, 788], "annotations": [{"nertag": "O"}]}, {"base_span": [789, 794], "annotations": [{"nertag": "O"}]}, {"base_span": [795, 800], "annotations": [{"nertag": "O"}]}, {"base_span": [800, 801], "annotations": [{"nertag": "O"}]}, {"base_span": [802, 814], "annotations": [{"nertag": "O"}]}, {"base_span": [815, 820], "annotations": [{"nertag": "O"}]}, {"base_span": [821, 825], "annotations": [{"nertag": "O"}]}, {"base_span": [826, 833], "annotations": [{"nertag": "B-LOC_ORG"}]}, {"base_span": [834, 843], "annotations": [{"nertag": "O"}]}, {"base_span": [844, 849], "annotations": [{"nertag": "B-PER"}]}, {"base_span": [850, 853], "annotations": [{"nertag": "I-PER"}]}, {"base_span": [854, 856], "annotations": [{"nertag": "O"}]}, {"base_span": [857, 862], "annotations": [{"nertag": "O"}]}, {"base_span": [862, 863], "annotations": [{"nertag": "O"}]}, {"base_span": [864, 866], "annotations": [{"nertag": "O"}]}, {"base_span": [867, 871], "annotations": [{"nertag": "O"}]}, {"base_span": [872, 878], "annotations": [{"nertag": "O"}]}, {"base_span": [879, 889], "annotations": [{"nertag": "O"}]}, {"base_span": [890, 895], "annotations": [{"nertag": "O"}]}, {"base_span": [896, 901], "annotations": [{"nertag": "O"}]}, {"base_span": [902, 909], "annotations": [{"nertag": "O"}]}, {"base_span": [909, 910], "annotations": [{"nertag": "O"}]}, {"base_span": [911, 917], "annotations": [{"nertag": "B-PER"}]}, {"base_span": [918, 926], "annotations": [{"nertag": "I-PER"}]}, {"base_span": [927, 936], "annotations": [{"nertag": "O"}]}, {"base_span": [937, 941], "annotations": [{"nertag": "O"}]}, {"base_span": [942, 946], "annotations": [{"nertag": "O"}]}, {"base_span": [947, 952], "annotations": [{"nertag": "O"}]}, {"base_span": [953, 960], "annotations": [{"nertag": "O"}]}, {"base_span": [960, 961], "annotations": [{"nertag": "O"}]}, {"base_span": [963, 968], "annotations": [{"nertag": "O"}]}, {"base_span": [968, 969], "annotations": [{"nertag": "O"}]}, {"base_span": [970, 972], "annotations": [{"nertag": "O"}]}, {"base_span": [973, 978], "annotations": [{"nertag": "O"}]}, {"base_span": [979, 988], "annotations": [{"nertag": "O"}]}, {"base_span": [988, 989], "annotations": [{"nertag": "O"}]}, {"base_span": [990, 996], "annotations": [{"nertag": "B-PER"}]}, {"base_span": [997, 1005], "annotations": [{"nertag": "I-PER"}]}, {"base_span": [1006, 1011], "annotations": [{"nertag": "O"}]}, {"base_span": [1011, 1012], "annotations": [{"nertag": "O"}]}, {"base_span": [1013, 1014], "annotations": [{"nertag": "O"}]}, {"base_span": [1014, 1015], "annotations": [{"nertag": "O"}]}, {"base_span": [1015, 1016], "annotations": [{"nertag": "O"}]}, {"base_span": [1017, 1024], "annotations": [{"nertag": "O"}]}, {"base_span": [1024, 1025], "annotations": [{"nertag": "O"}]}, {"base_span": [1026, 1028], "annotations": [{"nertag": "O"}]}, {"base_span": [1029, 1036], "annotations": [{"nertag": "O"}]}, {"base_span": [1037, 1039], "annotations": [{"nertag": "O"}]}, {"base_span": [1040, 1045], "annotations": [{"nertag": "O"}]}, {"base_span": [1045, 1046], "annotations": [{"nertag": "O"}]}, {"base_span": [1047, 1052], "annotations": [{"nertag": "O"}]}, {"base_span": [1053, 1056], "annotations": [{"nertag": "O"}]}, {"base_span": [1057, 1061], "annotations": [{"nertag": "O"}]}, {"base_span": [1062, 1070], "annotations": [{"nertag": "O"}]}, {"base_span": [1071, 1077], "annotations": [{"nertag": "O"}]}, {"base_span": [1078, 1083], "annotations": [{"nertag": "O"}]}, {"base_span": [1084, 1085], "annotations": [{"nertag": "O"}]}, {"base_span": [1086, 1091], "annotations": [{"nertag": "O"}]}, {"base_span": [1091, 1092], "annotations": [{"nertag": "O"}]}, {"base_span": [1093, 1100], "annotations": [{"nertag": "O"}]}, {"base_span": [1101, 1105], "annotations": [{"nertag": "O"}]}, {"base_span": [1106, 1107], "annotations": [{"nertag": "O"}]}, {"base_span": [1108, 1112], "annotations": [{"nertag": "O"}]}, {"base_span": [1112, 1113], "annotations": [{"nertag": "O"}]}, {"base_span": [1114, 1126], "annotations": [{"nertag": "O"}]}, {"base_span": [1127, 1131], "annotations": [{"nertag": "O"}]}, {"base_span": [1132, 1134], "annotations": [{"nertag": "O"}]}, {"base_span": [1135, 1140], "annotations": [{"nertag": "O"}]}, {"base_span": [1141, 1147], "annotations": [{"nertag": "B-PER"}]}, {"base_span": [1148, 1156], "annotations": [{"nertag": "I-PER"}]}, {"base_span": [1157, 1162], "annotations": [{"nertag": "O"}]}, {"base_span": [1163, 1169], "annotations": [{"nertag": "O"}]}, {"base_span": [1170, 1177], "annotations": [{"nertag": "O"}]}, {"base_span": [1177, 1178], "annotations": [{"nertag": "O"}]}, {"base_span": [1179, 1181], "annotations": [{"nertag": "O"}]}, {"base_span": [1182, 1183], "annotations": [{"nertag": "O"}]}, {"base_span": [1184, 1189], "annotations": [{"nertag": "O"}]}, {"base_span": [1190, 1193], "annotations": [{"nertag": "O"}]}, {"base_span": [1194, 1201], "annotations": [{"nertag": "O"}]}, {"base_span": [1202, 1206], "annotations": [{"nertag": "O"}]}, {"base_span": [1207, 1214], "annotations": [{"nertag": "B-PER"}]}, {"base_span": [1215, 1219], "annotations": [{"nertag": "O"}]}, {"base_span": [1220, 1225], "annotations": [{"nertag": "O"}]}, {"base_span": [1225, 1226], "annotations": [{"nertag": "O"}]}, {"base_span": [1227, 1229], "annotations": [{"nertag": "O"}]}, {"base_span": [1230, 1232], "annotations": [{"nertag": "O"}]}, {"base_span": [1233, 1238], "annotations": [{"nertag": "O"}]}, {"base_span": [1239, 1242], "annotations": [{"nertag": "O"}]}, {"base_span": [1243, 1246], "annotations": [{"nertag": "O"}]}, {"base_span": [1247, 1257], "annotations": [{"nertag": "O"}]}, {"base_span": [1258, 1262], "annotations": [{"nertag": "O"}]}, {"base_span": [1263, 1269], "annotations": [{"nertag": "O"}]}, {"base_span": [1269, 1270], "annotations": [{"nertag": "O"}]}, {"base_span": [1271, 1274], "annotations": [{"nertag": "O"}]}, {"base_span": [1275, 1280], "annotations": [{"nertag": "O"}]}, {"base_span": [1281, 1286], "annotations": [{"nertag": "O"}]}, {"base_span": [1287, 1294], "annotations": [{"nertag": "O"}]}, {"base_span": [1294, 1295], "annotations": [{"nertag": "O"}]}, {"base_span": [1296, 1299], "annotations": [{"nertag": "O"}]}, {"base_span": [1300, 1306], "annotations": [{"nertag": "O"}]}, {"base_span": [1307, 1313], "annotations": [{"nertag": "O"}]}, {"base_span": [1314, 1324], "annotations": [{"nertag": "O"}]}, {"base_span": [1324, 1325], "annotations": [{"nertag": "O"}]}, {"base_span": [1326, 1328], "annotations": [{"nertag": "O"}]}, {"base_span": [1329, 1331], "annotations": [{"nertag": "O"}]}, {"base_span": [1332, 1337], "annotations": [{"nertag": "O"}]}, {"base_span": [1338, 1345], "annotations": [{"nertag": "O"}]}, {"base_span": [1346, 1353], "annotations": [{"nertag": "O"}]}, {"base_span": [1353, 1354], "annotations": [{"nertag": "O"}]}, {"base_span": [1355, 1359], "annotations": [{"nertag": "O"}]}, {"base_span": [1360, 1362], "annotations": [{"nertag": "O"}]}, {"base_span": [1363, 1365], "annotations": [{"nertag": "O"}]}, {"base_span": [1366, 1369], "annotations": [{"nertag": "O"}]}, {"base_span": [1370, 1374], "annotations": [{"nertag": "O"}]}, {"base_span": [1375, 1380], "annotations": [{"nertag": "O"}]}, {"base_span": [1381, 1385], "annotations": [{"nertag": "O"}]}, {"base_span": [1385, 1386], "annotations": [{"nertag": "O"}]}]}]}