{"text": "\nKoos ollid Kohtu mehhed\n\npeawanem Adam Traugott\n\nabbimehed Jaan Amandus\n\nJaan Albert\n\nKirjutaia J. Pulbert.\n\nParon Sillingi herra kaebab, et Marri Porman on Mõisa wasta wallet räkinud, ja teotanud mõisa toitu. Selle peale kutsuti Marri Porman kohtu ette. Kohhus: Miks sa olled nisuggused juttud räkinud mis polle mitte tõssi.\n\nMarri Porman ei wõi sedda asja mitte wabbantada ennam, ja ütles eks olli mul rummalus.\n\nSiis kohhus mõistis et Marri Porman maksab 1 rub. trahwi walle eest walla laeka. Sai kohtu poolt neile kulutud ja ollid sellega rahhul.\n\nKohtu peawanem Adam Traugott   \n\nabbimehed Jaan Amandus XXX Jaan Albert XXX\n\n\n", "meta": {"origin_directory": "vallakohus_kolmas/"}, "layers": [{"name": "gold_ner", "attributes": ["nertag"], "parent": null, "enveloping": null, "ambiguous": false, "serialisation_module": null, "meta": {}, "spans": [{"base_span": [35, 48], "annotations": [{"nertag": "PER"}]}, {"base_span": [60, 72], "annotations": [{"nertag": "PER"}]}, {"base_span": [74, 85], "annotations": [{"nertag": "PER"}]}, {"base_span": [97, 107], "annotations": [{"nertag": "PER"}]}, {"base_span": [116, 124], "annotations": [{"nertag": "PER"}]}, {"base_span": [142, 154], "annotations": [{"nertag": "PER"}]}, {"base_span": [231, 243], "annotations": [{"nertag": "PER"}]}, {"base_span": [328, 340], "annotations": [{"nertag": "PER"}]}, {"base_span": [439, 451], "annotations": [{"nertag": "PER"}]}, {"base_span": [568, 581], "annotations": [{"nertag": "PER"}]}, {"base_span": [596, 608], "annotations": [{"nertag": "PER"}]}, {"base_span": [613, 624], "annotations": [{"nertag": "PER"}]}]}, {"name": "gold_wordner", "attributes": ["nertag"], "parent": null, "enveloping": null, "ambiguous": false, "serialisation_module": null, "meta": {}, "spans": [{"base_span": [1, 5], "annotations": [{"nertag": "O"}]}, {"base_span": [6, 11], "annotations": [{"nertag": "O"}]}, {"base_span": [12, 17], "annotations": [{"nertag": "O"}]}, {"base_span": [18, 24], "annotations": [{"nertag": "O"}]}, {"base_span": [26, 34], "annotations": [{"nertag": "O"}]}, {"base_span": [35, 39], "annotations": [{"nertag": "B-PER"}]}, {"base_span": [40, 48], "annotations": [{"nertag": "I-PER"}]}, {"base_span": [50, 59], "annotations": [{"nertag": "O"}]}, {"base_span": [60, 64], "annotations": [{"nertag": "B-PER"}]}, {"base_span": [65, 72], "annotations": [{"nertag": "I-PER"}]}, {"base_span": [74, 78], "annotations": [{"nertag": "B-PER"}]}, {"base_span": [79, 85], "annotations": [{"nertag": "I-PER"}]}, {"base_span": [87, 96], "annotations": [{"nertag": "O"}]}, {"base_span": [97, 98], "annotations": [{"nertag": "B-PER"}]}, {"base_span": [98, 99], "annotations": [{"nertag": "I-PER"}]}, {"base_span": [100, 107], "annotations": [{"nertag": "I-PER"}]}, {"base_span": [107, 108], "annotations": [{"nertag": "O"}]}, {"base_span": [110, 115], "annotations": [{"nertag": "O"}]}, {"base_span": [116, 124], "annotations": [{"nertag": "B-PER"}]}, {"base_span": [125, 130], "annotations": [{"nertag": "O"}]}, {"base_span": [131, 137], "annotations": [{"nertag": "O"}]}, {"base_span": [137, 138], "annotations": [{"nertag": "O"}]}, {"base_span": [139, 141], "annotations": [{"nertag": "O"}]}, {"base_span": [142, 147], "annotations": [{"nertag": "B-PER"}]}, {"base_span": [148, 154], "annotations": [{"nertag": "I-PER"}]}, {"base_span": [155, 157], "annotations": [{"nertag": "O"}]}, {"base_span": [158, 163], "annotations": [{"nertag": "O"}]}, {"base_span": [164, 169], "annotations": [{"nertag": "O"}]}, {"base_span": [170, 176], "annotations": [{"nertag": "O"}]}, {"base_span": [177, 184], "annotations": [{"nertag": "O"}]}, {"base_span": [184, 185], "annotations": [{"nertag": "O"}]}, {"base_span": [186, 188], "annotations": [{"nertag": "O"}]}, {"base_span": [189, 197], "annotations": [{"nertag": "O"}]}, {"base_span": [198, 203], "annotations": [{"nertag": "O"}]}, {"base_span": [204, 209], "annotations": [{"nertag": "O"}]}, {"base_span": [209, 210], "annotations": [{"nertag": "O"}]}, {"base_span": [211, 216], "annotations": [{"nertag": "O"}]}, {"base_span": [217, 222], "annotations": [{"nertag": "O"}]}, {"base_span": [223, 230], "annotations": [{"nertag": "O"}]}, {"base_span": [231, 236], "annotations": [{"nertag": "B-PER"}]}, {"base_span": [237, 243], "annotations": [{"nertag": "I-PER"}]}, {"base_span": [244, 249], "annotations": [{"nertag": "O"}]}, {"base_span": [250, 254], "annotations": [{"nertag": "O"}]}, {"base_span": [254, 255], "annotations": [{"nertag": "O"}]}, {"base_span": [256, 262], "annotations": [{"nertag": "O"}]}, {"base_span": [262, 263], "annotations": [{"nertag": "O"}]}, {"base_span": [264, 268], "annotations": [{"nertag": "O"}]}, {"base_span": [269, 271], "annotations": [{"nertag": "O"}]}, {"base_span": [272, 277], "annotations": [{"nertag": "O"}]}, {"base_span": [278, 288], "annotations": [{"nertag": "O"}]}, {"base_span": [289, 295], "annotations": [{"nertag": "O"}]}, {"base_span": [296, 303], "annotations": [{"nertag": "O"}]}, {"base_span": [304, 307], "annotations": [{"nertag": "O"}]}, {"base_span": [308, 313], "annotations": [{"nertag": "O"}]}, {"base_span": [314, 319], "annotations": [{"nertag": "O"}]}, {"base_span": [320, 325], "annotations": [{"nertag": "O"}]}, {"base_span": [325, 326], "annotations": [{"nertag": "O"}]}, {"base_span": [328, 333], "annotations": [{"nertag": "B-PER"}]}, {"base_span": [334, 340], "annotations": [{"nertag": "I-PER"}]}, {"base_span": [341, 343], "annotations": [{"nertag": "O"}]}, {"base_span": [344, 347], "annotations": [{"nertag": "O"}]}, {"base_span": [348, 353], "annotations": [{"nertag": "O"}]}, {"base_span": [354, 358], "annotations": [{"nertag": "O"}]}, {"base_span": [359, 364], "annotations": [{"nertag": "O"}]}, {"base_span": [365, 375], "annotations": [{"nertag": "O"}]}, {"base_span": [376, 381], "annotations": [{"nertag": "O"}]}, {"base_span": [381, 382], "annotations": [{"nertag": "O"}]}, {"base_span": [383, 385], "annotations": [{"nertag": "O"}]}, {"base_span": [386, 391], "annotations": [{"nertag": "O"}]}, {"base_span": [392, 395], "annotations": [{"nertag": "O"}]}, {"base_span": [396, 400], "annotations": [{"nertag": "O"}]}, {"base_span": [401, 404], "annotations": [{"nertag": "O"}]}, {"base_span": [405, 413], "annotations": [{"nertag": "O"}]}, {"base_span": [413, 414], "annotations": [{"nertag": "O"}]}, {"base_span": [416, 420], "annotations": [{"nertag": "O"}]}, {"base_span": [421, 427], "annotations": [{"nertag": "O"}]}, {"base_span": [428, 435], "annotations": [{"nertag": "O"}]}, {"base_span": [436, 438], "annotations": [{"nertag": "O"}]}, {"base_span": [439, 444], "annotations": [{"nertag": "B-PER"}]}, {"base_span": [445, 451], "annotations": [{"nertag": "I-PER"}]}, {"base_span": [452, 458], "annotations": [{"nertag": "O"}]}, {"base_span": [459, 460], "annotations": [{"nertag": "O"}]}, {"base_span": [461, 464], "annotations": [{"nertag": "O"}]}, {"base_span": [464, 465], "annotations": [{"nertag": "O"}]}, {"base_span": [466, 472], "annotations": [{"nertag": "O"}]}, {"base_span": [473, 478], "annotations": [{"nertag": "O"}]}, {"base_span": [479, 483], "annotations": [{"nertag": "O"}]}, {"base_span": [484, 489], "annotations": [{"nertag": "O"}]}, {"base_span": [490, 495], "annotations": [{"nertag": "O"}]}, {"base_span": [495, 496], "annotations": [{"nertag": "O"}]}, {"base_span": [497, 500], "annotations": [{"nertag": "O"}]}, {"base_span": [501, 506], "annotations": [{"nertag": "O"}]}, {"base_span": [507, 512], "annotations": [{"nertag": "O"}]}, {"base_span": [513, 518], "annotations": [{"nertag": "O"}]}, {"base_span": [519, 526], "annotations": [{"nertag": "O"}]}, {"base_span": [527, 529], "annotations": [{"nertag": "O"}]}, {"base_span": [530, 535], "annotations": [{"nertag": "O"}]}, {"base_span": [536, 543], "annotations": [{"nertag": "O"}]}, {"base_span": [544, 550], "annotations": [{"nertag": "O"}]}, {"base_span": [550, 551], "annotations": [{"nertag": "O"}]}, {"base_span": [553, 558], "annotations": [{"nertag": "O"}]}, {"base_span": [559, 567], "annotations": [{"nertag": "O"}]}, {"base_span": [568, 572], "annotations": [{"nertag": "B-PER"}]}, {"base_span": [573, 581], "annotations": [{"nertag": "I-PER"}]}, {"base_span": [586, 595], "annotations": [{"nertag": "O"}]}, {"base_span": [596, 600], "annotations": [{"nertag": "B-PER"}]}, {"base_span": [601, 608], "annotations": [{"nertag": "I-PER"}]}, {"base_span": [609, 612], "annotations": [{"nertag": "O"}]}, {"base_span": [613, 617], "annotations": [{"nertag": "B-PER"}]}, {"base_span": [618, 624], "annotations": [{"nertag": "I-PER"}]}, {"base_span": [625, 628], "annotations": [{"nertag": "O"}]}]}]}