{"text": "\nEiwerre koggokonna kohhos 14 Augustil 1868. \n\nKoos olliwad kohto likmed: pea kohto wanem Jaan Treiel. Abbimees Mart Lunden ja Jürri Welsker.\n\nTullid ette Madli Mahhoment ja Lena Korjos, Lena Korjosel on üks särk ärra warrastud ja on läinud Maidli Mahhomenti sauna otsima, agga ei olle leidnud, ja teisel päwal on Lena omma lakast särk leidnud. Selle järrel on Maidli Lena sauna jure läinud ja teine teist äbbemata wisil söimanud, ni kaua, kui wimaks teine teist peksma akand. Sedda tunnistasid kohto pegle ees kohto järrel kulamist möda molemad üles.\n\nmöisteti: Kohhos leidis sedda asja läbi kulates et möllemad selle äbbematta vidlmise jures süidlased on, selle pärrast möistis kohhos et Maidli Mahhoment ja Lena Korjos maksawa kumbki üks rubla öbbedad wala laeka trahwi.\n\nSelle järrel sai tännane kohto päw löpetud\n\nPea wannem Jaan Treiel +++\n\nAbbi mees Jürri Welsker +++ ja Mart Lunden +++\n\n\n", "meta": {"origin_directory": "vallakohus_kolmas/"}, "layers": [{"name": "gold_ner", "attributes": ["nertag"], "parent": null, "enveloping": null, "ambiguous": false, "serialisation_module": null, "meta": {}, "spans": [{"base_span": [1, 26], "annotations": [{"nertag": "ORG"}]}, {"base_span": [90, 101], "annotations": [{"nertag": "PER"}]}, {"base_span": [112, 123], "annotations": [{"nertag": "PER"}]}, {"base_span": [127, 140], "annotations": [{"nertag": "PER"}]}, {"base_span": [155, 170], "annotations": [{"nertag": "PER"}]}, {"base_span": [174, 185], "annotations": [{"nertag": "PER"}]}, {"base_span": [187, 200], "annotations": [{"nertag": "PER"}]}, {"base_span": [241, 258], "annotations": [{"nertag": "PER"}]}, {"base_span": [314, 318], "annotations": [{"nertag": "PER"}]}, {"base_span": [361, 367], "annotations": [{"nertag": "PER"}]}, {"base_span": [368, 372], "annotations": [{"nertag": "PER"}]}, {"base_span": [690, 706], "annotations": [{"nertag": "PER"}]}, {"base_span": [710, 721], "annotations": [{"nertag": "PER"}]}, {"base_span": [830, 841], "annotations": [{"nertag": "PER"}]}, {"base_span": [857, 870], "annotations": [{"nertag": "PER"}]}, {"base_span": [878, 889], "annotations": [{"nertag": "PER"}]}]}, {"name": "gold_wordner", "attributes": ["nertag"], "parent": null, "enveloping": null, "ambiguous": false, "serialisation_module": null, "meta": {}, "spans": [{"base_span": [1, 8], "annotations": [{"nertag": "B-ORG"}]}, {"base_span": [9, 19], "annotations": [{"nertag": "I-ORG"}]}, {"base_span": [20, 26], "annotations": [{"nertag": "I-ORG"}]}, {"base_span": [27, 29], "annotations": [{"nertag": "O"}]}, {"base_span": [30, 38], "annotations": [{"nertag": "O"}]}, {"base_span": [39, 44], "annotations": [{"nertag": "O"}]}, {"base_span": [47, 51], "annotations": [{"nertag": "O"}]}, {"base_span": [52, 59], "annotations": [{"nertag": "O"}]}, {"base_span": [60, 65], "annotations": [{"nertag": "O"}]}, {"base_span": [66, 72], "annotations": [{"nertag": "O"}]}, {"base_span": [72, 73], "annotations": [{"nertag": "O"}]}, {"base_span": [74, 77], "annotations": [{"nertag": "O"}]}, {"base_span": [78, 83], "annotations": [{"nertag": "O"}]}, {"base_span": [84, 89], "annotations": [{"nertag": "O"}]}, {"base_span": [90, 94], "annotations": [{"nertag": "B-PER"}]}, {"base_span": [95, 101], "annotations": [{"nertag": "I-PER"}]}, {"base_span": [101, 102], "annotations": [{"nertag": "O"}]}, {"base_span": [103, 111], "annotations": [{"nertag": "O"}]}, {"base_span": [112, 116], "annotations": [{"nertag": "B-PER"}]}, {"base_span": [117, 123], "annotations": [{"nertag": "I-PER"}]}, {"base_span": [124, 126], "annotations": [{"nertag": "O"}]}, {"base_span": [127, 132], "annotations": [{"nertag": "B-PER"}]}, {"base_span": [133, 140], "annotations": [{"nertag": "I-PER"}]}, {"base_span": [140, 141], "annotations": [{"nertag": "O"}]}, {"base_span": [143, 149], "annotations": [{"nertag": "O"}]}, {"base_span": [150, 154], "annotations": [{"nertag": "O"}]}, {"base_span": [155, 160], "annotations": [{"nertag": "B-PER"}]}, {"base_span": [161, 170], "annotations": [{"nertag": "I-PER"}]}, {"base_span": [171, 173], "annotations": [{"nertag": "O"}]}, {"base_span": [174, 178], "annotations": [{"nertag": "B-PER"}]}, {"base_span": [179, 185], "annotations": [{"nertag": "I-PER"}]}, {"base_span": [185, 186], "annotations": [{"nertag": "O"}]}, {"base_span": [187, 191], "annotations": [{"nertag": "B-PER"}]}, {"base_span": [192, 200], "annotations": [{"nertag": "I-PER"}]}, {"base_span": [201, 203], "annotations": [{"nertag": "O"}]}, {"base_span": [204, 207], "annotations": [{"nertag": "O"}]}, {"base_span": [208, 212], "annotations": [{"nertag": "O"}]}, {"base_span": [213, 217], "annotations": [{"nertag": "O"}]}, {"base_span": [218, 227], "annotations": [{"nertag": "O"}]}, {"base_span": [228, 230], "annotations": [{"nertag": "O"}]}, {"base_span": [231, 233], "annotations": [{"nertag": "O"}]}, {"base_span": [234, 240], "annotations": [{"nertag": "O"}]}, {"base_span": [241, 247], "annotations": [{"nertag": "B-PER"}]}, {"base_span": [248, 258], "annotations": [{"nertag": "I-PER"}]}, {"base_span": [259, 264], "annotations": [{"nertag": "O"}]}, {"base_span": [265, 271], "annotations": [{"nertag": "O"}]}, {"base_span": [271, 272], "annotations": [{"nertag": "O"}]}, {"base_span": [273, 277], "annotations": [{"nertag": "O"}]}, {"base_span": [278, 280], "annotations": [{"nertag": "O"}]}, {"base_span": [281, 285], "annotations": [{"nertag": "O"}]}, {"base_span": [286, 293], "annotations": [{"nertag": "O"}]}, {"base_span": [293, 294], "annotations": [{"nertag": "O"}]}, {"base_span": [295, 297], "annotations": [{"nertag": "O"}]}, {"base_span": [298, 304], "annotations": [{"nertag": "O"}]}, {"base_span": [305, 310], "annotations": [{"nertag": "O"}]}, {"base_span": [311, 313], "annotations": [{"nertag": "O"}]}, {"base_span": [314, 318], "annotations": [{"nertag": "B-PER"}]}, {"base_span": [319, 323], "annotations": [{"nertag": "O"}]}, {"base_span": [324, 330], "annotations": [{"nertag": "O"}]}, {"base_span": [331, 335], "annotations": [{"nertag": "O"}]}, {"base_span": [336, 343], "annotations": [{"nertag": "O"}]}, {"base_span": [343, 344], "annotations": [{"nertag": "O"}]}, {"base_span": [345, 350], "annotations": [{"nertag": "O"}]}, {"base_span": [351, 357], "annotations": [{"nertag": "O"}]}, {"base_span": [358, 360], "annotations": [{"nertag": "O"}]}, {"base_span": [361, 367], "annotations": [{"nertag": "B-PER"}]}, {"base_span": [368, 372], "annotations": [{"nertag": "B-PER"}]}, {"base_span": [373, 378], "annotations": [{"nertag": "O"}]}, {"base_span": [379, 383], "annotations": [{"nertag": "O"}]}, {"base_span": [384, 390], "annotations": [{"nertag": "O"}]}, {"base_span": [391, 393], "annotations": [{"nertag": "O"}]}, {"base_span": [394, 399], "annotations": [{"nertag": "O"}]}, {"base_span": [400, 405], "annotations": [{"nertag": "O"}]}, {"base_span": [406, 414], "annotations": [{"nertag": "O"}]}, {"base_span": [415, 420], "annotations": [{"nertag": "O"}]}, {"base_span": [421, 429], "annotations": [{"nertag": "O"}]}, {"base_span": [429, 430], "annotations": [{"nertag": "O"}]}, {"base_span": [431, 433], "annotations": [{"nertag": "O"}]}, {"base_span": [434, 438], "annotations": [{"nertag": "O"}]}, {"base_span": [438, 439], "annotations": [{"nertag": "O"}]}, {"base_span": [440, 443], "annotations": [{"nertag": "O"}]}, {"base_span": [444, 450], "annotations": [{"nertag": "O"}]}, {"base_span": [451, 456], "annotations": [{"nertag": "O"}]}, {"base_span": [457, 462], "annotations": [{"nertag": "O"}]}, {"base_span": [463, 469], "annotations": [{"nertag": "O"}]}, {"base_span": [470, 475], "annotations": [{"nertag": "O"}]}, {"base_span": [475, 476], "annotations": [{"nertag": "O"}]}, {"base_span": [477, 482], "annotations": [{"nertag": "O"}]}, {"base_span": [483, 494], "annotations": [{"nertag": "O"}]}, {"base_span": [495, 500], "annotations": [{"nertag": "O"}]}, {"base_span": [501, 506], "annotations": [{"nertag": "O"}]}, {"base_span": [507, 510], "annotations": [{"nertag": "O"}]}, {"base_span": [511, 516], "annotations": [{"nertag": "O"}]}, {"base_span": [517, 523], "annotations": [{"nertag": "O"}]}, {"base_span": [524, 532], "annotations": [{"nertag": "O"}]}, {"base_span": [533, 537], "annotations": [{"nertag": "O"}]}, {"base_span": [538, 545], "annotations": [{"nertag": "O"}]}, {"base_span": [546, 550], "annotations": [{"nertag": "O"}]}, {"base_span": [550, 551], "annotations": [{"nertag": "O"}]}, {"base_span": [553, 561], "annotations": [{"nertag": "O"}]}, {"base_span": [561, 562], "annotations": [{"nertag": "O"}]}, {"base_span": [563, 569], "annotations": [{"nertag": "O"}]}, {"base_span": [570, 576], "annotations": [{"nertag": "O"}]}, {"base_span": [577, 582], "annotations": [{"nertag": "O"}]}, {"base_span": [583, 587], "annotations": [{"nertag": "O"}]}, {"base_span": [588, 592], "annotations": [{"nertag": "O"}]}, {"base_span": [593, 600], "annotations": [{"nertag": "O"}]}, {"base_span": [601, 603], "annotations": [{"nertag": "O"}]}, {"base_span": [604, 612], "annotations": [{"nertag": "O"}]}, {"base_span": [613, 618], "annotations": [{"nertag": "O"}]}, {"base_span": [619, 628], "annotations": [{"nertag": "O"}]}, {"base_span": [629, 637], "annotations": [{"nertag": "O"}]}, {"base_span": [638, 643], "annotations": [{"nertag": "O"}]}, {"base_span": [644, 653], "annotations": [{"nertag": "O"}]}, {"base_span": [654, 656], "annotations": [{"nertag": "O"}]}, {"base_span": [656, 657], "annotations": [{"nertag": "O"}]}, {"base_span": [658, 663], "annotations": [{"nertag": "O"}]}, {"base_span": [664, 671], "annotations": [{"nertag": "O"}]}, {"base_span": [672, 679], "annotations": [{"nertag": "O"}]}, {"base_span": [680, 686], "annotations": [{"nertag": "O"}]}, {"base_span": [687, 689], "annotations": [{"nertag": "O"}]}, {"base_span": [690, 696], "annotations": [{"nertag": "B-PER"}]}, {"base_span": [697, 706], "annotations": [{"nertag": "I-PER"}]}, {"base_span": [707, 709], "annotations": [{"nertag": "O"}]}, {"base_span": [710, 714], "annotations": [{"nertag": "B-PER"}]}, {"base_span": [715, 721], "annotations": [{"nertag": "I-PER"}]}, {"base_span": [722, 729], "annotations": [{"nertag": "O"}]}, {"base_span": [730, 736], "annotations": [{"nertag": "O"}]}, {"base_span": [737, 740], "annotations": [{"nertag": "O"}]}, {"base_span": [741, 746], "annotations": [{"nertag": "O"}]}, {"base_span": [747, 754], "annotations": [{"nertag": "O"}]}, {"base_span": [755, 759], "annotations": [{"nertag": "O"}]}, {"base_span": [760, 765], "annotations": [{"nertag": "O"}]}, {"base_span": [766, 772], "annotations": [{"nertag": "O"}]}, {"base_span": [772, 773], "annotations": [{"nertag": "O"}]}, {"base_span": [775, 780], "annotations": [{"nertag": "O"}]}, {"base_span": [781, 787], "annotations": [{"nertag": "O"}]}, {"base_span": [788, 791], "annotations": [{"nertag": "O"}]}, {"base_span": [792, 799], "annotations": [{"nertag": "O"}]}, {"base_span": [800, 805], "annotations": [{"nertag": "O"}]}, {"base_span": [806, 809], "annotations": [{"nertag": "O"}]}, {"base_span": [810, 817], "annotations": [{"nertag": "O"}]}, {"base_span": [819, 822], "annotations": [{"nertag": "O"}]}, {"base_span": [823, 829], "annotations": [{"nertag": "O"}]}, {"base_span": [830, 834], "annotations": [{"nertag": "B-PER"}]}, {"base_span": [835, 841], "annotations": [{"nertag": "I-PER"}]}, {"base_span": [842, 843], "annotations": [{"nertag": "O"}]}, {"base_span": [843, 844], "annotations": [{"nertag": "O"}]}, {"base_span": [844, 845], "annotations": [{"nertag": "O"}]}, {"base_span": [847, 851], "annotations": [{"nertag": "O"}]}, {"base_span": [852, 856], "annotations": [{"nertag": "O"}]}, {"base_span": [857, 862], "annotations": [{"nertag": "B-PER"}]}, {"base_span": [863, 870], "annotations": [{"nertag": "I-PER"}]}, {"base_span": [871, 872], "annotations": [{"nertag": "O"}]}, {"base_span": [872, 873], "annotations": [{"nertag": "O"}]}, {"base_span": [873, 874], "annotations": [{"nertag": "O"}]}, {"base_span": [875, 877], "annotations": [{"nertag": "O"}]}, {"base_span": [878, 882], "annotations": [{"nertag": "B-PER"}]}, {"base_span": [883, 889], "annotations": [{"nertag": "I-PER"}]}, {"base_span": [890, 891], "annotations": [{"nertag": "O"}]}, {"base_span": [891, 892], "annotations": [{"nertag": "O"}]}, {"base_span": [892, 893], "annotations": [{"nertag": "O"}]}]}]}