{"text": " 208\nSel 22mal Septemb 1879 \nOllid sel nimetud päwa Koos Peawanem Mart Pulbert, Ado Parbo, Jaan Lebereht.\nSai kohtu ette kutsutud Hans Tedder, tema olla Kohhut hirmsaste laimanud. Kohtu mehed on päris sead kellelegi naad õigust ei mõista. Trahwi raha selle naad lakuwad Kõrtsis ärra. Ja mittu korda sai Kohtuse kutsutud, siis ta ütles las nad kükkitawad laua äres. Jüri Pentile olla sa seda kõik räkinud, ja Jüri Pent tunistab seda Kohtu ees.\nSiis Kohus mõistis et Hans Teder maksab 3 rubla trahwi walla laeka, agga Hans ütleb mitte üks kopik ma ei maksa, siis sai mõistedud 20 hoopi witsu. Hans Teder läks uksest wälja ja jooksis ärra. Kohtu kõrwamees jooksis kül järele ja hüüdis, tulle tagasi, aga ta ütles ei tulle.\nJääb surema Kohtu hooleks.\nPea Kohtu mees Mart Pulbert XXX\nAdo Parbo XXX\nJaan Lebereht XXX\n\n", "meta": {"origin_directory": "vallakohus_esimene/"}, "layers": [{"name": "gold_ner", "attributes": ["nertag"], "parent": null, "enveloping": null, "ambiguous": false, "serialisation_module": null, "meta": {}, "spans": [{"base_span": [66, 78], "annotations": [{"nertag": "PER"}]}, {"base_span": [80, 89], "annotations": [{"nertag": "PER"}]}, {"base_span": [91, 104], "annotations": [{"nertag": "PER"}]}, {"base_span": [130, 141], "annotations": [{"nertag": "PER"}]}, {"base_span": [365, 377], "annotations": [{"nertag": "PER"}]}, {"base_span": [408, 417], "annotations": [{"nertag": "PER"}]}, {"base_span": [465, 475], "annotations": [{"nertag": "PER"}]}, {"base_span": [516, 520], "annotations": [{"nertag": "PER"}]}, {"base_span": [591, 601], "annotations": [{"nertag": "PER"}]}, {"base_span": [762, 774], "annotations": [{"nertag": "PER"}]}, {"base_span": [779, 788], "annotations": [{"nertag": "PER"}]}, {"base_span": [793, 806], "annotations": [{"nertag": "PER"}]}]}, {"name": "gold_wordner", "attributes": ["nertag"], "parent": null, "enveloping": null, "ambiguous": false, "serialisation_module": null, "meta": {}, "spans": [{"base_span": [1, 4], "annotations": [{"nertag": "O"}]}, {"base_span": [5, 8], "annotations": [{"nertag": "O"}]}, {"base_span": [9, 14], "annotations": [{"nertag": "O"}]}, {"base_span": [15, 22], "annotations": [{"nertag": "O"}]}, {"base_span": [23, 27], "annotations": [{"nertag": "O"}]}, {"base_span": [29, 34], "annotations": [{"nertag": "O"}]}, {"base_span": [35, 38], "annotations": [{"nertag": "O"}]}, {"base_span": [39, 46], "annotations": [{"nertag": "O"}]}, {"base_span": [47, 51], "annotations": [{"nertag": "O"}]}, {"base_span": [52, 56], "annotations": [{"nertag": "O"}]}, {"base_span": [57, 65], "annotations": [{"nertag": "O"}]}, {"base_span": [66, 70], "annotations": [{"nertag": "B-PER"}]}, {"base_span": [71, 78], "annotations": [{"nertag": "I-PER"}]}, {"base_span": [78, 79], "annotations": [{"nertag": "O"}]}, {"base_span": [80, 83], "annotations": [{"nertag": "B-PER"}]}, {"base_span": [84, 89], "annotations": [{"nertag": "I-PER"}]}, {"base_span": [89, 90], "annotations": [{"nertag": "O"}]}, {"base_span": [91, 95], "annotations": [{"nertag": "B-PER"}]}, {"base_span": [96, 104], "annotations": [{"nertag": "I-PER"}]}, {"base_span": [104, 105], "annotations": [{"nertag": "O"}]}, {"base_span": [106, 109], "annotations": [{"nertag": "O"}]}, {"base_span": [110, 115], "annotations": [{"nertag": "O"}]}, {"base_span": [116, 120], "annotations": [{"nertag": "O"}]}, {"base_span": [121, 129], "annotations": [{"nertag": "O"}]}, {"base_span": [130, 134], "annotations": [{"nertag": "B-PER"}]}, {"base_span": [135, 141], "annotations": [{"nertag": "I-PER"}]}, {"base_span": [141, 142], "annotations": [{"nertag": "O"}]}, {"base_span": [143, 147], "annotations": [{"nertag": "O"}]}, {"base_span": [148, 152], "annotations": [{"nertag": "O"}]}, {"base_span": [153, 159], "annotations": [{"nertag": "O"}]}, {"base_span": [160, 169], "annotations": [{"nertag": "O"}]}, {"base_span": [170, 178], "annotations": [{"nertag": "O"}]}, {"base_span": [178, 179], "annotations": [{"nertag": "O"}]}, {"base_span": [180, 185], "annotations": [{"nertag": "O"}]}, {"base_span": [186, 191], "annotations": [{"nertag": "O"}]}, {"base_span": [192, 194], "annotations": [{"nertag": "O"}]}, {"base_span": [195, 200], "annotations": [{"nertag": "O"}]}, {"base_span": [201, 205], "annotations": [{"nertag": "O"}]}, {"base_span": [206, 215], "annotations": [{"nertag": "O"}]}, {"base_span": [216, 220], "annotations": [{"nertag": "O"}]}, {"base_span": [221, 227], "annotations": [{"nertag": "O"}]}, {"base_span": [228, 230], "annotations": [{"nertag": "O"}]}, {"base_span": [231, 237], "annotations": [{"nertag": "O"}]}, {"base_span": [237, 238], "annotations": [{"nertag": "O"}]}, {"base_span": [239, 245], "annotations": [{"nertag": "O"}]}, {"base_span": [246, 250], "annotations": [{"nertag": "O"}]}, {"base_span": [251, 256], "annotations": [{"nertag": "O"}]}, {"base_span": [257, 261], "annotations": [{"nertag": "O"}]}, {"base_span": [262, 269], "annotations": [{"nertag": "O"}]}, {"base_span": [270, 277], "annotations": [{"nertag": "O"}]}, {"base_span": [278, 282], "annotations": [{"nertag": "O"}]}, {"base_span": [282, 283], "annotations": [{"nertag": "O"}]}, {"base_span": [284, 286], "annotations": [{"nertag": "O"}]}, {"base_span": [287, 292], "annotations": [{"nertag": "O"}]}, {"base_span": [293, 298], "annotations": [{"nertag": "O"}]}, {"base_span": [299, 302], "annotations": [{"nertag": "O"}]}, {"base_span": [303, 310], "annotations": [{"nertag": "O"}]}, {"base_span": [311, 319], "annotations": [{"nertag": "O"}]}, {"base_span": [319, 320], "annotations": [{"nertag": "O"}]}, {"base_span": [321, 325], "annotations": [{"nertag": "O"}]}, {"base_span": [326, 328], "annotations": [{"nertag": "O"}]}, {"base_span": [329, 334], "annotations": [{"nertag": "O"}]}, {"base_span": [335, 338], "annotations": [{"nertag": "O"}]}, {"base_span": [339, 342], "annotations": [{"nertag": "O"}]}, {"base_span": [343, 353], "annotations": [{"nertag": "O"}]}, {"base_span": [354, 358], "annotations": [{"nertag": "O"}]}, {"base_span": [359, 363], "annotations": [{"nertag": "O"}]}, {"base_span": [363, 364], "annotations": [{"nertag": "O"}]}, {"base_span": [365, 369], "annotations": [{"nertag": "B-PER"}]}, {"base_span": [370, 377], "annotations": [{"nertag": "I-PER"}]}, {"base_span": [378, 382], "annotations": [{"nertag": "O"}]}, {"base_span": [383, 385], "annotations": [{"nertag": "O"}]}, {"base_span": [386, 390], "annotations": [{"nertag": "O"}]}, {"base_span": [391, 395], "annotations": [{"nertag": "O"}]}, {"base_span": [396, 403], "annotations": [{"nertag": "O"}]}, {"base_span": [403, 404], "annotations": [{"nertag": "O"}]}, {"base_span": [405, 407], "annotations": [{"nertag": "O"}]}, {"base_span": [408, 412], "annotations": [{"nertag": "B-PER"}]}, {"base_span": [413, 417], "annotations": [{"nertag": "I-PER"}]}, {"base_span": [418, 426], "annotations": [{"nertag": "O"}]}, {"base_span": [427, 431], "annotations": [{"nertag": "O"}]}, {"base_span": [432, 437], "annotations": [{"nertag": "O"}]}, {"base_span": [438, 441], "annotations": [{"nertag": "O"}]}, {"base_span": [441, 442], "annotations": [{"nertag": "O"}]}, {"base_span": [443, 447], "annotations": [{"nertag": "O"}]}, {"base_span": [448, 453], "annotations": [{"nertag": "O"}]}, {"base_span": [454, 461], "annotations": [{"nertag": "O"}]}, {"base_span": [462, 464], "annotations": [{"nertag": "O"}]}, {"base_span": [465, 469], "annotations": [{"nertag": "B-PER"}]}, {"base_span": [470, 475], "annotations": [{"nertag": "I-PER"}]}, {"base_span": [476, 482], "annotations": [{"nertag": "O"}]}, {"base_span": [483, 484], "annotations": [{"nertag": "O"}]}, {"base_span": [485, 490], "annotations": [{"nertag": "O"}]}, {"base_span": [491, 497], "annotations": [{"nertag": "O"}]}, {"base_span": [498, 503], "annotations": [{"nertag": "O"}]}, {"base_span": [504, 509], "annotations": [{"nertag": "O"}]}, {"base_span": [509, 510], "annotations": [{"nertag": "O"}]}, {"base_span": [511, 515], "annotations": [{"nertag": "O"}]}, {"base_span": [516, 520], "annotations": [{"nertag": "B-PER"}]}, {"base_span": [521, 526], "annotations": [{"nertag": "O"}]}, {"base_span": [527, 532], "annotations": [{"nertag": "O"}]}, {"base_span": [533, 536], "annotations": [{"nertag": "O"}]}, {"base_span": [537, 542], "annotations": [{"nertag": "O"}]}, {"base_span": [543, 545], "annotations": [{"nertag": "O"}]}, {"base_span": [546, 548], "annotations": [{"nertag": "O"}]}, {"base_span": [549, 554], "annotations": [{"nertag": "O"}]}, {"base_span": [554, 555], "annotations": [{"nertag": "O"}]}, {"base_span": [556, 560], "annotations": [{"nertag": "O"}]}, {"base_span": [561, 564], "annotations": [{"nertag": "O"}]}, {"base_span": [565, 574], "annotations": [{"nertag": "O"}]}, {"base_span": [575, 577], "annotations": [{"nertag": "O"}]}, {"base_span": [578, 583], "annotations": [{"nertag": "O"}]}, {"base_span": [584, 589], "annotations": [{"nertag": "O"}]}, {"base_span": [589, 590], "annotations": [{"nertag": "O"}]}, {"base_span": [591, 595], "annotations": [{"nertag": "B-PER"}]}, {"base_span": [596, 601], "annotations": [{"nertag": "I-PER"}]}, {"base_span": [602, 606], "annotations": [{"nertag": "O"}]}, {"base_span": [607, 613], "annotations": [{"nertag": "O"}]}, {"base_span": [614, 619], "annotations": [{"nertag": "O"}]}, {"base_span": [620, 622], "annotations": [{"nertag": "O"}]}, {"base_span": [623, 630], "annotations": [{"nertag": "O"}]}, {"base_span": [631, 635], "annotations": [{"nertag": "O"}]}, {"base_span": [635, 636], "annotations": [{"nertag": "O"}]}, {"base_span": [637, 642], "annotations": [{"nertag": "O"}]}, {"base_span": [643, 652], "annotations": [{"nertag": "O"}]}, {"base_span": [653, 660], "annotations": [{"nertag": "O"}]}, {"base_span": [661, 664], "annotations": [{"nertag": "O"}]}, {"base_span": [665, 671], "annotations": [{"nertag": "O"}]}, {"base_span": [672, 674], "annotations": [{"nertag": "O"}]}, {"base_span": [675, 681], "annotations": [{"nertag": "O"}]}, {"base_span": [681, 682], "annotations": [{"nertag": "O"}]}, {"base_span": [683, 688], "annotations": [{"nertag": "O"}]}, {"base_span": [689, 695], "annotations": [{"nertag": "O"}]}, {"base_span": [695, 696], "annotations": [{"nertag": "O"}]}, {"base_span": [697, 700], "annotations": [{"nertag": "O"}]}, {"base_span": [701, 703], "annotations": [{"nertag": "O"}]}, {"base_span": [704, 709], "annotations": [{"nertag": "O"}]}, {"base_span": [710, 712], "annotations": [{"nertag": "O"}]}, {"base_span": [713, 718], "annotations": [{"nertag": "O"}]}, {"base_span": [718, 719], "annotations": [{"nertag": "O"}]}, {"base_span": [720, 724], "annotations": [{"nertag": "O"}]}, {"base_span": [725, 731], "annotations": [{"nertag": "O"}]}, {"base_span": [732, 737], "annotations": [{"nertag": "O"}]}, {"base_span": [738, 745], "annotations": [{"nertag": "O"}]}, {"base_span": [745, 746], "annotations": [{"nertag": "O"}]}, {"base_span": [747, 750], "annotations": [{"nertag": "O"}]}, {"base_span": [751, 756], "annotations": [{"nertag": "O"}]}, {"base_span": [757, 761], "annotations": [{"nertag": "O"}]}, {"base_span": [762, 766], "annotations": [{"nertag": "B-PER"}]}, {"base_span": [767, 774], "annotations": [{"nertag": "I-PER"}]}, {"base_span": [775, 778], "annotations": [{"nertag": "O"}]}, {"base_span": [779, 782], "annotations": [{"nertag": "B-PER"}]}, {"base_span": [783, 788], "annotations": [{"nertag": "I-PER"}]}, {"base_span": [789, 792], "annotations": [{"nertag": "O"}]}, {"base_span": [793, 797], "annotations": [{"nertag": "B-PER"}]}, {"base_span": [798, 806], "annotations": [{"nertag": "I-PER"}]}, {"base_span": [807, 810], "annotations": [{"nertag": "O"}]}]}]}