{"text": "\nKoggokonna kohhos sel 13 Paasto k.p. 1868. aastal.\n\nKoos olliwad kohto likmed: pea kohtomees Jaan Treiel. Abbimees Mart Lunden ja Jürri Welsker.\n\nEtte kaebaja Ann Korjos ja temma wastane Hans Nimann.\n\n1.) Ann Korjos kaebas et 2sel Pasto ku päewa öse on temma aggerikus warkal käidud ja 3 linno ja natoke willa ärra warrastud. Siis on Ann wötnud tallitaja abbi mehhe Jaan Swäerd ja läinud Hans Nimanni sauna otsima, agga ei olle lidnud. Ja Hanso naine Leno on koddo olnud agga Hans mitte. Ja kui Hans koio tulli ja kulda sai , siis on Hhans Niman Pühhabäew Juhhani Josepi perrese, kus Ann wabatikuks on, läinud ja ilma räkimatta Anne karwost kinni wötnud.\n\n2.) Kutsute ette Hans Nimann ja H.Nimann tunnistas et Ann on teda ilma asjata wargaks teinud ja üttelnud et temma se warras on. Agga tunnistust ei olnud kes on kulnud kui Ann on räkinud.\n\n3.) Tunnistaiad Lisa Rumel ja Marri Treiel\n\nTulli ette Lisa Rumel ja tunnistas nenda: pühapäew öhta kui Hans on nende tuppa tulnud ja Anne karwost kahe käega kinni wötnu ja pead wasta maad tagunud , nönna et teisel päewal suur muhk peas old.\n\nTulli ette Marri Treiel ja selletas need samad sönnad, mis Lisa Rumel.\n\nmoistmine\n\nSellepärrast moistis kohhos nonda:\n\net Hans n läinud peremehhe maiasse ja seal kiskunud 20 witsa hopi.\n\nSelle järel sai trahwitud Hans Nimann 20 witsa hobiga.\n\nSelleka sai tännane kohto päew löpetud.\n\nPeawannem Jaan Treiel +++\n\nAbbimees Mart Lunden +++\n\nja Jürri Welsker +++\n\n\n", "meta": {"origin_directory": "vallakohus_teine/"}, "layers": [{"name": "gold_ner", "attributes": ["nertag"], "parent": null, "enveloping": null, "ambiguous": false, "serialisation_module": null, "meta": {}, "spans": [{"base_span": [94, 105], "annotations": [{"nertag": "PER"}]}, {"base_span": [116, 127], "annotations": [{"nertag": "PER"}]}, {"base_span": [131, 144], "annotations": [{"nertag": "PER"}]}, {"base_span": [160, 170], "annotations": [{"nertag": "PER"}]}, {"base_span": [188, 199], "annotations": [{"nertag": "PER"}]}, {"base_span": [206, 216], "annotations": [{"nertag": "PER"}]}, {"base_span": [335, 338], "annotations": [{"nertag": "PER"}]}, {"base_span": [367, 378], "annotations": [{"nertag": "PER"}]}, {"base_span": [389, 401], "annotations": [{"nertag": "PER"}]}, {"base_span": [440, 445], "annotations": [{"nertag": "PER"}]}, {"base_span": [452, 456], "annotations": [{"nertag": "PER"}]}, {"base_span": [477, 481], "annotations": [{"nertag": "PER"}]}, {"base_span": [496, 500], "annotations": [{"nertag": "PER"}]}, {"base_span": [535, 546], "annotations": [{"nertag": "PER"}]}, {"base_span": [557, 571], "annotations": [{"nertag": "PER"}]}, {"base_span": [585, 588], "annotations": [{"nertag": "PER"}]}, {"base_span": [629, 633], "annotations": [{"nertag": "PER"}]}, {"base_span": [674, 685], "annotations": [{"nertag": "PER"}]}, {"base_span": [689, 697], "annotations": [{"nertag": "PER"}]}, {"base_span": [711, 714], "annotations": [{"nertag": "PER"}]}, {"base_span": [828, 831], "annotations": [{"nertag": "PER"}]}, {"base_span": [861, 871], "annotations": [{"nertag": "PER"}]}, {"base_span": [875, 887], "annotations": [{"nertag": "PER"}]}, {"base_span": [900, 910], "annotations": [{"nertag": "PER"}]}, {"base_span": [949, 953], "annotations": [{"nertag": "PER"}]}, {"base_span": [979, 983], "annotations": [{"nertag": "PER"}]}, {"base_span": [1099, 1111], "annotations": [{"nertag": "PER"}]}, {"base_span": [1147, 1157], "annotations": [{"nertag": "PER"}]}, {"base_span": [1210, 1214], "annotations": [{"nertag": "PER"}]}, {"base_span": [1301, 1312], "annotations": [{"nertag": "PER"}]}, {"base_span": [1382, 1393], "annotations": [{"nertag": "PER"}]}, {"base_span": [1408, 1419], "annotations": [{"nertag": "PER"}]}, {"base_span": [1428, 1441], "annotations": [{"nertag": "PER"}]}]}, {"name": "gold_wordner", "attributes": ["nertag"], "parent": null, "enveloping": null, "ambiguous": false, "serialisation_module": null, "meta": {}, "spans": [{"base_span": [1, 11], "annotations": [{"nertag": "O"}]}, {"base_span": [12, 18], "annotations": [{"nertag": "O"}]}, {"base_span": [19, 22], "annotations": [{"nertag": "O"}]}, {"base_span": [23, 25], "annotations": [{"nertag": "O"}]}, {"base_span": [26, 32], "annotations": [{"nertag": "O"}]}, {"base_span": [33, 34], "annotations": [{"nertag": "O"}]}, {"base_span": [34, 35], "annotations": [{"nertag": "O"}]}, {"base_span": [35, 36], "annotations": [{"nertag": "O"}]}, {"base_span": [36, 37], "annotations": [{"nertag": "O"}]}, {"base_span": [38, 43], "annotations": [{"nertag": "O"}]}, {"base_span": [44, 50], "annotations": [{"nertag": "O"}]}, {"base_span": [50, 51], "annotations": [{"nertag": "O"}]}, {"base_span": [53, 57], "annotations": [{"nertag": "O"}]}, {"base_span": [58, 65], "annotations": [{"nertag": "O"}]}, {"base_span": [66, 71], "annotations": [{"nertag": "O"}]}, {"base_span": [72, 78], "annotations": [{"nertag": "O"}]}, {"base_span": [78, 79], "annotations": [{"nertag": "O"}]}, {"base_span": [80, 83], "annotations": [{"nertag": "O"}]}, {"base_span": [84, 93], "annotations": [{"nertag": "O"}]}, {"base_span": [94, 98], "annotations": [{"nertag": "B-PER"}]}, {"base_span": [99, 105], "annotations": [{"nertag": "I-PER"}]}, {"base_span": [105, 106], "annotations": [{"nertag": "O"}]}, {"base_span": [107, 115], "annotations": [{"nertag": "O"}]}, {"base_span": [116, 120], "annotations": [{"nertag": "B-PER"}]}, {"base_span": [121, 127], "annotations": [{"nertag": "I-PER"}]}, {"base_span": [128, 130], "annotations": [{"nertag": "O"}]}, {"base_span": [131, 136], "annotations": [{"nertag": "B-PER"}]}, {"base_span": [137, 144], "annotations": [{"nertag": "I-PER"}]}, {"base_span": [144, 145], "annotations": [{"nertag": "O"}]}, {"base_span": [147, 151], "annotations": [{"nertag": "O"}]}, {"base_span": [152, 159], "annotations": [{"nertag": "O"}]}, {"base_span": [160, 163], "annotations": [{"nertag": "B-PER"}]}, {"base_span": [164, 170], "annotations": [{"nertag": "I-PER"}]}, {"base_span": [171, 173], "annotations": [{"nertag": "O"}]}, {"base_span": [174, 179], "annotations": [{"nertag": "O"}]}, {"base_span": [180, 187], "annotations": [{"nertag": "O"}]}, {"base_span": [188, 192], "annotations": [{"nertag": "B-PER"}]}, {"base_span": [193, 199], "annotations": [{"nertag": "I-PER"}]}, {"base_span": [199, 200], "annotations": [{"nertag": "O"}]}, {"base_span": [202, 204], "annotations": [{"nertag": "O"}]}, {"base_span": [204, 205], "annotations": [{"nertag": "O"}]}, {"base_span": [206, 209], "annotations": [{"nertag": "B-PER"}]}, {"base_span": [210, 216], "annotations": [{"nertag": "I-PER"}]}, {"base_span": [217, 223], "annotations": [{"nertag": "O"}]}, {"base_span": [224, 226], "annotations": [{"nertag": "O"}]}, {"base_span": [227, 231], "annotations": [{"nertag": "O"}]}, {"base_span": [232, 237], "annotations": [{"nertag": "O"}]}, {"base_span": [238, 240], "annotations": [{"nertag": "O"}]}, {"base_span": [241, 246], "annotations": [{"nertag": "O"}]}, {"base_span": [247, 250], "annotations": [{"nertag": "O"}]}, {"base_span": [251, 253], "annotations": [{"nertag": "O"}]}, {"base_span": [254, 259], "annotations": [{"nertag": "O"}]}, {"base_span": [260, 269], "annotations": [{"nertag": "O"}]}, {"base_span": [270, 276], "annotations": [{"nertag": "O"}]}, {"base_span": [277, 283], "annotations": [{"nertag": "O"}]}, {"base_span": [284, 286], "annotations": [{"nertag": "O"}]}, {"base_span": [287, 288], "annotations": [{"nertag": "O"}]}, {"base_span": [289, 294], "annotations": [{"nertag": "O"}]}, {"base_span": [295, 297], "annotations": [{"nertag": "O"}]}, {"base_span": [298, 304], "annotations": [{"nertag": "O"}]}, {"base_span": [305, 310], "annotations": [{"nertag": "O"}]}, {"base_span": [311, 315], "annotations": [{"nertag": "O"}]}, {"base_span": [316, 325], "annotations": [{"nertag": "O"}]}, {"base_span": [325, 326], "annotations": [{"nertag": "O"}]}, {"base_span": [327, 331], "annotations": [{"nertag": "O"}]}, {"base_span": [332, 334], "annotations": [{"nertag": "O"}]}, {"base_span": [335, 338], "annotations": [{"nertag": "B-PER"}]}, {"base_span": [339, 345], "annotations": [{"nertag": "O"}]}, {"base_span": [346, 355], "annotations": [{"nertag": "O"}]}, {"base_span": [356, 360], "annotations": [{"nertag": "O"}]}, {"base_span": [361, 366], "annotations": [{"nertag": "O"}]}, {"base_span": [367, 371], "annotations": [{"nertag": "B-PER"}]}, {"base_span": [372, 378], "annotations": [{"nertag": "I-PER"}]}, {"base_span": [379, 381], "annotations": [{"nertag": "O"}]}, {"base_span": [382, 388], "annotations": [{"nertag": "O"}]}, {"base_span": [389, 393], "annotations": [{"nertag": "B-PER"}]}, {"base_span": [394, 401], "annotations": [{"nertag": "I-PER"}]}, {"base_span": [402, 407], "annotations": [{"nertag": "O"}]}, {"base_span": [408, 414], "annotations": [{"nertag": "O"}]}, {"base_span": [414, 415], "annotations": [{"nertag": "O"}]}, {"base_span": [416, 420], "annotations": [{"nertag": "O"}]}, {"base_span": [421, 423], "annotations": [{"nertag": "O"}]}, {"base_span": [424, 428], "annotations": [{"nertag": "O"}]}, {"base_span": [429, 435], "annotations": [{"nertag": "O"}]}, {"base_span": [435, 436], "annotations": [{"nertag": "O"}]}, {"base_span": [437, 439], "annotations": [{"nertag": "O"}]}, {"base_span": [440, 445], "annotations": [{"nertag": "B-PER"}]}, {"base_span": [446, 451], "annotations": [{"nertag": "O"}]}, {"base_span": [452, 456], "annotations": [{"nertag": "B-PER"}]}, {"base_span": [457, 459], "annotations": [{"nertag": "O"}]}, {"base_span": [460, 465], "annotations": [{"nertag": "O"}]}, {"base_span": [466, 471], "annotations": [{"nertag": "O"}]}, {"base_span": [472, 476], "annotations": [{"nertag": "O"}]}, {"base_span": [477, 481], "annotations": [{"nertag": "B-PER"}]}, {"base_span": [482, 487], "annotations": [{"nertag": "O"}]}, {"base_span": [487, 488], "annotations": [{"nertag": "O"}]}, {"base_span": [489, 491], "annotations": [{"nertag": "O"}]}, {"base_span": [492, 495], "annotations": [{"nertag": "O"}]}, {"base_span": [496, 500], "annotations": [{"nertag": "B-PER"}]}, {"base_span": [501, 505], "annotations": [{"nertag": "O"}]}, {"base_span": [506, 511], "annotations": [{"nertag": "O"}]}, {"base_span": [512, 514], "annotations": [{"nertag": "O"}]}, {"base_span": [515, 520], "annotations": [{"nertag": "O"}]}, {"base_span": [521, 524], "annotations": [{"nertag": "O"}]}, {"base_span": [525, 526], "annotations": [{"nertag": "O"}]}, {"base_span": [527, 531], "annotations": [{"nertag": "O"}]}, {"base_span": [532, 534], "annotations": [{"nertag": "O"}]}, {"base_span": [535, 540], "annotations": [{"nertag": "B-PER"}]}, {"base_span": [541, 546], "annotations": [{"nertag": "I-PER"}]}, {"base_span": [547, 556], "annotations": [{"nertag": "O"}]}, {"base_span": [557, 564], "annotations": [{"nertag": "B-PER"}]}, {"base_span": [565, 571], "annotations": [{"nertag": "I-PER"}]}, {"base_span": [572, 579], "annotations": [{"nertag": "O"}]}, {"base_span": [579, 580], "annotations": [{"nertag": "O"}]}, {"base_span": [581, 584], "annotations": [{"nertag": "O"}]}, {"base_span": [585, 588], "annotations": [{"nertag": "B-PER"}]}, {"base_span": [589, 599], "annotations": [{"nertag": "O"}]}, {"base_span": [600, 602], "annotations": [{"nertag": "O"}]}, {"base_span": [602, 603], "annotations": [{"nertag": "O"}]}, {"base_span": [604, 610], "annotations": [{"nertag": "O"}]}, {"base_span": [611, 613], "annotations": [{"nertag": "O"}]}, {"base_span": [614, 618], "annotations": [{"nertag": "O"}]}, {"base_span": [619, 628], "annotations": [{"nertag": "O"}]}, {"base_span": [629, 633], "annotations": [{"nertag": "B-PER"}]}, {"base_span": [634, 641], "annotations": [{"nertag": "O"}]}, {"base_span": [642, 647], "annotations": [{"nertag": "O"}]}, {"base_span": [648, 654], "annotations": [{"nertag": "O"}]}, {"base_span": [654, 655], "annotations": [{"nertag": "O"}]}, {"base_span": [657, 659], "annotations": [{"nertag": "O"}]}, {"base_span": [659, 660], "annotations": [{"nertag": "O"}]}, {"base_span": [661, 668], "annotations": [{"nertag": "O"}]}, {"base_span": [669, 673], "annotations": [{"nertag": "O"}]}, {"base_span": [674, 678], "annotations": [{"nertag": "B-PER"}]}, {"base_span": [679, 685], "annotations": [{"nertag": "I-PER"}]}, {"base_span": [686, 688], "annotations": [{"nertag": "O"}]}, {"base_span": [689, 690], "annotations": [{"nertag": "B-PER"}]}, {"base_span": [690, 691], "annotations": [{"nertag": "I-PER"}]}, {"base_span": [691, 697], "annotations": [{"nertag": "I-PER"}]}, {"base_span": [698, 707], "annotations": [{"nertag": "O"}]}, {"base_span": [708, 710], "annotations": [{"nertag": "O"}]}, {"base_span": [711, 714], "annotations": [{"nertag": "B-PER"}]}, {"base_span": [715, 717], "annotations": [{"nertag": "O"}]}, {"base_span": [718, 722], "annotations": [{"nertag": "O"}]}, {"base_span": [723, 727], "annotations": [{"nertag": "O"}]}, {"base_span": [728, 734], "annotations": [{"nertag": "O"}]}, {"base_span": [735, 742], "annotations": [{"nertag": "O"}]}, {"base_span": [743, 749], "annotations": [{"nertag": "O"}]}, {"base_span": [750, 752], "annotations": [{"nertag": "O"}]}, {"base_span": [753, 761], "annotations": [{"nertag": "O"}]}, {"base_span": [762, 764], "annotations": [{"nertag": "O"}]}, {"base_span": [765, 770], "annotations": [{"nertag": "O"}]}, {"base_span": [771, 773], "annotations": [{"nertag": "O"}]}, {"base_span": [774, 780], "annotations": [{"nertag": "O"}]}, {"base_span": [781, 783], "annotations": [{"nertag": "O"}]}, {"base_span": [783, 784], "annotations": [{"nertag": "O"}]}, {"base_span": [785, 789], "annotations": [{"nertag": "O"}]}, {"base_span": [790, 800], "annotations": [{"nertag": "O"}]}, {"base_span": [801, 803], "annotations": [{"nertag": "O"}]}, {"base_span": [804, 809], "annotations": [{"nertag": "O"}]}, {"base_span": [810, 813], "annotations": [{"nertag": "O"}]}, {"base_span": [814, 816], "annotations": [{"nertag": "O"}]}, {"base_span": [817, 823], "annotations": [{"nertag": "O"}]}, {"base_span": [824, 827], "annotations": [{"nertag": "O"}]}, {"base_span": [828, 831], "annotations": [{"nertag": "B-PER"}]}, {"base_span": [832, 834], "annotations": [{"nertag": "O"}]}, {"base_span": [835, 842], "annotations": [{"nertag": "O"}]}, {"base_span": [842, 843], "annotations": [{"nertag": "O"}]}, {"base_span": [845, 847], "annotations": [{"nertag": "O"}]}, {"base_span": [847, 848], "annotations": [{"nertag": "O"}]}, {"base_span": [849, 860], "annotations": [{"nertag": "O"}]}, {"base_span": [861, 865], "annotations": [{"nertag": "B-PER"}]}, {"base_span": [866, 871], "annotations": [{"nertag": "I-PER"}]}, {"base_span": [872, 874], "annotations": [{"nertag": "O"}]}, {"base_span": [875, 880], "annotations": [{"nertag": "B-PER"}]}, {"base_span": [881, 887], "annotations": [{"nertag": "I-PER"}]}, {"base_span": [889, 894], "annotations": [{"nertag": "O"}]}, {"base_span": [895, 899], "annotations": [{"nertag": "O"}]}, {"base_span": [900, 904], "annotations": [{"nertag": "B-PER"}]}, {"base_span": [905, 910], "annotations": [{"nertag": "I-PER"}]}, {"base_span": [911, 913], "annotations": [{"nertag": "O"}]}, {"base_span": [914, 923], "annotations": [{"nertag": "O"}]}, {"base_span": [924, 929], "annotations": [{"nertag": "O"}]}, {"base_span": [929, 930], "annotations": [{"nertag": "O"}]}, {"base_span": [931, 939], "annotations": [{"nertag": "O"}]}, {"base_span": [940, 944], "annotations": [{"nertag": "O"}]}, {"base_span": [945, 948], "annotations": [{"nertag": "O"}]}, {"base_span": [949, 953], "annotations": [{"nertag": "B-PER"}]}, {"base_span": [954, 956], "annotations": [{"nertag": "O"}]}, {"base_span": [957, 962], "annotations": [{"nertag": "O"}]}, {"base_span": [963, 968], "annotations": [{"nertag": "O"}]}, {"base_span": [969, 975], "annotations": [{"nertag": "O"}]}, {"base_span": [976, 978], "annotations": [{"nertag": "O"}]}, {"base_span": [979, 983], "annotations": [{"nertag": "B-PER"}]}, {"base_span": [984, 991], "annotations": [{"nertag": "O"}]}, {"base_span": [992, 996], "annotations": [{"nertag": "O"}]}, {"base_span": [997, 1002], "annotations": [{"nertag": "O"}]}, {"base_span": [1003, 1008], "annotations": [{"nertag": "O"}]}, {"base_span": [1009, 1014], "annotations": [{"nertag": "O"}]}, {"base_span": [1015, 1017], "annotations": [{"nertag": "O"}]}, {"base_span": [1018, 1022], "annotations": [{"nertag": "O"}]}, {"base_span": [1023, 1028], "annotations": [{"nertag": "O"}]}, {"base_span": [1029, 1033], "annotations": [{"nertag": "O"}]}, {"base_span": [1034, 1041], "annotations": [{"nertag": "O"}]}, {"base_span": [1042, 1043], "annotations": [{"nertag": "O"}]}, {"base_span": [1044, 1049], "annotations": [{"nertag": "O"}]}, {"base_span": [1050, 1052], "annotations": [{"nertag": "O"}]}, {"base_span": [1053, 1059], "annotations": [{"nertag": "O"}]}, {"base_span": [1060, 1066], "annotations": [{"nertag": "O"}]}, {"base_span": [1067, 1071], "annotations": [{"nertag": "O"}]}, {"base_span": [1072, 1076], "annotations": [{"nertag": "O"}]}, {"base_span": [1077, 1081], "annotations": [{"nertag": "O"}]}, {"base_span": [1082, 1085], "annotations": [{"nertag": "O"}]}, {"base_span": [1085, 1086], "annotations": [{"nertag": "O"}]}, {"base_span": [1088, 1093], "annotations": [{"nertag": "O"}]}, {"base_span": [1094, 1098], "annotations": [{"nertag": "O"}]}, {"base_span": [1099, 1104], "annotations": [{"nertag": "B-PER"}]}, {"base_span": [1105, 1111], "annotations": [{"nertag": "I-PER"}]}, {"base_span": [1112, 1114], "annotations": [{"nertag": "O"}]}, {"base_span": [1115, 1123], "annotations": [{"nertag": "O"}]}, {"base_span": [1124, 1128], "annotations": [{"nertag": "O"}]}, {"base_span": [1129, 1134], "annotations": [{"nertag": "O"}]}, {"base_span": [1135, 1141], "annotations": [{"nertag": "O"}]}, {"base_span": [1141, 1142], "annotations": [{"nertag": "O"}]}, {"base_span": [1143, 1146], "annotations": [{"nertag": "O"}]}, {"base_span": [1147, 1151], "annotations": [{"nertag": "B-PER"}]}, {"base_span": [1152, 1157], "annotations": [{"nertag": "I-PER"}]}, {"base_span": [1157, 1158], "annotations": [{"nertag": "O"}]}, {"base_span": [1160, 1169], "annotations": [{"nertag": "O"}]}, {"base_span": [1171, 1183], "annotations": [{"nertag": "O"}]}, {"base_span": [1184, 1191], "annotations": [{"nertag": "O"}]}, {"base_span": [1192, 1198], "annotations": [{"nertag": "O"}]}, {"base_span": [1199, 1204], "annotations": [{"nertag": "O"}]}, {"base_span": [1204, 1205], "annotations": [{"nertag": "O"}]}, {"base_span": [1207, 1209], "annotations": [{"nertag": "O"}]}, {"base_span": [1210, 1214], "annotations": [{"nertag": "B-PER"}]}, {"base_span": [1215, 1216], "annotations": [{"nertag": "O"}]}, {"base_span": [1217, 1223], "annotations": [{"nertag": "O"}]}, {"base_span": [1224, 1233], "annotations": [{"nertag": "O"}]}, {"base_span": [1234, 1241], "annotations": [{"nertag": "O"}]}, {"base_span": [1242, 1244], "annotations": [{"nertag": "O"}]}, {"base_span": [1245, 1249], "annotations": [{"nertag": "O"}]}, {"base_span": [1250, 1258], "annotations": [{"nertag": "O"}]}, {"base_span": [1259, 1261], "annotations": [{"nertag": "O"}]}, {"base_span": [1262, 1267], "annotations": [{"nertag": "O"}]}, {"base_span": [1268, 1272], "annotations": [{"nertag": "O"}]}, {"base_span": [1272, 1273], "annotations": [{"nertag": "O"}]}, {"base_span": [1275, 1280], "annotations": [{"nertag": "O"}]}, {"base_span": [1281, 1286], "annotations": [{"nertag": "O"}]}, {"base_span": [1287, 1290], "annotations": [{"nertag": "O"}]}, {"base_span": [1291, 1300], "annotations": [{"nertag": "O"}]}, {"base_span": [1301, 1305], "annotations": [{"nertag": "B-PER"}]}, {"base_span": [1306, 1312], "annotations": [{"nertag": "I-PER"}]}, {"base_span": [1313, 1315], "annotations": [{"nertag": "O"}]}, {"base_span": [1316, 1321], "annotations": [{"nertag": "O"}]}, {"base_span": [1322, 1328], "annotations": [{"nertag": "O"}]}, {"base_span": [1328, 1329], "annotations": [{"nertag": "O"}]}, {"base_span": [1331, 1338], "annotations": [{"nertag": "O"}]}, {"base_span": [1339, 1342], "annotations": [{"nertag": "O"}]}, {"base_span": [1343, 1350], "annotations": [{"nertag": "O"}]}, {"base_span": [1351, 1356], "annotations": [{"nertag": "O"}]}, {"base_span": [1357, 1361], "annotations": [{"nertag": "O"}]}, {"base_span": [1362, 1369], "annotations": [{"nertag": "O"}]}, {"base_span": [1369, 1370], "annotations": [{"nertag": "O"}]}, {"base_span": [1372, 1381], "annotations": [{"nertag": "O"}]}, {"base_span": [1382, 1386], "annotations": [{"nertag": "B-PER"}]}, {"base_span": [1387, 1393], "annotations": [{"nertag": "I-PER"}]}, {"base_span": [1394, 1395], "annotations": [{"nertag": "O"}]}, {"base_span": [1395, 1396], "annotations": [{"nertag": "O"}]}, {"base_span": [1396, 1397], "annotations": [{"nertag": "O"}]}, {"base_span": [1399, 1407], "annotations": [{"nertag": "O"}]}, {"base_span": [1408, 1412], "annotations": [{"nertag": "B-PER"}]}, {"base_span": [1413, 1419], "annotations": [{"nertag": "I-PER"}]}, {"base_span": [1420, 1421], "annotations": [{"nertag": "O"}]}, {"base_span": [1421, 1422], "annotations": [{"nertag": "O"}]}, {"base_span": [1422, 1423], "annotations": [{"nertag": "O"}]}, {"base_span": [1425, 1427], "annotations": [{"nertag": "O"}]}, {"base_span": [1428, 1433], "annotations": [{"nertag": "B-PER"}]}, {"base_span": [1434, 1441], "annotations": [{"nertag": "I-PER"}]}, {"base_span": [1442, 1443], "annotations": [{"nertag": "O"}]}, {"base_span": [1443, 1444], "annotations": [{"nertag": "O"}]}, {"base_span": [1444, 1445], "annotations": [{"nertag": "O"}]}]}]}