{"text": "Sel 11mal Webroaril aastal 1870 ollid kohto päewal koos Purdi koggokonna kohto Peawannem Andres Juntsow. Körwamehhed Mart Wenno ja Jaan Södi.\n1) Tallitaja Abbimees Mart Ulla kaewas et Mart Arro on öölnud Tutso Mart Ulla korjab pea rahha ommale, Paemurro Tönno Tigi rägis mulle ette. Mart Arro tunnistuas minna ei olle seda mitte Tönno Tigi egga teiste wasto öölnud.\nPaemurro Tönno Tigi tunnistas, minna ei tea kas ma ollen sedda joonud peaga Mart Ulla wasto öölnud wöi mitte ja pallus sedda Mart Ulla käest hanteks.\nSiis leppisid Mart Ulla ja Tönno Tigi nenda kahhekesi ärra et sedda jutto ennam ei pea ette tullema. \nSelle peale ei moistnud koggokonna kohhus siis mitte trahwi, muud kui Tönno Tigi teeb Mart Arro päe kätte mis temma kohtus käimise pärrast ärra witis.\n\n\n", "meta": {"origin_directory": "vallakohus_esimene/"}, "layers": [{"name": "gold_ner", "attributes": ["nertag"], "parent": null, "enveloping": null, "ambiguous": false, "serialisation_module": null, "meta": {}, "spans": [{"base_span": [56, 78], "annotations": [{"nertag": "ORG"}]}, {"base_span": [89, 103], "annotations": [{"nertag": "PER"}]}, {"base_span": [117, 127], "annotations": [{"nertag": "PER"}]}, {"base_span": [131, 140], "annotations": [{"nertag": "PER"}]}, {"base_span": [164, 173], "annotations": [{"nertag": "PER"}]}, {"base_span": [184, 193], "annotations": [{"nertag": "PER"}]}, {"base_span": [204, 209], "annotations": [{"nertag": "LOC_ORG"}]}, {"base_span": [210, 219], "annotations": [{"nertag": "PER"}]}, {"base_span": [245, 253], "annotations": [{"nertag": "LOC_ORG"}]}, {"base_span": [254, 264], "annotations": [{"nertag": "PER"}]}, {"base_span": [283, 292], "annotations": [{"nertag": "PER"}]}, {"base_span": [329, 339], "annotations": [{"nertag": "PER"}]}, {"base_span": [366, 374], "annotations": [{"nertag": "LOC_ORG"}]}, {"base_span": [375, 385], "annotations": [{"nertag": "PER"}]}, {"base_span": [442, 451], "annotations": [{"nertag": "PER"}]}, {"base_span": [491, 500], "annotations": [{"nertag": "PER"}]}, {"base_span": [530, 539], "annotations": [{"nertag": "PER"}]}, {"base_span": [543, 553], "annotations": [{"nertag": "PER"}]}, {"base_span": [688, 698], "annotations": [{"nertag": "PER"}]}, {"base_span": [704, 713], "annotations": [{"nertag": "PER"}]}]}, {"name": "gold_wordner", "attributes": ["nertag"], "parent": null, "enveloping": null, "ambiguous": false, "serialisation_module": null, "meta": {}, "spans": [{"base_span": [0, 3], "annotations": [{"nertag": "O"}]}, {"base_span": [4, 9], "annotations": [{"nertag": "O"}]}, {"base_span": [10, 19], "annotations": [{"nertag": "O"}]}, {"base_span": [20, 26], "annotations": [{"nertag": "O"}]}, {"base_span": [27, 31], "annotations": [{"nertag": "O"}]}, {"base_span": [32, 37], "annotations": [{"nertag": "O"}]}, {"base_span": [38, 43], "annotations": [{"nertag": "O"}]}, {"base_span": [44, 50], "annotations": [{"nertag": "O"}]}, {"base_span": [51, 55], "annotations": [{"nertag": "O"}]}, {"base_span": [56, 61], "annotations": [{"nertag": "B-ORG"}]}, {"base_span": [62, 72], "annotations": [{"nertag": "I-ORG"}]}, {"base_span": [73, 78], "annotations": [{"nertag": "I-ORG"}]}, {"base_span": [79, 88], "annotations": [{"nertag": "O"}]}, {"base_span": [89, 95], "annotations": [{"nertag": "B-PER"}]}, {"base_span": [96, 103], "annotations": [{"nertag": "I-PER"}]}, {"base_span": [103, 104], "annotations": [{"nertag": "O"}]}, {"base_span": [105, 116], "annotations": [{"nertag": "O"}]}, {"base_span": [117, 121], "annotations": [{"nertag": "B-PER"}]}, {"base_span": [122, 127], "annotations": [{"nertag": "I-PER"}]}, {"base_span": [128, 130], "annotations": [{"nertag": "O"}]}, {"base_span": [131, 135], "annotations": [{"nertag": "B-PER"}]}, {"base_span": [136, 140], "annotations": [{"nertag": "I-PER"}]}, {"base_span": [140, 141], "annotations": [{"nertag": "O"}]}, {"base_span": [142, 143], "annotations": [{"nertag": "O"}]}, {"base_span": [143, 144], "annotations": [{"nertag": "O"}]}, {"base_span": [145, 154], "annotations": [{"nertag": "O"}]}, {"base_span": [155, 163], "annotations": [{"nertag": "O"}]}, {"base_span": [164, 168], "annotations": [{"nertag": "B-PER"}]}, {"base_span": [169, 173], "annotations": [{"nertag": "I-PER"}]}, {"base_span": [174, 180], "annotations": [{"nertag": "O"}]}, {"base_span": [181, 183], "annotations": [{"nertag": "O"}]}, {"base_span": [184, 188], "annotations": [{"nertag": "B-PER"}]}, {"base_span": [189, 193], "annotations": [{"nertag": "I-PER"}]}, {"base_span": [194, 196], "annotations": [{"nertag": "O"}]}, {"base_span": [197, 203], "annotations": [{"nertag": "O"}]}, {"base_span": [204, 209], "annotations": [{"nertag": "B-LOC_ORG"}]}, {"base_span": [210, 214], "annotations": [{"nertag": "B-PER"}]}, {"base_span": [215, 219], "annotations": [{"nertag": "I-PER"}]}, {"base_span": [220, 226], "annotations": [{"nertag": "O"}]}, {"base_span": [227, 230], "annotations": [{"nertag": "O"}]}, {"base_span": [231, 236], "annotations": [{"nertag": "O"}]}, {"base_span": [237, 243], "annotations": [{"nertag": "O"}]}, {"base_span": [243, 244], "annotations": [{"nertag": "O"}]}, {"base_span": [245, 253], "annotations": [{"nertag": "B-LOC_ORG"}]}, {"base_span": [254, 259], "annotations": [{"nertag": "B-PER"}]}, {"base_span": [260, 264], "annotations": [{"nertag": "I-PER"}]}, {"base_span": [265, 270], "annotations": [{"nertag": "O"}]}, {"base_span": [271, 276], "annotations": [{"nertag": "O"}]}, {"base_span": [277, 281], "annotations": [{"nertag": "O"}]}, {"base_span": [281, 282], "annotations": [{"nertag": "O"}]}, {"base_span": [283, 287], "annotations": [{"nertag": "B-PER"}]}, {"base_span": [288, 292], "annotations": [{"nertag": "I-PER"}]}, {"base_span": [293, 303], "annotations": [{"nertag": "O"}]}, {"base_span": [304, 309], "annotations": [{"nertag": "O"}]}, {"base_span": [310, 312], "annotations": [{"nertag": "O"}]}, {"base_span": [313, 317], "annotations": [{"nertag": "O"}]}, {"base_span": [318, 322], "annotations": [{"nertag": "O"}]}, {"base_span": [323, 328], "annotations": [{"nertag": "O"}]}, {"base_span": [329, 334], "annotations": [{"nertag": "B-PER"}]}, {"base_span": [335, 339], "annotations": [{"nertag": "I-PER"}]}, {"base_span": [340, 344], "annotations": [{"nertag": "O"}]}, {"base_span": [345, 351], "annotations": [{"nertag": "O"}]}, {"base_span": [352, 357], "annotations": [{"nertag": "O"}]}, {"base_span": [358, 364], "annotations": [{"nertag": "O"}]}, {"base_span": [364, 365], "annotations": [{"nertag": "O"}]}, {"base_span": [366, 374], "annotations": [{"nertag": "B-LOC_ORG"}]}, {"base_span": [375, 380], "annotations": [{"nertag": "B-PER"}]}, {"base_span": [381, 385], "annotations": [{"nertag": "I-PER"}]}, {"base_span": [386, 395], "annotations": [{"nertag": "O"}]}, {"base_span": [395, 396], "annotations": [{"nertag": "O"}]}, {"base_span": [397, 402], "annotations": [{"nertag": "O"}]}, {"base_span": [403, 405], "annotations": [{"nertag": "O"}]}, {"base_span": [406, 409], "annotations": [{"nertag": "O"}]}, {"base_span": [410, 413], "annotations": [{"nertag": "O"}]}, {"base_span": [414, 416], "annotations": [{"nertag": "O"}]}, {"base_span": [417, 422], "annotations": [{"nertag": "O"}]}, {"base_span": [423, 428], "annotations": [{"nertag": "O"}]}, {"base_span": [429, 435], "annotations": [{"nertag": "O"}]}, {"base_span": [436, 441], "annotations": [{"nertag": "O"}]}, {"base_span": [442, 446], "annotations": [{"nertag": "B-PER"}]}, {"base_span": [447, 451], "annotations": [{"nertag": "I-PER"}]}, {"base_span": [452, 457], "annotations": [{"nertag": "O"}]}, {"base_span": [458, 464], "annotations": [{"nertag": "O"}]}, {"base_span": [465, 468], "annotations": [{"nertag": "O"}]}, {"base_span": [469, 474], "annotations": [{"nertag": "O"}]}, {"base_span": [475, 477], "annotations": [{"nertag": "O"}]}, {"base_span": [478, 484], "annotations": [{"nertag": "O"}]}, {"base_span": [485, 490], "annotations": [{"nertag": "O"}]}, {"base_span": [491, 495], "annotations": [{"nertag": "B-PER"}]}, {"base_span": [496, 500], "annotations": [{"nertag": "I-PER"}]}, {"base_span": [501, 506], "annotations": [{"nertag": "O"}]}, {"base_span": [507, 514], "annotations": [{"nertag": "O"}]}, {"base_span": [514, 515], "annotations": [{"nertag": "O"}]}, {"base_span": [516, 520], "annotations": [{"nertag": "O"}]}, {"base_span": [521, 529], "annotations": [{"nertag": "O"}]}, {"base_span": [530, 534], "annotations": [{"nertag": "B-PER"}]}, {"base_span": [535, 539], "annotations": [{"nertag": "I-PER"}]}, {"base_span": [540, 542], "annotations": [{"nertag": "O"}]}, {"base_span": [543, 548], "annotations": [{"nertag": "B-PER"}]}, {"base_span": [549, 553], "annotations": [{"nertag": "I-PER"}]}, {"base_span": [554, 559], "annotations": [{"nertag": "O"}]}, {"base_span": [560, 569], "annotations": [{"nertag": "O"}]}, {"base_span": [570, 574], "annotations": [{"nertag": "O"}]}, {"base_span": [575, 577], "annotations": [{"nertag": "O"}]}, {"base_span": [578, 583], "annotations": [{"nertag": "O"}]}, {"base_span": [584, 589], "annotations": [{"nertag": "O"}]}, {"base_span": [590, 595], "annotations": [{"nertag": "O"}]}, {"base_span": [596, 598], "annotations": [{"nertag": "O"}]}, {"base_span": [599, 602], "annotations": [{"nertag": "O"}]}, {"base_span": [603, 607], "annotations": [{"nertag": "O"}]}, {"base_span": [608, 615], "annotations": [{"nertag": "O"}]}, {"base_span": [615, 616], "annotations": [{"nertag": "O"}]}, {"base_span": [618, 623], "annotations": [{"nertag": "O"}]}, {"base_span": [624, 629], "annotations": [{"nertag": "O"}]}, {"base_span": [630, 632], "annotations": [{"nertag": "O"}]}, {"base_span": [633, 641], "annotations": [{"nertag": "O"}]}, {"base_span": [642, 652], "annotations": [{"nertag": "O"}]}, {"base_span": [653, 659], "annotations": [{"nertag": "O"}]}, {"base_span": [660, 664], "annotations": [{"nertag": "O"}]}, {"base_span": [665, 670], "annotations": [{"nertag": "O"}]}, {"base_span": [671, 677], "annotations": [{"nertag": "O"}]}, {"base_span": [677, 678], "annotations": [{"nertag": "O"}]}, {"base_span": [679, 683], "annotations": [{"nertag": "O"}]}, {"base_span": [684, 687], "annotations": [{"nertag": "O"}]}, {"base_span": [688, 693], "annotations": [{"nertag": "B-PER"}]}, {"base_span": [694, 698], "annotations": [{"nertag": "I-PER"}]}, {"base_span": [699, 703], "annotations": [{"nertag": "O"}]}, {"base_span": [704, 708], "annotations": [{"nertag": "B-PER"}]}, {"base_span": [709, 713], "annotations": [{"nertag": "I-PER"}]}, {"base_span": [714, 717], "annotations": [{"nertag": "O"}]}, {"base_span": [718, 723], "annotations": [{"nertag": "O"}]}, {"base_span": [724, 727], "annotations": [{"nertag": "O"}]}, {"base_span": [728, 733], "annotations": [{"nertag": "O"}]}, {"base_span": [734, 740], "annotations": [{"nertag": "O"}]}, {"base_span": [741, 748], "annotations": [{"nertag": "O"}]}, {"base_span": [749, 756], "annotations": [{"nertag": "O"}]}, {"base_span": [757, 761], "annotations": [{"nertag": "O"}]}, {"base_span": [762, 767], "annotations": [{"nertag": "O"}]}, {"base_span": [767, 768], "annotations": [{"nertag": "O"}]}]}]}