{"text": "\nKogukonna kohus 25. Augustil 1880.\n\nKoos oliwad:\n\nKohtu wanem: Jüri Tomson XXX\n\nKohtu mees: Juhan Kerem XXX\n\n\"  \"  \"  Jaan Weber XXX\n\nA. Kohtu wanem Jüri Tomson kaebas kohtus sisse, et Hans Pent Alliku wallast pühapääw jutluse ajal kiriku mõisa rohtaedas õunu warastamas käinud, keda kiriku mõisa sigade pois olla näinud.\n\nHans Pent astus kohtu ette, ütles, et tema wähä õunu puude alt maast olla wõtnud, aga puude otsast mitte üht ainukest õuna.\n\nMõistetud ja sellsamal pääwal ette kuulutud:\n\nHans Pent saab oma süü eest, et tema juba teist korda õuna warguse pärast Türi kiriku walla kogukonna kohtu ette tuleb 25 witsa hoopi, mis temale sellsamal korral kätte antud saiwad, ja seega oli asi lõpetud.\n\n\n", "meta": {"origin_directory": "vallakohus_neljas/"}, "layers": [{"name": "gold_ner", "attributes": ["nertag"], "parent": null, "enveloping": null, "ambiguous": false, "serialisation_module": null, "meta": {}, "spans": [{"base_span": [64, 75], "annotations": [{"nertag": "PER"}]}, {"base_span": [93, 104], "annotations": [{"nertag": "PER"}]}, {"base_span": [119, 129], "annotations": [{"nertag": "PER"}]}, {"base_span": [150, 161], "annotations": [{"nertag": "PER"}]}, {"base_span": [186, 195], "annotations": [{"nertag": "PER"}]}, {"base_span": [196, 210], "annotations": [{"nertag": "LOC_ORG"}]}, {"base_span": [324, 333], "annotations": [{"nertag": "PER"}]}, {"base_span": [495, 504], "annotations": [{"nertag": "PER"}]}, {"base_span": [569, 602], "annotations": [{"nertag": "ORG"}]}]}, {"name": "gold_wordner", "attributes": ["nertag"], "parent": null, "enveloping": null, "ambiguous": false, "serialisation_module": null, "meta": {}, "spans": [{"base_span": [1, 10], "annotations": [{"nertag": "O"}]}, {"base_span": [11, 16], "annotations": [{"nertag": "O"}]}, {"base_span": [17, 20], "annotations": [{"nertag": "O"}]}, {"base_span": [21, 29], "annotations": [{"nertag": "O"}]}, {"base_span": [30, 35], "annotations": [{"nertag": "O"}]}, {"base_span": [37, 41], "annotations": [{"nertag": "O"}]}, {"base_span": [42, 48], "annotations": [{"nertag": "O"}]}, {"base_span": [48, 49], "annotations": [{"nertag": "O"}]}, {"base_span": [51, 56], "annotations": [{"nertag": "O"}]}, {"base_span": [57, 62], "annotations": [{"nertag": "O"}]}, {"base_span": [62, 63], "annotations": [{"nertag": "O"}]}, {"base_span": [64, 68], "annotations": [{"nertag": "B-PER"}]}, {"base_span": [69, 75], "annotations": [{"nertag": "I-PER"}]}, {"base_span": [76, 79], "annotations": [{"nertag": "O"}]}, {"base_span": [81, 86], "annotations": [{"nertag": "O"}]}, {"base_span": [87, 91], "annotations": [{"nertag": "O"}]}, {"base_span": [91, 92], "annotations": [{"nertag": "O"}]}, {"base_span": [93, 98], "annotations": [{"nertag": "B-PER"}]}, {"base_span": [99, 104], "annotations": [{"nertag": "I-PER"}]}, {"base_span": [105, 108], "annotations": [{"nertag": "O"}]}, {"base_span": [110, 111], "annotations": [{"nertag": "O"}]}, {"base_span": [113, 114], "annotations": [{"nertag": "O"}]}, {"base_span": [116, 117], "annotations": [{"nertag": "O"}]}, {"base_span": [119, 123], "annotations": [{"nertag": "B-PER"}]}, {"base_span": [124, 129], "annotations": [{"nertag": "I-PER"}]}, {"base_span": [130, 133], "annotations": [{"nertag": "O"}]}, {"base_span": [135, 136], "annotations": [{"nertag": "O"}]}, {"base_span": [136, 137], "annotations": [{"nertag": "O"}]}, {"base_span": [138, 143], "annotations": [{"nertag": "O"}]}, {"base_span": [144, 149], "annotations": [{"nertag": "O"}]}, {"base_span": [150, 154], "annotations": [{"nertag": "B-PER"}]}, {"base_span": [155, 161], "annotations": [{"nertag": "I-PER"}]}, {"base_span": [162, 168], "annotations": [{"nertag": "O"}]}, {"base_span": [169, 175], "annotations": [{"nertag": "O"}]}, {"base_span": [176, 181], "annotations": [{"nertag": "O"}]}, {"base_span": [181, 182], "annotations": [{"nertag": "O"}]}, {"base_span": [183, 185], "annotations": [{"nertag": "O"}]}, {"base_span": [186, 190], "annotations": [{"nertag": "B-PER"}]}, {"base_span": [191, 195], "annotations": [{"nertag": "I-PER"}]}, {"base_span": [196, 202], "annotations": [{"nertag": "B-LOC_ORG"}]}, {"base_span": [203, 210], "annotations": [{"nertag": "I-LOC_ORG"}]}, {"base_span": [211, 219], "annotations": [{"nertag": "O"}]}, {"base_span": [220, 227], "annotations": [{"nertag": "O"}]}, {"base_span": [228, 232], "annotations": [{"nertag": "O"}]}, {"base_span": [233, 239], "annotations": [{"nertag": "O"}]}, {"base_span": [240, 245], "annotations": [{"nertag": "O"}]}, {"base_span": [246, 255], "annotations": [{"nertag": "O"}]}, {"base_span": [256, 260], "annotations": [{"nertag": "O"}]}, {"base_span": [261, 271], "annotations": [{"nertag": "O"}]}, {"base_span": [272, 278], "annotations": [{"nertag": "O"}]}, {"base_span": [278, 279], "annotations": [{"nertag": "O"}]}, {"base_span": [280, 284], "annotations": [{"nertag": "O"}]}, {"base_span": [285, 291], "annotations": [{"nertag": "O"}]}, {"base_span": [292, 297], "annotations": [{"nertag": "O"}]}, {"base_span": [298, 304], "annotations": [{"nertag": "O"}]}, {"base_span": [305, 309], "annotations": [{"nertag": "O"}]}, {"base_span": [310, 314], "annotations": [{"nertag": "O"}]}, {"base_span": [315, 321], "annotations": [{"nertag": "O"}]}, {"base_span": [321, 322], "annotations": [{"nertag": "O"}]}, {"base_span": [324, 328], "annotations": [{"nertag": "B-PER"}]}, {"base_span": [329, 333], "annotations": [{"nertag": "I-PER"}]}, {"base_span": [334, 339], "annotations": [{"nertag": "O"}]}, {"base_span": [340, 345], "annotations": [{"nertag": "O"}]}, {"base_span": [346, 350], "annotations": [{"nertag": "O"}]}, {"base_span": [350, 351], "annotations": [{"nertag": "O"}]}, {"base_span": [352, 357], "annotations": [{"nertag": "O"}]}, {"base_span": [357, 358], "annotations": [{"nertag": "O"}]}, {"base_span": [359, 361], "annotations": [{"nertag": "O"}]}, {"base_span": [362, 366], "annotations": [{"nertag": "O"}]}, {"base_span": [367, 371], "annotations": [{"nertag": "O"}]}, {"base_span": [372, 376], "annotations": [{"nertag": "O"}]}, {"base_span": [377, 382], "annotations": [{"nertag": "O"}]}, {"base_span": [383, 386], "annotations": [{"nertag": "O"}]}, {"base_span": [387, 392], "annotations": [{"nertag": "O"}]}, {"base_span": [393, 397], "annotations": [{"nertag": "O"}]}, {"base_span": [398, 404], "annotations": [{"nertag": "O"}]}, {"base_span": [404, 405], "annotations": [{"nertag": "O"}]}, {"base_span": [406, 409], "annotations": [{"nertag": "O"}]}, {"base_span": [410, 415], "annotations": [{"nertag": "O"}]}, {"base_span": [416, 422], "annotations": [{"nertag": "O"}]}, {"base_span": [423, 428], "annotations": [{"nertag": "O"}]}, {"base_span": [429, 432], "annotations": [{"nertag": "O"}]}, {"base_span": [433, 441], "annotations": [{"nertag": "O"}]}, {"base_span": [442, 446], "annotations": [{"nertag": "O"}]}, {"base_span": [446, 447], "annotations": [{"nertag": "O"}]}, {"base_span": [449, 458], "annotations": [{"nertag": "O"}]}, {"base_span": [459, 461], "annotations": [{"nertag": "O"}]}, {"base_span": [462, 471], "annotations": [{"nertag": "O"}]}, {"base_span": [472, 478], "annotations": [{"nertag": "O"}]}, {"base_span": [479, 483], "annotations": [{"nertag": "O"}]}, {"base_span": [484, 492], "annotations": [{"nertag": "O"}]}, {"base_span": [492, 493], "annotations": [{"nertag": "O"}]}, {"base_span": [495, 499], "annotations": [{"nertag": "B-PER"}]}, {"base_span": [500, 504], "annotations": [{"nertag": "I-PER"}]}, {"base_span": [505, 509], "annotations": [{"nertag": "O"}]}, {"base_span": [510, 513], "annotations": [{"nertag": "O"}]}, {"base_span": [514, 517], "annotations": [{"nertag": "O"}]}, {"base_span": [518, 522], "annotations": [{"nertag": "O"}]}, {"base_span": [522, 523], "annotations": [{"nertag": "O"}]}, {"base_span": [524, 526], "annotations": [{"nertag": "O"}]}, {"base_span": [527, 531], "annotations": [{"nertag": "O"}]}, {"base_span": [532, 536], "annotations": [{"nertag": "O"}]}, {"base_span": [537, 542], "annotations": [{"nertag": "O"}]}, {"base_span": [543, 548], "annotations": [{"nertag": "O"}]}, {"base_span": [549, 553], "annotations": [{"nertag": "O"}]}, {"base_span": [554, 561], "annotations": [{"nertag": "O"}]}, {"base_span": [562, 568], "annotations": [{"nertag": "O"}]}, {"base_span": [569, 573], "annotations": [{"nertag": "B-ORG"}]}, {"base_span": [574, 580], "annotations": [{"nertag": "I-ORG"}]}, {"base_span": [581, 586], "annotations": [{"nertag": "I-ORG"}]}, {"base_span": [587, 596], "annotations": [{"nertag": "I-ORG"}]}, {"base_span": [597, 602], "annotations": [{"nertag": "I-ORG"}]}, {"base_span": [603, 607], "annotations": [{"nertag": "O"}]}, {"base_span": [608, 613], "annotations": [{"nertag": "O"}]}, {"base_span": [614, 616], "annotations": [{"nertag": "O"}]}, {"base_span": [617, 622], "annotations": [{"nertag": "O"}]}, {"base_span": [623, 628], "annotations": [{"nertag": "O"}]}, {"base_span": [628, 629], "annotations": [{"nertag": "O"}]}, {"base_span": [630, 633], "annotations": [{"nertag": "O"}]}, {"base_span": [634, 640], "annotations": [{"nertag": "O"}]}, {"base_span": [641, 650], "annotations": [{"nertag": "O"}]}, {"base_span": [651, 657], "annotations": [{"nertag": "O"}]}, {"base_span": [658, 663], "annotations": [{"nertag": "O"}]}, {"base_span": [664, 669], "annotations": [{"nertag": "O"}]}, {"base_span": [670, 676], "annotations": [{"nertag": "O"}]}, {"base_span": [676, 677], "annotations": [{"nertag": "O"}]}, {"base_span": [678, 680], "annotations": [{"nertag": "O"}]}, {"base_span": [681, 686], "annotations": [{"nertag": "O"}]}, {"base_span": [687, 690], "annotations": [{"nertag": "O"}]}, {"base_span": [691, 694], "annotations": [{"nertag": "O"}]}, {"base_span": [695, 702], "annotations": [{"nertag": "O"}]}, {"base_span": [702, 703], "annotations": [{"nertag": "O"}]}]}]}