{"text": "\nProtokoll № 3\n\nSel 7. Märtsil 1888.\n\nKoos ollid Peawannem: Peeter Somberg\n\nKõrwamees: Mart Limberg\n\nja Jakup Weber.\n\nIIII.\n\nAnn Riiner kaebas kohtusse, et temmal Jakup Einmanni käest 7 rubla raha ja 30 leisikat heinu saada on, heina hind 3 rubla. Nüüd tahan ma seda raha tema käest kätte saada. Jakub Einmann tunnistas, et se õige on, mis Ann Riiner kaebas; aga tema on maksuwõimetu.\n\nKohus mõistis: Jakob Einmann peab Annu Riinerile 8 pääwa aea sees se 10 rubla ärra maksma, kui mitte siis saab riisutud.\n\nKuulutud. Täiditud.\n\nKohtu peawannem: Peeter Somberg XXX\n\nKõrwamees: Mart Limberg XXX\n\nja Jakup Weber XXX\n\nKirjutaja: T. Necks /allkiri/\n\n\n", "meta": {"origin_directory": "vallakohus_neljas/"}, "layers": [{"name": "gold_ner", "attributes": ["nertag"], "parent": null, "enveloping": null, "ambiguous": false, "serialisation_module": null, "meta": {}, "spans": [{"base_span": [60, 74], "annotations": [{"nertag": "PER"}]}, {"base_span": [87, 99], "annotations": [{"nertag": "PER"}]}, {"base_span": [104, 115], "annotations": [{"nertag": "PER"}]}, {"base_span": [125, 135], "annotations": [{"nertag": "PER"}]}, {"base_span": [163, 177], "annotations": [{"nertag": "PER"}]}, {"base_span": [296, 309], "annotations": [{"nertag": "PER"}]}, {"base_span": [340, 350], "annotations": [{"nertag": "PER"}]}, {"base_span": [401, 414], "annotations": [{"nertag": "PER"}]}, {"base_span": [420, 434], "annotations": [{"nertag": "PER"}]}, {"base_span": [546, 560], "annotations": [{"nertag": "PER"}]}, {"base_span": [577, 589], "annotations": [{"nertag": "PER"}]}, {"base_span": [598, 609], "annotations": [{"nertag": "PER"}]}, {"base_span": [626, 634], "annotations": [{"nertag": "PER"}]}]}, {"name": "gold_wordner", "attributes": ["nertag"], "parent": null, "enveloping": null, "ambiguous": false, "serialisation_module": null, "meta": {}, "spans": [{"base_span": [1, 10], "annotations": [{"nertag": "O"}]}, {"base_span": [11, 12], "annotations": [{"nertag": "O"}]}, {"base_span": [13, 14], "annotations": [{"nertag": "O"}]}, {"base_span": [16, 19], "annotations": [{"nertag": "O"}]}, {"base_span": [20, 22], "annotations": [{"nertag": "O"}]}, {"base_span": [23, 30], "annotations": [{"nertag": "O"}]}, {"base_span": [31, 36], "annotations": [{"nertag": "O"}]}, {"base_span": [38, 42], "annotations": [{"nertag": "O"}]}, {"base_span": [43, 48], "annotations": [{"nertag": "O"}]}, {"base_span": [49, 58], "annotations": [{"nertag": "O"}]}, {"base_span": [58, 59], "annotations": [{"nertag": "O"}]}, {"base_span": [60, 66], "annotations": [{"nertag": "B-PER"}]}, {"base_span": [67, 74], "annotations": [{"nertag": "I-PER"}]}, {"base_span": [76, 85], "annotations": [{"nertag": "O"}]}, {"base_span": [85, 86], "annotations": [{"nertag": "O"}]}, {"base_span": [87, 91], "annotations": [{"nertag": "B-PER"}]}, {"base_span": [92, 99], "annotations": [{"nertag": "I-PER"}]}, {"base_span": [101, 103], "annotations": [{"nertag": "O"}]}, {"base_span": [104, 109], "annotations": [{"nertag": "B-PER"}]}, {"base_span": [110, 115], "annotations": [{"nertag": "I-PER"}]}, {"base_span": [115, 116], "annotations": [{"nertag": "O"}]}, {"base_span": [118, 120], "annotations": [{"nertag": "O"}]}, {"base_span": [120, 122], "annotations": [{"nertag": "O"}]}, {"base_span": [122, 123], "annotations": [{"nertag": "O"}]}, {"base_span": [125, 128], "annotations": [{"nertag": "B-PER"}]}, {"base_span": [129, 135], "annotations": [{"nertag": "I-PER"}]}, {"base_span": [136, 142], "annotations": [{"nertag": "O"}]}, {"base_span": [143, 151], "annotations": [{"nertag": "O"}]}, {"base_span": [151, 152], "annotations": [{"nertag": "O"}]}, {"base_span": [153, 155], "annotations": [{"nertag": "O"}]}, {"base_span": [156, 162], "annotations": [{"nertag": "O"}]}, {"base_span": [163, 168], "annotations": [{"nertag": "B-PER"}]}, {"base_span": [169, 177], "annotations": [{"nertag": "I-PER"}]}, {"base_span": [178, 183], "annotations": [{"nertag": "O"}]}, {"base_span": [184, 185], "annotations": [{"nertag": "O"}]}, {"base_span": [186, 191], "annotations": [{"nertag": "O"}]}, {"base_span": [192, 196], "annotations": [{"nertag": "O"}]}, {"base_span": [197, 199], "annotations": [{"nertag": "O"}]}, {"base_span": [200, 202], "annotations": [{"nertag": "O"}]}, {"base_span": [203, 211], "annotations": [{"nertag": "O"}]}, {"base_span": [212, 217], "annotations": [{"nertag": "O"}]}, {"base_span": [218, 223], "annotations": [{"nertag": "O"}]}, {"base_span": [224, 226], "annotations": [{"nertag": "O"}]}, {"base_span": [226, 227], "annotations": [{"nertag": "O"}]}, {"base_span": [228, 233], "annotations": [{"nertag": "O"}]}, {"base_span": [234, 238], "annotations": [{"nertag": "O"}]}, {"base_span": [239, 240], "annotations": [{"nertag": "O"}]}, {"base_span": [241, 246], "annotations": [{"nertag": "O"}]}, {"base_span": [246, 247], "annotations": [{"nertag": "O"}]}, {"base_span": [248, 252], "annotations": [{"nertag": "O"}]}, {"base_span": [253, 258], "annotations": [{"nertag": "O"}]}, {"base_span": [259, 261], "annotations": [{"nertag": "O"}]}, {"base_span": [262, 266], "annotations": [{"nertag": "O"}]}, {"base_span": [267, 271], "annotations": [{"nertag": "O"}]}, {"base_span": [272, 276], "annotations": [{"nertag": "O"}]}, {"base_span": [277, 282], "annotations": [{"nertag": "O"}]}, {"base_span": [283, 288], "annotations": [{"nertag": "O"}]}, {"base_span": [289, 294], "annotations": [{"nertag": "O"}]}, {"base_span": [294, 295], "annotations": [{"nertag": "O"}]}, {"base_span": [296, 301], "annotations": [{"nertag": "B-PER"}]}, {"base_span": [302, 309], "annotations": [{"nertag": "I-PER"}]}, {"base_span": [310, 319], "annotations": [{"nertag": "O"}]}, {"base_span": [319, 320], "annotations": [{"nertag": "O"}]}, {"base_span": [321, 323], "annotations": [{"nertag": "O"}]}, {"base_span": [324, 326], "annotations": [{"nertag": "O"}]}, {"base_span": [327, 331], "annotations": [{"nertag": "O"}]}, {"base_span": [332, 334], "annotations": [{"nertag": "O"}]}, {"base_span": [334, 335], "annotations": [{"nertag": "O"}]}, {"base_span": [336, 339], "annotations": [{"nertag": "O"}]}, {"base_span": [340, 343], "annotations": [{"nertag": "B-PER"}]}, {"base_span": [344, 350], "annotations": [{"nertag": "I-PER"}]}, {"base_span": [351, 357], "annotations": [{"nertag": "O"}]}, {"base_span": [357, 358], "annotations": [{"nertag": "O"}]}, {"base_span": [359, 362], "annotations": [{"nertag": "O"}]}, {"base_span": [363, 367], "annotations": [{"nertag": "O"}]}, {"base_span": [368, 370], "annotations": [{"nertag": "O"}]}, {"base_span": [371, 383], "annotations": [{"nertag": "O"}]}, {"base_span": [383, 384], "annotations": [{"nertag": "O"}]}, {"base_span": [386, 391], "annotations": [{"nertag": "O"}]}, {"base_span": [392, 399], "annotations": [{"nertag": "O"}]}, {"base_span": [399, 400], "annotations": [{"nertag": "O"}]}, {"base_span": [401, 406], "annotations": [{"nertag": "B-PER"}]}, {"base_span": [407, 414], "annotations": [{"nertag": "I-PER"}]}, {"base_span": [415, 419], "annotations": [{"nertag": "O"}]}, {"base_span": [420, 424], "annotations": [{"nertag": "B-PER"}]}, {"base_span": [425, 434], "annotations": [{"nertag": "I-PER"}]}, {"base_span": [435, 436], "annotations": [{"nertag": "O"}]}, {"base_span": [437, 442], "annotations": [{"nertag": "O"}]}, {"base_span": [443, 446], "annotations": [{"nertag": "O"}]}, {"base_span": [447, 451], "annotations": [{"nertag": "O"}]}, {"base_span": [452, 454], "annotations": [{"nertag": "O"}]}, {"base_span": [455, 457], "annotations": [{"nertag": "O"}]}, {"base_span": [458, 463], "annotations": [{"nertag": "O"}]}, {"base_span": [464, 468], "annotations": [{"nertag": "O"}]}, {"base_span": [469, 475], "annotations": [{"nertag": "O"}]}, {"base_span": [475, 476], "annotations": [{"nertag": "O"}]}, {"base_span": [477, 480], "annotations": [{"nertag": "O"}]}, {"base_span": [481, 486], "annotations": [{"nertag": "O"}]}, {"base_span": [487, 491], "annotations": [{"nertag": "O"}]}, {"base_span": [492, 496], "annotations": [{"nertag": "O"}]}, {"base_span": [497, 505], "annotations": [{"nertag": "O"}]}, {"base_span": [505, 506], "annotations": [{"nertag": "O"}]}, {"base_span": [508, 516], "annotations": [{"nertag": "O"}]}, {"base_span": [516, 517], "annotations": [{"nertag": "O"}]}, {"base_span": [518, 526], "annotations": [{"nertag": "O"}]}, {"base_span": [526, 527], "annotations": [{"nertag": "O"}]}, {"base_span": [529, 534], "annotations": [{"nertag": "O"}]}, {"base_span": [535, 544], "annotations": [{"nertag": "O"}]}, {"base_span": [544, 545], "annotations": [{"nertag": "O"}]}, {"base_span": [546, 552], "annotations": [{"nertag": "B-PER"}]}, {"base_span": [553, 560], "annotations": [{"nertag": "I-PER"}]}, {"base_span": [561, 564], "annotations": [{"nertag": "O"}]}, {"base_span": [566, 575], "annotations": [{"nertag": "O"}]}, {"base_span": [575, 576], "annotations": [{"nertag": "O"}]}, {"base_span": [577, 581], "annotations": [{"nertag": "B-PER"}]}, {"base_span": [582, 589], "annotations": [{"nertag": "I-PER"}]}, {"base_span": [590, 593], "annotations": [{"nertag": "O"}]}, {"base_span": [595, 597], "annotations": [{"nertag": "O"}]}, {"base_span": [598, 603], "annotations": [{"nertag": "B-PER"}]}, {"base_span": [604, 609], "annotations": [{"nertag": "I-PER"}]}, {"base_span": [610, 613], "annotations": [{"nertag": "O"}]}, {"base_span": [615, 624], "annotations": [{"nertag": "O"}]}, {"base_span": [624, 625], "annotations": [{"nertag": "O"}]}, {"base_span": [626, 627], "annotations": [{"nertag": "B-PER"}]}, {"base_span": [627, 628], "annotations": [{"nertag": "I-PER"}]}, {"base_span": [629, 634], "annotations": [{"nertag": "I-PER"}]}, {"base_span": [635, 636], "annotations": [{"nertag": "O"}]}, {"base_span": [636, 643], "annotations": [{"nertag": "O"}]}, {"base_span": [643, 644], "annotations": [{"nertag": "O"}]}]}]}