{"text": "\nProttokoll sel 1misel Aprilis 1880\n\nKoos olid kohtu Peawanem Jaan Saarmann\n\nJaan Saarmu\n\nJaan Kreep\n\nKirjutaja H. Saarmu\n\n№ 14.\n\nKohtu ette astus Kolu walla mees, ja kaebas, et Joosep Millermann on tema käest kahe aasta eest 100 Rubla raha laenuks wõtnud ja ei taha seda nüüd mitte ära maksta, ega põle temale ka mitte indressid ära maksnud.\n\nJoosep Millermann astus ette ja ei salganud seda mitte ära ja ütles, et tema on Kolu mehe Hans Lasseli käest 100 rubla 1878 laenanud.\n\nNemad lepisid selle modiga ära, et  Joosep Millermann maksis kohe kohtu ees  Hans Lasselile tema kahe aasta indressid wälja, se on: 10 Rubla; (5 rubla saia pealt ). Aga sada rubla maksab Joosep Millermann  Hans Lasselile 15mal Septembris 1880 wälja. Täidetud.\n\nKirna walla kohtu nimel:\n\nPeawanem Jaan Saarmann XXX\n\nJaan Saarmo XXX\n\nJaan Kreep XXX\n\nTunnistuseks kirjutaja H. Saarmo /allkiri/\n\n\n", "meta": {"origin_directory": "vallakohus_kolmas/"}, "layers": [{"name": "gold_ner", "attributes": ["nertag"], "parent": null, "enveloping": null, "ambiguous": false, "serialisation_module": null, "meta": {}, "spans": [{"base_span": [62, 75], "annotations": [{"nertag": "PER"}]}, {"base_span": [77, 88], "annotations": [{"nertag": "PER"}]}, {"base_span": [90, 100], "annotations": [{"nertag": "PER"}]}, {"base_span": [112, 121], "annotations": [{"nertag": "PER"}]}, {"base_span": [147, 157], "annotations": [{"nertag": "LOC_ORG"}]}, {"base_span": [178, 195], "annotations": [{"nertag": "PER"}]}, {"base_span": [344, 361], "annotations": [{"nertag": "PER"}]}, {"base_span": [424, 428], "annotations": [{"nertag": "LOC_ORG"}]}, {"base_span": [434, 446], "annotations": [{"nertag": "PER"}]}, {"base_span": [515, 532], "annotations": [{"nertag": "PER"}]}, {"base_span": [556, 570], "annotations": [{"nertag": "PER"}]}, {"base_span": [666, 683], "annotations": [{"nertag": "PER"}]}, {"base_span": [685, 699], "annotations": [{"nertag": "PER"}]}, {"base_span": [740, 757], "annotations": [{"nertag": "ORG"}]}, {"base_span": [775, 788], "annotations": [{"nertag": "PER"}]}, {"base_span": [794, 805], "annotations": [{"nertag": "PER"}]}, {"base_span": [811, 821], "annotations": [{"nertag": "PER"}]}, {"base_span": [850, 859], "annotations": [{"nertag": "PER"}]}]}, {"name": "gold_wordner", "attributes": ["nertag"], "parent": null, "enveloping": null, "ambiguous": false, "serialisation_module": null, "meta": {}, "spans": [{"base_span": [1, 11], "annotations": [{"nertag": "O"}]}, {"base_span": [12, 15], "annotations": [{"nertag": "O"}]}, {"base_span": [16, 22], "annotations": [{"nertag": "O"}]}, {"base_span": [23, 30], "annotations": [{"nertag": "O"}]}, {"base_span": [31, 35], "annotations": [{"nertag": "O"}]}, {"base_span": [37, 41], "annotations": [{"nertag": "O"}]}, {"base_span": [42, 46], "annotations": [{"nertag": "O"}]}, {"base_span": [47, 52], "annotations": [{"nertag": "O"}]}, {"base_span": [53, 61], "annotations": [{"nertag": "O"}]}, {"base_span": [62, 66], "annotations": [{"nertag": "B-PER"}]}, {"base_span": [67, 75], "annotations": [{"nertag": "I-PER"}]}, {"base_span": [77, 81], "annotations": [{"nertag": "B-PER"}]}, {"base_span": [82, 88], "annotations": [{"nertag": "I-PER"}]}, {"base_span": [90, 94], "annotations": [{"nertag": "B-PER"}]}, {"base_span": [95, 100], "annotations": [{"nertag": "I-PER"}]}, {"base_span": [102, 111], "annotations": [{"nertag": "O"}]}, {"base_span": [112, 113], "annotations": [{"nertag": "B-PER"}]}, {"base_span": [113, 114], "annotations": [{"nertag": "I-PER"}]}, {"base_span": [115, 121], "annotations": [{"nertag": "I-PER"}]}, {"base_span": [123, 124], "annotations": [{"nertag": "O"}]}, {"base_span": [125, 128], "annotations": [{"nertag": "O"}]}, {"base_span": [130, 135], "annotations": [{"nertag": "O"}]}, {"base_span": [136, 140], "annotations": [{"nertag": "O"}]}, {"base_span": [141, 146], "annotations": [{"nertag": "O"}]}, {"base_span": [147, 151], "annotations": [{"nertag": "B-LOC_ORG"}]}, {"base_span": [152, 157], "annotations": [{"nertag": "I-LOC_ORG"}]}, {"base_span": [158, 162], "annotations": [{"nertag": "O"}]}, {"base_span": [162, 163], "annotations": [{"nertag": "O"}]}, {"base_span": [164, 166], "annotations": [{"nertag": "O"}]}, {"base_span": [167, 173], "annotations": [{"nertag": "O"}]}, {"base_span": [173, 174], "annotations": [{"nertag": "O"}]}, {"base_span": [175, 177], "annotations": [{"nertag": "O"}]}, {"base_span": [178, 184], "annotations": [{"nertag": "B-PER"}]}, {"base_span": [185, 195], "annotations": [{"nertag": "I-PER"}]}, {"base_span": [196, 198], "annotations": [{"nertag": "O"}]}, {"base_span": [199, 203], "annotations": [{"nertag": "O"}]}, {"base_span": [204, 209], "annotations": [{"nertag": "O"}]}, {"base_span": [210, 214], "annotations": [{"nertag": "O"}]}, {"base_span": [215, 220], "annotations": [{"nertag": "O"}]}, {"base_span": [221, 225], "annotations": [{"nertag": "O"}]}, {"base_span": [226, 229], "annotations": [{"nertag": "O"}]}, {"base_span": [230, 235], "annotations": [{"nertag": "O"}]}, {"base_span": [236, 240], "annotations": [{"nertag": "O"}]}, {"base_span": [241, 248], "annotations": [{"nertag": "O"}]}, {"base_span": [249, 255], "annotations": [{"nertag": "O"}]}, {"base_span": [256, 258], "annotations": [{"nertag": "O"}]}, {"base_span": [259, 261], "annotations": [{"nertag": "O"}]}, {"base_span": [262, 266], "annotations": [{"nertag": "O"}]}, {"base_span": [267, 271], "annotations": [{"nertag": "O"}]}, {"base_span": [272, 276], "annotations": [{"nertag": "O"}]}, {"base_span": [277, 282], "annotations": [{"nertag": "O"}]}, {"base_span": [283, 286], "annotations": [{"nertag": "O"}]}, {"base_span": [287, 293], "annotations": [{"nertag": "O"}]}, {"base_span": [293, 294], "annotations": [{"nertag": "O"}]}, {"base_span": [295, 298], "annotations": [{"nertag": "O"}]}, {"base_span": [299, 303], "annotations": [{"nertag": "O"}]}, {"base_span": [304, 310], "annotations": [{"nertag": "O"}]}, {"base_span": [311, 313], "annotations": [{"nertag": "O"}]}, {"base_span": [314, 319], "annotations": [{"nertag": "O"}]}, {"base_span": [320, 329], "annotations": [{"nertag": "O"}]}, {"base_span": [330, 333], "annotations": [{"nertag": "O"}]}, {"base_span": [334, 341], "annotations": [{"nertag": "O"}]}, {"base_span": [341, 342], "annotations": [{"nertag": "O"}]}, {"base_span": [344, 350], "annotations": [{"nertag": "B-PER"}]}, {"base_span": [351, 361], "annotations": [{"nertag": "I-PER"}]}, {"base_span": [362, 367], "annotations": [{"nertag": "O"}]}, {"base_span": [368, 372], "annotations": [{"nertag": "O"}]}, {"base_span": [373, 375], "annotations": [{"nertag": "O"}]}, {"base_span": [376, 378], "annotations": [{"nertag": "O"}]}, {"base_span": [379, 387], "annotations": [{"nertag": "O"}]}, {"base_span": [388, 392], "annotations": [{"nertag": "O"}]}, {"base_span": [393, 398], "annotations": [{"nertag": "O"}]}, {"base_span": [399, 402], "annotations": [{"nertag": "O"}]}, {"base_span": [403, 405], "annotations": [{"nertag": "O"}]}, {"base_span": [406, 411], "annotations": [{"nertag": "O"}]}, {"base_span": [411, 412], "annotations": [{"nertag": "O"}]}, {"base_span": [413, 415], "annotations": [{"nertag": "O"}]}, {"base_span": [416, 420], "annotations": [{"nertag": "O"}]}, {"base_span": [421, 423], "annotations": [{"nertag": "O"}]}, {"base_span": [424, 428], "annotations": [{"nertag": "B-LOC_ORG"}]}, {"base_span": [429, 433], "annotations": [{"nertag": "O"}]}, {"base_span": [434, 438], "annotations": [{"nertag": "B-PER"}]}, {"base_span": [439, 446], "annotations": [{"nertag": "I-PER"}]}, {"base_span": [447, 452], "annotations": [{"nertag": "O"}]}, {"base_span": [453, 456], "annotations": [{"nertag": "O"}]}, {"base_span": [457, 462], "annotations": [{"nertag": "O"}]}, {"base_span": [463, 467], "annotations": [{"nertag": "O"}]}, {"base_span": [468, 476], "annotations": [{"nertag": "O"}]}, {"base_span": [476, 477], "annotations": [{"nertag": "O"}]}, {"base_span": [479, 484], "annotations": [{"nertag": "O"}]}, {"base_span": [485, 492], "annotations": [{"nertag": "O"}]}, {"base_span": [493, 498], "annotations": [{"nertag": "O"}]}, {"base_span": [499, 505], "annotations": [{"nertag": "O"}]}, {"base_span": [506, 509], "annotations": [{"nertag": "O"}]}, {"base_span": [509, 510], "annotations": [{"nertag": "O"}]}, {"base_span": [511, 513], "annotations": [{"nertag": "O"}]}, {"base_span": [515, 521], "annotations": [{"nertag": "B-PER"}]}, {"base_span": [522, 532], "annotations": [{"nertag": "I-PER"}]}, {"base_span": [533, 539], "annotations": [{"nertag": "O"}]}, {"base_span": [540, 544], "annotations": [{"nertag": "O"}]}, {"base_span": [545, 550], "annotations": [{"nertag": "O"}]}, {"base_span": [551, 554], "annotations": [{"nertag": "O"}]}, {"base_span": [556, 560], "annotations": [{"nertag": "B-PER"}]}, {"base_span": [561, 570], "annotations": [{"nertag": "I-PER"}]}, {"base_span": [571, 575], "annotations": [{"nertag": "O"}]}, {"base_span": [576, 580], "annotations": [{"nertag": "O"}]}, {"base_span": [581, 586], "annotations": [{"nertag": "O"}]}, {"base_span": [587, 596], "annotations": [{"nertag": "O"}]}, {"base_span": [597, 602], "annotations": [{"nertag": "O"}]}, {"base_span": [602, 603], "annotations": [{"nertag": "O"}]}, {"base_span": [604, 606], "annotations": [{"nertag": "O"}]}, {"base_span": [607, 609], "annotations": [{"nertag": "O"}]}, {"base_span": [609, 610], "annotations": [{"nertag": "O"}]}, {"base_span": [611, 613], "annotations": [{"nertag": "O"}]}, {"base_span": [614, 619], "annotations": [{"nertag": "O"}]}, {"base_span": [619, 620], "annotations": [{"nertag": "O"}]}, {"base_span": [621, 622], "annotations": [{"nertag": "O"}]}, {"base_span": [622, 623], "annotations": [{"nertag": "O"}]}, {"base_span": [624, 629], "annotations": [{"nertag": "O"}]}, {"base_span": [630, 634], "annotations": [{"nertag": "O"}]}, {"base_span": [635, 640], "annotations": [{"nertag": "O"}]}, {"base_span": [641, 642], "annotations": [{"nertag": "O"}]}, {"base_span": [642, 643], "annotations": [{"nertag": "O"}]}, {"base_span": [644, 647], "annotations": [{"nertag": "O"}]}, {"base_span": [648, 652], "annotations": [{"nertag": "O"}]}, {"base_span": [653, 658], "annotations": [{"nertag": "O"}]}, {"base_span": [659, 665], "annotations": [{"nertag": "O"}]}, {"base_span": [666, 672], "annotations": [{"nertag": "B-PER"}]}, {"base_span": [673, 683], "annotations": [{"nertag": "I-PER"}]}, {"base_span": [685, 689], "annotations": [{"nertag": "B-PER"}]}, {"base_span": [690, 699], "annotations": [{"nertag": "I-PER"}]}, {"base_span": [700, 705], "annotations": [{"nertag": "O"}]}, {"base_span": [706, 716], "annotations": [{"nertag": "O"}]}, {"base_span": [717, 721], "annotations": [{"nertag": "O"}]}, {"base_span": [722, 727], "annotations": [{"nertag": "O"}]}, {"base_span": [727, 728], "annotations": [{"nertag": "O"}]}, {"base_span": [729, 737], "annotations": [{"nertag": "O"}]}, {"base_span": [737, 738], "annotations": [{"nertag": "O"}]}, {"base_span": [740, 745], "annotations": [{"nertag": "B-ORG"}]}, {"base_span": [746, 751], "annotations": [{"nertag": "I-ORG"}]}, {"base_span": [752, 757], "annotations": [{"nertag": "I-ORG"}]}, {"base_span": [758, 763], "annotations": [{"nertag": "O"}]}, {"base_span": [763, 764], "annotations": [{"nertag": "O"}]}, {"base_span": [766, 774], "annotations": [{"nertag": "O"}]}, {"base_span": [775, 779], "annotations": [{"nertag": "B-PER"}]}, {"base_span": [780, 788], "annotations": [{"nertag": "I-PER"}]}, {"base_span": [789, 792], "annotations": [{"nertag": "O"}]}, {"base_span": [794, 798], "annotations": [{"nertag": "B-PER"}]}, {"base_span": [799, 805], "annotations": [{"nertag": "I-PER"}]}, {"base_span": [806, 809], "annotations": [{"nertag": "O"}]}, {"base_span": [811, 815], "annotations": [{"nertag": "B-PER"}]}, {"base_span": [816, 821], "annotations": [{"nertag": "I-PER"}]}, {"base_span": [822, 825], "annotations": [{"nertag": "O"}]}, {"base_span": [827, 839], "annotations": [{"nertag": "O"}]}, {"base_span": [840, 849], "annotations": [{"nertag": "O"}]}, {"base_span": [850, 851], "annotations": [{"nertag": "B-PER"}]}, {"base_span": [851, 852], "annotations": [{"nertag": "I-PER"}]}, {"base_span": [853, 859], "annotations": [{"nertag": "I-PER"}]}, {"base_span": [860, 861], "annotations": [{"nertag": "O"}]}, {"base_span": [861, 868], "annotations": [{"nertag": "O"}]}, {"base_span": [868, 869], "annotations": [{"nertag": "O"}]}]}]}