{"text": "34.) Jaan Amandus astus kohto ette ja andis omma kwitungi maggaski ramat kohtusse, kust leida olli, et tema kwitungi ramatusse ½ Tschetwerti rukkid ja ½ Tschetwerti odre wõllaks kirjutud olli. Suure ramato järrele olli aga temmal 1½ Tschetwerti rukkid maksa.\nEndine kirjutaja J. Pulberg ette kutsutud andis küssimisse peale üllesse, et se eksitusse läbbi on juhtunud.\nMõistetud: J. Pulberg maksab need puduw ½ Tchetwerti rukkid maggaski ärra, sellepärast et ta sedda omma eksituse ütles olema. \n\nPeawannem: Karel Traugott XXX\nKõrwamees: Jaan Pernstein XXX\nKõrwamees: Hans Pent XXX\n\n", "meta": {"origin_directory": "vallakohus_esimene/"}, "layers": [{"name": "gold_ner", "attributes": ["nertag"], "parent": null, "enveloping": null, "ambiguous": false, "serialisation_module": null, "meta": {}, "spans": [{"base_span": [5, 17], "annotations": [{"nertag": "PER"}]}, {"base_span": [276, 286], "annotations": [{"nertag": "PER"}]}, {"base_span": [379, 389], "annotations": [{"nertag": "PER"}]}, {"base_span": [507, 521], "annotations": [{"nertag": "PER"}]}, {"base_span": [537, 551], "annotations": [{"nertag": "PER"}]}, {"base_span": [567, 576], "annotations": [{"nertag": "PER"}]}]}, {"name": "gold_wordner", "attributes": ["nertag"], "parent": null, "enveloping": null, "ambiguous": false, "serialisation_module": null, "meta": {}, "spans": [{"base_span": [0, 3], "annotations": [{"nertag": "O"}]}, {"base_span": [3, 4], "annotations": [{"nertag": "O"}]}, {"base_span": [5, 9], "annotations": [{"nertag": "B-PER"}]}, {"base_span": [10, 17], "annotations": [{"nertag": "I-PER"}]}, {"base_span": [18, 23], "annotations": [{"nertag": "O"}]}, {"base_span": [24, 29], "annotations": [{"nertag": "O"}]}, {"base_span": [30, 34], "annotations": [{"nertag": "O"}]}, {"base_span": [35, 37], "annotations": [{"nertag": "O"}]}, {"base_span": [38, 43], "annotations": [{"nertag": "O"}]}, {"base_span": [44, 48], "annotations": [{"nertag": "O"}]}, {"base_span": [49, 57], "annotations": [{"nertag": "O"}]}, {"base_span": [58, 66], "annotations": [{"nertag": "O"}]}, {"base_span": [67, 72], "annotations": [{"nertag": "O"}]}, {"base_span": [73, 81], "annotations": [{"nertag": "O"}]}, {"base_span": [81, 82], "annotations": [{"nertag": "O"}]}, {"base_span": [83, 87], "annotations": [{"nertag": "O"}]}, {"base_span": [88, 93], "annotations": [{"nertag": "O"}]}, {"base_span": [94, 98], "annotations": [{"nertag": "O"}]}, {"base_span": [98, 99], "annotations": [{"nertag": "O"}]}, {"base_span": [100, 102], "annotations": [{"nertag": "O"}]}, {"base_span": [103, 107], "annotations": [{"nertag": "O"}]}, {"base_span": [108, 116], "annotations": [{"nertag": "O"}]}, {"base_span": [117, 126], "annotations": [{"nertag": "O"}]}, {"base_span": [127, 128], "annotations": [{"nertag": "O"}]}, {"base_span": [129, 140], "annotations": [{"nertag": "O"}]}, {"base_span": [141, 147], "annotations": [{"nertag": "O"}]}, {"base_span": [148, 150], "annotations": [{"nertag": "O"}]}, {"base_span": [151, 152], "annotations": [{"nertag": "O"}]}, {"base_span": [153, 164], "annotations": [{"nertag": "O"}]}, {"base_span": [165, 169], "annotations": [{"nertag": "O"}]}, {"base_span": [170, 177], "annotations": [{"nertag": "O"}]}, {"base_span": [178, 186], "annotations": [{"nertag": "O"}]}, {"base_span": [187, 191], "annotations": [{"nertag": "O"}]}, {"base_span": [191, 192], "annotations": [{"nertag": "O"}]}, {"base_span": [193, 198], "annotations": [{"nertag": "O"}]}, {"base_span": [199, 205], "annotations": [{"nertag": "O"}]}, {"base_span": [206, 213], "annotations": [{"nertag": "O"}]}, {"base_span": [214, 218], "annotations": [{"nertag": "O"}]}, {"base_span": [219, 222], "annotations": [{"nertag": "O"}]}, {"base_span": [223, 229], "annotations": [{"nertag": "O"}]}, {"base_span": [230, 232], "annotations": [{"nertag": "O"}]}, {"base_span": [233, 244], "annotations": [{"nertag": "O"}]}, {"base_span": [245, 251], "annotations": [{"nertag": "O"}]}, {"base_span": [252, 257], "annotations": [{"nertag": "O"}]}, {"base_span": [257, 258], "annotations": [{"nertag": "O"}]}, {"base_span": [259, 265], "annotations": [{"nertag": "O"}]}, {"base_span": [266, 275], "annotations": [{"nertag": "O"}]}, {"base_span": [276, 277], "annotations": [{"nertag": "B-PER"}]}, {"base_span": [277, 278], "annotations": [{"nertag": "I-PER"}]}, {"base_span": [279, 286], "annotations": [{"nertag": "I-PER"}]}, {"base_span": [287, 291], "annotations": [{"nertag": "O"}]}, {"base_span": [292, 300], "annotations": [{"nertag": "O"}]}, {"base_span": [301, 306], "annotations": [{"nertag": "O"}]}, {"base_span": [307, 317], "annotations": [{"nertag": "O"}]}, {"base_span": [318, 323], "annotations": [{"nertag": "O"}]}, {"base_span": [324, 331], "annotations": [{"nertag": "O"}]}, {"base_span": [331, 332], "annotations": [{"nertag": "O"}]}, {"base_span": [333, 335], "annotations": [{"nertag": "O"}]}, {"base_span": [336, 338], "annotations": [{"nertag": "O"}]}, {"base_span": [339, 348], "annotations": [{"nertag": "O"}]}, {"base_span": [349, 354], "annotations": [{"nertag": "O"}]}, {"base_span": [355, 357], "annotations": [{"nertag": "O"}]}, {"base_span": [358, 366], "annotations": [{"nertag": "O"}]}, {"base_span": [366, 367], "annotations": [{"nertag": "O"}]}, {"base_span": [368, 377], "annotations": [{"nertag": "O"}]}, {"base_span": [377, 378], "annotations": [{"nertag": "O"}]}, {"base_span": [379, 380], "annotations": [{"nertag": "B-PER"}]}, {"base_span": [380, 381], "annotations": [{"nertag": "I-PER"}]}, {"base_span": [382, 389], "annotations": [{"nertag": "I-PER"}]}, {"base_span": [390, 396], "annotations": [{"nertag": "O"}]}, {"base_span": [397, 401], "annotations": [{"nertag": "O"}]}, {"base_span": [402, 407], "annotations": [{"nertag": "O"}]}, {"base_span": [408, 409], "annotations": [{"nertag": "O"}]}, {"base_span": [410, 420], "annotations": [{"nertag": "O"}]}, {"base_span": [421, 427], "annotations": [{"nertag": "O"}]}, {"base_span": [428, 436], "annotations": [{"nertag": "O"}]}, {"base_span": [437, 441], "annotations": [{"nertag": "O"}]}, {"base_span": [441, 442], "annotations": [{"nertag": "O"}]}, {"base_span": [443, 454], "annotations": [{"nertag": "O"}]}, {"base_span": [455, 457], "annotations": [{"nertag": "O"}]}, {"base_span": [458, 460], "annotations": [{"nertag": "O"}]}, {"base_span": [461, 466], "annotations": [{"nertag": "O"}]}, {"base_span": [467, 471], "annotations": [{"nertag": "O"}]}, {"base_span": [472, 480], "annotations": [{"nertag": "O"}]}, {"base_span": [481, 486], "annotations": [{"nertag": "O"}]}, {"base_span": [487, 492], "annotations": [{"nertag": "O"}]}, {"base_span": [492, 493], "annotations": [{"nertag": "O"}]}, {"base_span": [496, 505], "annotations": [{"nertag": "O"}]}, {"base_span": [505, 506], "annotations": [{"nertag": "O"}]}, {"base_span": [507, 512], "annotations": [{"nertag": "B-PER"}]}, {"base_span": [513, 521], "annotations": [{"nertag": "I-PER"}]}, {"base_span": [522, 525], "annotations": [{"nertag": "O"}]}, {"base_span": [526, 535], "annotations": [{"nertag": "O"}]}, {"base_span": [535, 536], "annotations": [{"nertag": "O"}]}, {"base_span": [537, 541], "annotations": [{"nertag": "B-PER"}]}, {"base_span": [542, 551], "annotations": [{"nertag": "I-PER"}]}, {"base_span": [552, 555], "annotations": [{"nertag": "O"}]}, {"base_span": [556, 565], "annotations": [{"nertag": "O"}]}, {"base_span": [565, 566], "annotations": [{"nertag": "O"}]}, {"base_span": [567, 571], "annotations": [{"nertag": "B-PER"}]}, {"base_span": [572, 576], "annotations": [{"nertag": "I-PER"}]}, {"base_span": [577, 580], "annotations": [{"nertag": "O"}]}]}]}