{"text": "\n№ 162\n\nSel 7mal Septemb 1876\n\nKoos ollid Kohtu meehed peawanem Hinrek Kotsar ja Juhan Holdblom Hans Menderius.\n\nTuli Kohto ette Kaebaja, Rein Weideman. Kaebab, et Jüri Kreis on Tema Lehma sõnniku ärra wõtnud. \n\nTuli siisse Jüri Kreis ja ütles: tule ma annan Kätte so sõnniku. Rein ütleb mina ei taha nüüd ennam sõnikut. \n\nSiis Kohus mõistis et Jüri Kreis maksab 10ne Koorma sõniku eest 50 kop. Sai neile Kohtu polt Kulutud ja ollid selega rahul. \n\nPea Kohtumees Hinrek Kotsar XXX\n\nHans Menderius XXX\n\nJuhan Holdblom XXX\n\n\n", "meta": {"origin_directory": "vallakohus_kolmas/"}, "layers": [{"name": "gold_ner", "attributes": ["nertag"], "parent": null, "enveloping": null, "ambiguous": false, "serialisation_module": null, "meta": {}, "spans": [{"base_span": [64, 77], "annotations": [{"nertag": "PER"}]}, {"base_span": [81, 95], "annotations": [{"nertag": "PER"}]}, {"base_span": [96, 110], "annotations": [{"nertag": "PER"}]}, {"base_span": [138, 151], "annotations": [{"nertag": "PER"}]}, {"base_span": [164, 174], "annotations": [{"nertag": "PER"}]}, {"base_span": [224, 234], "annotations": [{"nertag": "PER"}]}, {"base_span": [277, 281], "annotations": [{"nertag": "PER"}]}, {"base_span": [345, 355], "annotations": [{"nertag": "PER"}]}, {"base_span": [463, 476], "annotations": [{"nertag": "PER"}]}, {"base_span": [482, 496], "annotations": [{"nertag": "PER"}]}, {"base_span": [502, 516], "annotations": [{"nertag": "PER"}]}]}, {"name": "gold_wordner", "attributes": ["nertag"], "parent": null, "enveloping": null, "ambiguous": false, "serialisation_module": null, "meta": {}, "spans": [{"base_span": [1, 2], "annotations": [{"nertag": "O"}]}, {"base_span": [3, 6], "annotations": [{"nertag": "O"}]}, {"base_span": [8, 11], "annotations": [{"nertag": "O"}]}, {"base_span": [12, 16], "annotations": [{"nertag": "O"}]}, {"base_span": [17, 24], "annotations": [{"nertag": "O"}]}, {"base_span": [25, 29], "annotations": [{"nertag": "O"}]}, {"base_span": [31, 35], "annotations": [{"nertag": "O"}]}, {"base_span": [36, 41], "annotations": [{"nertag": "O"}]}, {"base_span": [42, 47], "annotations": [{"nertag": "O"}]}, {"base_span": [48, 54], "annotations": [{"nertag": "O"}]}, {"base_span": [55, 63], "annotations": [{"nertag": "O"}]}, {"base_span": [64, 70], "annotations": [{"nertag": "B-PER"}]}, {"base_span": [71, 77], "annotations": [{"nertag": "I-PER"}]}, {"base_span": [78, 80], "annotations": [{"nertag": "O"}]}, {"base_span": [81, 86], "annotations": [{"nertag": "B-PER"}]}, {"base_span": [87, 95], "annotations": [{"nertag": "I-PER"}]}, {"base_span": [96, 100], "annotations": [{"nertag": "B-PER"}]}, {"base_span": [101, 110], "annotations": [{"nertag": "I-PER"}]}, {"base_span": [110, 111], "annotations": [{"nertag": "O"}]}, {"base_span": [113, 117], "annotations": [{"nertag": "O"}]}, {"base_span": [118, 123], "annotations": [{"nertag": "O"}]}, {"base_span": [124, 128], "annotations": [{"nertag": "O"}]}, {"base_span": [129, 136], "annotations": [{"nertag": "O"}]}, {"base_span": [136, 137], "annotations": [{"nertag": "O"}]}, {"base_span": [138, 142], "annotations": [{"nertag": "B-PER"}]}, {"base_span": [143, 151], "annotations": [{"nertag": "I-PER"}]}, {"base_span": [151, 152], "annotations": [{"nertag": "O"}]}, {"base_span": [153, 159], "annotations": [{"nertag": "O"}]}, {"base_span": [159, 160], "annotations": [{"nertag": "O"}]}, {"base_span": [161, 163], "annotations": [{"nertag": "O"}]}, {"base_span": [164, 168], "annotations": [{"nertag": "B-PER"}]}, {"base_span": [169, 174], "annotations": [{"nertag": "I-PER"}]}, {"base_span": [175, 177], "annotations": [{"nertag": "O"}]}, {"base_span": [178, 182], "annotations": [{"nertag": "O"}]}, {"base_span": [183, 188], "annotations": [{"nertag": "O"}]}, {"base_span": [189, 196], "annotations": [{"nertag": "O"}]}, {"base_span": [197, 201], "annotations": [{"nertag": "O"}]}, {"base_span": [202, 208], "annotations": [{"nertag": "O"}]}, {"base_span": [208, 209], "annotations": [{"nertag": "O"}]}, {"base_span": [212, 216], "annotations": [{"nertag": "O"}]}, {"base_span": [217, 223], "annotations": [{"nertag": "O"}]}, {"base_span": [224, 228], "annotations": [{"nertag": "B-PER"}]}, {"base_span": [229, 234], "annotations": [{"nertag": "I-PER"}]}, {"base_span": [235, 237], "annotations": [{"nertag": "O"}]}, {"base_span": [238, 243], "annotations": [{"nertag": "O"}]}, {"base_span": [243, 244], "annotations": [{"nertag": "O"}]}, {"base_span": [245, 249], "annotations": [{"nertag": "O"}]}, {"base_span": [250, 252], "annotations": [{"nertag": "O"}]}, {"base_span": [253, 258], "annotations": [{"nertag": "O"}]}, {"base_span": [259, 264], "annotations": [{"nertag": "O"}]}, {"base_span": [265, 267], "annotations": [{"nertag": "O"}]}, {"base_span": [268, 275], "annotations": [{"nertag": "O"}]}, {"base_span": [275, 276], "annotations": [{"nertag": "O"}]}, {"base_span": [277, 281], "annotations": [{"nertag": "B-PER"}]}, {"base_span": [282, 287], "annotations": [{"nertag": "O"}]}, {"base_span": [288, 292], "annotations": [{"nertag": "O"}]}, {"base_span": [293, 295], "annotations": [{"nertag": "O"}]}, {"base_span": [296, 300], "annotations": [{"nertag": "O"}]}, {"base_span": [301, 305], "annotations": [{"nertag": "O"}]}, {"base_span": [306, 311], "annotations": [{"nertag": "O"}]}, {"base_span": [312, 319], "annotations": [{"nertag": "O"}]}, {"base_span": [319, 320], "annotations": [{"nertag": "O"}]}, {"base_span": [323, 327], "annotations": [{"nertag": "O"}]}, {"base_span": [328, 333], "annotations": [{"nertag": "O"}]}, {"base_span": [334, 341], "annotations": [{"nertag": "O"}]}, {"base_span": [342, 344], "annotations": [{"nertag": "O"}]}, {"base_span": [345, 349], "annotations": [{"nertag": "B-PER"}]}, {"base_span": [350, 355], "annotations": [{"nertag": "I-PER"}]}, {"base_span": [356, 362], "annotations": [{"nertag": "O"}]}, {"base_span": [363, 367], "annotations": [{"nertag": "O"}]}, {"base_span": [368, 374], "annotations": [{"nertag": "O"}]}, {"base_span": [375, 381], "annotations": [{"nertag": "O"}]}, {"base_span": [382, 386], "annotations": [{"nertag": "O"}]}, {"base_span": [387, 389], "annotations": [{"nertag": "O"}]}, {"base_span": [390, 393], "annotations": [{"nertag": "O"}]}, {"base_span": [393, 394], "annotations": [{"nertag": "O"}]}, {"base_span": [395, 398], "annotations": [{"nertag": "O"}]}, {"base_span": [399, 404], "annotations": [{"nertag": "O"}]}, {"base_span": [405, 410], "annotations": [{"nertag": "O"}]}, {"base_span": [411, 415], "annotations": [{"nertag": "O"}]}, {"base_span": [416, 423], "annotations": [{"nertag": "O"}]}, {"base_span": [424, 426], "annotations": [{"nertag": "O"}]}, {"base_span": [427, 432], "annotations": [{"nertag": "O"}]}, {"base_span": [433, 439], "annotations": [{"nertag": "O"}]}, {"base_span": [440, 445], "annotations": [{"nertag": "O"}]}, {"base_span": [445, 446], "annotations": [{"nertag": "O"}]}, {"base_span": [449, 452], "annotations": [{"nertag": "O"}]}, {"base_span": [453, 462], "annotations": [{"nertag": "O"}]}, {"base_span": [463, 469], "annotations": [{"nertag": "B-PER"}]}, {"base_span": [470, 476], "annotations": [{"nertag": "I-PER"}]}, {"base_span": [477, 480], "annotations": [{"nertag": "O"}]}, {"base_span": [482, 486], "annotations": [{"nertag": "B-PER"}]}, {"base_span": [487, 496], "annotations": [{"nertag": "I-PER"}]}, {"base_span": [497, 500], "annotations": [{"nertag": "O"}]}, {"base_span": [502, 507], "annotations": [{"nertag": "B-PER"}]}, {"base_span": [508, 516], "annotations": [{"nertag": "I-PER"}]}, {"base_span": [517, 520], "annotations": [{"nertag": "O"}]}]}]}