{"text": "\nJoosep Riimann Lokkutalt pärib oma wenna Mihkli lese Mai Riimanni käest (kellel laps oma mehest järele jäänud) weel oma wana isast warandusest, mis 18. aasta eest surnud on, ja wend Mihkel 3 kolme aasta eest surnud. Joosep Riimann pärib kahed nahk rangid, üks puu margapuu, üks Tischleri pink, üks suur kõrge look, üks wanaisa kasukas, üks piirust korb, üks Piibli raamat, ja 6 rubla raha, mis tema ise Mihklile laenand.\n\nMai Riimann ütleb, et tema õndsa mehel kahed rangid järele jäänud, neist ühed wana seeliku tükiga lapitud nahk rangid, ja teised ued töörangid riide kaelusega. Margapuu olla enni Mihkli surma ärakadunud, ja Tischleri pink olla Mai peale oma mehe surma kohe Joosepile lubanud, ja loogast ei ütle Mai mitte teadwad, ja wana kasuka riidest teinud Mai oma lapsele kue. Korb olnud üks wana narakas, seda lubab kätte anda, Piibliraamatul peab tema mehe Mihkli nimi peale kirjutud, ja Mihkel ütlend, et se Piibel tema jagu olla, 6 rubla raha luband Joosep RiimannMihkli puusärgi tegemise Maiele kinkida, seda tunnistab Joosep ise ka, aga sellepärast tahab  nüüd Maie käest pärida, et Mai wenna Juhani käest oma kraami pärinud. Mai ütleb, et temal wana Juhan Silbermanni käest oma mehest jäänud raha 20 rubla saada olla, kui tema seda Juhani käest kätte saab, siis wõib Joosep oma 6 rbla ka kätte saada, aga praegu temal ei olla mitte maksta, ja tema mees üttelnd, et temal wenna Joosepi käest ka 50 rbla saada olla.\n\nKohus mõistis seda Joosep Riimanni pärimist Mai Riimanni käest tühjaks, sest et tema isa oli ka Mihkli isa, ja Mihklil laps järele jäenud, kui neil midagi pärimist oli Mihkli käest, pärinud seda siis kui Mihkel elas, ehk warsi peale Mihkli surma, selle pingi wõib Joosep ära wia omale, ja neid mis Joosep weel pärib, ei olegi enam järel, ja 6 rbla raha luband Joosep Mihkli puusärgi tegemise aeges Maiele kinkida, seda tunnistab kohtumees Hans Rick tõeks.   \n\nPea Kohtumees Hans Rick XXX\n\nKõrwasmehed Mart Wärtmann XXX Mihkel Sengbusch XXX\n\nKirjutaja Karl Waarmann \n\n\n", "meta": {"origin_directory": "vallakohus_teine/"}, "layers": [{"name": "gold_ner", "attributes": ["nertag"], "parent": null, "enveloping": null, "ambiguous": false, "serialisation_module": null, "meta": {}, "spans": [{"base_span": [1, 15], "annotations": [{"nertag": "PER"}]}, {"base_span": [16, 25], "annotations": [{"nertag": "LOC"}]}, {"base_span": [42, 48], "annotations": [{"nertag": "PER"}]}, {"base_span": [54, 66], "annotations": [{"nertag": "PER"}]}, {"base_span": [183, 189], "annotations": [{"nertag": "PER"}]}, {"base_span": [217, 231], "annotations": [{"nertag": "PER"}]}, {"base_span": [359, 372], "annotations": [{"nertag": "MISC"}]}, {"base_span": [404, 412], "annotations": [{"nertag": "PER"}]}, {"base_span": [423, 434], "annotations": [{"nertag": "PER"}]}, {"base_span": [602, 608], "annotations": [{"nertag": "PER"}]}, {"base_span": [650, 653], "annotations": [{"nertag": "PER"}]}, {"base_span": [680, 689], "annotations": [{"nertag": "PER"}]}, {"base_span": [718, 721], "annotations": [{"nertag": "PER"}]}, {"base_span": [767, 770], "annotations": [{"nertag": "PER"}]}, {"base_span": [840, 854], "annotations": [{"nertag": "MISC"}]}, {"base_span": [870, 876], "annotations": [{"nertag": "PER"}]}, {"base_span": [901, 907], "annotations": [{"nertag": "PER"}]}, {"base_span": [922, 928], "annotations": [{"nertag": "MISC"}]}, {"base_span": [965, 979], "annotations": [{"nertag": "PER"}]}, {"base_span": [979, 985], "annotations": [{"nertag": "PER"}]}, {"base_span": [1004, 1010], "annotations": [{"nertag": "PER"}]}, {"base_span": [1035, 1041], "annotations": [{"nertag": "PER"}]}, {"base_span": [1078, 1082], "annotations": [{"nertag": "PER"}]}, {"base_span": [1100, 1103], "annotations": [{"nertag": "PER"}]}, {"base_span": [1110, 1116], "annotations": [{"nertag": "PER"}]}, {"base_span": [1143, 1146], "annotations": [{"nertag": "PER"}]}, {"base_span": [1168, 1185], "annotations": [{"nertag": "PER"}]}, {"base_span": [1250, 1256], "annotations": [{"nertag": "PER"}]}, {"base_span": [1285, 1291], "annotations": [{"nertag": "PER"}]}, {"base_span": [1395, 1402], "annotations": [{"nertag": "PER"}]}, {"base_span": [1452, 1467], "annotations": [{"nertag": "PER"}]}, {"base_span": [1477, 1489], "annotations": [{"nertag": "PER"}]}, {"base_span": [1529, 1535], "annotations": [{"nertag": "PER"}]}, {"base_span": [1544, 1551], "annotations": [{"nertag": "PER"}]}, {"base_span": [1601, 1607], "annotations": [{"nertag": "PER"}]}, {"base_span": [1637, 1643], "annotations": [{"nertag": "PER"}]}, {"base_span": [1666, 1672], "annotations": [{"nertag": "PER"}]}, {"base_span": [1697, 1703], "annotations": [{"nertag": "PER"}]}, {"base_span": [1731, 1737], "annotations": [{"nertag": "PER"}]}, {"base_span": [1793, 1799], "annotations": [{"nertag": "PER"}]}, {"base_span": [1800, 1806], "annotations": [{"nertag": "PER"}]}, {"base_span": [1831, 1837], "annotations": [{"nertag": "PER"}]}, {"base_span": [1872, 1881], "annotations": [{"nertag": "PER"}]}, {"base_span": [1907, 1916], "annotations": [{"nertag": "PER"}]}, {"base_span": [1934, 1947], "annotations": [{"nertag": "PER"}]}, {"base_span": [1952, 1968], "annotations": [{"nertag": "PER"}]}, {"base_span": [1984, 1997], "annotations": [{"nertag": "PER"}]}]}, {"name": "gold_wordner", "attributes": ["nertag"], "parent": null, "enveloping": null, "ambiguous": false, "serialisation_module": null, "meta": {}, "spans": [{"base_span": [1, 7], "annotations": [{"nertag": "B-PER"}]}, {"base_span": [8, 15], "annotations": [{"nertag": "I-PER"}]}, {"base_span": [16, 25], "annotations": [{"nertag": "B-LOC"}]}, {"base_span": [26, 31], "annotations": [{"nertag": "O"}]}, {"base_span": [32, 35], "annotations": [{"nertag": "O"}]}, {"base_span": [36, 41], "annotations": [{"nertag": "O"}]}, {"base_span": [42, 48], "annotations": [{"nertag": "B-PER"}]}, {"base_span": [49, 53], "annotations": [{"nertag": "O"}]}, {"base_span": [54, 57], "annotations": [{"nertag": "B-PER"}]}, {"base_span": [58, 66], "annotations": [{"nertag": "I-PER"}]}, {"base_span": [67, 72], "annotations": [{"nertag": "O"}]}, {"base_span": [73, 74], "annotations": [{"nertag": "O"}]}, {"base_span": [74, 80], "annotations": [{"nertag": "O"}]}, {"base_span": [81, 85], "annotations": [{"nertag": "O"}]}, {"base_span": [86, 89], "annotations": [{"nertag": "O"}]}, {"base_span": [90, 96], "annotations": [{"nertag": "O"}]}, {"base_span": [97, 103], "annotations": [{"nertag": "O"}]}, {"base_span": [104, 110], "annotations": [{"nertag": "O"}]}, {"base_span": [110, 111], "annotations": [{"nertag": "O"}]}, {"base_span": [112, 116], "annotations": [{"nertag": "O"}]}, {"base_span": [117, 120], "annotations": [{"nertag": "O"}]}, {"base_span": [121, 125], "annotations": [{"nertag": "O"}]}, {"base_span": [126, 131], "annotations": [{"nertag": "O"}]}, {"base_span": [132, 143], "annotations": [{"nertag": "O"}]}, {"base_span": [143, 144], "annotations": [{"nertag": "O"}]}, {"base_span": [145, 148], "annotations": [{"nertag": "O"}]}, {"base_span": [149, 152], "annotations": [{"nertag": "O"}]}, {"base_span": [153, 158], "annotations": [{"nertag": "O"}]}, {"base_span": [159, 163], "annotations": [{"nertag": "O"}]}, {"base_span": [164, 170], "annotations": [{"nertag": "O"}]}, {"base_span": [171, 173], "annotations": [{"nertag": "O"}]}, {"base_span": [173, 174], "annotations": [{"nertag": "O"}]}, {"base_span": [175, 177], "annotations": [{"nertag": "O"}]}, {"base_span": [178, 182], "annotations": [{"nertag": "O"}]}, {"base_span": [183, 189], "annotations": [{"nertag": "B-PER"}]}, {"base_span": [190, 191], "annotations": [{"nertag": "O"}]}, {"base_span": [192, 197], "annotations": [{"nertag": "O"}]}, {"base_span": [198, 203], "annotations": [{"nertag": "O"}]}, {"base_span": [204, 208], "annotations": [{"nertag": "O"}]}, {"base_span": [209, 215], "annotations": [{"nertag": "O"}]}, {"base_span": [215, 216], "annotations": [{"nertag": "O"}]}, {"base_span": [217, 223], "annotations": [{"nertag": "B-PER"}]}, {"base_span": [224, 231], "annotations": [{"nertag": "I-PER"}]}, {"base_span": [232, 237], "annotations": [{"nertag": "O"}]}, {"base_span": [238, 243], "annotations": [{"nertag": "O"}]}, {"base_span": [244, 248], "annotations": [{"nertag": "O"}]}, {"base_span": [249, 255], "annotations": [{"nertag": "O"}]}, {"base_span": [255, 256], "annotations": [{"nertag": "O"}]}, {"base_span": [257, 260], "annotations": [{"nertag": "O"}]}, {"base_span": [261, 264], "annotations": [{"nertag": "O"}]}, {"base_span": [265, 273], "annotations": [{"nertag": "O"}]}, {"base_span": [273, 274], "annotations": [{"nertag": "O"}]}, {"base_span": [275, 278], "annotations": [{"nertag": "O"}]}, {"base_span": [279, 288], "annotations": [{"nertag": "O"}]}, {"base_span": [289, 293], "annotations": [{"nertag": "O"}]}, {"base_span": [293, 294], "annotations": [{"nertag": "O"}]}, {"base_span": [295, 298], "annotations": [{"nertag": "O"}]}, {"base_span": [299, 303], "annotations": [{"nertag": "O"}]}, {"base_span": [304, 309], "annotations": [{"nertag": "O"}]}, {"base_span": [310, 314], "annotations": [{"nertag": "O"}]}, {"base_span": [314, 315], "annotations": [{"nertag": "O"}]}, {"base_span": [316, 319], "annotations": [{"nertag": "O"}]}, {"base_span": [320, 327], "annotations": [{"nertag": "O"}]}, {"base_span": [328, 335], "annotations": [{"nertag": "O"}]}, {"base_span": [335, 336], "annotations": [{"nertag": "O"}]}, {"base_span": [337, 340], "annotations": [{"nertag": "O"}]}, {"base_span": [341, 348], "annotations": [{"nertag": "O"}]}, {"base_span": [349, 353], "annotations": [{"nertag": "O"}]}, {"base_span": [353, 354], "annotations": [{"nertag": "O"}]}, {"base_span": [355, 358], "annotations": [{"nertag": "O"}]}, {"base_span": [359, 365], "annotations": [{"nertag": "B-MISC"}]}, {"base_span": [366, 372], "annotations": [{"nertag": "I-MISC"}]}, {"base_span": [372, 373], "annotations": [{"nertag": "O"}]}, {"base_span": [374, 376], "annotations": [{"nertag": "O"}]}, {"base_span": [377, 378], "annotations": [{"nertag": "O"}]}, {"base_span": [379, 384], "annotations": [{"nertag": "O"}]}, {"base_span": [385, 389], "annotations": [{"nertag": "O"}]}, {"base_span": [389, 390], "annotations": [{"nertag": "O"}]}, {"base_span": [391, 394], "annotations": [{"nertag": "O"}]}, {"base_span": [395, 399], "annotations": [{"nertag": "O"}]}, {"base_span": [400, 403], "annotations": [{"nertag": "O"}]}, {"base_span": [404, 412], "annotations": [{"nertag": "B-PER"}]}, {"base_span": [413, 420], "annotations": [{"nertag": "O"}]}, {"base_span": [420, 421], "annotations": [{"nertag": "O"}]}, {"base_span": [423, 426], "annotations": [{"nertag": "B-PER"}]}, {"base_span": [427, 434], "annotations": [{"nertag": "I-PER"}]}, {"base_span": [435, 440], "annotations": [{"nertag": "O"}]}, {"base_span": [440, 441], "annotations": [{"nertag": "O"}]}, {"base_span": [442, 444], "annotations": [{"nertag": "O"}]}, {"base_span": [445, 449], "annotations": [{"nertag": "O"}]}, {"base_span": [450, 455], "annotations": [{"nertag": "O"}]}, {"base_span": [456, 461], "annotations": [{"nertag": "O"}]}, {"base_span": [462, 467], "annotations": [{"nertag": "O"}]}, {"base_span": [468, 474], "annotations": [{"nertag": "O"}]}, {"base_span": [475, 481], "annotations": [{"nertag": "O"}]}, {"base_span": [482, 488], "annotations": [{"nertag": "O"}]}, {"base_span": [488, 489], "annotations": [{"nertag": "O"}]}, {"base_span": [490, 495], "annotations": [{"nertag": "O"}]}, {"base_span": [496, 500], "annotations": [{"nertag": "O"}]}, {"base_span": [501, 505], "annotations": [{"nertag": "O"}]}, {"base_span": [506, 513], "annotations": [{"nertag": "O"}]}, {"base_span": [514, 520], "annotations": [{"nertag": "O"}]}, {"base_span": [521, 528], "annotations": [{"nertag": "O"}]}, {"base_span": [529, 533], "annotations": [{"nertag": "O"}]}, {"base_span": [534, 540], "annotations": [{"nertag": "O"}]}, {"base_span": [540, 541], "annotations": [{"nertag": "O"}]}, {"base_span": [542, 544], "annotations": [{"nertag": "O"}]}, {"base_span": [545, 551], "annotations": [{"nertag": "O"}]}, {"base_span": [552, 555], "annotations": [{"nertag": "O"}]}, {"base_span": [556, 565], "annotations": [{"nertag": "O"}]}, {"base_span": [566, 571], "annotations": [{"nertag": "O"}]}, {"base_span": [572, 581], "annotations": [{"nertag": "O"}]}, {"base_span": [581, 582], "annotations": [{"nertag": "O"}]}, {"base_span": [583, 591], "annotations": [{"nertag": "O"}]}, {"base_span": [592, 596], "annotations": [{"nertag": "O"}]}, {"base_span": [597, 601], "annotations": [{"nertag": "O"}]}, {"base_span": [602, 608], "annotations": [{"nertag": "B-PER"}]}, {"base_span": [609, 614], "annotations": [{"nertag": "O"}]}, {"base_span": [615, 625], "annotations": [{"nertag": "O"}]}, {"base_span": [625, 626], "annotations": [{"nertag": "O"}]}, {"base_span": [627, 629], "annotations": [{"nertag": "O"}]}, {"base_span": [630, 639], "annotations": [{"nertag": "O"}]}, {"base_span": [640, 644], "annotations": [{"nertag": "O"}]}, {"base_span": [645, 649], "annotations": [{"nertag": "O"}]}, {"base_span": [650, 653], "annotations": [{"nertag": "B-PER"}]}, {"base_span": [654, 659], "annotations": [{"nertag": "O"}]}, {"base_span": [660, 663], "annotations": [{"nertag": "O"}]}, {"base_span": [664, 668], "annotations": [{"nertag": "O"}]}, {"base_span": [669, 674], "annotations": [{"nertag": "O"}]}, {"base_span": [675, 679], "annotations": [{"nertag": "O"}]}, {"base_span": [680, 689], "annotations": [{"nertag": "B-PER"}]}, {"base_span": [690, 697], "annotations": [{"nertag": "O"}]}, {"base_span": [697, 698], "annotations": [{"nertag": "O"}]}, {"base_span": [699, 701], "annotations": [{"nertag": "O"}]}, {"base_span": [702, 709], "annotations": [{"nertag": "O"}]}, {"base_span": [710, 712], "annotations": [{"nertag": "O"}]}, {"base_span": [713, 717], "annotations": [{"nertag": "O"}]}, {"base_span": [718, 721], "annotations": [{"nertag": "B-PER"}]}, {"base_span": [722, 727], "annotations": [{"nertag": "O"}]}, {"base_span": [728, 735], "annotations": [{"nertag": "O"}]}, {"base_span": [735, 736], "annotations": [{"nertag": "O"}]}, {"base_span": [737, 739], "annotations": [{"nertag": "O"}]}, {"base_span": [740, 744], "annotations": [{"nertag": "O"}]}, {"base_span": [745, 751], "annotations": [{"nertag": "O"}]}, {"base_span": [752, 759], "annotations": [{"nertag": "O"}]}, {"base_span": [760, 766], "annotations": [{"nertag": "O"}]}, {"base_span": [767, 770], "annotations": [{"nertag": "B-PER"}]}, {"base_span": [771, 774], "annotations": [{"nertag": "O"}]}, {"base_span": [775, 782], "annotations": [{"nertag": "O"}]}, {"base_span": [783, 786], "annotations": [{"nertag": "O"}]}, {"base_span": [786, 787], "annotations": [{"nertag": "O"}]}, {"base_span": [788, 792], "annotations": [{"nertag": "O"}]}, {"base_span": [793, 798], "annotations": [{"nertag": "O"}]}, {"base_span": [799, 802], "annotations": [{"nertag": "O"}]}, {"base_span": [803, 807], "annotations": [{"nertag": "O"}]}, {"base_span": [808, 815], "annotations": [{"nertag": "O"}]}, {"base_span": [815, 816], "annotations": [{"nertag": "O"}]}, {"base_span": [817, 821], "annotations": [{"nertag": "O"}]}, {"base_span": [822, 827], "annotations": [{"nertag": "O"}]}, {"base_span": [828, 833], "annotations": [{"nertag": "O"}]}, {"base_span": [834, 838], "annotations": [{"nertag": "O"}]}, {"base_span": [838, 839], "annotations": [{"nertag": "O"}]}, {"base_span": [840, 854], "annotations": [{"nertag": "B-MISC"}]}, {"base_span": [855, 859], "annotations": [{"nertag": "O"}]}, {"base_span": [860, 864], "annotations": [{"nertag": "O"}]}, {"base_span": [865, 869], "annotations": [{"nertag": "O"}]}, {"base_span": [870, 876], "annotations": [{"nertag": "B-PER"}]}, {"base_span": [877, 881], "annotations": [{"nertag": "O"}]}, {"base_span": [882, 887], "annotations": [{"nertag": "O"}]}, {"base_span": [888, 896], "annotations": [{"nertag": "O"}]}, {"base_span": [896, 897], "annotations": [{"nertag": "O"}]}, {"base_span": [898, 900], "annotations": [{"nertag": "O"}]}, {"base_span": [901, 907], "annotations": [{"nertag": "B-PER"}]}, {"base_span": [908, 914], "annotations": [{"nertag": "O"}]}, {"base_span": [914, 915], "annotations": [{"nertag": "O"}]}, {"base_span": [916, 918], "annotations": [{"nertag": "O"}]}, {"base_span": [919, 921], "annotations": [{"nertag": "O"}]}, {"base_span": [922, 928], "annotations": [{"nertag": "B-MISC"}]}, {"base_span": [929, 933], "annotations": [{"nertag": "O"}]}, {"base_span": [934, 938], "annotations": [{"nertag": "O"}]}, {"base_span": [939, 943], "annotations": [{"nertag": "O"}]}, {"base_span": [943, 944], "annotations": [{"nertag": "O"}]}, {"base_span": [945, 946], "annotations": [{"nertag": "O"}]}, {"base_span": [947, 952], "annotations": [{"nertag": "O"}]}, {"base_span": [953, 957], "annotations": [{"nertag": "O"}]}, {"base_span": [958, 964], "annotations": [{"nertag": "O"}]}, {"base_span": [965, 971], "annotations": [{"nertag": "B-PER"}]}, {"base_span": [972, 979], "annotations": [{"nertag": "I-PER"}]}, {"base_span": [979, 985], "annotations": [{"nertag": "B-PER"}]}, {"base_span": [986, 994], "annotations": [{"nertag": "O"}]}, {"base_span": [995, 1003], "annotations": [{"nertag": "O"}]}, {"base_span": [1004, 1010], "annotations": [{"nertag": "B-PER"}]}, {"base_span": [1011, 1018], "annotations": [{"nertag": "O"}]}, {"base_span": [1018, 1019], "annotations": [{"nertag": "O"}]}, {"base_span": [1020, 1024], "annotations": [{"nertag": "O"}]}, {"base_span": [1025, 1034], "annotations": [{"nertag": "O"}]}, {"base_span": [1035, 1041], "annotations": [{"nertag": "B-PER"}]}, {"base_span": [1042, 1045], "annotations": [{"nertag": "O"}]}, {"base_span": [1046, 1048], "annotations": [{"nertag": "O"}]}, {"base_span": [1048, 1049], "annotations": [{"nertag": "O"}]}, {"base_span": [1050, 1053], "annotations": [{"nertag": "O"}]}, {"base_span": [1054, 1065], "annotations": [{"nertag": "O"}]}, {"base_span": [1066, 1071], "annotations": [{"nertag": "O"}]}, {"base_span": [1073, 1077], "annotations": [{"nertag": "O"}]}, {"base_span": [1078, 1082], "annotations": [{"nertag": "B-PER"}]}, {"base_span": [1083, 1088], "annotations": [{"nertag": "O"}]}, {"base_span": [1089, 1095], "annotations": [{"nertag": "O"}]}, {"base_span": [1095, 1096], "annotations": [{"nertag": "O"}]}, {"base_span": [1097, 1099], "annotations": [{"nertag": "O"}]}, {"base_span": [1100, 1103], "annotations": [{"nertag": "B-PER"}]}, {"base_span": [1104, 1109], "annotations": [{"nertag": "O"}]}, {"base_span": [1110, 1116], "annotations": [{"nertag": "B-PER"}]}, {"base_span": [1117, 1122], "annotations": [{"nertag": "O"}]}, {"base_span": [1123, 1126], "annotations": [{"nertag": "O"}]}, {"base_span": [1127, 1133], "annotations": [{"nertag": "O"}]}, {"base_span": [1134, 1141], "annotations": [{"nertag": "O"}]}, {"base_span": [1141, 1142], "annotations": [{"nertag": "O"}]}, {"base_span": [1143, 1146], "annotations": [{"nertag": "B-PER"}]}, {"base_span": [1147, 1152], "annotations": [{"nertag": "O"}]}, {"base_span": [1152, 1153], "annotations": [{"nertag": "O"}]}, {"base_span": [1154, 1156], "annotations": [{"nertag": "O"}]}, {"base_span": [1157, 1162], "annotations": [{"nertag": "O"}]}, {"base_span": [1163, 1167], "annotations": [{"nertag": "O"}]}, {"base_span": [1168, 1173], "annotations": [{"nertag": "B-PER"}]}, {"base_span": [1174, 1185], "annotations": [{"nertag": "I-PER"}]}, {"base_span": [1186, 1191], "annotations": [{"nertag": "O"}]}, {"base_span": [1192, 1195], "annotations": [{"nertag": "O"}]}, {"base_span": [1196, 1202], "annotations": [{"nertag": "O"}]}, {"base_span": [1203, 1209], "annotations": [{"nertag": "O"}]}, {"base_span": [1210, 1214], "annotations": [{"nertag": "O"}]}, {"base_span": [1215, 1217], "annotations": [{"nertag": "O"}]}, {"base_span": [1218, 1223], "annotations": [{"nertag": "O"}]}, {"base_span": [1224, 1229], "annotations": [{"nertag": "O"}]}, {"base_span": [1230, 1234], "annotations": [{"nertag": "O"}]}, {"base_span": [1234, 1235], "annotations": [{"nertag": "O"}]}, {"base_span": [1236, 1239], "annotations": [{"nertag": "O"}]}, {"base_span": [1240, 1244], "annotations": [{"nertag": "O"}]}, {"base_span": [1245, 1249], "annotations": [{"nertag": "O"}]}, {"base_span": [1250, 1256], "annotations": [{"nertag": "B-PER"}]}, {"base_span": [1257, 1262], "annotations": [{"nertag": "O"}]}, {"base_span": [1263, 1268], "annotations": [{"nertag": "O"}]}, {"base_span": [1269, 1273], "annotations": [{"nertag": "O"}]}, {"base_span": [1273, 1274], "annotations": [{"nertag": "O"}]}, {"base_span": [1275, 1279], "annotations": [{"nertag": "O"}]}, {"base_span": [1280, 1284], "annotations": [{"nertag": "O"}]}, {"base_span": [1285, 1291], "annotations": [{"nertag": "B-PER"}]}, {"base_span": [1292, 1295], "annotations": [{"nertag": "O"}]}, {"base_span": [1296, 1297], "annotations": [{"nertag": "O"}]}, {"base_span": [1298, 1302], "annotations": [{"nertag": "O"}]}, {"base_span": [1303, 1305], "annotations": [{"nertag": "O"}]}, {"base_span": [1306, 1311], "annotations": [{"nertag": "O"}]}, {"base_span": [1312, 1317], "annotations": [{"nertag": "O"}]}, {"base_span": [1317, 1318], "annotations": [{"nertag": "O"}]}, {"base_span": [1319, 1322], "annotations": [{"nertag": "O"}]}, {"base_span": [1323, 1329], "annotations": [{"nertag": "O"}]}, {"base_span": [1330, 1335], "annotations": [{"nertag": "O"}]}, {"base_span": [1336, 1338], "annotations": [{"nertag": "O"}]}, {"base_span": [1339, 1343], "annotations": [{"nertag": "O"}]}, {"base_span": [1344, 1349], "annotations": [{"nertag": "O"}]}, {"base_span": [1350, 1356], "annotations": [{"nertag": "O"}]}, {"base_span": [1356, 1357], "annotations": [{"nertag": "O"}]}, {"base_span": [1358, 1360], "annotations": [{"nertag": "O"}]}, {"base_span": [1361, 1365], "annotations": [{"nertag": "O"}]}, {"base_span": [1366, 1370], "annotations": [{"nertag": "O"}]}, {"base_span": [1371, 1378], "annotations": [{"nertag": "O"}]}, {"base_span": [1378, 1379], "annotations": [{"nertag": "O"}]}, {"base_span": [1380, 1382], "annotations": [{"nertag": "O"}]}, {"base_span": [1383, 1388], "annotations": [{"nertag": "O"}]}, {"base_span": [1389, 1394], "annotations": [{"nertag": "O"}]}, {"base_span": [1395, 1402], "annotations": [{"nertag": "B-PER"}]}, {"base_span": [1403, 1408], "annotations": [{"nertag": "O"}]}, {"base_span": [1409, 1411], "annotations": [{"nertag": "O"}]}, {"base_span": [1412, 1414], "annotations": [{"nertag": "O"}]}, {"base_span": [1415, 1419], "annotations": [{"nertag": "O"}]}, {"base_span": [1420, 1425], "annotations": [{"nertag": "O"}]}, {"base_span": [1426, 1430], "annotations": [{"nertag": "O"}]}, {"base_span": [1430, 1431], "annotations": [{"nertag": "O"}]}, {"base_span": [1433, 1438], "annotations": [{"nertag": "O"}]}, {"base_span": [1439, 1446], "annotations": [{"nertag": "O"}]}, {"base_span": [1447, 1451], "annotations": [{"nertag": "O"}]}, {"base_span": [1452, 1458], "annotations": [{"nertag": "B-PER"}]}, {"base_span": [1459, 1467], "annotations": [{"nertag": "I-PER"}]}, {"base_span": [1468, 1476], "annotations": [{"nertag": "O"}]}, {"base_span": [1477, 1480], "annotations": [{"nertag": "B-PER"}]}, {"base_span": [1481, 1489], "annotations": [{"nertag": "I-PER"}]}, {"base_span": [1490, 1495], "annotations": [{"nertag": "O"}]}, {"base_span": [1496, 1503], "annotations": [{"nertag": "O"}]}, {"base_span": [1503, 1504], "annotations": [{"nertag": "O"}]}, {"base_span": [1505, 1509], "annotations": [{"nertag": "O"}]}, {"base_span": [1510, 1512], "annotations": [{"nertag": "O"}]}, {"base_span": [1513, 1517], "annotations": [{"nertag": "O"}]}, {"base_span": [1518, 1521], "annotations": [{"nertag": "O"}]}, {"base_span": [1522, 1525], "annotations": [{"nertag": "O"}]}, {"base_span": [1526, 1528], "annotations": [{"nertag": "O"}]}, {"base_span": [1529, 1535], "annotations": [{"nertag": "B-PER"}]}, {"base_span": [1536, 1539], "annotations": [{"nertag": "O"}]}, {"base_span": [1539, 1540], "annotations": [{"nertag": "O"}]}, {"base_span": [1541, 1543], "annotations": [{"nertag": "O"}]}, {"base_span": [1544, 1551], "annotations": [{"nertag": "B-PER"}]}, {"base_span": [1552, 1556], "annotations": [{"nertag": "O"}]}, {"base_span": [1557, 1563], "annotations": [{"nertag": "O"}]}, {"base_span": [1564, 1570], "annotations": [{"nertag": "O"}]}, {"base_span": [1570, 1571], "annotations": [{"nertag": "O"}]}, {"base_span": [1572, 1575], "annotations": [{"nertag": "O"}]}, {"base_span": [1576, 1580], "annotations": [{"nertag": "O"}]}, {"base_span": [1581, 1587], "annotations": [{"nertag": "O"}]}, {"base_span": [1588, 1596], "annotations": [{"nertag": "O"}]}, {"base_span": [1597, 1600], "annotations": [{"nertag": "O"}]}, {"base_span": [1601, 1607], "annotations": [{"nertag": "B-PER"}]}, {"base_span": [1608, 1613], "annotations": [{"nertag": "O"}]}, {"base_span": [1613, 1614], "annotations": [{"nertag": "O"}]}, {"base_span": [1615, 1622], "annotations": [{"nertag": "O"}]}, {"base_span": [1623, 1627], "annotations": [{"nertag": "O"}]}, {"base_span": [1628, 1632], "annotations": [{"nertag": "O"}]}, {"base_span": [1633, 1636], "annotations": [{"nertag": "O"}]}, {"base_span": [1637, 1643], "annotations": [{"nertag": "B-PER"}]}, {"base_span": [1644, 1648], "annotations": [{"nertag": "O"}]}, {"base_span": [1648, 1649], "annotations": [{"nertag": "O"}]}, {"base_span": [1650, 1653], "annotations": [{"nertag": "O"}]}, {"base_span": [1654, 1659], "annotations": [{"nertag": "O"}]}, {"base_span": [1660, 1665], "annotations": [{"nertag": "O"}]}, {"base_span": [1666, 1672], "annotations": [{"nertag": "B-PER"}]}, {"base_span": [1673, 1678], "annotations": [{"nertag": "O"}]}, {"base_span": [1678, 1679], "annotations": [{"nertag": "O"}]}, {"base_span": [1680, 1685], "annotations": [{"nertag": "O"}]}, {"base_span": [1686, 1691], "annotations": [{"nertag": "O"}]}, {"base_span": [1692, 1696], "annotations": [{"nertag": "O"}]}, {"base_span": [1697, 1703], "annotations": [{"nertag": "B-PER"}]}, {"base_span": [1704, 1707], "annotations": [{"nertag": "O"}]}, {"base_span": [1708, 1711], "annotations": [{"nertag": "O"}]}, {"base_span": [1712, 1717], "annotations": [{"nertag": "O"}]}, {"base_span": [1717, 1718], "annotations": [{"nertag": "O"}]}, {"base_span": [1719, 1721], "annotations": [{"nertag": "O"}]}, {"base_span": [1722, 1726], "annotations": [{"nertag": "O"}]}, {"base_span": [1727, 1730], "annotations": [{"nertag": "O"}]}, {"base_span": [1731, 1737], "annotations": [{"nertag": "B-PER"}]}, {"base_span": [1738, 1742], "annotations": [{"nertag": "O"}]}, {"base_span": [1743, 1748], "annotations": [{"nertag": "O"}]}, {"base_span": [1748, 1749], "annotations": [{"nertag": "O"}]}, {"base_span": [1750, 1752], "annotations": [{"nertag": "O"}]}, {"base_span": [1753, 1758], "annotations": [{"nertag": "O"}]}, {"base_span": [1759, 1763], "annotations": [{"nertag": "O"}]}, {"base_span": [1764, 1769], "annotations": [{"nertag": "O"}]}, {"base_span": [1769, 1770], "annotations": [{"nertag": "O"}]}, {"base_span": [1771, 1773], "annotations": [{"nertag": "O"}]}, {"base_span": [1774, 1775], "annotations": [{"nertag": "O"}]}, {"base_span": [1776, 1780], "annotations": [{"nertag": "O"}]}, {"base_span": [1781, 1785], "annotations": [{"nertag": "O"}]}, {"base_span": [1786, 1792], "annotations": [{"nertag": "O"}]}, {"base_span": [1793, 1799], "annotations": [{"nertag": "B-PER"}]}, {"base_span": [1800, 1806], "annotations": [{"nertag": "B-PER"}]}, {"base_span": [1807, 1815], "annotations": [{"nertag": "O"}]}, {"base_span": [1816, 1824], "annotations": [{"nertag": "O"}]}, {"base_span": [1825, 1830], "annotations": [{"nertag": "O"}]}, {"base_span": [1831, 1837], "annotations": [{"nertag": "B-PER"}]}, {"base_span": [1838, 1845], "annotations": [{"nertag": "O"}]}, {"base_span": [1845, 1846], "annotations": [{"nertag": "O"}]}, {"base_span": [1847, 1851], "annotations": [{"nertag": "O"}]}, {"base_span": [1852, 1861], "annotations": [{"nertag": "O"}]}, {"base_span": [1862, 1871], "annotations": [{"nertag": "O"}]}, {"base_span": [1872, 1876], "annotations": [{"nertag": "B-PER"}]}, {"base_span": [1877, 1881], "annotations": [{"nertag": "I-PER"}]}, {"base_span": [1882, 1887], "annotations": [{"nertag": "O"}]}, {"base_span": [1887, 1888], "annotations": [{"nertag": "O"}]}, {"base_span": [1893, 1896], "annotations": [{"nertag": "O"}]}, {"base_span": [1897, 1906], "annotations": [{"nertag": "O"}]}, {"base_span": [1907, 1911], "annotations": [{"nertag": "B-PER"}]}, {"base_span": [1912, 1916], "annotations": [{"nertag": "I-PER"}]}, {"base_span": [1917, 1920], "annotations": [{"nertag": "O"}]}, {"base_span": [1922, 1933], "annotations": [{"nertag": "O"}]}, {"base_span": [1934, 1938], "annotations": [{"nertag": "B-PER"}]}, {"base_span": [1939, 1947], "annotations": [{"nertag": "I-PER"}]}, {"base_span": [1948, 1951], "annotations": [{"nertag": "O"}]}, {"base_span": [1952, 1958], "annotations": [{"nertag": "B-PER"}]}, {"base_span": [1959, 1968], "annotations": [{"nertag": "I-PER"}]}, {"base_span": [1969, 1972], "annotations": [{"nertag": "O"}]}, {"base_span": [1974, 1983], "annotations": [{"nertag": "O"}]}, {"base_span": [1984, 1988], "annotations": [{"nertag": "B-PER"}]}, {"base_span": [1989, 1997], "annotations": [{"nertag": "I-PER"}]}]}]}