{"text": "\nProttokoll sel 1mesel Mai ku päwal 1875\n\nKoos ollid kohto Peawannem  Hans Lassel \n\n Mart Epmann\n\n Johhan Pallenberg\n\nKirjutaja H. Saarmo\n\n№ 11\n\nKohto ette astus  Marri Salongi ja kaebas, et temma on   Jaan Prulmannil need allamal nimmetud asjad laenuks annud ja et Jaan ei tahha neid mitte ärra maksta. Se on:\n\nüks särk ja west kokko\n   2 Rub. 50 kop.\n  \n\nnelli rättikud\n   86 kop.\n  \n\nNelli naela seepi\n   48 kop.\n  \n\nKaks paari kindaid\n   40 kop.\n  \n\nSumma\n   4 Rub. 24 kop.\n  \n\n Jaan Pruulmann astus ette ja ei salganud sedda mitte ärra; ja nemmad leppisid selle modiga ärra, et   Jaan Prulmann  maksab Marri Salongile nende asjade hinna 3maks Mai ku päwaks wälja . Se on: 4 Rubla 27 kopik.\n\nSe leppiminne on ka täidetud.\n\nHans Lassel XXX\n\nMart Epmann XXX\n\n Johhan Pallenberg XXX\n\nTunnistusseks kirjutaja H. Saarmo /allkiri/\n\n\n", "meta": {"origin_directory": "vallakohus_kolmas/"}, "layers": [{"name": "gold_ner", "attributes": ["nertag"], "parent": null, "enveloping": null, "ambiguous": false, "serialisation_module": null, "meta": {}, "spans": [{"base_span": [70, 81], "annotations": [{"nertag": "PER"}]}, {"base_span": [85, 96], "annotations": [{"nertag": "PER"}]}, {"base_span": [99, 116], "annotations": [{"nertag": "PER"}]}, {"base_span": [128, 137], "annotations": [{"nertag": "PER"}]}, {"base_span": [163, 176], "annotations": [{"nertag": "PER"}]}, {"base_span": [202, 217], "annotations": [{"nertag": "PER"}]}, {"base_span": [266, 270], "annotations": [{"nertag": "PER"}]}, {"base_span": [483, 497], "annotations": [{"nertag": "PER"}]}, {"base_span": [585, 598], "annotations": [{"nertag": "PER"}]}, {"base_span": [607, 622], "annotations": [{"nertag": "PER"}]}, {"base_span": [727, 738], "annotations": [{"nertag": "PER"}]}, {"base_span": [744, 755], "annotations": [{"nertag": "PER"}]}, {"base_span": [762, 779], "annotations": [{"nertag": "PER"}]}, {"base_span": [809, 818], "annotations": [{"nertag": "PER"}]}]}, {"name": "gold_wordner", "attributes": ["nertag"], "parent": null, "enveloping": null, "ambiguous": false, "serialisation_module": null, "meta": {}, "spans": [{"base_span": [1, 11], "annotations": [{"nertag": "O"}]}, {"base_span": [12, 15], "annotations": [{"nertag": "O"}]}, {"base_span": [16, 22], "annotations": [{"nertag": "O"}]}, {"base_span": [23, 26], "annotations": [{"nertag": "O"}]}, {"base_span": [27, 29], "annotations": [{"nertag": "O"}]}, {"base_span": [30, 35], "annotations": [{"nertag": "O"}]}, {"base_span": [36, 40], "annotations": [{"nertag": "O"}]}, {"base_span": [42, 46], "annotations": [{"nertag": "O"}]}, {"base_span": [47, 52], "annotations": [{"nertag": "O"}]}, {"base_span": [53, 58], "annotations": [{"nertag": "O"}]}, {"base_span": [59, 68], "annotations": [{"nertag": "O"}]}, {"base_span": [70, 74], "annotations": [{"nertag": "B-PER"}]}, {"base_span": [75, 81], "annotations": [{"nertag": "I-PER"}]}, {"base_span": [85, 89], "annotations": [{"nertag": "B-PER"}]}, {"base_span": [90, 96], "annotations": [{"nertag": "I-PER"}]}, {"base_span": [99, 105], "annotations": [{"nertag": "B-PER"}]}, {"base_span": [106, 116], "annotations": [{"nertag": "I-PER"}]}, {"base_span": [118, 127], "annotations": [{"nertag": "O"}]}, {"base_span": [128, 129], "annotations": [{"nertag": "B-PER"}]}, {"base_span": [129, 130], "annotations": [{"nertag": "I-PER"}]}, {"base_span": [131, 137], "annotations": [{"nertag": "I-PER"}]}, {"base_span": [139, 140], "annotations": [{"nertag": "O"}]}, {"base_span": [141, 143], "annotations": [{"nertag": "O"}]}, {"base_span": [145, 150], "annotations": [{"nertag": "O"}]}, {"base_span": [151, 155], "annotations": [{"nertag": "O"}]}, {"base_span": [156, 161], "annotations": [{"nertag": "O"}]}, {"base_span": [163, 168], "annotations": [{"nertag": "B-PER"}]}, {"base_span": [169, 176], "annotations": [{"nertag": "I-PER"}]}, {"base_span": [177, 179], "annotations": [{"nertag": "O"}]}, {"base_span": [180, 186], "annotations": [{"nertag": "O"}]}, {"base_span": [186, 187], "annotations": [{"nertag": "O"}]}, {"base_span": [188, 190], "annotations": [{"nertag": "O"}]}, {"base_span": [191, 196], "annotations": [{"nertag": "O"}]}, {"base_span": [197, 199], "annotations": [{"nertag": "O"}]}, {"base_span": [202, 206], "annotations": [{"nertag": "B-PER"}]}, {"base_span": [207, 217], "annotations": [{"nertag": "I-PER"}]}, {"base_span": [218, 222], "annotations": [{"nertag": "O"}]}, {"base_span": [223, 230], "annotations": [{"nertag": "O"}]}, {"base_span": [231, 239], "annotations": [{"nertag": "O"}]}, {"base_span": [240, 245], "annotations": [{"nertag": "O"}]}, {"base_span": [246, 253], "annotations": [{"nertag": "O"}]}, {"base_span": [254, 259], "annotations": [{"nertag": "O"}]}, {"base_span": [260, 262], "annotations": [{"nertag": "O"}]}, {"base_span": [263, 265], "annotations": [{"nertag": "O"}]}, {"base_span": [266, 270], "annotations": [{"nertag": "B-PER"}]}, {"base_span": [271, 273], "annotations": [{"nertag": "O"}]}, {"base_span": [274, 279], "annotations": [{"nertag": "O"}]}, {"base_span": [280, 284], "annotations": [{"nertag": "O"}]}, {"base_span": [285, 290], "annotations": [{"nertag": "O"}]}, {"base_span": [291, 295], "annotations": [{"nertag": "O"}]}, {"base_span": [296, 302], "annotations": [{"nertag": "O"}]}, {"base_span": [302, 303], "annotations": [{"nertag": "O"}]}, {"base_span": [304, 306], "annotations": [{"nertag": "O"}]}, {"base_span": [307, 309], "annotations": [{"nertag": "O"}]}, {"base_span": [309, 310], "annotations": [{"nertag": "O"}]}, {"base_span": [312, 315], "annotations": [{"nertag": "O"}]}, {"base_span": [316, 320], "annotations": [{"nertag": "O"}]}, {"base_span": [321, 323], "annotations": [{"nertag": "O"}]}, {"base_span": [324, 328], "annotations": [{"nertag": "O"}]}, {"base_span": [329, 334], "annotations": [{"nertag": "O"}]}, {"base_span": [338, 339], "annotations": [{"nertag": "O"}]}, {"base_span": [340, 343], "annotations": [{"nertag": "O"}]}, {"base_span": [343, 344], "annotations": [{"nertag": "O"}]}, {"base_span": [345, 347], "annotations": [{"nertag": "O"}]}, {"base_span": [348, 351], "annotations": [{"nertag": "O"}]}, {"base_span": [351, 352], "annotations": [{"nertag": "O"}]}, {"base_span": [357, 362], "annotations": [{"nertag": "O"}]}, {"base_span": [363, 371], "annotations": [{"nertag": "O"}]}, {"base_span": [375, 377], "annotations": [{"nertag": "O"}]}, {"base_span": [378, 381], "annotations": [{"nertag": "O"}]}, {"base_span": [381, 382], "annotations": [{"nertag": "O"}]}, {"base_span": [387, 392], "annotations": [{"nertag": "O"}]}, {"base_span": [393, 398], "annotations": [{"nertag": "O"}]}, {"base_span": [399, 404], "annotations": [{"nertag": "O"}]}, {"base_span": [408, 410], "annotations": [{"nertag": "O"}]}, {"base_span": [411, 414], "annotations": [{"nertag": "O"}]}, {"base_span": [414, 415], "annotations": [{"nertag": "O"}]}, {"base_span": [420, 424], "annotations": [{"nertag": "O"}]}, {"base_span": [425, 430], "annotations": [{"nertag": "O"}]}, {"base_span": [431, 438], "annotations": [{"nertag": "O"}]}, {"base_span": [442, 444], "annotations": [{"nertag": "O"}]}, {"base_span": [445, 448], "annotations": [{"nertag": "O"}]}, {"base_span": [448, 449], "annotations": [{"nertag": "O"}]}, {"base_span": [454, 459], "annotations": [{"nertag": "O"}]}, {"base_span": [463, 464], "annotations": [{"nertag": "O"}]}, {"base_span": [465, 468], "annotations": [{"nertag": "O"}]}, {"base_span": [468, 469], "annotations": [{"nertag": "O"}]}, {"base_span": [470, 472], "annotations": [{"nertag": "O"}]}, {"base_span": [473, 476], "annotations": [{"nertag": "O"}]}, {"base_span": [476, 477], "annotations": [{"nertag": "O"}]}, {"base_span": [483, 487], "annotations": [{"nertag": "B-PER"}]}, {"base_span": [488, 497], "annotations": [{"nertag": "I-PER"}]}, {"base_span": [498, 503], "annotations": [{"nertag": "O"}]}, {"base_span": [504, 508], "annotations": [{"nertag": "O"}]}, {"base_span": [509, 511], "annotations": [{"nertag": "O"}]}, {"base_span": [512, 514], "annotations": [{"nertag": "O"}]}, {"base_span": [515, 523], "annotations": [{"nertag": "O"}]}, {"base_span": [524, 529], "annotations": [{"nertag": "O"}]}, {"base_span": [530, 535], "annotations": [{"nertag": "O"}]}, {"base_span": [536, 540], "annotations": [{"nertag": "O"}]}, {"base_span": [540, 541], "annotations": [{"nertag": "O"}]}, {"base_span": [542, 544], "annotations": [{"nertag": "O"}]}, {"base_span": [545, 551], "annotations": [{"nertag": "O"}]}, {"base_span": [552, 560], "annotations": [{"nertag": "O"}]}, {"base_span": [561, 566], "annotations": [{"nertag": "O"}]}, {"base_span": [567, 573], "annotations": [{"nertag": "O"}]}, {"base_span": [574, 578], "annotations": [{"nertag": "O"}]}, {"base_span": [578, 579], "annotations": [{"nertag": "O"}]}, {"base_span": [580, 582], "annotations": [{"nertag": "O"}]}, {"base_span": [585, 589], "annotations": [{"nertag": "B-PER"}]}, {"base_span": [590, 598], "annotations": [{"nertag": "I-PER"}]}, {"base_span": [600, 606], "annotations": [{"nertag": "O"}]}, {"base_span": [607, 612], "annotations": [{"nertag": "B-PER"}]}, {"base_span": [613, 622], "annotations": [{"nertag": "I-PER"}]}, {"base_span": [623, 628], "annotations": [{"nertag": "O"}]}, {"base_span": [629, 635], "annotations": [{"nertag": "O"}]}, {"base_span": [636, 641], "annotations": [{"nertag": "O"}]}, {"base_span": [642, 647], "annotations": [{"nertag": "O"}]}, {"base_span": [648, 651], "annotations": [{"nertag": "O"}]}, {"base_span": [652, 654], "annotations": [{"nertag": "O"}]}, {"base_span": [655, 661], "annotations": [{"nertag": "O"}]}, {"base_span": [662, 667], "annotations": [{"nertag": "O"}]}, {"base_span": [668, 669], "annotations": [{"nertag": "O"}]}, {"base_span": [670, 672], "annotations": [{"nertag": "O"}]}, {"base_span": [673, 675], "annotations": [{"nertag": "O"}]}, {"base_span": [675, 676], "annotations": [{"nertag": "O"}]}, {"base_span": [677, 678], "annotations": [{"nertag": "O"}]}, {"base_span": [679, 684], "annotations": [{"nertag": "O"}]}, {"base_span": [685, 687], "annotations": [{"nertag": "O"}]}, {"base_span": [688, 693], "annotations": [{"nertag": "O"}]}, {"base_span": [693, 694], "annotations": [{"nertag": "O"}]}, {"base_span": [696, 698], "annotations": [{"nertag": "O"}]}, {"base_span": [699, 709], "annotations": [{"nertag": "O"}]}, {"base_span": [710, 712], "annotations": [{"nertag": "O"}]}, {"base_span": [713, 715], "annotations": [{"nertag": "O"}]}, {"base_span": [716, 724], "annotations": [{"nertag": "O"}]}, {"base_span": [724, 725], "annotations": [{"nertag": "O"}]}, {"base_span": [727, 731], "annotations": [{"nertag": "B-PER"}]}, {"base_span": [732, 738], "annotations": [{"nertag": "I-PER"}]}, {"base_span": [739, 742], "annotations": [{"nertag": "O"}]}, {"base_span": [744, 748], "annotations": [{"nertag": "B-PER"}]}, {"base_span": [749, 755], "annotations": [{"nertag": "I-PER"}]}, {"base_span": [756, 759], "annotations": [{"nertag": "O"}]}, {"base_span": [762, 768], "annotations": [{"nertag": "B-PER"}]}, {"base_span": [769, 779], "annotations": [{"nertag": "I-PER"}]}, {"base_span": [780, 783], "annotations": [{"nertag": "O"}]}, {"base_span": [785, 798], "annotations": [{"nertag": "O"}]}, {"base_span": [799, 808], "annotations": [{"nertag": "O"}]}, {"base_span": [809, 810], "annotations": [{"nertag": "B-PER"}]}, {"base_span": [810, 811], "annotations": [{"nertag": "I-PER"}]}, {"base_span": [812, 818], "annotations": [{"nertag": "I-PER"}]}, {"base_span": [819, 820], "annotations": [{"nertag": "O"}]}, {"base_span": [820, 827], "annotations": [{"nertag": "O"}]}, {"base_span": [827, 828], "annotations": [{"nertag": "O"}]}]}]}