{"text": "\n20mal Teetssembril 1867\n\nKohtu ette astub Karreda moisa wallitsus, ja kaebab, et Willem Silmann kaks moisa wilja küni lahti murdnud ja wihkus otre ja kaeru warrastanud. Astub ette Willem Silmann ja tunnistab, et temma on warrastanud moisa wilja künist Otre ja kaero; agga mitte ei ole uksed, egga luggud lahti teinud egga watnud, waid kiskund seina alt mõnne wihho wälja ja tonud ärra. \n\nSelle tunnistusse peale moistab kohhus, et temma wilja künist on warrastanud temma peab walla laeka maksma (6 rubla) kuus rubla trahwi. Se moistminne saab täidetud Kohtu moistjad ollid pea wannem Tõnno Hörden +++ abbi mehhed 1) Juhhan Sklawe +++ 2) Jaan Temas +++\n\n\n", "meta": {"origin_directory": "vallakohus_kolmas/"}, "layers": [{"name": "gold_ner", "attributes": ["nertag"], "parent": null, "enveloping": null, "ambiguous": false, "serialisation_module": null, "meta": {}, "spans": [{"base_span": [43, 66], "annotations": [{"nertag": "ORG"}]}, {"base_span": [82, 96], "annotations": [{"nertag": "PER"}]}, {"base_span": [181, 195], "annotations": [{"nertag": "PER"}]}, {"base_span": [585, 597], "annotations": [{"nertag": "PER"}]}, {"base_span": [617, 630], "annotations": [{"nertag": "PER"}]}, {"base_span": [638, 648], "annotations": [{"nertag": "PER"}]}]}, {"name": "gold_wordner", "attributes": ["nertag"], "parent": null, "enveloping": null, "ambiguous": false, "serialisation_module": null, "meta": {}, "spans": [{"base_span": [1, 6], "annotations": [{"nertag": "O"}]}, {"base_span": [7, 19], "annotations": [{"nertag": "O"}]}, {"base_span": [20, 24], "annotations": [{"nertag": "O"}]}, {"base_span": [26, 31], "annotations": [{"nertag": "O"}]}, {"base_span": [32, 36], "annotations": [{"nertag": "O"}]}, {"base_span": [37, 42], "annotations": [{"nertag": "O"}]}, {"base_span": [43, 50], "annotations": [{"nertag": "B-ORG"}]}, {"base_span": [51, 56], "annotations": [{"nertag": "I-ORG"}]}, {"base_span": [57, 66], "annotations": [{"nertag": "I-ORG"}]}, {"base_span": [66, 67], "annotations": [{"nertag": "O"}]}, {"base_span": [68, 70], "annotations": [{"nertag": "O"}]}, {"base_span": [71, 77], "annotations": [{"nertag": "O"}]}, {"base_span": [77, 78], "annotations": [{"nertag": "O"}]}, {"base_span": [79, 81], "annotations": [{"nertag": "O"}]}, {"base_span": [82, 88], "annotations": [{"nertag": "B-PER"}]}, {"base_span": [89, 96], "annotations": [{"nertag": "I-PER"}]}, {"base_span": [97, 101], "annotations": [{"nertag": "O"}]}, {"base_span": [102, 107], "annotations": [{"nertag": "O"}]}, {"base_span": [108, 113], "annotations": [{"nertag": "O"}]}, {"base_span": [114, 118], "annotations": [{"nertag": "O"}]}, {"base_span": [119, 124], "annotations": [{"nertag": "O"}]}, {"base_span": [125, 132], "annotations": [{"nertag": "O"}]}, {"base_span": [133, 135], "annotations": [{"nertag": "O"}]}, {"base_span": [136, 142], "annotations": [{"nertag": "O"}]}, {"base_span": [143, 147], "annotations": [{"nertag": "O"}]}, {"base_span": [148, 150], "annotations": [{"nertag": "O"}]}, {"base_span": [151, 156], "annotations": [{"nertag": "O"}]}, {"base_span": [157, 168], "annotations": [{"nertag": "O"}]}, {"base_span": [168, 169], "annotations": [{"nertag": "O"}]}, {"base_span": [170, 175], "annotations": [{"nertag": "O"}]}, {"base_span": [176, 180], "annotations": [{"nertag": "O"}]}, {"base_span": [181, 187], "annotations": [{"nertag": "B-PER"}]}, {"base_span": [188, 195], "annotations": [{"nertag": "I-PER"}]}, {"base_span": [196, 198], "annotations": [{"nertag": "O"}]}, {"base_span": [199, 208], "annotations": [{"nertag": "O"}]}, {"base_span": [208, 209], "annotations": [{"nertag": "O"}]}, {"base_span": [210, 212], "annotations": [{"nertag": "O"}]}, {"base_span": [213, 218], "annotations": [{"nertag": "O"}]}, {"base_span": [219, 221], "annotations": [{"nertag": "O"}]}, {"base_span": [222, 233], "annotations": [{"nertag": "O"}]}, {"base_span": [234, 239], "annotations": [{"nertag": "O"}]}, {"base_span": [240, 245], "annotations": [{"nertag": "O"}]}, {"base_span": [246, 252], "annotations": [{"nertag": "O"}]}, {"base_span": [253, 257], "annotations": [{"nertag": "O"}]}, {"base_span": [258, 260], "annotations": [{"nertag": "O"}]}, {"base_span": [261, 266], "annotations": [{"nertag": "O"}]}, {"base_span": [266, 267], "annotations": [{"nertag": "O"}]}, {"base_span": [268, 272], "annotations": [{"nertag": "O"}]}, {"base_span": [273, 278], "annotations": [{"nertag": "O"}]}, {"base_span": [279, 281], "annotations": [{"nertag": "O"}]}, {"base_span": [282, 285], "annotations": [{"nertag": "O"}]}, {"base_span": [286, 291], "annotations": [{"nertag": "O"}]}, {"base_span": [291, 292], "annotations": [{"nertag": "O"}]}, {"base_span": [293, 297], "annotations": [{"nertag": "O"}]}, {"base_span": [298, 304], "annotations": [{"nertag": "O"}]}, {"base_span": [305, 310], "annotations": [{"nertag": "O"}]}, {"base_span": [311, 317], "annotations": [{"nertag": "O"}]}, {"base_span": [318, 322], "annotations": [{"nertag": "O"}]}, {"base_span": [323, 329], "annotations": [{"nertag": "O"}]}, {"base_span": [329, 330], "annotations": [{"nertag": "O"}]}, {"base_span": [331, 335], "annotations": [{"nertag": "O"}]}, {"base_span": [336, 343], "annotations": [{"nertag": "O"}]}, {"base_span": [344, 349], "annotations": [{"nertag": "O"}]}, {"base_span": [350, 353], "annotations": [{"nertag": "O"}]}, {"base_span": [354, 359], "annotations": [{"nertag": "O"}]}, {"base_span": [360, 365], "annotations": [{"nertag": "O"}]}, {"base_span": [366, 371], "annotations": [{"nertag": "O"}]}, {"base_span": [372, 374], "annotations": [{"nertag": "O"}]}, {"base_span": [375, 380], "annotations": [{"nertag": "O"}]}, {"base_span": [381, 385], "annotations": [{"nertag": "O"}]}, {"base_span": [385, 386], "annotations": [{"nertag": "O"}]}, {"base_span": [389, 394], "annotations": [{"nertag": "O"}]}, {"base_span": [395, 406], "annotations": [{"nertag": "O"}]}, {"base_span": [407, 412], "annotations": [{"nertag": "O"}]}, {"base_span": [413, 420], "annotations": [{"nertag": "O"}]}, {"base_span": [421, 427], "annotations": [{"nertag": "O"}]}, {"base_span": [427, 428], "annotations": [{"nertag": "O"}]}, {"base_span": [429, 431], "annotations": [{"nertag": "O"}]}, {"base_span": [432, 437], "annotations": [{"nertag": "O"}]}, {"base_span": [438, 443], "annotations": [{"nertag": "O"}]}, {"base_span": [444, 450], "annotations": [{"nertag": "O"}]}, {"base_span": [451, 453], "annotations": [{"nertag": "O"}]}, {"base_span": [454, 465], "annotations": [{"nertag": "O"}]}, {"base_span": [466, 471], "annotations": [{"nertag": "O"}]}, {"base_span": [472, 476], "annotations": [{"nertag": "O"}]}, {"base_span": [477, 482], "annotations": [{"nertag": "O"}]}, {"base_span": [483, 488], "annotations": [{"nertag": "O"}]}, {"base_span": [489, 495], "annotations": [{"nertag": "O"}]}, {"base_span": [496, 497], "annotations": [{"nertag": "O"}]}, {"base_span": [497, 498], "annotations": [{"nertag": "O"}]}, {"base_span": [499, 504], "annotations": [{"nertag": "O"}]}, {"base_span": [504, 505], "annotations": [{"nertag": "O"}]}, {"base_span": [506, 510], "annotations": [{"nertag": "O"}]}, {"base_span": [511, 516], "annotations": [{"nertag": "O"}]}, {"base_span": [517, 523], "annotations": [{"nertag": "O"}]}, {"base_span": [523, 524], "annotations": [{"nertag": "O"}]}, {"base_span": [525, 527], "annotations": [{"nertag": "O"}]}, {"base_span": [528, 538], "annotations": [{"nertag": "O"}]}, {"base_span": [539, 543], "annotations": [{"nertag": "O"}]}, {"base_span": [544, 552], "annotations": [{"nertag": "O"}]}, {"base_span": [553, 558], "annotations": [{"nertag": "O"}]}, {"base_span": [559, 567], "annotations": [{"nertag": "O"}]}, {"base_span": [568, 573], "annotations": [{"nertag": "O"}]}, {"base_span": [574, 577], "annotations": [{"nertag": "O"}]}, {"base_span": [578, 584], "annotations": [{"nertag": "O"}]}, {"base_span": [585, 590], "annotations": [{"nertag": "B-PER"}]}, {"base_span": [591, 597], "annotations": [{"nertag": "I-PER"}]}, {"base_span": [598, 599], "annotations": [{"nertag": "O"}]}, {"base_span": [599, 600], "annotations": [{"nertag": "O"}]}, {"base_span": [600, 601], "annotations": [{"nertag": "O"}]}, {"base_span": [602, 606], "annotations": [{"nertag": "O"}]}, {"base_span": [607, 613], "annotations": [{"nertag": "O"}]}, {"base_span": [614, 615], "annotations": [{"nertag": "O"}]}, {"base_span": [615, 616], "annotations": [{"nertag": "O"}]}, {"base_span": [617, 623], "annotations": [{"nertag": "B-PER"}]}, {"base_span": [624, 630], "annotations": [{"nertag": "I-PER"}]}, {"base_span": [631, 632], "annotations": [{"nertag": "O"}]}, {"base_span": [632, 633], "annotations": [{"nertag": "O"}]}, {"base_span": [633, 634], "annotations": [{"nertag": "O"}]}, {"base_span": [635, 636], "annotations": [{"nertag": "O"}]}, {"base_span": [636, 637], "annotations": [{"nertag": "O"}]}, {"base_span": [638, 642], "annotations": [{"nertag": "B-PER"}]}, {"base_span": [643, 648], "annotations": [{"nertag": "I-PER"}]}, {"base_span": [649, 650], "annotations": [{"nertag": "O"}]}, {"base_span": [650, 651], "annotations": [{"nertag": "O"}]}, {"base_span": [651, 652], "annotations": [{"nertag": "O"}]}]}]}