{"text": "\nProttokoll.\n\nKohto ette astus Karreda Lamba Sihwer, ja kaewas, et olla talwel künlapäwa aial kaubelnud ommale Lambapoisi Willem Heilbaum ja tulnud kewwate kätte, et mitte pois polle tahtnud moisa minna, et olla poisi emma kaubelnud. Seks ütleb pois kui emma on kaubelnud siis wõib ta issi minna tenima. Sai kohto poolt moistetud et ei olle ennemast mitte ölnud, peab moisa tenima hakkama. Kui ei hakka tenima tulleb tullewal kohtopäwal kohto ette ja saab ihho nuhtlust. \n\nTeiseks jälle Lamba pois Juhhan Würmer olla nisamma kaubelnud ja mitte läinud omma moisa waid kaubelnud Wao moisa, ja pealegi Sihwer ei tahtnud. Sai kohto poolt moistetud trahwi et ta on petnud omma kauplemissega. Trahwi peab maksma 1. R. walla laeka. \n\nKoggokonna kohto peawannem Jürri Kopti xxx\n\nKõrwamees Mihkel Silmann xxx\n\nDito Mart Themas xxx \n\nKirjotaja P Petersonn\n\nW. Karredal Sel 21mal April 1873\n\n\n", "meta": {"origin_directory": "vallakohus_kolmas/"}, "layers": [{"name": "gold_ner", "attributes": ["nertag"], "parent": null, "enveloping": null, "ambiguous": false, "serialisation_module": null, "meta": {}, "spans": [{"base_span": [31, 38], "annotations": [{"nertag": "LOC_ORG"}]}, {"base_span": [122, 137], "annotations": [{"nertag": "PER"}]}, {"base_span": [498, 511], "annotations": [{"nertag": "PER"}]}, {"base_span": [577, 586], "annotations": [{"nertag": "LOC_ORG"}]}, {"base_span": [754, 765], "annotations": [{"nertag": "PER"}]}, {"base_span": [781, 795], "annotations": [{"nertag": "PER"}]}, {"base_span": [806, 817], "annotations": [{"nertag": "PER"}]}, {"base_span": [834, 845], "annotations": [{"nertag": "PER"}]}, {"base_span": [847, 858], "annotations": [{"nertag": "LOC"}]}]}, {"name": "gold_wordner", "attributes": ["nertag"], "parent": null, "enveloping": null, "ambiguous": false, "serialisation_module": null, "meta": {}, "spans": [{"base_span": [1, 11], "annotations": [{"nertag": "O"}]}, {"base_span": [11, 12], "annotations": [{"nertag": "O"}]}, {"base_span": [14, 19], "annotations": [{"nertag": "O"}]}, {"base_span": [20, 24], "annotations": [{"nertag": "O"}]}, {"base_span": [25, 30], "annotations": [{"nertag": "O"}]}, {"base_span": [31, 38], "annotations": [{"nertag": "B-LOC_ORG"}]}, {"base_span": [39, 44], "annotations": [{"nertag": "O"}]}, {"base_span": [45, 51], "annotations": [{"nertag": "O"}]}, {"base_span": [51, 52], "annotations": [{"nertag": "O"}]}, {"base_span": [53, 55], "annotations": [{"nertag": "O"}]}, {"base_span": [56, 62], "annotations": [{"nertag": "O"}]}, {"base_span": [62, 63], "annotations": [{"nertag": "O"}]}, {"base_span": [64, 66], "annotations": [{"nertag": "O"}]}, {"base_span": [67, 71], "annotations": [{"nertag": "O"}]}, {"base_span": [72, 78], "annotations": [{"nertag": "O"}]}, {"base_span": [79, 88], "annotations": [{"nertag": "O"}]}, {"base_span": [89, 93], "annotations": [{"nertag": "O"}]}, {"base_span": [94, 103], "annotations": [{"nertag": "O"}]}, {"base_span": [104, 110], "annotations": [{"nertag": "O"}]}, {"base_span": [111, 121], "annotations": [{"nertag": "O"}]}, {"base_span": [122, 128], "annotations": [{"nertag": "B-PER"}]}, {"base_span": [129, 137], "annotations": [{"nertag": "I-PER"}]}, {"base_span": [138, 140], "annotations": [{"nertag": "O"}]}, {"base_span": [141, 147], "annotations": [{"nertag": "O"}]}, {"base_span": [148, 155], "annotations": [{"nertag": "O"}]}, {"base_span": [156, 161], "annotations": [{"nertag": "O"}]}, {"base_span": [161, 162], "annotations": [{"nertag": "O"}]}, {"base_span": [163, 165], "annotations": [{"nertag": "O"}]}, {"base_span": [166, 171], "annotations": [{"nertag": "O"}]}, {"base_span": [172, 176], "annotations": [{"nertag": "O"}]}, {"base_span": [177, 182], "annotations": [{"nertag": "O"}]}, {"base_span": [183, 190], "annotations": [{"nertag": "O"}]}, {"base_span": [191, 196], "annotations": [{"nertag": "O"}]}, {"base_span": [197, 202], "annotations": [{"nertag": "O"}]}, {"base_span": [202, 203], "annotations": [{"nertag": "O"}]}, {"base_span": [204, 206], "annotations": [{"nertag": "O"}]}, {"base_span": [207, 211], "annotations": [{"nertag": "O"}]}, {"base_span": [212, 217], "annotations": [{"nertag": "O"}]}, {"base_span": [218, 222], "annotations": [{"nertag": "O"}]}, {"base_span": [223, 232], "annotations": [{"nertag": "O"}]}, {"base_span": [232, 233], "annotations": [{"nertag": "O"}]}, {"base_span": [234, 238], "annotations": [{"nertag": "O"}]}, {"base_span": [239, 244], "annotations": [{"nertag": "O"}]}, {"base_span": [245, 249], "annotations": [{"nertag": "O"}]}, {"base_span": [250, 253], "annotations": [{"nertag": "O"}]}, {"base_span": [254, 258], "annotations": [{"nertag": "O"}]}, {"base_span": [259, 261], "annotations": [{"nertag": "O"}]}, {"base_span": [262, 271], "annotations": [{"nertag": "O"}]}, {"base_span": [272, 276], "annotations": [{"nertag": "O"}]}, {"base_span": [277, 281], "annotations": [{"nertag": "O"}]}, {"base_span": [282, 284], "annotations": [{"nertag": "O"}]}, {"base_span": [285, 289], "annotations": [{"nertag": "O"}]}, {"base_span": [290, 295], "annotations": [{"nertag": "O"}]}, {"base_span": [296, 302], "annotations": [{"nertag": "O"}]}, {"base_span": [302, 303], "annotations": [{"nertag": "O"}]}, {"base_span": [304, 307], "annotations": [{"nertag": "O"}]}, {"base_span": [308, 313], "annotations": [{"nertag": "O"}]}, {"base_span": [314, 319], "annotations": [{"nertag": "O"}]}, {"base_span": [320, 329], "annotations": [{"nertag": "O"}]}, {"base_span": [330, 332], "annotations": [{"nertag": "O"}]}, {"base_span": [333, 335], "annotations": [{"nertag": "O"}]}, {"base_span": [336, 340], "annotations": [{"nertag": "O"}]}, {"base_span": [341, 349], "annotations": [{"nertag": "O"}]}, {"base_span": [350, 355], "annotations": [{"nertag": "O"}]}, {"base_span": [356, 361], "annotations": [{"nertag": "O"}]}, {"base_span": [361, 362], "annotations": [{"nertag": "O"}]}, {"base_span": [363, 367], "annotations": [{"nertag": "O"}]}, {"base_span": [368, 373], "annotations": [{"nertag": "O"}]}, {"base_span": [374, 380], "annotations": [{"nertag": "O"}]}, {"base_span": [381, 388], "annotations": [{"nertag": "O"}]}, {"base_span": [388, 389], "annotations": [{"nertag": "O"}]}, {"base_span": [390, 393], "annotations": [{"nertag": "O"}]}, {"base_span": [394, 396], "annotations": [{"nertag": "O"}]}, {"base_span": [397, 402], "annotations": [{"nertag": "O"}]}, {"base_span": [403, 409], "annotations": [{"nertag": "O"}]}, {"base_span": [410, 416], "annotations": [{"nertag": "O"}]}, {"base_span": [417, 425], "annotations": [{"nertag": "O"}]}, {"base_span": [426, 436], "annotations": [{"nertag": "O"}]}, {"base_span": [437, 442], "annotations": [{"nertag": "O"}]}, {"base_span": [443, 447], "annotations": [{"nertag": "O"}]}, {"base_span": [448, 450], "annotations": [{"nertag": "O"}]}, {"base_span": [451, 455], "annotations": [{"nertag": "O"}]}, {"base_span": [456, 460], "annotations": [{"nertag": "O"}]}, {"base_span": [461, 469], "annotations": [{"nertag": "O"}]}, {"base_span": [469, 470], "annotations": [{"nertag": "O"}]}, {"base_span": [473, 480], "annotations": [{"nertag": "O"}]}, {"base_span": [481, 486], "annotations": [{"nertag": "O"}]}, {"base_span": [487, 492], "annotations": [{"nertag": "O"}]}, {"base_span": [493, 497], "annotations": [{"nertag": "O"}]}, {"base_span": [498, 504], "annotations": [{"nertag": "B-PER"}]}, {"base_span": [505, 511], "annotations": [{"nertag": "I-PER"}]}, {"base_span": [512, 516], "annotations": [{"nertag": "O"}]}, {"base_span": [517, 524], "annotations": [{"nertag": "O"}]}, {"base_span": [525, 534], "annotations": [{"nertag": "O"}]}, {"base_span": [535, 537], "annotations": [{"nertag": "O"}]}, {"base_span": [538, 543], "annotations": [{"nertag": "O"}]}, {"base_span": [544, 550], "annotations": [{"nertag": "O"}]}, {"base_span": [551, 555], "annotations": [{"nertag": "O"}]}, {"base_span": [556, 561], "annotations": [{"nertag": "O"}]}, {"base_span": [562, 566], "annotations": [{"nertag": "O"}]}, {"base_span": [567, 576], "annotations": [{"nertag": "O"}]}, {"base_span": [577, 580], "annotations": [{"nertag": "B-LOC_ORG"}]}, {"base_span": [581, 586], "annotations": [{"nertag": "I-LOC_ORG"}]}, {"base_span": [586, 587], "annotations": [{"nertag": "O"}]}, {"base_span": [588, 590], "annotations": [{"nertag": "O"}]}, {"base_span": [591, 598], "annotations": [{"nertag": "O"}]}, {"base_span": [599, 605], "annotations": [{"nertag": "O"}]}, {"base_span": [606, 608], "annotations": [{"nertag": "O"}]}, {"base_span": [609, 616], "annotations": [{"nertag": "O"}]}, {"base_span": [616, 617], "annotations": [{"nertag": "O"}]}, {"base_span": [618, 621], "annotations": [{"nertag": "O"}]}, {"base_span": [622, 627], "annotations": [{"nertag": "O"}]}, {"base_span": [628, 633], "annotations": [{"nertag": "O"}]}, {"base_span": [634, 643], "annotations": [{"nertag": "O"}]}, {"base_span": [644, 650], "annotations": [{"nertag": "O"}]}, {"base_span": [651, 653], "annotations": [{"nertag": "O"}]}, {"base_span": [654, 656], "annotations": [{"nertag": "O"}]}, {"base_span": [657, 659], "annotations": [{"nertag": "O"}]}, {"base_span": [660, 666], "annotations": [{"nertag": "O"}]}, {"base_span": [667, 671], "annotations": [{"nertag": "O"}]}, {"base_span": [672, 685], "annotations": [{"nertag": "O"}]}, {"base_span": [685, 686], "annotations": [{"nertag": "O"}]}, {"base_span": [687, 693], "annotations": [{"nertag": "O"}]}, {"base_span": [694, 698], "annotations": [{"nertag": "O"}]}, {"base_span": [699, 705], "annotations": [{"nertag": "O"}]}, {"base_span": [706, 708], "annotations": [{"nertag": "O"}]}, {"base_span": [709, 710], "annotations": [{"nertag": "O"}]}, {"base_span": [710, 711], "annotations": [{"nertag": "O"}]}, {"base_span": [712, 717], "annotations": [{"nertag": "O"}]}, {"base_span": [718, 723], "annotations": [{"nertag": "O"}]}, {"base_span": [723, 724], "annotations": [{"nertag": "O"}]}, {"base_span": [727, 737], "annotations": [{"nertag": "O"}]}, {"base_span": [738, 743], "annotations": [{"nertag": "O"}]}, {"base_span": [744, 753], "annotations": [{"nertag": "O"}]}, {"base_span": [754, 759], "annotations": [{"nertag": "B-PER"}]}, {"base_span": [760, 765], "annotations": [{"nertag": "I-PER"}]}, {"base_span": [766, 769], "annotations": [{"nertag": "O"}]}, {"base_span": [771, 780], "annotations": [{"nertag": "O"}]}, {"base_span": [781, 787], "annotations": [{"nertag": "B-PER"}]}, {"base_span": [788, 795], "annotations": [{"nertag": "I-PER"}]}, {"base_span": [796, 799], "annotations": [{"nertag": "O"}]}, {"base_span": [801, 805], "annotations": [{"nertag": "O"}]}, {"base_span": [806, 810], "annotations": [{"nertag": "B-PER"}]}, {"base_span": [811, 817], "annotations": [{"nertag": "I-PER"}]}, {"base_span": [818, 821], "annotations": [{"nertag": "O"}]}, {"base_span": [824, 833], "annotations": [{"nertag": "O"}]}, {"base_span": [834, 835], "annotations": [{"nertag": "B-PER"}]}, {"base_span": [836, 845], "annotations": [{"nertag": "I-PER"}]}, {"base_span": [847, 848], "annotations": [{"nertag": "B-LOC"}]}, {"base_span": [848, 849], "annotations": [{"nertag": "I-LOC"}]}, {"base_span": [850, 858], "annotations": [{"nertag": "I-LOC"}]}, {"base_span": [859, 862], "annotations": [{"nertag": "O"}]}, {"base_span": [863, 868], "annotations": [{"nertag": "O"}]}, {"base_span": [869, 874], "annotations": [{"nertag": "O"}]}, {"base_span": [875, 879], "annotations": [{"nertag": "O"}]}]}]}