{"text": "\n1899 a. Nowembri kuu 18 päewal ilmusid Wäätsa wallakohtusse kohtule iselikult tuntud  Wäätsa walla liikmed Jaan Madise p. Madisson ja Taawet Reinu p. Jürgenson, ja  palusid kohut aktiraamatusse üles wõtta endi suusõnalist mahategu, mis järgmine on:\n\nMadisson rendib oma päralt olewast \"Wõnsi\" talu krundist poe alla 40 ruutsülda maad Jürgensonile ja Jürgenson maksab Madissonile selle aluse eest 5 (wiis) rubla aastas renti. Rendi aeg eesolewa tingimistega saab arwatud 1 Aprilli kp. 1899 a. ja kestab kuus aastat. Tingitud rent peab mak setud olema igal 1 Septembri kp.\n\nD. Jürgenson /allkiri/\n\nJ. Madisson /allkiri/\n\nSee mahategemine sai pärast aktiraamatusse sissekirjutamist pooltele ette loetud ja nende poolt alla kirjutatud, seda tunnistab Wäetsa walla kohus. \n\nEesistuja A. Ehrenwerth /allkiri/\n\nKohtumehed \n\nA. Nipper /allkiri/\n\nR. Krusberg /allkiri/\n\nM. Prant /allkiri/\n\nKirjutaja Pommer /allkiri/\n\n\n", "meta": {"origin_directory": "vallakohus_neljas/"}, "layers": [{"name": "gold_ner", "attributes": ["nertag"], "parent": null, "enveloping": null, "ambiguous": false, "serialisation_module": null, "meta": {}, "spans": [{"base_span": [40, 60], "annotations": [{"nertag": "ORG"}]}, {"base_span": [87, 99], "annotations": [{"nertag": "LOC_ORG"}]}, {"base_span": [108, 131], "annotations": [{"nertag": "PER"}]}, {"base_span": [135, 160], "annotations": [{"nertag": "PER"}]}, {"base_span": [251, 259], "annotations": [{"nertag": "PER"}]}, {"base_span": [286, 298], "annotations": [{"nertag": "LOC_ORG"}]}, {"base_span": [335, 347], "annotations": [{"nertag": "PER"}]}, {"base_span": [351, 360], "annotations": [{"nertag": "PER"}]}, {"base_span": [368, 379], "annotations": [{"nertag": "PER"}]}, {"base_span": [573, 585], "annotations": [{"nertag": "PER"}]}, {"base_span": [597, 608], "annotations": [{"nertag": "PER"}]}, {"base_span": [748, 766], "annotations": [{"nertag": "ORG"}]}, {"base_span": [780, 793], "annotations": [{"nertag": "PER"}]}, {"base_span": [818, 827], "annotations": [{"nertag": "PER"}]}, {"base_span": [839, 850], "annotations": [{"nertag": "PER"}]}, {"base_span": [862, 870], "annotations": [{"nertag": "PER"}]}, {"base_span": [892, 898], "annotations": [{"nertag": "PER"}]}]}, {"name": "gold_wordner", "attributes": ["nertag"], "parent": null, "enveloping": null, "ambiguous": false, "serialisation_module": null, "meta": {}, "spans": [{"base_span": [1, 5], "annotations": [{"nertag": "O"}]}, {"base_span": [6, 7], "annotations": [{"nertag": "O"}]}, {"base_span": [7, 8], "annotations": [{"nertag": "O"}]}, {"base_span": [9, 17], "annotations": [{"nertag": "O"}]}, {"base_span": [18, 21], "annotations": [{"nertag": "O"}]}, {"base_span": [22, 24], "annotations": [{"nertag": "O"}]}, {"base_span": [25, 31], "annotations": [{"nertag": "O"}]}, {"base_span": [32, 39], "annotations": [{"nertag": "O"}]}, {"base_span": [40, 46], "annotations": [{"nertag": "B-ORG"}]}, {"base_span": [47, 60], "annotations": [{"nertag": "I-ORG"}]}, {"base_span": [61, 68], "annotations": [{"nertag": "O"}]}, {"base_span": [69, 78], "annotations": [{"nertag": "O"}]}, {"base_span": [79, 85], "annotations": [{"nertag": "O"}]}, {"base_span": [87, 93], "annotations": [{"nertag": "B-LOC_ORG"}]}, {"base_span": [94, 99], "annotations": [{"nertag": "I-LOC_ORG"}]}, {"base_span": [100, 107], "annotations": [{"nertag": "O"}]}, {"base_span": [108, 112], "annotations": [{"nertag": "B-PER"}]}, {"base_span": [113, 119], "annotations": [{"nertag": "I-PER"}]}, {"base_span": [120, 121], "annotations": [{"nertag": "I-PER"}]}, {"base_span": [121, 122], "annotations": [{"nertag": "I-PER"}]}, {"base_span": [123, 131], "annotations": [{"nertag": "I-PER"}]}, {"base_span": [132, 134], "annotations": [{"nertag": "O"}]}, {"base_span": [135, 141], "annotations": [{"nertag": "B-PER"}]}, {"base_span": [142, 147], "annotations": [{"nertag": "I-PER"}]}, {"base_span": [148, 149], "annotations": [{"nertag": "I-PER"}]}, {"base_span": [149, 150], "annotations": [{"nertag": "I-PER"}]}, {"base_span": [151, 160], "annotations": [{"nertag": "I-PER"}]}, {"base_span": [160, 161], "annotations": [{"nertag": "O"}]}, {"base_span": [162, 164], "annotations": [{"nertag": "O"}]}, {"base_span": [166, 173], "annotations": [{"nertag": "O"}]}, {"base_span": [174, 179], "annotations": [{"nertag": "O"}]}, {"base_span": [180, 194], "annotations": [{"nertag": "O"}]}, {"base_span": [195, 199], "annotations": [{"nertag": "O"}]}, {"base_span": [200, 205], "annotations": [{"nertag": "O"}]}, {"base_span": [206, 210], "annotations": [{"nertag": "O"}]}, {"base_span": [211, 222], "annotations": [{"nertag": "O"}]}, {"base_span": [223, 231], "annotations": [{"nertag": "O"}]}, {"base_span": [231, 232], "annotations": [{"nertag": "O"}]}, {"base_span": [233, 236], "annotations": [{"nertag": "O"}]}, {"base_span": [237, 245], "annotations": [{"nertag": "O"}]}, {"base_span": [246, 248], "annotations": [{"nertag": "O"}]}, {"base_span": [248, 249], "annotations": [{"nertag": "O"}]}, {"base_span": [251, 259], "annotations": [{"nertag": "B-PER"}]}, {"base_span": [260, 266], "annotations": [{"nertag": "O"}]}, {"base_span": [267, 270], "annotations": [{"nertag": "O"}]}, {"base_span": [271, 277], "annotations": [{"nertag": "O"}]}, {"base_span": [278, 285], "annotations": [{"nertag": "O"}]}, {"base_span": [286, 287], "annotations": [{"nertag": "B-LOC_ORG"}]}, {"base_span": [287, 292], "annotations": [{"nertag": "I-LOC_ORG"}]}, {"base_span": [292, 293], "annotations": [{"nertag": "I-LOC_ORG"}]}, {"base_span": [294, 298], "annotations": [{"nertag": "I-LOC_ORG"}]}, {"base_span": [299, 307], "annotations": [{"nertag": "O"}]}, {"base_span": [308, 311], "annotations": [{"nertag": "O"}]}, {"base_span": [312, 316], "annotations": [{"nertag": "O"}]}, {"base_span": [317, 319], "annotations": [{"nertag": "O"}]}, {"base_span": [320, 329], "annotations": [{"nertag": "O"}]}, {"base_span": [330, 334], "annotations": [{"nertag": "O"}]}, {"base_span": [335, 347], "annotations": [{"nertag": "B-PER"}]}, {"base_span": [348, 350], "annotations": [{"nertag": "O"}]}, {"base_span": [351, 360], "annotations": [{"nertag": "B-PER"}]}, {"base_span": [361, 367], "annotations": [{"nertag": "O"}]}, {"base_span": [368, 379], "annotations": [{"nertag": "B-PER"}]}, {"base_span": [380, 385], "annotations": [{"nertag": "O"}]}, {"base_span": [386, 391], "annotations": [{"nertag": "O"}]}, {"base_span": [392, 396], "annotations": [{"nertag": "O"}]}, {"base_span": [397, 398], "annotations": [{"nertag": "O"}]}, {"base_span": [399, 400], "annotations": [{"nertag": "O"}]}, {"base_span": [400, 404], "annotations": [{"nertag": "O"}]}, {"base_span": [404, 405], "annotations": [{"nertag": "O"}]}, {"base_span": [406, 411], "annotations": [{"nertag": "O"}]}, {"base_span": [412, 418], "annotations": [{"nertag": "O"}]}, {"base_span": [419, 424], "annotations": [{"nertag": "O"}]}, {"base_span": [424, 425], "annotations": [{"nertag": "O"}]}, {"base_span": [426, 431], "annotations": [{"nertag": "O"}]}, {"base_span": [432, 435], "annotations": [{"nertag": "O"}]}, {"base_span": [436, 444], "annotations": [{"nertag": "O"}]}, {"base_span": [445, 457], "annotations": [{"nertag": "O"}]}, {"base_span": [458, 462], "annotations": [{"nertag": "O"}]}, {"base_span": [463, 470], "annotations": [{"nertag": "O"}]}, {"base_span": [471, 472], "annotations": [{"nertag": "O"}]}, {"base_span": [473, 480], "annotations": [{"nertag": "O"}]}, {"base_span": [481, 483], "annotations": [{"nertag": "O"}]}, {"base_span": [483, 484], "annotations": [{"nertag": "O"}]}, {"base_span": [485, 489], "annotations": [{"nertag": "O"}]}, {"base_span": [490, 491], "annotations": [{"nertag": "O"}]}, {"base_span": [491, 492], "annotations": [{"nertag": "O"}]}, {"base_span": [493, 495], "annotations": [{"nertag": "O"}]}, {"base_span": [496, 502], "annotations": [{"nertag": "O"}]}, {"base_span": [503, 507], "annotations": [{"nertag": "O"}]}, {"base_span": [508, 514], "annotations": [{"nertag": "O"}]}, {"base_span": [514, 515], "annotations": [{"nertag": "O"}]}, {"base_span": [516, 524], "annotations": [{"nertag": "O"}]}, {"base_span": [525, 529], "annotations": [{"nertag": "O"}]}, {"base_span": [530, 534], "annotations": [{"nertag": "O"}]}, {"base_span": [535, 538], "annotations": [{"nertag": "O"}]}, {"base_span": [539, 544], "annotations": [{"nertag": "O"}]}, {"base_span": [545, 550], "annotations": [{"nertag": "O"}]}, {"base_span": [551, 555], "annotations": [{"nertag": "O"}]}, {"base_span": [556, 557], "annotations": [{"nertag": "O"}]}, {"base_span": [558, 567], "annotations": [{"nertag": "O"}]}, {"base_span": [568, 570], "annotations": [{"nertag": "O"}]}, {"base_span": [570, 571], "annotations": [{"nertag": "O"}]}, {"base_span": [573, 574], "annotations": [{"nertag": "B-PER"}]}, {"base_span": [574, 575], "annotations": [{"nertag": "I-PER"}]}, {"base_span": [576, 585], "annotations": [{"nertag": "I-PER"}]}, {"base_span": [586, 587], "annotations": [{"nertag": "O"}]}, {"base_span": [587, 594], "annotations": [{"nertag": "O"}]}, {"base_span": [594, 595], "annotations": [{"nertag": "O"}]}, {"base_span": [597, 598], "annotations": [{"nertag": "B-PER"}]}, {"base_span": [598, 599], "annotations": [{"nertag": "I-PER"}]}, {"base_span": [600, 608], "annotations": [{"nertag": "I-PER"}]}, {"base_span": [609, 610], "annotations": [{"nertag": "O"}]}, {"base_span": [610, 617], "annotations": [{"nertag": "O"}]}, {"base_span": [617, 618], "annotations": [{"nertag": "O"}]}, {"base_span": [620, 623], "annotations": [{"nertag": "O"}]}, {"base_span": [624, 636], "annotations": [{"nertag": "O"}]}, {"base_span": [637, 640], "annotations": [{"nertag": "O"}]}, {"base_span": [641, 647], "annotations": [{"nertag": "O"}]}, {"base_span": [648, 662], "annotations": [{"nertag": "O"}]}, {"base_span": [663, 679], "annotations": [{"nertag": "O"}]}, {"base_span": [680, 688], "annotations": [{"nertag": "O"}]}, {"base_span": [689, 693], "annotations": [{"nertag": "O"}]}, {"base_span": [694, 700], "annotations": [{"nertag": "O"}]}, {"base_span": [701, 703], "annotations": [{"nertag": "O"}]}, {"base_span": [704, 709], "annotations": [{"nertag": "O"}]}, {"base_span": [710, 715], "annotations": [{"nertag": "O"}]}, {"base_span": [716, 720], "annotations": [{"nertag": "O"}]}, {"base_span": [721, 731], "annotations": [{"nertag": "O"}]}, {"base_span": [731, 732], "annotations": [{"nertag": "O"}]}, {"base_span": [733, 737], "annotations": [{"nertag": "O"}]}, {"base_span": [738, 747], "annotations": [{"nertag": "O"}]}, {"base_span": [748, 754], "annotations": [{"nertag": "B-ORG"}]}, {"base_span": [755, 760], "annotations": [{"nertag": "I-ORG"}]}, {"base_span": [761, 766], "annotations": [{"nertag": "I-ORG"}]}, {"base_span": [766, 767], "annotations": [{"nertag": "O"}]}, {"base_span": [770, 779], "annotations": [{"nertag": "O"}]}, {"base_span": [780, 781], "annotations": [{"nertag": "B-PER"}]}, {"base_span": [781, 782], "annotations": [{"nertag": "I-PER"}]}, {"base_span": [783, 793], "annotations": [{"nertag": "I-PER"}]}, {"base_span": [794, 795], "annotations": [{"nertag": "O"}]}, {"base_span": [795, 802], "annotations": [{"nertag": "O"}]}, {"base_span": [802, 803], "annotations": [{"nertag": "O"}]}, {"base_span": [805, 815], "annotations": [{"nertag": "O"}]}, {"base_span": [818, 819], "annotations": [{"nertag": "B-PER"}]}, {"base_span": [819, 820], "annotations": [{"nertag": "I-PER"}]}, {"base_span": [821, 827], "annotations": [{"nertag": "I-PER"}]}, {"base_span": [828, 829], "annotations": [{"nertag": "O"}]}, {"base_span": [829, 836], "annotations": [{"nertag": "O"}]}, {"base_span": [836, 837], "annotations": [{"nertag": "O"}]}, {"base_span": [839, 840], "annotations": [{"nertag": "B-PER"}]}, {"base_span": [840, 841], "annotations": [{"nertag": "I-PER"}]}, {"base_span": [842, 850], "annotations": [{"nertag": "I-PER"}]}, {"base_span": [851, 852], "annotations": [{"nertag": "O"}]}, {"base_span": [852, 859], "annotations": [{"nertag": "O"}]}, {"base_span": [859, 860], "annotations": [{"nertag": "O"}]}, {"base_span": [862, 863], "annotations": [{"nertag": "B-PER"}]}, {"base_span": [863, 864], "annotations": [{"nertag": "I-PER"}]}, {"base_span": [865, 870], "annotations": [{"nertag": "I-PER"}]}, {"base_span": [871, 872], "annotations": [{"nertag": "O"}]}, {"base_span": [872, 879], "annotations": [{"nertag": "O"}]}, {"base_span": [879, 880], "annotations": [{"nertag": "O"}]}, {"base_span": [882, 891], "annotations": [{"nertag": "O"}]}, {"base_span": [892, 898], "annotations": [{"nertag": "B-PER"}]}, {"base_span": [899, 900], "annotations": [{"nertag": "O"}]}, {"base_span": [900, 907], "annotations": [{"nertag": "O"}]}, {"base_span": [907, 908], "annotations": [{"nertag": "O"}]}]}]}