{"text": "\nSel 12mal Märtsil 1883\n\n№ 3\n\nOlid Koos Kohtumehed pea wanem Hans Porman, Jaan Tagobert, Jaan Rullinkoff.\n\nTuli kohtu ette Kaebaja Juhan Raudsep, Kaebab, et peremees Jaan Pernestein wõtis minol 10 rubla palka ära ja ei anna kätte.\n\nKutsuti Kohtu ette Jaan Pernestein. Kohus kulas seda asja järele, miks sa tema palga kini pead, Jaan Pernestein ütleb. Minol warastati wiis rubla raha ära, ja mitte muud kegi ei käind seal Kamris Kui Juhan Raudsep, selle pärast ma pean sest rahast kini.\n\nJuhan Raudsep ütleb: Ehk wauks ma Maa siisse mo käed on sest puhtad.\n\nKohtu poolt sai mittu Kord Kül usutud, aga ei ole Ja ei ole muud tunistud, kui weike Karja pois on ukse wahelt näind et on Juhan Raudsep kamres olnud, Juhan Raudsep ütleb: ja Käisin, wõtsin Tubaga tüki Kapi otsast ära, ja Tulin wälja.\n\nSiis Kohus mõistis et Peremes Jaan Pernestin sina maksad se 10 rubla Temale  palka ära, mis sai ka täidetud aga seda meie ei wõi mitte arwata Kes se raha waras on.\n\nSe sai neile Kulutud Jaan Pernstein ei ole selega rahul nõuab suremad  Kohut. \n\nei ole wõtnud\n\nPea Kohtumees Hans Parman XXX\n\nJaan Tagobert XXX\n\nJaan Rulinkoff XXX\n\n\n", "meta": {"origin_directory": "vallakohus_kolmas/"}, "layers": [{"name": "gold_ner", "attributes": ["nertag"], "parent": null, "enveloping": null, "ambiguous": false, "serialisation_module": null, "meta": {}, "spans": [{"base_span": [61, 72], "annotations": [{"nertag": "PER"}]}, {"base_span": [74, 87], "annotations": [{"nertag": "PER"}]}, {"base_span": [89, 104], "annotations": [{"nertag": "PER"}]}, {"base_span": [131, 144], "annotations": [{"nertag": "PER"}]}, {"base_span": [166, 181], "annotations": [{"nertag": "PER"}]}, {"base_span": [251, 266], "annotations": [{"nertag": "PER"}]}, {"base_span": [328, 343], "annotations": [{"nertag": "PER"}]}, {"base_span": [432, 445], "annotations": [{"nertag": "PER"}]}, {"base_span": [487, 500], "annotations": [{"nertag": "PER"}]}, {"base_span": [680, 693], "annotations": [{"nertag": "PER"}]}, {"base_span": [708, 721], "annotations": [{"nertag": "PER"}]}, {"base_span": [823, 837], "annotations": [{"nertag": "PER"}]}, {"base_span": [979, 993], "annotations": [{"nertag": "PER"}]}, {"base_span": [1067, 1078], "annotations": [{"nertag": "PER"}]}, {"base_span": [1084, 1097], "annotations": [{"nertag": "PER"}]}, {"base_span": [1103, 1117], "annotations": [{"nertag": "PER"}]}]}, {"name": "gold_wordner", "attributes": ["nertag"], "parent": null, "enveloping": null, "ambiguous": false, "serialisation_module": null, "meta": {}, "spans": [{"base_span": [1, 4], "annotations": [{"nertag": "O"}]}, {"base_span": [5, 10], "annotations": [{"nertag": "O"}]}, {"base_span": [11, 18], "annotations": [{"nertag": "O"}]}, {"base_span": [19, 23], "annotations": [{"nertag": "O"}]}, {"base_span": [25, 26], "annotations": [{"nertag": "O"}]}, {"base_span": [27, 28], "annotations": [{"nertag": "O"}]}, {"base_span": [30, 34], "annotations": [{"nertag": "O"}]}, {"base_span": [35, 39], "annotations": [{"nertag": "O"}]}, {"base_span": [40, 50], "annotations": [{"nertag": "O"}]}, {"base_span": [51, 54], "annotations": [{"nertag": "O"}]}, {"base_span": [55, 60], "annotations": [{"nertag": "O"}]}, {"base_span": [61, 65], "annotations": [{"nertag": "B-PER"}]}, {"base_span": [66, 72], "annotations": [{"nertag": "I-PER"}]}, {"base_span": [72, 73], "annotations": [{"nertag": "O"}]}, {"base_span": [74, 78], "annotations": [{"nertag": "B-PER"}]}, {"base_span": [79, 87], "annotations": [{"nertag": "I-PER"}]}, {"base_span": [87, 88], "annotations": [{"nertag": "O"}]}, {"base_span": [89, 93], "annotations": [{"nertag": "B-PER"}]}, {"base_span": [94, 104], "annotations": [{"nertag": "I-PER"}]}, {"base_span": [104, 105], "annotations": [{"nertag": "O"}]}, {"base_span": [107, 111], "annotations": [{"nertag": "O"}]}, {"base_span": [112, 117], "annotations": [{"nertag": "O"}]}, {"base_span": [118, 122], "annotations": [{"nertag": "O"}]}, {"base_span": [123, 130], "annotations": [{"nertag": "O"}]}, {"base_span": [131, 136], "annotations": [{"nertag": "B-PER"}]}, {"base_span": [137, 144], "annotations": [{"nertag": "I-PER"}]}, {"base_span": [144, 145], "annotations": [{"nertag": "O"}]}, {"base_span": [146, 152], "annotations": [{"nertag": "O"}]}, {"base_span": [152, 153], "annotations": [{"nertag": "O"}]}, {"base_span": [154, 156], "annotations": [{"nertag": "O"}]}, {"base_span": [157, 165], "annotations": [{"nertag": "O"}]}, {"base_span": [166, 170], "annotations": [{"nertag": "B-PER"}]}, {"base_span": [171, 181], "annotations": [{"nertag": "I-PER"}]}, {"base_span": [182, 187], "annotations": [{"nertag": "O"}]}, {"base_span": [188, 193], "annotations": [{"nertag": "O"}]}, {"base_span": [194, 196], "annotations": [{"nertag": "O"}]}, {"base_span": [197, 202], "annotations": [{"nertag": "O"}]}, {"base_span": [203, 208], "annotations": [{"nertag": "O"}]}, {"base_span": [209, 212], "annotations": [{"nertag": "O"}]}, {"base_span": [213, 215], "annotations": [{"nertag": "O"}]}, {"base_span": [216, 218], "annotations": [{"nertag": "O"}]}, {"base_span": [219, 223], "annotations": [{"nertag": "O"}]}, {"base_span": [224, 229], "annotations": [{"nertag": "O"}]}, {"base_span": [229, 230], "annotations": [{"nertag": "O"}]}, {"base_span": [232, 239], "annotations": [{"nertag": "O"}]}, {"base_span": [240, 245], "annotations": [{"nertag": "O"}]}, {"base_span": [246, 250], "annotations": [{"nertag": "O"}]}, {"base_span": [251, 255], "annotations": [{"nertag": "B-PER"}]}, {"base_span": [256, 266], "annotations": [{"nertag": "I-PER"}]}, {"base_span": [266, 267], "annotations": [{"nertag": "O"}]}, {"base_span": [268, 273], "annotations": [{"nertag": "O"}]}, {"base_span": [274, 279], "annotations": [{"nertag": "O"}]}, {"base_span": [280, 284], "annotations": [{"nertag": "O"}]}, {"base_span": [285, 289], "annotations": [{"nertag": "O"}]}, {"base_span": [290, 296], "annotations": [{"nertag": "O"}]}, {"base_span": [296, 297], "annotations": [{"nertag": "O"}]}, {"base_span": [298, 302], "annotations": [{"nertag": "O"}]}, {"base_span": [303, 305], "annotations": [{"nertag": "O"}]}, {"base_span": [306, 310], "annotations": [{"nertag": "O"}]}, {"base_span": [311, 316], "annotations": [{"nertag": "O"}]}, {"base_span": [317, 321], "annotations": [{"nertag": "O"}]}, {"base_span": [322, 326], "annotations": [{"nertag": "O"}]}, {"base_span": [326, 327], "annotations": [{"nertag": "O"}]}, {"base_span": [328, 332], "annotations": [{"nertag": "B-PER"}]}, {"base_span": [333, 343], "annotations": [{"nertag": "I-PER"}]}, {"base_span": [344, 349], "annotations": [{"nertag": "O"}]}, {"base_span": [349, 350], "annotations": [{"nertag": "O"}]}, {"base_span": [351, 356], "annotations": [{"nertag": "O"}]}, {"base_span": [357, 366], "annotations": [{"nertag": "O"}]}, {"base_span": [367, 371], "annotations": [{"nertag": "O"}]}, {"base_span": [372, 377], "annotations": [{"nertag": "O"}]}, {"base_span": [378, 382], "annotations": [{"nertag": "O"}]}, {"base_span": [383, 386], "annotations": [{"nertag": "O"}]}, {"base_span": [386, 387], "annotations": [{"nertag": "O"}]}, {"base_span": [388, 390], "annotations": [{"nertag": "O"}]}, {"base_span": [391, 396], "annotations": [{"nertag": "O"}]}, {"base_span": [397, 401], "annotations": [{"nertag": "O"}]}, {"base_span": [402, 406], "annotations": [{"nertag": "O"}]}, {"base_span": [407, 409], "annotations": [{"nertag": "O"}]}, {"base_span": [410, 415], "annotations": [{"nertag": "O"}]}, {"base_span": [416, 420], "annotations": [{"nertag": "O"}]}, {"base_span": [421, 427], "annotations": [{"nertag": "O"}]}, {"base_span": [428, 431], "annotations": [{"nertag": "O"}]}, {"base_span": [432, 437], "annotations": [{"nertag": "B-PER"}]}, {"base_span": [438, 445], "annotations": [{"nertag": "I-PER"}]}, {"base_span": [445, 446], "annotations": [{"nertag": "O"}]}, {"base_span": [447, 452], "annotations": [{"nertag": "O"}]}, {"base_span": [453, 459], "annotations": [{"nertag": "O"}]}, {"base_span": [460, 462], "annotations": [{"nertag": "O"}]}, {"base_span": [463, 467], "annotations": [{"nertag": "O"}]}, {"base_span": [468, 472], "annotations": [{"nertag": "O"}]}, {"base_span": [473, 479], "annotations": [{"nertag": "O"}]}, {"base_span": [480, 484], "annotations": [{"nertag": "O"}]}, {"base_span": [484, 485], "annotations": [{"nertag": "O"}]}, {"base_span": [487, 492], "annotations": [{"nertag": "B-PER"}]}, {"base_span": [493, 500], "annotations": [{"nertag": "I-PER"}]}, {"base_span": [501, 506], "annotations": [{"nertag": "O"}]}, {"base_span": [506, 507], "annotations": [{"nertag": "O"}]}, {"base_span": [508, 511], "annotations": [{"nertag": "O"}]}, {"base_span": [512, 517], "annotations": [{"nertag": "O"}]}, {"base_span": [518, 520], "annotations": [{"nertag": "O"}]}, {"base_span": [521, 524], "annotations": [{"nertag": "O"}]}, {"base_span": [525, 531], "annotations": [{"nertag": "O"}]}, {"base_span": [532, 534], "annotations": [{"nertag": "O"}]}, {"base_span": [535, 539], "annotations": [{"nertag": "O"}]}, {"base_span": [540, 542], "annotations": [{"nertag": "O"}]}, {"base_span": [543, 547], "annotations": [{"nertag": "O"}]}, {"base_span": [548, 554], "annotations": [{"nertag": "O"}]}, {"base_span": [554, 555], "annotations": [{"nertag": "O"}]}, {"base_span": [557, 562], "annotations": [{"nertag": "O"}]}, {"base_span": [563, 568], "annotations": [{"nertag": "O"}]}, {"base_span": [569, 572], "annotations": [{"nertag": "O"}]}, {"base_span": [573, 578], "annotations": [{"nertag": "O"}]}, {"base_span": [579, 583], "annotations": [{"nertag": "O"}]}, {"base_span": [584, 587], "annotations": [{"nertag": "O"}]}, {"base_span": [588, 594], "annotations": [{"nertag": "O"}]}, {"base_span": [594, 595], "annotations": [{"nertag": "O"}]}, {"base_span": [596, 599], "annotations": [{"nertag": "O"}]}, {"base_span": [600, 602], "annotations": [{"nertag": "O"}]}, {"base_span": [603, 606], "annotations": [{"nertag": "O"}]}, {"base_span": [607, 609], "annotations": [{"nertag": "O"}]}, {"base_span": [610, 612], "annotations": [{"nertag": "O"}]}, {"base_span": [613, 616], "annotations": [{"nertag": "O"}]}, {"base_span": [617, 621], "annotations": [{"nertag": "O"}]}, {"base_span": [622, 630], "annotations": [{"nertag": "O"}]}, {"base_span": [630, 631], "annotations": [{"nertag": "O"}]}, {"base_span": [632, 635], "annotations": [{"nertag": "O"}]}, {"base_span": [636, 641], "annotations": [{"nertag": "O"}]}, {"base_span": [642, 647], "annotations": [{"nertag": "O"}]}, {"base_span": [648, 652], "annotations": [{"nertag": "O"}]}, {"base_span": [653, 655], "annotations": [{"nertag": "O"}]}, {"base_span": [656, 660], "annotations": [{"nertag": "O"}]}, {"base_span": [661, 667], "annotations": [{"nertag": "O"}]}, {"base_span": [668, 673], "annotations": [{"nertag": "O"}]}, {"base_span": [674, 676], "annotations": [{"nertag": "O"}]}, {"base_span": [677, 679], "annotations": [{"nertag": "O"}]}, {"base_span": [680, 685], "annotations": [{"nertag": "B-PER"}]}, {"base_span": [686, 693], "annotations": [{"nertag": "I-PER"}]}, {"base_span": [694, 700], "annotations": [{"nertag": "O"}]}, {"base_span": [701, 706], "annotations": [{"nertag": "O"}]}, {"base_span": [706, 707], "annotations": [{"nertag": "O"}]}, {"base_span": [708, 713], "annotations": [{"nertag": "B-PER"}]}, {"base_span": [714, 721], "annotations": [{"nertag": "I-PER"}]}, {"base_span": [722, 727], "annotations": [{"nertag": "O"}]}, {"base_span": [727, 728], "annotations": [{"nertag": "O"}]}, {"base_span": [729, 731], "annotations": [{"nertag": "O"}]}, {"base_span": [732, 738], "annotations": [{"nertag": "O"}]}, {"base_span": [738, 739], "annotations": [{"nertag": "O"}]}, {"base_span": [740, 746], "annotations": [{"nertag": "O"}]}, {"base_span": [747, 753], "annotations": [{"nertag": "O"}]}, {"base_span": [754, 758], "annotations": [{"nertag": "O"}]}, {"base_span": [759, 763], "annotations": [{"nertag": "O"}]}, {"base_span": [764, 770], "annotations": [{"nertag": "O"}]}, {"base_span": [771, 774], "annotations": [{"nertag": "O"}]}, {"base_span": [774, 775], "annotations": [{"nertag": "O"}]}, {"base_span": [776, 778], "annotations": [{"nertag": "O"}]}, {"base_span": [779, 784], "annotations": [{"nertag": "O"}]}, {"base_span": [785, 790], "annotations": [{"nertag": "O"}]}, {"base_span": [790, 791], "annotations": [{"nertag": "O"}]}, {"base_span": [793, 797], "annotations": [{"nertag": "O"}]}, {"base_span": [798, 803], "annotations": [{"nertag": "O"}]}, {"base_span": [804, 811], "annotations": [{"nertag": "O"}]}, {"base_span": [812, 814], "annotations": [{"nertag": "O"}]}, {"base_span": [815, 822], "annotations": [{"nertag": "O"}]}, {"base_span": [823, 827], "annotations": [{"nertag": "B-PER"}]}, {"base_span": [828, 837], "annotations": [{"nertag": "I-PER"}]}, {"base_span": [838, 842], "annotations": [{"nertag": "O"}]}, {"base_span": [843, 849], "annotations": [{"nertag": "O"}]}, {"base_span": [850, 852], "annotations": [{"nertag": "O"}]}, {"base_span": [853, 855], "annotations": [{"nertag": "O"}]}, {"base_span": [856, 861], "annotations": [{"nertag": "O"}]}, {"base_span": [862, 868], "annotations": [{"nertag": "O"}]}, {"base_span": [870, 875], "annotations": [{"nertag": "O"}]}, {"base_span": [876, 879], "annotations": [{"nertag": "O"}]}, {"base_span": [879, 880], "annotations": [{"nertag": "O"}]}, {"base_span": [881, 884], "annotations": [{"nertag": "O"}]}, {"base_span": [885, 888], "annotations": [{"nertag": "O"}]}, {"base_span": [889, 891], "annotations": [{"nertag": "O"}]}, {"base_span": [892, 900], "annotations": [{"nertag": "O"}]}, {"base_span": [901, 904], "annotations": [{"nertag": "O"}]}, {"base_span": [905, 909], "annotations": [{"nertag": "O"}]}, {"base_span": [910, 914], "annotations": [{"nertag": "O"}]}, {"base_span": [915, 917], "annotations": [{"nertag": "O"}]}, {"base_span": [918, 921], "annotations": [{"nertag": "O"}]}, {"base_span": [922, 927], "annotations": [{"nertag": "O"}]}, {"base_span": [928, 934], "annotations": [{"nertag": "O"}]}, {"base_span": [935, 938], "annotations": [{"nertag": "O"}]}, {"base_span": [939, 941], "annotations": [{"nertag": "O"}]}, {"base_span": [942, 946], "annotations": [{"nertag": "O"}]}, {"base_span": [947, 952], "annotations": [{"nertag": "O"}]}, {"base_span": [953, 955], "annotations": [{"nertag": "O"}]}, {"base_span": [955, 956], "annotations": [{"nertag": "O"}]}, {"base_span": [958, 960], "annotations": [{"nertag": "O"}]}, {"base_span": [961, 964], "annotations": [{"nertag": "O"}]}, {"base_span": [965, 970], "annotations": [{"nertag": "O"}]}, {"base_span": [971, 978], "annotations": [{"nertag": "O"}]}, {"base_span": [979, 983], "annotations": [{"nertag": "B-PER"}]}, {"base_span": [984, 993], "annotations": [{"nertag": "I-PER"}]}, {"base_span": [994, 996], "annotations": [{"nertag": "O"}]}, {"base_span": [997, 1000], "annotations": [{"nertag": "O"}]}, {"base_span": [1001, 1007], "annotations": [{"nertag": "O"}]}, {"base_span": [1008, 1013], "annotations": [{"nertag": "O"}]}, {"base_span": [1014, 1019], "annotations": [{"nertag": "O"}]}, {"base_span": [1020, 1027], "annotations": [{"nertag": "O"}]}, {"base_span": [1029, 1034], "annotations": [{"nertag": "O"}]}, {"base_span": [1034, 1035], "annotations": [{"nertag": "O"}]}, {"base_span": [1038, 1040], "annotations": [{"nertag": "O"}]}, {"base_span": [1041, 1044], "annotations": [{"nertag": "O"}]}, {"base_span": [1045, 1051], "annotations": [{"nertag": "O"}]}, {"base_span": [1053, 1056], "annotations": [{"nertag": "O"}]}, {"base_span": [1057, 1066], "annotations": [{"nertag": "O"}]}, {"base_span": [1067, 1071], "annotations": [{"nertag": "B-PER"}]}, {"base_span": [1072, 1078], "annotations": [{"nertag": "I-PER"}]}, {"base_span": [1079, 1082], "annotations": [{"nertag": "O"}]}, {"base_span": [1084, 1088], "annotations": [{"nertag": "B-PER"}]}, {"base_span": [1089, 1097], "annotations": [{"nertag": "I-PER"}]}, {"base_span": [1098, 1101], "annotations": [{"nertag": "O"}]}, {"base_span": [1103, 1107], "annotations": [{"nertag": "B-PER"}]}, {"base_span": [1108, 1117], "annotations": [{"nertag": "I-PER"}]}, {"base_span": [1118, 1121], "annotations": [{"nertag": "O"}]}]}]}