{"text": "\n1914 a. 1 Mai k.p. ilmusiwad   Wäätsa walla kohtu koosolekule kohtule isiklikult tuntud  Romanowi walla liikmed  August Silm ja  Krõõt Hindrek ja palusiwad akti raamatusse sissekirjutada endi allnimetatud suusõnalist lepingut.\n\nI.\n\nAugust Silm  annab oma kasuema  Krõõt Hindrekule Röa \"Madise\" talus olewatest loomadest omanduseks 1 kõrw hobune (ilma warsata), 1 lehm, 1 lammas ja 1 siga.\n\nII\n\nAugust Silm maksab Madise koha wõla 50 rbl, mis surnud Jakob Hindrekul maksa jäi.\n\nIII.\n\nKrõõt Hindrek annab üles, et temal enam misgit nõudmist August Silma wastu ei ole, peale seda, mis tema mehe testamendis 2 Aprillil 1912 tähendatud.\n\nPooled hindawad oma lepingut 200 rubla alla.\n\n Krõõt Hindrek, aga et tema kirjutada ei oska, kirjutas tema palwe peale alla\n\nJohan Teder /allkiri/\n\n August Silm /allkiri/\n\nSee sinane leping on pooltele ette loetud ja alla kirjutatud August Silma poolt  isiklikult oma käega ja  Krõõt Hindreku eest kirjaoskamatuse tõttu tema palwe peale Sooru walla liikme Johann Tederi poolt.\n\nKohtu Eesistuja Tõnsberg /allkiri/\n\nKohtu liikmed \n\n Nipper /allkiri/\n\n Brandt  /allkiri/\n\nKirjutaja Pommer /allkiri/\n\nKopija võdana negr. Kret Gindrek 1 maja 1914\n\nPredsedatel Suda Tensberg /allkiri/\n\n\n", "meta": {"origin_directory": "vallakohus_kolmas/"}, "layers": [{"name": "gold_ner", "attributes": ["nertag"], "parent": null, "enveloping": null, "ambiguous": false, "serialisation_module": null, "meta": {}, "spans": [{"base_span": [32, 50], "annotations": [{"nertag": "ORG"}]}, {"base_span": [90, 104], "annotations": [{"nertag": "LOC_ORG"}]}, {"base_span": [114, 125], "annotations": [{"nertag": "PER"}]}, {"base_span": [130, 143], "annotations": [{"nertag": "PER"}]}, {"base_span": [233, 244], "annotations": [{"nertag": "PER"}]}, {"base_span": [265, 281], "annotations": [{"nertag": "PER"}]}, {"base_span": [282, 285], "annotations": [{"nertag": "LOC"}]}, {"base_span": [286, 300], "annotations": [{"nertag": "LOC_ORG"}]}, {"base_span": [395, 406], "annotations": [{"nertag": "PER"}]}, {"base_span": [414, 425], "annotations": [{"nertag": "LOC_ORG"}]}, {"base_span": [450, 465], "annotations": [{"nertag": "PER"}]}, {"base_span": [484, 497], "annotations": [{"nertag": "PER"}]}, {"base_span": [540, 552], "annotations": [{"nertag": "PER"}]}, {"base_span": [681, 694], "annotations": [{"nertag": "PER"}]}, {"base_span": [759, 770], "annotations": [{"nertag": "PER"}]}, {"base_span": [783, 794], "annotations": [{"nertag": "PER"}]}, {"base_span": [867, 879], "annotations": [{"nertag": "PER"}]}, {"base_span": [912, 926], "annotations": [{"nertag": "PER"}]}, {"base_span": [971, 982], "annotations": [{"nertag": "LOC_ORG"}]}, {"base_span": [990, 1003], "annotations": [{"nertag": "PER"}]}, {"base_span": [1028, 1036], "annotations": [{"nertag": "PER"}]}, {"base_span": [1065, 1071], "annotations": [{"nertag": "PER"}]}, {"base_span": [1084, 1090], "annotations": [{"nertag": "PER"}]}, {"base_span": [1113, 1119], "annotations": [{"nertag": "PER"}]}, {"base_span": [1151, 1163], "annotations": [{"nertag": "PER"}]}, {"base_span": [1194, 1202], "annotations": [{"nertag": "PER"}]}]}, {"name": "gold_wordner", "attributes": ["nertag"], "parent": null, "enveloping": null, "ambiguous": false, "serialisation_module": null, "meta": {}, "spans": [{"base_span": [1, 5], "annotations": [{"nertag": "O"}]}, {"base_span": [6, 7], "annotations": [{"nertag": "O"}]}, {"base_span": [7, 8], "annotations": [{"nertag": "O"}]}, {"base_span": [9, 10], "annotations": [{"nertag": "O"}]}, {"base_span": [11, 14], "annotations": [{"nertag": "O"}]}, {"base_span": [15, 16], "annotations": [{"nertag": "O"}]}, {"base_span": [16, 17], "annotations": [{"nertag": "O"}]}, {"base_span": [17, 18], "annotations": [{"nertag": "O"}]}, {"base_span": [18, 19], "annotations": [{"nertag": "O"}]}, {"base_span": [20, 29], "annotations": [{"nertag": "O"}]}, {"base_span": [32, 38], "annotations": [{"nertag": "B-ORG"}]}, {"base_span": [39, 44], "annotations": [{"nertag": "I-ORG"}]}, {"base_span": [45, 50], "annotations": [{"nertag": "I-ORG"}]}, {"base_span": [51, 62], "annotations": [{"nertag": "O"}]}, {"base_span": [63, 70], "annotations": [{"nertag": "O"}]}, {"base_span": [71, 81], "annotations": [{"nertag": "O"}]}, {"base_span": [82, 88], "annotations": [{"nertag": "O"}]}, {"base_span": [90, 98], "annotations": [{"nertag": "B-LOC_ORG"}]}, {"base_span": [99, 104], "annotations": [{"nertag": "I-LOC_ORG"}]}, {"base_span": [105, 112], "annotations": [{"nertag": "O"}]}, {"base_span": [114, 120], "annotations": [{"nertag": "B-PER"}]}, {"base_span": [121, 125], "annotations": [{"nertag": "I-PER"}]}, {"base_span": [126, 128], "annotations": [{"nertag": "O"}]}, {"base_span": [130, 135], "annotations": [{"nertag": "B-PER"}]}, {"base_span": [136, 143], "annotations": [{"nertag": "I-PER"}]}, {"base_span": [144, 146], "annotations": [{"nertag": "O"}]}, {"base_span": [147, 156], "annotations": [{"nertag": "O"}]}, {"base_span": [157, 161], "annotations": [{"nertag": "O"}]}, {"base_span": [162, 172], "annotations": [{"nertag": "O"}]}, {"base_span": [173, 187], "annotations": [{"nertag": "O"}]}, {"base_span": [188, 192], "annotations": [{"nertag": "O"}]}, {"base_span": [193, 205], "annotations": [{"nertag": "O"}]}, {"base_span": [206, 217], "annotations": [{"nertag": "O"}]}, {"base_span": [218, 226], "annotations": [{"nertag": "O"}]}, {"base_span": [226, 227], "annotations": [{"nertag": "O"}]}, {"base_span": [229, 230], "annotations": [{"nertag": "O"}]}, {"base_span": [230, 231], "annotations": [{"nertag": "O"}]}, {"base_span": [233, 239], "annotations": [{"nertag": "B-PER"}]}, {"base_span": [240, 244], "annotations": [{"nertag": "I-PER"}]}, {"base_span": [246, 251], "annotations": [{"nertag": "O"}]}, {"base_span": [252, 255], "annotations": [{"nertag": "O"}]}, {"base_span": [256, 263], "annotations": [{"nertag": "O"}]}, {"base_span": [265, 270], "annotations": [{"nertag": "B-PER"}]}, {"base_span": [271, 281], "annotations": [{"nertag": "I-PER"}]}, {"base_span": [282, 285], "annotations": [{"nertag": "B-LOC"}]}, {"base_span": [286, 287], "annotations": [{"nertag": "B-LOC_ORG"}]}, {"base_span": [287, 293], "annotations": [{"nertag": "I-LOC_ORG"}]}, {"base_span": [293, 294], "annotations": [{"nertag": "I-LOC_ORG"}]}, {"base_span": [295, 300], "annotations": [{"nertag": "I-LOC_ORG"}]}, {"base_span": [301, 310], "annotations": [{"nertag": "O"}]}, {"base_span": [311, 320], "annotations": [{"nertag": "O"}]}, {"base_span": [321, 331], "annotations": [{"nertag": "O"}]}, {"base_span": [332, 333], "annotations": [{"nertag": "O"}]}, {"base_span": [334, 338], "annotations": [{"nertag": "O"}]}, {"base_span": [339, 345], "annotations": [{"nertag": "O"}]}, {"base_span": [346, 347], "annotations": [{"nertag": "O"}]}, {"base_span": [347, 351], "annotations": [{"nertag": "O"}]}, {"base_span": [352, 359], "annotations": [{"nertag": "O"}]}, {"base_span": [359, 360], "annotations": [{"nertag": "O"}]}, {"base_span": [360, 361], "annotations": [{"nertag": "O"}]}, {"base_span": [362, 363], "annotations": [{"nertag": "O"}]}, {"base_span": [364, 368], "annotations": [{"nertag": "O"}]}, {"base_span": [368, 369], "annotations": [{"nertag": "O"}]}, {"base_span": [370, 371], "annotations": [{"nertag": "O"}]}, {"base_span": [372, 378], "annotations": [{"nertag": "O"}]}, {"base_span": [379, 381], "annotations": [{"nertag": "O"}]}, {"base_span": [382, 383], "annotations": [{"nertag": "O"}]}, {"base_span": [384, 388], "annotations": [{"nertag": "O"}]}, {"base_span": [388, 389], "annotations": [{"nertag": "O"}]}, {"base_span": [391, 393], "annotations": [{"nertag": "O"}]}, {"base_span": [395, 401], "annotations": [{"nertag": "B-PER"}]}, {"base_span": [402, 406], "annotations": [{"nertag": "I-PER"}]}, {"base_span": [407, 413], "annotations": [{"nertag": "O"}]}, {"base_span": [414, 420], "annotations": [{"nertag": "B-LOC_ORG"}]}, {"base_span": [421, 425], "annotations": [{"nertag": "I-LOC_ORG"}]}, {"base_span": [426, 430], "annotations": [{"nertag": "O"}]}, {"base_span": [431, 433], "annotations": [{"nertag": "O"}]}, {"base_span": [434, 437], "annotations": [{"nertag": "O"}]}, {"base_span": [437, 438], "annotations": [{"nertag": "O"}]}, {"base_span": [439, 442], "annotations": [{"nertag": "O"}]}, {"base_span": [443, 449], "annotations": [{"nertag": "O"}]}, {"base_span": [450, 455], "annotations": [{"nertag": "B-PER"}]}, {"base_span": [456, 465], "annotations": [{"nertag": "I-PER"}]}, {"base_span": [466, 471], "annotations": [{"nertag": "O"}]}, {"base_span": [472, 475], "annotations": [{"nertag": "O"}]}, {"base_span": [475, 476], "annotations": [{"nertag": "O"}]}, {"base_span": [478, 481], "annotations": [{"nertag": "O"}]}, {"base_span": [481, 482], "annotations": [{"nertag": "O"}]}, {"base_span": [484, 489], "annotations": [{"nertag": "B-PER"}]}, {"base_span": [490, 497], "annotations": [{"nertag": "I-PER"}]}, {"base_span": [498, 503], "annotations": [{"nertag": "O"}]}, {"base_span": [504, 508], "annotations": [{"nertag": "O"}]}, {"base_span": [508, 509], "annotations": [{"nertag": "O"}]}, {"base_span": [510, 512], "annotations": [{"nertag": "O"}]}, {"base_span": [513, 518], "annotations": [{"nertag": "O"}]}, {"base_span": [519, 523], "annotations": [{"nertag": "O"}]}, {"base_span": [524, 530], "annotations": [{"nertag": "O"}]}, {"base_span": [531, 539], "annotations": [{"nertag": "O"}]}, {"base_span": [540, 546], "annotations": [{"nertag": "B-PER"}]}, {"base_span": [547, 552], "annotations": [{"nertag": "I-PER"}]}, {"base_span": [553, 558], "annotations": [{"nertag": "O"}]}, {"base_span": [559, 561], "annotations": [{"nertag": "O"}]}, {"base_span": [562, 565], "annotations": [{"nertag": "O"}]}, {"base_span": [565, 566], "annotations": [{"nertag": "O"}]}, {"base_span": [567, 572], "annotations": [{"nertag": "O"}]}, {"base_span": [573, 577], "annotations": [{"nertag": "O"}]}, {"base_span": [577, 578], "annotations": [{"nertag": "O"}]}, {"base_span": [579, 582], "annotations": [{"nertag": "O"}]}, {"base_span": [583, 587], "annotations": [{"nertag": "O"}]}, {"base_span": [588, 592], "annotations": [{"nertag": "O"}]}, {"base_span": [593, 604], "annotations": [{"nertag": "O"}]}, {"base_span": [605, 606], "annotations": [{"nertag": "O"}]}, {"base_span": [607, 615], "annotations": [{"nertag": "O"}]}, {"base_span": [616, 620], "annotations": [{"nertag": "O"}]}, {"base_span": [621, 631], "annotations": [{"nertag": "O"}]}, {"base_span": [631, 632], "annotations": [{"nertag": "O"}]}, {"base_span": [634, 640], "annotations": [{"nertag": "O"}]}, {"base_span": [641, 649], "annotations": [{"nertag": "O"}]}, {"base_span": [650, 653], "annotations": [{"nertag": "O"}]}, {"base_span": [654, 662], "annotations": [{"nertag": "O"}]}, {"base_span": [663, 666], "annotations": [{"nertag": "O"}]}, {"base_span": [667, 672], "annotations": [{"nertag": "O"}]}, {"base_span": [673, 677], "annotations": [{"nertag": "O"}]}, {"base_span": [677, 678], "annotations": [{"nertag": "O"}]}, {"base_span": [681, 686], "annotations": [{"nertag": "B-PER"}]}, {"base_span": [687, 694], "annotations": [{"nertag": "I-PER"}]}, {"base_span": [694, 695], "annotations": [{"nertag": "O"}]}, {"base_span": [696, 699], "annotations": [{"nertag": "O"}]}, {"base_span": [700, 702], "annotations": [{"nertag": "O"}]}, {"base_span": [703, 707], "annotations": [{"nertag": "O"}]}, {"base_span": [708, 717], "annotations": [{"nertag": "O"}]}, {"base_span": [718, 720], "annotations": [{"nertag": "O"}]}, {"base_span": [721, 725], "annotations": [{"nertag": "O"}]}, {"base_span": [725, 726], "annotations": [{"nertag": "O"}]}, {"base_span": [727, 735], "annotations": [{"nertag": "O"}]}, {"base_span": [736, 740], "annotations": [{"nertag": "O"}]}, {"base_span": [741, 746], "annotations": [{"nertag": "O"}]}, {"base_span": [747, 752], "annotations": [{"nertag": "O"}]}, {"base_span": [753, 757], "annotations": [{"nertag": "O"}]}, {"base_span": [759, 764], "annotations": [{"nertag": "B-PER"}]}, {"base_span": [765, 770], "annotations": [{"nertag": "I-PER"}]}, {"base_span": [771, 772], "annotations": [{"nertag": "O"}]}, {"base_span": [772, 779], "annotations": [{"nertag": "O"}]}, {"base_span": [779, 780], "annotations": [{"nertag": "O"}]}, {"base_span": [783, 789], "annotations": [{"nertag": "B-PER"}]}, {"base_span": [790, 794], "annotations": [{"nertag": "I-PER"}]}, {"base_span": [795, 796], "annotations": [{"nertag": "O"}]}, {"base_span": [796, 803], "annotations": [{"nertag": "O"}]}, {"base_span": [803, 804], "annotations": [{"nertag": "O"}]}, {"base_span": [806, 809], "annotations": [{"nertag": "O"}]}, {"base_span": [810, 816], "annotations": [{"nertag": "O"}]}, {"base_span": [817, 823], "annotations": [{"nertag": "O"}]}, {"base_span": [824, 826], "annotations": [{"nertag": "O"}]}, {"base_span": [827, 835], "annotations": [{"nertag": "O"}]}, {"base_span": [836, 840], "annotations": [{"nertag": "O"}]}, {"base_span": [841, 847], "annotations": [{"nertag": "O"}]}, {"base_span": [848, 850], "annotations": [{"nertag": "O"}]}, {"base_span": [851, 855], "annotations": [{"nertag": "O"}]}, {"base_span": [856, 866], "annotations": [{"nertag": "O"}]}, {"base_span": [867, 873], "annotations": [{"nertag": "B-PER"}]}, {"base_span": [874, 879], "annotations": [{"nertag": "I-PER"}]}, {"base_span": [880, 885], "annotations": [{"nertag": "O"}]}, {"base_span": [887, 897], "annotations": [{"nertag": "O"}]}, {"base_span": [898, 901], "annotations": [{"nertag": "O"}]}, {"base_span": [902, 907], "annotations": [{"nertag": "O"}]}, {"base_span": [908, 910], "annotations": [{"nertag": "O"}]}, {"base_span": [912, 917], "annotations": [{"nertag": "B-PER"}]}, {"base_span": [918, 926], "annotations": [{"nertag": "I-PER"}]}, {"base_span": [927, 931], "annotations": [{"nertag": "O"}]}, {"base_span": [932, 947], "annotations": [{"nertag": "O"}]}, {"base_span": [948, 953], "annotations": [{"nertag": "O"}]}, {"base_span": [954, 958], "annotations": [{"nertag": "O"}]}, {"base_span": [959, 964], "annotations": [{"nertag": "O"}]}, {"base_span": [965, 970], "annotations": [{"nertag": "O"}]}, {"base_span": [971, 976], "annotations": [{"nertag": "B-LOC_ORG"}]}, {"base_span": [977, 982], "annotations": [{"nertag": "I-LOC_ORG"}]}, {"base_span": [983, 989], "annotations": [{"nertag": "O"}]}, {"base_span": [990, 996], "annotations": [{"nertag": "B-PER"}]}, {"base_span": [997, 1003], "annotations": [{"nertag": "I-PER"}]}, {"base_span": [1004, 1009], "annotations": [{"nertag": "O"}]}, {"base_span": [1009, 1010], "annotations": [{"nertag": "O"}]}, {"base_span": [1012, 1017], "annotations": [{"nertag": "O"}]}, {"base_span": [1018, 1027], "annotations": [{"nertag": "O"}]}, {"base_span": [1028, 1036], "annotations": [{"nertag": "B-PER"}]}, {"base_span": [1037, 1038], "annotations": [{"nertag": "O"}]}, {"base_span": [1038, 1045], "annotations": [{"nertag": "O"}]}, {"base_span": [1045, 1046], "annotations": [{"nertag": "O"}]}, {"base_span": [1048, 1053], "annotations": [{"nertag": "O"}]}, {"base_span": [1054, 1061], "annotations": [{"nertag": "O"}]}, {"base_span": [1065, 1071], "annotations": [{"nertag": "B-PER"}]}, {"base_span": [1072, 1073], "annotations": [{"nertag": "O"}]}, {"base_span": [1073, 1080], "annotations": [{"nertag": "O"}]}, {"base_span": [1080, 1081], "annotations": [{"nertag": "O"}]}, {"base_span": [1084, 1090], "annotations": [{"nertag": "B-PER"}]}, {"base_span": [1092, 1093], "annotations": [{"nertag": "O"}]}, {"base_span": [1093, 1100], "annotations": [{"nertag": "O"}]}, {"base_span": [1100, 1101], "annotations": [{"nertag": "O"}]}, {"base_span": [1103, 1112], "annotations": [{"nertag": "O"}]}, {"base_span": [1113, 1119], "annotations": [{"nertag": "B-PER"}]}, {"base_span": [1120, 1121], "annotations": [{"nertag": "O"}]}, {"base_span": [1121, 1128], "annotations": [{"nertag": "O"}]}, {"base_span": [1128, 1129], "annotations": [{"nertag": "O"}]}, {"base_span": [1131, 1137], "annotations": [{"nertag": "O"}]}, {"base_span": [1138, 1144], "annotations": [{"nertag": "O"}]}, {"base_span": [1145, 1149], "annotations": [{"nertag": "O"}]}, {"base_span": [1149, 1150], "annotations": [{"nertag": "O"}]}, {"base_span": [1151, 1155], "annotations": [{"nertag": "B-PER"}]}, {"base_span": [1156, 1163], "annotations": [{"nertag": "I-PER"}]}, {"base_span": [1164, 1165], "annotations": [{"nertag": "O"}]}, {"base_span": [1166, 1170], "annotations": [{"nertag": "O"}]}, {"base_span": [1171, 1175], "annotations": [{"nertag": "O"}]}, {"base_span": [1177, 1188], "annotations": [{"nertag": "O"}]}, {"base_span": [1189, 1193], "annotations": [{"nertag": "O"}]}, {"base_span": [1194, 1202], "annotations": [{"nertag": "B-PER"}]}, {"base_span": [1203, 1204], "annotations": [{"nertag": "O"}]}, {"base_span": [1204, 1211], "annotations": [{"nertag": "O"}]}, {"base_span": [1211, 1212], "annotations": [{"nertag": "O"}]}]}]}