{"text": "Prottokoll sel 15mal Juunis 1881\nKoos olid kohtu Peawanem: Jaan Saarmann\nJaan Kreep\nHans Simsohn\nKirjutaja: H. Saarmu\n\n 32.\n\nKohtu laua ette astus Käru walla mees  Kaarel Liwersohn ja kaebas: et Hans Saarmann ja Hans Wanaisak on teda hirmsaste Kirna Reopalu kõrtsus peksnud ja et Toomas Wirkaus, Hans Poak ja Mihkel  Nass on seda peksmist pealt näinud.\n Toomas Wirkaus, Hans Poak ja Mihkel Nass astusid ette ja ütlesid: et  Kaarel Liwersohni kaebdus tõsi on.\nHans Saarmann ja Hans Wanaisak astusid ette ja ei wõinud seda mitte ära salata, seepärast, et need ülemal nimetud tunistuse mehed on seda pealt waatanud.\nNemad lepisid selle moodiga ära, et Hans Saarmann ja Hans Wanaisaak maksid 11 Rubla 50 kop. kus sest rahast 10 Rubla Kaarel Liwersohnile sai tema peksu eest, ja 1 Rubla 50 kop käemestele.\nJa on ka täidetud. \n\nKirna walla kogukonna kohtu nimel,\nPeawanem: Jaan Saarmann XXX\nJaan Kreeps XXX\nHans Simsohn XXX\nTunnistuseks kirjutaja: H. Saarmu /allkiri/\n\n", "meta": {"origin_directory": "vallakohus_esimene/"}, "layers": [{"name": "gold_ner", "attributes": ["nertag"], "parent": null, "enveloping": null, "ambiguous": false, "serialisation_module": null, "meta": {}, "spans": [{"base_span": [59, 72], "annotations": [{"nertag": "PER"}]}, {"base_span": [73, 83], "annotations": [{"nertag": "PER"}]}, {"base_span": [84, 96], "annotations": [{"nertag": "PER"}]}, {"base_span": [108, 117], "annotations": [{"nertag": "PER"}]}, {"base_span": [147, 157], "annotations": [{"nertag": "LOC_ORG"}]}, {"base_span": [164, 180], "annotations": [{"nertag": "PER"}]}, {"base_span": [195, 208], "annotations": [{"nertag": "PER"}]}, {"base_span": [212, 225], "annotations": [{"nertag": "PER"}]}, {"base_span": [244, 249], "annotations": [{"nertag": "LOC"}]}, {"base_span": [250, 265], "annotations": [{"nertag": "LOC_ORG"}]}, {"base_span": [280, 294], "annotations": [{"nertag": "PER"}]}, {"base_span": [296, 305], "annotations": [{"nertag": "PER"}]}, {"base_span": [309, 321], "annotations": [{"nertag": "PER"}]}, {"base_span": [354, 368], "annotations": [{"nertag": "PER"}]}, {"base_span": [370, 379], "annotations": [{"nertag": "PER"}]}, {"base_span": [383, 394], "annotations": [{"nertag": "PER"}]}, {"base_span": [424, 441], "annotations": [{"nertag": "PER"}]}, {"base_span": [459, 472], "annotations": [{"nertag": "PER"}]}, {"base_span": [476, 489], "annotations": [{"nertag": "PER"}]}, {"base_span": [649, 662], "annotations": [{"nertag": "PER"}]}, {"base_span": [666, 680], "annotations": [{"nertag": "PER"}]}, {"base_span": [730, 749], "annotations": [{"nertag": "PER"}]}, {"base_span": [822, 849], "annotations": [{"nertag": "ORG"}]}, {"base_span": [867, 880], "annotations": [{"nertag": "PER"}]}, {"base_span": [885, 896], "annotations": [{"nertag": "PER"}]}, {"base_span": [901, 913], "annotations": [{"nertag": "PER"}]}, {"base_span": [942, 951], "annotations": [{"nertag": "PER"}]}]}, {"name": "gold_wordner", "attributes": ["nertag"], "parent": null, "enveloping": null, "ambiguous": false, "serialisation_module": null, "meta": {}, "spans": [{"base_span": [0, 10], "annotations": [{"nertag": "O"}]}, {"base_span": [11, 14], "annotations": [{"nertag": "O"}]}, {"base_span": [15, 20], "annotations": [{"nertag": "O"}]}, {"base_span": [21, 27], "annotations": [{"nertag": "O"}]}, {"base_span": [28, 32], "annotations": [{"nertag": "O"}]}, {"base_span": [33, 37], "annotations": [{"nertag": "O"}]}, {"base_span": [38, 42], "annotations": [{"nertag": "O"}]}, {"base_span": [43, 48], "annotations": [{"nertag": "O"}]}, {"base_span": [49, 57], "annotations": [{"nertag": "O"}]}, {"base_span": [57, 58], "annotations": [{"nertag": "O"}]}, {"base_span": [59, 63], "annotations": [{"nertag": "B-PER"}]}, {"base_span": [64, 72], "annotations": [{"nertag": "I-PER"}]}, {"base_span": [73, 77], "annotations": [{"nertag": "B-PER"}]}, {"base_span": [78, 83], "annotations": [{"nertag": "I-PER"}]}, {"base_span": [84, 88], "annotations": [{"nertag": "B-PER"}]}, {"base_span": [89, 96], "annotations": [{"nertag": "I-PER"}]}, {"base_span": [97, 106], "annotations": [{"nertag": "O"}]}, {"base_span": [106, 107], "annotations": [{"nertag": "O"}]}, {"base_span": [108, 109], "annotations": [{"nertag": "B-PER"}]}, {"base_span": [109, 110], "annotations": [{"nertag": "I-PER"}]}, {"base_span": [111, 117], "annotations": [{"nertag": "I-PER"}]}, {"base_span": [120, 123], "annotations": [{"nertag": "O"}]}, {"base_span": [125, 130], "annotations": [{"nertag": "O"}]}, {"base_span": [131, 135], "annotations": [{"nertag": "O"}]}, {"base_span": [136, 140], "annotations": [{"nertag": "O"}]}, {"base_span": [141, 146], "annotations": [{"nertag": "O"}]}, {"base_span": [147, 151], "annotations": [{"nertag": "B-LOC_ORG"}]}, {"base_span": [152, 157], "annotations": [{"nertag": "I-LOC_ORG"}]}, {"base_span": [158, 162], "annotations": [{"nertag": "O"}]}, {"base_span": [164, 170], "annotations": [{"nertag": "B-PER"}]}, {"base_span": [171, 180], "annotations": [{"nertag": "I-PER"}]}, {"base_span": [181, 183], "annotations": [{"nertag": "O"}]}, {"base_span": [184, 190], "annotations": [{"nertag": "O"}]}, {"base_span": [190, 191], "annotations": [{"nertag": "O"}]}, {"base_span": [192, 194], "annotations": [{"nertag": "O"}]}, {"base_span": [195, 199], "annotations": [{"nertag": "B-PER"}]}, {"base_span": [200, 208], "annotations": [{"nertag": "I-PER"}]}, {"base_span": [209, 211], "annotations": [{"nertag": "O"}]}, {"base_span": [212, 216], "annotations": [{"nertag": "B-PER"}]}, {"base_span": [217, 225], "annotations": [{"nertag": "I-PER"}]}, {"base_span": [226, 228], "annotations": [{"nertag": "O"}]}, {"base_span": [229, 233], "annotations": [{"nertag": "O"}]}, {"base_span": [234, 243], "annotations": [{"nertag": "O"}]}, {"base_span": [244, 249], "annotations": [{"nertag": "B-LOC"}]}, {"base_span": [250, 257], "annotations": [{"nertag": "B-LOC_ORG"}]}, {"base_span": [258, 265], "annotations": [{"nertag": "I-LOC_ORG"}]}, {"base_span": [266, 273], "annotations": [{"nertag": "O"}]}, {"base_span": [274, 276], "annotations": [{"nertag": "O"}]}, {"base_span": [277, 279], "annotations": [{"nertag": "O"}]}, {"base_span": [280, 286], "annotations": [{"nertag": "B-PER"}]}, {"base_span": [287, 294], "annotations": [{"nertag": "I-PER"}]}, {"base_span": [294, 295], "annotations": [{"nertag": "O"}]}, {"base_span": [296, 300], "annotations": [{"nertag": "B-PER"}]}, {"base_span": [301, 305], "annotations": [{"nertag": "I-PER"}]}, {"base_span": [306, 308], "annotations": [{"nertag": "O"}]}, {"base_span": [309, 315], "annotations": [{"nertag": "B-PER"}]}, {"base_span": [317, 321], "annotations": [{"nertag": "I-PER"}]}, {"base_span": [322, 324], "annotations": [{"nertag": "O"}]}, {"base_span": [325, 329], "annotations": [{"nertag": "O"}]}, {"base_span": [330, 338], "annotations": [{"nertag": "O"}]}, {"base_span": [339, 344], "annotations": [{"nertag": "O"}]}, {"base_span": [345, 351], "annotations": [{"nertag": "O"}]}, {"base_span": [351, 352], "annotations": [{"nertag": "O"}]}, {"base_span": [354, 360], "annotations": [{"nertag": "B-PER"}]}, {"base_span": [361, 368], "annotations": [{"nertag": "I-PER"}]}, {"base_span": [368, 369], "annotations": [{"nertag": "O"}]}, {"base_span": [370, 374], "annotations": [{"nertag": "B-PER"}]}, {"base_span": [375, 379], "annotations": [{"nertag": "I-PER"}]}, {"base_span": [380, 382], "annotations": [{"nertag": "O"}]}, {"base_span": [383, 389], "annotations": [{"nertag": "B-PER"}]}, {"base_span": [390, 394], "annotations": [{"nertag": "I-PER"}]}, {"base_span": [395, 402], "annotations": [{"nertag": "O"}]}, {"base_span": [403, 407], "annotations": [{"nertag": "O"}]}, {"base_span": [408, 410], "annotations": [{"nertag": "O"}]}, {"base_span": [411, 418], "annotations": [{"nertag": "O"}]}, {"base_span": [418, 419], "annotations": [{"nertag": "O"}]}, {"base_span": [420, 422], "annotations": [{"nertag": "O"}]}, {"base_span": [424, 430], "annotations": [{"nertag": "B-PER"}]}, {"base_span": [431, 441], "annotations": [{"nertag": "I-PER"}]}, {"base_span": [442, 449], "annotations": [{"nertag": "O"}]}, {"base_span": [450, 454], "annotations": [{"nertag": "O"}]}, {"base_span": [455, 457], "annotations": [{"nertag": "O"}]}, {"base_span": [457, 458], "annotations": [{"nertag": "O"}]}, {"base_span": [459, 463], "annotations": [{"nertag": "B-PER"}]}, {"base_span": [464, 472], "annotations": [{"nertag": "I-PER"}]}, {"base_span": [473, 475], "annotations": [{"nertag": "O"}]}, {"base_span": [476, 480], "annotations": [{"nertag": "B-PER"}]}, {"base_span": [481, 489], "annotations": [{"nertag": "I-PER"}]}, {"base_span": [490, 497], "annotations": [{"nertag": "O"}]}, {"base_span": [498, 502], "annotations": [{"nertag": "O"}]}, {"base_span": [503, 505], "annotations": [{"nertag": "O"}]}, {"base_span": [506, 508], "annotations": [{"nertag": "O"}]}, {"base_span": [509, 515], "annotations": [{"nertag": "O"}]}, {"base_span": [516, 520], "annotations": [{"nertag": "O"}]}, {"base_span": [521, 526], "annotations": [{"nertag": "O"}]}, {"base_span": [527, 530], "annotations": [{"nertag": "O"}]}, {"base_span": [531, 537], "annotations": [{"nertag": "O"}]}, {"base_span": [537, 538], "annotations": [{"nertag": "O"}]}, {"base_span": [539, 548], "annotations": [{"nertag": "O"}]}, {"base_span": [548, 549], "annotations": [{"nertag": "O"}]}, {"base_span": [550, 552], "annotations": [{"nertag": "O"}]}, {"base_span": [553, 557], "annotations": [{"nertag": "O"}]}, {"base_span": [558, 564], "annotations": [{"nertag": "O"}]}, {"base_span": [565, 572], "annotations": [{"nertag": "O"}]}, {"base_span": [573, 582], "annotations": [{"nertag": "O"}]}, {"base_span": [583, 588], "annotations": [{"nertag": "O"}]}, {"base_span": [589, 591], "annotations": [{"nertag": "O"}]}, {"base_span": [592, 596], "annotations": [{"nertag": "O"}]}, {"base_span": [597, 602], "annotations": [{"nertag": "O"}]}, {"base_span": [603, 611], "annotations": [{"nertag": "O"}]}, {"base_span": [611, 612], "annotations": [{"nertag": "O"}]}, {"base_span": [613, 618], "annotations": [{"nertag": "O"}]}, {"base_span": [619, 626], "annotations": [{"nertag": "O"}]}, {"base_span": [627, 632], "annotations": [{"nertag": "O"}]}, {"base_span": [633, 640], "annotations": [{"nertag": "O"}]}, {"base_span": [641, 644], "annotations": [{"nertag": "O"}]}, {"base_span": [644, 645], "annotations": [{"nertag": "O"}]}, {"base_span": [646, 648], "annotations": [{"nertag": "O"}]}, {"base_span": [649, 653], "annotations": [{"nertag": "B-PER"}]}, {"base_span": [654, 662], "annotations": [{"nertag": "I-PER"}]}, {"base_span": [663, 665], "annotations": [{"nertag": "O"}]}, {"base_span": [666, 670], "annotations": [{"nertag": "B-PER"}]}, {"base_span": [671, 680], "annotations": [{"nertag": "I-PER"}]}, {"base_span": [681, 687], "annotations": [{"nertag": "O"}]}, {"base_span": [688, 690], "annotations": [{"nertag": "O"}]}, {"base_span": [691, 696], "annotations": [{"nertag": "O"}]}, {"base_span": [697, 699], "annotations": [{"nertag": "O"}]}, {"base_span": [700, 703], "annotations": [{"nertag": "O"}]}, {"base_span": [703, 704], "annotations": [{"nertag": "O"}]}, {"base_span": [705, 708], "annotations": [{"nertag": "O"}]}, {"base_span": [709, 713], "annotations": [{"nertag": "O"}]}, {"base_span": [714, 720], "annotations": [{"nertag": "O"}]}, {"base_span": [721, 723], "annotations": [{"nertag": "O"}]}, {"base_span": [724, 729], "annotations": [{"nertag": "O"}]}, {"base_span": [730, 736], "annotations": [{"nertag": "B-PER"}]}, {"base_span": [737, 749], "annotations": [{"nertag": "I-PER"}]}, {"base_span": [750, 753], "annotations": [{"nertag": "O"}]}, {"base_span": [754, 758], "annotations": [{"nertag": "O"}]}, {"base_span": [759, 764], "annotations": [{"nertag": "O"}]}, {"base_span": [765, 769], "annotations": [{"nertag": "O"}]}, {"base_span": [769, 770], "annotations": [{"nertag": "O"}]}, {"base_span": [771, 773], "annotations": [{"nertag": "O"}]}, {"base_span": [774, 775], "annotations": [{"nertag": "O"}]}, {"base_span": [776, 781], "annotations": [{"nertag": "O"}]}, {"base_span": [782, 784], "annotations": [{"nertag": "O"}]}, {"base_span": [785, 788], "annotations": [{"nertag": "O"}]}, {"base_span": [789, 799], "annotations": [{"nertag": "O"}]}, {"base_span": [799, 800], "annotations": [{"nertag": "O"}]}, {"base_span": [801, 803], "annotations": [{"nertag": "O"}]}, {"base_span": [804, 806], "annotations": [{"nertag": "O"}]}, {"base_span": [807, 809], "annotations": [{"nertag": "O"}]}, {"base_span": [810, 818], "annotations": [{"nertag": "O"}]}, {"base_span": [818, 819], "annotations": [{"nertag": "O"}]}, {"base_span": [822, 827], "annotations": [{"nertag": "B-ORG"}]}, {"base_span": [828, 833], "annotations": [{"nertag": "I-ORG"}]}, {"base_span": [834, 843], "annotations": [{"nertag": "I-ORG"}]}, {"base_span": [844, 849], "annotations": [{"nertag": "I-ORG"}]}, {"base_span": [850, 855], "annotations": [{"nertag": "O"}]}, {"base_span": [855, 856], "annotations": [{"nertag": "O"}]}, {"base_span": [857, 865], "annotations": [{"nertag": "O"}]}, {"base_span": [865, 866], "annotations": [{"nertag": "O"}]}, {"base_span": [867, 871], "annotations": [{"nertag": "B-PER"}]}, {"base_span": [872, 880], "annotations": [{"nertag": "I-PER"}]}, {"base_span": [881, 884], "annotations": [{"nertag": "O"}]}, {"base_span": [885, 889], "annotations": [{"nertag": "B-PER"}]}, {"base_span": [890, 896], "annotations": [{"nertag": "I-PER"}]}, {"base_span": [897, 900], "annotations": [{"nertag": "O"}]}, {"base_span": [901, 905], "annotations": [{"nertag": "B-PER"}]}, {"base_span": [906, 913], "annotations": [{"nertag": "I-PER"}]}, {"base_span": [914, 917], "annotations": [{"nertag": "O"}]}, {"base_span": [918, 930], "annotations": [{"nertag": "O"}]}, {"base_span": [931, 940], "annotations": [{"nertag": "O"}]}, {"base_span": [940, 941], "annotations": [{"nertag": "O"}]}, {"base_span": [942, 943], "annotations": [{"nertag": "B-PER"}]}, {"base_span": [943, 944], "annotations": [{"nertag": "I-PER"}]}, {"base_span": [945, 951], "annotations": [{"nertag": "I-PER"}]}, {"base_span": [952, 953], "annotations": [{"nertag": "O"}]}, {"base_span": [953, 960], "annotations": [{"nertag": "O"}]}, {"base_span": [960, 961], "annotations": [{"nertag": "O"}]}]}]}