{"text": "\nOliwad kohtu korra pärast kohtu majasse kokku tulnud:\nKohtu wanem: J. Korkman\nKõrwas mees: J. Freiberg\n- \" - H. Ölbaum\n\nKohtu ette tuli Mart Waadewits ja kaebab mina ajasin katuhwleid tahti esti ajasin perenaisel naduge ja tüdrukul ja wabadikul ajasin puhas lahti ja tüdruk ütles näha mis ikke nõuu mejed on. Mina küsisin mis see tähendab, tema ütles, et mina olen heina ajal kõrwes küinis wabadiku naise juures maganud üks pühapäew ja Mängissaare eit on ka imeks panud. Nelipühi keskmisel pühal kambris sängis oleme jälle kahekesi maganud.\n\nTüdruk Miina Wanaaru ütleb, et Mart Waadewits ajas esti mull ja perenaisel naduke kartuhwleid lahti ja perenaine ütles, waata Miina wabadikul aetakse puhas lahti ja mina ütlesin waata kus nõuu mehed on, selle peale hakkas Mart mulle litsisi lugema ja mis teie wana 2 krappi minust tahate. Wabadiku naine ütles mis sa klõpsik minust tahad ja mina wastasin ära teistele klõpsikuid loe, sa magasid keskmisel Nelipühi hommikul posi kõrwas sängis ja kõrwes ullasid üks pühapäew heina ajal küünis nõnda et Mängissaare eit seda imeks pani ja ütles, ei see ole ilus kui naine postega hullab.\n\nWabadiku naine Leenu Kullama ütleb, et kõrwes meie muud ei teinud kui laulsime, aga wahest on saanud weel koerust tehtud minu oma mehe silma all, ja muud sõna ma tüdrukule ei öölnud kui mis sa minust kisud ja klõpsid.\n\nMart Kullama Leenu mees ütleb, et tema on Nelipühi keskmisel pühal kodu olnud kunni kella 11 teistkümneni ja siis seltsis Mart Waadewitsaga ära läinud, see asi jäeb poolele ja saab kirjalikult Albu kohtu läbi Mängissaare eide käest küsitud.\n\nKohtu wanem: J. Korkmann xxx\nKõrwas mees: J. Freiberg \n\n- \" -  H. Ölbaum \nKirjutaja: K. Wilmansen xxx\n\nLäheb No 32 Protokollis edasi. \n \n\n \n\n\n", "meta": {"origin_directory": "vallakohus_teine/"}, "layers": [{"name": "gold_ner", "attributes": ["nertag"], "parent": null, "enveloping": null, "ambiguous": false, "serialisation_module": null, "meta": {}, "spans": [{"base_span": [68, 78], "annotations": [{"nertag": "PER"}]}, {"base_span": [92, 103], "annotations": [{"nertag": "PER"}]}, {"base_span": [110, 119], "annotations": [{"nertag": "PER"}]}, {"base_span": [137, 151], "annotations": [{"nertag": "PER"}]}, {"base_span": [437, 448], "annotations": [{"nertag": "LOC_ORG"}]}, {"base_span": [550, 563], "annotations": [{"nertag": "PER"}]}, {"base_span": [574, 588], "annotations": [{"nertag": "PER"}]}, {"base_span": [669, 674], "annotations": [{"nertag": "PER"}]}, {"base_span": [765, 769], "annotations": [{"nertag": "PER"}]}, {"base_span": [1043, 1054], "annotations": [{"nertag": "LOC_ORG"}]}, {"base_span": [1143, 1156], "annotations": [{"nertag": "PER"}]}, {"base_span": [1347, 1359], "annotations": [{"nertag": "PER"}]}, {"base_span": [1360, 1365], "annotations": [{"nertag": "PER"}]}, {"base_span": [1469, 1486], "annotations": [{"nertag": "PER"}]}, {"base_span": [1540, 1550], "annotations": [{"nertag": "ORG"}]}, {"base_span": [1556, 1567], "annotations": [{"nertag": "LOC_ORG"}]}, {"base_span": [1602, 1613], "annotations": [{"nertag": "PER"}]}, {"base_span": [1631, 1642], "annotations": [{"nertag": "PER"}]}, {"base_span": [1652, 1661], "annotations": [{"nertag": "PER"}]}, {"base_span": [1674, 1686], "annotations": [{"nertag": "PER"}]}]}, {"name": "gold_wordner", "attributes": ["nertag"], "parent": null, "enveloping": null, "ambiguous": false, "serialisation_module": null, "meta": {}, "spans": [{"base_span": [1, 7], "annotations": [{"nertag": "O"}]}, {"base_span": [8, 13], "annotations": [{"nertag": "O"}]}, {"base_span": [14, 19], "annotations": [{"nertag": "O"}]}, {"base_span": [20, 26], "annotations": [{"nertag": "O"}]}, {"base_span": [27, 32], "annotations": [{"nertag": "O"}]}, {"base_span": [33, 40], "annotations": [{"nertag": "O"}]}, {"base_span": [41, 46], "annotations": [{"nertag": "O"}]}, {"base_span": [47, 53], "annotations": [{"nertag": "O"}]}, {"base_span": [53, 54], "annotations": [{"nertag": "O"}]}, {"base_span": [55, 60], "annotations": [{"nertag": "O"}]}, {"base_span": [61, 66], "annotations": [{"nertag": "O"}]}, {"base_span": [66, 67], "annotations": [{"nertag": "O"}]}, {"base_span": [68, 69], "annotations": [{"nertag": "B-PER"}]}, {"base_span": [69, 70], "annotations": [{"nertag": "I-PER"}]}, {"base_span": [71, 78], "annotations": [{"nertag": "I-PER"}]}, {"base_span": [79, 85], "annotations": [{"nertag": "O"}]}, {"base_span": [86, 90], "annotations": [{"nertag": "O"}]}, {"base_span": [90, 91], "annotations": [{"nertag": "O"}]}, {"base_span": [92, 93], "annotations": [{"nertag": "B-PER"}]}, {"base_span": [93, 94], "annotations": [{"nertag": "I-PER"}]}, {"base_span": [95, 103], "annotations": [{"nertag": "I-PER"}]}, {"base_span": [104, 105], "annotations": [{"nertag": "O"}]}, {"base_span": [106, 107], "annotations": [{"nertag": "O"}]}, {"base_span": [108, 109], "annotations": [{"nertag": "O"}]}, {"base_span": [110, 111], "annotations": [{"nertag": "B-PER"}]}, {"base_span": [111, 112], "annotations": [{"nertag": "I-PER"}]}, {"base_span": [113, 119], "annotations": [{"nertag": "I-PER"}]}, {"base_span": [121, 126], "annotations": [{"nertag": "O"}]}, {"base_span": [127, 131], "annotations": [{"nertag": "O"}]}, {"base_span": [132, 136], "annotations": [{"nertag": "O"}]}, {"base_span": [137, 141], "annotations": [{"nertag": "B-PER"}]}, {"base_span": [142, 151], "annotations": [{"nertag": "I-PER"}]}, {"base_span": [152, 154], "annotations": [{"nertag": "O"}]}, {"base_span": [155, 161], "annotations": [{"nertag": "O"}]}, {"base_span": [162, 166], "annotations": [{"nertag": "O"}]}, {"base_span": [167, 173], "annotations": [{"nertag": "O"}]}, {"base_span": [174, 184], "annotations": [{"nertag": "O"}]}, {"base_span": [185, 190], "annotations": [{"nertag": "O"}]}, {"base_span": [191, 195], "annotations": [{"nertag": "O"}]}, {"base_span": [196, 202], "annotations": [{"nertag": "O"}]}, {"base_span": [203, 213], "annotations": [{"nertag": "O"}]}, {"base_span": [214, 220], "annotations": [{"nertag": "O"}]}, {"base_span": [221, 223], "annotations": [{"nertag": "O"}]}, {"base_span": [224, 232], "annotations": [{"nertag": "O"}]}, {"base_span": [233, 235], "annotations": [{"nertag": "O"}]}, {"base_span": [236, 245], "annotations": [{"nertag": "O"}]}, {"base_span": [246, 252], "annotations": [{"nertag": "O"}]}, {"base_span": [253, 258], "annotations": [{"nertag": "O"}]}, {"base_span": [259, 264], "annotations": [{"nertag": "O"}]}, {"base_span": [265, 267], "annotations": [{"nertag": "O"}]}, {"base_span": [268, 274], "annotations": [{"nertag": "O"}]}, {"base_span": [275, 280], "annotations": [{"nertag": "O"}]}, {"base_span": [281, 285], "annotations": [{"nertag": "O"}]}, {"base_span": [286, 289], "annotations": [{"nertag": "O"}]}, {"base_span": [290, 294], "annotations": [{"nertag": "O"}]}, {"base_span": [295, 299], "annotations": [{"nertag": "O"}]}, {"base_span": [300, 305], "annotations": [{"nertag": "O"}]}, {"base_span": [306, 308], "annotations": [{"nertag": "O"}]}, {"base_span": [308, 309], "annotations": [{"nertag": "O"}]}, {"base_span": [310, 314], "annotations": [{"nertag": "O"}]}, {"base_span": [315, 322], "annotations": [{"nertag": "O"}]}, {"base_span": [323, 326], "annotations": [{"nertag": "O"}]}, {"base_span": [327, 330], "annotations": [{"nertag": "O"}]}, {"base_span": [331, 339], "annotations": [{"nertag": "O"}]}, {"base_span": [339, 340], "annotations": [{"nertag": "O"}]}, {"base_span": [341, 345], "annotations": [{"nertag": "O"}]}, {"base_span": [346, 351], "annotations": [{"nertag": "O"}]}, {"base_span": [351, 352], "annotations": [{"nertag": "O"}]}, {"base_span": [353, 355], "annotations": [{"nertag": "O"}]}, {"base_span": [356, 360], "annotations": [{"nertag": "O"}]}, {"base_span": [361, 365], "annotations": [{"nertag": "O"}]}, {"base_span": [366, 371], "annotations": [{"nertag": "O"}]}, {"base_span": [372, 376], "annotations": [{"nertag": "O"}]}, {"base_span": [377, 383], "annotations": [{"nertag": "O"}]}, {"base_span": [384, 390], "annotations": [{"nertag": "O"}]}, {"base_span": [391, 399], "annotations": [{"nertag": "O"}]}, {"base_span": [400, 405], "annotations": [{"nertag": "O"}]}, {"base_span": [406, 412], "annotations": [{"nertag": "O"}]}, {"base_span": [413, 420], "annotations": [{"nertag": "O"}]}, {"base_span": [421, 424], "annotations": [{"nertag": "O"}]}, {"base_span": [425, 433], "annotations": [{"nertag": "O"}]}, {"base_span": [434, 436], "annotations": [{"nertag": "O"}]}, {"base_span": [437, 448], "annotations": [{"nertag": "B-LOC_ORG"}]}, {"base_span": [449, 452], "annotations": [{"nertag": "O"}]}, {"base_span": [453, 455], "annotations": [{"nertag": "O"}]}, {"base_span": [456, 458], "annotations": [{"nertag": "O"}]}, {"base_span": [459, 464], "annotations": [{"nertag": "O"}]}, {"base_span": [465, 470], "annotations": [{"nertag": "O"}]}, {"base_span": [470, 471], "annotations": [{"nertag": "O"}]}, {"base_span": [472, 480], "annotations": [{"nertag": "O"}]}, {"base_span": [481, 490], "annotations": [{"nertag": "O"}]}, {"base_span": [491, 496], "annotations": [{"nertag": "O"}]}, {"base_span": [497, 504], "annotations": [{"nertag": "O"}]}, {"base_span": [505, 511], "annotations": [{"nertag": "O"}]}, {"base_span": [512, 517], "annotations": [{"nertag": "O"}]}, {"base_span": [518, 523], "annotations": [{"nertag": "O"}]}, {"base_span": [524, 532], "annotations": [{"nertag": "O"}]}, {"base_span": [533, 540], "annotations": [{"nertag": "O"}]}, {"base_span": [540, 541], "annotations": [{"nertag": "O"}]}, {"base_span": [543, 549], "annotations": [{"nertag": "O"}]}, {"base_span": [550, 555], "annotations": [{"nertag": "B-PER"}]}, {"base_span": [556, 563], "annotations": [{"nertag": "I-PER"}]}, {"base_span": [564, 569], "annotations": [{"nertag": "O"}]}, {"base_span": [569, 570], "annotations": [{"nertag": "O"}]}, {"base_span": [571, 573], "annotations": [{"nertag": "O"}]}, {"base_span": [574, 578], "annotations": [{"nertag": "B-PER"}]}, {"base_span": [579, 588], "annotations": [{"nertag": "I-PER"}]}, {"base_span": [589, 593], "annotations": [{"nertag": "O"}]}, {"base_span": [594, 598], "annotations": [{"nertag": "O"}]}, {"base_span": [599, 603], "annotations": [{"nertag": "O"}]}, {"base_span": [604, 606], "annotations": [{"nertag": "O"}]}, {"base_span": [607, 617], "annotations": [{"nertag": "O"}]}, {"base_span": [618, 624], "annotations": [{"nertag": "O"}]}, {"base_span": [625, 636], "annotations": [{"nertag": "O"}]}, {"base_span": [637, 642], "annotations": [{"nertag": "O"}]}, {"base_span": [643, 645], "annotations": [{"nertag": "O"}]}, {"base_span": [646, 655], "annotations": [{"nertag": "O"}]}, {"base_span": [656, 661], "annotations": [{"nertag": "O"}]}, {"base_span": [661, 662], "annotations": [{"nertag": "O"}]}, {"base_span": [663, 668], "annotations": [{"nertag": "O"}]}, {"base_span": [669, 674], "annotations": [{"nertag": "B-PER"}]}, {"base_span": [675, 684], "annotations": [{"nertag": "O"}]}, {"base_span": [685, 692], "annotations": [{"nertag": "O"}]}, {"base_span": [693, 698], "annotations": [{"nertag": "O"}]}, {"base_span": [699, 704], "annotations": [{"nertag": "O"}]}, {"base_span": [705, 707], "annotations": [{"nertag": "O"}]}, {"base_span": [708, 712], "annotations": [{"nertag": "O"}]}, {"base_span": [713, 720], "annotations": [{"nertag": "O"}]}, {"base_span": [721, 726], "annotations": [{"nertag": "O"}]}, {"base_span": [727, 730], "annotations": [{"nertag": "O"}]}, {"base_span": [731, 735], "annotations": [{"nertag": "O"}]}, {"base_span": [736, 741], "annotations": [{"nertag": "O"}]}, {"base_span": [742, 744], "annotations": [{"nertag": "O"}]}, {"base_span": [744, 745], "annotations": [{"nertag": "O"}]}, {"base_span": [746, 751], "annotations": [{"nertag": "O"}]}, {"base_span": [752, 757], "annotations": [{"nertag": "O"}]}, {"base_span": [758, 764], "annotations": [{"nertag": "O"}]}, {"base_span": [765, 769], "annotations": [{"nertag": "B-PER"}]}, {"base_span": [770, 775], "annotations": [{"nertag": "O"}]}, {"base_span": [776, 783], "annotations": [{"nertag": "O"}]}, {"base_span": [784, 790], "annotations": [{"nertag": "O"}]}, {"base_span": [791, 793], "annotations": [{"nertag": "O"}]}, {"base_span": [794, 797], "annotations": [{"nertag": "O"}]}, {"base_span": [798, 802], "annotations": [{"nertag": "O"}]}, {"base_span": [803, 807], "annotations": [{"nertag": "O"}]}, {"base_span": [808, 809], "annotations": [{"nertag": "O"}]}, {"base_span": [810, 816], "annotations": [{"nertag": "O"}]}, {"base_span": [817, 823], "annotations": [{"nertag": "O"}]}, {"base_span": [824, 830], "annotations": [{"nertag": "O"}]}, {"base_span": [830, 831], "annotations": [{"nertag": "O"}]}, {"base_span": [832, 840], "annotations": [{"nertag": "O"}]}, {"base_span": [841, 846], "annotations": [{"nertag": "O"}]}, {"base_span": [847, 852], "annotations": [{"nertag": "O"}]}, {"base_span": [853, 856], "annotations": [{"nertag": "O"}]}, {"base_span": [857, 859], "annotations": [{"nertag": "O"}]}, {"base_span": [860, 867], "annotations": [{"nertag": "O"}]}, {"base_span": [868, 874], "annotations": [{"nertag": "O"}]}, {"base_span": [875, 880], "annotations": [{"nertag": "O"}]}, {"base_span": [881, 883], "annotations": [{"nertag": "O"}]}, {"base_span": [884, 888], "annotations": [{"nertag": "O"}]}, {"base_span": [889, 897], "annotations": [{"nertag": "O"}]}, {"base_span": [898, 901], "annotations": [{"nertag": "O"}]}, {"base_span": [902, 910], "annotations": [{"nertag": "O"}]}, {"base_span": [911, 921], "annotations": [{"nertag": "O"}]}, {"base_span": [922, 925], "annotations": [{"nertag": "O"}]}, {"base_span": [925, 926], "annotations": [{"nertag": "O"}]}, {"base_span": [927, 929], "annotations": [{"nertag": "O"}]}, {"base_span": [930, 937], "annotations": [{"nertag": "O"}]}, {"base_span": [938, 947], "annotations": [{"nertag": "O"}]}, {"base_span": [948, 956], "annotations": [{"nertag": "O"}]}, {"base_span": [957, 965], "annotations": [{"nertag": "O"}]}, {"base_span": [966, 970], "annotations": [{"nertag": "O"}]}, {"base_span": [971, 977], "annotations": [{"nertag": "O"}]}, {"base_span": [978, 984], "annotations": [{"nertag": "O"}]}, {"base_span": [985, 987], "annotations": [{"nertag": "O"}]}, {"base_span": [988, 994], "annotations": [{"nertag": "O"}]}, {"base_span": [995, 1002], "annotations": [{"nertag": "O"}]}, {"base_span": [1003, 1006], "annotations": [{"nertag": "O"}]}, {"base_span": [1007, 1015], "annotations": [{"nertag": "O"}]}, {"base_span": [1016, 1021], "annotations": [{"nertag": "O"}]}, {"base_span": [1022, 1026], "annotations": [{"nertag": "O"}]}, {"base_span": [1027, 1033], "annotations": [{"nertag": "O"}]}, {"base_span": [1034, 1039], "annotations": [{"nertag": "O"}]}, {"base_span": [1040, 1042], "annotations": [{"nertag": "O"}]}, {"base_span": [1043, 1054], "annotations": [{"nertag": "B-LOC_ORG"}]}, {"base_span": [1055, 1058], "annotations": [{"nertag": "O"}]}, {"base_span": [1059, 1063], "annotations": [{"nertag": "O"}]}, {"base_span": [1064, 1069], "annotations": [{"nertag": "O"}]}, {"base_span": [1070, 1074], "annotations": [{"nertag": "O"}]}, {"base_span": [1075, 1077], "annotations": [{"nertag": "O"}]}, {"base_span": [1078, 1083], "annotations": [{"nertag": "O"}]}, {"base_span": [1083, 1084], "annotations": [{"nertag": "O"}]}, {"base_span": [1085, 1087], "annotations": [{"nertag": "O"}]}, {"base_span": [1088, 1091], "annotations": [{"nertag": "O"}]}, {"base_span": [1092, 1095], "annotations": [{"nertag": "O"}]}, {"base_span": [1096, 1100], "annotations": [{"nertag": "O"}]}, {"base_span": [1101, 1104], "annotations": [{"nertag": "O"}]}, {"base_span": [1105, 1110], "annotations": [{"nertag": "O"}]}, {"base_span": [1111, 1118], "annotations": [{"nertag": "O"}]}, {"base_span": [1119, 1125], "annotations": [{"nertag": "O"}]}, {"base_span": [1125, 1126], "annotations": [{"nertag": "O"}]}, {"base_span": [1128, 1136], "annotations": [{"nertag": "O"}]}, {"base_span": [1137, 1142], "annotations": [{"nertag": "O"}]}, {"base_span": [1143, 1148], "annotations": [{"nertag": "B-PER"}]}, {"base_span": [1149, 1156], "annotations": [{"nertag": "I-PER"}]}, {"base_span": [1157, 1162], "annotations": [{"nertag": "O"}]}, {"base_span": [1162, 1163], "annotations": [{"nertag": "O"}]}, {"base_span": [1164, 1166], "annotations": [{"nertag": "O"}]}, {"base_span": [1167, 1173], "annotations": [{"nertag": "O"}]}, {"base_span": [1174, 1178], "annotations": [{"nertag": "O"}]}, {"base_span": [1179, 1183], "annotations": [{"nertag": "O"}]}, {"base_span": [1184, 1186], "annotations": [{"nertag": "O"}]}, {"base_span": [1187, 1193], "annotations": [{"nertag": "O"}]}, {"base_span": [1194, 1197], "annotations": [{"nertag": "O"}]}, {"base_span": [1198, 1206], "annotations": [{"nertag": "O"}]}, {"base_span": [1206, 1207], "annotations": [{"nertag": "O"}]}, {"base_span": [1208, 1211], "annotations": [{"nertag": "O"}]}, {"base_span": [1212, 1218], "annotations": [{"nertag": "O"}]}, {"base_span": [1219, 1221], "annotations": [{"nertag": "O"}]}, {"base_span": [1222, 1228], "annotations": [{"nertag": "O"}]}, {"base_span": [1229, 1233], "annotations": [{"nertag": "O"}]}, {"base_span": [1234, 1241], "annotations": [{"nertag": "O"}]}, {"base_span": [1242, 1248], "annotations": [{"nertag": "O"}]}, {"base_span": [1249, 1253], "annotations": [{"nertag": "O"}]}, {"base_span": [1254, 1257], "annotations": [{"nertag": "O"}]}, {"base_span": [1258, 1262], "annotations": [{"nertag": "O"}]}, {"base_span": [1263, 1268], "annotations": [{"nertag": "O"}]}, {"base_span": [1269, 1272], "annotations": [{"nertag": "O"}]}, {"base_span": [1272, 1273], "annotations": [{"nertag": "O"}]}, {"base_span": [1274, 1276], "annotations": [{"nertag": "O"}]}, {"base_span": [1277, 1281], "annotations": [{"nertag": "O"}]}, {"base_span": [1282, 1286], "annotations": [{"nertag": "O"}]}, {"base_span": [1287, 1289], "annotations": [{"nertag": "O"}]}, {"base_span": [1290, 1299], "annotations": [{"nertag": "O"}]}, {"base_span": [1300, 1302], "annotations": [{"nertag": "O"}]}, {"base_span": [1303, 1309], "annotations": [{"nertag": "O"}]}, {"base_span": [1310, 1313], "annotations": [{"nertag": "O"}]}, {"base_span": [1314, 1317], "annotations": [{"nertag": "O"}]}, {"base_span": [1318, 1320], "annotations": [{"nertag": "O"}]}, {"base_span": [1321, 1327], "annotations": [{"nertag": "O"}]}, {"base_span": [1328, 1333], "annotations": [{"nertag": "O"}]}, {"base_span": [1334, 1336], "annotations": [{"nertag": "O"}]}, {"base_span": [1337, 1344], "annotations": [{"nertag": "O"}]}, {"base_span": [1344, 1345], "annotations": [{"nertag": "O"}]}, {"base_span": [1347, 1351], "annotations": [{"nertag": "B-PER"}]}, {"base_span": [1352, 1359], "annotations": [{"nertag": "I-PER"}]}, {"base_span": [1360, 1365], "annotations": [{"nertag": "B-PER"}]}, {"base_span": [1366, 1370], "annotations": [{"nertag": "O"}]}, {"base_span": [1371, 1376], "annotations": [{"nertag": "O"}]}, {"base_span": [1376, 1377], "annotations": [{"nertag": "O"}]}, {"base_span": [1378, 1380], "annotations": [{"nertag": "O"}]}, {"base_span": [1381, 1385], "annotations": [{"nertag": "O"}]}, {"base_span": [1386, 1388], "annotations": [{"nertag": "O"}]}, {"base_span": [1389, 1397], "annotations": [{"nertag": "O"}]}, {"base_span": [1398, 1407], "annotations": [{"nertag": "O"}]}, {"base_span": [1408, 1413], "annotations": [{"nertag": "O"}]}, {"base_span": [1414, 1418], "annotations": [{"nertag": "O"}]}, {"base_span": [1419, 1424], "annotations": [{"nertag": "O"}]}, {"base_span": [1425, 1430], "annotations": [{"nertag": "O"}]}, {"base_span": [1431, 1436], "annotations": [{"nertag": "O"}]}, {"base_span": [1437, 1439], "annotations": [{"nertag": "O"}]}, {"base_span": [1440, 1452], "annotations": [{"nertag": "O"}]}, {"base_span": [1453, 1455], "annotations": [{"nertag": "O"}]}, {"base_span": [1456, 1460], "annotations": [{"nertag": "O"}]}, {"base_span": [1461, 1468], "annotations": [{"nertag": "O"}]}, {"base_span": [1469, 1473], "annotations": [{"nertag": "B-PER"}]}, {"base_span": [1474, 1486], "annotations": [{"nertag": "I-PER"}]}, {"base_span": [1487, 1490], "annotations": [{"nertag": "O"}]}, {"base_span": [1491, 1497], "annotations": [{"nertag": "O"}]}, {"base_span": [1497, 1498], "annotations": [{"nertag": "O"}]}, {"base_span": [1499, 1502], "annotations": [{"nertag": "O"}]}, {"base_span": [1503, 1506], "annotations": [{"nertag": "O"}]}, {"base_span": [1507, 1511], "annotations": [{"nertag": "O"}]}, {"base_span": [1512, 1519], "annotations": [{"nertag": "O"}]}, {"base_span": [1520, 1522], "annotations": [{"nertag": "O"}]}, {"base_span": [1523, 1527], "annotations": [{"nertag": "O"}]}, {"base_span": [1528, 1539], "annotations": [{"nertag": "O"}]}, {"base_span": [1540, 1544], "annotations": [{"nertag": "B-ORG"}]}, {"base_span": [1545, 1550], "annotations": [{"nertag": "I-ORG"}]}, {"base_span": [1551, 1555], "annotations": [{"nertag": "O"}]}, {"base_span": [1556, 1567], "annotations": [{"nertag": "B-LOC_ORG"}]}, {"base_span": [1568, 1572], "annotations": [{"nertag": "O"}]}, {"base_span": [1573, 1578], "annotations": [{"nertag": "O"}]}, {"base_span": [1579, 1586], "annotations": [{"nertag": "O"}]}, {"base_span": [1586, 1587], "annotations": [{"nertag": "O"}]}, {"base_span": [1589, 1594], "annotations": [{"nertag": "O"}]}, {"base_span": [1595, 1600], "annotations": [{"nertag": "O"}]}, {"base_span": [1600, 1601], "annotations": [{"nertag": "O"}]}, {"base_span": [1602, 1603], "annotations": [{"nertag": "B-PER"}]}, {"base_span": [1603, 1604], "annotations": [{"nertag": "I-PER"}]}, {"base_span": [1605, 1613], "annotations": [{"nertag": "I-PER"}]}, {"base_span": [1614, 1617], "annotations": [{"nertag": "O"}]}, {"base_span": [1618, 1624], "annotations": [{"nertag": "O"}]}, {"base_span": [1625, 1629], "annotations": [{"nertag": "O"}]}, {"base_span": [1629, 1630], "annotations": [{"nertag": "O"}]}, {"base_span": [1631, 1632], "annotations": [{"nertag": "B-PER"}]}, {"base_span": [1632, 1633], "annotations": [{"nertag": "I-PER"}]}, {"base_span": [1634, 1642], "annotations": [{"nertag": "I-PER"}]}, {"base_span": [1645, 1646], "annotations": [{"nertag": "O"}]}, {"base_span": [1647, 1648], "annotations": [{"nertag": "O"}]}, {"base_span": [1649, 1650], "annotations": [{"nertag": "O"}]}, {"base_span": [1652, 1653], "annotations": [{"nertag": "B-PER"}]}, {"base_span": [1653, 1654], "annotations": [{"nertag": "I-PER"}]}, {"base_span": [1655, 1661], "annotations": [{"nertag": "I-PER"}]}, {"base_span": [1663, 1672], "annotations": [{"nertag": "O"}]}, {"base_span": [1672, 1673], "annotations": [{"nertag": "O"}]}, {"base_span": [1674, 1675], "annotations": [{"nertag": "B-PER"}]}, {"base_span": [1675, 1676], "annotations": [{"nertag": "I-PER"}]}, {"base_span": [1677, 1686], "annotations": [{"nertag": "I-PER"}]}, {"base_span": [1687, 1690], "annotations": [{"nertag": "O"}]}, {"base_span": [1692, 1697], "annotations": [{"nertag": "O"}]}, {"base_span": [1698, 1700], "annotations": [{"nertag": "O"}]}, {"base_span": [1701, 1703], "annotations": [{"nertag": "O"}]}, {"base_span": [1704, 1715], "annotations": [{"nertag": "O"}]}, {"base_span": [1716, 1721], "annotations": [{"nertag": "O"}]}, {"base_span": [1721, 1722], "annotations": [{"nertag": "O"}]}]}]}