{"text": "No 3 Kohto ees kaebaja Marri Udekül ja temma wastane Kotlep Rep, sõimmo sannade ja lükkamisse pärrast, Marri Udekül on kaebanud et ta on läinud Reppi poodi rahha wahhe tamma ja on näinud Reppi käes Hõbbe rahha ja on, ütelnud andge se rahha mulle, siis Rep on ütelnud Marri Udeküllalle sõimmo sannad? - Siis Marri Udekül on on ütelnud Et egga teie nende sannade peälle ei olle mitte kaup mees, teie ollede kaltsakas, agga ma ollen üks Mehhe nainne. \nSiis on Kotlep rep ütelnud Marri Udeküllalle, sa olled lehma Õdde, siis Marri on ütelnud Kudda ma lehma õdde ollen eks ma olle Mehhe nainnne, ja on kargenud omma letti taggast wälja lükkanud Marri ude külla poest wälja, ja Marri pea on läinud wasto poe uksse piitta ja Marril on olnud kaks pabberid pihhus ja on ärra teinne kaddunud. \nSiis kutsus kohhus Kotlep rebbi kohto ette ja küsis Et kuidda sa olled Marrille ütelnud lehma õdde ja miks sa ta wisksid ta poest wälja, Kotlep rep ütles Ma wiskasin ta selle pärrast poest wälja, mis ta mulle ütles kaltsakas ja ma ollin ommas majas omma kauba jurres et kudda ma siis wõin kaltsakas olla Mul on jo wiksid riited seljas et kui igga üks tulleb ja ütlep mulle kaltsakas , siis ei woi ma Mitte omma kauba jurres seista.\nSiis kohhus küssis Kotlep reppi käest , kas sa ütlesid Marrille lehhma õdde, rep ütles ja, Kohhus küssis jälle Kotlep reppikäest Kas sa wiskasid ta poest wäljajaKotlep ütles ja Kohhus küssis kas sa näggid ta rahha Rep ütlles ei olle mitte näinnud ta woib paljoki ütleda agga ei tea kas tal olli middagi woi ei olnnud. \nKohhus küssis Kotleb rebbi käest kas sa tahhat leppida ja Ta sõimas mid kaltsakast ja Kohhus küssis Marri Udekülla käest Et kas tahhat ärra leppida, Marri ütles kudda ma wõin leppida ta ütles mulle halwat sannat ja lükkas mind ja ma sain haiged ja jäin omma rahhast ilma. \nKohhus küssis Marri Udekülla käest et kas sa perri sedda rahha mis ärra kaddunud on reppi käest ja Marri ütles et kuidda ma woin sedda reppi käest pärrida egga ma sedda rahha ei jattnud reppi letti peälle, et ma temma käest wõin pärrida. Kohhus küssis reppi käest et kas sa lähhed teissi kohtto, et teie ei tahha leppida, ja Kotlep rep ütles ei minna ei lähhe, ja kohhus küssis Marri käest et kas sa olled sellega rahhul et rep peap maksma Maggasi laega 50 koppikat, sellepärrast Et miks ta sind lükkas, ja Marri ütles et egga ma omma rubllatt illama ei tahha jäda Ma ei olle sellega rahhul ma Kaepan sedda surremasse kohhto ja kohhus ütles Marri Udeküllalle et kudda meie wõisimme sulle sedda rahha mõista sa issi ütlesid et egga ma wõi sedda rahha pärrida Marri poolt tunnis mees Jaan Udekül Udeküllalt \n\n", "meta": {"origin_directory": "vallakohus_esimene/"}, "layers": [{"name": "gold_ner", "attributes": ["nertag"], "parent": null, "enveloping": null, "ambiguous": false, "serialisation_module": null, "meta": {}, "spans": [{"base_span": [23, 35], "annotations": [{"nertag": "PER"}]}, {"base_span": [53, 63], "annotations": [{"nertag": "PER"}]}, {"base_span": [103, 115], "annotations": [{"nertag": "PER"}]}, {"base_span": [144, 155], "annotations": [{"nertag": "LOC_ORG"}]}, {"base_span": [187, 192], "annotations": [{"nertag": "PER"}]}, {"base_span": [252, 255], "annotations": [{"nertag": "PER"}]}, {"base_span": [267, 284], "annotations": [{"nertag": "PER"}]}, {"base_span": [307, 319], "annotations": [{"nertag": "PER"}]}, {"base_span": [457, 467], "annotations": [{"nertag": "PER"}]}, {"base_span": [476, 493], "annotations": [{"nertag": "PER"}]}, {"base_span": [521, 526], "annotations": [{"nertag": "PER"}]}, {"base_span": [640, 655], "annotations": [{"nertag": "PER"}]}, {"base_span": [672, 677], "annotations": [{"nertag": "PER"}]}, {"base_span": [718, 724], "annotations": [{"nertag": "PER"}]}, {"base_span": [803, 815], "annotations": [{"nertag": "PER"}]}, {"base_span": [855, 863], "annotations": [{"nertag": "PER"}]}, {"base_span": [921, 931], "annotations": [{"nertag": "PER"}]}, {"base_span": [1235, 1247], "annotations": [{"nertag": "PER"}]}, {"base_span": [1271, 1279], "annotations": [{"nertag": "PER"}]}, {"base_span": [1293, 1296], "annotations": [{"nertag": "PER"}]}, {"base_span": [1327, 1339], "annotations": [{"nertag": "PER"}]}, {"base_span": [1377, 1383], "annotations": [{"nertag": "PER"}]}, {"base_span": [1430, 1433], "annotations": [{"nertag": "PER"}]}, {"base_span": [1549, 1561], "annotations": [{"nertag": "PER"}]}, {"base_span": [1635, 1649], "annotations": [{"nertag": "PER"}]}, {"base_span": [1684, 1689], "annotations": [{"nertag": "PER"}]}, {"base_span": [1822, 1836], "annotations": [{"nertag": "PER"}]}, {"base_span": [1892, 1897], "annotations": [{"nertag": "PER"}]}, {"base_span": [1907, 1912], "annotations": [{"nertag": "PER"}]}, {"base_span": [1943, 1948], "annotations": [{"nertag": "PER"}]}, {"base_span": [1994, 1999], "annotations": [{"nertag": "PER"}]}, {"base_span": [2060, 2065], "annotations": [{"nertag": "PER"}]}, {"base_span": [2133, 2143], "annotations": [{"nertag": "PER"}]}, {"base_span": [2186, 2191], "annotations": [{"nertag": "PER"}]}, {"base_span": [2232, 2235], "annotations": [{"nertag": "PER"}]}, {"base_span": [2315, 2320], "annotations": [{"nertag": "PER"}]}, {"base_span": [2449, 2466], "annotations": [{"nertag": "PER"}]}, {"base_span": [2566, 2571], "annotations": [{"nertag": "PER"}]}, {"base_span": [2590, 2601], "annotations": [{"nertag": "PER"}]}, {"base_span": [2602, 2612], "annotations": [{"nertag": "LOC"}]}]}, {"name": "gold_wordner", "attributes": ["nertag"], "parent": null, "enveloping": null, "ambiguous": false, "serialisation_module": null, "meta": {}, "spans": [{"base_span": [0, 2], "annotations": [{"nertag": "O"}]}, {"base_span": [3, 4], "annotations": [{"nertag": "O"}]}, {"base_span": [5, 10], "annotations": [{"nertag": "O"}]}, {"base_span": [11, 14], "annotations": [{"nertag": "O"}]}, {"base_span": [15, 22], "annotations": [{"nertag": "O"}]}, {"base_span": [23, 28], "annotations": [{"nertag": "B-PER"}]}, {"base_span": [29, 35], "annotations": [{"nertag": "I-PER"}]}, {"base_span": [36, 38], "annotations": [{"nertag": "O"}]}, {"base_span": [39, 44], "annotations": [{"nertag": "O"}]}, {"base_span": [45, 52], "annotations": [{"nertag": "O"}]}, {"base_span": [53, 59], "annotations": [{"nertag": "B-PER"}]}, {"base_span": [60, 63], "annotations": [{"nertag": "I-PER"}]}, {"base_span": [63, 64], "annotations": [{"nertag": "O"}]}, {"base_span": [65, 71], "annotations": [{"nertag": "O"}]}, {"base_span": [72, 79], "annotations": [{"nertag": "O"}]}, {"base_span": [80, 82], "annotations": [{"nertag": "O"}]}, {"base_span": [83, 93], "annotations": [{"nertag": "O"}]}, {"base_span": [94, 101], "annotations": [{"nertag": "O"}]}, {"base_span": [101, 102], "annotations": [{"nertag": "O"}]}, {"base_span": [103, 108], "annotations": [{"nertag": "B-PER"}]}, {"base_span": [109, 115], "annotations": [{"nertag": "I-PER"}]}, {"base_span": [116, 118], "annotations": [{"nertag": "O"}]}, {"base_span": [119, 127], "annotations": [{"nertag": "O"}]}, {"base_span": [128, 130], "annotations": [{"nertag": "O"}]}, {"base_span": [131, 133], "annotations": [{"nertag": "O"}]}, {"base_span": [134, 136], "annotations": [{"nertag": "O"}]}, {"base_span": [137, 143], "annotations": [{"nertag": "O"}]}, {"base_span": [144, 149], "annotations": [{"nertag": "B-LOC_ORG"}]}, {"base_span": [150, 155], "annotations": [{"nertag": "I-LOC_ORG"}]}, {"base_span": [156, 161], "annotations": [{"nertag": "O"}]}, {"base_span": [162, 167], "annotations": [{"nertag": "O"}]}, {"base_span": [168, 173], "annotations": [{"nertag": "O"}]}, {"base_span": [174, 176], "annotations": [{"nertag": "O"}]}, {"base_span": [177, 179], "annotations": [{"nertag": "O"}]}, {"base_span": [180, 186], "annotations": [{"nertag": "O"}]}, {"base_span": [187, 192], "annotations": [{"nertag": "B-PER"}]}, {"base_span": [193, 197], "annotations": [{"nertag": "O"}]}, {"base_span": [198, 203], "annotations": [{"nertag": "O"}]}, {"base_span": [204, 209], "annotations": [{"nertag": "O"}]}, {"base_span": [210, 212], "annotations": [{"nertag": "O"}]}, {"base_span": [213, 215], "annotations": [{"nertag": "O"}]}, {"base_span": [215, 216], "annotations": [{"nertag": "O"}]}, {"base_span": [217, 224], "annotations": [{"nertag": "O"}]}, {"base_span": [225, 230], "annotations": [{"nertag": "O"}]}, {"base_span": [231, 233], "annotations": [{"nertag": "O"}]}, {"base_span": [234, 239], "annotations": [{"nertag": "O"}]}, {"base_span": [240, 245], "annotations": [{"nertag": "O"}]}, {"base_span": [245, 246], "annotations": [{"nertag": "O"}]}, {"base_span": [247, 251], "annotations": [{"nertag": "O"}]}, {"base_span": [252, 255], "annotations": [{"nertag": "B-PER"}]}, {"base_span": [256, 258], "annotations": [{"nertag": "O"}]}, {"base_span": [259, 266], "annotations": [{"nertag": "O"}]}, {"base_span": [267, 272], "annotations": [{"nertag": "B-PER"}]}, {"base_span": [273, 284], "annotations": [{"nertag": "I-PER"}]}, {"base_span": [285, 291], "annotations": [{"nertag": "O"}]}, {"base_span": [292, 298], "annotations": [{"nertag": "O"}]}, {"base_span": [298, 299], "annotations": [{"nertag": "O"}]}, {"base_span": [300, 301], "annotations": [{"nertag": "O"}]}, {"base_span": [302, 306], "annotations": [{"nertag": "O"}]}, {"base_span": [307, 312], "annotations": [{"nertag": "B-PER"}]}, {"base_span": [313, 319], "annotations": [{"nertag": "I-PER"}]}, {"base_span": [320, 322], "annotations": [{"nertag": "O"}]}, {"base_span": [323, 325], "annotations": [{"nertag": "O"}]}, {"base_span": [326, 333], "annotations": [{"nertag": "O"}]}, {"base_span": [334, 336], "annotations": [{"nertag": "O"}]}, {"base_span": [337, 341], "annotations": [{"nertag": "O"}]}, {"base_span": [342, 346], "annotations": [{"nertag": "O"}]}, {"base_span": [347, 352], "annotations": [{"nertag": "O"}]}, {"base_span": [353, 360], "annotations": [{"nertag": "O"}]}, {"base_span": [361, 367], "annotations": [{"nertag": "O"}]}, {"base_span": [368, 370], "annotations": [{"nertag": "O"}]}, {"base_span": [371, 375], "annotations": [{"nertag": "O"}]}, {"base_span": [376, 381], "annotations": [{"nertag": "O"}]}, {"base_span": [382, 386], "annotations": [{"nertag": "O"}]}, {"base_span": [387, 391], "annotations": [{"nertag": "O"}]}, {"base_span": [391, 392], "annotations": [{"nertag": "O"}]}, {"base_span": [393, 397], "annotations": [{"nertag": "O"}]}, {"base_span": [398, 404], "annotations": [{"nertag": "O"}]}, {"base_span": [405, 414], "annotations": [{"nertag": "O"}]}, {"base_span": [414, 415], "annotations": [{"nertag": "O"}]}, {"base_span": [416, 420], "annotations": [{"nertag": "O"}]}, {"base_span": [421, 423], "annotations": [{"nertag": "O"}]}, {"base_span": [424, 429], "annotations": [{"nertag": "O"}]}, {"base_span": [430, 433], "annotations": [{"nertag": "O"}]}, {"base_span": [434, 439], "annotations": [{"nertag": "O"}]}, {"base_span": [440, 446], "annotations": [{"nertag": "O"}]}, {"base_span": [446, 447], "annotations": [{"nertag": "O"}]}, {"base_span": [449, 453], "annotations": [{"nertag": "O"}]}, {"base_span": [454, 456], "annotations": [{"nertag": "O"}]}, {"base_span": [457, 463], "annotations": [{"nertag": "B-PER"}]}, {"base_span": [464, 467], "annotations": [{"nertag": "I-PER"}]}, {"base_span": [468, 475], "annotations": [{"nertag": "O"}]}, {"base_span": [476, 481], "annotations": [{"nertag": "B-PER"}]}, {"base_span": [482, 493], "annotations": [{"nertag": "I-PER"}]}, {"base_span": [493, 494], "annotations": [{"nertag": "O"}]}, {"base_span": [495, 497], "annotations": [{"nertag": "O"}]}, {"base_span": [498, 503], "annotations": [{"nertag": "O"}]}, {"base_span": [504, 509], "annotations": [{"nertag": "O"}]}, {"base_span": [510, 514], "annotations": [{"nertag": "O"}]}, {"base_span": [514, 515], "annotations": [{"nertag": "O"}]}, {"base_span": [516, 520], "annotations": [{"nertag": "O"}]}, {"base_span": [521, 526], "annotations": [{"nertag": "B-PER"}]}, {"base_span": [527, 529], "annotations": [{"nertag": "O"}]}, {"base_span": [530, 537], "annotations": [{"nertag": "O"}]}, {"base_span": [538, 543], "annotations": [{"nertag": "O"}]}, {"base_span": [544, 546], "annotations": [{"nertag": "O"}]}, {"base_span": [547, 552], "annotations": [{"nertag": "O"}]}, {"base_span": [553, 557], "annotations": [{"nertag": "O"}]}, {"base_span": [558, 563], "annotations": [{"nertag": "O"}]}, {"base_span": [564, 567], "annotations": [{"nertag": "O"}]}, {"base_span": [568, 570], "annotations": [{"nertag": "O"}]}, {"base_span": [571, 575], "annotations": [{"nertag": "O"}]}, {"base_span": [576, 581], "annotations": [{"nertag": "O"}]}, {"base_span": [582, 589], "annotations": [{"nertag": "O"}]}, {"base_span": [589, 590], "annotations": [{"nertag": "O"}]}, {"base_span": [591, 593], "annotations": [{"nertag": "O"}]}, {"base_span": [594, 596], "annotations": [{"nertag": "O"}]}, {"base_span": [597, 605], "annotations": [{"nertag": "O"}]}, {"base_span": [606, 610], "annotations": [{"nertag": "O"}]}, {"base_span": [611, 616], "annotations": [{"nertag": "O"}]}, {"base_span": [617, 624], "annotations": [{"nertag": "O"}]}, {"base_span": [625, 630], "annotations": [{"nertag": "O"}]}, {"base_span": [631, 639], "annotations": [{"nertag": "O"}]}, {"base_span": [640, 645], "annotations": [{"nertag": "B-PER"}]}, {"base_span": [646, 649], "annotations": [{"nertag": "I-PER"}]}, {"base_span": [650, 655], "annotations": [{"nertag": "I-PER"}]}, {"base_span": [656, 661], "annotations": [{"nertag": "O"}]}, {"base_span": [662, 667], "annotations": [{"nertag": "O"}]}, {"base_span": [667, 668], "annotations": [{"nertag": "O"}]}, {"base_span": [669, 671], "annotations": [{"nertag": "O"}]}, {"base_span": [672, 677], "annotations": [{"nertag": "B-PER"}]}, {"base_span": [678, 681], "annotations": [{"nertag": "O"}]}, {"base_span": [682, 684], "annotations": [{"nertag": "O"}]}, {"base_span": [685, 691], "annotations": [{"nertag": "O"}]}, {"base_span": [692, 697], "annotations": [{"nertag": "O"}]}, {"base_span": [698, 701], "annotations": [{"nertag": "O"}]}, {"base_span": [702, 707], "annotations": [{"nertag": "O"}]}, {"base_span": [708, 714], "annotations": [{"nertag": "O"}]}, {"base_span": [715, 717], "annotations": [{"nertag": "O"}]}, {"base_span": [718, 724], "annotations": [{"nertag": "B-PER"}]}, {"base_span": [725, 727], "annotations": [{"nertag": "O"}]}, {"base_span": [728, 733], "annotations": [{"nertag": "O"}]}, {"base_span": [734, 738], "annotations": [{"nertag": "O"}]}, {"base_span": [739, 747], "annotations": [{"nertag": "O"}]}, {"base_span": [748, 754], "annotations": [{"nertag": "O"}]}, {"base_span": [755, 757], "annotations": [{"nertag": "O"}]}, {"base_span": [758, 760], "annotations": [{"nertag": "O"}]}, {"base_span": [761, 765], "annotations": [{"nertag": "O"}]}, {"base_span": [766, 772], "annotations": [{"nertag": "O"}]}, {"base_span": [773, 781], "annotations": [{"nertag": "O"}]}, {"base_span": [781, 782], "annotations": [{"nertag": "O"}]}, {"base_span": [784, 788], "annotations": [{"nertag": "O"}]}, {"base_span": [789, 795], "annotations": [{"nertag": "O"}]}, {"base_span": [796, 802], "annotations": [{"nertag": "O"}]}, {"base_span": [803, 809], "annotations": [{"nertag": "B-PER"}]}, {"base_span": [810, 815], "annotations": [{"nertag": "I-PER"}]}, {"base_span": [816, 821], "annotations": [{"nertag": "O"}]}, {"base_span": [822, 826], "annotations": [{"nertag": "O"}]}, {"base_span": [827, 829], "annotations": [{"nertag": "O"}]}, {"base_span": [830, 835], "annotations": [{"nertag": "O"}]}, {"base_span": [836, 838], "annotations": [{"nertag": "O"}]}, {"base_span": [839, 845], "annotations": [{"nertag": "O"}]}, {"base_span": [846, 848], "annotations": [{"nertag": "O"}]}, {"base_span": [849, 854], "annotations": [{"nertag": "O"}]}, {"base_span": [855, 863], "annotations": [{"nertag": "B-PER"}]}, {"base_span": [864, 871], "annotations": [{"nertag": "O"}]}, {"base_span": [872, 877], "annotations": [{"nertag": "O"}]}, {"base_span": [878, 882], "annotations": [{"nertag": "O"}]}, {"base_span": [883, 885], "annotations": [{"nertag": "O"}]}, {"base_span": [886, 890], "annotations": [{"nertag": "O"}]}, {"base_span": [891, 893], "annotations": [{"nertag": "O"}]}, {"base_span": [894, 896], "annotations": [{"nertag": "O"}]}, {"base_span": [897, 904], "annotations": [{"nertag": "O"}]}, {"base_span": [905, 907], "annotations": [{"nertag": "O"}]}, {"base_span": [908, 913], "annotations": [{"nertag": "O"}]}, {"base_span": [914, 919], "annotations": [{"nertag": "O"}]}, {"base_span": [919, 920], "annotations": [{"nertag": "O"}]}, {"base_span": [921, 927], "annotations": [{"nertag": "B-PER"}]}, {"base_span": [928, 931], "annotations": [{"nertag": "I-PER"}]}, {"base_span": [932, 937], "annotations": [{"nertag": "O"}]}, {"base_span": [938, 940], "annotations": [{"nertag": "O"}]}, {"base_span": [941, 949], "annotations": [{"nertag": "O"}]}, {"base_span": [950, 952], "annotations": [{"nertag": "O"}]}, {"base_span": [953, 958], "annotations": [{"nertag": "O"}]}, {"base_span": [959, 966], "annotations": [{"nertag": "O"}]}, {"base_span": [967, 972], "annotations": [{"nertag": "O"}]}, {"base_span": [973, 978], "annotations": [{"nertag": "O"}]}, {"base_span": [978, 979], "annotations": [{"nertag": "O"}]}, {"base_span": [980, 983], "annotations": [{"nertag": "O"}]}, {"base_span": [984, 986], "annotations": [{"nertag": "O"}]}, {"base_span": [987, 992], "annotations": [{"nertag": "O"}]}, {"base_span": [993, 998], "annotations": [{"nertag": "O"}]}, {"base_span": [999, 1008], "annotations": [{"nertag": "O"}]}, {"base_span": [1009, 1011], "annotations": [{"nertag": "O"}]}, {"base_span": [1012, 1014], "annotations": [{"nertag": "O"}]}, {"base_span": [1015, 1020], "annotations": [{"nertag": "O"}]}, {"base_span": [1021, 1026], "annotations": [{"nertag": "O"}]}, {"base_span": [1027, 1032], "annotations": [{"nertag": "O"}]}, {"base_span": [1033, 1037], "annotations": [{"nertag": "O"}]}, {"base_span": [1038, 1043], "annotations": [{"nertag": "O"}]}, {"base_span": [1044, 1050], "annotations": [{"nertag": "O"}]}, {"base_span": [1051, 1053], "annotations": [{"nertag": "O"}]}, {"base_span": [1054, 1059], "annotations": [{"nertag": "O"}]}, {"base_span": [1060, 1062], "annotations": [{"nertag": "O"}]}, {"base_span": [1063, 1067], "annotations": [{"nertag": "O"}]}, {"base_span": [1068, 1072], "annotations": [{"nertag": "O"}]}, {"base_span": [1073, 1082], "annotations": [{"nertag": "O"}]}, {"base_span": [1083, 1087], "annotations": [{"nertag": "O"}]}, {"base_span": [1088, 1091], "annotations": [{"nertag": "O"}]}, {"base_span": [1092, 1094], "annotations": [{"nertag": "O"}]}, {"base_span": [1095, 1097], "annotations": [{"nertag": "O"}]}, {"base_span": [1098, 1104], "annotations": [{"nertag": "O"}]}, {"base_span": [1105, 1111], "annotations": [{"nertag": "O"}]}, {"base_span": [1112, 1118], "annotations": [{"nertag": "O"}]}, {"base_span": [1119, 1121], "annotations": [{"nertag": "O"}]}, {"base_span": [1122, 1125], "annotations": [{"nertag": "O"}]}, {"base_span": [1126, 1130], "annotations": [{"nertag": "O"}]}, {"base_span": [1131, 1134], "annotations": [{"nertag": "O"}]}, {"base_span": [1135, 1141], "annotations": [{"nertag": "O"}]}, {"base_span": [1142, 1144], "annotations": [{"nertag": "O"}]}, {"base_span": [1145, 1150], "annotations": [{"nertag": "O"}]}, {"base_span": [1151, 1156], "annotations": [{"nertag": "O"}]}, {"base_span": [1157, 1166], "annotations": [{"nertag": "O"}]}, {"base_span": [1167, 1168], "annotations": [{"nertag": "O"}]}, {"base_span": [1169, 1173], "annotations": [{"nertag": "O"}]}, {"base_span": [1174, 1176], "annotations": [{"nertag": "O"}]}, {"base_span": [1177, 1180], "annotations": [{"nertag": "O"}]}, {"base_span": [1181, 1183], "annotations": [{"nertag": "O"}]}, {"base_span": [1184, 1189], "annotations": [{"nertag": "O"}]}, {"base_span": [1190, 1194], "annotations": [{"nertag": "O"}]}, {"base_span": [1195, 1200], "annotations": [{"nertag": "O"}]}, {"base_span": [1201, 1207], "annotations": [{"nertag": "O"}]}, {"base_span": [1208, 1214], "annotations": [{"nertag": "O"}]}, {"base_span": [1214, 1215], "annotations": [{"nertag": "O"}]}, {"base_span": [1216, 1220], "annotations": [{"nertag": "O"}]}, {"base_span": [1221, 1227], "annotations": [{"nertag": "O"}]}, {"base_span": [1228, 1234], "annotations": [{"nertag": "O"}]}, {"base_span": [1235, 1241], "annotations": [{"nertag": "B-PER"}]}, {"base_span": [1242, 1247], "annotations": [{"nertag": "I-PER"}]}, {"base_span": [1248, 1253], "annotations": [{"nertag": "O"}]}, {"base_span": [1254, 1255], "annotations": [{"nertag": "O"}]}, {"base_span": [1256, 1259], "annotations": [{"nertag": "O"}]}, {"base_span": [1260, 1262], "annotations": [{"nertag": "O"}]}, {"base_span": [1263, 1270], "annotations": [{"nertag": "O"}]}, {"base_span": [1271, 1279], "annotations": [{"nertag": "B-PER"}]}, {"base_span": [1280, 1286], "annotations": [{"nertag": "O"}]}, {"base_span": [1287, 1291], "annotations": [{"nertag": "O"}]}, {"base_span": [1291, 1292], "annotations": [{"nertag": "O"}]}, {"base_span": [1293, 1296], "annotations": [{"nertag": "B-PER"}]}, {"base_span": [1297, 1302], "annotations": [{"nertag": "O"}]}, {"base_span": [1303, 1305], "annotations": [{"nertag": "O"}]}, {"base_span": [1305, 1306], "annotations": [{"nertag": "O"}]}, {"base_span": [1307, 1313], "annotations": [{"nertag": "O"}]}, {"base_span": [1314, 1320], "annotations": [{"nertag": "O"}]}, {"base_span": [1321, 1326], "annotations": [{"nertag": "O"}]}, {"base_span": [1327, 1333], "annotations": [{"nertag": "B-PER"}]}, {"base_span": [1334, 1339], "annotations": [{"nertag": "I-PER"}]}, {"base_span": [1339, 1344], "annotations": [{"nertag": "O"}]}, {"base_span": [1345, 1348], "annotations": [{"nertag": "O"}]}, {"base_span": [1349, 1351], "annotations": [{"nertag": "O"}]}, {"base_span": [1352, 1360], "annotations": [{"nertag": "O"}]}, {"base_span": [1361, 1363], "annotations": [{"nertag": "O"}]}, {"base_span": [1364, 1369], "annotations": [{"nertag": "O"}]}, {"base_span": [1370, 1377], "annotations": [{"nertag": "O"}]}, {"base_span": [1377, 1383], "annotations": [{"nertag": "B-PER"}]}, {"base_span": [1384, 1389], "annotations": [{"nertag": "O"}]}, {"base_span": [1390, 1392], "annotations": [{"nertag": "O"}]}, {"base_span": [1393, 1399], "annotations": [{"nertag": "O"}]}, {"base_span": [1400, 1406], "annotations": [{"nertag": "O"}]}, {"base_span": [1407, 1410], "annotations": [{"nertag": "O"}]}, {"base_span": [1411, 1413], "annotations": [{"nertag": "O"}]}, {"base_span": [1414, 1420], "annotations": [{"nertag": "O"}]}, {"base_span": [1421, 1423], "annotations": [{"nertag": "O"}]}, {"base_span": [1424, 1429], "annotations": [{"nertag": "O"}]}, {"base_span": [1430, 1433], "annotations": [{"nertag": "B-PER"}]}, {"base_span": [1434, 1440], "annotations": [{"nertag": "O"}]}, {"base_span": [1441, 1443], "annotations": [{"nertag": "O"}]}, {"base_span": [1444, 1448], "annotations": [{"nertag": "O"}]}, {"base_span": [1449, 1454], "annotations": [{"nertag": "O"}]}, {"base_span": [1455, 1462], "annotations": [{"nertag": "O"}]}, {"base_span": [1463, 1465], "annotations": [{"nertag": "O"}]}, {"base_span": [1466, 1470], "annotations": [{"nertag": "O"}]}, {"base_span": [1471, 1478], "annotations": [{"nertag": "O"}]}, {"base_span": [1479, 1485], "annotations": [{"nertag": "O"}]}, {"base_span": [1486, 1490], "annotations": [{"nertag": "O"}]}, {"base_span": [1491, 1493], "annotations": [{"nertag": "O"}]}, {"base_span": [1494, 1497], "annotations": [{"nertag": "O"}]}, {"base_span": [1498, 1501], "annotations": [{"nertag": "O"}]}, {"base_span": [1502, 1505], "annotations": [{"nertag": "O"}]}, {"base_span": [1506, 1510], "annotations": [{"nertag": "O"}]}, {"base_span": [1511, 1518], "annotations": [{"nertag": "O"}]}, {"base_span": [1519, 1522], "annotations": [{"nertag": "O"}]}, {"base_span": [1523, 1525], "annotations": [{"nertag": "O"}]}, {"base_span": [1526, 1532], "annotations": [{"nertag": "O"}]}, {"base_span": [1532, 1533], "annotations": [{"nertag": "O"}]}, {"base_span": [1535, 1541], "annotations": [{"nertag": "O"}]}, {"base_span": [1542, 1548], "annotations": [{"nertag": "O"}]}, {"base_span": [1549, 1555], "annotations": [{"nertag": "B-PER"}]}, {"base_span": [1556, 1561], "annotations": [{"nertag": "I-PER"}]}, {"base_span": [1562, 1567], "annotations": [{"nertag": "O"}]}, {"base_span": [1568, 1571], "annotations": [{"nertag": "O"}]}, {"base_span": [1572, 1574], "annotations": [{"nertag": "O"}]}, {"base_span": [1575, 1581], "annotations": [{"nertag": "O"}]}, {"base_span": [1582, 1589], "annotations": [{"nertag": "O"}]}, {"base_span": [1590, 1592], "annotations": [{"nertag": "O"}]}, {"base_span": [1593, 1595], "annotations": [{"nertag": "O"}]}, {"base_span": [1596, 1602], "annotations": [{"nertag": "O"}]}, {"base_span": [1603, 1606], "annotations": [{"nertag": "O"}]}, {"base_span": [1607, 1617], "annotations": [{"nertag": "O"}]}, {"base_span": [1618, 1620], "annotations": [{"nertag": "O"}]}, {"base_span": [1621, 1627], "annotations": [{"nertag": "O"}]}, {"base_span": [1628, 1634], "annotations": [{"nertag": "O"}]}, {"base_span": [1635, 1640], "annotations": [{"nertag": "B-PER"}]}, {"base_span": [1641, 1649], "annotations": [{"nertag": "I-PER"}]}, {"base_span": [1650, 1655], "annotations": [{"nertag": "O"}]}, {"base_span": [1656, 1658], "annotations": [{"nertag": "O"}]}, {"base_span": [1659, 1662], "annotations": [{"nertag": "O"}]}, {"base_span": [1663, 1669], "annotations": [{"nertag": "O"}]}, {"base_span": [1670, 1674], "annotations": [{"nertag": "O"}]}, {"base_span": [1675, 1682], "annotations": [{"nertag": "O"}]}, {"base_span": [1682, 1683], "annotations": [{"nertag": "O"}]}, {"base_span": [1684, 1689], "annotations": [{"nertag": "B-PER"}]}, {"base_span": [1690, 1695], "annotations": [{"nertag": "O"}]}, {"base_span": [1696, 1701], "annotations": [{"nertag": "O"}]}, {"base_span": [1702, 1704], "annotations": [{"nertag": "O"}]}, {"base_span": [1705, 1709], "annotations": [{"nertag": "O"}]}, {"base_span": [1710, 1717], "annotations": [{"nertag": "O"}]}, {"base_span": [1718, 1720], "annotations": [{"nertag": "O"}]}, {"base_span": [1721, 1726], "annotations": [{"nertag": "O"}]}, {"base_span": [1727, 1732], "annotations": [{"nertag": "O"}]}, {"base_span": [1733, 1739], "annotations": [{"nertag": "O"}]}, {"base_span": [1740, 1746], "annotations": [{"nertag": "O"}]}, {"base_span": [1747, 1749], "annotations": [{"nertag": "O"}]}, {"base_span": [1750, 1756], "annotations": [{"nertag": "O"}]}, {"base_span": [1757, 1761], "annotations": [{"nertag": "O"}]}, {"base_span": [1762, 1764], "annotations": [{"nertag": "O"}]}, {"base_span": [1765, 1767], "annotations": [{"nertag": "O"}]}, {"base_span": [1768, 1772], "annotations": [{"nertag": "O"}]}, {"base_span": [1773, 1779], "annotations": [{"nertag": "O"}]}, {"base_span": [1780, 1782], "annotations": [{"nertag": "O"}]}, {"base_span": [1783, 1787], "annotations": [{"nertag": "O"}]}, {"base_span": [1788, 1792], "annotations": [{"nertag": "O"}]}, {"base_span": [1793, 1800], "annotations": [{"nertag": "O"}]}, {"base_span": [1801, 1805], "annotations": [{"nertag": "O"}]}, {"base_span": [1805, 1806], "annotations": [{"nertag": "O"}]}, {"base_span": [1808, 1814], "annotations": [{"nertag": "O"}]}, {"base_span": [1815, 1821], "annotations": [{"nertag": "O"}]}, {"base_span": [1822, 1827], "annotations": [{"nertag": "B-PER"}]}, {"base_span": [1828, 1836], "annotations": [{"nertag": "I-PER"}]}, {"base_span": [1837, 1842], "annotations": [{"nertag": "O"}]}, {"base_span": [1843, 1845], "annotations": [{"nertag": "O"}]}, {"base_span": [1846, 1849], "annotations": [{"nertag": "O"}]}, {"base_span": [1850, 1852], "annotations": [{"nertag": "O"}]}, {"base_span": [1853, 1858], "annotations": [{"nertag": "O"}]}, {"base_span": [1859, 1864], "annotations": [{"nertag": "O"}]}, {"base_span": [1865, 1870], "annotations": [{"nertag": "O"}]}, {"base_span": [1871, 1874], "annotations": [{"nertag": "O"}]}, {"base_span": [1875, 1879], "annotations": [{"nertag": "O"}]}, {"base_span": [1880, 1888], "annotations": [{"nertag": "O"}]}, {"base_span": [1889, 1891], "annotations": [{"nertag": "O"}]}, {"base_span": [1892, 1897], "annotations": [{"nertag": "B-PER"}]}, {"base_span": [1898, 1903], "annotations": [{"nertag": "O"}]}, {"base_span": [1904, 1906], "annotations": [{"nertag": "O"}]}, {"base_span": [1907, 1912], "annotations": [{"nertag": "B-PER"}]}, {"base_span": [1913, 1918], "annotations": [{"nertag": "O"}]}, {"base_span": [1919, 1921], "annotations": [{"nertag": "O"}]}, {"base_span": [1922, 1928], "annotations": [{"nertag": "O"}]}, {"base_span": [1929, 1931], "annotations": [{"nertag": "O"}]}, {"base_span": [1932, 1936], "annotations": [{"nertag": "O"}]}, {"base_span": [1937, 1942], "annotations": [{"nertag": "O"}]}, {"base_span": [1943, 1948], "annotations": [{"nertag": "B-PER"}]}, {"base_span": [1949, 1954], "annotations": [{"nertag": "O"}]}, {"base_span": [1955, 1962], "annotations": [{"nertag": "O"}]}, {"base_span": [1963, 1967], "annotations": [{"nertag": "O"}]}, {"base_span": [1968, 1970], "annotations": [{"nertag": "O"}]}, {"base_span": [1971, 1976], "annotations": [{"nertag": "O"}]}, {"base_span": [1977, 1982], "annotations": [{"nertag": "O"}]}, {"base_span": [1983, 1985], "annotations": [{"nertag": "O"}]}, {"base_span": [1986, 1993], "annotations": [{"nertag": "O"}]}, {"base_span": [1994, 1999], "annotations": [{"nertag": "B-PER"}]}, {"base_span": [2000, 2005], "annotations": [{"nertag": "O"}]}, {"base_span": [2006, 2012], "annotations": [{"nertag": "O"}]}, {"base_span": [2012, 2013], "annotations": [{"nertag": "O"}]}, {"base_span": [2014, 2016], "annotations": [{"nertag": "O"}]}, {"base_span": [2017, 2019], "annotations": [{"nertag": "O"}]}, {"base_span": [2020, 2025], "annotations": [{"nertag": "O"}]}, {"base_span": [2026, 2031], "annotations": [{"nertag": "O"}]}, {"base_span": [2032, 2036], "annotations": [{"nertag": "O"}]}, {"base_span": [2037, 2044], "annotations": [{"nertag": "O"}]}, {"base_span": [2044, 2045], "annotations": [{"nertag": "O"}]}, {"base_span": [2046, 2052], "annotations": [{"nertag": "O"}]}, {"base_span": [2053, 2059], "annotations": [{"nertag": "O"}]}, {"base_span": [2060, 2065], "annotations": [{"nertag": "B-PER"}]}, {"base_span": [2066, 2071], "annotations": [{"nertag": "O"}]}, {"base_span": [2072, 2074], "annotations": [{"nertag": "O"}]}, {"base_span": [2075, 2078], "annotations": [{"nertag": "O"}]}, {"base_span": [2079, 2081], "annotations": [{"nertag": "O"}]}, {"base_span": [2082, 2088], "annotations": [{"nertag": "O"}]}, {"base_span": [2089, 2095], "annotations": [{"nertag": "O"}]}, {"base_span": [2096, 2102], "annotations": [{"nertag": "O"}]}, {"base_span": [2102, 2103], "annotations": [{"nertag": "O"}]}, {"base_span": [2104, 2106], "annotations": [{"nertag": "O"}]}, {"base_span": [2107, 2111], "annotations": [{"nertag": "O"}]}, {"base_span": [2112, 2114], "annotations": [{"nertag": "O"}]}, {"base_span": [2115, 2120], "annotations": [{"nertag": "O"}]}, {"base_span": [2121, 2128], "annotations": [{"nertag": "O"}]}, {"base_span": [2128, 2129], "annotations": [{"nertag": "O"}]}, {"base_span": [2130, 2132], "annotations": [{"nertag": "O"}]}, {"base_span": [2133, 2139], "annotations": [{"nertag": "B-PER"}]}, {"base_span": [2140, 2143], "annotations": [{"nertag": "I-PER"}]}, {"base_span": [2144, 2149], "annotations": [{"nertag": "O"}]}, {"base_span": [2150, 2152], "annotations": [{"nertag": "O"}]}, {"base_span": [2153, 2158], "annotations": [{"nertag": "O"}]}, {"base_span": [2159, 2161], "annotations": [{"nertag": "O"}]}, {"base_span": [2162, 2167], "annotations": [{"nertag": "O"}]}, {"base_span": [2167, 2168], "annotations": [{"nertag": "O"}]}, {"base_span": [2169, 2171], "annotations": [{"nertag": "O"}]}, {"base_span": [2172, 2178], "annotations": [{"nertag": "O"}]}, {"base_span": [2179, 2185], "annotations": [{"nertag": "O"}]}, {"base_span": [2186, 2191], "annotations": [{"nertag": "B-PER"}]}, {"base_span": [2192, 2197], "annotations": [{"nertag": "O"}]}, {"base_span": [2198, 2200], "annotations": [{"nertag": "O"}]}, {"base_span": [2201, 2204], "annotations": [{"nertag": "O"}]}, {"base_span": [2205, 2207], "annotations": [{"nertag": "O"}]}, {"base_span": [2208, 2213], "annotations": [{"nertag": "O"}]}, {"base_span": [2214, 2221], "annotations": [{"nertag": "O"}]}, {"base_span": [2222, 2228], "annotations": [{"nertag": "O"}]}, {"base_span": [2229, 2231], "annotations": [{"nertag": "O"}]}, {"base_span": [2232, 2235], "annotations": [{"nertag": "B-PER"}]}, {"base_span": [2236, 2240], "annotations": [{"nertag": "O"}]}, {"base_span": [2241, 2247], "annotations": [{"nertag": "O"}]}, {"base_span": [2248, 2255], "annotations": [{"nertag": "O"}]}, {"base_span": [2256, 2261], "annotations": [{"nertag": "O"}]}, {"base_span": [2262, 2264], "annotations": [{"nertag": "O"}]}, {"base_span": [2265, 2273], "annotations": [{"nertag": "O"}]}, {"base_span": [2273, 2274], "annotations": [{"nertag": "O"}]}, {"base_span": [2275, 2287], "annotations": [{"nertag": "O"}]}, {"base_span": [2288, 2290], "annotations": [{"nertag": "O"}]}, {"base_span": [2291, 2295], "annotations": [{"nertag": "O"}]}, {"base_span": [2296, 2298], "annotations": [{"nertag": "O"}]}, {"base_span": [2299, 2303], "annotations": [{"nertag": "O"}]}, {"base_span": [2304, 2310], "annotations": [{"nertag": "O"}]}, {"base_span": [2310, 2311], "annotations": [{"nertag": "O"}]}, {"base_span": [2312, 2314], "annotations": [{"nertag": "O"}]}, {"base_span": [2315, 2320], "annotations": [{"nertag": "B-PER"}]}, {"base_span": [2321, 2326], "annotations": [{"nertag": "O"}]}, {"base_span": [2327, 2329], "annotations": [{"nertag": "O"}]}, {"base_span": [2330, 2334], "annotations": [{"nertag": "O"}]}, {"base_span": [2335, 2337], "annotations": [{"nertag": "O"}]}, {"base_span": [2338, 2342], "annotations": [{"nertag": "O"}]}, {"base_span": [2343, 2351], "annotations": [{"nertag": "O"}]}, {"base_span": [2352, 2358], "annotations": [{"nertag": "O"}]}, {"base_span": [2359, 2361], "annotations": [{"nertag": "O"}]}, {"base_span": [2362, 2367], "annotations": [{"nertag": "O"}]}, {"base_span": [2368, 2372], "annotations": [{"nertag": "O"}]}, {"base_span": [2373, 2375], "annotations": [{"nertag": "O"}]}, {"base_span": [2376, 2378], "annotations": [{"nertag": "O"}]}, {"base_span": [2379, 2383], "annotations": [{"nertag": "O"}]}, {"base_span": [2384, 2391], "annotations": [{"nertag": "O"}]}, {"base_span": [2392, 2398], "annotations": [{"nertag": "O"}]}, {"base_span": [2399, 2401], "annotations": [{"nertag": "O"}]}, {"base_span": [2402, 2408], "annotations": [{"nertag": "O"}]}, {"base_span": [2409, 2414], "annotations": [{"nertag": "O"}]}, {"base_span": [2415, 2425], "annotations": [{"nertag": "O"}]}, {"base_span": [2426, 2432], "annotations": [{"nertag": "O"}]}, {"base_span": [2433, 2435], "annotations": [{"nertag": "O"}]}, {"base_span": [2436, 2442], "annotations": [{"nertag": "O"}]}, {"base_span": [2443, 2448], "annotations": [{"nertag": "O"}]}, {"base_span": [2449, 2454], "annotations": [{"nertag": "B-PER"}]}, {"base_span": [2455, 2466], "annotations": [{"nertag": "I-PER"}]}, {"base_span": [2467, 2469], "annotations": [{"nertag": "O"}]}, {"base_span": [2470, 2475], "annotations": [{"nertag": "O"}]}, {"base_span": [2476, 2480], "annotations": [{"nertag": "O"}]}, {"base_span": [2481, 2489], "annotations": [{"nertag": "O"}]}, {"base_span": [2490, 2495], "annotations": [{"nertag": "O"}]}, {"base_span": [2496, 2501], "annotations": [{"nertag": "O"}]}, {"base_span": [2502, 2507], "annotations": [{"nertag": "O"}]}, {"base_span": [2508, 2514], "annotations": [{"nertag": "O"}]}, {"base_span": [2515, 2517], "annotations": [{"nertag": "O"}]}, {"base_span": [2518, 2522], "annotations": [{"nertag": "O"}]}, {"base_span": [2523, 2530], "annotations": [{"nertag": "O"}]}, {"base_span": [2531, 2533], "annotations": [{"nertag": "O"}]}, {"base_span": [2534, 2538], "annotations": [{"nertag": "O"}]}, {"base_span": [2539, 2541], "annotations": [{"nertag": "O"}]}, {"base_span": [2542, 2545], "annotations": [{"nertag": "O"}]}, {"base_span": [2546, 2551], "annotations": [{"nertag": "O"}]}, {"base_span": [2552, 2557], "annotations": [{"nertag": "O"}]}, {"base_span": [2558, 2565], "annotations": [{"nertag": "O"}]}, {"base_span": [2566, 2571], "annotations": [{"nertag": "B-PER"}]}, {"base_span": [2572, 2577], "annotations": [{"nertag": "O"}]}, {"base_span": [2578, 2584], "annotations": [{"nertag": "O"}]}, {"base_span": [2585, 2589], "annotations": [{"nertag": "O"}]}, {"base_span": [2590, 2594], "annotations": [{"nertag": "B-PER"}]}, {"base_span": [2595, 2601], "annotations": [{"nertag": "I-PER"}]}, {"base_span": [2602, 2612], "annotations": [{"nertag": "B-LOC"}]}]}]}