{"text": "\nTuhat kaheksa sada üheksa kümne teisel aastal, Mai kuu kahekümnemal päewal, tulid Kõrgesare Kogukonna Kohtusse selle walla talupojad Andrus Jaago poeg Eik ja Jüri Peetri p. Tursk ja palusid järgmist lepingut kohtu akti raamatusse üles wõtta:\n\n\"Mina Andrus Jaago p. Eik, annan Jüri Peetri poja Tursale üks sada rubla wõlgo, selle tingimisega, et Tursk minule kahekümnemaks talwe kuu päewaks, tuhat kaheksa üheksa kümmne kolmandamaks (1893) aastaks üks sada üheksa (109) rubla ära peab maksma. Kui Tursk soowib seda raha enne tähendatud aega, ühe aasta eest tänasest päewast edasi, ära tasuda, siis tuleb temal maksa üks sada kuus (106) rubla, - aga mina, Jüri Peetri p. Tursk luban seda lepingut täita ja annan oma all kirjutuse ka selle üle, et mina selle raha üks sada rubla olen kätte saanud. Seda tunnistame oma allkirjudega:\n\nEt Andrus Eik kirjutada ei oska, kirjutas tema wolitamise peale alla kirjutaja J, Käer [allkiri]\n\nJüri Tursk  [allkiri]\n\nSellesinatses lepingus tähendud inimesed on kogukonna kohtule palelikult tuntud ja mõlemad õiguse omanduslikud lepingute tegemiste juures, mis Kõrgesare kogukonna kohus oma all kirjadega tunnistab.\n\nKohtuwanem: K. Jõhwik  [allkiri]\n\nKohtuliikmed: K. Jõeleht  [allkiri]\n\nK Küttim  [allkiri]\n\nA Kallas  [allkiri]\n\nKirjutaja JKäer  [allkiri]\n\n\n", "meta": {"origin_directory": "vallakohus_teine/"}, "layers": [{"name": "gold_ner", "attributes": ["nertag"], "parent": null, "enveloping": null, "ambiguous": false, "serialisation_module": null, "meta": {}, "spans": [{"base_span": [83, 111], "annotations": [{"nertag": "ORG"}]}, {"base_span": [134, 155], "annotations": [{"nertag": "PER"}]}, {"base_span": [159, 179], "annotations": [{"nertag": "PER"}]}, {"base_span": [250, 269], "annotations": [{"nertag": "PER"}]}, {"base_span": [277, 301], "annotations": [{"nertag": "PER"}]}, {"base_span": [346, 351], "annotations": [{"nertag": "PER"}]}, {"base_span": [497, 502], "annotations": [{"nertag": "PER"}]}, {"base_span": [655, 675], "annotations": [{"nertag": "PER"}]}, {"base_span": [834, 844], "annotations": [{"nertag": "PER"}]}, {"base_span": [910, 917], "annotations": [{"nertag": "PER"}]}, {"base_span": [929, 939], "annotations": [{"nertag": "PER"}]}, {"base_span": [1095, 1120], "annotations": [{"nertag": "ORG"}]}, {"base_span": [1163, 1172], "annotations": [{"nertag": "PER"}]}, {"base_span": [1199, 1209], "annotations": [{"nertag": "PER"}]}, {"base_span": [1222, 1230], "annotations": [{"nertag": "PER"}]}, {"base_span": [1243, 1251], "annotations": [{"nertag": "PER"}]}, {"base_span": [1274, 1279], "annotations": [{"nertag": "PER"}]}]}, {"name": "gold_wordner", "attributes": ["nertag"], "parent": null, "enveloping": null, "ambiguous": false, "serialisation_module": null, "meta": {}, "spans": [{"base_span": [1, 6], "annotations": [{"nertag": "O"}]}, {"base_span": [7, 14], "annotations": [{"nertag": "O"}]}, {"base_span": [15, 19], "annotations": [{"nertag": "O"}]}, {"base_span": [20, 26], "annotations": [{"nertag": "O"}]}, {"base_span": [27, 32], "annotations": [{"nertag": "O"}]}, {"base_span": [33, 39], "annotations": [{"nertag": "O"}]}, {"base_span": [40, 46], "annotations": [{"nertag": "O"}]}, {"base_span": [46, 47], "annotations": [{"nertag": "O"}]}, {"base_span": [48, 51], "annotations": [{"nertag": "O"}]}, {"base_span": [52, 55], "annotations": [{"nertag": "O"}]}, {"base_span": [56, 68], "annotations": [{"nertag": "O"}]}, {"base_span": [69, 75], "annotations": [{"nertag": "O"}]}, {"base_span": [75, 76], "annotations": [{"nertag": "O"}]}, {"base_span": [77, 82], "annotations": [{"nertag": "O"}]}, {"base_span": [83, 92], "annotations": [{"nertag": "B-ORG"}]}, {"base_span": [93, 102], "annotations": [{"nertag": "I-ORG"}]}, {"base_span": [103, 111], "annotations": [{"nertag": "I-ORG"}]}, {"base_span": [112, 117], "annotations": [{"nertag": "O"}]}, {"base_span": [118, 123], "annotations": [{"nertag": "O"}]}, {"base_span": [124, 133], "annotations": [{"nertag": "O"}]}, {"base_span": [134, 140], "annotations": [{"nertag": "B-PER"}]}, {"base_span": [141, 146], "annotations": [{"nertag": "I-PER"}]}, {"base_span": [147, 151], "annotations": [{"nertag": "I-PER"}]}, {"base_span": [152, 155], "annotations": [{"nertag": "I-PER"}]}, {"base_span": [156, 158], "annotations": [{"nertag": "O"}]}, {"base_span": [159, 163], "annotations": [{"nertag": "B-PER"}]}, {"base_span": [164, 170], "annotations": [{"nertag": "I-PER"}]}, {"base_span": [171, 172], "annotations": [{"nertag": "I-PER"}]}, {"base_span": [172, 173], "annotations": [{"nertag": "I-PER"}]}, {"base_span": [174, 179], "annotations": [{"nertag": "I-PER"}]}, {"base_span": [180, 182], "annotations": [{"nertag": "O"}]}, {"base_span": [183, 190], "annotations": [{"nertag": "O"}]}, {"base_span": [191, 199], "annotations": [{"nertag": "O"}]}, {"base_span": [200, 208], "annotations": [{"nertag": "O"}]}, {"base_span": [209, 214], "annotations": [{"nertag": "O"}]}, {"base_span": [215, 219], "annotations": [{"nertag": "O"}]}, {"base_span": [220, 230], "annotations": [{"nertag": "O"}]}, {"base_span": [231, 235], "annotations": [{"nertag": "O"}]}, {"base_span": [236, 241], "annotations": [{"nertag": "O"}]}, {"base_span": [241, 242], "annotations": [{"nertag": "O"}]}, {"base_span": [244, 245], "annotations": [{"nertag": "O"}]}, {"base_span": [245, 249], "annotations": [{"nertag": "O"}]}, {"base_span": [250, 256], "annotations": [{"nertag": "B-PER"}]}, {"base_span": [257, 262], "annotations": [{"nertag": "I-PER"}]}, {"base_span": [263, 264], "annotations": [{"nertag": "I-PER"}]}, {"base_span": [264, 265], "annotations": [{"nertag": "I-PER"}]}, {"base_span": [266, 269], "annotations": [{"nertag": "I-PER"}]}, {"base_span": [269, 270], "annotations": [{"nertag": "O"}]}, {"base_span": [271, 276], "annotations": [{"nertag": "O"}]}, {"base_span": [277, 281], "annotations": [{"nertag": "B-PER"}]}, {"base_span": [282, 288], "annotations": [{"nertag": "I-PER"}]}, {"base_span": [289, 293], "annotations": [{"nertag": "I-PER"}]}, {"base_span": [294, 301], "annotations": [{"nertag": "I-PER"}]}, {"base_span": [302, 305], "annotations": [{"nertag": "O"}]}, {"base_span": [306, 310], "annotations": [{"nertag": "O"}]}, {"base_span": [311, 316], "annotations": [{"nertag": "O"}]}, {"base_span": [317, 322], "annotations": [{"nertag": "O"}]}, {"base_span": [322, 323], "annotations": [{"nertag": "O"}]}, {"base_span": [324, 329], "annotations": [{"nertag": "O"}]}, {"base_span": [330, 341], "annotations": [{"nertag": "O"}]}, {"base_span": [341, 342], "annotations": [{"nertag": "O"}]}, {"base_span": [343, 345], "annotations": [{"nertag": "O"}]}, {"base_span": [346, 351], "annotations": [{"nertag": "B-PER"}]}, {"base_span": [352, 358], "annotations": [{"nertag": "O"}]}, {"base_span": [359, 372], "annotations": [{"nertag": "O"}]}, {"base_span": [373, 378], "annotations": [{"nertag": "O"}]}, {"base_span": [379, 382], "annotations": [{"nertag": "O"}]}, {"base_span": [383, 390], "annotations": [{"nertag": "O"}]}, {"base_span": [390, 391], "annotations": [{"nertag": "O"}]}, {"base_span": [392, 397], "annotations": [{"nertag": "O"}]}, {"base_span": [398, 405], "annotations": [{"nertag": "O"}]}, {"base_span": [406, 412], "annotations": [{"nertag": "O"}]}, {"base_span": [413, 419], "annotations": [{"nertag": "O"}]}, {"base_span": [420, 432], "annotations": [{"nertag": "O"}]}, {"base_span": [433, 434], "annotations": [{"nertag": "O"}]}, {"base_span": [434, 438], "annotations": [{"nertag": "O"}]}, {"base_span": [438, 439], "annotations": [{"nertag": "O"}]}, {"base_span": [440, 447], "annotations": [{"nertag": "O"}]}, {"base_span": [448, 451], "annotations": [{"nertag": "O"}]}, {"base_span": [452, 456], "annotations": [{"nertag": "O"}]}, {"base_span": [457, 463], "annotations": [{"nertag": "O"}]}, {"base_span": [464, 465], "annotations": [{"nertag": "O"}]}, {"base_span": [465, 468], "annotations": [{"nertag": "O"}]}, {"base_span": [468, 469], "annotations": [{"nertag": "O"}]}, {"base_span": [470, 475], "annotations": [{"nertag": "O"}]}, {"base_span": [476, 479], "annotations": [{"nertag": "O"}]}, {"base_span": [480, 484], "annotations": [{"nertag": "O"}]}, {"base_span": [485, 491], "annotations": [{"nertag": "O"}]}, {"base_span": [491, 492], "annotations": [{"nertag": "O"}]}, {"base_span": [493, 496], "annotations": [{"nertag": "O"}]}, {"base_span": [497, 502], "annotations": [{"nertag": "B-PER"}]}, {"base_span": [503, 509], "annotations": [{"nertag": "O"}]}, {"base_span": [510, 514], "annotations": [{"nertag": "O"}]}, {"base_span": [515, 519], "annotations": [{"nertag": "O"}]}, {"base_span": [520, 524], "annotations": [{"nertag": "O"}]}, {"base_span": [525, 535], "annotations": [{"nertag": "O"}]}, {"base_span": [536, 540], "annotations": [{"nertag": "O"}]}, {"base_span": [540, 541], "annotations": [{"nertag": "O"}]}, {"base_span": [542, 545], "annotations": [{"nertag": "O"}]}, {"base_span": [546, 551], "annotations": [{"nertag": "O"}]}, {"base_span": [552, 556], "annotations": [{"nertag": "O"}]}, {"base_span": [557, 565], "annotations": [{"nertag": "O"}]}, {"base_span": [566, 573], "annotations": [{"nertag": "O"}]}, {"base_span": [574, 579], "annotations": [{"nertag": "O"}]}, {"base_span": [579, 580], "annotations": [{"nertag": "O"}]}, {"base_span": [581, 584], "annotations": [{"nertag": "O"}]}, {"base_span": [585, 591], "annotations": [{"nertag": "O"}]}, {"base_span": [591, 592], "annotations": [{"nertag": "O"}]}, {"base_span": [593, 597], "annotations": [{"nertag": "O"}]}, {"base_span": [598, 603], "annotations": [{"nertag": "O"}]}, {"base_span": [604, 609], "annotations": [{"nertag": "O"}]}, {"base_span": [610, 615], "annotations": [{"nertag": "O"}]}, {"base_span": [616, 619], "annotations": [{"nertag": "O"}]}, {"base_span": [620, 624], "annotations": [{"nertag": "O"}]}, {"base_span": [625, 629], "annotations": [{"nertag": "O"}]}, {"base_span": [630, 631], "annotations": [{"nertag": "O"}]}, {"base_span": [631, 634], "annotations": [{"nertag": "O"}]}, {"base_span": [634, 635], "annotations": [{"nertag": "O"}]}, {"base_span": [636, 641], "annotations": [{"nertag": "O"}]}, {"base_span": [641, 642], "annotations": [{"nertag": "O"}]}, {"base_span": [643, 644], "annotations": [{"nertag": "O"}]}, {"base_span": [645, 648], "annotations": [{"nertag": "O"}]}, {"base_span": [649, 653], "annotations": [{"nertag": "O"}]}, {"base_span": [653, 654], "annotations": [{"nertag": "O"}]}, {"base_span": [655, 659], "annotations": [{"nertag": "B-PER"}]}, {"base_span": [660, 666], "annotations": [{"nertag": "I-PER"}]}, {"base_span": [667, 668], "annotations": [{"nertag": "I-PER"}]}, {"base_span": [668, 669], "annotations": [{"nertag": "I-PER"}]}, {"base_span": [670, 675], "annotations": [{"nertag": "I-PER"}]}, {"base_span": [676, 681], "annotations": [{"nertag": "O"}]}, {"base_span": [682, 686], "annotations": [{"nertag": "O"}]}, {"base_span": [687, 695], "annotations": [{"nertag": "O"}]}, {"base_span": [696, 701], "annotations": [{"nertag": "O"}]}, {"base_span": [702, 704], "annotations": [{"nertag": "O"}]}, {"base_span": [705, 710], "annotations": [{"nertag": "O"}]}, {"base_span": [711, 714], "annotations": [{"nertag": "O"}]}, {"base_span": [715, 718], "annotations": [{"nertag": "O"}]}, {"base_span": [719, 728], "annotations": [{"nertag": "O"}]}, {"base_span": [729, 731], "annotations": [{"nertag": "O"}]}, {"base_span": [732, 737], "annotations": [{"nertag": "O"}]}, {"base_span": [738, 741], "annotations": [{"nertag": "O"}]}, {"base_span": [741, 742], "annotations": [{"nertag": "O"}]}, {"base_span": [743, 745], "annotations": [{"nertag": "O"}]}, {"base_span": [746, 750], "annotations": [{"nertag": "O"}]}, {"base_span": [751, 756], "annotations": [{"nertag": "O"}]}, {"base_span": [757, 761], "annotations": [{"nertag": "O"}]}, {"base_span": [762, 765], "annotations": [{"nertag": "O"}]}, {"base_span": [766, 770], "annotations": [{"nertag": "O"}]}, {"base_span": [771, 776], "annotations": [{"nertag": "O"}]}, {"base_span": [777, 781], "annotations": [{"nertag": "O"}]}, {"base_span": [782, 787], "annotations": [{"nertag": "O"}]}, {"base_span": [788, 794], "annotations": [{"nertag": "O"}]}, {"base_span": [794, 795], "annotations": [{"nertag": "O"}]}, {"base_span": [796, 800], "annotations": [{"nertag": "O"}]}, {"base_span": [801, 811], "annotations": [{"nertag": "O"}]}, {"base_span": [812, 815], "annotations": [{"nertag": "O"}]}, {"base_span": [816, 828], "annotations": [{"nertag": "O"}]}, {"base_span": [828, 829], "annotations": [{"nertag": "O"}]}, {"base_span": [831, 833], "annotations": [{"nertag": "O"}]}, {"base_span": [834, 840], "annotations": [{"nertag": "B-PER"}]}, {"base_span": [841, 844], "annotations": [{"nertag": "I-PER"}]}, {"base_span": [845, 854], "annotations": [{"nertag": "O"}]}, {"base_span": [855, 857], "annotations": [{"nertag": "O"}]}, {"base_span": [858, 862], "annotations": [{"nertag": "O"}]}, {"base_span": [862, 863], "annotations": [{"nertag": "O"}]}, {"base_span": [864, 872], "annotations": [{"nertag": "O"}]}, {"base_span": [873, 877], "annotations": [{"nertag": "O"}]}, {"base_span": [878, 888], "annotations": [{"nertag": "O"}]}, {"base_span": [889, 894], "annotations": [{"nertag": "O"}]}, {"base_span": [895, 899], "annotations": [{"nertag": "O"}]}, {"base_span": [900, 909], "annotations": [{"nertag": "O"}]}, {"base_span": [910, 911], "annotations": [{"nertag": "B-PER"}]}, {"base_span": [911, 912], "annotations": [{"nertag": "I-PER"}]}, {"base_span": [913, 917], "annotations": [{"nertag": "I-PER"}]}, {"base_span": [918, 919], "annotations": [{"nertag": "O"}]}, {"base_span": [919, 926], "annotations": [{"nertag": "O"}]}, {"base_span": [926, 927], "annotations": [{"nertag": "O"}]}, {"base_span": [929, 933], "annotations": [{"nertag": "B-PER"}]}, {"base_span": [934, 939], "annotations": [{"nertag": "I-PER"}]}, {"base_span": [941, 942], "annotations": [{"nertag": "O"}]}, {"base_span": [942, 949], "annotations": [{"nertag": "O"}]}, {"base_span": [949, 950], "annotations": [{"nertag": "O"}]}, {"base_span": [952, 965], "annotations": [{"nertag": "O"}]}, {"base_span": [966, 974], "annotations": [{"nertag": "O"}]}, {"base_span": [975, 983], "annotations": [{"nertag": "O"}]}, {"base_span": [984, 992], "annotations": [{"nertag": "O"}]}, {"base_span": [993, 995], "annotations": [{"nertag": "O"}]}, {"base_span": [996, 1005], "annotations": [{"nertag": "O"}]}, {"base_span": [1006, 1013], "annotations": [{"nertag": "O"}]}, {"base_span": [1014, 1024], "annotations": [{"nertag": "O"}]}, {"base_span": [1025, 1031], "annotations": [{"nertag": "O"}]}, {"base_span": [1032, 1034], "annotations": [{"nertag": "O"}]}, {"base_span": [1035, 1042], "annotations": [{"nertag": "O"}]}, {"base_span": [1043, 1049], "annotations": [{"nertag": "O"}]}, {"base_span": [1050, 1062], "annotations": [{"nertag": "O"}]}, {"base_span": [1063, 1072], "annotations": [{"nertag": "O"}]}, {"base_span": [1073, 1082], "annotations": [{"nertag": "O"}]}, {"base_span": [1083, 1089], "annotations": [{"nertag": "O"}]}, {"base_span": [1089, 1090], "annotations": [{"nertag": "O"}]}, {"base_span": [1091, 1094], "annotations": [{"nertag": "O"}]}, {"base_span": [1095, 1104], "annotations": [{"nertag": "B-ORG"}]}, {"base_span": [1105, 1114], "annotations": [{"nertag": "I-ORG"}]}, {"base_span": [1115, 1120], "annotations": [{"nertag": "I-ORG"}]}, {"base_span": [1121, 1124], "annotations": [{"nertag": "O"}]}, {"base_span": [1125, 1128], "annotations": [{"nertag": "O"}]}, {"base_span": [1129, 1138], "annotations": [{"nertag": "O"}]}, {"base_span": [1139, 1148], "annotations": [{"nertag": "O"}]}, {"base_span": [1148, 1149], "annotations": [{"nertag": "O"}]}, {"base_span": [1151, 1161], "annotations": [{"nertag": "O"}]}, {"base_span": [1161, 1162], "annotations": [{"nertag": "O"}]}, {"base_span": [1163, 1164], "annotations": [{"nertag": "B-PER"}]}, {"base_span": [1164, 1165], "annotations": [{"nertag": "I-PER"}]}, {"base_span": [1166, 1172], "annotations": [{"nertag": "I-PER"}]}, {"base_span": [1174, 1175], "annotations": [{"nertag": "O"}]}, {"base_span": [1175, 1182], "annotations": [{"nertag": "O"}]}, {"base_span": [1182, 1183], "annotations": [{"nertag": "O"}]}, {"base_span": [1185, 1197], "annotations": [{"nertag": "O"}]}, {"base_span": [1197, 1198], "annotations": [{"nertag": "O"}]}, {"base_span": [1199, 1200], "annotations": [{"nertag": "B-PER"}]}, {"base_span": [1200, 1201], "annotations": [{"nertag": "I-PER"}]}, {"base_span": [1202, 1209], "annotations": [{"nertag": "I-PER"}]}, {"base_span": [1211, 1212], "annotations": [{"nertag": "O"}]}, {"base_span": [1212, 1219], "annotations": [{"nertag": "O"}]}, {"base_span": [1219, 1220], "annotations": [{"nertag": "O"}]}, {"base_span": [1222, 1223], "annotations": [{"nertag": "B-PER"}]}, {"base_span": [1224, 1230], "annotations": [{"nertag": "I-PER"}]}, {"base_span": [1232, 1233], "annotations": [{"nertag": "O"}]}, {"base_span": [1233, 1240], "annotations": [{"nertag": "O"}]}, {"base_span": [1240, 1241], "annotations": [{"nertag": "O"}]}, {"base_span": [1243, 1244], "annotations": [{"nertag": "B-PER"}]}, {"base_span": [1245, 1251], "annotations": [{"nertag": "I-PER"}]}, {"base_span": [1253, 1254], "annotations": [{"nertag": "O"}]}, {"base_span": [1254, 1261], "annotations": [{"nertag": "O"}]}, {"base_span": [1261, 1262], "annotations": [{"nertag": "O"}]}, {"base_span": [1264, 1273], "annotations": [{"nertag": "O"}]}, {"base_span": [1274, 1279], "annotations": [{"nertag": "B-PER"}]}, {"base_span": [1281, 1282], "annotations": [{"nertag": "O"}]}, {"base_span": [1282, 1289], "annotations": [{"nertag": "O"}]}, {"base_span": [1289, 1290], "annotations": [{"nertag": "O"}]}]}]}