{"text": "\nSiis tulli Maddis ette ja ütles et temma on Ado jure läinud ja on tedda terretanud ja on kohhe küssinud miks sa meie loos maggasid Ado ütles minnole et meie omma loos polle heino olnud mitte ja Maddis on temmale öölnud kuida sa nisuggused te?d olled teinud ja Ado on Maddise lakko annud siis on Maddise meel pahhaks sanud ja on Adot nelli kord lönud ja on öölnud Adole aia heinad välja et nad ärra kuiwad ja Ado on öölnud egga kahte nahka ühhe ärja seljast sa ja Ado on omma laddo läinud ja omma heinde peale assemed teinud ja siis on Maddise watama kutsunud ja Maddis polle mitte läinud sest temma on kuulnud, et Ado omma naesega on nou piddanud teme assemed heinde sisse ja kutsume Maddise watama.\n\nKohto mehhed on moistnud, et Maddis peab Adole pool rubla hobi pealt maksta se on 2 Rubla hobbetad.\n\nMaddis ja Ado on mollemad sellega rahhul ja Maddis lubbas sedda maksta ja kui temma tullewa esmaba ei olle maksnud siis maksab pool rubla trahwi jure.\n\nMuud kohto asjo polle ette tulnud.\n\nKohtomees Tomas Rütel XXX\n\nAbbimehhed Tomas Jurmann XXX\n\nja Peter Marjaso XXX\n\nKirjotaja H. Linath\n\n\n", "meta": {"origin_directory": "vallakohus_neljas/"}, "layers": [{"name": "gold_ner", "attributes": ["nertag"], "parent": null, "enveloping": null, "ambiguous": false, "serialisation_module": null, "meta": {}, "spans": [{"base_span": [12, 18], "annotations": [{"nertag": "PER"}]}, {"base_span": [45, 48], "annotations": [{"nertag": "PER"}]}, {"base_span": [132, 135], "annotations": [{"nertag": "PER"}]}, {"base_span": [195, 201], "annotations": [{"nertag": "PER"}]}, {"base_span": [261, 264], "annotations": [{"nertag": "PER"}]}, {"base_span": [268, 275], "annotations": [{"nertag": "PER"}]}, {"base_span": [296, 303], "annotations": [{"nertag": "PER"}]}, {"base_span": [329, 333], "annotations": [{"nertag": "PER"}]}, {"base_span": [364, 369], "annotations": [{"nertag": "PER"}]}, {"base_span": [409, 412], "annotations": [{"nertag": "PER"}]}, {"base_span": [464, 467], "annotations": [{"nertag": "PER"}]}, {"base_span": [536, 543], "annotations": [{"nertag": "PER"}]}, {"base_span": [563, 569], "annotations": [{"nertag": "PER"}]}, {"base_span": [615, 618], "annotations": [{"nertag": "PER"}]}, {"base_span": [685, 692], "annotations": [{"nertag": "PER"}]}, {"base_span": [731, 737], "annotations": [{"nertag": "PER"}]}, {"base_span": [743, 748], "annotations": [{"nertag": "PER"}]}, {"base_span": [803, 809], "annotations": [{"nertag": "PER"}]}, {"base_span": [813, 816], "annotations": [{"nertag": "PER"}]}, {"base_span": [847, 853], "annotations": [{"nertag": "PER"}]}, {"base_span": [1001, 1012], "annotations": [{"nertag": "PER"}]}, {"base_span": [1029, 1042], "annotations": [{"nertag": "PER"}]}, {"base_span": [1051, 1064], "annotations": [{"nertag": "PER"}]}, {"base_span": [1080, 1089], "annotations": [{"nertag": "PER"}]}]}, {"name": "gold_wordner", "attributes": ["nertag"], "parent": null, "enveloping": null, "ambiguous": false, "serialisation_module": null, "meta": {}, "spans": [{"base_span": [1, 5], "annotations": [{"nertag": "O"}]}, {"base_span": [6, 11], "annotations": [{"nertag": "O"}]}, {"base_span": [12, 18], "annotations": [{"nertag": "B-PER"}]}, {"base_span": [19, 23], "annotations": [{"nertag": "O"}]}, {"base_span": [24, 26], "annotations": [{"nertag": "O"}]}, {"base_span": [27, 32], "annotations": [{"nertag": "O"}]}, {"base_span": [33, 35], "annotations": [{"nertag": "O"}]}, {"base_span": [36, 41], "annotations": [{"nertag": "O"}]}, {"base_span": [42, 44], "annotations": [{"nertag": "O"}]}, {"base_span": [45, 48], "annotations": [{"nertag": "B-PER"}]}, {"base_span": [49, 53], "annotations": [{"nertag": "O"}]}, {"base_span": [54, 60], "annotations": [{"nertag": "O"}]}, {"base_span": [61, 63], "annotations": [{"nertag": "O"}]}, {"base_span": [64, 66], "annotations": [{"nertag": "O"}]}, {"base_span": [67, 72], "annotations": [{"nertag": "O"}]}, {"base_span": [73, 83], "annotations": [{"nertag": "O"}]}, {"base_span": [84, 86], "annotations": [{"nertag": "O"}]}, {"base_span": [87, 89], "annotations": [{"nertag": "O"}]}, {"base_span": [90, 95], "annotations": [{"nertag": "O"}]}, {"base_span": [96, 104], "annotations": [{"nertag": "O"}]}, {"base_span": [105, 109], "annotations": [{"nertag": "O"}]}, {"base_span": [110, 112], "annotations": [{"nertag": "O"}]}, {"base_span": [113, 117], "annotations": [{"nertag": "O"}]}, {"base_span": [118, 122], "annotations": [{"nertag": "O"}]}, {"base_span": [123, 131], "annotations": [{"nertag": "O"}]}, {"base_span": [132, 135], "annotations": [{"nertag": "B-PER"}]}, {"base_span": [136, 141], "annotations": [{"nertag": "O"}]}, {"base_span": [142, 149], "annotations": [{"nertag": "O"}]}, {"base_span": [150, 152], "annotations": [{"nertag": "O"}]}, {"base_span": [153, 157], "annotations": [{"nertag": "O"}]}, {"base_span": [158, 162], "annotations": [{"nertag": "O"}]}, {"base_span": [163, 167], "annotations": [{"nertag": "O"}]}, {"base_span": [168, 173], "annotations": [{"nertag": "O"}]}, {"base_span": [174, 179], "annotations": [{"nertag": "O"}]}, {"base_span": [180, 185], "annotations": [{"nertag": "O"}]}, {"base_span": [186, 191], "annotations": [{"nertag": "O"}]}, {"base_span": [192, 194], "annotations": [{"nertag": "O"}]}, {"base_span": [195, 201], "annotations": [{"nertag": "B-PER"}]}, {"base_span": [202, 204], "annotations": [{"nertag": "O"}]}, {"base_span": [205, 212], "annotations": [{"nertag": "O"}]}, {"base_span": [213, 219], "annotations": [{"nertag": "O"}]}, {"base_span": [220, 225], "annotations": [{"nertag": "O"}]}, {"base_span": [226, 228], "annotations": [{"nertag": "O"}]}, {"base_span": [229, 239], "annotations": [{"nertag": "O"}]}, {"base_span": [240, 242], "annotations": [{"nertag": "O"}]}, {"base_span": [242, 243], "annotations": [{"nertag": "O"}]}, {"base_span": [243, 244], "annotations": [{"nertag": "O"}]}, {"base_span": [245, 250], "annotations": [{"nertag": "O"}]}, {"base_span": [251, 257], "annotations": [{"nertag": "O"}]}, {"base_span": [258, 260], "annotations": [{"nertag": "O"}]}, {"base_span": [261, 264], "annotations": [{"nertag": "B-PER"}]}, {"base_span": [265, 267], "annotations": [{"nertag": "O"}]}, {"base_span": [268, 275], "annotations": [{"nertag": "B-PER"}]}, {"base_span": [276, 281], "annotations": [{"nertag": "O"}]}, {"base_span": [282, 287], "annotations": [{"nertag": "O"}]}, {"base_span": [288, 292], "annotations": [{"nertag": "O"}]}, {"base_span": [293, 295], "annotations": [{"nertag": "O"}]}, {"base_span": [296, 303], "annotations": [{"nertag": "B-PER"}]}, {"base_span": [304, 308], "annotations": [{"nertag": "O"}]}, {"base_span": [309, 316], "annotations": [{"nertag": "O"}]}, {"base_span": [317, 322], "annotations": [{"nertag": "O"}]}, {"base_span": [323, 325], "annotations": [{"nertag": "O"}]}, {"base_span": [326, 328], "annotations": [{"nertag": "O"}]}, {"base_span": [329, 333], "annotations": [{"nertag": "B-PER"}]}, {"base_span": [334, 339], "annotations": [{"nertag": "O"}]}, {"base_span": [340, 344], "annotations": [{"nertag": "O"}]}, {"base_span": [345, 350], "annotations": [{"nertag": "O"}]}, {"base_span": [351, 353], "annotations": [{"nertag": "O"}]}, {"base_span": [354, 356], "annotations": [{"nertag": "O"}]}, {"base_span": [357, 363], "annotations": [{"nertag": "O"}]}, {"base_span": [364, 369], "annotations": [{"nertag": "B-PER"}]}, {"base_span": [370, 373], "annotations": [{"nertag": "O"}]}, {"base_span": [374, 380], "annotations": [{"nertag": "O"}]}, {"base_span": [381, 386], "annotations": [{"nertag": "O"}]}, {"base_span": [387, 389], "annotations": [{"nertag": "O"}]}, {"base_span": [390, 393], "annotations": [{"nertag": "O"}]}, {"base_span": [394, 398], "annotations": [{"nertag": "O"}]}, {"base_span": [399, 405], "annotations": [{"nertag": "O"}]}, {"base_span": [406, 408], "annotations": [{"nertag": "O"}]}, {"base_span": [409, 412], "annotations": [{"nertag": "B-PER"}]}, {"base_span": [413, 415], "annotations": [{"nertag": "O"}]}, {"base_span": [416, 422], "annotations": [{"nertag": "O"}]}, {"base_span": [423, 427], "annotations": [{"nertag": "O"}]}, {"base_span": [428, 433], "annotations": [{"nertag": "O"}]}, {"base_span": [434, 439], "annotations": [{"nertag": "O"}]}, {"base_span": [440, 444], "annotations": [{"nertag": "O"}]}, {"base_span": [445, 449], "annotations": [{"nertag": "O"}]}, {"base_span": [450, 457], "annotations": [{"nertag": "O"}]}, {"base_span": [458, 460], "annotations": [{"nertag": "O"}]}, {"base_span": [461, 463], "annotations": [{"nertag": "O"}]}, {"base_span": [464, 467], "annotations": [{"nertag": "B-PER"}]}, {"base_span": [468, 470], "annotations": [{"nertag": "O"}]}, {"base_span": [471, 475], "annotations": [{"nertag": "O"}]}, {"base_span": [476, 481], "annotations": [{"nertag": "O"}]}, {"base_span": [482, 488], "annotations": [{"nertag": "O"}]}, {"base_span": [489, 491], "annotations": [{"nertag": "O"}]}, {"base_span": [492, 496], "annotations": [{"nertag": "O"}]}, {"base_span": [497, 503], "annotations": [{"nertag": "O"}]}, {"base_span": [504, 509], "annotations": [{"nertag": "O"}]}, {"base_span": [510, 517], "annotations": [{"nertag": "O"}]}, {"base_span": [518, 524], "annotations": [{"nertag": "O"}]}, {"base_span": [525, 527], "annotations": [{"nertag": "O"}]}, {"base_span": [528, 532], "annotations": [{"nertag": "O"}]}, {"base_span": [533, 535], "annotations": [{"nertag": "O"}]}, {"base_span": [536, 543], "annotations": [{"nertag": "B-PER"}]}, {"base_span": [544, 550], "annotations": [{"nertag": "O"}]}, {"base_span": [551, 559], "annotations": [{"nertag": "O"}]}, {"base_span": [560, 562], "annotations": [{"nertag": "O"}]}, {"base_span": [563, 569], "annotations": [{"nertag": "B-PER"}]}, {"base_span": [570, 575], "annotations": [{"nertag": "O"}]}, {"base_span": [576, 581], "annotations": [{"nertag": "O"}]}, {"base_span": [582, 588], "annotations": [{"nertag": "O"}]}, {"base_span": [589, 593], "annotations": [{"nertag": "O"}]}, {"base_span": [594, 599], "annotations": [{"nertag": "O"}]}, {"base_span": [600, 602], "annotations": [{"nertag": "O"}]}, {"base_span": [603, 610], "annotations": [{"nertag": "O"}]}, {"base_span": [610, 611], "annotations": [{"nertag": "O"}]}, {"base_span": [612, 614], "annotations": [{"nertag": "O"}]}, {"base_span": [615, 618], "annotations": [{"nertag": "B-PER"}]}, {"base_span": [619, 623], "annotations": [{"nertag": "O"}]}, {"base_span": [624, 631], "annotations": [{"nertag": "O"}]}, {"base_span": [632, 634], "annotations": [{"nertag": "O"}]}, {"base_span": [635, 638], "annotations": [{"nertag": "O"}]}, {"base_span": [639, 647], "annotations": [{"nertag": "O"}]}, {"base_span": [648, 652], "annotations": [{"nertag": "O"}]}, {"base_span": [653, 660], "annotations": [{"nertag": "O"}]}, {"base_span": [661, 667], "annotations": [{"nertag": "O"}]}, {"base_span": [668, 673], "annotations": [{"nertag": "O"}]}, {"base_span": [674, 676], "annotations": [{"nertag": "O"}]}, {"base_span": [677, 684], "annotations": [{"nertag": "O"}]}, {"base_span": [685, 692], "annotations": [{"nertag": "B-PER"}]}, {"base_span": [693, 699], "annotations": [{"nertag": "O"}]}, {"base_span": [699, 700], "annotations": [{"nertag": "O"}]}, {"base_span": [702, 707], "annotations": [{"nertag": "O"}]}, {"base_span": [708, 714], "annotations": [{"nertag": "O"}]}, {"base_span": [715, 717], "annotations": [{"nertag": "O"}]}, {"base_span": [718, 726], "annotations": [{"nertag": "O"}]}, {"base_span": [726, 727], "annotations": [{"nertag": "O"}]}, {"base_span": [728, 730], "annotations": [{"nertag": "O"}]}, {"base_span": [731, 737], "annotations": [{"nertag": "B-PER"}]}, {"base_span": [738, 742], "annotations": [{"nertag": "O"}]}, {"base_span": [743, 748], "annotations": [{"nertag": "B-PER"}]}, {"base_span": [749, 753], "annotations": [{"nertag": "O"}]}, {"base_span": [754, 759], "annotations": [{"nertag": "O"}]}, {"base_span": [760, 764], "annotations": [{"nertag": "O"}]}, {"base_span": [765, 770], "annotations": [{"nertag": "O"}]}, {"base_span": [771, 777], "annotations": [{"nertag": "O"}]}, {"base_span": [778, 780], "annotations": [{"nertag": "O"}]}, {"base_span": [781, 783], "annotations": [{"nertag": "O"}]}, {"base_span": [784, 785], "annotations": [{"nertag": "O"}]}, {"base_span": [786, 791], "annotations": [{"nertag": "O"}]}, {"base_span": [792, 800], "annotations": [{"nertag": "O"}]}, {"base_span": [800, 801], "annotations": [{"nertag": "O"}]}, {"base_span": [803, 809], "annotations": [{"nertag": "B-PER"}]}, {"base_span": [810, 812], "annotations": [{"nertag": "O"}]}, {"base_span": [813, 816], "annotations": [{"nertag": "B-PER"}]}, {"base_span": [817, 819], "annotations": [{"nertag": "O"}]}, {"base_span": [820, 828], "annotations": [{"nertag": "O"}]}, {"base_span": [829, 836], "annotations": [{"nertag": "O"}]}, {"base_span": [837, 843], "annotations": [{"nertag": "O"}]}, {"base_span": [844, 846], "annotations": [{"nertag": "O"}]}, {"base_span": [847, 853], "annotations": [{"nertag": "B-PER"}]}, {"base_span": [854, 860], "annotations": [{"nertag": "O"}]}, {"base_span": [861, 866], "annotations": [{"nertag": "O"}]}, {"base_span": [867, 873], "annotations": [{"nertag": "O"}]}, {"base_span": [874, 876], "annotations": [{"nertag": "O"}]}, {"base_span": [877, 880], "annotations": [{"nertag": "O"}]}, {"base_span": [881, 886], "annotations": [{"nertag": "O"}]}, {"base_span": [887, 894], "annotations": [{"nertag": "O"}]}, {"base_span": [895, 901], "annotations": [{"nertag": "O"}]}, {"base_span": [902, 904], "annotations": [{"nertag": "O"}]}, {"base_span": [905, 909], "annotations": [{"nertag": "O"}]}, {"base_span": [910, 917], "annotations": [{"nertag": "O"}]}, {"base_span": [918, 922], "annotations": [{"nertag": "O"}]}, {"base_span": [923, 929], "annotations": [{"nertag": "O"}]}, {"base_span": [930, 934], "annotations": [{"nertag": "O"}]}, {"base_span": [935, 940], "annotations": [{"nertag": "O"}]}, {"base_span": [941, 947], "annotations": [{"nertag": "O"}]}, {"base_span": [948, 952], "annotations": [{"nertag": "O"}]}, {"base_span": [952, 953], "annotations": [{"nertag": "O"}]}, {"base_span": [955, 959], "annotations": [{"nertag": "O"}]}, {"base_span": [960, 965], "annotations": [{"nertag": "O"}]}, {"base_span": [966, 970], "annotations": [{"nertag": "O"}]}, {"base_span": [971, 976], "annotations": [{"nertag": "O"}]}, {"base_span": [977, 981], "annotations": [{"nertag": "O"}]}, {"base_span": [982, 988], "annotations": [{"nertag": "O"}]}, {"base_span": [988, 989], "annotations": [{"nertag": "O"}]}, {"base_span": [991, 1000], "annotations": [{"nertag": "O"}]}, {"base_span": [1001, 1006], "annotations": [{"nertag": "B-PER"}]}, {"base_span": [1007, 1012], "annotations": [{"nertag": "I-PER"}]}, {"base_span": [1013, 1016], "annotations": [{"nertag": "O"}]}, {"base_span": [1018, 1028], "annotations": [{"nertag": "O"}]}, {"base_span": [1029, 1034], "annotations": [{"nertag": "B-PER"}]}, {"base_span": [1035, 1042], "annotations": [{"nertag": "I-PER"}]}, {"base_span": [1043, 1046], "annotations": [{"nertag": "O"}]}, {"base_span": [1048, 1050], "annotations": [{"nertag": "O"}]}, {"base_span": [1051, 1056], "annotations": [{"nertag": "B-PER"}]}, {"base_span": [1057, 1064], "annotations": [{"nertag": "I-PER"}]}, {"base_span": [1065, 1068], "annotations": [{"nertag": "O"}]}, {"base_span": [1070, 1079], "annotations": [{"nertag": "O"}]}, {"base_span": [1080, 1081], "annotations": [{"nertag": "B-PER"}]}, {"base_span": [1081, 1082], "annotations": [{"nertag": "I-PER"}]}, {"base_span": [1083, 1089], "annotations": [{"nertag": "I-PER"}]}]}]}