{"text": "\nKohtu ette astus Koolmeister H Alkwist ja kaewas et Maria Stenholm oli tema Ema Agneta juure tulnud essimese Nelipühi pühal ja üttelnud,et tema Tüttar Sophie pidand käima peal olema,ja se olla minu tegu,aga Koolmeister Ahlkwisti Ema olla ennast selle üle nenda wäga ehmatanud ja üsna haikeks jäenud,ka oli Maria Stenholm rääginud,kui teie poeg prii selle süüst on,siis wõib tema nenda sama üttelda nagu üks Kroonstatis seda teinud,ja üttelnud,kui sa seda weel räägid mino peale,siis tahan mina sino teise poole pead juukstest paljaks teha,et sul üks wäljas poolne Märk ka on,ja aru wõib saada,mis sugune innime sa oled.Ja kaewas edasi,et tema Ema juba enne woodis haige oli olnud ja selle ehmatuse läbi hoopis haigeks jäenud,nenda et juba üks Rubla kopkatega rohtutega on kuulutanud,ja ka paergo weel üsna haige on,ja teiseks andis teada,et tema ise juba 4 aastad oma eest muretseja on olnud,sellepärast ei oleks mino peale kaewaja mitte tohtinud mino Ema minna ehmatama,waid Seatust mööda oleks tema mino juure pidanud tulema,seda asja seletama,ja sellepärast annan selle asja Kohtu hooleks,et sellega Seadust mööda peab ümber saama käidud.\n\nMaria Stenholm saab tulewa Kohtu päew ette kutsutud.\n\n\n", "meta": {"origin_directory": "vallakohus_teine/"}, "layers": [{"name": "gold_ner", "attributes": ["nertag"], "parent": null, "enveloping": null, "ambiguous": false, "serialisation_module": null, "meta": {}, "spans": [{"base_span": [30, 39], "annotations": [{"nertag": "PER"}]}, {"base_span": [53, 67], "annotations": [{"nertag": "PER"}]}, {"base_span": [81, 87], "annotations": [{"nertag": "PER"}]}, {"base_span": [152, 158], "annotations": [{"nertag": "PER"}]}, {"base_span": [220, 229], "annotations": [{"nertag": "PER"}]}, {"base_span": [307, 321], "annotations": [{"nertag": "PER"}]}, {"base_span": [408, 419], "annotations": [{"nertag": "LOC"}]}, {"base_span": [1144, 1158], "annotations": [{"nertag": "PER"}]}]}, {"name": "gold_wordner", "attributes": ["nertag"], "parent": null, "enveloping": null, "ambiguous": false, "serialisation_module": null, "meta": {}, "spans": [{"base_span": [1, 6], "annotations": [{"nertag": "O"}]}, {"base_span": [7, 11], "annotations": [{"nertag": "O"}]}, {"base_span": [12, 17], "annotations": [{"nertag": "O"}]}, {"base_span": [18, 29], "annotations": [{"nertag": "O"}]}, {"base_span": [30, 31], "annotations": [{"nertag": "B-PER"}]}, {"base_span": [32, 39], "annotations": [{"nertag": "I-PER"}]}, {"base_span": [40, 42], "annotations": [{"nertag": "O"}]}, {"base_span": [43, 49], "annotations": [{"nertag": "O"}]}, {"base_span": [50, 52], "annotations": [{"nertag": "O"}]}, {"base_span": [53, 58], "annotations": [{"nertag": "B-PER"}]}, {"base_span": [59, 67], "annotations": [{"nertag": "I-PER"}]}, {"base_span": [68, 71], "annotations": [{"nertag": "O"}]}, {"base_span": [72, 76], "annotations": [{"nertag": "O"}]}, {"base_span": [77, 80], "annotations": [{"nertag": "O"}]}, {"base_span": [81, 87], "annotations": [{"nertag": "B-PER"}]}, {"base_span": [88, 93], "annotations": [{"nertag": "O"}]}, {"base_span": [94, 100], "annotations": [{"nertag": "O"}]}, {"base_span": [101, 109], "annotations": [{"nertag": "O"}]}, {"base_span": [110, 118], "annotations": [{"nertag": "O"}]}, {"base_span": [119, 124], "annotations": [{"nertag": "O"}]}, {"base_span": [125, 127], "annotations": [{"nertag": "O"}]}, {"base_span": [128, 136], "annotations": [{"nertag": "O"}]}, {"base_span": [136, 137], "annotations": [{"nertag": "O"}]}, {"base_span": [137, 139], "annotations": [{"nertag": "O"}]}, {"base_span": [140, 144], "annotations": [{"nertag": "O"}]}, {"base_span": [145, 151], "annotations": [{"nertag": "O"}]}, {"base_span": [152, 158], "annotations": [{"nertag": "B-PER"}]}, {"base_span": [159, 165], "annotations": [{"nertag": "O"}]}, {"base_span": [166, 171], "annotations": [{"nertag": "O"}]}, {"base_span": [172, 176], "annotations": [{"nertag": "O"}]}, {"base_span": [177, 182], "annotations": [{"nertag": "O"}]}, {"base_span": [182, 183], "annotations": [{"nertag": "O"}]}, {"base_span": [183, 185], "annotations": [{"nertag": "O"}]}, {"base_span": [186, 188], "annotations": [{"nertag": "O"}]}, {"base_span": [189, 193], "annotations": [{"nertag": "O"}]}, {"base_span": [194, 198], "annotations": [{"nertag": "O"}]}, {"base_span": [199, 203], "annotations": [{"nertag": "O"}]}, {"base_span": [203, 204], "annotations": [{"nertag": "O"}]}, {"base_span": [204, 207], "annotations": [{"nertag": "O"}]}, {"base_span": [208, 219], "annotations": [{"nertag": "O"}]}, {"base_span": [220, 229], "annotations": [{"nertag": "B-PER"}]}, {"base_span": [230, 233], "annotations": [{"nertag": "O"}]}, {"base_span": [234, 238], "annotations": [{"nertag": "O"}]}, {"base_span": [239, 245], "annotations": [{"nertag": "O"}]}, {"base_span": [246, 251], "annotations": [{"nertag": "O"}]}, {"base_span": [252, 255], "annotations": [{"nertag": "O"}]}, {"base_span": [256, 261], "annotations": [{"nertag": "O"}]}, {"base_span": [262, 266], "annotations": [{"nertag": "O"}]}, {"base_span": [267, 276], "annotations": [{"nertag": "O"}]}, {"base_span": [277, 279], "annotations": [{"nertag": "O"}]}, {"base_span": [280, 284], "annotations": [{"nertag": "O"}]}, {"base_span": [285, 292], "annotations": [{"nertag": "O"}]}, {"base_span": [293, 299], "annotations": [{"nertag": "O"}]}, {"base_span": [299, 300], "annotations": [{"nertag": "O"}]}, {"base_span": [300, 302], "annotations": [{"nertag": "O"}]}, {"base_span": [303, 306], "annotations": [{"nertag": "O"}]}, {"base_span": [307, 312], "annotations": [{"nertag": "B-PER"}]}, {"base_span": [313, 321], "annotations": [{"nertag": "I-PER"}]}, {"base_span": [322, 330], "annotations": [{"nertag": "O"}]}, {"base_span": [330, 331], "annotations": [{"nertag": "O"}]}, {"base_span": [331, 334], "annotations": [{"nertag": "O"}]}, {"base_span": [335, 339], "annotations": [{"nertag": "O"}]}, {"base_span": [340, 344], "annotations": [{"nertag": "O"}]}, {"base_span": [345, 349], "annotations": [{"nertag": "O"}]}, {"base_span": [350, 355], "annotations": [{"nertag": "O"}]}, {"base_span": [356, 361], "annotations": [{"nertag": "O"}]}, {"base_span": [362, 364], "annotations": [{"nertag": "O"}]}, {"base_span": [364, 365], "annotations": [{"nertag": "O"}]}, {"base_span": [365, 369], "annotations": [{"nertag": "O"}]}, {"base_span": [370, 374], "annotations": [{"nertag": "O"}]}, {"base_span": [375, 379], "annotations": [{"nertag": "O"}]}, {"base_span": [380, 385], "annotations": [{"nertag": "O"}]}, {"base_span": [386, 390], "annotations": [{"nertag": "O"}]}, {"base_span": [391, 398], "annotations": [{"nertag": "O"}]}, {"base_span": [399, 403], "annotations": [{"nertag": "O"}]}, {"base_span": [404, 407], "annotations": [{"nertag": "O"}]}, {"base_span": [408, 419], "annotations": [{"nertag": "B-LOC"}]}, {"base_span": [420, 424], "annotations": [{"nertag": "O"}]}, {"base_span": [425, 431], "annotations": [{"nertag": "O"}]}, {"base_span": [431, 432], "annotations": [{"nertag": "O"}]}, {"base_span": [432, 434], "annotations": [{"nertag": "O"}]}, {"base_span": [435, 443], "annotations": [{"nertag": "O"}]}, {"base_span": [443, 444], "annotations": [{"nertag": "O"}]}, {"base_span": [444, 447], "annotations": [{"nertag": "O"}]}, {"base_span": [448, 450], "annotations": [{"nertag": "O"}]}, {"base_span": [451, 455], "annotations": [{"nertag": "O"}]}, {"base_span": [456, 460], "annotations": [{"nertag": "O"}]}, {"base_span": [461, 467], "annotations": [{"nertag": "O"}]}, {"base_span": [468, 472], "annotations": [{"nertag": "O"}]}, {"base_span": [473, 478], "annotations": [{"nertag": "O"}]}, {"base_span": [478, 479], "annotations": [{"nertag": "O"}]}, {"base_span": [479, 483], "annotations": [{"nertag": "O"}]}, {"base_span": [484, 489], "annotations": [{"nertag": "O"}]}, {"base_span": [490, 494], "annotations": [{"nertag": "O"}]}, {"base_span": [495, 499], "annotations": [{"nertag": "O"}]}, {"base_span": [500, 505], "annotations": [{"nertag": "O"}]}, {"base_span": [506, 511], "annotations": [{"nertag": "O"}]}, {"base_span": [512, 516], "annotations": [{"nertag": "O"}]}, {"base_span": [517, 526], "annotations": [{"nertag": "O"}]}, {"base_span": [527, 534], "annotations": [{"nertag": "O"}]}, {"base_span": [535, 539], "annotations": [{"nertag": "O"}]}, {"base_span": [539, 540], "annotations": [{"nertag": "O"}]}, {"base_span": [540, 542], "annotations": [{"nertag": "O"}]}, {"base_span": [543, 546], "annotations": [{"nertag": "O"}]}, {"base_span": [547, 550], "annotations": [{"nertag": "O"}]}, {"base_span": [551, 557], "annotations": [{"nertag": "O"}]}, {"base_span": [558, 564], "annotations": [{"nertag": "O"}]}, {"base_span": [565, 569], "annotations": [{"nertag": "O"}]}, {"base_span": [570, 572], "annotations": [{"nertag": "O"}]}, {"base_span": [573, 575], "annotations": [{"nertag": "O"}]}, {"base_span": [575, 576], "annotations": [{"nertag": "O"}]}, {"base_span": [576, 578], "annotations": [{"nertag": "O"}]}, {"base_span": [579, 582], "annotations": [{"nertag": "O"}]}, {"base_span": [583, 587], "annotations": [{"nertag": "O"}]}, {"base_span": [588, 593], "annotations": [{"nertag": "O"}]}, {"base_span": [593, 594], "annotations": [{"nertag": "O"}]}, {"base_span": [594, 597], "annotations": [{"nertag": "O"}]}, {"base_span": [598, 604], "annotations": [{"nertag": "O"}]}, {"base_span": [605, 611], "annotations": [{"nertag": "O"}]}, {"base_span": [612, 614], "annotations": [{"nertag": "O"}]}, {"base_span": [615, 619], "annotations": [{"nertag": "O"}]}, {"base_span": [619, 620], "annotations": [{"nertag": "O"}]}, {"base_span": [620, 622], "annotations": [{"nertag": "O"}]}, {"base_span": [623, 629], "annotations": [{"nertag": "O"}]}, {"base_span": [630, 635], "annotations": [{"nertag": "O"}]}, {"base_span": [635, 636], "annotations": [{"nertag": "O"}]}, {"base_span": [636, 638], "annotations": [{"nertag": "O"}]}, {"base_span": [639, 643], "annotations": [{"nertag": "O"}]}, {"base_span": [644, 647], "annotations": [{"nertag": "O"}]}, {"base_span": [648, 652], "annotations": [{"nertag": "O"}]}, {"base_span": [653, 657], "annotations": [{"nertag": "O"}]}, {"base_span": [658, 664], "annotations": [{"nertag": "O"}]}, {"base_span": [665, 670], "annotations": [{"nertag": "O"}]}, {"base_span": [671, 674], "annotations": [{"nertag": "O"}]}, {"base_span": [675, 680], "annotations": [{"nertag": "O"}]}, {"base_span": [681, 683], "annotations": [{"nertag": "O"}]}, {"base_span": [684, 689], "annotations": [{"nertag": "O"}]}, {"base_span": [690, 698], "annotations": [{"nertag": "O"}]}, {"base_span": [699, 703], "annotations": [{"nertag": "O"}]}, {"base_span": [704, 710], "annotations": [{"nertag": "O"}]}, {"base_span": [711, 718], "annotations": [{"nertag": "O"}]}, {"base_span": [719, 725], "annotations": [{"nertag": "O"}]}, {"base_span": [725, 726], "annotations": [{"nertag": "O"}]}, {"base_span": [726, 731], "annotations": [{"nertag": "O"}]}, {"base_span": [732, 734], "annotations": [{"nertag": "O"}]}, {"base_span": [735, 739], "annotations": [{"nertag": "O"}]}, {"base_span": [740, 743], "annotations": [{"nertag": "O"}]}, {"base_span": [744, 749], "annotations": [{"nertag": "O"}]}, {"base_span": [750, 759], "annotations": [{"nertag": "O"}]}, {"base_span": [760, 769], "annotations": [{"nertag": "O"}]}, {"base_span": [770, 772], "annotations": [{"nertag": "O"}]}, {"base_span": [773, 783], "annotations": [{"nertag": "O"}]}, {"base_span": [783, 784], "annotations": [{"nertag": "O"}]}, {"base_span": [784, 786], "annotations": [{"nertag": "O"}]}, {"base_span": [787, 789], "annotations": [{"nertag": "O"}]}, {"base_span": [790, 796], "annotations": [{"nertag": "O"}]}, {"base_span": [797, 801], "annotations": [{"nertag": "O"}]}, {"base_span": [802, 806], "annotations": [{"nertag": "O"}]}, {"base_span": [807, 812], "annotations": [{"nertag": "O"}]}, {"base_span": [813, 815], "annotations": [{"nertag": "O"}]}, {"base_span": [815, 816], "annotations": [{"nertag": "O"}]}, {"base_span": [816, 818], "annotations": [{"nertag": "O"}]}, {"base_span": [819, 826], "annotations": [{"nertag": "O"}]}, {"base_span": [827, 832], "annotations": [{"nertag": "O"}]}, {"base_span": [833, 838], "annotations": [{"nertag": "O"}]}, {"base_span": [838, 839], "annotations": [{"nertag": "O"}]}, {"base_span": [839, 841], "annotations": [{"nertag": "O"}]}, {"base_span": [842, 846], "annotations": [{"nertag": "O"}]}, {"base_span": [847, 850], "annotations": [{"nertag": "O"}]}, {"base_span": [851, 855], "annotations": [{"nertag": "O"}]}, {"base_span": [856, 857], "annotations": [{"nertag": "O"}]}, {"base_span": [858, 864], "annotations": [{"nertag": "O"}]}, {"base_span": [865, 868], "annotations": [{"nertag": "O"}]}, {"base_span": [869, 873], "annotations": [{"nertag": "O"}]}, {"base_span": [874, 883], "annotations": [{"nertag": "O"}]}, {"base_span": [884, 886], "annotations": [{"nertag": "O"}]}, {"base_span": [887, 892], "annotations": [{"nertag": "O"}]}, {"base_span": [892, 893], "annotations": [{"nertag": "O"}]}, {"base_span": [893, 904], "annotations": [{"nertag": "O"}]}, {"base_span": [905, 907], "annotations": [{"nertag": "O"}]}, {"base_span": [908, 913], "annotations": [{"nertag": "O"}]}, {"base_span": [914, 918], "annotations": [{"nertag": "O"}]}, {"base_span": [919, 924], "annotations": [{"nertag": "O"}]}, {"base_span": [925, 932], "annotations": [{"nertag": "O"}]}, {"base_span": [933, 938], "annotations": [{"nertag": "O"}]}, {"base_span": [939, 947], "annotations": [{"nertag": "O"}]}, {"base_span": [948, 952], "annotations": [{"nertag": "O"}]}, {"base_span": [953, 956], "annotations": [{"nertag": "O"}]}, {"base_span": [957, 962], "annotations": [{"nertag": "O"}]}, {"base_span": [963, 971], "annotations": [{"nertag": "O"}]}, {"base_span": [971, 972], "annotations": [{"nertag": "O"}]}, {"base_span": [972, 976], "annotations": [{"nertag": "O"}]}, {"base_span": [977, 984], "annotations": [{"nertag": "O"}]}, {"base_span": [985, 990], "annotations": [{"nertag": "O"}]}, {"base_span": [991, 996], "annotations": [{"nertag": "O"}]}, {"base_span": [997, 1001], "annotations": [{"nertag": "O"}]}, {"base_span": [1002, 1006], "annotations": [{"nertag": "O"}]}, {"base_span": [1007, 1012], "annotations": [{"nertag": "O"}]}, {"base_span": [1013, 1020], "annotations": [{"nertag": "O"}]}, {"base_span": [1021, 1027], "annotations": [{"nertag": "O"}]}, {"base_span": [1027, 1028], "annotations": [{"nertag": "O"}]}, {"base_span": [1028, 1032], "annotations": [{"nertag": "O"}]}, {"base_span": [1033, 1037], "annotations": [{"nertag": "O"}]}, {"base_span": [1038, 1046], "annotations": [{"nertag": "O"}]}, {"base_span": [1046, 1047], "annotations": [{"nertag": "O"}]}, {"base_span": [1047, 1049], "annotations": [{"nertag": "O"}]}, {"base_span": [1050, 1061], "annotations": [{"nertag": "O"}]}, {"base_span": [1062, 1067], "annotations": [{"nertag": "O"}]}, {"base_span": [1068, 1073], "annotations": [{"nertag": "O"}]}, {"base_span": [1074, 1078], "annotations": [{"nertag": "O"}]}, {"base_span": [1079, 1084], "annotations": [{"nertag": "O"}]}, {"base_span": [1085, 1092], "annotations": [{"nertag": "O"}]}, {"base_span": [1092, 1093], "annotations": [{"nertag": "O"}]}, {"base_span": [1093, 1095], "annotations": [{"nertag": "O"}]}, {"base_span": [1096, 1103], "annotations": [{"nertag": "O"}]}, {"base_span": [1104, 1111], "annotations": [{"nertag": "O"}]}, {"base_span": [1112, 1117], "annotations": [{"nertag": "O"}]}, {"base_span": [1118, 1122], "annotations": [{"nertag": "O"}]}, {"base_span": [1123, 1128], "annotations": [{"nertag": "O"}]}, {"base_span": [1129, 1134], "annotations": [{"nertag": "O"}]}, {"base_span": [1135, 1141], "annotations": [{"nertag": "O"}]}, {"base_span": [1141, 1142], "annotations": [{"nertag": "O"}]}, {"base_span": [1144, 1149], "annotations": [{"nertag": "B-PER"}]}, {"base_span": [1150, 1158], "annotations": [{"nertag": "I-PER"}]}, {"base_span": [1159, 1163], "annotations": [{"nertag": "O"}]}, {"base_span": [1164, 1170], "annotations": [{"nertag": "O"}]}, {"base_span": [1171, 1176], "annotations": [{"nertag": "O"}]}, {"base_span": [1177, 1181], "annotations": [{"nertag": "O"}]}, {"base_span": [1182, 1186], "annotations": [{"nertag": "O"}]}, {"base_span": [1187, 1195], "annotations": [{"nertag": "O"}]}, {"base_span": [1195, 1196], "annotations": [{"nertag": "O"}]}]}]}