{"text": "\nNorby küla Mangs peremees Johan Irman astus kohtu ette ja kaewas sisse et Wahtmeester olla tema käest 2 põrsast ostnud ja 10 kop pr nael maknud ja põrsad ülepea 20 naela kaalund.Kahe nädali pärast on Wahtmeister põrsad tagasi toond ja üttelnud et põrsad ei ole nii rasked waid kaaluwad aga 15 naela.\n\nWahtmeister sai ette kutsutud ja tema ütles et põrsad olla aga 15 naela kaalund ja tema pidi kahest rublast 50 kop.tagasi maksma mis Irman ei olla annud.\n\nKohus mõistis et Wahtmeister pidi põrsad tagasi wõtma ja mis nad rohkem pidid kaaluma kui 20 naela pidi Wahtmeister juure maksma 10 kop naela ette ja nemad leppisid sellega.\n\nWalla kohtu wanem A.Benholm +++,Juuresistuja L.Alström +++,A.Lindström +++,H.Alberg +++,J.Jäemees +++\n\n\n", "meta": {"origin_directory": "vallakohus_kolmas/"}, "layers": [{"name": "gold_ner", "attributes": ["nertag"], "parent": null, "enveloping": null, "ambiguous": false, "serialisation_module": null, "meta": {}, "spans": [{"base_span": [1, 11], "annotations": [{"nertag": "LOC_ORG"}]}, {"base_span": [12, 17], "annotations": [{"nertag": "LOC_ORG"}]}, {"base_span": [27, 38], "annotations": [{"nertag": "PER"}]}, {"base_span": [435, 440], "annotations": [{"nertag": "PER"}]}, {"base_span": [650, 659], "annotations": [{"nertag": "PER"}]}, {"base_span": [677, 686], "annotations": [{"nertag": "PER"}]}, {"base_span": [691, 702], "annotations": [{"nertag": "PER"}]}, {"base_span": [707, 715], "annotations": [{"nertag": "PER"}]}, {"base_span": [720, 729], "annotations": [{"nertag": "PER"}]}]}, {"name": "gold_wordner", "attributes": ["nertag"], "parent": null, "enveloping": null, "ambiguous": false, "serialisation_module": null, "meta": {}, "spans": [{"base_span": [1, 6], "annotations": [{"nertag": "B-LOC_ORG"}]}, {"base_span": [7, 11], "annotations": [{"nertag": "I-LOC_ORG"}]}, {"base_span": [12, 17], "annotations": [{"nertag": "B-LOC_ORG"}]}, {"base_span": [18, 26], "annotations": [{"nertag": "O"}]}, {"base_span": [27, 32], "annotations": [{"nertag": "B-PER"}]}, {"base_span": [33, 38], "annotations": [{"nertag": "I-PER"}]}, {"base_span": [39, 44], "annotations": [{"nertag": "O"}]}, {"base_span": [45, 50], "annotations": [{"nertag": "O"}]}, {"base_span": [51, 55], "annotations": [{"nertag": "O"}]}, {"base_span": [56, 58], "annotations": [{"nertag": "O"}]}, {"base_span": [59, 65], "annotations": [{"nertag": "O"}]}, {"base_span": [66, 71], "annotations": [{"nertag": "O"}]}, {"base_span": [72, 74], "annotations": [{"nertag": "O"}]}, {"base_span": [75, 86], "annotations": [{"nertag": "O"}]}, {"base_span": [87, 91], "annotations": [{"nertag": "O"}]}, {"base_span": [92, 96], "annotations": [{"nertag": "O"}]}, {"base_span": [97, 102], "annotations": [{"nertag": "O"}]}, {"base_span": [103, 104], "annotations": [{"nertag": "O"}]}, {"base_span": [105, 112], "annotations": [{"nertag": "O"}]}, {"base_span": [113, 119], "annotations": [{"nertag": "O"}]}, {"base_span": [120, 122], "annotations": [{"nertag": "O"}]}, {"base_span": [123, 125], "annotations": [{"nertag": "O"}]}, {"base_span": [126, 129], "annotations": [{"nertag": "O"}]}, {"base_span": [130, 132], "annotations": [{"nertag": "O"}]}, {"base_span": [133, 137], "annotations": [{"nertag": "O"}]}, {"base_span": [138, 144], "annotations": [{"nertag": "O"}]}, {"base_span": [145, 147], "annotations": [{"nertag": "O"}]}, {"base_span": [148, 154], "annotations": [{"nertag": "O"}]}, {"base_span": [155, 161], "annotations": [{"nertag": "O"}]}, {"base_span": [162, 164], "annotations": [{"nertag": "O"}]}, {"base_span": [165, 170], "annotations": [{"nertag": "O"}]}, {"base_span": [171, 178], "annotations": [{"nertag": "O"}]}, {"base_span": [178, 179], "annotations": [{"nertag": "O"}]}, {"base_span": [179, 183], "annotations": [{"nertag": "O"}]}, {"base_span": [184, 190], "annotations": [{"nertag": "O"}]}, {"base_span": [191, 197], "annotations": [{"nertag": "O"}]}, {"base_span": [198, 200], "annotations": [{"nertag": "O"}]}, {"base_span": [201, 212], "annotations": [{"nertag": "O"}]}, {"base_span": [213, 219], "annotations": [{"nertag": "O"}]}, {"base_span": [220, 226], "annotations": [{"nertag": "O"}]}, {"base_span": [227, 232], "annotations": [{"nertag": "O"}]}, {"base_span": [233, 235], "annotations": [{"nertag": "O"}]}, {"base_span": [236, 244], "annotations": [{"nertag": "O"}]}, {"base_span": [245, 247], "annotations": [{"nertag": "O"}]}, {"base_span": [248, 254], "annotations": [{"nertag": "O"}]}, {"base_span": [255, 257], "annotations": [{"nertag": "O"}]}, {"base_span": [258, 261], "annotations": [{"nertag": "O"}]}, {"base_span": [262, 265], "annotations": [{"nertag": "O"}]}, {"base_span": [266, 272], "annotations": [{"nertag": "O"}]}, {"base_span": [273, 277], "annotations": [{"nertag": "O"}]}, {"base_span": [278, 286], "annotations": [{"nertag": "O"}]}, {"base_span": [287, 290], "annotations": [{"nertag": "O"}]}, {"base_span": [291, 293], "annotations": [{"nertag": "O"}]}, {"base_span": [294, 299], "annotations": [{"nertag": "O"}]}, {"base_span": [299, 300], "annotations": [{"nertag": "O"}]}, {"base_span": [302, 313], "annotations": [{"nertag": "O"}]}, {"base_span": [314, 317], "annotations": [{"nertag": "O"}]}, {"base_span": [318, 322], "annotations": [{"nertag": "O"}]}, {"base_span": [323, 331], "annotations": [{"nertag": "O"}]}, {"base_span": [332, 334], "annotations": [{"nertag": "O"}]}, {"base_span": [335, 339], "annotations": [{"nertag": "O"}]}, {"base_span": [340, 345], "annotations": [{"nertag": "O"}]}, {"base_span": [346, 348], "annotations": [{"nertag": "O"}]}, {"base_span": [349, 355], "annotations": [{"nertag": "O"}]}, {"base_span": [356, 360], "annotations": [{"nertag": "O"}]}, {"base_span": [361, 364], "annotations": [{"nertag": "O"}]}, {"base_span": [365, 367], "annotations": [{"nertag": "O"}]}, {"base_span": [368, 373], "annotations": [{"nertag": "O"}]}, {"base_span": [374, 381], "annotations": [{"nertag": "O"}]}, {"base_span": [382, 384], "annotations": [{"nertag": "O"}]}, {"base_span": [385, 389], "annotations": [{"nertag": "O"}]}, {"base_span": [390, 394], "annotations": [{"nertag": "O"}]}, {"base_span": [395, 401], "annotations": [{"nertag": "O"}]}, {"base_span": [402, 409], "annotations": [{"nertag": "O"}]}, {"base_span": [410, 412], "annotations": [{"nertag": "O"}]}, {"base_span": [413, 416], "annotations": [{"nertag": "O"}]}, {"base_span": [416, 417], "annotations": [{"nertag": "O"}]}, {"base_span": [417, 423], "annotations": [{"nertag": "O"}]}, {"base_span": [424, 430], "annotations": [{"nertag": "O"}]}, {"base_span": [431, 434], "annotations": [{"nertag": "O"}]}, {"base_span": [435, 440], "annotations": [{"nertag": "B-PER"}]}, {"base_span": [441, 443], "annotations": [{"nertag": "O"}]}, {"base_span": [444, 448], "annotations": [{"nertag": "O"}]}, {"base_span": [449, 454], "annotations": [{"nertag": "O"}]}, {"base_span": [454, 455], "annotations": [{"nertag": "O"}]}, {"base_span": [457, 462], "annotations": [{"nertag": "O"}]}, {"base_span": [463, 470], "annotations": [{"nertag": "O"}]}, {"base_span": [471, 473], "annotations": [{"nertag": "O"}]}, {"base_span": [474, 485], "annotations": [{"nertag": "O"}]}, {"base_span": [486, 490], "annotations": [{"nertag": "O"}]}, {"base_span": [491, 497], "annotations": [{"nertag": "O"}]}, {"base_span": [498, 504], "annotations": [{"nertag": "O"}]}, {"base_span": [505, 510], "annotations": [{"nertag": "O"}]}, {"base_span": [511, 513], "annotations": [{"nertag": "O"}]}, {"base_span": [514, 517], "annotations": [{"nertag": "O"}]}, {"base_span": [518, 521], "annotations": [{"nertag": "O"}]}, {"base_span": [522, 528], "annotations": [{"nertag": "O"}]}, {"base_span": [529, 534], "annotations": [{"nertag": "O"}]}, {"base_span": [535, 542], "annotations": [{"nertag": "O"}]}, {"base_span": [543, 546], "annotations": [{"nertag": "O"}]}, {"base_span": [547, 549], "annotations": [{"nertag": "O"}]}, {"base_span": [550, 555], "annotations": [{"nertag": "O"}]}, {"base_span": [556, 560], "annotations": [{"nertag": "O"}]}, {"base_span": [561, 572], "annotations": [{"nertag": "O"}]}, {"base_span": [573, 578], "annotations": [{"nertag": "O"}]}, {"base_span": [579, 585], "annotations": [{"nertag": "O"}]}, {"base_span": [586, 588], "annotations": [{"nertag": "O"}]}, {"base_span": [589, 592], "annotations": [{"nertag": "O"}]}, {"base_span": [593, 598], "annotations": [{"nertag": "O"}]}, {"base_span": [599, 603], "annotations": [{"nertag": "O"}]}, {"base_span": [604, 606], "annotations": [{"nertag": "O"}]}, {"base_span": [607, 612], "annotations": [{"nertag": "O"}]}, {"base_span": [613, 621], "annotations": [{"nertag": "O"}]}, {"base_span": [622, 629], "annotations": [{"nertag": "O"}]}, {"base_span": [629, 630], "annotations": [{"nertag": "O"}]}, {"base_span": [632, 637], "annotations": [{"nertag": "O"}]}, {"base_span": [638, 643], "annotations": [{"nertag": "O"}]}, {"base_span": [644, 649], "annotations": [{"nertag": "O"}]}, {"base_span": [650, 651], "annotations": [{"nertag": "B-PER"}]}, {"base_span": [651, 652], "annotations": [{"nertag": "I-PER"}]}, {"base_span": [652, 659], "annotations": [{"nertag": "I-PER"}]}, {"base_span": [660, 661], "annotations": [{"nertag": "O"}]}, {"base_span": [661, 662], "annotations": [{"nertag": "O"}]}, {"base_span": [662, 663], "annotations": [{"nertag": "O"}]}, {"base_span": [663, 664], "annotations": [{"nertag": "O"}]}, {"base_span": [664, 676], "annotations": [{"nertag": "O"}]}, {"base_span": [677, 678], "annotations": [{"nertag": "B-PER"}]}, {"base_span": [678, 679], "annotations": [{"nertag": "I-PER"}]}, {"base_span": [679, 686], "annotations": [{"nertag": "I-PER"}]}, {"base_span": [687, 688], "annotations": [{"nertag": "O"}]}, {"base_span": [688, 689], "annotations": [{"nertag": "O"}]}, {"base_span": [689, 690], "annotations": [{"nertag": "O"}]}, {"base_span": [690, 691], "annotations": [{"nertag": "O"}]}, {"base_span": [691, 692], "annotations": [{"nertag": "B-PER"}]}, {"base_span": [692, 693], "annotations": [{"nertag": "I-PER"}]}, {"base_span": [693, 702], "annotations": [{"nertag": "I-PER"}]}, {"base_span": [703, 704], "annotations": [{"nertag": "O"}]}, {"base_span": [704, 705], "annotations": [{"nertag": "O"}]}, {"base_span": [705, 706], "annotations": [{"nertag": "O"}]}, {"base_span": [706, 707], "annotations": [{"nertag": "O"}]}, {"base_span": [707, 708], "annotations": [{"nertag": "B-PER"}]}, {"base_span": [708, 709], "annotations": [{"nertag": "I-PER"}]}, {"base_span": [709, 715], "annotations": [{"nertag": "I-PER"}]}, {"base_span": [716, 717], "annotations": [{"nertag": "O"}]}, {"base_span": [717, 718], "annotations": [{"nertag": "O"}]}, {"base_span": [718, 719], "annotations": [{"nertag": "O"}]}, {"base_span": [719, 720], "annotations": [{"nertag": "O"}]}, {"base_span": [720, 721], "annotations": [{"nertag": "B-PER"}]}, {"base_span": [721, 722], "annotations": [{"nertag": "I-PER"}]}, {"base_span": [722, 729], "annotations": [{"nertag": "I-PER"}]}, {"base_span": [730, 731], "annotations": [{"nertag": "O"}]}, {"base_span": [731, 732], "annotations": [{"nertag": "O"}]}, {"base_span": [732, 733], "annotations": [{"nertag": "O"}]}]}]}