{"text": "\nKoos ollid: tallitaja: Nic: Mähle, abbilis: Gus: Kutser ha G. Jõesberg.\n\nWillem Märjama kaebab kohto ees, et Surewalla pois Thomas Kaljo tedda sel 20mal Octob: Mäe kõrtso jures kaks korda mahha lükkanud, ilma et temma tedda seal enne wihhale olleks ärritanud. Nisamma kaebab ka Nig. Tännawa, et se üllemal nimmetud Thomas Kaljo olla moda läinud kewwadel, seal sammas kõrtso jures, temma kassuka katki kärristanud (rinna eest), mis ta praegogi siin kohtus ette näitab.\n\nThomas Kaljo tunnistab, et se temma käest kül nenda on joobnud peaga juhtunud ja pallub Nig: Tännawaga leppida, mis se issegi sowis ja Thomas Kaljo maksis Nig: Tännawale siis 60 Cop kahjotassumisseks, misga teine ka rahhul olli ja nenda on nende assi kohto polest leppitud sanud. Agga et Willem Märjama temmast ilma süta on mutatud ja lödud sanud, selle eest möistis kohhus, et Thomas Kaljo 1 Rbl: rahha trahwi walla laeka maksab. Mis temma ka warsi wälja maksis.\n\n\n", "meta": {"origin_directory": "vallakohus_kolmas/"}, "layers": [{"name": "gold_ner", "attributes": ["nertag"], "parent": null, "enveloping": null, "ambiguous": false, "serialisation_module": null, "meta": {}, "spans": [{"base_span": [24, 34], "annotations": [{"nertag": "PER"}]}, {"base_span": [45, 56], "annotations": [{"nertag": "PER"}]}, {"base_span": [60, 71], "annotations": [{"nertag": "PER"}]}, {"base_span": [74, 88], "annotations": [{"nertag": "PER"}]}, {"base_span": [110, 119], "annotations": [{"nertag": "LOC_ORG"}]}, {"base_span": [125, 137], "annotations": [{"nertag": "PER"}]}, {"base_span": [161, 171], "annotations": [{"nertag": "LOC_ORG"}]}, {"base_span": [279, 291], "annotations": [{"nertag": "PER"}]}, {"base_span": [316, 328], "annotations": [{"nertag": "PER"}]}, {"base_span": [470, 482], "annotations": [{"nertag": "PER"}]}, {"base_span": [558, 572], "annotations": [{"nertag": "PER"}]}, {"base_span": [605, 617], "annotations": [{"nertag": "PER"}]}, {"base_span": [625, 639], "annotations": [{"nertag": "PER"}]}, {"base_span": [758, 772], "annotations": [{"nertag": "PER"}]}, {"base_span": [848, 860], "annotations": [{"nertag": "PER"}]}]}, {"name": "gold_wordner", "attributes": ["nertag"], "parent": null, "enveloping": null, "ambiguous": false, "serialisation_module": null, "meta": {}, "spans": [{"base_span": [1, 5], "annotations": [{"nertag": "O"}]}, {"base_span": [6, 11], "annotations": [{"nertag": "O"}]}, {"base_span": [11, 12], "annotations": [{"nertag": "O"}]}, {"base_span": [13, 22], "annotations": [{"nertag": "O"}]}, {"base_span": [22, 23], "annotations": [{"nertag": "O"}]}, {"base_span": [24, 27], "annotations": [{"nertag": "B-PER"}]}, {"base_span": [27, 28], "annotations": [{"nertag": "I-PER"}]}, {"base_span": [29, 34], "annotations": [{"nertag": "I-PER"}]}, {"base_span": [34, 35], "annotations": [{"nertag": "O"}]}, {"base_span": [36, 43], "annotations": [{"nertag": "O"}]}, {"base_span": [43, 44], "annotations": [{"nertag": "O"}]}, {"base_span": [45, 48], "annotations": [{"nertag": "B-PER"}]}, {"base_span": [48, 49], "annotations": [{"nertag": "I-PER"}]}, {"base_span": [50, 56], "annotations": [{"nertag": "I-PER"}]}, {"base_span": [57, 59], "annotations": [{"nertag": "O"}]}, {"base_span": [60, 61], "annotations": [{"nertag": "B-PER"}]}, {"base_span": [61, 62], "annotations": [{"nertag": "I-PER"}]}, {"base_span": [63, 71], "annotations": [{"nertag": "I-PER"}]}, {"base_span": [71, 72], "annotations": [{"nertag": "O"}]}, {"base_span": [74, 80], "annotations": [{"nertag": "B-PER"}]}, {"base_span": [81, 88], "annotations": [{"nertag": "I-PER"}]}, {"base_span": [89, 95], "annotations": [{"nertag": "O"}]}, {"base_span": [96, 101], "annotations": [{"nertag": "O"}]}, {"base_span": [102, 105], "annotations": [{"nertag": "O"}]}, {"base_span": [105, 106], "annotations": [{"nertag": "O"}]}, {"base_span": [107, 109], "annotations": [{"nertag": "O"}]}, {"base_span": [110, 119], "annotations": [{"nertag": "B-LOC_ORG"}]}, {"base_span": [120, 124], "annotations": [{"nertag": "O"}]}, {"base_span": [125, 131], "annotations": [{"nertag": "B-PER"}]}, {"base_span": [132, 137], "annotations": [{"nertag": "I-PER"}]}, {"base_span": [138, 143], "annotations": [{"nertag": "O"}]}, {"base_span": [144, 147], "annotations": [{"nertag": "O"}]}, {"base_span": [148, 153], "annotations": [{"nertag": "O"}]}, {"base_span": [154, 159], "annotations": [{"nertag": "O"}]}, {"base_span": [159, 160], "annotations": [{"nertag": "O"}]}, {"base_span": [161, 164], "annotations": [{"nertag": "B-LOC_ORG"}]}, {"base_span": [165, 171], "annotations": [{"nertag": "I-LOC_ORG"}]}, {"base_span": [172, 177], "annotations": [{"nertag": "O"}]}, {"base_span": [178, 182], "annotations": [{"nertag": "O"}]}, {"base_span": [183, 188], "annotations": [{"nertag": "O"}]}, {"base_span": [189, 194], "annotations": [{"nertag": "O"}]}, {"base_span": [195, 203], "annotations": [{"nertag": "O"}]}, {"base_span": [203, 204], "annotations": [{"nertag": "O"}]}, {"base_span": [205, 209], "annotations": [{"nertag": "O"}]}, {"base_span": [210, 212], "annotations": [{"nertag": "O"}]}, {"base_span": [213, 218], "annotations": [{"nertag": "O"}]}, {"base_span": [219, 224], "annotations": [{"nertag": "O"}]}, {"base_span": [225, 229], "annotations": [{"nertag": "O"}]}, {"base_span": [230, 234], "annotations": [{"nertag": "O"}]}, {"base_span": [235, 242], "annotations": [{"nertag": "O"}]}, {"base_span": [243, 249], "annotations": [{"nertag": "O"}]}, {"base_span": [250, 259], "annotations": [{"nertag": "O"}]}, {"base_span": [259, 260], "annotations": [{"nertag": "O"}]}, {"base_span": [261, 268], "annotations": [{"nertag": "O"}]}, {"base_span": [269, 275], "annotations": [{"nertag": "O"}]}, {"base_span": [276, 278], "annotations": [{"nertag": "O"}]}, {"base_span": [279, 282], "annotations": [{"nertag": "B-PER"}]}, {"base_span": [282, 283], "annotations": [{"nertag": "I-PER"}]}, {"base_span": [284, 291], "annotations": [{"nertag": "I-PER"}]}, {"base_span": [291, 292], "annotations": [{"nertag": "O"}]}, {"base_span": [293, 295], "annotations": [{"nertag": "O"}]}, {"base_span": [296, 298], "annotations": [{"nertag": "O"}]}, {"base_span": [299, 306], "annotations": [{"nertag": "O"}]}, {"base_span": [307, 315], "annotations": [{"nertag": "O"}]}, {"base_span": [316, 322], "annotations": [{"nertag": "B-PER"}]}, {"base_span": [323, 328], "annotations": [{"nertag": "I-PER"}]}, {"base_span": [329, 333], "annotations": [{"nertag": "O"}]}, {"base_span": [334, 338], "annotations": [{"nertag": "O"}]}, {"base_span": [339, 345], "annotations": [{"nertag": "O"}]}, {"base_span": [346, 354], "annotations": [{"nertag": "O"}]}, {"base_span": [354, 355], "annotations": [{"nertag": "O"}]}, {"base_span": [356, 360], "annotations": [{"nertag": "O"}]}, {"base_span": [361, 367], "annotations": [{"nertag": "O"}]}, {"base_span": [368, 374], "annotations": [{"nertag": "O"}]}, {"base_span": [375, 380], "annotations": [{"nertag": "O"}]}, {"base_span": [380, 381], "annotations": [{"nertag": "O"}]}, {"base_span": [382, 387], "annotations": [{"nertag": "O"}]}, {"base_span": [388, 395], "annotations": [{"nertag": "O"}]}, {"base_span": [396, 401], "annotations": [{"nertag": "O"}]}, {"base_span": [402, 413], "annotations": [{"nertag": "O"}]}, {"base_span": [414, 415], "annotations": [{"nertag": "O"}]}, {"base_span": [415, 420], "annotations": [{"nertag": "O"}]}, {"base_span": [421, 425], "annotations": [{"nertag": "O"}]}, {"base_span": [425, 426], "annotations": [{"nertag": "O"}]}, {"base_span": [426, 427], "annotations": [{"nertag": "O"}]}, {"base_span": [428, 431], "annotations": [{"nertag": "O"}]}, {"base_span": [432, 434], "annotations": [{"nertag": "O"}]}, {"base_span": [435, 443], "annotations": [{"nertag": "O"}]}, {"base_span": [444, 448], "annotations": [{"nertag": "O"}]}, {"base_span": [449, 455], "annotations": [{"nertag": "O"}]}, {"base_span": [456, 460], "annotations": [{"nertag": "O"}]}, {"base_span": [461, 467], "annotations": [{"nertag": "O"}]}, {"base_span": [467, 468], "annotations": [{"nertag": "O"}]}, {"base_span": [470, 476], "annotations": [{"nertag": "B-PER"}]}, {"base_span": [477, 482], "annotations": [{"nertag": "I-PER"}]}, {"base_span": [483, 492], "annotations": [{"nertag": "O"}]}, {"base_span": [492, 493], "annotations": [{"nertag": "O"}]}, {"base_span": [494, 496], "annotations": [{"nertag": "O"}]}, {"base_span": [497, 499], "annotations": [{"nertag": "O"}]}, {"base_span": [500, 505], "annotations": [{"nertag": "O"}]}, {"base_span": [506, 511], "annotations": [{"nertag": "O"}]}, {"base_span": [512, 515], "annotations": [{"nertag": "O"}]}, {"base_span": [516, 521], "annotations": [{"nertag": "O"}]}, {"base_span": [522, 524], "annotations": [{"nertag": "O"}]}, {"base_span": [525, 532], "annotations": [{"nertag": "O"}]}, {"base_span": [533, 538], "annotations": [{"nertag": "O"}]}, {"base_span": [539, 547], "annotations": [{"nertag": "O"}]}, {"base_span": [548, 550], "annotations": [{"nertag": "O"}]}, {"base_span": [551, 557], "annotations": [{"nertag": "O"}]}, {"base_span": [558, 561], "annotations": [{"nertag": "B-PER"}]}, {"base_span": [561, 562], "annotations": [{"nertag": "I-PER"}]}, {"base_span": [563, 572], "annotations": [{"nertag": "I-PER"}]}, {"base_span": [573, 580], "annotations": [{"nertag": "O"}]}, {"base_span": [580, 581], "annotations": [{"nertag": "O"}]}, {"base_span": [582, 585], "annotations": [{"nertag": "O"}]}, {"base_span": [586, 588], "annotations": [{"nertag": "O"}]}, {"base_span": [589, 595], "annotations": [{"nertag": "O"}]}, {"base_span": [596, 601], "annotations": [{"nertag": "O"}]}, {"base_span": [602, 604], "annotations": [{"nertag": "O"}]}, {"base_span": [605, 611], "annotations": [{"nertag": "B-PER"}]}, {"base_span": [612, 617], "annotations": [{"nertag": "I-PER"}]}, {"base_span": [618, 624], "annotations": [{"nertag": "O"}]}, {"base_span": [625, 628], "annotations": [{"nertag": "B-PER"}]}, {"base_span": [628, 629], "annotations": [{"nertag": "I-PER"}]}, {"base_span": [630, 639], "annotations": [{"nertag": "I-PER"}]}, {"base_span": [640, 644], "annotations": [{"nertag": "O"}]}, {"base_span": [645, 647], "annotations": [{"nertag": "O"}]}, {"base_span": [648, 651], "annotations": [{"nertag": "O"}]}, {"base_span": [652, 669], "annotations": [{"nertag": "O"}]}, {"base_span": [669, 670], "annotations": [{"nertag": "O"}]}, {"base_span": [671, 676], "annotations": [{"nertag": "O"}]}, {"base_span": [677, 682], "annotations": [{"nertag": "O"}]}, {"base_span": [683, 685], "annotations": [{"nertag": "O"}]}, {"base_span": [686, 692], "annotations": [{"nertag": "O"}]}, {"base_span": [693, 697], "annotations": [{"nertag": "O"}]}, {"base_span": [698, 700], "annotations": [{"nertag": "O"}]}, {"base_span": [701, 706], "annotations": [{"nertag": "O"}]}, {"base_span": [707, 709], "annotations": [{"nertag": "O"}]}, {"base_span": [710, 715], "annotations": [{"nertag": "O"}]}, {"base_span": [716, 720], "annotations": [{"nertag": "O"}]}, {"base_span": [721, 726], "annotations": [{"nertag": "O"}]}, {"base_span": [727, 733], "annotations": [{"nertag": "O"}]}, {"base_span": [734, 742], "annotations": [{"nertag": "O"}]}, {"base_span": [743, 748], "annotations": [{"nertag": "O"}]}, {"base_span": [748, 749], "annotations": [{"nertag": "O"}]}, {"base_span": [750, 754], "annotations": [{"nertag": "O"}]}, {"base_span": [755, 757], "annotations": [{"nertag": "O"}]}, {"base_span": [758, 764], "annotations": [{"nertag": "B-PER"}]}, {"base_span": [765, 772], "annotations": [{"nertag": "I-PER"}]}, {"base_span": [773, 780], "annotations": [{"nertag": "O"}]}, {"base_span": [781, 785], "annotations": [{"nertag": "O"}]}, {"base_span": [786, 790], "annotations": [{"nertag": "O"}]}, {"base_span": [791, 793], "annotations": [{"nertag": "O"}]}, {"base_span": [794, 801], "annotations": [{"nertag": "O"}]}, {"base_span": [802, 804], "annotations": [{"nertag": "O"}]}, {"base_span": [805, 810], "annotations": [{"nertag": "O"}]}, {"base_span": [811, 816], "annotations": [{"nertag": "O"}]}, {"base_span": [816, 817], "annotations": [{"nertag": "O"}]}, {"base_span": [818, 823], "annotations": [{"nertag": "O"}]}, {"base_span": [824, 828], "annotations": [{"nertag": "O"}]}, {"base_span": [829, 836], "annotations": [{"nertag": "O"}]}, {"base_span": [837, 843], "annotations": [{"nertag": "O"}]}, {"base_span": [843, 844], "annotations": [{"nertag": "O"}]}, {"base_span": [845, 847], "annotations": [{"nertag": "O"}]}, {"base_span": [848, 854], "annotations": [{"nertag": "B-PER"}]}, {"base_span": [855, 860], "annotations": [{"nertag": "I-PER"}]}, {"base_span": [861, 862], "annotations": [{"nertag": "O"}]}, {"base_span": [863, 866], "annotations": [{"nertag": "O"}]}, {"base_span": [866, 867], "annotations": [{"nertag": "O"}]}, {"base_span": [868, 873], "annotations": [{"nertag": "O"}]}, {"base_span": [874, 880], "annotations": [{"nertag": "O"}]}, {"base_span": [881, 886], "annotations": [{"nertag": "O"}]}, {"base_span": [887, 892], "annotations": [{"nertag": "O"}]}, {"base_span": [893, 899], "annotations": [{"nertag": "O"}]}, {"base_span": [899, 900], "annotations": [{"nertag": "O"}]}, {"base_span": [901, 904], "annotations": [{"nertag": "O"}]}, {"base_span": [905, 910], "annotations": [{"nertag": "O"}]}, {"base_span": [911, 913], "annotations": [{"nertag": "O"}]}, {"base_span": [914, 919], "annotations": [{"nertag": "O"}]}, {"base_span": [920, 925], "annotations": [{"nertag": "O"}]}, {"base_span": [926, 932], "annotations": [{"nertag": "O"}]}, {"base_span": [932, 933], "annotations": [{"nertag": "O"}]}]}]}