{"text": "\nKohtu korra parast olid Piirsalu kohtu majasse kokku tulnud:\n\nKohtuwanem: Karel Willand\n\nKõrwamees: Juhan Windling\n\n\" Mart Koppel\n\nAstus ette Juhan Meltorw Soonistest ja kaebas sisse: \"Priidik Kulepp Piirsalust oli minu juures sulaseks ja läks enne aasta lõppemist mu juurest ära. 21mal Nowembril leidsin püss mu aedas kadunud oli, peale selle minu tüdruku raha peale rubla ja minu püssirohi ja aawlid ja tongid. Ja arwasin et ega muu keegi minu asju aitas nii selgelt ei teadnud kui Priidik Kulepp. Ja pärast seda kuulsin, et Priidik Piirsalus ühe püssi müüa pakkund. Ma tulin Piirsalu ja läksime Piirsalu tallitajaga setlsis Priidik Kuleppi juure ja saime püssi kätte.\n\nTa oli minu aida ukse lahti teinud; minu naese kirstu wotti seisis lae all naela otsas; sealt kirstu seest oli ta tongid ja aawlid wälja. Kappi wõtti seisis kappi külges naela otas, sealt kappi seest ta wõttis (1/2) pool naela püssi rohtu, ja aida nurga seest mu püssi ära.\n\nSai ette kutsutud Priidik Kulepp ja kohus küsis: \"Kas sa käisid, oma peremehe Johan Meltorwi aitas ja tõid sealt püssi ära? Priidik wastas, jah käisin. Kohus küsis: \"Kellega sa ukse lahti tegid? See oli peremehe oma wõtti! \n\nSaid ette kutsutud Juhan Meltorw ja Priidik Kulepp ja suud suu wastu küsitud Kuleppi käest: Kellega sa tegid aida ukse lahti? Priidik ütles: raudwitsa sugaraga.\n\nKohus moistis, et Priidik Kulepp maksab Juhan Meltorwile, mis see oma kahju nouab 2 rubla ja 1 rubla walla laeka, see on kokku 3 rubla ja 21 witsa hoopi\n\nMoistus täidetud.\n\n\n", "meta": {"origin_directory": "vallakohus_neljas/"}, "layers": [{"name": "gold_ner", "attributes": ["nertag"], "parent": null, "enveloping": null, "ambiguous": false, "serialisation_module": null, "meta": {}, "spans": [{"base_span": [25, 47], "annotations": [{"nertag": "LOC"}]}, {"base_span": [75, 88], "annotations": [{"nertag": "PER"}]}, {"base_span": [101, 115], "annotations": [{"nertag": "PER"}]}, {"base_span": [119, 130], "annotations": [{"nertag": "PER"}]}, {"base_span": [143, 156], "annotations": [{"nertag": "PER"}]}, {"base_span": [157, 167], "annotations": [{"nertag": "LOC"}]}, {"base_span": [186, 200], "annotations": [{"nertag": "PER"}]}, {"base_span": [201, 211], "annotations": [{"nertag": "LOC"}]}, {"base_span": [485, 499], "annotations": [{"nertag": "PER"}]}, {"base_span": [528, 535], "annotations": [{"nertag": "PER"}]}, {"base_span": [536, 545], "annotations": [{"nertag": "LOC"}]}, {"base_span": [579, 587], "annotations": [{"nertag": "LOC"}]}, {"base_span": [599, 607], "annotations": [{"nertag": "LOC_ORG"}]}, {"base_span": [628, 643], "annotations": [{"nertag": "PER"}]}, {"base_span": [966, 980], "annotations": [{"nertag": "PER"}]}, {"base_span": [1026, 1040], "annotations": [{"nertag": "PER"}]}, {"base_span": [1072, 1079], "annotations": [{"nertag": "PER"}]}, {"base_span": [1192, 1205], "annotations": [{"nertag": "PER"}]}, {"base_span": [1209, 1223], "annotations": [{"nertag": "PER"}]}, {"base_span": [1250, 1257], "annotations": [{"nertag": "PER"}]}, {"base_span": [1299, 1306], "annotations": [{"nertag": "PER"}]}, {"base_span": [1353, 1367], "annotations": [{"nertag": "PER"}]}, {"base_span": [1375, 1391], "annotations": [{"nertag": "PER"}]}]}, {"name": "gold_wordner", "attributes": ["nertag"], "parent": null, "enveloping": null, "ambiguous": false, "serialisation_module": null, "meta": {}, "spans": [{"base_span": [1, 6], "annotations": [{"nertag": "O"}]}, {"base_span": [7, 12], "annotations": [{"nertag": "O"}]}, {"base_span": [13, 19], "annotations": [{"nertag": "O"}]}, {"base_span": [20, 24], "annotations": [{"nertag": "O"}]}, {"base_span": [25, 33], "annotations": [{"nertag": "B-LOC"}]}, {"base_span": [34, 39], "annotations": [{"nertag": "I-LOC"}]}, {"base_span": [40, 47], "annotations": [{"nertag": "I-LOC"}]}, {"base_span": [48, 53], "annotations": [{"nertag": "O"}]}, {"base_span": [54, 60], "annotations": [{"nertag": "O"}]}, {"base_span": [60, 61], "annotations": [{"nertag": "O"}]}, {"base_span": [63, 73], "annotations": [{"nertag": "O"}]}, {"base_span": [73, 74], "annotations": [{"nertag": "O"}]}, {"base_span": [75, 80], "annotations": [{"nertag": "B-PER"}]}, {"base_span": [81, 88], "annotations": [{"nertag": "I-PER"}]}, {"base_span": [90, 99], "annotations": [{"nertag": "O"}]}, {"base_span": [99, 100], "annotations": [{"nertag": "O"}]}, {"base_span": [101, 106], "annotations": [{"nertag": "B-PER"}]}, {"base_span": [107, 115], "annotations": [{"nertag": "I-PER"}]}, {"base_span": [117, 118], "annotations": [{"nertag": "O"}]}, {"base_span": [119, 123], "annotations": [{"nertag": "B-PER"}]}, {"base_span": [124, 130], "annotations": [{"nertag": "I-PER"}]}, {"base_span": [132, 137], "annotations": [{"nertag": "O"}]}, {"base_span": [138, 142], "annotations": [{"nertag": "O"}]}, {"base_span": [143, 148], "annotations": [{"nertag": "B-PER"}]}, {"base_span": [149, 156], "annotations": [{"nertag": "I-PER"}]}, {"base_span": [157, 167], "annotations": [{"nertag": "B-LOC"}]}, {"base_span": [168, 170], "annotations": [{"nertag": "O"}]}, {"base_span": [171, 177], "annotations": [{"nertag": "O"}]}, {"base_span": [178, 183], "annotations": [{"nertag": "O"}]}, {"base_span": [183, 184], "annotations": [{"nertag": "O"}]}, {"base_span": [185, 186], "annotations": [{"nertag": "O"}]}, {"base_span": [186, 193], "annotations": [{"nertag": "B-PER"}]}, {"base_span": [194, 200], "annotations": [{"nertag": "I-PER"}]}, {"base_span": [201, 211], "annotations": [{"nertag": "B-LOC"}]}, {"base_span": [212, 215], "annotations": [{"nertag": "O"}]}, {"base_span": [216, 220], "annotations": [{"nertag": "O"}]}, {"base_span": [221, 227], "annotations": [{"nertag": "O"}]}, {"base_span": [228, 236], "annotations": [{"nertag": "O"}]}, {"base_span": [237, 239], "annotations": [{"nertag": "O"}]}, {"base_span": [240, 244], "annotations": [{"nertag": "O"}]}, {"base_span": [245, 249], "annotations": [{"nertag": "O"}]}, {"base_span": [250, 255], "annotations": [{"nertag": "O"}]}, {"base_span": [256, 265], "annotations": [{"nertag": "O"}]}, {"base_span": [266, 268], "annotations": [{"nertag": "O"}]}, {"base_span": [269, 276], "annotations": [{"nertag": "O"}]}, {"base_span": [277, 280], "annotations": [{"nertag": "O"}]}, {"base_span": [280, 281], "annotations": [{"nertag": "O"}]}, {"base_span": [282, 287], "annotations": [{"nertag": "O"}]}, {"base_span": [288, 297], "annotations": [{"nertag": "O"}]}, {"base_span": [298, 305], "annotations": [{"nertag": "O"}]}, {"base_span": [306, 310], "annotations": [{"nertag": "O"}]}, {"base_span": [311, 313], "annotations": [{"nertag": "O"}]}, {"base_span": [314, 319], "annotations": [{"nertag": "O"}]}, {"base_span": [320, 327], "annotations": [{"nertag": "O"}]}, {"base_span": [328, 331], "annotations": [{"nertag": "O"}]}, {"base_span": [331, 332], "annotations": [{"nertag": "O"}]}, {"base_span": [333, 338], "annotations": [{"nertag": "O"}]}, {"base_span": [339, 344], "annotations": [{"nertag": "O"}]}, {"base_span": [345, 349], "annotations": [{"nertag": "O"}]}, {"base_span": [350, 357], "annotations": [{"nertag": "O"}]}, {"base_span": [358, 362], "annotations": [{"nertag": "O"}]}, {"base_span": [363, 368], "annotations": [{"nertag": "O"}]}, {"base_span": [369, 374], "annotations": [{"nertag": "O"}]}, {"base_span": [375, 377], "annotations": [{"nertag": "O"}]}, {"base_span": [378, 382], "annotations": [{"nertag": "O"}]}, {"base_span": [383, 392], "annotations": [{"nertag": "O"}]}, {"base_span": [393, 395], "annotations": [{"nertag": "O"}]}, {"base_span": [396, 402], "annotations": [{"nertag": "O"}]}, {"base_span": [403, 405], "annotations": [{"nertag": "O"}]}, {"base_span": [406, 412], "annotations": [{"nertag": "O"}]}, {"base_span": [412, 413], "annotations": [{"nertag": "O"}]}, {"base_span": [414, 416], "annotations": [{"nertag": "O"}]}, {"base_span": [417, 424], "annotations": [{"nertag": "O"}]}, {"base_span": [425, 427], "annotations": [{"nertag": "O"}]}, {"base_span": [428, 431], "annotations": [{"nertag": "O"}]}, {"base_span": [432, 435], "annotations": [{"nertag": "O"}]}, {"base_span": [436, 441], "annotations": [{"nertag": "O"}]}, {"base_span": [442, 446], "annotations": [{"nertag": "O"}]}, {"base_span": [447, 451], "annotations": [{"nertag": "O"}]}, {"base_span": [452, 457], "annotations": [{"nertag": "O"}]}, {"base_span": [458, 461], "annotations": [{"nertag": "O"}]}, {"base_span": [462, 469], "annotations": [{"nertag": "O"}]}, {"base_span": [470, 472], "annotations": [{"nertag": "O"}]}, {"base_span": [473, 480], "annotations": [{"nertag": "O"}]}, {"base_span": [481, 484], "annotations": [{"nertag": "O"}]}, {"base_span": [485, 492], "annotations": [{"nertag": "B-PER"}]}, {"base_span": [493, 499], "annotations": [{"nertag": "I-PER"}]}, {"base_span": [499, 500], "annotations": [{"nertag": "O"}]}, {"base_span": [501, 503], "annotations": [{"nertag": "O"}]}, {"base_span": [504, 510], "annotations": [{"nertag": "O"}]}, {"base_span": [511, 515], "annotations": [{"nertag": "O"}]}, {"base_span": [516, 523], "annotations": [{"nertag": "O"}]}, {"base_span": [523, 524], "annotations": [{"nertag": "O"}]}, {"base_span": [525, 527], "annotations": [{"nertag": "O"}]}, {"base_span": [528, 535], "annotations": [{"nertag": "B-PER"}]}, {"base_span": [536, 545], "annotations": [{"nertag": "B-LOC"}]}, {"base_span": [546, 549], "annotations": [{"nertag": "O"}]}, {"base_span": [550, 555], "annotations": [{"nertag": "O"}]}, {"base_span": [556, 560], "annotations": [{"nertag": "O"}]}, {"base_span": [561, 568], "annotations": [{"nertag": "O"}]}, {"base_span": [568, 569], "annotations": [{"nertag": "O"}]}, {"base_span": [570, 572], "annotations": [{"nertag": "O"}]}, {"base_span": [573, 578], "annotations": [{"nertag": "O"}]}, {"base_span": [579, 587], "annotations": [{"nertag": "B-LOC"}]}, {"base_span": [588, 590], "annotations": [{"nertag": "O"}]}, {"base_span": [591, 598], "annotations": [{"nertag": "O"}]}, {"base_span": [599, 607], "annotations": [{"nertag": "B-LOC_ORG"}]}, {"base_span": [608, 619], "annotations": [{"nertag": "O"}]}, {"base_span": [620, 627], "annotations": [{"nertag": "O"}]}, {"base_span": [628, 635], "annotations": [{"nertag": "B-PER"}]}, {"base_span": [636, 643], "annotations": [{"nertag": "I-PER"}]}, {"base_span": [644, 649], "annotations": [{"nertag": "O"}]}, {"base_span": [650, 652], "annotations": [{"nertag": "O"}]}, {"base_span": [653, 658], "annotations": [{"nertag": "O"}]}, {"base_span": [659, 664], "annotations": [{"nertag": "O"}]}, {"base_span": [665, 670], "annotations": [{"nertag": "O"}]}, {"base_span": [670, 671], "annotations": [{"nertag": "O"}]}, {"base_span": [673, 675], "annotations": [{"nertag": "O"}]}, {"base_span": [676, 679], "annotations": [{"nertag": "O"}]}, {"base_span": [680, 684], "annotations": [{"nertag": "O"}]}, {"base_span": [685, 689], "annotations": [{"nertag": "O"}]}, {"base_span": [690, 694], "annotations": [{"nertag": "O"}]}, {"base_span": [695, 700], "annotations": [{"nertag": "O"}]}, {"base_span": [701, 707], "annotations": [{"nertag": "O"}]}, {"base_span": [707, 708], "annotations": [{"nertag": "O"}]}, {"base_span": [709, 713], "annotations": [{"nertag": "O"}]}, {"base_span": [714, 719], "annotations": [{"nertag": "O"}]}, {"base_span": [720, 726], "annotations": [{"nertag": "O"}]}, {"base_span": [727, 732], "annotations": [{"nertag": "O"}]}, {"base_span": [733, 739], "annotations": [{"nertag": "O"}]}, {"base_span": [740, 743], "annotations": [{"nertag": "O"}]}, {"base_span": [744, 747], "annotations": [{"nertag": "O"}]}, {"base_span": [748, 753], "annotations": [{"nertag": "O"}]}, {"base_span": [754, 759], "annotations": [{"nertag": "O"}]}, {"base_span": [759, 760], "annotations": [{"nertag": "O"}]}, {"base_span": [761, 766], "annotations": [{"nertag": "O"}]}, {"base_span": [767, 773], "annotations": [{"nertag": "O"}]}, {"base_span": [774, 779], "annotations": [{"nertag": "O"}]}, {"base_span": [780, 783], "annotations": [{"nertag": "O"}]}, {"base_span": [784, 786], "annotations": [{"nertag": "O"}]}, {"base_span": [787, 793], "annotations": [{"nertag": "O"}]}, {"base_span": [794, 796], "annotations": [{"nertag": "O"}]}, {"base_span": [797, 803], "annotations": [{"nertag": "O"}]}, {"base_span": [804, 809], "annotations": [{"nertag": "O"}]}, {"base_span": [809, 810], "annotations": [{"nertag": "O"}]}, {"base_span": [811, 816], "annotations": [{"nertag": "O"}]}, {"base_span": [817, 822], "annotations": [{"nertag": "O"}]}, {"base_span": [823, 829], "annotations": [{"nertag": "O"}]}, {"base_span": [830, 835], "annotations": [{"nertag": "O"}]}, {"base_span": [836, 842], "annotations": [{"nertag": "O"}]}, {"base_span": [843, 848], "annotations": [{"nertag": "O"}]}, {"base_span": [849, 853], "annotations": [{"nertag": "O"}]}, {"base_span": [853, 854], "annotations": [{"nertag": "O"}]}, {"base_span": [855, 860], "annotations": [{"nertag": "O"}]}, {"base_span": [861, 866], "annotations": [{"nertag": "O"}]}, {"base_span": [867, 872], "annotations": [{"nertag": "O"}]}, {"base_span": [873, 875], "annotations": [{"nertag": "O"}]}, {"base_span": [876, 882], "annotations": [{"nertag": "O"}]}, {"base_span": [883, 884], "annotations": [{"nertag": "O"}]}, {"base_span": [884, 885], "annotations": [{"nertag": "O"}]}, {"base_span": [885, 886], "annotations": [{"nertag": "O"}]}, {"base_span": [886, 887], "annotations": [{"nertag": "O"}]}, {"base_span": [887, 888], "annotations": [{"nertag": "O"}]}, {"base_span": [889, 893], "annotations": [{"nertag": "O"}]}, {"base_span": [894, 899], "annotations": [{"nertag": "O"}]}, {"base_span": [900, 905], "annotations": [{"nertag": "O"}]}, {"base_span": [906, 911], "annotations": [{"nertag": "O"}]}, {"base_span": [911, 912], "annotations": [{"nertag": "O"}]}, {"base_span": [913, 915], "annotations": [{"nertag": "O"}]}, {"base_span": [916, 920], "annotations": [{"nertag": "O"}]}, {"base_span": [921, 926], "annotations": [{"nertag": "O"}]}, {"base_span": [927, 932], "annotations": [{"nertag": "O"}]}, {"base_span": [933, 935], "annotations": [{"nertag": "O"}]}, {"base_span": [936, 941], "annotations": [{"nertag": "O"}]}, {"base_span": [942, 945], "annotations": [{"nertag": "O"}]}, {"base_span": [945, 946], "annotations": [{"nertag": "O"}]}, {"base_span": [948, 951], "annotations": [{"nertag": "O"}]}, {"base_span": [952, 956], "annotations": [{"nertag": "O"}]}, {"base_span": [957, 965], "annotations": [{"nertag": "O"}]}, {"base_span": [966, 973], "annotations": [{"nertag": "B-PER"}]}, {"base_span": [974, 980], "annotations": [{"nertag": "I-PER"}]}, {"base_span": [981, 983], "annotations": [{"nertag": "O"}]}, {"base_span": [984, 989], "annotations": [{"nertag": "O"}]}, {"base_span": [990, 995], "annotations": [{"nertag": "O"}]}, {"base_span": [995, 996], "annotations": [{"nertag": "O"}]}, {"base_span": [997, 998], "annotations": [{"nertag": "O"}]}, {"base_span": [998, 1001], "annotations": [{"nertag": "O"}]}, {"base_span": [1002, 1004], "annotations": [{"nertag": "O"}]}, {"base_span": [1005, 1011], "annotations": [{"nertag": "O"}]}, {"base_span": [1011, 1012], "annotations": [{"nertag": "O"}]}, {"base_span": [1013, 1016], "annotations": [{"nertag": "O"}]}, {"base_span": [1017, 1025], "annotations": [{"nertag": "O"}]}, {"base_span": [1026, 1031], "annotations": [{"nertag": "B-PER"}]}, {"base_span": [1032, 1040], "annotations": [{"nertag": "I-PER"}]}, {"base_span": [1041, 1046], "annotations": [{"nertag": "O"}]}, {"base_span": [1047, 1049], "annotations": [{"nertag": "O"}]}, {"base_span": [1050, 1054], "annotations": [{"nertag": "O"}]}, {"base_span": [1055, 1060], "annotations": [{"nertag": "O"}]}, {"base_span": [1061, 1066], "annotations": [{"nertag": "O"}]}, {"base_span": [1067, 1070], "annotations": [{"nertag": "O"}]}, {"base_span": [1070, 1071], "annotations": [{"nertag": "O"}]}, {"base_span": [1072, 1079], "annotations": [{"nertag": "B-PER"}]}, {"base_span": [1080, 1086], "annotations": [{"nertag": "O"}]}, {"base_span": [1086, 1087], "annotations": [{"nertag": "O"}]}, {"base_span": [1088, 1091], "annotations": [{"nertag": "O"}]}, {"base_span": [1092, 1098], "annotations": [{"nertag": "O"}]}, {"base_span": [1098, 1099], "annotations": [{"nertag": "O"}]}, {"base_span": [1100, 1105], "annotations": [{"nertag": "O"}]}, {"base_span": [1106, 1111], "annotations": [{"nertag": "O"}]}, {"base_span": [1111, 1112], "annotations": [{"nertag": "O"}]}, {"base_span": [1113, 1114], "annotations": [{"nertag": "O"}]}, {"base_span": [1114, 1121], "annotations": [{"nertag": "O"}]}, {"base_span": [1122, 1124], "annotations": [{"nertag": "O"}]}, {"base_span": [1125, 1129], "annotations": [{"nertag": "O"}]}, {"base_span": [1130, 1135], "annotations": [{"nertag": "O"}]}, {"base_span": [1136, 1141], "annotations": [{"nertag": "O"}]}, {"base_span": [1141, 1142], "annotations": [{"nertag": "O"}]}, {"base_span": [1143, 1146], "annotations": [{"nertag": "O"}]}, {"base_span": [1147, 1150], "annotations": [{"nertag": "O"}]}, {"base_span": [1151, 1159], "annotations": [{"nertag": "O"}]}, {"base_span": [1160, 1163], "annotations": [{"nertag": "O"}]}, {"base_span": [1164, 1169], "annotations": [{"nertag": "O"}]}, {"base_span": [1169, 1170], "annotations": [{"nertag": "O"}]}, {"base_span": [1173, 1177], "annotations": [{"nertag": "O"}]}, {"base_span": [1178, 1182], "annotations": [{"nertag": "O"}]}, {"base_span": [1183, 1191], "annotations": [{"nertag": "O"}]}, {"base_span": [1192, 1197], "annotations": [{"nertag": "B-PER"}]}, {"base_span": [1198, 1205], "annotations": [{"nertag": "I-PER"}]}, {"base_span": [1206, 1208], "annotations": [{"nertag": "O"}]}, {"base_span": [1209, 1216], "annotations": [{"nertag": "B-PER"}]}, {"base_span": [1217, 1223], "annotations": [{"nertag": "I-PER"}]}, {"base_span": [1224, 1226], "annotations": [{"nertag": "O"}]}, {"base_span": [1227, 1231], "annotations": [{"nertag": "O"}]}, {"base_span": [1232, 1235], "annotations": [{"nertag": "O"}]}, {"base_span": [1236, 1241], "annotations": [{"nertag": "O"}]}, {"base_span": [1242, 1249], "annotations": [{"nertag": "O"}]}, {"base_span": [1250, 1257], "annotations": [{"nertag": "B-PER"}]}, {"base_span": [1258, 1263], "annotations": [{"nertag": "O"}]}, {"base_span": [1263, 1264], "annotations": [{"nertag": "O"}]}, {"base_span": [1265, 1272], "annotations": [{"nertag": "O"}]}, {"base_span": [1273, 1275], "annotations": [{"nertag": "O"}]}, {"base_span": [1276, 1281], "annotations": [{"nertag": "O"}]}, {"base_span": [1282, 1286], "annotations": [{"nertag": "O"}]}, {"base_span": [1287, 1291], "annotations": [{"nertag": "O"}]}, {"base_span": [1292, 1297], "annotations": [{"nertag": "O"}]}, {"base_span": [1297, 1298], "annotations": [{"nertag": "O"}]}, {"base_span": [1299, 1306], "annotations": [{"nertag": "B-PER"}]}, {"base_span": [1307, 1312], "annotations": [{"nertag": "O"}]}, {"base_span": [1312, 1313], "annotations": [{"nertag": "O"}]}, {"base_span": [1314, 1323], "annotations": [{"nertag": "O"}]}, {"base_span": [1324, 1332], "annotations": [{"nertag": "O"}]}, {"base_span": [1332, 1333], "annotations": [{"nertag": "O"}]}, {"base_span": [1335, 1340], "annotations": [{"nertag": "O"}]}, {"base_span": [1341, 1348], "annotations": [{"nertag": "O"}]}, {"base_span": [1348, 1349], "annotations": [{"nertag": "O"}]}, {"base_span": [1350, 1352], "annotations": [{"nertag": "O"}]}, {"base_span": [1353, 1360], "annotations": [{"nertag": "B-PER"}]}, {"base_span": [1361, 1367], "annotations": [{"nertag": "I-PER"}]}, {"base_span": [1368, 1374], "annotations": [{"nertag": "O"}]}, {"base_span": [1375, 1380], "annotations": [{"nertag": "B-PER"}]}, {"base_span": [1381, 1391], "annotations": [{"nertag": "I-PER"}]}, {"base_span": [1391, 1392], "annotations": [{"nertag": "O"}]}, {"base_span": [1393, 1396], "annotations": [{"nertag": "O"}]}, {"base_span": [1397, 1400], "annotations": [{"nertag": "O"}]}, {"base_span": [1401, 1404], "annotations": [{"nertag": "O"}]}, {"base_span": [1405, 1410], "annotations": [{"nertag": "O"}]}, {"base_span": [1411, 1416], "annotations": [{"nertag": "O"}]}, {"base_span": [1417, 1418], "annotations": [{"nertag": "O"}]}, {"base_span": [1419, 1424], "annotations": [{"nertag": "O"}]}, {"base_span": [1425, 1427], "annotations": [{"nertag": "O"}]}, {"base_span": [1428, 1429], "annotations": [{"nertag": "O"}]}, {"base_span": [1430, 1435], "annotations": [{"nertag": "O"}]}, {"base_span": [1436, 1441], "annotations": [{"nertag": "O"}]}, {"base_span": [1442, 1447], "annotations": [{"nertag": "O"}]}, {"base_span": [1447, 1448], "annotations": [{"nertag": "O"}]}, {"base_span": [1449, 1452], "annotations": [{"nertag": "O"}]}, {"base_span": [1453, 1455], "annotations": [{"nertag": "O"}]}, {"base_span": [1456, 1461], "annotations": [{"nertag": "O"}]}, {"base_span": [1462, 1463], "annotations": [{"nertag": "O"}]}, {"base_span": [1464, 1469], "annotations": [{"nertag": "O"}]}, {"base_span": [1470, 1472], "annotations": [{"nertag": "O"}]}, {"base_span": [1473, 1475], "annotations": [{"nertag": "O"}]}, {"base_span": [1476, 1481], "annotations": [{"nertag": "O"}]}, {"base_span": [1482, 1487], "annotations": [{"nertag": "O"}]}, {"base_span": [1489, 1496], "annotations": [{"nertag": "O"}]}, {"base_span": [1497, 1505], "annotations": [{"nertag": "O"}]}, {"base_span": [1505, 1506], "annotations": [{"nertag": "O"}]}]}]}