{"text": "\nTuhat kaheksasada üheksakümne neljandamal aastal, kakekümne neljandamal Paastu k.p. tuliwad Kõrgesare kogukonna kohtu awaliku koosolekule Toomas Napp Paawli poeg, Kõrgesare wallast ja Siim Wanaselja Tooma poeg, Emmaste wallast ja palusiwad järgmist lepingud nende poolt üles wõtta.\n\nMina, Siim Wanaselja  laenasin Kõrgesare walla liikmme Toomas Napp'ile üks sada kuuskümmend wiis rubla selle tingimisega, et tema, Toomas Napp, seda raha mulle Jaani päewaks käesolewal aastal ära maksab. ja kui tall ei saa wõimalik olema seda raha summa mulle wälja maksta, siis seisab tema selle raha eest oma maja warandusega.\n\nSiim Wanaselja [allkiri]\n\nMina, Toomas Napp Pawli poeg luban seda ülemal nimetud tingimist täita nõnda, kuidas mulle seda Siim Wanaselja onette pannud ja tõendan, et olen nimetud summa see on üks sada kuuskümmend wiisrubla Siim Wanaselja käest laenanud ja seega temale wõlgu. Et Toomas Napp ei oska kirjuta, kirjutas tema palwe peale P.Kattel [allkiri]\n\nSelle kauba lepingus nimetatud inimesed on kõrgesare kogukonna kohtule palelkult tuntud ja õiguse omanduslikud aktide tegemise juures, mis kohus oma allkirjaga tunnistab.\n\n\n", "meta": {"origin_directory": "vallakohus_neljas/"}, "layers": [{"name": "gold_ner", "attributes": ["nertag"], "parent": null, "enveloping": null, "ambiguous": false, "serialisation_module": null, "meta": {}, "spans": [{"base_span": [93, 118], "annotations": [{"nertag": "ORG"}]}, {"base_span": [139, 150], "annotations": [{"nertag": "PER"}]}, {"base_span": [151, 157], "annotations": [{"nertag": "PER"}]}, {"base_span": [164, 181], "annotations": [{"nertag": "LOC_ORG"}]}, {"base_span": [185, 199], "annotations": [{"nertag": "PER"}]}, {"base_span": [200, 205], "annotations": [{"nertag": "PER"}]}, {"base_span": [212, 227], "annotations": [{"nertag": "LOC_ORG"}]}, {"base_span": [290, 304], "annotations": [{"nertag": "PER"}]}, {"base_span": [315, 330], "annotations": [{"nertag": "LOC_ORG"}]}, {"base_span": [339, 354], "annotations": [{"nertag": "PER"}]}, {"base_span": [415, 426], "annotations": [{"nertag": "PER"}]}, {"base_span": [614, 628], "annotations": [{"nertag": "PER"}]}, {"base_span": [646, 657], "annotations": [{"nertag": "PER"}]}, {"base_span": [658, 663], "annotations": [{"nertag": "PER"}]}, {"base_span": [736, 750], "annotations": [{"nertag": "PER"}]}, {"base_span": [837, 851], "annotations": [{"nertag": "PER"}]}, {"base_span": [893, 904], "annotations": [{"nertag": "PER"}]}, {"base_span": [948, 956], "annotations": [{"nertag": "PER"}]}, {"base_span": [1011, 1038], "annotations": [{"nertag": "ORG"}]}]}, {"name": "gold_wordner", "attributes": ["nertag"], "parent": null, "enveloping": null, "ambiguous": false, "serialisation_module": null, "meta": {}, "spans": [{"base_span": [1, 6], "annotations": [{"nertag": "O"}]}, {"base_span": [7, 18], "annotations": [{"nertag": "O"}]}, {"base_span": [19, 30], "annotations": [{"nertag": "O"}]}, {"base_span": [31, 42], "annotations": [{"nertag": "O"}]}, {"base_span": [43, 49], "annotations": [{"nertag": "O"}]}, {"base_span": [49, 50], "annotations": [{"nertag": "O"}]}, {"base_span": [51, 60], "annotations": [{"nertag": "O"}]}, {"base_span": [61, 72], "annotations": [{"nertag": "O"}]}, {"base_span": [73, 79], "annotations": [{"nertag": "O"}]}, {"base_span": [80, 81], "annotations": [{"nertag": "O"}]}, {"base_span": [81, 82], "annotations": [{"nertag": "O"}]}, {"base_span": [82, 83], "annotations": [{"nertag": "O"}]}, {"base_span": [83, 84], "annotations": [{"nertag": "O"}]}, {"base_span": [85, 92], "annotations": [{"nertag": "O"}]}, {"base_span": [93, 102], "annotations": [{"nertag": "B-ORG"}]}, {"base_span": [103, 112], "annotations": [{"nertag": "I-ORG"}]}, {"base_span": [113, 118], "annotations": [{"nertag": "I-ORG"}]}, {"base_span": [119, 126], "annotations": [{"nertag": "O"}]}, {"base_span": [127, 138], "annotations": [{"nertag": "O"}]}, {"base_span": [139, 145], "annotations": [{"nertag": "B-PER"}]}, {"base_span": [146, 150], "annotations": [{"nertag": "I-PER"}]}, {"base_span": [151, 157], "annotations": [{"nertag": "B-PER"}]}, {"base_span": [158, 162], "annotations": [{"nertag": "O"}]}, {"base_span": [162, 163], "annotations": [{"nertag": "O"}]}, {"base_span": [164, 173], "annotations": [{"nertag": "B-LOC_ORG"}]}, {"base_span": [174, 181], "annotations": [{"nertag": "I-LOC_ORG"}]}, {"base_span": [182, 184], "annotations": [{"nertag": "O"}]}, {"base_span": [185, 189], "annotations": [{"nertag": "B-PER"}]}, {"base_span": [190, 199], "annotations": [{"nertag": "I-PER"}]}, {"base_span": [200, 205], "annotations": [{"nertag": "B-PER"}]}, {"base_span": [206, 210], "annotations": [{"nertag": "O"}]}, {"base_span": [210, 211], "annotations": [{"nertag": "O"}]}, {"base_span": [212, 219], "annotations": [{"nertag": "B-LOC_ORG"}]}, {"base_span": [220, 227], "annotations": [{"nertag": "I-LOC_ORG"}]}, {"base_span": [228, 230], "annotations": [{"nertag": "O"}]}, {"base_span": [231, 240], "annotations": [{"nertag": "O"}]}, {"base_span": [241, 249], "annotations": [{"nertag": "O"}]}, {"base_span": [250, 258], "annotations": [{"nertag": "O"}]}, {"base_span": [259, 264], "annotations": [{"nertag": "O"}]}, {"base_span": [265, 270], "annotations": [{"nertag": "O"}]}, {"base_span": [271, 275], "annotations": [{"nertag": "O"}]}, {"base_span": [276, 281], "annotations": [{"nertag": "O"}]}, {"base_span": [281, 282], "annotations": [{"nertag": "O"}]}, {"base_span": [284, 288], "annotations": [{"nertag": "O"}]}, {"base_span": [288, 289], "annotations": [{"nertag": "O"}]}, {"base_span": [290, 294], "annotations": [{"nertag": "B-PER"}]}, {"base_span": [295, 304], "annotations": [{"nertag": "I-PER"}]}, {"base_span": [306, 314], "annotations": [{"nertag": "O"}]}, {"base_span": [315, 324], "annotations": [{"nertag": "B-LOC_ORG"}]}, {"base_span": [325, 330], "annotations": [{"nertag": "I-LOC_ORG"}]}, {"base_span": [331, 338], "annotations": [{"nertag": "O"}]}, {"base_span": [339, 345], "annotations": [{"nertag": "B-PER"}]}, {"base_span": [346, 354], "annotations": [{"nertag": "I-PER"}]}, {"base_span": [355, 358], "annotations": [{"nertag": "O"}]}, {"base_span": [359, 363], "annotations": [{"nertag": "O"}]}, {"base_span": [364, 375], "annotations": [{"nertag": "O"}]}, {"base_span": [376, 380], "annotations": [{"nertag": "O"}]}, {"base_span": [381, 386], "annotations": [{"nertag": "O"}]}, {"base_span": [387, 392], "annotations": [{"nertag": "O"}]}, {"base_span": [393, 404], "annotations": [{"nertag": "O"}]}, {"base_span": [404, 405], "annotations": [{"nertag": "O"}]}, {"base_span": [406, 408], "annotations": [{"nertag": "O"}]}, {"base_span": [409, 413], "annotations": [{"nertag": "O"}]}, {"base_span": [413, 414], "annotations": [{"nertag": "O"}]}, {"base_span": [415, 421], "annotations": [{"nertag": "B-PER"}]}, {"base_span": [422, 426], "annotations": [{"nertag": "I-PER"}]}, {"base_span": [426, 427], "annotations": [{"nertag": "O"}]}, {"base_span": [428, 432], "annotations": [{"nertag": "O"}]}, {"base_span": [433, 437], "annotations": [{"nertag": "O"}]}, {"base_span": [438, 443], "annotations": [{"nertag": "O"}]}, {"base_span": [444, 449], "annotations": [{"nertag": "O"}]}, {"base_span": [450, 457], "annotations": [{"nertag": "O"}]}, {"base_span": [458, 468], "annotations": [{"nertag": "O"}]}, {"base_span": [469, 475], "annotations": [{"nertag": "O"}]}, {"base_span": [476, 479], "annotations": [{"nertag": "O"}]}, {"base_span": [480, 486], "annotations": [{"nertag": "O"}]}, {"base_span": [486, 487], "annotations": [{"nertag": "O"}]}, {"base_span": [488, 490], "annotations": [{"nertag": "O"}]}, {"base_span": [491, 494], "annotations": [{"nertag": "O"}]}, {"base_span": [495, 499], "annotations": [{"nertag": "O"}]}, {"base_span": [500, 502], "annotations": [{"nertag": "O"}]}, {"base_span": [503, 506], "annotations": [{"nertag": "O"}]}, {"base_span": [507, 515], "annotations": [{"nertag": "O"}]}, {"base_span": [516, 521], "annotations": [{"nertag": "O"}]}, {"base_span": [522, 526], "annotations": [{"nertag": "O"}]}, {"base_span": [527, 531], "annotations": [{"nertag": "O"}]}, {"base_span": [532, 537], "annotations": [{"nertag": "O"}]}, {"base_span": [538, 543], "annotations": [{"nertag": "O"}]}, {"base_span": [544, 549], "annotations": [{"nertag": "O"}]}, {"base_span": [550, 556], "annotations": [{"nertag": "O"}]}, {"base_span": [556, 557], "annotations": [{"nertag": "O"}]}, {"base_span": [558, 562], "annotations": [{"nertag": "O"}]}, {"base_span": [563, 569], "annotations": [{"nertag": "O"}]}, {"base_span": [570, 574], "annotations": [{"nertag": "O"}]}, {"base_span": [575, 580], "annotations": [{"nertag": "O"}]}, {"base_span": [581, 585], "annotations": [{"nertag": "O"}]}, {"base_span": [586, 590], "annotations": [{"nertag": "O"}]}, {"base_span": [591, 594], "annotations": [{"nertag": "O"}]}, {"base_span": [595, 599], "annotations": [{"nertag": "O"}]}, {"base_span": [600, 611], "annotations": [{"nertag": "O"}]}, {"base_span": [611, 612], "annotations": [{"nertag": "O"}]}, {"base_span": [614, 618], "annotations": [{"nertag": "B-PER"}]}, {"base_span": [619, 628], "annotations": [{"nertag": "I-PER"}]}, {"base_span": [629, 630], "annotations": [{"nertag": "O"}]}, {"base_span": [630, 637], "annotations": [{"nertag": "O"}]}, {"base_span": [637, 638], "annotations": [{"nertag": "O"}]}, {"base_span": [640, 644], "annotations": [{"nertag": "O"}]}, {"base_span": [644, 645], "annotations": [{"nertag": "O"}]}, {"base_span": [646, 652], "annotations": [{"nertag": "B-PER"}]}, {"base_span": [653, 657], "annotations": [{"nertag": "I-PER"}]}, {"base_span": [658, 663], "annotations": [{"nertag": "B-PER"}]}, {"base_span": [664, 668], "annotations": [{"nertag": "O"}]}, {"base_span": [669, 674], "annotations": [{"nertag": "O"}]}, {"base_span": [675, 679], "annotations": [{"nertag": "O"}]}, {"base_span": [680, 686], "annotations": [{"nertag": "O"}]}, {"base_span": [687, 694], "annotations": [{"nertag": "O"}]}, {"base_span": [695, 704], "annotations": [{"nertag": "O"}]}, {"base_span": [705, 710], "annotations": [{"nertag": "O"}]}, {"base_span": [711, 716], "annotations": [{"nertag": "O"}]}, {"base_span": [716, 717], "annotations": [{"nertag": "O"}]}, {"base_span": [718, 724], "annotations": [{"nertag": "O"}]}, {"base_span": [725, 730], "annotations": [{"nertag": "O"}]}, {"base_span": [731, 735], "annotations": [{"nertag": "O"}]}, {"base_span": [736, 740], "annotations": [{"nertag": "B-PER"}]}, {"base_span": [741, 750], "annotations": [{"nertag": "I-PER"}]}, {"base_span": [751, 757], "annotations": [{"nertag": "O"}]}, {"base_span": [758, 764], "annotations": [{"nertag": "O"}]}, {"base_span": [765, 767], "annotations": [{"nertag": "O"}]}, {"base_span": [768, 775], "annotations": [{"nertag": "O"}]}, {"base_span": [775, 776], "annotations": [{"nertag": "O"}]}, {"base_span": [777, 779], "annotations": [{"nertag": "O"}]}, {"base_span": [780, 784], "annotations": [{"nertag": "O"}]}, {"base_span": [785, 792], "annotations": [{"nertag": "O"}]}, {"base_span": [793, 798], "annotations": [{"nertag": "O"}]}, {"base_span": [799, 802], "annotations": [{"nertag": "O"}]}, {"base_span": [803, 805], "annotations": [{"nertag": "O"}]}, {"base_span": [806, 809], "annotations": [{"nertag": "O"}]}, {"base_span": [810, 814], "annotations": [{"nertag": "O"}]}, {"base_span": [815, 826], "annotations": [{"nertag": "O"}]}, {"base_span": [827, 836], "annotations": [{"nertag": "O"}]}, {"base_span": [837, 841], "annotations": [{"nertag": "B-PER"}]}, {"base_span": [842, 851], "annotations": [{"nertag": "I-PER"}]}, {"base_span": [852, 857], "annotations": [{"nertag": "O"}]}, {"base_span": [858, 866], "annotations": [{"nertag": "O"}]}, {"base_span": [867, 869], "annotations": [{"nertag": "O"}]}, {"base_span": [870, 875], "annotations": [{"nertag": "O"}]}, {"base_span": [876, 882], "annotations": [{"nertag": "O"}]}, {"base_span": [883, 888], "annotations": [{"nertag": "O"}]}, {"base_span": [888, 889], "annotations": [{"nertag": "O"}]}, {"base_span": [890, 892], "annotations": [{"nertag": "O"}]}, {"base_span": [893, 899], "annotations": [{"nertag": "B-PER"}]}, {"base_span": [900, 904], "annotations": [{"nertag": "I-PER"}]}, {"base_span": [905, 907], "annotations": [{"nertag": "O"}]}, {"base_span": [908, 912], "annotations": [{"nertag": "O"}]}, {"base_span": [913, 920], "annotations": [{"nertag": "O"}]}, {"base_span": [920, 921], "annotations": [{"nertag": "O"}]}, {"base_span": [922, 930], "annotations": [{"nertag": "O"}]}, {"base_span": [931, 935], "annotations": [{"nertag": "O"}]}, {"base_span": [936, 941], "annotations": [{"nertag": "O"}]}, {"base_span": [942, 947], "annotations": [{"nertag": "O"}]}, {"base_span": [948, 949], "annotations": [{"nertag": "B-PER"}]}, {"base_span": [949, 950], "annotations": [{"nertag": "I-PER"}]}, {"base_span": [950, 956], "annotations": [{"nertag": "I-PER"}]}, {"base_span": [957, 958], "annotations": [{"nertag": "O"}]}, {"base_span": [958, 965], "annotations": [{"nertag": "O"}]}, {"base_span": [965, 966], "annotations": [{"nertag": "O"}]}, {"base_span": [968, 973], "annotations": [{"nertag": "O"}]}, {"base_span": [974, 979], "annotations": [{"nertag": "O"}]}, {"base_span": [980, 988], "annotations": [{"nertag": "O"}]}, {"base_span": [989, 998], "annotations": [{"nertag": "O"}]}, {"base_span": [999, 1007], "annotations": [{"nertag": "O"}]}, {"base_span": [1008, 1010], "annotations": [{"nertag": "O"}]}, {"base_span": [1011, 1020], "annotations": [{"nertag": "B-ORG"}]}, {"base_span": [1021, 1030], "annotations": [{"nertag": "I-ORG"}]}, {"base_span": [1031, 1038], "annotations": [{"nertag": "I-ORG"}]}, {"base_span": [1039, 1048], "annotations": [{"nertag": "O"}]}, {"base_span": [1049, 1055], "annotations": [{"nertag": "O"}]}, {"base_span": [1056, 1058], "annotations": [{"nertag": "O"}]}, {"base_span": [1059, 1065], "annotations": [{"nertag": "O"}]}, {"base_span": [1066, 1078], "annotations": [{"nertag": "O"}]}, {"base_span": [1079, 1085], "annotations": [{"nertag": "O"}]}, {"base_span": [1086, 1094], "annotations": [{"nertag": "O"}]}, {"base_span": [1095, 1101], "annotations": [{"nertag": "O"}]}, {"base_span": [1101, 1102], "annotations": [{"nertag": "O"}]}, {"base_span": [1103, 1106], "annotations": [{"nertag": "O"}]}, {"base_span": [1107, 1112], "annotations": [{"nertag": "O"}]}, {"base_span": [1113, 1116], "annotations": [{"nertag": "O"}]}, {"base_span": [1117, 1127], "annotations": [{"nertag": "O"}]}, {"base_span": [1128, 1137], "annotations": [{"nertag": "O"}]}, {"base_span": [1137, 1138], "annotations": [{"nertag": "O"}]}]}]}