{"text": "\nAstusiwad ette Emmaste walla liikmed Mihkel Niggo, Mihkel Wahtras ja Mihkel Pruul pärija Aadu Pruul, kes kohtule tuntud, ja palusiwad laewa ehituse paberi laewa \"Eduard\" - peale järgmise tähenduse teha ja seda lepingu raamatusse üles wötta: Meie tunnistame, et oleme enda laewa \"Eduardi\" Emmaste walla taluniku Peeter Onnu'le neljakümne wiie rubla ette ära müünud ja hinna täieni wälja makstud saanud ja on selle järele Onnul õigus laewa paberid oma nime peale kirjutada lasta. See tunnistus sai pärast lepingu raamatusse kirjutamist pooltele ette loetud ja Mihkel Nigult, Aadu Pruulilt ise, aga Mihkel Wahtras palwe peale, kes ise kirja ei oska, Juhan Mudalt alla kirjutatud, mis kohus oma allkirjadega tunnistab.-\n\nPresident: J. Söel.\n\nLiikmed: T. Tatter, J. Kahu.\n\nKirjutaja: Brever.\n\nUstawaks tunnistatud dokumendi wöttis wasta Peter Onnu.\n\n\n", "meta": {"origin_directory": "vallakohus_teine/"}, "layers": [{"name": "gold_ner", "attributes": ["nertag"], "parent": null, "enveloping": null, "ambiguous": false, "serialisation_module": null, "meta": {}, "spans": [{"base_span": [16, 29], "annotations": [{"nertag": "LOC_ORG"}]}, {"base_span": [38, 50], "annotations": [{"nertag": "PER"}]}, {"base_span": [52, 66], "annotations": [{"nertag": "PER"}]}, {"base_span": [70, 82], "annotations": [{"nertag": "PER"}]}, {"base_span": [90, 100], "annotations": [{"nertag": "PER"}]}, {"base_span": [156, 170], "annotations": [{"nertag": "MISC"}]}, {"base_span": [273, 288], "annotations": [{"nertag": "MISC"}]}, {"base_span": [289, 302], "annotations": [{"nertag": "LOC_ORG"}]}, {"base_span": [312, 326], "annotations": [{"nertag": "PER"}]}, {"base_span": [421, 426], "annotations": [{"nertag": "PER"}]}, {"base_span": [559, 572], "annotations": [{"nertag": "PER"}]}, {"base_span": [574, 587], "annotations": [{"nertag": "PER"}]}, {"base_span": [597, 611], "annotations": [{"nertag": "PER"}]}, {"base_span": [648, 660], "annotations": [{"nertag": "PER"}]}, {"base_span": [729, 736], "annotations": [{"nertag": "PER"}]}, {"base_span": [748, 757], "annotations": [{"nertag": "PER"}]}, {"base_span": [759, 766], "annotations": [{"nertag": "PER"}]}, {"base_span": [780, 786], "annotations": [{"nertag": "PER"}]}, {"base_span": [833, 843], "annotations": [{"nertag": "PER"}]}]}, {"name": "gold_wordner", "attributes": ["nertag"], "parent": null, "enveloping": null, "ambiguous": false, "serialisation_module": null, "meta": {}, "spans": [{"base_span": [1, 10], "annotations": [{"nertag": "O"}]}, {"base_span": [11, 15], "annotations": [{"nertag": "O"}]}, {"base_span": [16, 23], "annotations": [{"nertag": "B-LOC_ORG"}]}, {"base_span": [24, 29], "annotations": [{"nertag": "I-LOC_ORG"}]}, {"base_span": [30, 37], "annotations": [{"nertag": "O"}]}, {"base_span": [38, 44], "annotations": [{"nertag": "B-PER"}]}, {"base_span": [45, 50], "annotations": [{"nertag": "I-PER"}]}, {"base_span": [50, 51], "annotations": [{"nertag": "O"}]}, {"base_span": [52, 58], "annotations": [{"nertag": "B-PER"}]}, {"base_span": [59, 66], "annotations": [{"nertag": "I-PER"}]}, {"base_span": [67, 69], "annotations": [{"nertag": "O"}]}, {"base_span": [70, 76], "annotations": [{"nertag": "B-PER"}]}, {"base_span": [77, 82], "annotations": [{"nertag": "I-PER"}]}, {"base_span": [83, 89], "annotations": [{"nertag": "O"}]}, {"base_span": [90, 94], "annotations": [{"nertag": "B-PER"}]}, {"base_span": [95, 100], "annotations": [{"nertag": "I-PER"}]}, {"base_span": [100, 101], "annotations": [{"nertag": "O"}]}, {"base_span": [102, 105], "annotations": [{"nertag": "O"}]}, {"base_span": [106, 113], "annotations": [{"nertag": "O"}]}, {"base_span": [114, 120], "annotations": [{"nertag": "O"}]}, {"base_span": [120, 121], "annotations": [{"nertag": "O"}]}, {"base_span": [122, 124], "annotations": [{"nertag": "O"}]}, {"base_span": [125, 134], "annotations": [{"nertag": "O"}]}, {"base_span": [135, 140], "annotations": [{"nertag": "O"}]}, {"base_span": [141, 148], "annotations": [{"nertag": "O"}]}, {"base_span": [149, 155], "annotations": [{"nertag": "O"}]}, {"base_span": [156, 161], "annotations": [{"nertag": "B-MISC"}]}, {"base_span": [162, 163], "annotations": [{"nertag": "I-MISC"}]}, {"base_span": [163, 169], "annotations": [{"nertag": "I-MISC"}]}, {"base_span": [169, 170], "annotations": [{"nertag": "I-MISC"}]}, {"base_span": [171, 172], "annotations": [{"nertag": "O"}]}, {"base_span": [173, 178], "annotations": [{"nertag": "O"}]}, {"base_span": [179, 187], "annotations": [{"nertag": "O"}]}, {"base_span": [188, 197], "annotations": [{"nertag": "O"}]}, {"base_span": [198, 202], "annotations": [{"nertag": "O"}]}, {"base_span": [203, 205], "annotations": [{"nertag": "O"}]}, {"base_span": [206, 210], "annotations": [{"nertag": "O"}]}, {"base_span": [211, 218], "annotations": [{"nertag": "O"}]}, {"base_span": [219, 229], "annotations": [{"nertag": "O"}]}, {"base_span": [230, 234], "annotations": [{"nertag": "O"}]}, {"base_span": [235, 240], "annotations": [{"nertag": "O"}]}, {"base_span": [240, 241], "annotations": [{"nertag": "O"}]}, {"base_span": [242, 246], "annotations": [{"nertag": "O"}]}, {"base_span": [247, 257], "annotations": [{"nertag": "O"}]}, {"base_span": [257, 258], "annotations": [{"nertag": "O"}]}, {"base_span": [259, 261], "annotations": [{"nertag": "O"}]}, {"base_span": [262, 267], "annotations": [{"nertag": "O"}]}, {"base_span": [268, 272], "annotations": [{"nertag": "O"}]}, {"base_span": [273, 278], "annotations": [{"nertag": "B-MISC"}]}, {"base_span": [279, 280], "annotations": [{"nertag": "I-MISC"}]}, {"base_span": [280, 287], "annotations": [{"nertag": "I-MISC"}]}, {"base_span": [287, 288], "annotations": [{"nertag": "I-MISC"}]}, {"base_span": [289, 296], "annotations": [{"nertag": "B-LOC_ORG"}]}, {"base_span": [297, 302], "annotations": [{"nertag": "I-LOC_ORG"}]}, {"base_span": [303, 311], "annotations": [{"nertag": "O"}]}, {"base_span": [312, 318], "annotations": [{"nertag": "B-PER"}]}, {"base_span": [319, 326], "annotations": [{"nertag": "I-PER"}]}, {"base_span": [327, 337], "annotations": [{"nertag": "O"}]}, {"base_span": [338, 342], "annotations": [{"nertag": "O"}]}, {"base_span": [343, 348], "annotations": [{"nertag": "O"}]}, {"base_span": [349, 353], "annotations": [{"nertag": "O"}]}, {"base_span": [354, 357], "annotations": [{"nertag": "O"}]}, {"base_span": [358, 364], "annotations": [{"nertag": "O"}]}, {"base_span": [365, 367], "annotations": [{"nertag": "O"}]}, {"base_span": [368, 373], "annotations": [{"nertag": "O"}]}, {"base_span": [374, 380], "annotations": [{"nertag": "O"}]}, {"base_span": [381, 386], "annotations": [{"nertag": "O"}]}, {"base_span": [387, 394], "annotations": [{"nertag": "O"}]}, {"base_span": [395, 401], "annotations": [{"nertag": "O"}]}, {"base_span": [402, 404], "annotations": [{"nertag": "O"}]}, {"base_span": [405, 407], "annotations": [{"nertag": "O"}]}, {"base_span": [408, 413], "annotations": [{"nertag": "O"}]}, {"base_span": [414, 420], "annotations": [{"nertag": "O"}]}, {"base_span": [421, 426], "annotations": [{"nertag": "B-PER"}]}, {"base_span": [427, 432], "annotations": [{"nertag": "O"}]}, {"base_span": [433, 438], "annotations": [{"nertag": "O"}]}, {"base_span": [439, 446], "annotations": [{"nertag": "O"}]}, {"base_span": [447, 450], "annotations": [{"nertag": "O"}]}, {"base_span": [451, 455], "annotations": [{"nertag": "O"}]}, {"base_span": [456, 461], "annotations": [{"nertag": "O"}]}, {"base_span": [462, 471], "annotations": [{"nertag": "O"}]}, {"base_span": [472, 477], "annotations": [{"nertag": "O"}]}, {"base_span": [477, 478], "annotations": [{"nertag": "O"}]}, {"base_span": [479, 482], "annotations": [{"nertag": "O"}]}, {"base_span": [483, 492], "annotations": [{"nertag": "O"}]}, {"base_span": [493, 496], "annotations": [{"nertag": "O"}]}, {"base_span": [497, 503], "annotations": [{"nertag": "O"}]}, {"base_span": [504, 511], "annotations": [{"nertag": "O"}]}, {"base_span": [512, 522], "annotations": [{"nertag": "O"}]}, {"base_span": [523, 534], "annotations": [{"nertag": "O"}]}, {"base_span": [535, 543], "annotations": [{"nertag": "O"}]}, {"base_span": [544, 548], "annotations": [{"nertag": "O"}]}, {"base_span": [549, 555], "annotations": [{"nertag": "O"}]}, {"base_span": [556, 558], "annotations": [{"nertag": "O"}]}, {"base_span": [559, 565], "annotations": [{"nertag": "B-PER"}]}, {"base_span": [566, 572], "annotations": [{"nertag": "I-PER"}]}, {"base_span": [572, 573], "annotations": [{"nertag": "O"}]}, {"base_span": [574, 578], "annotations": [{"nertag": "B-PER"}]}, {"base_span": [579, 587], "annotations": [{"nertag": "I-PER"}]}, {"base_span": [588, 591], "annotations": [{"nertag": "O"}]}, {"base_span": [591, 592], "annotations": [{"nertag": "O"}]}, {"base_span": [593, 596], "annotations": [{"nertag": "O"}]}, {"base_span": [597, 603], "annotations": [{"nertag": "B-PER"}]}, {"base_span": [604, 611], "annotations": [{"nertag": "I-PER"}]}, {"base_span": [612, 617], "annotations": [{"nertag": "O"}]}, {"base_span": [618, 623], "annotations": [{"nertag": "O"}]}, {"base_span": [623, 624], "annotations": [{"nertag": "O"}]}, {"base_span": [625, 628], "annotations": [{"nertag": "O"}]}, {"base_span": [629, 632], "annotations": [{"nertag": "O"}]}, {"base_span": [633, 638], "annotations": [{"nertag": "O"}]}, {"base_span": [639, 641], "annotations": [{"nertag": "O"}]}, {"base_span": [642, 646], "annotations": [{"nertag": "O"}]}, {"base_span": [646, 647], "annotations": [{"nertag": "O"}]}, {"base_span": [648, 653], "annotations": [{"nertag": "B-PER"}]}, {"base_span": [654, 660], "annotations": [{"nertag": "I-PER"}]}, {"base_span": [661, 665], "annotations": [{"nertag": "O"}]}, {"base_span": [666, 676], "annotations": [{"nertag": "O"}]}, {"base_span": [676, 677], "annotations": [{"nertag": "O"}]}, {"base_span": [678, 681], "annotations": [{"nertag": "O"}]}, {"base_span": [682, 687], "annotations": [{"nertag": "O"}]}, {"base_span": [688, 691], "annotations": [{"nertag": "O"}]}, {"base_span": [692, 704], "annotations": [{"nertag": "O"}]}, {"base_span": [705, 714], "annotations": [{"nertag": "O"}]}, {"base_span": [714, 715], "annotations": [{"nertag": "O"}]}, {"base_span": [715, 716], "annotations": [{"nertag": "O"}]}, {"base_span": [718, 727], "annotations": [{"nertag": "O"}]}, {"base_span": [727, 728], "annotations": [{"nertag": "O"}]}, {"base_span": [729, 730], "annotations": [{"nertag": "B-PER"}]}, {"base_span": [730, 731], "annotations": [{"nertag": "I-PER"}]}, {"base_span": [732, 736], "annotations": [{"nertag": "I-PER"}]}, {"base_span": [736, 737], "annotations": [{"nertag": "O"}]}, {"base_span": [739, 746], "annotations": [{"nertag": "O"}]}, {"base_span": [746, 747], "annotations": [{"nertag": "O"}]}, {"base_span": [748, 749], "annotations": [{"nertag": "B-PER"}]}, {"base_span": [749, 750], "annotations": [{"nertag": "I-PER"}]}, {"base_span": [751, 757], "annotations": [{"nertag": "I-PER"}]}, {"base_span": [757, 758], "annotations": [{"nertag": "O"}]}, {"base_span": [759, 760], "annotations": [{"nertag": "B-PER"}]}, {"base_span": [760, 761], "annotations": [{"nertag": "I-PER"}]}, {"base_span": [762, 766], "annotations": [{"nertag": "I-PER"}]}, {"base_span": [766, 767], "annotations": [{"nertag": "O"}]}, {"base_span": [769, 778], "annotations": [{"nertag": "O"}]}, {"base_span": [778, 779], "annotations": [{"nertag": "O"}]}, {"base_span": [780, 786], "annotations": [{"nertag": "B-PER"}]}, {"base_span": [786, 787], "annotations": [{"nertag": "O"}]}, {"base_span": [789, 797], "annotations": [{"nertag": "O"}]}, {"base_span": [798, 809], "annotations": [{"nertag": "O"}]}, {"base_span": [810, 819], "annotations": [{"nertag": "O"}]}, {"base_span": [820, 826], "annotations": [{"nertag": "O"}]}, {"base_span": [827, 832], "annotations": [{"nertag": "O"}]}, {"base_span": [833, 838], "annotations": [{"nertag": "B-PER"}]}, {"base_span": [839, 843], "annotations": [{"nertag": "I-PER"}]}, {"base_span": [843, 844], "annotations": [{"nertag": "O"}]}]}]}