{"text": "\nProtokoll N.81meses mõistetud kirja peale andis Oppetaja Härra teada,et Lars Lundkwistile ühtigi maksta ei ole,ja tema peab oma wõlg 7 Rubla 25 kop.Õppetaja Harral ära maksma,ag mis Gertrud Appelblomil kes Õppetaja Härra juures Ammeks weel palka saada on seda peab tema ise kätte paluma.\n\nLars Lundkwist sai ette kutsutud ja Oppetaja Härra üttelus temale ette pandud.Tema aga palus Kohut et Gertrud Appelblom ja tema Ema saaksid Kohtu ette kutsutud,ja järel päritud kas tema õigest tunnistust Kohtus üles antud wõi mitte,ja et Kohus siis seeläbi selle asja üle selged otsust wõib saama.\n\nLars Lundkwisti Ema ja Gerdrud Appelblom saawad tulewa Kohtu päew ette kutsudut ja asja üle selged otsust päritud.\n\n\n", "meta": {"origin_directory": "vallakohus_teine/"}, "layers": [{"name": "gold_ner", "attributes": ["nertag"], "parent": null, "enveloping": null, "ambiguous": false, "serialisation_module": null, "meta": {}, "spans": [{"base_span": [73, 90], "annotations": [{"nertag": "PER"}]}, {"base_span": [183, 202], "annotations": [{"nertag": "PER"}]}, {"base_span": [290, 304], "annotations": [{"nertag": "PER"}]}, {"base_span": [392, 409], "annotations": [{"nertag": "PER"}]}, {"base_span": [589, 604], "annotations": [{"nertag": "PER"}]}, {"base_span": [612, 629], "annotations": [{"nertag": "PER"}]}]}, {"name": "gold_wordner", "attributes": ["nertag"], "parent": null, "enveloping": null, "ambiguous": false, "serialisation_module": null, "meta": {}, "spans": [{"base_span": [1, 10], "annotations": [{"nertag": "O"}]}, {"base_span": [11, 12], "annotations": [{"nertag": "O"}]}, {"base_span": [12, 13], "annotations": [{"nertag": "O"}]}, {"base_span": [13, 20], "annotations": [{"nertag": "O"}]}, {"base_span": [21, 30], "annotations": [{"nertag": "O"}]}, {"base_span": [31, 36], "annotations": [{"nertag": "O"}]}, {"base_span": [37, 42], "annotations": [{"nertag": "O"}]}, {"base_span": [43, 48], "annotations": [{"nertag": "O"}]}, {"base_span": [49, 57], "annotations": [{"nertag": "O"}]}, {"base_span": [58, 63], "annotations": [{"nertag": "O"}]}, {"base_span": [64, 69], "annotations": [{"nertag": "O"}]}, {"base_span": [69, 70], "annotations": [{"nertag": "O"}]}, {"base_span": [70, 72], "annotations": [{"nertag": "O"}]}, {"base_span": [73, 77], "annotations": [{"nertag": "B-PER"}]}, {"base_span": [78, 90], "annotations": [{"nertag": "I-PER"}]}, {"base_span": [91, 97], "annotations": [{"nertag": "O"}]}, {"base_span": [98, 104], "annotations": [{"nertag": "O"}]}, {"base_span": [105, 107], "annotations": [{"nertag": "O"}]}, {"base_span": [108, 111], "annotations": [{"nertag": "O"}]}, {"base_span": [111, 112], "annotations": [{"nertag": "O"}]}, {"base_span": [112, 114], "annotations": [{"nertag": "O"}]}, {"base_span": [115, 119], "annotations": [{"nertag": "O"}]}, {"base_span": [120, 124], "annotations": [{"nertag": "O"}]}, {"base_span": [125, 128], "annotations": [{"nertag": "O"}]}, {"base_span": [129, 133], "annotations": [{"nertag": "O"}]}, {"base_span": [134, 135], "annotations": [{"nertag": "O"}]}, {"base_span": [136, 141], "annotations": [{"nertag": "O"}]}, {"base_span": [142, 144], "annotations": [{"nertag": "O"}]}, {"base_span": [145, 148], "annotations": [{"nertag": "O"}]}, {"base_span": [148, 149], "annotations": [{"nertag": "O"}]}, {"base_span": [149, 157], "annotations": [{"nertag": "O"}]}, {"base_span": [158, 164], "annotations": [{"nertag": "O"}]}, {"base_span": [165, 168], "annotations": [{"nertag": "O"}]}, {"base_span": [169, 175], "annotations": [{"nertag": "O"}]}, {"base_span": [175, 176], "annotations": [{"nertag": "O"}]}, {"base_span": [176, 178], "annotations": [{"nertag": "O"}]}, {"base_span": [179, 182], "annotations": [{"nertag": "O"}]}, {"base_span": [183, 190], "annotations": [{"nertag": "B-PER"}]}, {"base_span": [191, 202], "annotations": [{"nertag": "I-PER"}]}, {"base_span": [203, 206], "annotations": [{"nertag": "O"}]}, {"base_span": [207, 215], "annotations": [{"nertag": "O"}]}, {"base_span": [216, 221], "annotations": [{"nertag": "O"}]}, {"base_span": [222, 228], "annotations": [{"nertag": "O"}]}, {"base_span": [229, 235], "annotations": [{"nertag": "O"}]}, {"base_span": [236, 240], "annotations": [{"nertag": "O"}]}, {"base_span": [241, 246], "annotations": [{"nertag": "O"}]}, {"base_span": [247, 252], "annotations": [{"nertag": "O"}]}, {"base_span": [253, 255], "annotations": [{"nertag": "O"}]}, {"base_span": [256, 260], "annotations": [{"nertag": "O"}]}, {"base_span": [261, 265], "annotations": [{"nertag": "O"}]}, {"base_span": [266, 270], "annotations": [{"nertag": "O"}]}, {"base_span": [271, 274], "annotations": [{"nertag": "O"}]}, {"base_span": [275, 280], "annotations": [{"nertag": "O"}]}, {"base_span": [281, 287], "annotations": [{"nertag": "O"}]}, {"base_span": [287, 288], "annotations": [{"nertag": "O"}]}, {"base_span": [290, 294], "annotations": [{"nertag": "B-PER"}]}, {"base_span": [295, 304], "annotations": [{"nertag": "I-PER"}]}, {"base_span": [305, 308], "annotations": [{"nertag": "O"}]}, {"base_span": [309, 313], "annotations": [{"nertag": "O"}]}, {"base_span": [314, 322], "annotations": [{"nertag": "O"}]}, {"base_span": [323, 325], "annotations": [{"nertag": "O"}]}, {"base_span": [326, 334], "annotations": [{"nertag": "O"}]}, {"base_span": [335, 340], "annotations": [{"nertag": "O"}]}, {"base_span": [341, 348], "annotations": [{"nertag": "O"}]}, {"base_span": [349, 355], "annotations": [{"nertag": "O"}]}, {"base_span": [356, 360], "annotations": [{"nertag": "O"}]}, {"base_span": [361, 367], "annotations": [{"nertag": "O"}]}, {"base_span": [367, 368], "annotations": [{"nertag": "O"}]}, {"base_span": [368, 372], "annotations": [{"nertag": "O"}]}, {"base_span": [373, 376], "annotations": [{"nertag": "O"}]}, {"base_span": [377, 382], "annotations": [{"nertag": "O"}]}, {"base_span": [383, 388], "annotations": [{"nertag": "O"}]}, {"base_span": [389, 391], "annotations": [{"nertag": "O"}]}, {"base_span": [392, 399], "annotations": [{"nertag": "B-PER"}]}, {"base_span": [400, 409], "annotations": [{"nertag": "I-PER"}]}, {"base_span": [410, 412], "annotations": [{"nertag": "O"}]}, {"base_span": [413, 417], "annotations": [{"nertag": "O"}]}, {"base_span": [418, 421], "annotations": [{"nertag": "O"}]}, {"base_span": [422, 429], "annotations": [{"nertag": "O"}]}, {"base_span": [430, 435], "annotations": [{"nertag": "O"}]}, {"base_span": [436, 440], "annotations": [{"nertag": "O"}]}, {"base_span": [441, 449], "annotations": [{"nertag": "O"}]}, {"base_span": [449, 450], "annotations": [{"nertag": "O"}]}, {"base_span": [450, 452], "annotations": [{"nertag": "O"}]}, {"base_span": [453, 458], "annotations": [{"nertag": "O"}]}, {"base_span": [459, 466], "annotations": [{"nertag": "O"}]}, {"base_span": [467, 470], "annotations": [{"nertag": "O"}]}, {"base_span": [471, 475], "annotations": [{"nertag": "O"}]}, {"base_span": [476, 482], "annotations": [{"nertag": "O"}]}, {"base_span": [483, 493], "annotations": [{"nertag": "O"}]}, {"base_span": [494, 500], "annotations": [{"nertag": "O"}]}, {"base_span": [501, 505], "annotations": [{"nertag": "O"}]}, {"base_span": [506, 511], "annotations": [{"nertag": "O"}]}, {"base_span": [512, 515], "annotations": [{"nertag": "O"}]}, {"base_span": [516, 521], "annotations": [{"nertag": "O"}]}, {"base_span": [521, 522], "annotations": [{"nertag": "O"}]}, {"base_span": [522, 524], "annotations": [{"nertag": "O"}]}, {"base_span": [525, 527], "annotations": [{"nertag": "O"}]}, {"base_span": [528, 533], "annotations": [{"nertag": "O"}]}, {"base_span": [534, 538], "annotations": [{"nertag": "O"}]}, {"base_span": [539, 546], "annotations": [{"nertag": "O"}]}, {"base_span": [547, 552], "annotations": [{"nertag": "O"}]}, {"base_span": [553, 557], "annotations": [{"nertag": "O"}]}, {"base_span": [558, 561], "annotations": [{"nertag": "O"}]}, {"base_span": [562, 568], "annotations": [{"nertag": "O"}]}, {"base_span": [569, 575], "annotations": [{"nertag": "O"}]}, {"base_span": [576, 580], "annotations": [{"nertag": "O"}]}, {"base_span": [581, 586], "annotations": [{"nertag": "O"}]}, {"base_span": [586, 587], "annotations": [{"nertag": "O"}]}, {"base_span": [589, 593], "annotations": [{"nertag": "B-PER"}]}, {"base_span": [594, 604], "annotations": [{"nertag": "I-PER"}]}, {"base_span": [605, 608], "annotations": [{"nertag": "O"}]}, {"base_span": [609, 611], "annotations": [{"nertag": "O"}]}, {"base_span": [612, 619], "annotations": [{"nertag": "B-PER"}]}, {"base_span": [620, 629], "annotations": [{"nertag": "I-PER"}]}, {"base_span": [630, 636], "annotations": [{"nertag": "O"}]}, {"base_span": [637, 643], "annotations": [{"nertag": "O"}]}, {"base_span": [644, 649], "annotations": [{"nertag": "O"}]}, {"base_span": [650, 654], "annotations": [{"nertag": "O"}]}, {"base_span": [655, 659], "annotations": [{"nertag": "O"}]}, {"base_span": [660, 668], "annotations": [{"nertag": "O"}]}, {"base_span": [669, 671], "annotations": [{"nertag": "O"}]}, {"base_span": [672, 676], "annotations": [{"nertag": "O"}]}, {"base_span": [677, 680], "annotations": [{"nertag": "O"}]}, {"base_span": [681, 687], "annotations": [{"nertag": "O"}]}, {"base_span": [688, 694], "annotations": [{"nertag": "O"}]}, {"base_span": [695, 702], "annotations": [{"nertag": "O"}]}, {"base_span": [702, 703], "annotations": [{"nertag": "O"}]}]}]}