{"text": "Tulivad Seli valla talupojad ette ja andsivad üles, et nemad vanaduse pärast oma rendikohti enam pidada ei või ja oma poegade kätte annavad ilma tükatamata selle tingimisega et need oma vanemaid kuni surmani piavad toitma ja oma vähemid õdesi ja vendi kasvatada aitama. Need alamad nimetatud pojad olivad sellega ühes nõus ja lubasivad nende vanemate poolt ettepandud tingimistega need kohad oma peale võtta. Need koha ära andjad ja vastuvõtjad olivad nimelt:\nI. Nr 20 koha rentnik Rõa lesk Liiso Rõa annab selle koha oma vanema poja Juhan Rõa kätte.\nII. Nr 21 Ermakoha rentnik Mart Erm annab koha oma ainsa poja Juri Erm kätte.\nIII. Nr 26 Nõmmukse koha rentnik Mart Busch annab koha oma ainsa poja Jaan Buschi kätte.\nIV. Nr 40 Türni koha rentnik Hans Bachson kelle vanemad juba surnud on ja kes ainus poeg kui koha pärija on palub kõrge Domenenhofi kohtule ette panna, et ta saaks seaduslikult selle üleval nimetatud Türni koha peremeheks kinnitatud.\nOtsus: Seda kohta ära andmist protokolli kirjutada ja neid uusi peremehi kõrge Domenenhofi kohtule kinnitamiseks ette panna.\nPeakohtumees: Jakob Tõnison XXX\nKohtumees: Andres Bachson XXX\nKohtumees: Jaan Busch XXX \n\"\n", "meta": {"origin_directory": "vallakohus_esimene/"}, "layers": [{"name": "gold_ner", "attributes": ["nertag"], "parent": null, "enveloping": null, "ambiguous": false, "serialisation_module": null, "meta": {}, "spans": [{"base_span": [8, 18], "annotations": [{"nertag": "LOC_ORG"}]}, {"base_span": [482, 485], "annotations": [{"nertag": "PER"}]}, {"base_span": [491, 500], "annotations": [{"nertag": "PER"}]}, {"base_span": [534, 543], "annotations": [{"nertag": "PER"}]}, {"base_span": [561, 569], "annotations": [{"nertag": "LOC_ORG"}]}, {"base_span": [578, 586], "annotations": [{"nertag": "PER"}]}, {"base_span": [613, 621], "annotations": [{"nertag": "PER"}]}, {"base_span": [640, 653], "annotations": [{"nertag": "LOC_ORG"}]}, {"base_span": [662, 672], "annotations": [{"nertag": "PER"}]}, {"base_span": [699, 710], "annotations": [{"nertag": "PER"}]}, {"base_span": [728, 738], "annotations": [{"nertag": "LOC_ORG"}]}, {"base_span": [747, 759], "annotations": [{"nertag": "PER"}]}, {"base_span": [838, 857], "annotations": [{"nertag": "ORG"}]}, {"base_span": [918, 928], "annotations": [{"nertag": "LOC_ORG"}]}, {"base_span": [1031, 1050], "annotations": [{"nertag": "ORG"}]}, {"base_span": [1091, 1104], "annotations": [{"nertag": "PER"}]}, {"base_span": [1120, 1134], "annotations": [{"nertag": "PER"}]}, {"base_span": [1150, 1160], "annotations": [{"nertag": "PER"}]}]}, {"name": "gold_wordner", "attributes": ["nertag"], "parent": null, "enveloping": null, "ambiguous": false, "serialisation_module": null, "meta": {}, "spans": [{"base_span": [0, 7], "annotations": [{"nertag": "O"}]}, {"base_span": [8, 12], "annotations": [{"nertag": "B-LOC_ORG"}]}, {"base_span": [13, 18], "annotations": [{"nertag": "I-LOC_ORG"}]}, {"base_span": [19, 28], "annotations": [{"nertag": "O"}]}, {"base_span": [29, 33], "annotations": [{"nertag": "O"}]}, {"base_span": [34, 36], "annotations": [{"nertag": "O"}]}, {"base_span": [37, 45], "annotations": [{"nertag": "O"}]}, {"base_span": [46, 50], "annotations": [{"nertag": "O"}]}, {"base_span": [50, 51], "annotations": [{"nertag": "O"}]}, {"base_span": [52, 54], "annotations": [{"nertag": "O"}]}, {"base_span": [55, 60], "annotations": [{"nertag": "O"}]}, {"base_span": [61, 69], "annotations": [{"nertag": "O"}]}, {"base_span": [70, 76], "annotations": [{"nertag": "O"}]}, {"base_span": [77, 80], "annotations": [{"nertag": "O"}]}, {"base_span": [81, 91], "annotations": [{"nertag": "O"}]}, {"base_span": [92, 96], "annotations": [{"nertag": "O"}]}, {"base_span": [97, 103], "annotations": [{"nertag": "O"}]}, {"base_span": [104, 106], "annotations": [{"nertag": "O"}]}, {"base_span": [107, 110], "annotations": [{"nertag": "O"}]}, {"base_span": [111, 113], "annotations": [{"nertag": "O"}]}, {"base_span": [114, 117], "annotations": [{"nertag": "O"}]}, {"base_span": [118, 125], "annotations": [{"nertag": "O"}]}, {"base_span": [126, 131], "annotations": [{"nertag": "O"}]}, {"base_span": [132, 139], "annotations": [{"nertag": "O"}]}, {"base_span": [140, 144], "annotations": [{"nertag": "O"}]}, {"base_span": [145, 155], "annotations": [{"nertag": "O"}]}, {"base_span": [156, 161], "annotations": [{"nertag": "O"}]}, {"base_span": [162, 173], "annotations": [{"nertag": "O"}]}, {"base_span": [174, 176], "annotations": [{"nertag": "O"}]}, {"base_span": [177, 181], "annotations": [{"nertag": "O"}]}, {"base_span": [182, 185], "annotations": [{"nertag": "O"}]}, {"base_span": [186, 194], "annotations": [{"nertag": "O"}]}, {"base_span": [195, 199], "annotations": [{"nertag": "O"}]}, {"base_span": [200, 207], "annotations": [{"nertag": "O"}]}, {"base_span": [208, 214], "annotations": [{"nertag": "O"}]}, {"base_span": [215, 221], "annotations": [{"nertag": "O"}]}, {"base_span": [222, 224], "annotations": [{"nertag": "O"}]}, {"base_span": [225, 228], "annotations": [{"nertag": "O"}]}, {"base_span": [229, 236], "annotations": [{"nertag": "O"}]}, {"base_span": [237, 242], "annotations": [{"nertag": "O"}]}, {"base_span": [243, 245], "annotations": [{"nertag": "O"}]}, {"base_span": [246, 251], "annotations": [{"nertag": "O"}]}, {"base_span": [252, 261], "annotations": [{"nertag": "O"}]}, {"base_span": [262, 268], "annotations": [{"nertag": "O"}]}, {"base_span": [268, 269], "annotations": [{"nertag": "O"}]}, {"base_span": [270, 274], "annotations": [{"nertag": "O"}]}, {"base_span": [275, 281], "annotations": [{"nertag": "O"}]}, {"base_span": [282, 291], "annotations": [{"nertag": "O"}]}, {"base_span": [292, 297], "annotations": [{"nertag": "O"}]}, {"base_span": [298, 304], "annotations": [{"nertag": "O"}]}, {"base_span": [305, 312], "annotations": [{"nertag": "O"}]}, {"base_span": [313, 317], "annotations": [{"nertag": "O"}]}, {"base_span": [318, 322], "annotations": [{"nertag": "O"}]}, {"base_span": [323, 325], "annotations": [{"nertag": "O"}]}, {"base_span": [326, 335], "annotations": [{"nertag": "O"}]}, {"base_span": [336, 341], "annotations": [{"nertag": "O"}]}, {"base_span": [342, 350], "annotations": [{"nertag": "O"}]}, {"base_span": [351, 356], "annotations": [{"nertag": "O"}]}, {"base_span": [357, 367], "annotations": [{"nertag": "O"}]}, {"base_span": [368, 380], "annotations": [{"nertag": "O"}]}, {"base_span": [381, 385], "annotations": [{"nertag": "O"}]}, {"base_span": [386, 391], "annotations": [{"nertag": "O"}]}, {"base_span": [392, 395], "annotations": [{"nertag": "O"}]}, {"base_span": [396, 401], "annotations": [{"nertag": "O"}]}, {"base_span": [402, 407], "annotations": [{"nertag": "O"}]}, {"base_span": [407, 408], "annotations": [{"nertag": "O"}]}, {"base_span": [409, 413], "annotations": [{"nertag": "O"}]}, {"base_span": [414, 418], "annotations": [{"nertag": "O"}]}, {"base_span": [419, 422], "annotations": [{"nertag": "O"}]}, {"base_span": [423, 429], "annotations": [{"nertag": "O"}]}, {"base_span": [430, 432], "annotations": [{"nertag": "O"}]}, {"base_span": [433, 444], "annotations": [{"nertag": "O"}]}, {"base_span": [445, 451], "annotations": [{"nertag": "O"}]}, {"base_span": [452, 458], "annotations": [{"nertag": "O"}]}, {"base_span": [458, 459], "annotations": [{"nertag": "O"}]}, {"base_span": [460, 461], "annotations": [{"nertag": "O"}]}, {"base_span": [461, 462], "annotations": [{"nertag": "O"}]}, {"base_span": [463, 465], "annotations": [{"nertag": "O"}]}, {"base_span": [466, 468], "annotations": [{"nertag": "O"}]}, {"base_span": [469, 473], "annotations": [{"nertag": "O"}]}, {"base_span": [474, 481], "annotations": [{"nertag": "O"}]}, {"base_span": [482, 485], "annotations": [{"nertag": "B-PER"}]}, {"base_span": [486, 490], "annotations": [{"nertag": "O"}]}, {"base_span": [491, 496], "annotations": [{"nertag": "B-PER"}]}, {"base_span": [497, 500], "annotations": [{"nertag": "I-PER"}]}, {"base_span": [501, 506], "annotations": [{"nertag": "O"}]}, {"base_span": [507, 512], "annotations": [{"nertag": "O"}]}, {"base_span": [513, 517], "annotations": [{"nertag": "O"}]}, {"base_span": [518, 521], "annotations": [{"nertag": "O"}]}, {"base_span": [522, 528], "annotations": [{"nertag": "O"}]}, {"base_span": [529, 533], "annotations": [{"nertag": "O"}]}, {"base_span": [534, 539], "annotations": [{"nertag": "B-PER"}]}, {"base_span": [540, 543], "annotations": [{"nertag": "I-PER"}]}, {"base_span": [544, 549], "annotations": [{"nertag": "O"}]}, {"base_span": [549, 550], "annotations": [{"nertag": "O"}]}, {"base_span": [551, 553], "annotations": [{"nertag": "O"}]}, {"base_span": [553, 554], "annotations": [{"nertag": "O"}]}, {"base_span": [555, 557], "annotations": [{"nertag": "O"}]}, {"base_span": [558, 560], "annotations": [{"nertag": "O"}]}, {"base_span": [561, 569], "annotations": [{"nertag": "B-LOC_ORG"}]}, {"base_span": [570, 577], "annotations": [{"nertag": "O"}]}, {"base_span": [578, 582], "annotations": [{"nertag": "B-PER"}]}, {"base_span": [583, 586], "annotations": [{"nertag": "I-PER"}]}, {"base_span": [587, 592], "annotations": [{"nertag": "O"}]}, {"base_span": [593, 597], "annotations": [{"nertag": "O"}]}, {"base_span": [598, 601], "annotations": [{"nertag": "O"}]}, {"base_span": [602, 607], "annotations": [{"nertag": "O"}]}, {"base_span": [608, 612], "annotations": [{"nertag": "O"}]}, {"base_span": [613, 617], "annotations": [{"nertag": "B-PER"}]}, {"base_span": [618, 621], "annotations": [{"nertag": "I-PER"}]}, {"base_span": [622, 627], "annotations": [{"nertag": "O"}]}, {"base_span": [627, 628], "annotations": [{"nertag": "O"}]}, {"base_span": [629, 632], "annotations": [{"nertag": "O"}]}, {"base_span": [632, 633], "annotations": [{"nertag": "O"}]}, {"base_span": [634, 636], "annotations": [{"nertag": "O"}]}, {"base_span": [637, 639], "annotations": [{"nertag": "O"}]}, {"base_span": [640, 648], "annotations": [{"nertag": "B-LOC_ORG"}]}, {"base_span": [649, 653], "annotations": [{"nertag": "I-LOC_ORG"}]}, {"base_span": [654, 661], "annotations": [{"nertag": "O"}]}, {"base_span": [662, 666], "annotations": [{"nertag": "B-PER"}]}, {"base_span": [667, 672], "annotations": [{"nertag": "I-PER"}]}, {"base_span": [673, 678], "annotations": [{"nertag": "O"}]}, {"base_span": [679, 683], "annotations": [{"nertag": "O"}]}, {"base_span": [684, 687], "annotations": [{"nertag": "O"}]}, {"base_span": [688, 693], "annotations": [{"nertag": "O"}]}, {"base_span": [694, 698], "annotations": [{"nertag": "O"}]}, {"base_span": [699, 703], "annotations": [{"nertag": "B-PER"}]}, {"base_span": [704, 710], "annotations": [{"nertag": "I-PER"}]}, {"base_span": [711, 716], "annotations": [{"nertag": "O"}]}, {"base_span": [716, 717], "annotations": [{"nertag": "O"}]}, {"base_span": [718, 720], "annotations": [{"nertag": "O"}]}, {"base_span": [720, 721], "annotations": [{"nertag": "O"}]}, {"base_span": [722, 724], "annotations": [{"nertag": "O"}]}, {"base_span": [725, 727], "annotations": [{"nertag": "O"}]}, {"base_span": [728, 733], "annotations": [{"nertag": "B-LOC_ORG"}]}, {"base_span": [734, 738], "annotations": [{"nertag": "I-LOC_ORG"}]}, {"base_span": [739, 746], "annotations": [{"nertag": "O"}]}, {"base_span": [747, 751], "annotations": [{"nertag": "B-PER"}]}, {"base_span": [752, 759], "annotations": [{"nertag": "I-PER"}]}, {"base_span": [760, 765], "annotations": [{"nertag": "O"}]}, {"base_span": [766, 773], "annotations": [{"nertag": "O"}]}, {"base_span": [774, 778], "annotations": [{"nertag": "O"}]}, {"base_span": [779, 785], "annotations": [{"nertag": "O"}]}, {"base_span": [786, 788], "annotations": [{"nertag": "O"}]}, {"base_span": [789, 791], "annotations": [{"nertag": "O"}]}, {"base_span": [792, 795], "annotations": [{"nertag": "O"}]}, {"base_span": [796, 801], "annotations": [{"nertag": "O"}]}, {"base_span": [802, 806], "annotations": [{"nertag": "O"}]}, {"base_span": [807, 810], "annotations": [{"nertag": "O"}]}, {"base_span": [811, 815], "annotations": [{"nertag": "O"}]}, {"base_span": [816, 822], "annotations": [{"nertag": "O"}]}, {"base_span": [823, 825], "annotations": [{"nertag": "O"}]}, {"base_span": [826, 831], "annotations": [{"nertag": "O"}]}, {"base_span": [832, 837], "annotations": [{"nertag": "O"}]}, {"base_span": [838, 849], "annotations": [{"nertag": "B-ORG"}]}, {"base_span": [850, 857], "annotations": [{"nertag": "I-ORG"}]}, {"base_span": [858, 862], "annotations": [{"nertag": "O"}]}, {"base_span": [863, 868], "annotations": [{"nertag": "O"}]}, {"base_span": [868, 869], "annotations": [{"nertag": "O"}]}, {"base_span": [870, 872], "annotations": [{"nertag": "O"}]}, {"base_span": [873, 875], "annotations": [{"nertag": "O"}]}, {"base_span": [876, 881], "annotations": [{"nertag": "O"}]}, {"base_span": [882, 894], "annotations": [{"nertag": "O"}]}, {"base_span": [895, 900], "annotations": [{"nertag": "O"}]}, {"base_span": [901, 907], "annotations": [{"nertag": "O"}]}, {"base_span": [908, 917], "annotations": [{"nertag": "O"}]}, {"base_span": [918, 923], "annotations": [{"nertag": "B-LOC_ORG"}]}, {"base_span": [924, 928], "annotations": [{"nertag": "I-LOC_ORG"}]}, {"base_span": [929, 939], "annotations": [{"nertag": "O"}]}, {"base_span": [940, 950], "annotations": [{"nertag": "O"}]}, {"base_span": [950, 951], "annotations": [{"nertag": "O"}]}, {"base_span": [952, 957], "annotations": [{"nertag": "O"}]}, {"base_span": [957, 958], "annotations": [{"nertag": "O"}]}, {"base_span": [959, 963], "annotations": [{"nertag": "O"}]}, {"base_span": [964, 969], "annotations": [{"nertag": "O"}]}, {"base_span": [970, 973], "annotations": [{"nertag": "O"}]}, {"base_span": [974, 981], "annotations": [{"nertag": "O"}]}, {"base_span": [982, 992], "annotations": [{"nertag": "O"}]}, {"base_span": [993, 1002], "annotations": [{"nertag": "O"}]}, {"base_span": [1003, 1005], "annotations": [{"nertag": "O"}]}, {"base_span": [1006, 1010], "annotations": [{"nertag": "O"}]}, {"base_span": [1011, 1015], "annotations": [{"nertag": "O"}]}, {"base_span": [1016, 1024], "annotations": [{"nertag": "O"}]}, {"base_span": [1025, 1030], "annotations": [{"nertag": "O"}]}, {"base_span": [1031, 1042], "annotations": [{"nertag": "B-ORG"}]}, {"base_span": [1043, 1050], "annotations": [{"nertag": "I-ORG"}]}, {"base_span": [1051, 1064], "annotations": [{"nertag": "O"}]}, {"base_span": [1065, 1069], "annotations": [{"nertag": "O"}]}, {"base_span": [1070, 1075], "annotations": [{"nertag": "O"}]}, {"base_span": [1075, 1076], "annotations": [{"nertag": "O"}]}, {"base_span": [1077, 1089], "annotations": [{"nertag": "O"}]}, {"base_span": [1089, 1090], "annotations": [{"nertag": "O"}]}, {"base_span": [1091, 1096], "annotations": [{"nertag": "B-PER"}]}, {"base_span": [1097, 1104], "annotations": [{"nertag": "I-PER"}]}, {"base_span": [1105, 1108], "annotations": [{"nertag": "O"}]}, {"base_span": [1109, 1118], "annotations": [{"nertag": "O"}]}, {"base_span": [1118, 1119], "annotations": [{"nertag": "O"}]}, {"base_span": [1120, 1126], "annotations": [{"nertag": "B-PER"}]}, {"base_span": [1127, 1134], "annotations": [{"nertag": "I-PER"}]}, {"base_span": [1135, 1138], "annotations": [{"nertag": "O"}]}, {"base_span": [1139, 1148], "annotations": [{"nertag": "O"}]}, {"base_span": [1148, 1149], "annotations": [{"nertag": "O"}]}, {"base_span": [1150, 1154], "annotations": [{"nertag": "B-PER"}]}, {"base_span": [1155, 1160], "annotations": [{"nertag": "I-PER"}]}, {"base_span": [1161, 1164], "annotations": [{"nertag": "O"}]}, {"base_span": [1166, 1167], "annotations": [{"nertag": "O"}]}]}]}