{"text": "\nUssisaare heinama metsavaht andis moisawallitsusele teäda, et seält moned kassed näddala eest said ärra warrastud. Hobbosest, mis wankre ees olli ja Altkörtsist widdowikko aegus möta läks, tundsid moned mehhed, kes just seal kõrtsis ollid, kohhe ärra, et Hansi Jaani Mihkel Soontak, kirrikowallamees, se kaskede warras olli. Tedda kutsuti 2 mal Oktobril 1852 koggokonna kohto ette, kus temma ka omma wargust üllestunnistas. Möisteti, et ta kuus rublehöbbed pidi maksma, se on: nelli rubla waeste laekasse ja kaks rubl. warrastud kaskede eest.\n\n...\n\nmoisa wallitsuse nimel\n\n\n", "meta": {"origin_directory": "vallakohus_neljas/"}, "layers": [{"name": "gold_ner", "attributes": ["nertag"], "parent": null, "enveloping": null, "ambiguous": false, "serialisation_module": null, "meta": {}, "spans": [{"base_span": [1, 18], "annotations": [{"nertag": "LOC"}]}, {"base_span": [150, 161], "annotations": [{"nertag": "LOC_ORG"}]}, {"base_span": [256, 267], "annotations": [{"nertag": "LOC_ORG"}]}, {"base_span": [268, 282], "annotations": [{"nertag": "PER"}]}]}, {"name": "gold_wordner", "attributes": ["nertag"], "parent": null, "enveloping": null, "ambiguous": false, "serialisation_module": null, "meta": {}, "spans": [{"base_span": [1, 10], "annotations": [{"nertag": "B-LOC"}]}, {"base_span": [11, 18], "annotations": [{"nertag": "I-LOC"}]}, {"base_span": [19, 28], "annotations": [{"nertag": "O"}]}, {"base_span": [29, 34], "annotations": [{"nertag": "O"}]}, {"base_span": [35, 52], "annotations": [{"nertag": "O"}]}, {"base_span": [53, 58], "annotations": [{"nertag": "O"}]}, {"base_span": [58, 59], "annotations": [{"nertag": "O"}]}, {"base_span": [60, 62], "annotations": [{"nertag": "O"}]}, {"base_span": [63, 68], "annotations": [{"nertag": "O"}]}, {"base_span": [69, 74], "annotations": [{"nertag": "O"}]}, {"base_span": [75, 81], "annotations": [{"nertag": "O"}]}, {"base_span": [82, 89], "annotations": [{"nertag": "O"}]}, {"base_span": [90, 94], "annotations": [{"nertag": "O"}]}, {"base_span": [95, 99], "annotations": [{"nertag": "O"}]}, {"base_span": [100, 104], "annotations": [{"nertag": "O"}]}, {"base_span": [105, 114], "annotations": [{"nertag": "O"}]}, {"base_span": [114, 115], "annotations": [{"nertag": "O"}]}, {"base_span": [116, 125], "annotations": [{"nertag": "O"}]}, {"base_span": [125, 126], "annotations": [{"nertag": "O"}]}, {"base_span": [127, 130], "annotations": [{"nertag": "O"}]}, {"base_span": [131, 137], "annotations": [{"nertag": "O"}]}, {"base_span": [138, 141], "annotations": [{"nertag": "O"}]}, {"base_span": [142, 146], "annotations": [{"nertag": "O"}]}, {"base_span": [147, 149], "annotations": [{"nertag": "O"}]}, {"base_span": [150, 161], "annotations": [{"nertag": "B-LOC_ORG"}]}, {"base_span": [162, 172], "annotations": [{"nertag": "O"}]}, {"base_span": [173, 178], "annotations": [{"nertag": "O"}]}, {"base_span": [179, 183], "annotations": [{"nertag": "O"}]}, {"base_span": [184, 188], "annotations": [{"nertag": "O"}]}, {"base_span": [188, 189], "annotations": [{"nertag": "O"}]}, {"base_span": [190, 197], "annotations": [{"nertag": "O"}]}, {"base_span": [198, 203], "annotations": [{"nertag": "O"}]}, {"base_span": [204, 210], "annotations": [{"nertag": "O"}]}, {"base_span": [210, 211], "annotations": [{"nertag": "O"}]}, {"base_span": [212, 215], "annotations": [{"nertag": "O"}]}, {"base_span": [216, 220], "annotations": [{"nertag": "O"}]}, {"base_span": [221, 225], "annotations": [{"nertag": "O"}]}, {"base_span": [226, 233], "annotations": [{"nertag": "O"}]}, {"base_span": [234, 239], "annotations": [{"nertag": "O"}]}, {"base_span": [239, 240], "annotations": [{"nertag": "O"}]}, {"base_span": [241, 246], "annotations": [{"nertag": "O"}]}, {"base_span": [247, 251], "annotations": [{"nertag": "O"}]}, {"base_span": [251, 252], "annotations": [{"nertag": "O"}]}, {"base_span": [253, 255], "annotations": [{"nertag": "O"}]}, {"base_span": [256, 261], "annotations": [{"nertag": "B-LOC_ORG"}]}, {"base_span": [262, 267], "annotations": [{"nertag": "I-LOC_ORG"}]}, {"base_span": [268, 274], "annotations": [{"nertag": "B-PER"}]}, {"base_span": [275, 282], "annotations": [{"nertag": "I-PER"}]}, {"base_span": [282, 283], "annotations": [{"nertag": "O"}]}, {"base_span": [284, 300], "annotations": [{"nertag": "O"}]}, {"base_span": [300, 301], "annotations": [{"nertag": "O"}]}, {"base_span": [302, 304], "annotations": [{"nertag": "O"}]}, {"base_span": [305, 312], "annotations": [{"nertag": "O"}]}, {"base_span": [313, 319], "annotations": [{"nertag": "O"}]}, {"base_span": [320, 324], "annotations": [{"nertag": "O"}]}, {"base_span": [324, 325], "annotations": [{"nertag": "O"}]}, {"base_span": [326, 331], "annotations": [{"nertag": "O"}]}, {"base_span": [332, 339], "annotations": [{"nertag": "O"}]}, {"base_span": [340, 341], "annotations": [{"nertag": "O"}]}, {"base_span": [342, 345], "annotations": [{"nertag": "O"}]}, {"base_span": [346, 354], "annotations": [{"nertag": "O"}]}, {"base_span": [355, 359], "annotations": [{"nertag": "O"}]}, {"base_span": [360, 370], "annotations": [{"nertag": "O"}]}, {"base_span": [371, 376], "annotations": [{"nertag": "O"}]}, {"base_span": [377, 381], "annotations": [{"nertag": "O"}]}, {"base_span": [381, 382], "annotations": [{"nertag": "O"}]}, {"base_span": [383, 386], "annotations": [{"nertag": "O"}]}, {"base_span": [387, 392], "annotations": [{"nertag": "O"}]}, {"base_span": [393, 395], "annotations": [{"nertag": "O"}]}, {"base_span": [396, 400], "annotations": [{"nertag": "O"}]}, {"base_span": [401, 408], "annotations": [{"nertag": "O"}]}, {"base_span": [409, 423], "annotations": [{"nertag": "O"}]}, {"base_span": [423, 424], "annotations": [{"nertag": "O"}]}, {"base_span": [425, 433], "annotations": [{"nertag": "O"}]}, {"base_span": [433, 434], "annotations": [{"nertag": "O"}]}, {"base_span": [435, 437], "annotations": [{"nertag": "O"}]}, {"base_span": [438, 440], "annotations": [{"nertag": "O"}]}, {"base_span": [441, 445], "annotations": [{"nertag": "O"}]}, {"base_span": [446, 457], "annotations": [{"nertag": "O"}]}, {"base_span": [458, 462], "annotations": [{"nertag": "O"}]}, {"base_span": [463, 469], "annotations": [{"nertag": "O"}]}, {"base_span": [469, 470], "annotations": [{"nertag": "O"}]}, {"base_span": [471, 473], "annotations": [{"nertag": "O"}]}, {"base_span": [474, 476], "annotations": [{"nertag": "O"}]}, {"base_span": [476, 477], "annotations": [{"nertag": "O"}]}, {"base_span": [478, 483], "annotations": [{"nertag": "O"}]}, {"base_span": [484, 489], "annotations": [{"nertag": "O"}]}, {"base_span": [490, 496], "annotations": [{"nertag": "O"}]}, {"base_span": [497, 505], "annotations": [{"nertag": "O"}]}, {"base_span": [506, 508], "annotations": [{"nertag": "O"}]}, {"base_span": [509, 513], "annotations": [{"nertag": "O"}]}, {"base_span": [514, 518], "annotations": [{"nertag": "O"}]}, {"base_span": [518, 519], "annotations": [{"nertag": "O"}]}, {"base_span": [520, 529], "annotations": [{"nertag": "O"}]}, {"base_span": [530, 537], "annotations": [{"nertag": "O"}]}, {"base_span": [538, 542], "annotations": [{"nertag": "O"}]}, {"base_span": [542, 543], "annotations": [{"nertag": "O"}]}, {"base_span": [545, 548], "annotations": [{"nertag": "O"}]}, {"base_span": [550, 555], "annotations": [{"nertag": "O"}]}, {"base_span": [556, 566], "annotations": [{"nertag": "O"}]}, {"base_span": [567, 572], "annotations": [{"nertag": "O"}]}]}]}