{"text": "\nProtokoll N: 5 alt s.a. tuli Saia Andres Hendreksoni sulane Mihkel Pulst ette ja  palus, et kohus Andres Hendreksoni oksjoni rahast tema wiimse aasta eest weel saada olewa palga raha 20 rubla wälja maksaks.\n\nSai mõistetud:\n\nNagu see pärimine kohtumeeste ees Andres Hendreksoni enesest ka õigeks tunnistud, saab Mihkle Pulstile ta palga raha 20 rubla wälja maksetud.\n\n206 kopik jäi M.Pulsti pearahaks - I P. 1883 aasta eest sisse ja 17 rubla 94 kop. sai M.Pulst 22. Webruaril kätte. 1885 a.\n\nM.Pulst XXX\n\nSellega lõppes kohus.\n\nEesistnik: J.Pusse XXX\n\nKohtumees: J.Nerjusson XXX\n\nKohtumees: T.Kuller XXX\n\nKirj. J.Heinrichson\n\n\n", "meta": {"origin_directory": "vallakohus_kolmas/"}, "layers": [{"name": "gold_ner", "attributes": ["nertag"], "parent": null, "enveloping": null, "ambiguous": false, "serialisation_module": null, "meta": {}, "spans": [{"base_span": [30, 34], "annotations": [{"nertag": "LOC_ORG"}]}, {"base_span": [35, 53], "annotations": [{"nertag": "PER"}]}, {"base_span": [61, 73], "annotations": [{"nertag": "PER"}]}, {"base_span": [99, 117], "annotations": [{"nertag": "PER"}]}, {"base_span": [259, 277], "annotations": [{"nertag": "PER"}]}, {"base_span": [312, 327], "annotations": [{"nertag": "PER"}]}, {"base_span": [382, 390], "annotations": [{"nertag": "PER"}]}, {"base_span": [454, 461], "annotations": [{"nertag": "PER"}]}, {"base_span": [492, 499], "annotations": [{"nertag": "PER"}]}, {"base_span": [539, 546], "annotations": [{"nertag": "PER"}]}, {"base_span": [563, 574], "annotations": [{"nertag": "PER"}]}, {"base_span": [591, 599], "annotations": [{"nertag": "PER"}]}, {"base_span": [611, 624], "annotations": [{"nertag": "PER"}]}]}, {"name": "gold_wordner", "attributes": ["nertag"], "parent": null, "enveloping": null, "ambiguous": false, "serialisation_module": null, "meta": {}, "spans": [{"base_span": [1, 10], "annotations": [{"nertag": "O"}]}, {"base_span": [11, 12], "annotations": [{"nertag": "O"}]}, {"base_span": [12, 13], "annotations": [{"nertag": "O"}]}, {"base_span": [14, 15], "annotations": [{"nertag": "O"}]}, {"base_span": [16, 19], "annotations": [{"nertag": "O"}]}, {"base_span": [20, 21], "annotations": [{"nertag": "O"}]}, {"base_span": [21, 22], "annotations": [{"nertag": "O"}]}, {"base_span": [22, 23], "annotations": [{"nertag": "O"}]}, {"base_span": [23, 24], "annotations": [{"nertag": "O"}]}, {"base_span": [25, 29], "annotations": [{"nertag": "O"}]}, {"base_span": [30, 34], "annotations": [{"nertag": "B-LOC_ORG"}]}, {"base_span": [35, 41], "annotations": [{"nertag": "B-PER"}]}, {"base_span": [42, 53], "annotations": [{"nertag": "I-PER"}]}, {"base_span": [54, 60], "annotations": [{"nertag": "O"}]}, {"base_span": [61, 67], "annotations": [{"nertag": "B-PER"}]}, {"base_span": [68, 73], "annotations": [{"nertag": "I-PER"}]}, {"base_span": [74, 78], "annotations": [{"nertag": "O"}]}, {"base_span": [79, 81], "annotations": [{"nertag": "O"}]}, {"base_span": [83, 88], "annotations": [{"nertag": "O"}]}, {"base_span": [88, 89], "annotations": [{"nertag": "O"}]}, {"base_span": [90, 92], "annotations": [{"nertag": "O"}]}, {"base_span": [93, 98], "annotations": [{"nertag": "O"}]}, {"base_span": [99, 105], "annotations": [{"nertag": "B-PER"}]}, {"base_span": [106, 117], "annotations": [{"nertag": "I-PER"}]}, {"base_span": [118, 125], "annotations": [{"nertag": "O"}]}, {"base_span": [126, 132], "annotations": [{"nertag": "O"}]}, {"base_span": [133, 137], "annotations": [{"nertag": "O"}]}, {"base_span": [138, 144], "annotations": [{"nertag": "O"}]}, {"base_span": [145, 150], "annotations": [{"nertag": "O"}]}, {"base_span": [151, 155], "annotations": [{"nertag": "O"}]}, {"base_span": [156, 160], "annotations": [{"nertag": "O"}]}, {"base_span": [161, 166], "annotations": [{"nertag": "O"}]}, {"base_span": [167, 172], "annotations": [{"nertag": "O"}]}, {"base_span": [173, 178], "annotations": [{"nertag": "O"}]}, {"base_span": [179, 183], "annotations": [{"nertag": "O"}]}, {"base_span": [184, 186], "annotations": [{"nertag": "O"}]}, {"base_span": [187, 192], "annotations": [{"nertag": "O"}]}, {"base_span": [193, 198], "annotations": [{"nertag": "O"}]}, {"base_span": [199, 206], "annotations": [{"nertag": "O"}]}, {"base_span": [206, 207], "annotations": [{"nertag": "O"}]}, {"base_span": [209, 212], "annotations": [{"nertag": "O"}]}, {"base_span": [213, 222], "annotations": [{"nertag": "O"}]}, {"base_span": [222, 223], "annotations": [{"nertag": "O"}]}, {"base_span": [225, 229], "annotations": [{"nertag": "O"}]}, {"base_span": [230, 233], "annotations": [{"nertag": "O"}]}, {"base_span": [234, 242], "annotations": [{"nertag": "O"}]}, {"base_span": [243, 254], "annotations": [{"nertag": "O"}]}, {"base_span": [255, 258], "annotations": [{"nertag": "O"}]}, {"base_span": [259, 265], "annotations": [{"nertag": "B-PER"}]}, {"base_span": [266, 277], "annotations": [{"nertag": "I-PER"}]}, {"base_span": [278, 285], "annotations": [{"nertag": "O"}]}, {"base_span": [286, 288], "annotations": [{"nertag": "O"}]}, {"base_span": [289, 295], "annotations": [{"nertag": "O"}]}, {"base_span": [296, 305], "annotations": [{"nertag": "O"}]}, {"base_span": [305, 306], "annotations": [{"nertag": "O"}]}, {"base_span": [307, 311], "annotations": [{"nertag": "O"}]}, {"base_span": [312, 318], "annotations": [{"nertag": "B-PER"}]}, {"base_span": [319, 327], "annotations": [{"nertag": "I-PER"}]}, {"base_span": [328, 330], "annotations": [{"nertag": "O"}]}, {"base_span": [331, 336], "annotations": [{"nertag": "O"}]}, {"base_span": [337, 341], "annotations": [{"nertag": "O"}]}, {"base_span": [342, 344], "annotations": [{"nertag": "O"}]}, {"base_span": [345, 350], "annotations": [{"nertag": "O"}]}, {"base_span": [351, 356], "annotations": [{"nertag": "O"}]}, {"base_span": [357, 365], "annotations": [{"nertag": "O"}]}, {"base_span": [365, 366], "annotations": [{"nertag": "O"}]}, {"base_span": [368, 371], "annotations": [{"nertag": "O"}]}, {"base_span": [372, 377], "annotations": [{"nertag": "O"}]}, {"base_span": [378, 381], "annotations": [{"nertag": "O"}]}, {"base_span": [382, 383], "annotations": [{"nertag": "B-PER"}]}, {"base_span": [383, 384], "annotations": [{"nertag": "I-PER"}]}, {"base_span": [384, 390], "annotations": [{"nertag": "I-PER"}]}, {"base_span": [391, 400], "annotations": [{"nertag": "O"}]}, {"base_span": [401, 402], "annotations": [{"nertag": "O"}]}, {"base_span": [403, 404], "annotations": [{"nertag": "O"}]}, {"base_span": [405, 406], "annotations": [{"nertag": "O"}]}, {"base_span": [406, 407], "annotations": [{"nertag": "O"}]}, {"base_span": [408, 412], "annotations": [{"nertag": "O"}]}, {"base_span": [413, 418], "annotations": [{"nertag": "O"}]}, {"base_span": [419, 423], "annotations": [{"nertag": "O"}]}, {"base_span": [424, 429], "annotations": [{"nertag": "O"}]}, {"base_span": [430, 432], "annotations": [{"nertag": "O"}]}, {"base_span": [433, 435], "annotations": [{"nertag": "O"}]}, {"base_span": [436, 441], "annotations": [{"nertag": "O"}]}, {"base_span": [442, 444], "annotations": [{"nertag": "O"}]}, {"base_span": [445, 448], "annotations": [{"nertag": "O"}]}, {"base_span": [448, 449], "annotations": [{"nertag": "O"}]}, {"base_span": [450, 453], "annotations": [{"nertag": "O"}]}, {"base_span": [454, 455], "annotations": [{"nertag": "B-PER"}]}, {"base_span": [455, 456], "annotations": [{"nertag": "I-PER"}]}, {"base_span": [456, 461], "annotations": [{"nertag": "I-PER"}]}, {"base_span": [462, 465], "annotations": [{"nertag": "O"}]}, {"base_span": [466, 475], "annotations": [{"nertag": "O"}]}, {"base_span": [476, 481], "annotations": [{"nertag": "O"}]}, {"base_span": [481, 482], "annotations": [{"nertag": "O"}]}, {"base_span": [483, 487], "annotations": [{"nertag": "O"}]}, {"base_span": [488, 489], "annotations": [{"nertag": "O"}]}, {"base_span": [489, 490], "annotations": [{"nertag": "O"}]}, {"base_span": [492, 493], "annotations": [{"nertag": "B-PER"}]}, {"base_span": [493, 494], "annotations": [{"nertag": "I-PER"}]}, {"base_span": [494, 499], "annotations": [{"nertag": "I-PER"}]}, {"base_span": [500, 503], "annotations": [{"nertag": "O"}]}, {"base_span": [505, 512], "annotations": [{"nertag": "O"}]}, {"base_span": [513, 519], "annotations": [{"nertag": "O"}]}, {"base_span": [520, 525], "annotations": [{"nertag": "O"}]}, {"base_span": [525, 526], "annotations": [{"nertag": "O"}]}, {"base_span": [528, 537], "annotations": [{"nertag": "O"}]}, {"base_span": [537, 538], "annotations": [{"nertag": "O"}]}, {"base_span": [539, 540], "annotations": [{"nertag": "B-PER"}]}, {"base_span": [540, 541], "annotations": [{"nertag": "I-PER"}]}, {"base_span": [541, 546], "annotations": [{"nertag": "I-PER"}]}, {"base_span": [547, 550], "annotations": [{"nertag": "O"}]}, {"base_span": [552, 561], "annotations": [{"nertag": "O"}]}, {"base_span": [561, 562], "annotations": [{"nertag": "O"}]}, {"base_span": [563, 564], "annotations": [{"nertag": "B-PER"}]}, {"base_span": [564, 565], "annotations": [{"nertag": "I-PER"}]}, {"base_span": [565, 574], "annotations": [{"nertag": "I-PER"}]}, {"base_span": [575, 578], "annotations": [{"nertag": "O"}]}, {"base_span": [580, 589], "annotations": [{"nertag": "O"}]}, {"base_span": [589, 590], "annotations": [{"nertag": "O"}]}, {"base_span": [591, 592], "annotations": [{"nertag": "B-PER"}]}, {"base_span": [592, 593], "annotations": [{"nertag": "I-PER"}]}, {"base_span": [593, 599], "annotations": [{"nertag": "I-PER"}]}, {"base_span": [600, 603], "annotations": [{"nertag": "O"}]}, {"base_span": [605, 609], "annotations": [{"nertag": "O"}]}, {"base_span": [609, 610], "annotations": [{"nertag": "O"}]}, {"base_span": [611, 612], "annotations": [{"nertag": "B-PER"}]}, {"base_span": [612, 613], "annotations": [{"nertag": "I-PER"}]}, {"base_span": [613, 624], "annotations": [{"nertag": "I-PER"}]}]}]}