{"text": "\nAd. No 155, 169, 187 kohtukäiad ettetulnud.\n\nTunnistus sai kuulutud.\n\nKarl Reimann palub tähele panna, et kaupa sugugi ei ole olnud, kui palju rükid maha tegema pidanud.\n\nMuud ei olnud ette tuua.\n\nLasti eest ja mõisteti: \n\nSander Andringi tunnistuse põhjusel peab Karl Reimann Peeter Tõõtsowile külimata jäetud 1/3 wakamaa rüki maa eest 2 wakka rükkid 14 päewa sees wälja maksma, sest et tõeks ei ole teinud, et muist rüga wee all olnud ja et seda wastu wõtnud ei ole.\n\nOtsus sai apellationi seadustega kuulutud.\n\n \n\n\n", "meta": {"origin_directory": "vallakohus_neljas/"}, "layers": [{"name": "gold_ner", "attributes": ["nertag"], "parent": null, "enveloping": null, "ambiguous": false, "serialisation_module": null, "meta": {}, "spans": [{"base_span": [71, 83], "annotations": [{"nertag": "PER"}]}, {"base_span": [224, 239], "annotations": [{"nertag": "PER"}]}, {"base_span": [265, 277], "annotations": [{"nertag": "PER"}]}, {"base_span": [278, 295], "annotations": [{"nertag": "PER"}]}]}, {"name": "gold_wordner", "attributes": ["nertag"], "parent": null, "enveloping": null, "ambiguous": false, "serialisation_module": null, "meta": {}, "spans": [{"base_span": [1, 3], "annotations": [{"nertag": "O"}]}, {"base_span": [3, 4], "annotations": [{"nertag": "O"}]}, {"base_span": [5, 7], "annotations": [{"nertag": "O"}]}, {"base_span": [8, 11], "annotations": [{"nertag": "O"}]}, {"base_span": [11, 12], "annotations": [{"nertag": "O"}]}, {"base_span": [13, 16], "annotations": [{"nertag": "O"}]}, {"base_span": [16, 17], "annotations": [{"nertag": "O"}]}, {"base_span": [18, 21], "annotations": [{"nertag": "O"}]}, {"base_span": [22, 32], "annotations": [{"nertag": "O"}]}, {"base_span": [33, 43], "annotations": [{"nertag": "O"}]}, {"base_span": [43, 44], "annotations": [{"nertag": "O"}]}, {"base_span": [46, 55], "annotations": [{"nertag": "O"}]}, {"base_span": [56, 59], "annotations": [{"nertag": "O"}]}, {"base_span": [60, 68], "annotations": [{"nertag": "O"}]}, {"base_span": [68, 69], "annotations": [{"nertag": "O"}]}, {"base_span": [71, 75], "annotations": [{"nertag": "B-PER"}]}, {"base_span": [76, 83], "annotations": [{"nertag": "I-PER"}]}, {"base_span": [84, 89], "annotations": [{"nertag": "O"}]}, {"base_span": [90, 96], "annotations": [{"nertag": "O"}]}, {"base_span": [97, 102], "annotations": [{"nertag": "O"}]}, {"base_span": [102, 103], "annotations": [{"nertag": "O"}]}, {"base_span": [104, 106], "annotations": [{"nertag": "O"}]}, {"base_span": [107, 112], "annotations": [{"nertag": "O"}]}, {"base_span": [113, 119], "annotations": [{"nertag": "O"}]}, {"base_span": [120, 122], "annotations": [{"nertag": "O"}]}, {"base_span": [123, 126], "annotations": [{"nertag": "O"}]}, {"base_span": [127, 132], "annotations": [{"nertag": "O"}]}, {"base_span": [132, 133], "annotations": [{"nertag": "O"}]}, {"base_span": [134, 137], "annotations": [{"nertag": "O"}]}, {"base_span": [138, 143], "annotations": [{"nertag": "O"}]}, {"base_span": [144, 149], "annotations": [{"nertag": "O"}]}, {"base_span": [150, 154], "annotations": [{"nertag": "O"}]}, {"base_span": [155, 161], "annotations": [{"nertag": "O"}]}, {"base_span": [162, 169], "annotations": [{"nertag": "O"}]}, {"base_span": [169, 170], "annotations": [{"nertag": "O"}]}, {"base_span": [172, 176], "annotations": [{"nertag": "O"}]}, {"base_span": [177, 179], "annotations": [{"nertag": "O"}]}, {"base_span": [180, 185], "annotations": [{"nertag": "O"}]}, {"base_span": [186, 190], "annotations": [{"nertag": "O"}]}, {"base_span": [191, 195], "annotations": [{"nertag": "O"}]}, {"base_span": [195, 196], "annotations": [{"nertag": "O"}]}, {"base_span": [198, 203], "annotations": [{"nertag": "O"}]}, {"base_span": [204, 208], "annotations": [{"nertag": "O"}]}, {"base_span": [209, 211], "annotations": [{"nertag": "O"}]}, {"base_span": [212, 220], "annotations": [{"nertag": "O"}]}, {"base_span": [220, 221], "annotations": [{"nertag": "O"}]}, {"base_span": [224, 230], "annotations": [{"nertag": "B-PER"}]}, {"base_span": [231, 239], "annotations": [{"nertag": "I-PER"}]}, {"base_span": [240, 250], "annotations": [{"nertag": "O"}]}, {"base_span": [251, 259], "annotations": [{"nertag": "O"}]}, {"base_span": [260, 264], "annotations": [{"nertag": "O"}]}, {"base_span": [265, 269], "annotations": [{"nertag": "B-PER"}]}, {"base_span": [270, 277], "annotations": [{"nertag": "I-PER"}]}, {"base_span": [278, 284], "annotations": [{"nertag": "B-PER"}]}, {"base_span": [285, 295], "annotations": [{"nertag": "I-PER"}]}, {"base_span": [296, 304], "annotations": [{"nertag": "O"}]}, {"base_span": [305, 311], "annotations": [{"nertag": "O"}]}, {"base_span": [312, 313], "annotations": [{"nertag": "O"}]}, {"base_span": [313, 314], "annotations": [{"nertag": "O"}]}, {"base_span": [314, 315], "annotations": [{"nertag": "O"}]}, {"base_span": [316, 323], "annotations": [{"nertag": "O"}]}, {"base_span": [324, 328], "annotations": [{"nertag": "O"}]}, {"base_span": [329, 332], "annotations": [{"nertag": "O"}]}, {"base_span": [333, 337], "annotations": [{"nertag": "O"}]}, {"base_span": [338, 339], "annotations": [{"nertag": "O"}]}, {"base_span": [340, 345], "annotations": [{"nertag": "O"}]}, {"base_span": [346, 352], "annotations": [{"nertag": "O"}]}, {"base_span": [353, 355], "annotations": [{"nertag": "O"}]}, {"base_span": [356, 361], "annotations": [{"nertag": "O"}]}, {"base_span": [362, 366], "annotations": [{"nertag": "O"}]}, {"base_span": [367, 372], "annotations": [{"nertag": "O"}]}, {"base_span": [373, 379], "annotations": [{"nertag": "O"}]}, {"base_span": [379, 380], "annotations": [{"nertag": "O"}]}, {"base_span": [381, 385], "annotations": [{"nertag": "O"}]}, {"base_span": [386, 388], "annotations": [{"nertag": "O"}]}, {"base_span": [389, 394], "annotations": [{"nertag": "O"}]}, {"base_span": [395, 397], "annotations": [{"nertag": "O"}]}, {"base_span": [398, 401], "annotations": [{"nertag": "O"}]}, {"base_span": [402, 408], "annotations": [{"nertag": "O"}]}, {"base_span": [408, 409], "annotations": [{"nertag": "O"}]}, {"base_span": [410, 412], "annotations": [{"nertag": "O"}]}, {"base_span": [413, 418], "annotations": [{"nertag": "O"}]}, {"base_span": [419, 423], "annotations": [{"nertag": "O"}]}, {"base_span": [424, 427], "annotations": [{"nertag": "O"}]}, {"base_span": [428, 431], "annotations": [{"nertag": "O"}]}, {"base_span": [432, 437], "annotations": [{"nertag": "O"}]}, {"base_span": [438, 440], "annotations": [{"nertag": "O"}]}, {"base_span": [441, 443], "annotations": [{"nertag": "O"}]}, {"base_span": [444, 448], "annotations": [{"nertag": "O"}]}, {"base_span": [449, 454], "annotations": [{"nertag": "O"}]}, {"base_span": [455, 461], "annotations": [{"nertag": "O"}]}, {"base_span": [462, 464], "annotations": [{"nertag": "O"}]}, {"base_span": [465, 468], "annotations": [{"nertag": "O"}]}, {"base_span": [468, 469], "annotations": [{"nertag": "O"}]}, {"base_span": [471, 476], "annotations": [{"nertag": "O"}]}, {"base_span": [477, 480], "annotations": [{"nertag": "O"}]}, {"base_span": [481, 492], "annotations": [{"nertag": "O"}]}, {"base_span": [493, 503], "annotations": [{"nertag": "O"}]}, {"base_span": [504, 512], "annotations": [{"nertag": "O"}]}, {"base_span": [512, 513], "annotations": [{"nertag": "O"}]}]}]}