{"text": "\nLäksid Koggokonna Kohtumehhed Õntsa Wälja Otsa Hantso majas, kes jubba selle kewwadel ärra surnud, ning temma lesk selle sui sedda maja sullase Kaarlega üksi piddanud. Lesknaine Kadri, ning temma peigmees Karel said lojused ning muud ello maia asjad kirja pantud, ning rahha peäle ärra arwatud.\n\n1 nelja aastane Ruun hobbone\n   50 Rubla ---kop\n  \n\n1 kue aastane märra  --\"--\n   40---\"---\n  \n\n1 härg\n   40---\"---\n  \n\n1 lehma mullikas\n   15 ---\"---\n  \n\n2 pole aastased wassikast\n   11 ---\"---\n  \n\n10 wanna lammast\n   30---\"---\n  \n\n2 kolme aastast sigga\n   16 ---\"---\n  \n\n11 tindi 2 --- mõrda\n   20---\"---\n  \n\nPissukessed ello maja raud riistad kirwed, ööwled, ohhertid, wikkatid\n   7 ---\"---\n  \n\n2 Adra\n   3---\"---\n  \n\n3 padda\n   7 --50--\n  \n\n   239 Rub 50 kopp\n  \n\nIlma arro piddamatta jäwad\n\n3 kaela rahha\n  \n\n2 uut kube\n  \n\n1 uus kassukas\n  \n\nSelle maja peäle olli wõlga wälja maksa\n\nMõisa Herrale\n   30 Rubla 5 kop\n  \n\nPitre Hendrekile\n    4    ---\"---\n  \n\nSaia Kottart\n   27   ---\"---\n  \n\nSe perremees Kaarle selle sui sees Sinna majsse ostnud\n   \n  \n\n10 wakka Rukkid\n   63 ---\"---\n  \n\n2 wakka jahhu\n   11 ---\"---\n  \n\npool pütt sola\n   9 -- 50 --\n  \n\n   144 Rub 55 kop.\n  \n\n\n", "meta": {"origin_directory": "vallakohus_neljas/"}, "layers": [{"name": "gold_ner", "attributes": ["nertag"], "parent": null, "enveloping": null, "ambiguous": false, "serialisation_module": null, "meta": {}, "spans": [{"base_span": [37, 47], "annotations": [{"nertag": "LOC_ORG"}]}, {"base_span": [48, 54], "annotations": [{"nertag": "PER"}]}, {"base_span": [145, 153], "annotations": [{"nertag": "PER"}]}, {"base_span": [179, 184], "annotations": [{"nertag": "PER"}]}, {"base_span": [206, 211], "annotations": [{"nertag": "PER"}]}, {"base_span": [922, 927], "annotations": [{"nertag": "LOC_ORG"}]}, {"base_span": [928, 938], "annotations": [{"nertag": "PER"}]}, {"base_span": [1006, 1012], "annotations": [{"nertag": "PER"}]}]}, {"name": "gold_wordner", "attributes": ["nertag"], "parent": null, "enveloping": null, "ambiguous": false, "serialisation_module": null, "meta": {}, "spans": [{"base_span": [1, 7], "annotations": [{"nertag": "O"}]}, {"base_span": [8, 18], "annotations": [{"nertag": "O"}]}, {"base_span": [19, 30], "annotations": [{"nertag": "O"}]}, {"base_span": [31, 36], "annotations": [{"nertag": "O"}]}, {"base_span": [37, 42], "annotations": [{"nertag": "B-LOC_ORG"}]}, {"base_span": [43, 47], "annotations": [{"nertag": "I-LOC_ORG"}]}, {"base_span": [48, 54], "annotations": [{"nertag": "B-PER"}]}, {"base_span": [55, 60], "annotations": [{"nertag": "O"}]}, {"base_span": [60, 61], "annotations": [{"nertag": "O"}]}, {"base_span": [62, 65], "annotations": [{"nertag": "O"}]}, {"base_span": [66, 71], "annotations": [{"nertag": "O"}]}, {"base_span": [72, 77], "annotations": [{"nertag": "O"}]}, {"base_span": [78, 86], "annotations": [{"nertag": "O"}]}, {"base_span": [87, 91], "annotations": [{"nertag": "O"}]}, {"base_span": [92, 98], "annotations": [{"nertag": "O"}]}, {"base_span": [98, 99], "annotations": [{"nertag": "O"}]}, {"base_span": [100, 104], "annotations": [{"nertag": "O"}]}, {"base_span": [105, 110], "annotations": [{"nertag": "O"}]}, {"base_span": [111, 115], "annotations": [{"nertag": "O"}]}, {"base_span": [116, 121], "annotations": [{"nertag": "O"}]}, {"base_span": [122, 125], "annotations": [{"nertag": "O"}]}, {"base_span": [126, 131], "annotations": [{"nertag": "O"}]}, {"base_span": [132, 136], "annotations": [{"nertag": "O"}]}, {"base_span": [137, 144], "annotations": [{"nertag": "O"}]}, {"base_span": [145, 153], "annotations": [{"nertag": "B-PER"}]}, {"base_span": [154, 158], "annotations": [{"nertag": "O"}]}, {"base_span": [159, 167], "annotations": [{"nertag": "O"}]}, {"base_span": [167, 168], "annotations": [{"nertag": "O"}]}, {"base_span": [169, 178], "annotations": [{"nertag": "O"}]}, {"base_span": [179, 184], "annotations": [{"nertag": "B-PER"}]}, {"base_span": [184, 185], "annotations": [{"nertag": "O"}]}, {"base_span": [186, 190], "annotations": [{"nertag": "O"}]}, {"base_span": [191, 196], "annotations": [{"nertag": "O"}]}, {"base_span": [197, 205], "annotations": [{"nertag": "O"}]}, {"base_span": [206, 211], "annotations": [{"nertag": "B-PER"}]}, {"base_span": [212, 216], "annotations": [{"nertag": "O"}]}, {"base_span": [217, 224], "annotations": [{"nertag": "O"}]}, {"base_span": [225, 229], "annotations": [{"nertag": "O"}]}, {"base_span": [230, 234], "annotations": [{"nertag": "O"}]}, {"base_span": [235, 239], "annotations": [{"nertag": "O"}]}, {"base_span": [240, 244], "annotations": [{"nertag": "O"}]}, {"base_span": [245, 250], "annotations": [{"nertag": "O"}]}, {"base_span": [251, 256], "annotations": [{"nertag": "O"}]}, {"base_span": [257, 263], "annotations": [{"nertag": "O"}]}, {"base_span": [263, 264], "annotations": [{"nertag": "O"}]}, {"base_span": [265, 269], "annotations": [{"nertag": "O"}]}, {"base_span": [270, 275], "annotations": [{"nertag": "O"}]}, {"base_span": [276, 281], "annotations": [{"nertag": "O"}]}, {"base_span": [282, 286], "annotations": [{"nertag": "O"}]}, {"base_span": [287, 294], "annotations": [{"nertag": "O"}]}, {"base_span": [294, 295], "annotations": [{"nertag": "O"}]}, {"base_span": [297, 298], "annotations": [{"nertag": "O"}]}, {"base_span": [299, 304], "annotations": [{"nertag": "O"}]}, {"base_span": [305, 312], "annotations": [{"nertag": "O"}]}, {"base_span": [313, 317], "annotations": [{"nertag": "O"}]}, {"base_span": [318, 325], "annotations": [{"nertag": "O"}]}, {"base_span": [329, 331], "annotations": [{"nertag": "O"}]}, {"base_span": [332, 337], "annotations": [{"nertag": "O"}]}, {"base_span": [338, 339], "annotations": [{"nertag": "O"}]}, {"base_span": [339, 340], "annotations": [{"nertag": "O"}]}, {"base_span": [340, 341], "annotations": [{"nertag": "O"}]}, {"base_span": [341, 344], "annotations": [{"nertag": "O"}]}, {"base_span": [349, 350], "annotations": [{"nertag": "O"}]}, {"base_span": [351, 354], "annotations": [{"nertag": "O"}]}, {"base_span": [355, 362], "annotations": [{"nertag": "O"}]}, {"base_span": [363, 368], "annotations": [{"nertag": "O"}]}, {"base_span": [370, 371], "annotations": [{"nertag": "O"}]}, {"base_span": [371, 372], "annotations": [{"nertag": "O"}]}, {"base_span": [372, 373], "annotations": [{"nertag": "O"}]}, {"base_span": [373, 374], "annotations": [{"nertag": "O"}]}, {"base_span": [374, 375], "annotations": [{"nertag": "O"}]}, {"base_span": [379, 381], "annotations": [{"nertag": "O"}]}, {"base_span": [381, 382], "annotations": [{"nertag": "O"}]}, {"base_span": [382, 383], "annotations": [{"nertag": "O"}]}, {"base_span": [383, 384], "annotations": [{"nertag": "O"}]}, {"base_span": [384, 385], "annotations": [{"nertag": "O"}]}, {"base_span": [385, 386], "annotations": [{"nertag": "O"}]}, {"base_span": [386, 387], "annotations": [{"nertag": "O"}]}, {"base_span": [387, 388], "annotations": [{"nertag": "O"}]}, {"base_span": [393, 394], "annotations": [{"nertag": "O"}]}, {"base_span": [395, 399], "annotations": [{"nertag": "O"}]}, {"base_span": [403, 405], "annotations": [{"nertag": "O"}]}, {"base_span": [405, 406], "annotations": [{"nertag": "O"}]}, {"base_span": [406, 407], "annotations": [{"nertag": "O"}]}, {"base_span": [407, 408], "annotations": [{"nertag": "O"}]}, {"base_span": [408, 409], "annotations": [{"nertag": "O"}]}, {"base_span": [409, 410], "annotations": [{"nertag": "O"}]}, {"base_span": [410, 411], "annotations": [{"nertag": "O"}]}, {"base_span": [411, 412], "annotations": [{"nertag": "O"}]}, {"base_span": [417, 418], "annotations": [{"nertag": "O"}]}, {"base_span": [419, 424], "annotations": [{"nertag": "O"}]}, {"base_span": [425, 433], "annotations": [{"nertag": "O"}]}, {"base_span": [437, 439], "annotations": [{"nertag": "O"}]}, {"base_span": [440, 441], "annotations": [{"nertag": "O"}]}, {"base_span": [441, 442], "annotations": [{"nertag": "O"}]}, {"base_span": [442, 443], "annotations": [{"nertag": "O"}]}, {"base_span": [443, 444], "annotations": [{"nertag": "O"}]}, {"base_span": [444, 445], "annotations": [{"nertag": "O"}]}, {"base_span": [445, 446], "annotations": [{"nertag": "O"}]}, {"base_span": [446, 447], "annotations": [{"nertag": "O"}]}, {"base_span": [452, 453], "annotations": [{"nertag": "O"}]}, {"base_span": [454, 458], "annotations": [{"nertag": "O"}]}, {"base_span": [459, 467], "annotations": [{"nertag": "O"}]}, {"base_span": [468, 477], "annotations": [{"nertag": "O"}]}, {"base_span": [481, 483], "annotations": [{"nertag": "O"}]}, {"base_span": [484, 485], "annotations": [{"nertag": "O"}]}, {"base_span": [485, 486], "annotations": [{"nertag": "O"}]}, {"base_span": [486, 487], "annotations": [{"nertag": "O"}]}, {"base_span": [487, 488], "annotations": [{"nertag": "O"}]}, {"base_span": [488, 489], "annotations": [{"nertag": "O"}]}, {"base_span": [489, 490], "annotations": [{"nertag": "O"}]}, {"base_span": [490, 491], "annotations": [{"nertag": "O"}]}, {"base_span": [496, 498], "annotations": [{"nertag": "O"}]}, {"base_span": [499, 504], "annotations": [{"nertag": "O"}]}, {"base_span": [505, 512], "annotations": [{"nertag": "O"}]}, {"base_span": [516, 518], "annotations": [{"nertag": "O"}]}, {"base_span": [518, 519], "annotations": [{"nertag": "O"}]}, {"base_span": [519, 520], "annotations": [{"nertag": "O"}]}, {"base_span": [520, 521], "annotations": [{"nertag": "O"}]}, {"base_span": [521, 522], "annotations": [{"nertag": "O"}]}, {"base_span": [522, 523], "annotations": [{"nertag": "O"}]}, {"base_span": [523, 524], "annotations": [{"nertag": "O"}]}, {"base_span": [524, 525], "annotations": [{"nertag": "O"}]}, {"base_span": [530, 531], "annotations": [{"nertag": "O"}]}, {"base_span": [532, 537], "annotations": [{"nertag": "O"}]}, {"base_span": [538, 545], "annotations": [{"nertag": "O"}]}, {"base_span": [546, 551], "annotations": [{"nertag": "O"}]}, {"base_span": [555, 557], "annotations": [{"nertag": "O"}]}, {"base_span": [558, 559], "annotations": [{"nertag": "O"}]}, {"base_span": [559, 560], "annotations": [{"nertag": "O"}]}, {"base_span": [560, 561], "annotations": [{"nertag": "O"}]}, {"base_span": [561, 562], "annotations": [{"nertag": "O"}]}, {"base_span": [562, 563], "annotations": [{"nertag": "O"}]}, {"base_span": [563, 564], "annotations": [{"nertag": "O"}]}, {"base_span": [564, 565], "annotations": [{"nertag": "O"}]}, {"base_span": [570, 572], "annotations": [{"nertag": "O"}]}, {"base_span": [573, 578], "annotations": [{"nertag": "O"}]}, {"base_span": [579, 580], "annotations": [{"nertag": "O"}]}, {"base_span": [581, 582], "annotations": [{"nertag": "O"}]}, {"base_span": [582, 583], "annotations": [{"nertag": "O"}]}, {"base_span": [583, 584], "annotations": [{"nertag": "O"}]}, {"base_span": [585, 590], "annotations": [{"nertag": "O"}]}, {"base_span": [594, 596], "annotations": [{"nertag": "O"}]}, {"base_span": [596, 597], "annotations": [{"nertag": "O"}]}, {"base_span": [597, 598], "annotations": [{"nertag": "O"}]}, {"base_span": [598, 599], "annotations": [{"nertag": "O"}]}, {"base_span": [599, 600], "annotations": [{"nertag": "O"}]}, {"base_span": [600, 601], "annotations": [{"nertag": "O"}]}, {"base_span": [601, 602], "annotations": [{"nertag": "O"}]}, {"base_span": [602, 603], "annotations": [{"nertag": "O"}]}, {"base_span": [608, 619], "annotations": [{"nertag": "O"}]}, {"base_span": [620, 624], "annotations": [{"nertag": "O"}]}, {"base_span": [625, 629], "annotations": [{"nertag": "O"}]}, {"base_span": [630, 634], "annotations": [{"nertag": "O"}]}, {"base_span": [635, 642], "annotations": [{"nertag": "O"}]}, {"base_span": [643, 649], "annotations": [{"nertag": "O"}]}, {"base_span": [649, 650], "annotations": [{"nertag": "O"}]}, {"base_span": [651, 657], "annotations": [{"nertag": "O"}]}, {"base_span": [657, 658], "annotations": [{"nertag": "O"}]}, {"base_span": [659, 667], "annotations": [{"nertag": "O"}]}, {"base_span": [667, 668], "annotations": [{"nertag": "O"}]}, {"base_span": [669, 677], "annotations": [{"nertag": "O"}]}, {"base_span": [681, 682], "annotations": [{"nertag": "O"}]}, {"base_span": [683, 684], "annotations": [{"nertag": "O"}]}, {"base_span": [684, 685], "annotations": [{"nertag": "O"}]}, {"base_span": [685, 686], "annotations": [{"nertag": "O"}]}, {"base_span": [686, 687], "annotations": [{"nertag": "O"}]}, {"base_span": [687, 688], "annotations": [{"nertag": "O"}]}, {"base_span": [688, 689], "annotations": [{"nertag": "O"}]}, {"base_span": [689, 690], "annotations": [{"nertag": "O"}]}, {"base_span": [695, 696], "annotations": [{"nertag": "O"}]}, {"base_span": [697, 701], "annotations": [{"nertag": "O"}]}, {"base_span": [705, 706], "annotations": [{"nertag": "O"}]}, {"base_span": [706, 707], "annotations": [{"nertag": "O"}]}, {"base_span": [707, 708], "annotations": [{"nertag": "O"}]}, {"base_span": [708, 709], "annotations": [{"nertag": "O"}]}, {"base_span": [709, 710], "annotations": [{"nertag": "O"}]}, {"base_span": [710, 711], "annotations": [{"nertag": "O"}]}, {"base_span": [711, 712], "annotations": [{"nertag": "O"}]}, {"base_span": [712, 713], "annotations": [{"nertag": "O"}]}, {"base_span": [718, 719], "annotations": [{"nertag": "O"}]}, {"base_span": [720, 725], "annotations": [{"nertag": "O"}]}, {"base_span": [729, 730], "annotations": [{"nertag": "O"}]}, {"base_span": [731, 732], "annotations": [{"nertag": "O"}]}, {"base_span": [732, 735], "annotations": [{"nertag": "O"}]}, {"base_span": [735, 736], "annotations": [{"nertag": "O"}]}, {"base_span": [736, 737], "annotations": [{"nertag": "O"}]}, {"base_span": [745, 748], "annotations": [{"nertag": "O"}]}, {"base_span": [749, 752], "annotations": [{"nertag": "O"}]}, {"base_span": [753, 755], "annotations": [{"nertag": "O"}]}, {"base_span": [756, 760], "annotations": [{"nertag": "O"}]}, {"base_span": [765, 769], "annotations": [{"nertag": "O"}]}, {"base_span": [770, 774], "annotations": [{"nertag": "O"}]}, {"base_span": [775, 785], "annotations": [{"nertag": "O"}]}, {"base_span": [786, 791], "annotations": [{"nertag": "O"}]}, {"base_span": [793, 794], "annotations": [{"nertag": "O"}]}, {"base_span": [795, 800], "annotations": [{"nertag": "O"}]}, {"base_span": [801, 806], "annotations": [{"nertag": "O"}]}, {"base_span": [811, 812], "annotations": [{"nertag": "O"}]}, {"base_span": [813, 816], "annotations": [{"nertag": "O"}]}, {"base_span": [817, 821], "annotations": [{"nertag": "O"}]}, {"base_span": [826, 827], "annotations": [{"nertag": "O"}]}, {"base_span": [828, 831], "annotations": [{"nertag": "O"}]}, {"base_span": [832, 840], "annotations": [{"nertag": "O"}]}, {"base_span": [845, 850], "annotations": [{"nertag": "O"}]}, {"base_span": [851, 855], "annotations": [{"nertag": "O"}]}, {"base_span": [856, 861], "annotations": [{"nertag": "O"}]}, {"base_span": [862, 866], "annotations": [{"nertag": "O"}]}, {"base_span": [867, 872], "annotations": [{"nertag": "O"}]}, {"base_span": [873, 878], "annotations": [{"nertag": "O"}]}, {"base_span": [879, 884], "annotations": [{"nertag": "O"}]}, {"base_span": [886, 891], "annotations": [{"nertag": "O"}]}, {"base_span": [892, 899], "annotations": [{"nertag": "O"}]}, {"base_span": [903, 905], "annotations": [{"nertag": "O"}]}, {"base_span": [906, 911], "annotations": [{"nertag": "O"}]}, {"base_span": [912, 913], "annotations": [{"nertag": "O"}]}, {"base_span": [914, 917], "annotations": [{"nertag": "O"}]}, {"base_span": [922, 927], "annotations": [{"nertag": "B-LOC_ORG"}]}, {"base_span": [928, 938], "annotations": [{"nertag": "B-PER"}]}, {"base_span": [943, 944], "annotations": [{"nertag": "O"}]}, {"base_span": [948, 949], "annotations": [{"nertag": "O"}]}, {"base_span": [949, 950], "annotations": [{"nertag": "O"}]}, {"base_span": [950, 951], "annotations": [{"nertag": "O"}]}, {"base_span": [951, 952], "annotations": [{"nertag": "O"}]}, {"base_span": [952, 953], "annotations": [{"nertag": "O"}]}, {"base_span": [953, 954], "annotations": [{"nertag": "O"}]}, {"base_span": [954, 955], "annotations": [{"nertag": "O"}]}, {"base_span": [960, 964], "annotations": [{"nertag": "O"}]}, {"base_span": [965, 972], "annotations": [{"nertag": "O"}]}, {"base_span": [976, 978], "annotations": [{"nertag": "O"}]}, {"base_span": [981, 982], "annotations": [{"nertag": "O"}]}, {"base_span": [982, 983], "annotations": [{"nertag": "O"}]}, {"base_span": [983, 984], "annotations": [{"nertag": "O"}]}, {"base_span": [984, 985], "annotations": [{"nertag": "O"}]}, {"base_span": [985, 986], "annotations": [{"nertag": "O"}]}, {"base_span": [986, 987], "annotations": [{"nertag": "O"}]}, {"base_span": [987, 988], "annotations": [{"nertag": "O"}]}, {"base_span": [993, 995], "annotations": [{"nertag": "O"}]}, {"base_span": [996, 1005], "annotations": [{"nertag": "O"}]}, {"base_span": [1006, 1012], "annotations": [{"nertag": "B-PER"}]}, {"base_span": [1013, 1018], "annotations": [{"nertag": "O"}]}, {"base_span": [1019, 1022], "annotations": [{"nertag": "O"}]}, {"base_span": [1023, 1027], "annotations": [{"nertag": "O"}]}, {"base_span": [1028, 1033], "annotations": [{"nertag": "O"}]}, {"base_span": [1034, 1040], "annotations": [{"nertag": "O"}]}, {"base_span": [1041, 1047], "annotations": [{"nertag": "O"}]}, {"base_span": [1056, 1058], "annotations": [{"nertag": "O"}]}, {"base_span": [1059, 1064], "annotations": [{"nertag": "O"}]}, {"base_span": [1065, 1071], "annotations": [{"nertag": "O"}]}, {"base_span": [1075, 1077], "annotations": [{"nertag": "O"}]}, {"base_span": [1078, 1079], "annotations": [{"nertag": "O"}]}, {"base_span": [1079, 1080], "annotations": [{"nertag": "O"}]}, {"base_span": [1080, 1081], "annotations": [{"nertag": "O"}]}, {"base_span": [1081, 1082], "annotations": [{"nertag": "O"}]}, {"base_span": [1082, 1083], "annotations": [{"nertag": "O"}]}, {"base_span": [1083, 1084], "annotations": [{"nertag": "O"}]}, {"base_span": [1084, 1085], "annotations": [{"nertag": "O"}]}, {"base_span": [1090, 1091], "annotations": [{"nertag": "O"}]}, {"base_span": [1092, 1097], "annotations": [{"nertag": "O"}]}, {"base_span": [1098, 1103], "annotations": [{"nertag": "O"}]}, {"base_span": [1107, 1109], "annotations": [{"nertag": "O"}]}, {"base_span": [1110, 1111], "annotations": [{"nertag": "O"}]}, {"base_span": [1111, 1112], "annotations": [{"nertag": "O"}]}, {"base_span": [1112, 1113], "annotations": [{"nertag": "O"}]}, {"base_span": [1113, 1114], "annotations": [{"nertag": "O"}]}, {"base_span": [1114, 1115], "annotations": [{"nertag": "O"}]}, {"base_span": [1115, 1116], "annotations": [{"nertag": "O"}]}, {"base_span": [1116, 1117], "annotations": [{"nertag": "O"}]}, {"base_span": [1122, 1126], "annotations": [{"nertag": "O"}]}, {"base_span": [1127, 1131], "annotations": [{"nertag": "O"}]}, {"base_span": [1132, 1136], "annotations": [{"nertag": "O"}]}, {"base_span": [1140, 1141], "annotations": [{"nertag": "O"}]}, {"base_span": [1142, 1143], "annotations": [{"nertag": "O"}]}, {"base_span": [1143, 1144], "annotations": [{"nertag": "O"}]}, {"base_span": [1145, 1147], "annotations": [{"nertag": "O"}]}, {"base_span": [1148, 1149], "annotations": [{"nertag": "O"}]}, {"base_span": [1149, 1150], "annotations": [{"nertag": "O"}]}, {"base_span": [1158, 1161], "annotations": [{"nertag": "O"}]}, {"base_span": [1162, 1165], "annotations": [{"nertag": "O"}]}, {"base_span": [1166, 1168], "annotations": [{"nertag": "O"}]}, {"base_span": [1169, 1172], "annotations": [{"nertag": "O"}]}, {"base_span": [1172, 1173], "annotations": [{"nertag": "O"}]}]}]}