{"text": "\nSauga Koggokonna Kohhus\n\n1. Arro Jurri Lillemann ütleb siin Koggokonna Kohto ees et temma se 1/2 ? rukkid ja 1/2 Oddrad, mis Wainu Juhhanil arremehhe Jaan Libergil maksta on omma peale agga siis maksta wõttab, kui Juhhani Koht temma peale saab kirjutud.\n\n2. Mihkel Prins naene Ann kaebas, et temma Külanased tedda waggise wargaks tahtnud tehha; mis nenda ette wõtnud, Mihkel Siim ja Jurri Petermann kaewanud et nendel Kartuhwlid warrastud,  ? mehhed tellinud Wollimehhe Jakob Oidermanni ja läinud Mihkel Prinsi sauna otsima ja otsinud  ? õieti holega läbbi egga polle sealt middagi leidnud, Peale selle tunud Jurri Petermanni naene, ja temma mehhe emma Ann ja ütlenud teie ei otsi holega, naesed omma kord otsima ja leidnud warsti  kamre Hakna al sees pool ja wäljal pool mõnned karuhwlid maas, mis agga mehhed essimesse otsimissega mitte polle leidnud. Meeste tunnistusse peal käib se teggu nenda et naised issi need kartuhwlid kotto kasa tõid ja sinna mahha wiskasid, et sell kombel kawwalussega warga nimme saunanaesel tehha.- Pallusid kawwalad lomad ei mut. Kohto ees andes ja Anno sedda lubbanud, ei sanud Kohhus nende kawwalad egga kurja tööd karristama.-\n\n3. Jurri Lagus tulli tänna mitme Kohto kässo järrel Kohto ette ja lubbas temma esmaspä näddala pärrast omma pearahha wahhemaks maksab.-\n\n\n", "meta": {"origin_directory": "vallakohus_teine/"}, "layers": [{"name": "gold_ner", "attributes": ["nertag"], "parent": null, "enveloping": null, "ambiguous": false, "serialisation_module": null, "meta": {}, "spans": [{"base_span": [1, 24], "annotations": [{"nertag": "ORG"}]}, {"base_span": [29, 49], "annotations": [{"nertag": "PER"}]}, {"base_span": [126, 131], "annotations": [{"nertag": "LOC_ORG"}]}, {"base_span": [132, 140], "annotations": [{"nertag": "PER"}]}, {"base_span": [141, 150], "annotations": [{"nertag": "MISC"}]}, {"base_span": [151, 164], "annotations": [{"nertag": "PER"}]}, {"base_span": [215, 222], "annotations": [{"nertag": "PER"}]}, {"base_span": [259, 271], "annotations": [{"nertag": "PER"}]}, {"base_span": [278, 281], "annotations": [{"nertag": "PER"}]}, {"base_span": [369, 380], "annotations": [{"nertag": "PER"}]}, {"base_span": [384, 399], "annotations": [{"nertag": "PER"}]}, {"base_span": [471, 487], "annotations": [{"nertag": "PER"}]}, {"base_span": [498, 511], "annotations": [{"nertag": "PER"}]}, {"base_span": [610, 626], "annotations": [{"nertag": "PER"}]}, {"base_span": [654, 657], "annotations": [{"nertag": "PER"}]}, {"base_span": [1082, 1086], "annotations": [{"nertag": "PER"}]}, {"base_span": [1167, 1178], "annotations": [{"nertag": "PER"}]}]}, {"name": "gold_wordner", "attributes": ["nertag"], "parent": null, "enveloping": null, "ambiguous": false, "serialisation_module": null, "meta": {}, "spans": [{"base_span": [1, 6], "annotations": [{"nertag": "B-ORG"}]}, {"base_span": [7, 17], "annotations": [{"nertag": "I-ORG"}]}, {"base_span": [18, 24], "annotations": [{"nertag": "I-ORG"}]}, {"base_span": [26, 28], "annotations": [{"nertag": "O"}]}, {"base_span": [29, 33], "annotations": [{"nertag": "B-PER"}]}, {"base_span": [34, 39], "annotations": [{"nertag": "I-PER"}]}, {"base_span": [40, 49], "annotations": [{"nertag": "I-PER"}]}, {"base_span": [50, 55], "annotations": [{"nertag": "O"}]}, {"base_span": [56, 60], "annotations": [{"nertag": "O"}]}, {"base_span": [61, 71], "annotations": [{"nertag": "O"}]}, {"base_span": [72, 77], "annotations": [{"nertag": "O"}]}, {"base_span": [78, 81], "annotations": [{"nertag": "O"}]}, {"base_span": [82, 84], "annotations": [{"nertag": "O"}]}, {"base_span": [85, 90], "annotations": [{"nertag": "O"}]}, {"base_span": [91, 93], "annotations": [{"nertag": "O"}]}, {"base_span": [94, 95], "annotations": [{"nertag": "O"}]}, {"base_span": [95, 96], "annotations": [{"nertag": "O"}]}, {"base_span": [96, 97], "annotations": [{"nertag": "O"}]}, {"base_span": [98, 99], "annotations": [{"nertag": "O"}]}, {"base_span": [100, 106], "annotations": [{"nertag": "O"}]}, {"base_span": [107, 109], "annotations": [{"nertag": "O"}]}, {"base_span": [110, 111], "annotations": [{"nertag": "O"}]}, {"base_span": [111, 112], "annotations": [{"nertag": "O"}]}, {"base_span": [112, 113], "annotations": [{"nertag": "O"}]}, {"base_span": [114, 120], "annotations": [{"nertag": "O"}]}, {"base_span": [120, 121], "annotations": [{"nertag": "O"}]}, {"base_span": [122, 125], "annotations": [{"nertag": "O"}]}, {"base_span": [126, 131], "annotations": [{"nertag": "B-LOC_ORG"}]}, {"base_span": [132, 140], "annotations": [{"nertag": "B-PER"}]}, {"base_span": [141, 150], "annotations": [{"nertag": "B-MISC"}]}, {"base_span": [151, 155], "annotations": [{"nertag": "B-PER"}]}, {"base_span": [156, 164], "annotations": [{"nertag": "I-PER"}]}, {"base_span": [165, 171], "annotations": [{"nertag": "O"}]}, {"base_span": [172, 174], "annotations": [{"nertag": "O"}]}, {"base_span": [175, 179], "annotations": [{"nertag": "O"}]}, {"base_span": [180, 185], "annotations": [{"nertag": "O"}]}, {"base_span": [186, 190], "annotations": [{"nertag": "O"}]}, {"base_span": [191, 195], "annotations": [{"nertag": "O"}]}, {"base_span": [196, 202], "annotations": [{"nertag": "O"}]}, {"base_span": [203, 209], "annotations": [{"nertag": "O"}]}, {"base_span": [209, 210], "annotations": [{"nertag": "O"}]}, {"base_span": [211, 214], "annotations": [{"nertag": "O"}]}, {"base_span": [215, 222], "annotations": [{"nertag": "B-PER"}]}, {"base_span": [223, 227], "annotations": [{"nertag": "O"}]}, {"base_span": [228, 233], "annotations": [{"nertag": "O"}]}, {"base_span": [234, 239], "annotations": [{"nertag": "O"}]}, {"base_span": [240, 244], "annotations": [{"nertag": "O"}]}, {"base_span": [245, 253], "annotations": [{"nertag": "O"}]}, {"base_span": [253, 254], "annotations": [{"nertag": "O"}]}, {"base_span": [256, 258], "annotations": [{"nertag": "O"}]}, {"base_span": [259, 265], "annotations": [{"nertag": "B-PER"}]}, {"base_span": [266, 271], "annotations": [{"nertag": "I-PER"}]}, {"base_span": [272, 277], "annotations": [{"nertag": "O"}]}, {"base_span": [278, 281], "annotations": [{"nertag": "B-PER"}]}, {"base_span": [282, 288], "annotations": [{"nertag": "O"}]}, {"base_span": [288, 289], "annotations": [{"nertag": "O"}]}, {"base_span": [290, 292], "annotations": [{"nertag": "O"}]}, {"base_span": [293, 298], "annotations": [{"nertag": "O"}]}, {"base_span": [299, 308], "annotations": [{"nertag": "O"}]}, {"base_span": [309, 314], "annotations": [{"nertag": "O"}]}, {"base_span": [315, 322], "annotations": [{"nertag": "O"}]}, {"base_span": [323, 330], "annotations": [{"nertag": "O"}]}, {"base_span": [331, 338], "annotations": [{"nertag": "O"}]}, {"base_span": [339, 344], "annotations": [{"nertag": "O"}]}, {"base_span": [344, 345], "annotations": [{"nertag": "O"}]}, {"base_span": [346, 349], "annotations": [{"nertag": "O"}]}, {"base_span": [350, 355], "annotations": [{"nertag": "O"}]}, {"base_span": [356, 360], "annotations": [{"nertag": "O"}]}, {"base_span": [361, 367], "annotations": [{"nertag": "O"}]}, {"base_span": [367, 368], "annotations": [{"nertag": "O"}]}, {"base_span": [369, 375], "annotations": [{"nertag": "B-PER"}]}, {"base_span": [376, 380], "annotations": [{"nertag": "I-PER"}]}, {"base_span": [381, 383], "annotations": [{"nertag": "O"}]}, {"base_span": [384, 389], "annotations": [{"nertag": "B-PER"}]}, {"base_span": [390, 399], "annotations": [{"nertag": "I-PER"}]}, {"base_span": [400, 408], "annotations": [{"nertag": "O"}]}, {"base_span": [409, 411], "annotations": [{"nertag": "O"}]}, {"base_span": [412, 418], "annotations": [{"nertag": "O"}]}, {"base_span": [419, 429], "annotations": [{"nertag": "O"}]}, {"base_span": [430, 439], "annotations": [{"nertag": "O"}]}, {"base_span": [439, 440], "annotations": [{"nertag": "O"}]}, {"base_span": [442, 443], "annotations": [{"nertag": "O"}]}, {"base_span": [444, 450], "annotations": [{"nertag": "O"}]}, {"base_span": [451, 459], "annotations": [{"nertag": "O"}]}, {"base_span": [460, 470], "annotations": [{"nertag": "O"}]}, {"base_span": [471, 476], "annotations": [{"nertag": "B-PER"}]}, {"base_span": [477, 487], "annotations": [{"nertag": "I-PER"}]}, {"base_span": [488, 490], "annotations": [{"nertag": "O"}]}, {"base_span": [491, 497], "annotations": [{"nertag": "O"}]}, {"base_span": [498, 504], "annotations": [{"nertag": "B-PER"}]}, {"base_span": [505, 511], "annotations": [{"nertag": "I-PER"}]}, {"base_span": [512, 517], "annotations": [{"nertag": "O"}]}, {"base_span": [518, 524], "annotations": [{"nertag": "O"}]}, {"base_span": [525, 527], "annotations": [{"nertag": "O"}]}, {"base_span": [528, 535], "annotations": [{"nertag": "O"}]}, {"base_span": [537, 538], "annotations": [{"nertag": "O"}]}, {"base_span": [539, 544], "annotations": [{"nertag": "O"}]}, {"base_span": [545, 551], "annotations": [{"nertag": "O"}]}, {"base_span": [552, 557], "annotations": [{"nertag": "O"}]}, {"base_span": [558, 562], "annotations": [{"nertag": "O"}]}, {"base_span": [563, 568], "annotations": [{"nertag": "O"}]}, {"base_span": [569, 574], "annotations": [{"nertag": "O"}]}, {"base_span": [575, 582], "annotations": [{"nertag": "O"}]}, {"base_span": [583, 590], "annotations": [{"nertag": "O"}]}, {"base_span": [590, 591], "annotations": [{"nertag": "O"}]}, {"base_span": [592, 597], "annotations": [{"nertag": "O"}]}, {"base_span": [598, 603], "annotations": [{"nertag": "O"}]}, {"base_span": [604, 609], "annotations": [{"nertag": "O"}]}, {"base_span": [610, 615], "annotations": [{"nertag": "B-PER"}]}, {"base_span": [616, 626], "annotations": [{"nertag": "I-PER"}]}, {"base_span": [627, 632], "annotations": [{"nertag": "O"}]}, {"base_span": [632, 633], "annotations": [{"nertag": "O"}]}, {"base_span": [634, 636], "annotations": [{"nertag": "O"}]}, {"base_span": [637, 642], "annotations": [{"nertag": "O"}]}, {"base_span": [643, 648], "annotations": [{"nertag": "O"}]}, {"base_span": [649, 653], "annotations": [{"nertag": "O"}]}, {"base_span": [654, 657], "annotations": [{"nertag": "B-PER"}]}, {"base_span": [658, 660], "annotations": [{"nertag": "O"}]}, {"base_span": [661, 668], "annotations": [{"nertag": "O"}]}, {"base_span": [669, 673], "annotations": [{"nertag": "O"}]}, {"base_span": [674, 676], "annotations": [{"nertag": "O"}]}, {"base_span": [677, 681], "annotations": [{"nertag": "O"}]}, {"base_span": [682, 688], "annotations": [{"nertag": "O"}]}, {"base_span": [688, 689], "annotations": [{"nertag": "O"}]}, {"base_span": [690, 696], "annotations": [{"nertag": "O"}]}, {"base_span": [697, 701], "annotations": [{"nertag": "O"}]}, {"base_span": [702, 706], "annotations": [{"nertag": "O"}]}, {"base_span": [707, 713], "annotations": [{"nertag": "O"}]}, {"base_span": [714, 716], "annotations": [{"nertag": "O"}]}, {"base_span": [717, 724], "annotations": [{"nertag": "O"}]}, {"base_span": [725, 731], "annotations": [{"nertag": "O"}]}, {"base_span": [733, 738], "annotations": [{"nertag": "O"}]}, {"base_span": [739, 744], "annotations": [{"nertag": "O"}]}, {"base_span": [745, 747], "annotations": [{"nertag": "O"}]}, {"base_span": [748, 752], "annotations": [{"nertag": "O"}]}, {"base_span": [753, 757], "annotations": [{"nertag": "O"}]}, {"base_span": [758, 760], "annotations": [{"nertag": "O"}]}, {"base_span": [761, 767], "annotations": [{"nertag": "O"}]}, {"base_span": [768, 772], "annotations": [{"nertag": "O"}]}, {"base_span": [773, 779], "annotations": [{"nertag": "O"}]}, {"base_span": [780, 789], "annotations": [{"nertag": "O"}]}, {"base_span": [790, 794], "annotations": [{"nertag": "O"}]}, {"base_span": [794, 795], "annotations": [{"nertag": "O"}]}, {"base_span": [796, 799], "annotations": [{"nertag": "O"}]}, {"base_span": [800, 804], "annotations": [{"nertag": "O"}]}, {"base_span": [805, 811], "annotations": [{"nertag": "O"}]}, {"base_span": [812, 821], "annotations": [{"nertag": "O"}]}, {"base_span": [822, 833], "annotations": [{"nertag": "O"}]}, {"base_span": [834, 839], "annotations": [{"nertag": "O"}]}, {"base_span": [840, 845], "annotations": [{"nertag": "O"}]}, {"base_span": [846, 853], "annotations": [{"nertag": "O"}]}, {"base_span": [853, 854], "annotations": [{"nertag": "O"}]}, {"base_span": [855, 861], "annotations": [{"nertag": "O"}]}, {"base_span": [862, 873], "annotations": [{"nertag": "O"}]}, {"base_span": [874, 878], "annotations": [{"nertag": "O"}]}, {"base_span": [879, 883], "annotations": [{"nertag": "O"}]}, {"base_span": [884, 886], "annotations": [{"nertag": "O"}]}, {"base_span": [887, 892], "annotations": [{"nertag": "O"}]}, {"base_span": [893, 898], "annotations": [{"nertag": "O"}]}, {"base_span": [899, 901], "annotations": [{"nertag": "O"}]}, {"base_span": [902, 908], "annotations": [{"nertag": "O"}]}, {"base_span": [909, 913], "annotations": [{"nertag": "O"}]}, {"base_span": [914, 918], "annotations": [{"nertag": "O"}]}, {"base_span": [919, 929], "annotations": [{"nertag": "O"}]}, {"base_span": [930, 935], "annotations": [{"nertag": "O"}]}, {"base_span": [936, 940], "annotations": [{"nertag": "O"}]}, {"base_span": [941, 945], "annotations": [{"nertag": "O"}]}, {"base_span": [946, 948], "annotations": [{"nertag": "O"}]}, {"base_span": [949, 954], "annotations": [{"nertag": "O"}]}, {"base_span": [955, 960], "annotations": [{"nertag": "O"}]}, {"base_span": [961, 969], "annotations": [{"nertag": "O"}]}, {"base_span": [969, 970], "annotations": [{"nertag": "O"}]}, {"base_span": [971, 973], "annotations": [{"nertag": "O"}]}, {"base_span": [974, 978], "annotations": [{"nertag": "O"}]}, {"base_span": [979, 985], "annotations": [{"nertag": "O"}]}, {"base_span": [986, 998], "annotations": [{"nertag": "O"}]}, {"base_span": [999, 1004], "annotations": [{"nertag": "O"}]}, {"base_span": [1005, 1010], "annotations": [{"nertag": "O"}]}, {"base_span": [1011, 1022], "annotations": [{"nertag": "O"}]}, {"base_span": [1023, 1028], "annotations": [{"nertag": "O"}]}, {"base_span": [1028, 1029], "annotations": [{"nertag": "O"}]}, {"base_span": [1029, 1030], "annotations": [{"nertag": "O"}]}, {"base_span": [1031, 1039], "annotations": [{"nertag": "O"}]}, {"base_span": [1040, 1048], "annotations": [{"nertag": "O"}]}, {"base_span": [1049, 1054], "annotations": [{"nertag": "O"}]}, {"base_span": [1055, 1057], "annotations": [{"nertag": "O"}]}, {"base_span": [1058, 1061], "annotations": [{"nertag": "O"}]}, {"base_span": [1061, 1062], "annotations": [{"nertag": "O"}]}, {"base_span": [1063, 1068], "annotations": [{"nertag": "O"}]}, {"base_span": [1069, 1072], "annotations": [{"nertag": "O"}]}, {"base_span": [1073, 1078], "annotations": [{"nertag": "O"}]}, {"base_span": [1079, 1081], "annotations": [{"nertag": "O"}]}, {"base_span": [1082, 1086], "annotations": [{"nertag": "B-PER"}]}, {"base_span": [1087, 1092], "annotations": [{"nertag": "O"}]}, {"base_span": [1093, 1101], "annotations": [{"nertag": "O"}]}, {"base_span": [1101, 1102], "annotations": [{"nertag": "O"}]}, {"base_span": [1103, 1105], "annotations": [{"nertag": "O"}]}, {"base_span": [1106, 1111], "annotations": [{"nertag": "O"}]}, {"base_span": [1112, 1118], "annotations": [{"nertag": "O"}]}, {"base_span": [1119, 1124], "annotations": [{"nertag": "O"}]}, {"base_span": [1125, 1133], "annotations": [{"nertag": "O"}]}, {"base_span": [1134, 1138], "annotations": [{"nertag": "O"}]}, {"base_span": [1139, 1144], "annotations": [{"nertag": "O"}]}, {"base_span": [1145, 1149], "annotations": [{"nertag": "O"}]}, {"base_span": [1150, 1160], "annotations": [{"nertag": "O"}]}, {"base_span": [1160, 1161], "annotations": [{"nertag": "O"}]}, {"base_span": [1161, 1162], "annotations": [{"nertag": "O"}]}, {"base_span": [1164, 1166], "annotations": [{"nertag": "O"}]}, {"base_span": [1167, 1172], "annotations": [{"nertag": "B-PER"}]}, {"base_span": [1173, 1178], "annotations": [{"nertag": "I-PER"}]}, {"base_span": [1179, 1184], "annotations": [{"nertag": "O"}]}, {"base_span": [1185, 1190], "annotations": [{"nertag": "O"}]}, {"base_span": [1191, 1196], "annotations": [{"nertag": "O"}]}, {"base_span": [1197, 1202], "annotations": [{"nertag": "O"}]}, {"base_span": [1203, 1208], "annotations": [{"nertag": "O"}]}, {"base_span": [1209, 1215], "annotations": [{"nertag": "O"}]}, {"base_span": [1216, 1221], "annotations": [{"nertag": "O"}]}, {"base_span": [1222, 1226], "annotations": [{"nertag": "O"}]}, {"base_span": [1227, 1229], "annotations": [{"nertag": "O"}]}, {"base_span": [1230, 1236], "annotations": [{"nertag": "O"}]}, {"base_span": [1237, 1242], "annotations": [{"nertag": "O"}]}, {"base_span": [1243, 1250], "annotations": [{"nertag": "O"}]}, {"base_span": [1251, 1258], "annotations": [{"nertag": "O"}]}, {"base_span": [1259, 1266], "annotations": [{"nertag": "O"}]}, {"base_span": [1267, 1271], "annotations": [{"nertag": "O"}]}, {"base_span": [1272, 1280], "annotations": [{"nertag": "O"}]}, {"base_span": [1281, 1290], "annotations": [{"nertag": "O"}]}, {"base_span": [1291, 1297], "annotations": [{"nertag": "O"}]}, {"base_span": [1297, 1298], "annotations": [{"nertag": "O"}]}, {"base_span": [1298, 1299], "annotations": [{"nertag": "O"}]}]}]}