{"text": "\nMoisa Herra andis täeda et unne näo läbbi kui olleks arro saand et Wiina kögi jures üks ni suggune walstuse assi on tehtud, ning leitud et üks polik pumbi tahha kurruse laua tükkide alla olli ärra pantud ja sai ümber moetetud olli 42 1/2 topi ning sai siis se paigolinne perre-mees Ado Lustlik kästud ette astuda, ja sai küssitud kas ta mitte paigolisseks perremehheks ei polle pantud ja ka temmale ka mitte teo päwade körwa makso ei polle lubbatud, siis ütles temma et ta kül seks on pantud ning ka 40 Rubla rahha talwe sees teo Päwade körwa lubbatud, sai siis küssitud miks pärrast temma siis se wina selle kehha sisse om korjand? siis ütles temma selle pärrast et kui wahhest juhtub puduma et siis woib se arro täis panna, agga sai ööltud olle mitte tössi et mönne korra ning saggetaste ommeti toop poolteist ning kaks pudund on, sai siis küssitud nende körwa meeste käest kas nemmad ka sest on täednud? agga nemmad ütlesid et nemmad mitte sest ei polle täednud, ja sai temma käest küssitud kas siis need teised perremehhed ka sest täedwad? ja temma ütles et keik need kord perre-mehhed on täednud ning ka need herjapoisid, sai siis need teised perre-mehhed Ado Kuiwjök, Mart Kaar ning Kusta Soon kästud ette astuda ja sai küssitud kas nemmad ka sest körwalissest wina kehhast on täednud ja nemmad ütlesid et nemmad kül sest on täednud, ning et se mood ka Piddolas on ning et Piddola Herra täedmissega üks ni suggune körwaline kehha kökis saab prukitud ning kui wina töö seisma jääb ja se mis sinna sisse on korjatud, saab nende perre-meestele antud, Agga se Andrus Part ütles et temma koggoniste ei tea sest asjast.\n\nKohto Wannem Hindrik Huss\n\nKohtomees Mihkel Nurja\n\n\" \" Hain Rog\n\nKirjotaja Johann Huum\n\n\n", "meta": {"origin_directory": "vallakohus_neljas/"}, "layers": [{"name": "gold_ner", "attributes": ["nertag"], "parent": null, "enveloping": null, "ambiguous": false, "serialisation_module": null, "meta": {}, "spans": [{"base_span": [283, 294], "annotations": [{"nertag": "PER"}]}, {"base_span": [1162, 1173], "annotations": [{"nertag": "PER"}]}, {"base_span": [1175, 1184], "annotations": [{"nertag": "PER"}]}, {"base_span": [1190, 1200], "annotations": [{"nertag": "PER"}]}, {"base_span": [1360, 1368], "annotations": [{"nertag": "LOC"}]}, {"base_span": [1380, 1387], "annotations": [{"nertag": "LOC_ORG"}]}, {"base_span": [1563, 1574], "annotations": [{"nertag": "PER"}]}, {"base_span": [1635, 1647], "annotations": [{"nertag": "PER"}]}, {"base_span": [1659, 1671], "annotations": [{"nertag": "PER"}]}, {"base_span": [1677, 1685], "annotations": [{"nertag": "PER"}]}, {"base_span": [1697, 1708], "annotations": [{"nertag": "PER"}]}]}, {"name": "gold_wordner", "attributes": ["nertag"], "parent": null, "enveloping": null, "ambiguous": false, "serialisation_module": null, "meta": {}, "spans": [{"base_span": [1, 6], "annotations": [{"nertag": "O"}]}, {"base_span": [7, 12], "annotations": [{"nertag": "O"}]}, {"base_span": [13, 18], "annotations": [{"nertag": "O"}]}, {"base_span": [19, 24], "annotations": [{"nertag": "O"}]}, {"base_span": [25, 27], "annotations": [{"nertag": "O"}]}, {"base_span": [28, 32], "annotations": [{"nertag": "O"}]}, {"base_span": [33, 36], "annotations": [{"nertag": "O"}]}, {"base_span": [37, 42], "annotations": [{"nertag": "O"}]}, {"base_span": [43, 46], "annotations": [{"nertag": "O"}]}, {"base_span": [47, 53], "annotations": [{"nertag": "O"}]}, {"base_span": [54, 58], "annotations": [{"nertag": "O"}]}, {"base_span": [59, 64], "annotations": [{"nertag": "O"}]}, {"base_span": [65, 67], "annotations": [{"nertag": "O"}]}, {"base_span": [68, 73], "annotations": [{"nertag": "O"}]}, {"base_span": [74, 78], "annotations": [{"nertag": "O"}]}, {"base_span": [79, 84], "annotations": [{"nertag": "O"}]}, {"base_span": [85, 88], "annotations": [{"nertag": "O"}]}, {"base_span": [89, 91], "annotations": [{"nertag": "O"}]}, {"base_span": [92, 99], "annotations": [{"nertag": "O"}]}, {"base_span": [100, 108], "annotations": [{"nertag": "O"}]}, {"base_span": [109, 113], "annotations": [{"nertag": "O"}]}, {"base_span": [114, 116], "annotations": [{"nertag": "O"}]}, {"base_span": [117, 123], "annotations": [{"nertag": "O"}]}, {"base_span": [123, 124], "annotations": [{"nertag": "O"}]}, {"base_span": [125, 129], "annotations": [{"nertag": "O"}]}, {"base_span": [130, 136], "annotations": [{"nertag": "O"}]}, {"base_span": [137, 139], "annotations": [{"nertag": "O"}]}, {"base_span": [140, 143], "annotations": [{"nertag": "O"}]}, {"base_span": [144, 149], "annotations": [{"nertag": "O"}]}, {"base_span": [150, 155], "annotations": [{"nertag": "O"}]}, {"base_span": [156, 161], "annotations": [{"nertag": "O"}]}, {"base_span": [162, 169], "annotations": [{"nertag": "O"}]}, {"base_span": [170, 174], "annotations": [{"nertag": "O"}]}, {"base_span": [175, 182], "annotations": [{"nertag": "O"}]}, {"base_span": [183, 187], "annotations": [{"nertag": "O"}]}, {"base_span": [188, 192], "annotations": [{"nertag": "O"}]}, {"base_span": [193, 197], "annotations": [{"nertag": "O"}]}, {"base_span": [198, 204], "annotations": [{"nertag": "O"}]}, {"base_span": [205, 207], "annotations": [{"nertag": "O"}]}, {"base_span": [208, 211], "annotations": [{"nertag": "O"}]}, {"base_span": [212, 217], "annotations": [{"nertag": "O"}]}, {"base_span": [218, 226], "annotations": [{"nertag": "O"}]}, {"base_span": [227, 231], "annotations": [{"nertag": "O"}]}, {"base_span": [232, 234], "annotations": [{"nertag": "O"}]}, {"base_span": [235, 236], "annotations": [{"nertag": "O"}]}, {"base_span": [236, 237], "annotations": [{"nertag": "O"}]}, {"base_span": [237, 238], "annotations": [{"nertag": "O"}]}, {"base_span": [239, 243], "annotations": [{"nertag": "O"}]}, {"base_span": [244, 248], "annotations": [{"nertag": "O"}]}, {"base_span": [249, 252], "annotations": [{"nertag": "O"}]}, {"base_span": [253, 257], "annotations": [{"nertag": "O"}]}, {"base_span": [258, 260], "annotations": [{"nertag": "O"}]}, {"base_span": [261, 271], "annotations": [{"nertag": "O"}]}, {"base_span": [272, 277], "annotations": [{"nertag": "O"}]}, {"base_span": [277, 278], "annotations": [{"nertag": "O"}]}, {"base_span": [278, 282], "annotations": [{"nertag": "O"}]}, {"base_span": [283, 286], "annotations": [{"nertag": "B-PER"}]}, {"base_span": [287, 294], "annotations": [{"nertag": "I-PER"}]}, {"base_span": [295, 301], "annotations": [{"nertag": "O"}]}, {"base_span": [302, 306], "annotations": [{"nertag": "O"}]}, {"base_span": [307, 313], "annotations": [{"nertag": "O"}]}, {"base_span": [313, 314], "annotations": [{"nertag": "O"}]}, {"base_span": [315, 317], "annotations": [{"nertag": "O"}]}, {"base_span": [318, 321], "annotations": [{"nertag": "O"}]}, {"base_span": [322, 330], "annotations": [{"nertag": "O"}]}, {"base_span": [331, 334], "annotations": [{"nertag": "O"}]}, {"base_span": [335, 337], "annotations": [{"nertag": "O"}]}, {"base_span": [338, 343], "annotations": [{"nertag": "O"}]}, {"base_span": [344, 356], "annotations": [{"nertag": "O"}]}, {"base_span": [357, 369], "annotations": [{"nertag": "O"}]}, {"base_span": [370, 372], "annotations": [{"nertag": "O"}]}, {"base_span": [373, 378], "annotations": [{"nertag": "O"}]}, {"base_span": [379, 385], "annotations": [{"nertag": "O"}]}, {"base_span": [386, 388], "annotations": [{"nertag": "O"}]}, {"base_span": [389, 391], "annotations": [{"nertag": "O"}]}, {"base_span": [392, 399], "annotations": [{"nertag": "O"}]}, {"base_span": [400, 402], "annotations": [{"nertag": "O"}]}, {"base_span": [403, 408], "annotations": [{"nertag": "O"}]}, {"base_span": [409, 412], "annotations": [{"nertag": "O"}]}, {"base_span": [413, 419], "annotations": [{"nertag": "O"}]}, {"base_span": [420, 425], "annotations": [{"nertag": "O"}]}, {"base_span": [426, 431], "annotations": [{"nertag": "O"}]}, {"base_span": [432, 434], "annotations": [{"nertag": "O"}]}, {"base_span": [435, 440], "annotations": [{"nertag": "O"}]}, {"base_span": [441, 449], "annotations": [{"nertag": "O"}]}, {"base_span": [449, 450], "annotations": [{"nertag": "O"}]}, {"base_span": [451, 455], "annotations": [{"nertag": "O"}]}, {"base_span": [456, 461], "annotations": [{"nertag": "O"}]}, {"base_span": [462, 467], "annotations": [{"nertag": "O"}]}, {"base_span": [468, 470], "annotations": [{"nertag": "O"}]}, {"base_span": [471, 473], "annotations": [{"nertag": "O"}]}, {"base_span": [474, 477], "annotations": [{"nertag": "O"}]}, {"base_span": [478, 482], "annotations": [{"nertag": "O"}]}, {"base_span": [483, 485], "annotations": [{"nertag": "O"}]}, {"base_span": [486, 492], "annotations": [{"nertag": "O"}]}, {"base_span": [493, 497], "annotations": [{"nertag": "O"}]}, {"base_span": [498, 500], "annotations": [{"nertag": "O"}]}, {"base_span": [501, 503], "annotations": [{"nertag": "O"}]}, {"base_span": [504, 509], "annotations": [{"nertag": "O"}]}, {"base_span": [510, 515], "annotations": [{"nertag": "O"}]}, {"base_span": [516, 521], "annotations": [{"nertag": "O"}]}, {"base_span": [522, 526], "annotations": [{"nertag": "O"}]}, {"base_span": [527, 530], "annotations": [{"nertag": "O"}]}, {"base_span": [531, 537], "annotations": [{"nertag": "O"}]}, {"base_span": [538, 543], "annotations": [{"nertag": "O"}]}, {"base_span": [544, 552], "annotations": [{"nertag": "O"}]}, {"base_span": [552, 553], "annotations": [{"nertag": "O"}]}, {"base_span": [554, 557], "annotations": [{"nertag": "O"}]}, {"base_span": [558, 562], "annotations": [{"nertag": "O"}]}, {"base_span": [563, 571], "annotations": [{"nertag": "O"}]}, {"base_span": [572, 576], "annotations": [{"nertag": "O"}]}, {"base_span": [577, 584], "annotations": [{"nertag": "O"}]}, {"base_span": [585, 590], "annotations": [{"nertag": "O"}]}, {"base_span": [591, 595], "annotations": [{"nertag": "O"}]}, {"base_span": [596, 598], "annotations": [{"nertag": "O"}]}, {"base_span": [599, 603], "annotations": [{"nertag": "O"}]}, {"base_span": [604, 609], "annotations": [{"nertag": "O"}]}, {"base_span": [610, 615], "annotations": [{"nertag": "O"}]}, {"base_span": [616, 621], "annotations": [{"nertag": "O"}]}, {"base_span": [622, 624], "annotations": [{"nertag": "O"}]}, {"base_span": [625, 632], "annotations": [{"nertag": "O"}]}, {"base_span": [632, 633], "annotations": [{"nertag": "O"}]}, {"base_span": [634, 638], "annotations": [{"nertag": "O"}]}, {"base_span": [639, 644], "annotations": [{"nertag": "O"}]}, {"base_span": [645, 650], "annotations": [{"nertag": "O"}]}, {"base_span": [651, 656], "annotations": [{"nertag": "O"}]}, {"base_span": [657, 664], "annotations": [{"nertag": "O"}]}, {"base_span": [665, 667], "annotations": [{"nertag": "O"}]}, {"base_span": [668, 671], "annotations": [{"nertag": "O"}]}, {"base_span": [672, 679], "annotations": [{"nertag": "O"}]}, {"base_span": [680, 686], "annotations": [{"nertag": "O"}]}, {"base_span": [687, 693], "annotations": [{"nertag": "O"}]}, {"base_span": [694, 696], "annotations": [{"nertag": "O"}]}, {"base_span": [697, 701], "annotations": [{"nertag": "O"}]}, {"base_span": [702, 706], "annotations": [{"nertag": "O"}]}, {"base_span": [707, 709], "annotations": [{"nertag": "O"}]}, {"base_span": [710, 714], "annotations": [{"nertag": "O"}]}, {"base_span": [715, 719], "annotations": [{"nertag": "O"}]}, {"base_span": [720, 725], "annotations": [{"nertag": "O"}]}, {"base_span": [725, 726], "annotations": [{"nertag": "O"}]}, {"base_span": [727, 731], "annotations": [{"nertag": "O"}]}, {"base_span": [732, 735], "annotations": [{"nertag": "O"}]}, {"base_span": [736, 742], "annotations": [{"nertag": "O"}]}, {"base_span": [743, 747], "annotations": [{"nertag": "O"}]}, {"base_span": [748, 753], "annotations": [{"nertag": "O"}]}, {"base_span": [754, 759], "annotations": [{"nertag": "O"}]}, {"base_span": [760, 762], "annotations": [{"nertag": "O"}]}, {"base_span": [763, 768], "annotations": [{"nertag": "O"}]}, {"base_span": [769, 774], "annotations": [{"nertag": "O"}]}, {"base_span": [775, 779], "annotations": [{"nertag": "O"}]}, {"base_span": [780, 790], "annotations": [{"nertag": "O"}]}, {"base_span": [791, 797], "annotations": [{"nertag": "O"}]}, {"base_span": [798, 802], "annotations": [{"nertag": "O"}]}, {"base_span": [803, 812], "annotations": [{"nertag": "O"}]}, {"base_span": [813, 817], "annotations": [{"nertag": "O"}]}, {"base_span": [818, 822], "annotations": [{"nertag": "O"}]}, {"base_span": [823, 829], "annotations": [{"nertag": "O"}]}, {"base_span": [830, 832], "annotations": [{"nertag": "O"}]}, {"base_span": [832, 833], "annotations": [{"nertag": "O"}]}, {"base_span": [834, 837], "annotations": [{"nertag": "O"}]}, {"base_span": [838, 842], "annotations": [{"nertag": "O"}]}, {"base_span": [843, 851], "annotations": [{"nertag": "O"}]}, {"base_span": [852, 857], "annotations": [{"nertag": "O"}]}, {"base_span": [858, 863], "annotations": [{"nertag": "O"}]}, {"base_span": [864, 870], "annotations": [{"nertag": "O"}]}, {"base_span": [871, 876], "annotations": [{"nertag": "O"}]}, {"base_span": [877, 880], "annotations": [{"nertag": "O"}]}, {"base_span": [881, 887], "annotations": [{"nertag": "O"}]}, {"base_span": [888, 890], "annotations": [{"nertag": "O"}]}, {"base_span": [891, 895], "annotations": [{"nertag": "O"}]}, {"base_span": [896, 898], "annotations": [{"nertag": "O"}]}, {"base_span": [899, 906], "annotations": [{"nertag": "O"}]}, {"base_span": [906, 907], "annotations": [{"nertag": "O"}]}, {"base_span": [908, 912], "annotations": [{"nertag": "O"}]}, {"base_span": [913, 919], "annotations": [{"nertag": "O"}]}, {"base_span": [920, 927], "annotations": [{"nertag": "O"}]}, {"base_span": [928, 930], "annotations": [{"nertag": "O"}]}, {"base_span": [931, 937], "annotations": [{"nertag": "O"}]}, {"base_span": [938, 943], "annotations": [{"nertag": "O"}]}, {"base_span": [944, 948], "annotations": [{"nertag": "O"}]}, {"base_span": [949, 951], "annotations": [{"nertag": "O"}]}, {"base_span": [952, 957], "annotations": [{"nertag": "O"}]}, {"base_span": [958, 965], "annotations": [{"nertag": "O"}]}, {"base_span": [965, 966], "annotations": [{"nertag": "O"}]}, {"base_span": [967, 969], "annotations": [{"nertag": "O"}]}, {"base_span": [970, 973], "annotations": [{"nertag": "O"}]}, {"base_span": [974, 979], "annotations": [{"nertag": "O"}]}, {"base_span": [980, 985], "annotations": [{"nertag": "O"}]}, {"base_span": [986, 994], "annotations": [{"nertag": "O"}]}, {"base_span": [995, 998], "annotations": [{"nertag": "O"}]}, {"base_span": [999, 1003], "annotations": [{"nertag": "O"}]}, {"base_span": [1004, 1008], "annotations": [{"nertag": "O"}]}, {"base_span": [1009, 1015], "annotations": [{"nertag": "O"}]}, {"base_span": [1016, 1027], "annotations": [{"nertag": "O"}]}, {"base_span": [1028, 1030], "annotations": [{"nertag": "O"}]}, {"base_span": [1031, 1035], "annotations": [{"nertag": "O"}]}, {"base_span": [1036, 1043], "annotations": [{"nertag": "O"}]}, {"base_span": [1043, 1044], "annotations": [{"nertag": "O"}]}, {"base_span": [1045, 1047], "annotations": [{"nertag": "O"}]}, {"base_span": [1048, 1053], "annotations": [{"nertag": "O"}]}, {"base_span": [1054, 1059], "annotations": [{"nertag": "O"}]}, {"base_span": [1060, 1062], "annotations": [{"nertag": "O"}]}, {"base_span": [1063, 1067], "annotations": [{"nertag": "O"}]}, {"base_span": [1068, 1072], "annotations": [{"nertag": "O"}]}, {"base_span": [1073, 1077], "annotations": [{"nertag": "O"}]}, {"base_span": [1078, 1083], "annotations": [{"nertag": "O"}]}, {"base_span": [1083, 1084], "annotations": [{"nertag": "O"}]}, {"base_span": [1084, 1090], "annotations": [{"nertag": "O"}]}, {"base_span": [1091, 1093], "annotations": [{"nertag": "O"}]}, {"base_span": [1094, 1101], "annotations": [{"nertag": "O"}]}, {"base_span": [1102, 1106], "annotations": [{"nertag": "O"}]}, {"base_span": [1107, 1109], "annotations": [{"nertag": "O"}]}, {"base_span": [1110, 1114], "annotations": [{"nertag": "O"}]}, {"base_span": [1115, 1126], "annotations": [{"nertag": "O"}]}, {"base_span": [1126, 1127], "annotations": [{"nertag": "O"}]}, {"base_span": [1128, 1131], "annotations": [{"nertag": "O"}]}, {"base_span": [1132, 1136], "annotations": [{"nertag": "O"}]}, {"base_span": [1137, 1141], "annotations": [{"nertag": "O"}]}, {"base_span": [1142, 1148], "annotations": [{"nertag": "O"}]}, {"base_span": [1149, 1154], "annotations": [{"nertag": "O"}]}, {"base_span": [1154, 1155], "annotations": [{"nertag": "O"}]}, {"base_span": [1155, 1161], "annotations": [{"nertag": "O"}]}, {"base_span": [1162, 1165], "annotations": [{"nertag": "B-PER"}]}, {"base_span": [1166, 1173], "annotations": [{"nertag": "I-PER"}]}, {"base_span": [1173, 1174], "annotations": [{"nertag": "O"}]}, {"base_span": [1175, 1179], "annotations": [{"nertag": "B-PER"}]}, {"base_span": [1180, 1184], "annotations": [{"nertag": "I-PER"}]}, {"base_span": [1185, 1189], "annotations": [{"nertag": "O"}]}, {"base_span": [1190, 1195], "annotations": [{"nertag": "B-PER"}]}, {"base_span": [1196, 1200], "annotations": [{"nertag": "I-PER"}]}, {"base_span": [1201, 1207], "annotations": [{"nertag": "O"}]}, {"base_span": [1208, 1212], "annotations": [{"nertag": "O"}]}, {"base_span": [1213, 1219], "annotations": [{"nertag": "O"}]}, {"base_span": [1220, 1222], "annotations": [{"nertag": "O"}]}, {"base_span": [1223, 1226], "annotations": [{"nertag": "O"}]}, {"base_span": [1227, 1235], "annotations": [{"nertag": "O"}]}, {"base_span": [1236, 1239], "annotations": [{"nertag": "O"}]}, {"base_span": [1240, 1246], "annotations": [{"nertag": "O"}]}, {"base_span": [1247, 1249], "annotations": [{"nertag": "O"}]}, {"base_span": [1250, 1254], "annotations": [{"nertag": "O"}]}, {"base_span": [1255, 1267], "annotations": [{"nertag": "O"}]}, {"base_span": [1268, 1272], "annotations": [{"nertag": "O"}]}, {"base_span": [1273, 1280], "annotations": [{"nertag": "O"}]}, {"base_span": [1281, 1283], "annotations": [{"nertag": "O"}]}, {"base_span": [1284, 1291], "annotations": [{"nertag": "O"}]}, {"base_span": [1292, 1294], "annotations": [{"nertag": "O"}]}, {"base_span": [1295, 1301], "annotations": [{"nertag": "O"}]}, {"base_span": [1302, 1309], "annotations": [{"nertag": "O"}]}, {"base_span": [1310, 1312], "annotations": [{"nertag": "O"}]}, {"base_span": [1313, 1319], "annotations": [{"nertag": "O"}]}, {"base_span": [1320, 1323], "annotations": [{"nertag": "O"}]}, {"base_span": [1324, 1328], "annotations": [{"nertag": "O"}]}, {"base_span": [1329, 1331], "annotations": [{"nertag": "O"}]}, {"base_span": [1332, 1339], "annotations": [{"nertag": "O"}]}, {"base_span": [1339, 1340], "annotations": [{"nertag": "O"}]}, {"base_span": [1341, 1345], "annotations": [{"nertag": "O"}]}, {"base_span": [1346, 1348], "annotations": [{"nertag": "O"}]}, {"base_span": [1349, 1351], "annotations": [{"nertag": "O"}]}, {"base_span": [1352, 1356], "annotations": [{"nertag": "O"}]}, {"base_span": [1357, 1359], "annotations": [{"nertag": "O"}]}, {"base_span": [1360, 1368], "annotations": [{"nertag": "B-LOC"}]}, {"base_span": [1369, 1371], "annotations": [{"nertag": "O"}]}, {"base_span": [1372, 1376], "annotations": [{"nertag": "O"}]}, {"base_span": [1377, 1379], "annotations": [{"nertag": "O"}]}, {"base_span": [1380, 1387], "annotations": [{"nertag": "B-LOC_ORG"}]}, {"base_span": [1388, 1393], "annotations": [{"nertag": "O"}]}, {"base_span": [1394, 1405], "annotations": [{"nertag": "O"}]}, {"base_span": [1406, 1409], "annotations": [{"nertag": "O"}]}, {"base_span": [1410, 1412], "annotations": [{"nertag": "O"}]}, {"base_span": [1413, 1420], "annotations": [{"nertag": "O"}]}, {"base_span": [1421, 1430], "annotations": [{"nertag": "O"}]}, {"base_span": [1431, 1436], "annotations": [{"nertag": "O"}]}, {"base_span": [1437, 1442], "annotations": [{"nertag": "O"}]}, {"base_span": [1443, 1447], "annotations": [{"nertag": "O"}]}, {"base_span": [1448, 1456], "annotations": [{"nertag": "O"}]}, {"base_span": [1457, 1461], "annotations": [{"nertag": "O"}]}, {"base_span": [1462, 1465], "annotations": [{"nertag": "O"}]}, {"base_span": [1466, 1470], "annotations": [{"nertag": "O"}]}, {"base_span": [1471, 1474], "annotations": [{"nertag": "O"}]}, {"base_span": [1475, 1481], "annotations": [{"nertag": "O"}]}, {"base_span": [1482, 1486], "annotations": [{"nertag": "O"}]}, {"base_span": [1487, 1489], "annotations": [{"nertag": "O"}]}, {"base_span": [1490, 1492], "annotations": [{"nertag": "O"}]}, {"base_span": [1493, 1496], "annotations": [{"nertag": "O"}]}, {"base_span": [1497, 1502], "annotations": [{"nertag": "O"}]}, {"base_span": [1503, 1508], "annotations": [{"nertag": "O"}]}, {"base_span": [1509, 1511], "annotations": [{"nertag": "O"}]}, {"base_span": [1512, 1520], "annotations": [{"nertag": "O"}]}, {"base_span": [1520, 1521], "annotations": [{"nertag": "O"}]}, {"base_span": [1522, 1526], "annotations": [{"nertag": "O"}]}, {"base_span": [1527, 1532], "annotations": [{"nertag": "O"}]}, {"base_span": [1533, 1538], "annotations": [{"nertag": "O"}]}, {"base_span": [1538, 1539], "annotations": [{"nertag": "O"}]}, {"base_span": [1539, 1547], "annotations": [{"nertag": "O"}]}, {"base_span": [1548, 1553], "annotations": [{"nertag": "O"}]}, {"base_span": [1553, 1554], "annotations": [{"nertag": "O"}]}, {"base_span": [1555, 1559], "annotations": [{"nertag": "O"}]}, {"base_span": [1560, 1562], "annotations": [{"nertag": "O"}]}, {"base_span": [1563, 1569], "annotations": [{"nertag": "B-PER"}]}, {"base_span": [1570, 1574], "annotations": [{"nertag": "I-PER"}]}, {"base_span": [1575, 1580], "annotations": [{"nertag": "O"}]}, {"base_span": [1581, 1583], "annotations": [{"nertag": "O"}]}, {"base_span": [1584, 1589], "annotations": [{"nertag": "O"}]}, {"base_span": [1590, 1600], "annotations": [{"nertag": "O"}]}, {"base_span": [1601, 1603], "annotations": [{"nertag": "O"}]}, {"base_span": [1604, 1607], "annotations": [{"nertag": "O"}]}, {"base_span": [1608, 1612], "annotations": [{"nertag": "O"}]}, {"base_span": [1613, 1619], "annotations": [{"nertag": "O"}]}, {"base_span": [1619, 1620], "annotations": [{"nertag": "O"}]}, {"base_span": [1622, 1627], "annotations": [{"nertag": "O"}]}, {"base_span": [1628, 1634], "annotations": [{"nertag": "O"}]}, {"base_span": [1635, 1642], "annotations": [{"nertag": "B-PER"}]}, {"base_span": [1643, 1647], "annotations": [{"nertag": "I-PER"}]}, {"base_span": [1649, 1658], "annotations": [{"nertag": "O"}]}, {"base_span": [1659, 1665], "annotations": [{"nertag": "B-PER"}]}, {"base_span": [1666, 1671], "annotations": [{"nertag": "I-PER"}]}, {"base_span": [1673, 1674], "annotations": [{"nertag": "O"}]}, {"base_span": [1675, 1676], "annotations": [{"nertag": "O"}]}, {"base_span": [1677, 1681], "annotations": [{"nertag": "B-PER"}]}, {"base_span": [1682, 1685], "annotations": [{"nertag": "I-PER"}]}, {"base_span": [1687, 1696], "annotations": [{"nertag": "O"}]}, {"base_span": [1697, 1703], "annotations": [{"nertag": "B-PER"}]}, {"base_span": [1704, 1708], "annotations": [{"nertag": "I-PER"}]}]}]}