{"text": "\n1885 Aastal 31 Mai ku pääwal sai Joppi puu maa raud warra koggukonna kohtuga Frido Ewert, ja Jürri Ewert lesk naene Miinaga wahhe tehtud, puu ma raud warra lomadega ning weel töe riistad, mis lesk naese Miinast on Frido kätte puu ma peäle jänud, üks lep tu ruun hobune 8 aastad wanna, üks ruske härg 7 aastad wanna, ühhed pari hobbuste raud rattad, wannad ühhed pari härgade puu rattad, 1 härja adder, 1 hobuse adder, 1 härja igge, rahhe ja juthadega, 1 telgas, 1 loog, 1 ohjad, 1 suitsed ühhed rangid 1 raud tallaga Reggi. Ning nenda kaua kui Miina ellab nenda kau on se saun Miina järrele, agga kui Miina ärra surnud siis on saun puu maa järrele, Ja weel peab Koggunna kohhus selle järrele kuulma ja waatama kui neil tülli juhtub ollema olgu kumma poolt tahhab selle järrele peab koggunna kohhus kuulma. \n\nTallitaja Peter Kol\n\nKohho pea Jürri Aabrok\n\n\n", "meta": {"origin_directory": "vallakohus_neljas/"}, "layers": [{"name": "gold_ner", "attributes": ["nertag"], "parent": null, "enveloping": null, "ambiguous": false, "serialisation_module": null, "meta": {}, "spans": [{"base_span": [78, 89], "annotations": [{"nertag": "PER"}]}, {"base_span": [94, 105], "annotations": [{"nertag": "PER"}]}, {"base_span": [117, 124], "annotations": [{"nertag": "PER"}]}, {"base_span": [204, 211], "annotations": [{"nertag": "PER"}]}, {"base_span": [215, 220], "annotations": [{"nertag": "PER"}]}, {"base_span": [545, 550], "annotations": [{"nertag": "PER"}]}, {"base_span": [578, 583], "annotations": [{"nertag": "PER"}]}, {"base_span": [602, 607], "annotations": [{"nertag": "PER"}]}, {"base_span": [819, 828], "annotations": [{"nertag": "PER"}]}, {"base_span": [840, 852], "annotations": [{"nertag": "PER"}]}]}, {"name": "gold_wordner", "attributes": ["nertag"], "parent": null, "enveloping": null, "ambiguous": false, "serialisation_module": null, "meta": {}, "spans": [{"base_span": [1, 5], "annotations": [{"nertag": "O"}]}, {"base_span": [6, 12], "annotations": [{"nertag": "O"}]}, {"base_span": [13, 15], "annotations": [{"nertag": "O"}]}, {"base_span": [16, 19], "annotations": [{"nertag": "O"}]}, {"base_span": [20, 22], "annotations": [{"nertag": "O"}]}, {"base_span": [23, 29], "annotations": [{"nertag": "O"}]}, {"base_span": [30, 33], "annotations": [{"nertag": "O"}]}, {"base_span": [34, 39], "annotations": [{"nertag": "O"}]}, {"base_span": [40, 43], "annotations": [{"nertag": "O"}]}, {"base_span": [44, 47], "annotations": [{"nertag": "O"}]}, {"base_span": [48, 52], "annotations": [{"nertag": "O"}]}, {"base_span": [53, 58], "annotations": [{"nertag": "O"}]}, {"base_span": [59, 69], "annotations": [{"nertag": "O"}]}, {"base_span": [70, 77], "annotations": [{"nertag": "O"}]}, {"base_span": [78, 83], "annotations": [{"nertag": "B-PER"}]}, {"base_span": [84, 89], "annotations": [{"nertag": "I-PER"}]}, {"base_span": [89, 90], "annotations": [{"nertag": "O"}]}, {"base_span": [91, 93], "annotations": [{"nertag": "O"}]}, {"base_span": [94, 99], "annotations": [{"nertag": "B-PER"}]}, {"base_span": [100, 105], "annotations": [{"nertag": "I-PER"}]}, {"base_span": [106, 110], "annotations": [{"nertag": "O"}]}, {"base_span": [111, 116], "annotations": [{"nertag": "O"}]}, {"base_span": [117, 124], "annotations": [{"nertag": "B-PER"}]}, {"base_span": [125, 130], "annotations": [{"nertag": "O"}]}, {"base_span": [131, 137], "annotations": [{"nertag": "O"}]}, {"base_span": [137, 138], "annotations": [{"nertag": "O"}]}, {"base_span": [139, 142], "annotations": [{"nertag": "O"}]}, {"base_span": [143, 145], "annotations": [{"nertag": "O"}]}, {"base_span": [146, 150], "annotations": [{"nertag": "O"}]}, {"base_span": [151, 156], "annotations": [{"nertag": "O"}]}, {"base_span": [157, 165], "annotations": [{"nertag": "O"}]}, {"base_span": [166, 170], "annotations": [{"nertag": "O"}]}, {"base_span": [171, 175], "annotations": [{"nertag": "O"}]}, {"base_span": [176, 179], "annotations": [{"nertag": "O"}]}, {"base_span": [180, 187], "annotations": [{"nertag": "O"}]}, {"base_span": [187, 188], "annotations": [{"nertag": "O"}]}, {"base_span": [189, 192], "annotations": [{"nertag": "O"}]}, {"base_span": [193, 197], "annotations": [{"nertag": "O"}]}, {"base_span": [198, 203], "annotations": [{"nertag": "O"}]}, {"base_span": [204, 211], "annotations": [{"nertag": "B-PER"}]}, {"base_span": [212, 214], "annotations": [{"nertag": "O"}]}, {"base_span": [215, 220], "annotations": [{"nertag": "B-PER"}]}, {"base_span": [221, 226], "annotations": [{"nertag": "O"}]}, {"base_span": [227, 230], "annotations": [{"nertag": "O"}]}, {"base_span": [231, 233], "annotations": [{"nertag": "O"}]}, {"base_span": [234, 239], "annotations": [{"nertag": "O"}]}, {"base_span": [240, 245], "annotations": [{"nertag": "O"}]}, {"base_span": [245, 246], "annotations": [{"nertag": "O"}]}, {"base_span": [247, 250], "annotations": [{"nertag": "O"}]}, {"base_span": [251, 254], "annotations": [{"nertag": "O"}]}, {"base_span": [255, 257], "annotations": [{"nertag": "O"}]}, {"base_span": [258, 262], "annotations": [{"nertag": "O"}]}, {"base_span": [263, 269], "annotations": [{"nertag": "O"}]}, {"base_span": [270, 271], "annotations": [{"nertag": "O"}]}, {"base_span": [272, 278], "annotations": [{"nertag": "O"}]}, {"base_span": [279, 284], "annotations": [{"nertag": "O"}]}, {"base_span": [284, 285], "annotations": [{"nertag": "O"}]}, {"base_span": [286, 289], "annotations": [{"nertag": "O"}]}, {"base_span": [290, 295], "annotations": [{"nertag": "O"}]}, {"base_span": [296, 300], "annotations": [{"nertag": "O"}]}, {"base_span": [301, 302], "annotations": [{"nertag": "O"}]}, {"base_span": [303, 309], "annotations": [{"nertag": "O"}]}, {"base_span": [310, 315], "annotations": [{"nertag": "O"}]}, {"base_span": [315, 316], "annotations": [{"nertag": "O"}]}, {"base_span": [317, 322], "annotations": [{"nertag": "O"}]}, {"base_span": [323, 327], "annotations": [{"nertag": "O"}]}, {"base_span": [328, 336], "annotations": [{"nertag": "O"}]}, {"base_span": [337, 341], "annotations": [{"nertag": "O"}]}, {"base_span": [342, 348], "annotations": [{"nertag": "O"}]}, {"base_span": [348, 349], "annotations": [{"nertag": "O"}]}, {"base_span": [350, 356], "annotations": [{"nertag": "O"}]}, {"base_span": [357, 362], "annotations": [{"nertag": "O"}]}, {"base_span": [363, 367], "annotations": [{"nertag": "O"}]}, {"base_span": [368, 375], "annotations": [{"nertag": "O"}]}, {"base_span": [376, 379], "annotations": [{"nertag": "O"}]}, {"base_span": [380, 386], "annotations": [{"nertag": "O"}]}, {"base_span": [386, 387], "annotations": [{"nertag": "O"}]}, {"base_span": [388, 389], "annotations": [{"nertag": "O"}]}, {"base_span": [390, 395], "annotations": [{"nertag": "O"}]}, {"base_span": [396, 401], "annotations": [{"nertag": "O"}]}, {"base_span": [401, 402], "annotations": [{"nertag": "O"}]}, {"base_span": [403, 404], "annotations": [{"nertag": "O"}]}, {"base_span": [405, 411], "annotations": [{"nertag": "O"}]}, {"base_span": [412, 417], "annotations": [{"nertag": "O"}]}, {"base_span": [417, 418], "annotations": [{"nertag": "O"}]}, {"base_span": [419, 420], "annotations": [{"nertag": "O"}]}, {"base_span": [421, 426], "annotations": [{"nertag": "O"}]}, {"base_span": [427, 431], "annotations": [{"nertag": "O"}]}, {"base_span": [431, 432], "annotations": [{"nertag": "O"}]}, {"base_span": [433, 438], "annotations": [{"nertag": "O"}]}, {"base_span": [439, 441], "annotations": [{"nertag": "O"}]}, {"base_span": [442, 451], "annotations": [{"nertag": "O"}]}, {"base_span": [451, 452], "annotations": [{"nertag": "O"}]}, {"base_span": [453, 454], "annotations": [{"nertag": "O"}]}, {"base_span": [455, 461], "annotations": [{"nertag": "O"}]}, {"base_span": [461, 462], "annotations": [{"nertag": "O"}]}, {"base_span": [463, 464], "annotations": [{"nertag": "O"}]}, {"base_span": [465, 469], "annotations": [{"nertag": "O"}]}, {"base_span": [469, 470], "annotations": [{"nertag": "O"}]}, {"base_span": [471, 472], "annotations": [{"nertag": "O"}]}, {"base_span": [473, 478], "annotations": [{"nertag": "O"}]}, {"base_span": [478, 479], "annotations": [{"nertag": "O"}]}, {"base_span": [480, 481], "annotations": [{"nertag": "O"}]}, {"base_span": [482, 489], "annotations": [{"nertag": "O"}]}, {"base_span": [490, 495], "annotations": [{"nertag": "O"}]}, {"base_span": [496, 502], "annotations": [{"nertag": "O"}]}, {"base_span": [503, 504], "annotations": [{"nertag": "O"}]}, {"base_span": [505, 509], "annotations": [{"nertag": "O"}]}, {"base_span": [510, 517], "annotations": [{"nertag": "O"}]}, {"base_span": [518, 523], "annotations": [{"nertag": "O"}]}, {"base_span": [523, 524], "annotations": [{"nertag": "O"}]}, {"base_span": [525, 529], "annotations": [{"nertag": "O"}]}, {"base_span": [530, 535], "annotations": [{"nertag": "O"}]}, {"base_span": [536, 540], "annotations": [{"nertag": "O"}]}, {"base_span": [541, 544], "annotations": [{"nertag": "O"}]}, {"base_span": [545, 550], "annotations": [{"nertag": "B-PER"}]}, {"base_span": [551, 556], "annotations": [{"nertag": "O"}]}, {"base_span": [557, 562], "annotations": [{"nertag": "O"}]}, {"base_span": [563, 566], "annotations": [{"nertag": "O"}]}, {"base_span": [567, 569], "annotations": [{"nertag": "O"}]}, {"base_span": [570, 572], "annotations": [{"nertag": "O"}]}, {"base_span": [573, 577], "annotations": [{"nertag": "O"}]}, {"base_span": [578, 583], "annotations": [{"nertag": "B-PER"}]}, {"base_span": [584, 591], "annotations": [{"nertag": "O"}]}, {"base_span": [591, 592], "annotations": [{"nertag": "O"}]}, {"base_span": [593, 597], "annotations": [{"nertag": "O"}]}, {"base_span": [598, 601], "annotations": [{"nertag": "O"}]}, {"base_span": [602, 607], "annotations": [{"nertag": "B-PER"}]}, {"base_span": [608, 612], "annotations": [{"nertag": "O"}]}, {"base_span": [613, 619], "annotations": [{"nertag": "O"}]}, {"base_span": [620, 624], "annotations": [{"nertag": "O"}]}, {"base_span": [625, 627], "annotations": [{"nertag": "O"}]}, {"base_span": [628, 632], "annotations": [{"nertag": "O"}]}, {"base_span": [633, 636], "annotations": [{"nertag": "O"}]}, {"base_span": [637, 640], "annotations": [{"nertag": "O"}]}, {"base_span": [641, 648], "annotations": [{"nertag": "O"}]}, {"base_span": [648, 649], "annotations": [{"nertag": "O"}]}, {"base_span": [650, 652], "annotations": [{"nertag": "O"}]}, {"base_span": [653, 657], "annotations": [{"nertag": "O"}]}, {"base_span": [658, 662], "annotations": [{"nertag": "O"}]}, {"base_span": [663, 671], "annotations": [{"nertag": "O"}]}, {"base_span": [672, 678], "annotations": [{"nertag": "O"}]}, {"base_span": [679, 684], "annotations": [{"nertag": "O"}]}, {"base_span": [685, 692], "annotations": [{"nertag": "O"}]}, {"base_span": [693, 699], "annotations": [{"nertag": "O"}]}, {"base_span": [700, 702], "annotations": [{"nertag": "O"}]}, {"base_span": [703, 710], "annotations": [{"nertag": "O"}]}, {"base_span": [711, 714], "annotations": [{"nertag": "O"}]}, {"base_span": [715, 719], "annotations": [{"nertag": "O"}]}, {"base_span": [720, 725], "annotations": [{"nertag": "O"}]}, {"base_span": [726, 732], "annotations": [{"nertag": "O"}]}, {"base_span": [733, 739], "annotations": [{"nertag": "O"}]}, {"base_span": [740, 744], "annotations": [{"nertag": "O"}]}, {"base_span": [745, 750], "annotations": [{"nertag": "O"}]}, {"base_span": [751, 756], "annotations": [{"nertag": "O"}]}, {"base_span": [757, 763], "annotations": [{"nertag": "O"}]}, {"base_span": [764, 769], "annotations": [{"nertag": "O"}]}, {"base_span": [770, 777], "annotations": [{"nertag": "O"}]}, {"base_span": [778, 782], "annotations": [{"nertag": "O"}]}, {"base_span": [783, 791], "annotations": [{"nertag": "O"}]}, {"base_span": [792, 798], "annotations": [{"nertag": "O"}]}, {"base_span": [799, 805], "annotations": [{"nertag": "O"}]}, {"base_span": [805, 806], "annotations": [{"nertag": "O"}]}, {"base_span": [809, 818], "annotations": [{"nertag": "O"}]}, {"base_span": [819, 824], "annotations": [{"nertag": "B-PER"}]}, {"base_span": [825, 828], "annotations": [{"nertag": "I-PER"}]}, {"base_span": [830, 835], "annotations": [{"nertag": "O"}]}, {"base_span": [836, 839], "annotations": [{"nertag": "O"}]}, {"base_span": [840, 845], "annotations": [{"nertag": "B-PER"}]}, {"base_span": [846, 852], "annotations": [{"nertag": "I-PER"}]}]}]}