{"text": "Metsaülewaataja Grossi kaebuse asjus wasta Hindrik Luht, tema tüdruku Lena Wilde, tema sulase naene Marri Pääwa rohu -warguse pärast wastastiku lepitud ja mõistetud:\n1)Hindrik Luht, mõisakolonist istub 24 tundi selle eest kinni, et tüdruku käskis rohtu minna mõisa- maa päält tooma.-\n2)tema tüdruk Lenna Wilde( käsinik Josep Hallik) istub 2 pääwa kinni, et rohtu tõi ja maksab 2 rubla rohu eest metsa walitsusele.\n3) Marri Pääw (Käsinik, mees Hans Pääw istub 24 tundi kinni, et rohtu käis toomas-ja 1 rubla.\nMetsawaht Peter Nestra, Kess esti ütles, et tema wõtnud Marri Pääwa rohu-kotti ära, aga pärast tunnistas, et ei ole kotti ärawõtnud, maksab selle wale eest kohtu-peegli ees, kui wannutatud metsawaht 4 rubla trahwi waeste laadiku.-\nHindrik Luht istub weel 2 pääwa selle eest kinni, et südame-täijega kohtu ees ütles: ma lähen ja tappan naese ja tüdruku ära.- jäiwad sellega kõik rahule.-\nA. Saul\nM .Kook\nXXX (Kalew)\n\n", "meta": {"origin_directory": "vallakohus_esimene/"}, "layers": [{"name": "gold_ner", "attributes": ["nertag"], "parent": null, "enveloping": null, "ambiguous": false, "serialisation_module": null, "meta": {}, "spans": [{"base_span": [16, 22], "annotations": [{"nertag": "PER"}]}, {"base_span": [43, 55], "annotations": [{"nertag": "PER"}]}, {"base_span": [70, 80], "annotations": [{"nertag": "PER"}]}, {"base_span": [100, 111], "annotations": [{"nertag": "PER"}]}, {"base_span": [168, 180], "annotations": [{"nertag": "PER"}]}, {"base_span": [298, 309], "annotations": [{"nertag": "PER"}]}, {"base_span": [319, 331], "annotations": [{"nertag": "PER"}]}, {"base_span": [417, 427], "annotations": [{"nertag": "PER"}]}, {"base_span": [443, 452], "annotations": [{"nertag": "PER"}]}, {"base_span": [518, 530], "annotations": [{"nertag": "PER"}]}, {"base_span": [564, 575], "annotations": [{"nertag": "PER"}]}, {"base_span": [739, 751], "annotations": [{"nertag": "PER"}]}, {"base_span": [895, 902], "annotations": [{"nertag": "PER"}]}, {"base_span": [903, 910], "annotations": [{"nertag": "PER"}]}, {"base_span": [916, 921], "annotations": [{"nertag": "PER"}]}]}, {"name": "gold_wordner", "attributes": ["nertag"], "parent": null, "enveloping": null, "ambiguous": false, "serialisation_module": null, "meta": {}, "spans": [{"base_span": [0, 15], "annotations": [{"nertag": "O"}]}, {"base_span": [16, 22], "annotations": [{"nertag": "B-PER"}]}, {"base_span": [23, 30], "annotations": [{"nertag": "O"}]}, {"base_span": [31, 36], "annotations": [{"nertag": "O"}]}, {"base_span": [37, 42], "annotations": [{"nertag": "O"}]}, {"base_span": [43, 50], "annotations": [{"nertag": "B-PER"}]}, {"base_span": [51, 55], "annotations": [{"nertag": "I-PER"}]}, {"base_span": [55, 56], "annotations": [{"nertag": "O"}]}, {"base_span": [57, 61], "annotations": [{"nertag": "O"}]}, {"base_span": [62, 69], "annotations": [{"nertag": "O"}]}, {"base_span": [70, 74], "annotations": [{"nertag": "B-PER"}]}, {"base_span": [75, 80], "annotations": [{"nertag": "I-PER"}]}, {"base_span": [80, 81], "annotations": [{"nertag": "O"}]}, {"base_span": [82, 86], "annotations": [{"nertag": "O"}]}, {"base_span": [87, 93], "annotations": [{"nertag": "O"}]}, {"base_span": [94, 99], "annotations": [{"nertag": "O"}]}, {"base_span": [100, 105], "annotations": [{"nertag": "B-PER"}]}, {"base_span": [106, 111], "annotations": [{"nertag": "I-PER"}]}, {"base_span": [112, 116], "annotations": [{"nertag": "O"}]}, {"base_span": [117, 118], "annotations": [{"nertag": "O"}]}, {"base_span": [118, 125], "annotations": [{"nertag": "O"}]}, {"base_span": [126, 132], "annotations": [{"nertag": "O"}]}, {"base_span": [133, 143], "annotations": [{"nertag": "O"}]}, {"base_span": [144, 151], "annotations": [{"nertag": "O"}]}, {"base_span": [152, 154], "annotations": [{"nertag": "O"}]}, {"base_span": [155, 164], "annotations": [{"nertag": "O"}]}, {"base_span": [164, 165], "annotations": [{"nertag": "O"}]}, {"base_span": [166, 167], "annotations": [{"nertag": "O"}]}, {"base_span": [167, 168], "annotations": [{"nertag": "O"}]}, {"base_span": [168, 175], "annotations": [{"nertag": "B-PER"}]}, {"base_span": [176, 180], "annotations": [{"nertag": "I-PER"}]}, {"base_span": [180, 181], "annotations": [{"nertag": "O"}]}, {"base_span": [182, 195], "annotations": [{"nertag": "O"}]}, {"base_span": [196, 201], "annotations": [{"nertag": "O"}]}, {"base_span": [202, 204], "annotations": [{"nertag": "O"}]}, {"base_span": [205, 210], "annotations": [{"nertag": "O"}]}, {"base_span": [211, 216], "annotations": [{"nertag": "O"}]}, {"base_span": [217, 221], "annotations": [{"nertag": "O"}]}, {"base_span": [222, 227], "annotations": [{"nertag": "O"}]}, {"base_span": [227, 228], "annotations": [{"nertag": "O"}]}, {"base_span": [229, 231], "annotations": [{"nertag": "O"}]}, {"base_span": [232, 239], "annotations": [{"nertag": "O"}]}, {"base_span": [240, 246], "annotations": [{"nertag": "O"}]}, {"base_span": [247, 252], "annotations": [{"nertag": "O"}]}, {"base_span": [253, 258], "annotations": [{"nertag": "O"}]}, {"base_span": [259, 264], "annotations": [{"nertag": "O"}]}, {"base_span": [264, 265], "annotations": [{"nertag": "O"}]}, {"base_span": [266, 269], "annotations": [{"nertag": "O"}]}, {"base_span": [270, 275], "annotations": [{"nertag": "O"}]}, {"base_span": [276, 281], "annotations": [{"nertag": "O"}]}, {"base_span": [281, 282], "annotations": [{"nertag": "O"}]}, {"base_span": [282, 283], "annotations": [{"nertag": "O"}]}, {"base_span": [284, 285], "annotations": [{"nertag": "O"}]}, {"base_span": [285, 286], "annotations": [{"nertag": "O"}]}, {"base_span": [286, 290], "annotations": [{"nertag": "O"}]}, {"base_span": [291, 297], "annotations": [{"nertag": "O"}]}, {"base_span": [298, 303], "annotations": [{"nertag": "B-PER"}]}, {"base_span": [304, 309], "annotations": [{"nertag": "I-PER"}]}, {"base_span": [309, 310], "annotations": [{"nertag": "O"}]}, {"base_span": [311, 318], "annotations": [{"nertag": "O"}]}, {"base_span": [319, 324], "annotations": [{"nertag": "B-PER"}]}, {"base_span": [325, 331], "annotations": [{"nertag": "I-PER"}]}, {"base_span": [331, 332], "annotations": [{"nertag": "O"}]}, {"base_span": [333, 338], "annotations": [{"nertag": "O"}]}, {"base_span": [339, 340], "annotations": [{"nertag": "O"}]}, {"base_span": [341, 346], "annotations": [{"nertag": "O"}]}, {"base_span": [347, 352], "annotations": [{"nertag": "O"}]}, {"base_span": [352, 353], "annotations": [{"nertag": "O"}]}, {"base_span": [354, 356], "annotations": [{"nertag": "O"}]}, {"base_span": [357, 362], "annotations": [{"nertag": "O"}]}, {"base_span": [363, 366], "annotations": [{"nertag": "O"}]}, {"base_span": [367, 369], "annotations": [{"nertag": "O"}]}, {"base_span": [370, 376], "annotations": [{"nertag": "O"}]}, {"base_span": [377, 378], "annotations": [{"nertag": "O"}]}, {"base_span": [379, 384], "annotations": [{"nertag": "O"}]}, {"base_span": [385, 389], "annotations": [{"nertag": "O"}]}, {"base_span": [390, 394], "annotations": [{"nertag": "O"}]}, {"base_span": [395, 400], "annotations": [{"nertag": "O"}]}, {"base_span": [401, 412], "annotations": [{"nertag": "O"}]}, {"base_span": [412, 413], "annotations": [{"nertag": "O"}]}, {"base_span": [414, 415], "annotations": [{"nertag": "O"}]}, {"base_span": [415, 416], "annotations": [{"nertag": "O"}]}, {"base_span": [417, 422], "annotations": [{"nertag": "B-PER"}]}, {"base_span": [423, 427], "annotations": [{"nertag": "I-PER"}]}, {"base_span": [428, 429], "annotations": [{"nertag": "O"}]}, {"base_span": [429, 436], "annotations": [{"nertag": "O"}]}, {"base_span": [436, 437], "annotations": [{"nertag": "O"}]}, {"base_span": [438, 442], "annotations": [{"nertag": "O"}]}, {"base_span": [443, 447], "annotations": [{"nertag": "B-PER"}]}, {"base_span": [448, 452], "annotations": [{"nertag": "I-PER"}]}, {"base_span": [453, 458], "annotations": [{"nertag": "O"}]}, {"base_span": [459, 461], "annotations": [{"nertag": "O"}]}, {"base_span": [462, 467], "annotations": [{"nertag": "O"}]}, {"base_span": [468, 473], "annotations": [{"nertag": "O"}]}, {"base_span": [473, 474], "annotations": [{"nertag": "O"}]}, {"base_span": [475, 477], "annotations": [{"nertag": "O"}]}, {"base_span": [478, 483], "annotations": [{"nertag": "O"}]}, {"base_span": [484, 488], "annotations": [{"nertag": "O"}]}, {"base_span": [489, 495], "annotations": [{"nertag": "O"}]}, {"base_span": [495, 496], "annotations": [{"nertag": "O"}]}, {"base_span": [496, 498], "annotations": [{"nertag": "O"}]}, {"base_span": [499, 500], "annotations": [{"nertag": "O"}]}, {"base_span": [501, 506], "annotations": [{"nertag": "O"}]}, {"base_span": [506, 507], "annotations": [{"nertag": "O"}]}, {"base_span": [508, 517], "annotations": [{"nertag": "O"}]}, {"base_span": [518, 523], "annotations": [{"nertag": "B-PER"}]}, {"base_span": [524, 530], "annotations": [{"nertag": "I-PER"}]}, {"base_span": [530, 531], "annotations": [{"nertag": "O"}]}, {"base_span": [532, 536], "annotations": [{"nertag": "O"}]}, {"base_span": [537, 541], "annotations": [{"nertag": "O"}]}, {"base_span": [542, 547], "annotations": [{"nertag": "O"}]}, {"base_span": [547, 548], "annotations": [{"nertag": "O"}]}, {"base_span": [549, 551], "annotations": [{"nertag": "O"}]}, {"base_span": [552, 556], "annotations": [{"nertag": "O"}]}, {"base_span": [557, 563], "annotations": [{"nertag": "O"}]}, {"base_span": [564, 569], "annotations": [{"nertag": "B-PER"}]}, {"base_span": [570, 575], "annotations": [{"nertag": "I-PER"}]}, {"base_span": [576, 580], "annotations": [{"nertag": "O"}]}, {"base_span": [580, 581], "annotations": [{"nertag": "O"}]}, {"base_span": [581, 586], "annotations": [{"nertag": "O"}]}, {"base_span": [587, 590], "annotations": [{"nertag": "O"}]}, {"base_span": [590, 591], "annotations": [{"nertag": "O"}]}, {"base_span": [592, 595], "annotations": [{"nertag": "O"}]}, {"base_span": [596, 602], "annotations": [{"nertag": "O"}]}, {"base_span": [603, 612], "annotations": [{"nertag": "O"}]}, {"base_span": [612, 613], "annotations": [{"nertag": "O"}]}, {"base_span": [614, 616], "annotations": [{"nertag": "O"}]}, {"base_span": [617, 619], "annotations": [{"nertag": "O"}]}, {"base_span": [620, 623], "annotations": [{"nertag": "O"}]}, {"base_span": [624, 629], "annotations": [{"nertag": "O"}]}, {"base_span": [630, 639], "annotations": [{"nertag": "O"}]}, {"base_span": [639, 640], "annotations": [{"nertag": "O"}]}, {"base_span": [641, 647], "annotations": [{"nertag": "O"}]}, {"base_span": [648, 653], "annotations": [{"nertag": "O"}]}, {"base_span": [654, 658], "annotations": [{"nertag": "O"}]}, {"base_span": [659, 663], "annotations": [{"nertag": "O"}]}, {"base_span": [664, 669], "annotations": [{"nertag": "O"}]}, {"base_span": [669, 670], "annotations": [{"nertag": "O"}]}, {"base_span": [670, 676], "annotations": [{"nertag": "O"}]}, {"base_span": [677, 680], "annotations": [{"nertag": "O"}]}, {"base_span": [680, 681], "annotations": [{"nertag": "O"}]}, {"base_span": [682, 685], "annotations": [{"nertag": "O"}]}, {"base_span": [686, 696], "annotations": [{"nertag": "O"}]}, {"base_span": [697, 706], "annotations": [{"nertag": "O"}]}, {"base_span": [707, 708], "annotations": [{"nertag": "O"}]}, {"base_span": [709, 714], "annotations": [{"nertag": "O"}]}, {"base_span": [715, 721], "annotations": [{"nertag": "O"}]}, {"base_span": [722, 728], "annotations": [{"nertag": "O"}]}, {"base_span": [729, 736], "annotations": [{"nertag": "O"}]}, {"base_span": [736, 737], "annotations": [{"nertag": "O"}]}, {"base_span": [737, 738], "annotations": [{"nertag": "O"}]}, {"base_span": [739, 746], "annotations": [{"nertag": "B-PER"}]}, {"base_span": [747, 751], "annotations": [{"nertag": "I-PER"}]}, {"base_span": [752, 757], "annotations": [{"nertag": "O"}]}, {"base_span": [758, 762], "annotations": [{"nertag": "O"}]}, {"base_span": [763, 764], "annotations": [{"nertag": "O"}]}, {"base_span": [765, 770], "annotations": [{"nertag": "O"}]}, {"base_span": [771, 776], "annotations": [{"nertag": "O"}]}, {"base_span": [777, 781], "annotations": [{"nertag": "O"}]}, {"base_span": [782, 787], "annotations": [{"nertag": "O"}]}, {"base_span": [787, 788], "annotations": [{"nertag": "O"}]}, {"base_span": [789, 791], "annotations": [{"nertag": "O"}]}, {"base_span": [792, 798], "annotations": [{"nertag": "O"}]}, {"base_span": [798, 799], "annotations": [{"nertag": "O"}]}, {"base_span": [799, 806], "annotations": [{"nertag": "O"}]}, {"base_span": [807, 812], "annotations": [{"nertag": "O"}]}, {"base_span": [813, 816], "annotations": [{"nertag": "O"}]}, {"base_span": [817, 822], "annotations": [{"nertag": "O"}]}, {"base_span": [822, 823], "annotations": [{"nertag": "O"}]}, {"base_span": [824, 826], "annotations": [{"nertag": "O"}]}, {"base_span": [827, 832], "annotations": [{"nertag": "O"}]}, {"base_span": [833, 835], "annotations": [{"nertag": "O"}]}, {"base_span": [836, 842], "annotations": [{"nertag": "O"}]}, {"base_span": [843, 848], "annotations": [{"nertag": "O"}]}, {"base_span": [849, 851], "annotations": [{"nertag": "O"}]}, {"base_span": [852, 859], "annotations": [{"nertag": "O"}]}, {"base_span": [860, 863], "annotations": [{"nertag": "O"}]}, {"base_span": [863, 864], "annotations": [{"nertag": "O"}]}, {"base_span": [864, 865], "annotations": [{"nertag": "O"}]}, {"base_span": [866, 872], "annotations": [{"nertag": "O"}]}, {"base_span": [873, 880], "annotations": [{"nertag": "O"}]}, {"base_span": [881, 885], "annotations": [{"nertag": "O"}]}, {"base_span": [886, 892], "annotations": [{"nertag": "O"}]}, {"base_span": [892, 893], "annotations": [{"nertag": "O"}]}, {"base_span": [893, 894], "annotations": [{"nertag": "O"}]}, {"base_span": [895, 896], "annotations": [{"nertag": "B-PER"}]}, {"base_span": [896, 897], "annotations": [{"nertag": "I-PER"}]}, {"base_span": [898, 902], "annotations": [{"nertag": "I-PER"}]}, {"base_span": [903, 904], "annotations": [{"nertag": "B-PER"}]}, {"base_span": [905, 906], "annotations": [{"nertag": "I-PER"}]}, {"base_span": [906, 910], "annotations": [{"nertag": "I-PER"}]}, {"base_span": [911, 914], "annotations": [{"nertag": "O"}]}, {"base_span": [915, 916], "annotations": [{"nertag": "O"}]}, {"base_span": [916, 921], "annotations": [{"nertag": "B-PER"}]}, {"base_span": [921, 922], "annotations": [{"nertag": "O"}]}]}]}