{"text": "Metsawallitseja Gross kaebab Iwan Garafimow Saposchnikow peale, se polle heinamaad, mis puhhastada olnud mitte täieste ärrapuhhastanud.\nIwan Garafimow Saposchnikow kostab, et temma olla täieste ärra puhhastanud.\nWöörmönder Josep Kokka tunnistab, et heinamaa polle mitte täieste puhhas olnud\nKohhus Mõistis:\nIwan Garafimow Saposchnikow maksab 6. rubla waesteladiko trahwiks, ei olle agga rahha wäljamaksa, siis istub 3x24 tunni wangihoones kinni\n/: Otsus kulutud sel 25. Oktobril . c. Tallorahwa seaduse ramato §§ 772 ja 773 juhhatusel:/\n\nA. Krimm [allkiri], peaxxx Maddis Erm, kohtumeesA. Pärn [allkiri], \"xxx Tawet Kook, \"\n\"\n", "meta": {"origin_directory": "vallakohus_esimene/"}, "layers": [{"name": "gold_ner", "attributes": ["nertag"], "parent": null, "enveloping": null, "ambiguous": false, "serialisation_module": null, "meta": {}, "spans": [{"base_span": [16, 21], "annotations": [{"nertag": "PER"}]}, {"base_span": [29, 56], "annotations": [{"nertag": "PER"}]}, {"base_span": [136, 163], "annotations": [{"nertag": "PER"}]}, {"base_span": [223, 234], "annotations": [{"nertag": "PER"}]}, {"base_span": [307, 334], "annotations": [{"nertag": "PER"}]}, {"base_span": [484, 509], "annotations": [{"nertag": "MISC"}]}, {"base_span": [538, 546], "annotations": [{"nertag": "PER"}]}, {"base_span": [565, 575], "annotations": [{"nertag": "PER"}]}, {"base_span": [586, 593], "annotations": [{"nertag": "PER"}]}, {"base_span": [610, 620], "annotations": [{"nertag": "PER"}]}]}, {"name": "gold_wordner", "attributes": ["nertag"], "parent": null, "enveloping": null, "ambiguous": false, "serialisation_module": null, "meta": {}, "spans": [{"base_span": [0, 15], "annotations": [{"nertag": "O"}]}, {"base_span": [16, 21], "annotations": [{"nertag": "B-PER"}]}, {"base_span": [22, 28], "annotations": [{"nertag": "O"}]}, {"base_span": [29, 33], "annotations": [{"nertag": "B-PER"}]}, {"base_span": [34, 43], "annotations": [{"nertag": "I-PER"}]}, {"base_span": [44, 56], "annotations": [{"nertag": "I-PER"}]}, {"base_span": [57, 62], "annotations": [{"nertag": "O"}]}, {"base_span": [62, 63], "annotations": [{"nertag": "O"}]}, {"base_span": [64, 66], "annotations": [{"nertag": "O"}]}, {"base_span": [67, 72], "annotations": [{"nertag": "O"}]}, {"base_span": [73, 82], "annotations": [{"nertag": "O"}]}, {"base_span": [82, 83], "annotations": [{"nertag": "O"}]}, {"base_span": [84, 87], "annotations": [{"nertag": "O"}]}, {"base_span": [88, 98], "annotations": [{"nertag": "O"}]}, {"base_span": [99, 104], "annotations": [{"nertag": "O"}]}, {"base_span": [105, 110], "annotations": [{"nertag": "O"}]}, {"base_span": [111, 118], "annotations": [{"nertag": "O"}]}, {"base_span": [119, 134], "annotations": [{"nertag": "O"}]}, {"base_span": [134, 135], "annotations": [{"nertag": "O"}]}, {"base_span": [136, 140], "annotations": [{"nertag": "B-PER"}]}, {"base_span": [141, 150], "annotations": [{"nertag": "I-PER"}]}, {"base_span": [151, 163], "annotations": [{"nertag": "I-PER"}]}, {"base_span": [164, 170], "annotations": [{"nertag": "O"}]}, {"base_span": [170, 171], "annotations": [{"nertag": "O"}]}, {"base_span": [172, 174], "annotations": [{"nertag": "O"}]}, {"base_span": [175, 180], "annotations": [{"nertag": "O"}]}, {"base_span": [181, 185], "annotations": [{"nertag": "O"}]}, {"base_span": [186, 193], "annotations": [{"nertag": "O"}]}, {"base_span": [194, 198], "annotations": [{"nertag": "O"}]}, {"base_span": [199, 210], "annotations": [{"nertag": "O"}]}, {"base_span": [210, 211], "annotations": [{"nertag": "O"}]}, {"base_span": [212, 222], "annotations": [{"nertag": "O"}]}, {"base_span": [223, 228], "annotations": [{"nertag": "B-PER"}]}, {"base_span": [229, 234], "annotations": [{"nertag": "I-PER"}]}, {"base_span": [235, 244], "annotations": [{"nertag": "O"}]}, {"base_span": [244, 245], "annotations": [{"nertag": "O"}]}, {"base_span": [246, 248], "annotations": [{"nertag": "O"}]}, {"base_span": [249, 257], "annotations": [{"nertag": "O"}]}, {"base_span": [258, 263], "annotations": [{"nertag": "O"}]}, {"base_span": [264, 269], "annotations": [{"nertag": "O"}]}, {"base_span": [270, 277], "annotations": [{"nertag": "O"}]}, {"base_span": [278, 284], "annotations": [{"nertag": "O"}]}, {"base_span": [285, 290], "annotations": [{"nertag": "O"}]}, {"base_span": [291, 297], "annotations": [{"nertag": "O"}]}, {"base_span": [298, 305], "annotations": [{"nertag": "O"}]}, {"base_span": [305, 306], "annotations": [{"nertag": "O"}]}, {"base_span": [307, 311], "annotations": [{"nertag": "B-PER"}]}, {"base_span": [312, 321], "annotations": [{"nertag": "I-PER"}]}, {"base_span": [322, 334], "annotations": [{"nertag": "I-PER"}]}, {"base_span": [335, 341], "annotations": [{"nertag": "O"}]}, {"base_span": [342, 344], "annotations": [{"nertag": "O"}]}, {"base_span": [345, 350], "annotations": [{"nertag": "O"}]}, {"base_span": [351, 363], "annotations": [{"nertag": "O"}]}, {"base_span": [364, 372], "annotations": [{"nertag": "O"}]}, {"base_span": [372, 373], "annotations": [{"nertag": "O"}]}, {"base_span": [374, 376], "annotations": [{"nertag": "O"}]}, {"base_span": [377, 381], "annotations": [{"nertag": "O"}]}, {"base_span": [382, 386], "annotations": [{"nertag": "O"}]}, {"base_span": [387, 392], "annotations": [{"nertag": "O"}]}, {"base_span": [393, 403], "annotations": [{"nertag": "O"}]}, {"base_span": [403, 404], "annotations": [{"nertag": "O"}]}, {"base_span": [405, 409], "annotations": [{"nertag": "O"}]}, {"base_span": [410, 415], "annotations": [{"nertag": "O"}]}, {"base_span": [416, 420], "annotations": [{"nertag": "O"}]}, {"base_span": [421, 426], "annotations": [{"nertag": "O"}]}, {"base_span": [427, 438], "annotations": [{"nertag": "O"}]}, {"base_span": [439, 444], "annotations": [{"nertag": "O"}]}, {"base_span": [445, 446], "annotations": [{"nertag": "O"}]}, {"base_span": [446, 447], "annotations": [{"nertag": "O"}]}, {"base_span": [448, 453], "annotations": [{"nertag": "O"}]}, {"base_span": [454, 461], "annotations": [{"nertag": "O"}]}, {"base_span": [462, 465], "annotations": [{"nertag": "O"}]}, {"base_span": [466, 469], "annotations": [{"nertag": "O"}]}, {"base_span": [470, 478], "annotations": [{"nertag": "O"}]}, {"base_span": [479, 480], "annotations": [{"nertag": "O"}]}, {"base_span": [481, 482], "annotations": [{"nertag": "O"}]}, {"base_span": [482, 483], "annotations": [{"nertag": "O"}]}, {"base_span": [484, 494], "annotations": [{"nertag": "B-MISC"}]}, {"base_span": [495, 502], "annotations": [{"nertag": "I-MISC"}]}, {"base_span": [503, 509], "annotations": [{"nertag": "I-MISC"}]}, {"base_span": [510, 512], "annotations": [{"nertag": "O"}]}, {"base_span": [513, 516], "annotations": [{"nertag": "O"}]}, {"base_span": [517, 519], "annotations": [{"nertag": "O"}]}, {"base_span": [520, 523], "annotations": [{"nertag": "O"}]}, {"base_span": [524, 534], "annotations": [{"nertag": "O"}]}, {"base_span": [534, 535], "annotations": [{"nertag": "O"}]}, {"base_span": [535, 536], "annotations": [{"nertag": "O"}]}, {"base_span": [538, 539], "annotations": [{"nertag": "B-PER"}]}, {"base_span": [539, 540], "annotations": [{"nertag": "I-PER"}]}, {"base_span": [541, 546], "annotations": [{"nertag": "I-PER"}]}, {"base_span": [547, 548], "annotations": [{"nertag": "O"}]}, {"base_span": [548, 555], "annotations": [{"nertag": "O"}]}, {"base_span": [555, 556], "annotations": [{"nertag": "O"}]}, {"base_span": [556, 557], "annotations": [{"nertag": "O"}]}, {"base_span": [558, 564], "annotations": [{"nertag": "O"}]}, {"base_span": [565, 571], "annotations": [{"nertag": "B-PER"}]}, {"base_span": [572, 575], "annotations": [{"nertag": "I-PER"}]}, {"base_span": [575, 576], "annotations": [{"nertag": "O"}]}, {"base_span": [577, 586], "annotations": [{"nertag": "O"}]}, {"base_span": [586, 587], "annotations": [{"nertag": "B-PER"}]}, {"base_span": [587, 588], "annotations": [{"nertag": "I-PER"}]}, {"base_span": [589, 593], "annotations": [{"nertag": "I-PER"}]}, {"base_span": [594, 595], "annotations": [{"nertag": "O"}]}, {"base_span": [595, 602], "annotations": [{"nertag": "O"}]}, {"base_span": [602, 603], "annotations": [{"nertag": "O"}]}, {"base_span": [603, 604], "annotations": [{"nertag": "O"}]}, {"base_span": [605, 606], "annotations": [{"nertag": "O"}]}, {"base_span": [606, 609], "annotations": [{"nertag": "O"}]}, {"base_span": [610, 615], "annotations": [{"nertag": "B-PER"}]}, {"base_span": [616, 620], "annotations": [{"nertag": "I-PER"}]}, {"base_span": [620, 621], "annotations": [{"nertag": "O"}]}, {"base_span": [622, 623], "annotations": [{"nertag": "O"}]}, {"base_span": [624, 625], "annotations": [{"nertag": "O"}]}]}]}