{"text": "\nJürri Errapart kaebas et Maddis Leppa poeg nende küllas karjas käinud ja on siis temma wassikid arra söönud, mis pärrast temma tahtnud palka kinni piddada mis peale Maddis Errapart täie suuga wanduma hakkanud kurrat wõib so wassikad ja ellajad keik ärra süja\n\nMaddis Lepp räkis et Jürri Errapart temma karja palka piddanud ja on temma ütlenud, egga minna wõi selle ette Hunt wõib sinno ellajad keik ärra süja\n\nJaan Pihkwa tunnistas et Maddis Lepp ütlenud kurrat wõib so ellajad keik ärra süja\n\nMõistus.\n\nJürri Errapart peab se karja palk Maddis Leppale wälja maksma ja jäeb agga se palk nende wassekatte eest mis otsa sanud taggasi agga et temma keik palka omma wäewallaga kinni piddanud maksab temma selle eest 1 Rubla trahwi walla laeka ja Maddis Lepp saab se wandumisse eest 10 witsa löökiga trahwitud ja ei tohhi temma koplist läbbi käia\n\nJosep Reisenpuk XXX\n\nMaddis Kallaus XXX\n\nJaan Ambos XXX\n\n\n", "meta": {"origin_directory": "vallakohus_kolmas/"}, "layers": [{"name": "gold_ner", "attributes": ["nertag"], "parent": null, "enveloping": null, "ambiguous": false, "serialisation_module": null, "meta": {}, "spans": [{"base_span": [1, 15], "annotations": [{"nertag": "PER"}]}, {"base_span": [26, 38], "annotations": [{"nertag": "PER"}]}, {"base_span": [166, 181], "annotations": [{"nertag": "PER"}]}, {"base_span": [261, 272], "annotations": [{"nertag": "PER"}]}, {"base_span": [282, 296], "annotations": [{"nertag": "PER"}]}, {"base_span": [411, 422], "annotations": [{"nertag": "PER"}]}, {"base_span": [436, 447], "annotations": [{"nertag": "PER"}]}, {"base_span": [505, 519], "annotations": [{"nertag": "PER"}]}, {"base_span": [539, 553], "annotations": [{"nertag": "PER"}]}, {"base_span": [743, 754], "annotations": [{"nertag": "PER"}]}, {"base_span": [844, 859], "annotations": [{"nertag": "PER"}]}, {"base_span": [865, 879], "annotations": [{"nertag": "PER"}]}, {"base_span": [885, 895], "annotations": [{"nertag": "PER"}]}]}, {"name": "gold_wordner", "attributes": ["nertag"], "parent": null, "enveloping": null, "ambiguous": false, "serialisation_module": null, "meta": {}, "spans": [{"base_span": [1, 6], "annotations": [{"nertag": "B-PER"}]}, {"base_span": [7, 15], "annotations": [{"nertag": "I-PER"}]}, {"base_span": [16, 22], "annotations": [{"nertag": "O"}]}, {"base_span": [23, 25], "annotations": [{"nertag": "O"}]}, {"base_span": [26, 32], "annotations": [{"nertag": "B-PER"}]}, {"base_span": [33, 38], "annotations": [{"nertag": "I-PER"}]}, {"base_span": [39, 43], "annotations": [{"nertag": "O"}]}, {"base_span": [44, 49], "annotations": [{"nertag": "O"}]}, {"base_span": [50, 56], "annotations": [{"nertag": "O"}]}, {"base_span": [57, 63], "annotations": [{"nertag": "O"}]}, {"base_span": [64, 70], "annotations": [{"nertag": "O"}]}, {"base_span": [71, 73], "annotations": [{"nertag": "O"}]}, {"base_span": [74, 76], "annotations": [{"nertag": "O"}]}, {"base_span": [77, 81], "annotations": [{"nertag": "O"}]}, {"base_span": [82, 87], "annotations": [{"nertag": "O"}]}, {"base_span": [88, 96], "annotations": [{"nertag": "O"}]}, {"base_span": [97, 101], "annotations": [{"nertag": "O"}]}, {"base_span": [102, 108], "annotations": [{"nertag": "O"}]}, {"base_span": [108, 109], "annotations": [{"nertag": "O"}]}, {"base_span": [110, 113], "annotations": [{"nertag": "O"}]}, {"base_span": [114, 121], "annotations": [{"nertag": "O"}]}, {"base_span": [122, 127], "annotations": [{"nertag": "O"}]}, {"base_span": [128, 135], "annotations": [{"nertag": "O"}]}, {"base_span": [136, 141], "annotations": [{"nertag": "O"}]}, {"base_span": [142, 147], "annotations": [{"nertag": "O"}]}, {"base_span": [148, 155], "annotations": [{"nertag": "O"}]}, {"base_span": [156, 159], "annotations": [{"nertag": "O"}]}, {"base_span": [160, 165], "annotations": [{"nertag": "O"}]}, {"base_span": [166, 172], "annotations": [{"nertag": "B-PER"}]}, {"base_span": [173, 181], "annotations": [{"nertag": "I-PER"}]}, {"base_span": [182, 186], "annotations": [{"nertag": "O"}]}, {"base_span": [187, 192], "annotations": [{"nertag": "O"}]}, {"base_span": [193, 200], "annotations": [{"nertag": "O"}]}, {"base_span": [201, 209], "annotations": [{"nertag": "O"}]}, {"base_span": [210, 216], "annotations": [{"nertag": "O"}]}, {"base_span": [217, 221], "annotations": [{"nertag": "O"}]}, {"base_span": [222, 224], "annotations": [{"nertag": "O"}]}, {"base_span": [225, 233], "annotations": [{"nertag": "O"}]}, {"base_span": [234, 236], "annotations": [{"nertag": "O"}]}, {"base_span": [237, 244], "annotations": [{"nertag": "O"}]}, {"base_span": [245, 249], "annotations": [{"nertag": "O"}]}, {"base_span": [250, 254], "annotations": [{"nertag": "O"}]}, {"base_span": [255, 259], "annotations": [{"nertag": "O"}]}, {"base_span": [261, 267], "annotations": [{"nertag": "B-PER"}]}, {"base_span": [268, 272], "annotations": [{"nertag": "I-PER"}]}, {"base_span": [273, 278], "annotations": [{"nertag": "O"}]}, {"base_span": [279, 281], "annotations": [{"nertag": "O"}]}, {"base_span": [282, 287], "annotations": [{"nertag": "B-PER"}]}, {"base_span": [288, 296], "annotations": [{"nertag": "I-PER"}]}, {"base_span": [297, 302], "annotations": [{"nertag": "O"}]}, {"base_span": [303, 308], "annotations": [{"nertag": "O"}]}, {"base_span": [309, 314], "annotations": [{"nertag": "O"}]}, {"base_span": [315, 323], "annotations": [{"nertag": "O"}]}, {"base_span": [324, 326], "annotations": [{"nertag": "O"}]}, {"base_span": [327, 329], "annotations": [{"nertag": "O"}]}, {"base_span": [330, 335], "annotations": [{"nertag": "O"}]}, {"base_span": [336, 343], "annotations": [{"nertag": "O"}]}, {"base_span": [343, 344], "annotations": [{"nertag": "O"}]}, {"base_span": [345, 349], "annotations": [{"nertag": "O"}]}, {"base_span": [350, 355], "annotations": [{"nertag": "O"}]}, {"base_span": [356, 359], "annotations": [{"nertag": "O"}]}, {"base_span": [360, 365], "annotations": [{"nertag": "O"}]}, {"base_span": [366, 370], "annotations": [{"nertag": "O"}]}, {"base_span": [371, 375], "annotations": [{"nertag": "O"}]}, {"base_span": [376, 380], "annotations": [{"nertag": "O"}]}, {"base_span": [381, 386], "annotations": [{"nertag": "O"}]}, {"base_span": [387, 394], "annotations": [{"nertag": "O"}]}, {"base_span": [395, 399], "annotations": [{"nertag": "O"}]}, {"base_span": [400, 404], "annotations": [{"nertag": "O"}]}, {"base_span": [405, 409], "annotations": [{"nertag": "O"}]}, {"base_span": [411, 415], "annotations": [{"nertag": "B-PER"}]}, {"base_span": [416, 422], "annotations": [{"nertag": "I-PER"}]}, {"base_span": [423, 432], "annotations": [{"nertag": "O"}]}, {"base_span": [433, 435], "annotations": [{"nertag": "O"}]}, {"base_span": [436, 442], "annotations": [{"nertag": "B-PER"}]}, {"base_span": [443, 447], "annotations": [{"nertag": "I-PER"}]}, {"base_span": [448, 455], "annotations": [{"nertag": "O"}]}, {"base_span": [456, 462], "annotations": [{"nertag": "O"}]}, {"base_span": [463, 467], "annotations": [{"nertag": "O"}]}, {"base_span": [468, 470], "annotations": [{"nertag": "O"}]}, {"base_span": [471, 478], "annotations": [{"nertag": "O"}]}, {"base_span": [479, 483], "annotations": [{"nertag": "O"}]}, {"base_span": [484, 488], "annotations": [{"nertag": "O"}]}, {"base_span": [489, 493], "annotations": [{"nertag": "O"}]}, {"base_span": [495, 502], "annotations": [{"nertag": "O"}]}, {"base_span": [502, 503], "annotations": [{"nertag": "O"}]}, {"base_span": [505, 510], "annotations": [{"nertag": "B-PER"}]}, {"base_span": [511, 519], "annotations": [{"nertag": "I-PER"}]}, {"base_span": [520, 524], "annotations": [{"nertag": "O"}]}, {"base_span": [525, 527], "annotations": [{"nertag": "O"}]}, {"base_span": [528, 533], "annotations": [{"nertag": "O"}]}, {"base_span": [534, 538], "annotations": [{"nertag": "O"}]}, {"base_span": [539, 545], "annotations": [{"nertag": "B-PER"}]}, {"base_span": [546, 553], "annotations": [{"nertag": "I-PER"}]}, {"base_span": [554, 559], "annotations": [{"nertag": "O"}]}, {"base_span": [560, 566], "annotations": [{"nertag": "O"}]}, {"base_span": [567, 569], "annotations": [{"nertag": "O"}]}, {"base_span": [570, 574], "annotations": [{"nertag": "O"}]}, {"base_span": [575, 579], "annotations": [{"nertag": "O"}]}, {"base_span": [580, 582], "annotations": [{"nertag": "O"}]}, {"base_span": [583, 587], "annotations": [{"nertag": "O"}]}, {"base_span": [588, 593], "annotations": [{"nertag": "O"}]}, {"base_span": [594, 604], "annotations": [{"nertag": "O"}]}, {"base_span": [605, 609], "annotations": [{"nertag": "O"}]}, {"base_span": [610, 613], "annotations": [{"nertag": "O"}]}, {"base_span": [614, 618], "annotations": [{"nertag": "O"}]}, {"base_span": [619, 624], "annotations": [{"nertag": "O"}]}, {"base_span": [625, 632], "annotations": [{"nertag": "O"}]}, {"base_span": [633, 637], "annotations": [{"nertag": "O"}]}, {"base_span": [638, 640], "annotations": [{"nertag": "O"}]}, {"base_span": [641, 646], "annotations": [{"nertag": "O"}]}, {"base_span": [647, 651], "annotations": [{"nertag": "O"}]}, {"base_span": [652, 657], "annotations": [{"nertag": "O"}]}, {"base_span": [658, 662], "annotations": [{"nertag": "O"}]}, {"base_span": [663, 673], "annotations": [{"nertag": "O"}]}, {"base_span": [674, 679], "annotations": [{"nertag": "O"}]}, {"base_span": [680, 688], "annotations": [{"nertag": "O"}]}, {"base_span": [689, 695], "annotations": [{"nertag": "O"}]}, {"base_span": [696, 701], "annotations": [{"nertag": "O"}]}, {"base_span": [702, 707], "annotations": [{"nertag": "O"}]}, {"base_span": [708, 712], "annotations": [{"nertag": "O"}]}, {"base_span": [713, 714], "annotations": [{"nertag": "O"}]}, {"base_span": [715, 720], "annotations": [{"nertag": "O"}]}, {"base_span": [721, 727], "annotations": [{"nertag": "O"}]}, {"base_span": [728, 733], "annotations": [{"nertag": "O"}]}, {"base_span": [734, 739], "annotations": [{"nertag": "O"}]}, {"base_span": [740, 742], "annotations": [{"nertag": "O"}]}, {"base_span": [743, 749], "annotations": [{"nertag": "B-PER"}]}, {"base_span": [750, 754], "annotations": [{"nertag": "I-PER"}]}, {"base_span": [755, 759], "annotations": [{"nertag": "O"}]}, {"base_span": [760, 762], "annotations": [{"nertag": "O"}]}, {"base_span": [763, 773], "annotations": [{"nertag": "O"}]}, {"base_span": [774, 778], "annotations": [{"nertag": "O"}]}, {"base_span": [779, 781], "annotations": [{"nertag": "O"}]}, {"base_span": [782, 787], "annotations": [{"nertag": "O"}]}, {"base_span": [788, 795], "annotations": [{"nertag": "O"}]}, {"base_span": [796, 805], "annotations": [{"nertag": "O"}]}, {"base_span": [806, 808], "annotations": [{"nertag": "O"}]}, {"base_span": [809, 811], "annotations": [{"nertag": "O"}]}, {"base_span": [812, 817], "annotations": [{"nertag": "O"}]}, {"base_span": [818, 823], "annotations": [{"nertag": "O"}]}, {"base_span": [824, 831], "annotations": [{"nertag": "O"}]}, {"base_span": [832, 837], "annotations": [{"nertag": "O"}]}, {"base_span": [838, 842], "annotations": [{"nertag": "O"}]}, {"base_span": [844, 849], "annotations": [{"nertag": "B-PER"}]}, {"base_span": [850, 859], "annotations": [{"nertag": "I-PER"}]}, {"base_span": [860, 863], "annotations": [{"nertag": "O"}]}, {"base_span": [865, 871], "annotations": [{"nertag": "B-PER"}]}, {"base_span": [872, 879], "annotations": [{"nertag": "I-PER"}]}, {"base_span": [880, 883], "annotations": [{"nertag": "O"}]}, {"base_span": [885, 889], "annotations": [{"nertag": "B-PER"}]}, {"base_span": [890, 895], "annotations": [{"nertag": "I-PER"}]}, {"base_span": [896, 899], "annotations": [{"nertag": "O"}]}]}]}