{"text": "\nKadri Unt tunnistas et Jürri Grünthal pühhapääw enne walget nende juure tulnud ja sinna korterid pallunud peale selle on siis Jürri Grünthal üks puddel õllut pallunud ja sedda ärra joonud, ja pallunud siis et nemmad agga hommikust kohwi tehnud jonud ka Grünthal nendega ühhes, mis peale siis toolide peale tukkuma jänud, ja kui temma mees hommiko tahtnud kerriko sõita, ja Jürri Grünthali kaest sedda rahha nõudnud mis temma wõtnud olli ütlenud temma eks minno rahha ollegi sinno käes ja kui temma mees Jaan Unt kõwwaste küssinud mis tühja jutto sinna ajat pallunud Jürri Grünthal minna teggin nalja ärra panne pahhast ja ei olle nemmad näinud Jürri Grunthali rahha, peale selle peab need sapad mis Jürri Grünthal ütleb nende juures ärrawarrastud ollema Mart Remmelga käes kes neid jo Maetsma kõrtsis ärra warrastanud\n\nMart Remmelgas tunnistas et temma lähnud Jürri Grünthaliga Maetsma kõrtsi ja on siis seal pühhapääwa hommiko kõrtsi seina ärest need sapad leidnud\n\nMõistus.\n\nEt Jürri Grünthalil temma ütlemisse järrel Waddi kõrtsis kus muud rahwast ei olle olnud 111 Rubla rahha ärra wõetud agga temma selle peale ühtegi tunnistust ei woi tuwwa kes sedda näinud et se rahha seal ärra wõetud ei woi selle pärrast Koggokonnakohhus Jaan Unti ja temma Naist süialluseks mõista ning wõib Jürri Grünthal sedda asja ühhe kõwwema tunnistusse läbbi suurema kohto ette wija\n\nSe mõistus sai selle sädusse põhja peal nende kohtokäijatelle §§ 772 ja 773 kuulutud ning nendele se Appellation lubbatud.\n\nJürri Grünthal pallus Protokolli wälja suurema Kohto minna\n\nMaddis Tamm XXX\n\nJosep Reisenpuk XXX\n\nAdam Ninepu XXX\n\nJürri Grünthalile sai se lubbatud Appelation sel 27 Nowembril sub No 389 wälja antud.\n\n\n", "meta": {"origin_directory": "vallakohus_neljas/"}, "layers": [{"name": "gold_ner", "attributes": ["nertag"], "parent": null, "enveloping": null, "ambiguous": false, "serialisation_module": null, "meta": {}, "spans": [{"base_span": [1, 10], "annotations": [{"nertag": "PER"}]}, {"base_span": [24, 38], "annotations": [{"nertag": "PER"}]}, {"base_span": [127, 141], "annotations": [{"nertag": "PER"}]}, {"base_span": [254, 262], "annotations": [{"nertag": "PER"}]}, {"base_span": [374, 389], "annotations": [{"nertag": "PER"}]}, {"base_span": [504, 512], "annotations": [{"nertag": "PER"}]}, {"base_span": [567, 581], "annotations": [{"nertag": "PER"}]}, {"base_span": [645, 660], "annotations": [{"nertag": "PER"}]}, {"base_span": [700, 714], "annotations": [{"nertag": "PER"}]}, {"base_span": [755, 768], "annotations": [{"nertag": "PER"}]}, {"base_span": [786, 801], "annotations": [{"nertag": "LOC_ORG"}]}, {"base_span": [820, 834], "annotations": [{"nertag": "PER"}]}, {"base_span": [861, 878], "annotations": [{"nertag": "PER"}]}, {"base_span": [879, 893], "annotations": [{"nertag": "LOC_ORG"}]}, {"base_span": [981, 997], "annotations": [{"nertag": "PER"}]}, {"base_span": [1021, 1034], "annotations": [{"nertag": "LOC_ORG"}]}, {"base_span": [1232, 1241], "annotations": [{"nertag": "PER"}]}, {"base_span": [1286, 1300], "annotations": [{"nertag": "PER"}]}, {"base_span": [1492, 1506], "annotations": [{"nertag": "PER"}]}, {"base_span": [1552, 1563], "annotations": [{"nertag": "PER"}]}, {"base_span": [1569, 1584], "annotations": [{"nertag": "PER"}]}, {"base_span": [1590, 1601], "annotations": [{"nertag": "PER"}]}, {"base_span": [1607, 1624], "annotations": [{"nertag": "PER"}]}]}, {"name": "gold_wordner", "attributes": ["nertag"], "parent": null, "enveloping": null, "ambiguous": false, "serialisation_module": null, "meta": {}, "spans": [{"base_span": [1, 6], "annotations": [{"nertag": "B-PER"}]}, {"base_span": [7, 10], "annotations": [{"nertag": "I-PER"}]}, {"base_span": [11, 20], "annotations": [{"nertag": "O"}]}, {"base_span": [21, 23], "annotations": [{"nertag": "O"}]}, {"base_span": [24, 29], "annotations": [{"nertag": "B-PER"}]}, {"base_span": [30, 38], "annotations": [{"nertag": "I-PER"}]}, {"base_span": [39, 48], "annotations": [{"nertag": "O"}]}, {"base_span": [49, 53], "annotations": [{"nertag": "O"}]}, {"base_span": [54, 60], "annotations": [{"nertag": "O"}]}, {"base_span": [61, 66], "annotations": [{"nertag": "O"}]}, {"base_span": [67, 72], "annotations": [{"nertag": "O"}]}, {"base_span": [73, 79], "annotations": [{"nertag": "O"}]}, {"base_span": [80, 82], "annotations": [{"nertag": "O"}]}, {"base_span": [83, 88], "annotations": [{"nertag": "O"}]}, {"base_span": [89, 97], "annotations": [{"nertag": "O"}]}, {"base_span": [98, 106], "annotations": [{"nertag": "O"}]}, {"base_span": [107, 112], "annotations": [{"nertag": "O"}]}, {"base_span": [113, 118], "annotations": [{"nertag": "O"}]}, {"base_span": [119, 121], "annotations": [{"nertag": "O"}]}, {"base_span": [122, 126], "annotations": [{"nertag": "O"}]}, {"base_span": [127, 132], "annotations": [{"nertag": "B-PER"}]}, {"base_span": [133, 141], "annotations": [{"nertag": "I-PER"}]}, {"base_span": [142, 145], "annotations": [{"nertag": "O"}]}, {"base_span": [146, 152], "annotations": [{"nertag": "O"}]}, {"base_span": [153, 158], "annotations": [{"nertag": "O"}]}, {"base_span": [159, 167], "annotations": [{"nertag": "O"}]}, {"base_span": [168, 170], "annotations": [{"nertag": "O"}]}, {"base_span": [171, 176], "annotations": [{"nertag": "O"}]}, {"base_span": [177, 181], "annotations": [{"nertag": "O"}]}, {"base_span": [182, 188], "annotations": [{"nertag": "O"}]}, {"base_span": [188, 189], "annotations": [{"nertag": "O"}]}, {"base_span": [190, 192], "annotations": [{"nertag": "O"}]}, {"base_span": [193, 201], "annotations": [{"nertag": "O"}]}, {"base_span": [202, 206], "annotations": [{"nertag": "O"}]}, {"base_span": [207, 209], "annotations": [{"nertag": "O"}]}, {"base_span": [210, 216], "annotations": [{"nertag": "O"}]}, {"base_span": [217, 221], "annotations": [{"nertag": "O"}]}, {"base_span": [222, 231], "annotations": [{"nertag": "O"}]}, {"base_span": [232, 237], "annotations": [{"nertag": "O"}]}, {"base_span": [238, 244], "annotations": [{"nertag": "O"}]}, {"base_span": [245, 250], "annotations": [{"nertag": "O"}]}, {"base_span": [251, 253], "annotations": [{"nertag": "O"}]}, {"base_span": [254, 262], "annotations": [{"nertag": "B-PER"}]}, {"base_span": [263, 270], "annotations": [{"nertag": "O"}]}, {"base_span": [271, 276], "annotations": [{"nertag": "O"}]}, {"base_span": [276, 277], "annotations": [{"nertag": "O"}]}, {"base_span": [278, 281], "annotations": [{"nertag": "O"}]}, {"base_span": [282, 287], "annotations": [{"nertag": "O"}]}, {"base_span": [288, 292], "annotations": [{"nertag": "O"}]}, {"base_span": [293, 300], "annotations": [{"nertag": "O"}]}, {"base_span": [301, 306], "annotations": [{"nertag": "O"}]}, {"base_span": [307, 314], "annotations": [{"nertag": "O"}]}, {"base_span": [315, 320], "annotations": [{"nertag": "O"}]}, {"base_span": [320, 321], "annotations": [{"nertag": "O"}]}, {"base_span": [322, 324], "annotations": [{"nertag": "O"}]}, {"base_span": [325, 328], "annotations": [{"nertag": "O"}]}, {"base_span": [329, 334], "annotations": [{"nertag": "O"}]}, {"base_span": [335, 339], "annotations": [{"nertag": "O"}]}, {"base_span": [340, 347], "annotations": [{"nertag": "O"}]}, {"base_span": [348, 355], "annotations": [{"nertag": "O"}]}, {"base_span": [356, 363], "annotations": [{"nertag": "O"}]}, {"base_span": [364, 369], "annotations": [{"nertag": "O"}]}, {"base_span": [369, 370], "annotations": [{"nertag": "O"}]}, {"base_span": [371, 373], "annotations": [{"nertag": "O"}]}, {"base_span": [374, 379], "annotations": [{"nertag": "B-PER"}]}, {"base_span": [380, 389], "annotations": [{"nertag": "I-PER"}]}, {"base_span": [390, 395], "annotations": [{"nertag": "O"}]}, {"base_span": [396, 401], "annotations": [{"nertag": "O"}]}, {"base_span": [402, 407], "annotations": [{"nertag": "O"}]}, {"base_span": [408, 415], "annotations": [{"nertag": "O"}]}, {"base_span": [416, 419], "annotations": [{"nertag": "O"}]}, {"base_span": [420, 425], "annotations": [{"nertag": "O"}]}, {"base_span": [426, 432], "annotations": [{"nertag": "O"}]}, {"base_span": [433, 437], "annotations": [{"nertag": "O"}]}, {"base_span": [438, 445], "annotations": [{"nertag": "O"}]}, {"base_span": [446, 451], "annotations": [{"nertag": "O"}]}, {"base_span": [452, 455], "annotations": [{"nertag": "O"}]}, {"base_span": [456, 461], "annotations": [{"nertag": "O"}]}, {"base_span": [462, 467], "annotations": [{"nertag": "O"}]}, {"base_span": [468, 474], "annotations": [{"nertag": "O"}]}, {"base_span": [475, 480], "annotations": [{"nertag": "O"}]}, {"base_span": [481, 485], "annotations": [{"nertag": "O"}]}, {"base_span": [486, 488], "annotations": [{"nertag": "O"}]}, {"base_span": [489, 492], "annotations": [{"nertag": "O"}]}, {"base_span": [493, 498], "annotations": [{"nertag": "O"}]}, {"base_span": [499, 503], "annotations": [{"nertag": "O"}]}, {"base_span": [504, 508], "annotations": [{"nertag": "B-PER"}]}, {"base_span": [509, 512], "annotations": [{"nertag": "I-PER"}]}, {"base_span": [513, 521], "annotations": [{"nertag": "O"}]}, {"base_span": [522, 530], "annotations": [{"nertag": "O"}]}, {"base_span": [531, 534], "annotations": [{"nertag": "O"}]}, {"base_span": [535, 540], "annotations": [{"nertag": "O"}]}, {"base_span": [541, 546], "annotations": [{"nertag": "O"}]}, {"base_span": [547, 552], "annotations": [{"nertag": "O"}]}, {"base_span": [553, 557], "annotations": [{"nertag": "O"}]}, {"base_span": [558, 566], "annotations": [{"nertag": "O"}]}, {"base_span": [567, 572], "annotations": [{"nertag": "B-PER"}]}, {"base_span": [573, 581], "annotations": [{"nertag": "I-PER"}]}, {"base_span": [582, 587], "annotations": [{"nertag": "O"}]}, {"base_span": [588, 594], "annotations": [{"nertag": "O"}]}, {"base_span": [595, 600], "annotations": [{"nertag": "O"}]}, {"base_span": [601, 605], "annotations": [{"nertag": "O"}]}, {"base_span": [606, 611], "annotations": [{"nertag": "O"}]}, {"base_span": [612, 619], "annotations": [{"nertag": "O"}]}, {"base_span": [620, 622], "annotations": [{"nertag": "O"}]}, {"base_span": [623, 625], "annotations": [{"nertag": "O"}]}, {"base_span": [626, 630], "annotations": [{"nertag": "O"}]}, {"base_span": [631, 637], "annotations": [{"nertag": "O"}]}, {"base_span": [638, 644], "annotations": [{"nertag": "O"}]}, {"base_span": [645, 650], "annotations": [{"nertag": "B-PER"}]}, {"base_span": [651, 660], "annotations": [{"nertag": "I-PER"}]}, {"base_span": [661, 666], "annotations": [{"nertag": "O"}]}, {"base_span": [666, 667], "annotations": [{"nertag": "O"}]}, {"base_span": [668, 673], "annotations": [{"nertag": "O"}]}, {"base_span": [674, 679], "annotations": [{"nertag": "O"}]}, {"base_span": [680, 684], "annotations": [{"nertag": "O"}]}, {"base_span": [685, 689], "annotations": [{"nertag": "O"}]}, {"base_span": [690, 695], "annotations": [{"nertag": "O"}]}, {"base_span": [696, 699], "annotations": [{"nertag": "O"}]}, {"base_span": [700, 705], "annotations": [{"nertag": "B-PER"}]}, {"base_span": [706, 714], "annotations": [{"nertag": "I-PER"}]}, {"base_span": [715, 720], "annotations": [{"nertag": "O"}]}, {"base_span": [721, 726], "annotations": [{"nertag": "O"}]}, {"base_span": [727, 733], "annotations": [{"nertag": "O"}]}, {"base_span": [734, 747], "annotations": [{"nertag": "O"}]}, {"base_span": [748, 754], "annotations": [{"nertag": "O"}]}, {"base_span": [755, 759], "annotations": [{"nertag": "B-PER"}]}, {"base_span": [760, 768], "annotations": [{"nertag": "I-PER"}]}, {"base_span": [769, 773], "annotations": [{"nertag": "O"}]}, {"base_span": [774, 777], "annotations": [{"nertag": "O"}]}, {"base_span": [778, 782], "annotations": [{"nertag": "O"}]}, {"base_span": [783, 785], "annotations": [{"nertag": "O"}]}, {"base_span": [786, 793], "annotations": [{"nertag": "B-LOC_ORG"}]}, {"base_span": [794, 801], "annotations": [{"nertag": "I-LOC_ORG"}]}, {"base_span": [802, 806], "annotations": [{"nertag": "O"}]}, {"base_span": [807, 818], "annotations": [{"nertag": "O"}]}, {"base_span": [820, 824], "annotations": [{"nertag": "B-PER"}]}, {"base_span": [825, 834], "annotations": [{"nertag": "I-PER"}]}, {"base_span": [835, 844], "annotations": [{"nertag": "O"}]}, {"base_span": [845, 847], "annotations": [{"nertag": "O"}]}, {"base_span": [848, 853], "annotations": [{"nertag": "O"}]}, {"base_span": [854, 860], "annotations": [{"nertag": "O"}]}, {"base_span": [861, 866], "annotations": [{"nertag": "B-PER"}]}, {"base_span": [867, 878], "annotations": [{"nertag": "I-PER"}]}, {"base_span": [879, 886], "annotations": [{"nertag": "B-LOC_ORG"}]}, {"base_span": [887, 893], "annotations": [{"nertag": "I-LOC_ORG"}]}, {"base_span": [894, 896], "annotations": [{"nertag": "O"}]}, {"base_span": [897, 899], "annotations": [{"nertag": "O"}]}, {"base_span": [900, 904], "annotations": [{"nertag": "O"}]}, {"base_span": [905, 909], "annotations": [{"nertag": "O"}]}, {"base_span": [910, 920], "annotations": [{"nertag": "O"}]}, {"base_span": [921, 928], "annotations": [{"nertag": "O"}]}, {"base_span": [929, 935], "annotations": [{"nertag": "O"}]}, {"base_span": [936, 941], "annotations": [{"nertag": "O"}]}, {"base_span": [942, 947], "annotations": [{"nertag": "O"}]}, {"base_span": [948, 952], "annotations": [{"nertag": "O"}]}, {"base_span": [953, 958], "annotations": [{"nertag": "O"}]}, {"base_span": [959, 966], "annotations": [{"nertag": "O"}]}, {"base_span": [968, 975], "annotations": [{"nertag": "O"}]}, {"base_span": [975, 976], "annotations": [{"nertag": "O"}]}, {"base_span": [978, 980], "annotations": [{"nertag": "O"}]}, {"base_span": [981, 986], "annotations": [{"nertag": "B-PER"}]}, {"base_span": [987, 997], "annotations": [{"nertag": "I-PER"}]}, {"base_span": [998, 1003], "annotations": [{"nertag": "O"}]}, {"base_span": [1004, 1013], "annotations": [{"nertag": "O"}]}, {"base_span": [1014, 1020], "annotations": [{"nertag": "O"}]}, {"base_span": [1021, 1026], "annotations": [{"nertag": "B-LOC_ORG"}]}, {"base_span": [1027, 1034], "annotations": [{"nertag": "I-LOC_ORG"}]}, {"base_span": [1035, 1038], "annotations": [{"nertag": "O"}]}, {"base_span": [1039, 1043], "annotations": [{"nertag": "O"}]}, {"base_span": [1044, 1051], "annotations": [{"nertag": "O"}]}, {"base_span": [1052, 1054], "annotations": [{"nertag": "O"}]}, {"base_span": [1055, 1059], "annotations": [{"nertag": "O"}]}, {"base_span": [1060, 1065], "annotations": [{"nertag": "O"}]}, {"base_span": [1066, 1069], "annotations": [{"nertag": "O"}]}, {"base_span": [1070, 1075], "annotations": [{"nertag": "O"}]}, {"base_span": [1076, 1081], "annotations": [{"nertag": "O"}]}, {"base_span": [1082, 1086], "annotations": [{"nertag": "O"}]}, {"base_span": [1087, 1093], "annotations": [{"nertag": "O"}]}, {"base_span": [1094, 1098], "annotations": [{"nertag": "O"}]}, {"base_span": [1099, 1104], "annotations": [{"nertag": "O"}]}, {"base_span": [1105, 1110], "annotations": [{"nertag": "O"}]}, {"base_span": [1111, 1116], "annotations": [{"nertag": "O"}]}, {"base_span": [1117, 1123], "annotations": [{"nertag": "O"}]}, {"base_span": [1124, 1134], "annotations": [{"nertag": "O"}]}, {"base_span": [1135, 1137], "annotations": [{"nertag": "O"}]}, {"base_span": [1138, 1141], "annotations": [{"nertag": "O"}]}, {"base_span": [1142, 1147], "annotations": [{"nertag": "O"}]}, {"base_span": [1148, 1151], "annotations": [{"nertag": "O"}]}, {"base_span": [1152, 1157], "annotations": [{"nertag": "O"}]}, {"base_span": [1158, 1164], "annotations": [{"nertag": "O"}]}, {"base_span": [1165, 1167], "annotations": [{"nertag": "O"}]}, {"base_span": [1168, 1170], "annotations": [{"nertag": "O"}]}, {"base_span": [1171, 1176], "annotations": [{"nertag": "O"}]}, {"base_span": [1177, 1181], "annotations": [{"nertag": "O"}]}, {"base_span": [1182, 1186], "annotations": [{"nertag": "O"}]}, {"base_span": [1187, 1193], "annotations": [{"nertag": "O"}]}, {"base_span": [1194, 1196], "annotations": [{"nertag": "O"}]}, {"base_span": [1197, 1200], "annotations": [{"nertag": "O"}]}, {"base_span": [1201, 1206], "annotations": [{"nertag": "O"}]}, {"base_span": [1207, 1214], "annotations": [{"nertag": "O"}]}, {"base_span": [1215, 1231], "annotations": [{"nertag": "O"}]}, {"base_span": [1232, 1236], "annotations": [{"nertag": "B-PER"}]}, {"base_span": [1237, 1241], "annotations": [{"nertag": "I-PER"}]}, {"base_span": [1242, 1244], "annotations": [{"nertag": "O"}]}, {"base_span": [1245, 1250], "annotations": [{"nertag": "O"}]}, {"base_span": [1251, 1256], "annotations": [{"nertag": "O"}]}, {"base_span": [1257, 1268], "annotations": [{"nertag": "O"}]}, {"base_span": [1269, 1275], "annotations": [{"nertag": "O"}]}, {"base_span": [1276, 1280], "annotations": [{"nertag": "O"}]}, {"base_span": [1281, 1285], "annotations": [{"nertag": "O"}]}, {"base_span": [1286, 1291], "annotations": [{"nertag": "B-PER"}]}, {"base_span": [1292, 1300], "annotations": [{"nertag": "I-PER"}]}, {"base_span": [1301, 1306], "annotations": [{"nertag": "O"}]}, {"base_span": [1307, 1311], "annotations": [{"nertag": "O"}]}, {"base_span": [1312, 1316], "annotations": [{"nertag": "O"}]}, {"base_span": [1317, 1324], "annotations": [{"nertag": "O"}]}, {"base_span": [1325, 1336], "annotations": [{"nertag": "O"}]}, {"base_span": [1337, 1342], "annotations": [{"nertag": "O"}]}, {"base_span": [1343, 1350], "annotations": [{"nertag": "O"}]}, {"base_span": [1351, 1356], "annotations": [{"nertag": "O"}]}, {"base_span": [1357, 1361], "annotations": [{"nertag": "O"}]}, {"base_span": [1362, 1366], "annotations": [{"nertag": "O"}]}, {"base_span": [1368, 1370], "annotations": [{"nertag": "O"}]}, {"base_span": [1371, 1378], "annotations": [{"nertag": "O"}]}, {"base_span": [1379, 1382], "annotations": [{"nertag": "O"}]}, {"base_span": [1383, 1388], "annotations": [{"nertag": "O"}]}, {"base_span": [1389, 1396], "annotations": [{"nertag": "O"}]}, {"base_span": [1397, 1402], "annotations": [{"nertag": "O"}]}, {"base_span": [1403, 1407], "annotations": [{"nertag": "O"}]}, {"base_span": [1408, 1413], "annotations": [{"nertag": "O"}]}, {"base_span": [1414, 1429], "annotations": [{"nertag": "O"}]}, {"base_span": [1430, 1432], "annotations": [{"nertag": "O"}]}, {"base_span": [1433, 1436], "annotations": [{"nertag": "O"}]}, {"base_span": [1437, 1439], "annotations": [{"nertag": "O"}]}, {"base_span": [1440, 1443], "annotations": [{"nertag": "O"}]}, {"base_span": [1444, 1452], "annotations": [{"nertag": "O"}]}, {"base_span": [1453, 1457], "annotations": [{"nertag": "O"}]}, {"base_span": [1458, 1465], "annotations": [{"nertag": "O"}]}, {"base_span": [1466, 1468], "annotations": [{"nertag": "O"}]}, {"base_span": [1469, 1480], "annotations": [{"nertag": "O"}]}, {"base_span": [1481, 1489], "annotations": [{"nertag": "O"}]}, {"base_span": [1489, 1490], "annotations": [{"nertag": "O"}]}, {"base_span": [1492, 1497], "annotations": [{"nertag": "B-PER"}]}, {"base_span": [1498, 1506], "annotations": [{"nertag": "I-PER"}]}, {"base_span": [1507, 1513], "annotations": [{"nertag": "O"}]}, {"base_span": [1514, 1524], "annotations": [{"nertag": "O"}]}, {"base_span": [1525, 1530], "annotations": [{"nertag": "O"}]}, {"base_span": [1531, 1538], "annotations": [{"nertag": "O"}]}, {"base_span": [1539, 1544], "annotations": [{"nertag": "O"}]}, {"base_span": [1545, 1550], "annotations": [{"nertag": "O"}]}, {"base_span": [1552, 1558], "annotations": [{"nertag": "B-PER"}]}, {"base_span": [1559, 1563], "annotations": [{"nertag": "I-PER"}]}, {"base_span": [1564, 1567], "annotations": [{"nertag": "O"}]}, {"base_span": [1569, 1574], "annotations": [{"nertag": "B-PER"}]}, {"base_span": [1575, 1584], "annotations": [{"nertag": "I-PER"}]}, {"base_span": [1585, 1588], "annotations": [{"nertag": "O"}]}, {"base_span": [1590, 1594], "annotations": [{"nertag": "B-PER"}]}, {"base_span": [1595, 1601], "annotations": [{"nertag": "I-PER"}]}, {"base_span": [1602, 1605], "annotations": [{"nertag": "O"}]}, {"base_span": [1607, 1612], "annotations": [{"nertag": "B-PER"}]}, {"base_span": [1613, 1624], "annotations": [{"nertag": "I-PER"}]}, {"base_span": [1625, 1628], "annotations": [{"nertag": "O"}]}, {"base_span": [1629, 1631], "annotations": [{"nertag": "O"}]}, {"base_span": [1632, 1640], "annotations": [{"nertag": "O"}]}, {"base_span": [1641, 1651], "annotations": [{"nertag": "O"}]}, {"base_span": [1652, 1655], "annotations": [{"nertag": "O"}]}, {"base_span": [1656, 1658], "annotations": [{"nertag": "O"}]}, {"base_span": [1659, 1668], "annotations": [{"nertag": "O"}]}, {"base_span": [1669, 1672], "annotations": [{"nertag": "O"}]}, {"base_span": [1673, 1675], "annotations": [{"nertag": "O"}]}, {"base_span": [1676, 1679], "annotations": [{"nertag": "O"}]}, {"base_span": [1680, 1685], "annotations": [{"nertag": "O"}]}, {"base_span": [1686, 1691], "annotations": [{"nertag": "O"}]}, {"base_span": [1691, 1692], "annotations": [{"nertag": "O"}]}]}]}