{"text": "Wideik Harkman kaibas et Hindrik Wõsu ja tema poeg ning Jaan Jut tema kuhjast heinu warastanud - nõuab 15 rubla kahjutasumist.\nHindrik Wõsu oma pojega salgab\nJaan Jut salgab\nKaibajast ülesantud tunnistaja Jaan Paabu ei tea midagi tunnistada.\nMõiste: Tunnistuse puuduse pärast saab nõudmine tühjaks mõistetud.\n\nPääkohtumees:\nKohtumees: \nKohtumees:\nKohtumees:\n\nMõiste sai kohtukäijatele kuulutatud T.S.R. §772-774 järele aastast 1860 ja õpus antud mis tähele panda tuleb kui keegi kõrgemat kohut nõuab ning olid kohtukäijad rahul.\nKirjutaja:\n\"\n", "meta": {"origin_directory": "vallakohus_esimene/"}, "layers": [{"name": "gold_ner", "attributes": ["nertag"], "parent": null, "enveloping": null, "ambiguous": false, "serialisation_module": null, "meta": {}, "spans": [{"base_span": [0, 14], "annotations": [{"nertag": "PER"}]}, {"base_span": [25, 37], "annotations": [{"nertag": "PER"}]}, {"base_span": [56, 64], "annotations": [{"nertag": "PER"}]}, {"base_span": [127, 139], "annotations": [{"nertag": "PER"}]}, {"base_span": [158, 166], "annotations": [{"nertag": "PER"}]}, {"base_span": [205, 215], "annotations": [{"nertag": "PER"}]}, {"base_span": [396, 402], "annotations": [{"nertag": "MISC"}]}]}, {"name": "gold_wordner", "attributes": ["nertag"], "parent": null, "enveloping": null, "ambiguous": false, "serialisation_module": null, "meta": {}, "spans": [{"base_span": [0, 6], "annotations": [{"nertag": "B-PER"}]}, {"base_span": [7, 14], "annotations": [{"nertag": "I-PER"}]}, {"base_span": [15, 21], "annotations": [{"nertag": "O"}]}, {"base_span": [22, 24], "annotations": [{"nertag": "O"}]}, {"base_span": [25, 32], "annotations": [{"nertag": "B-PER"}]}, {"base_span": [33, 37], "annotations": [{"nertag": "I-PER"}]}, {"base_span": [38, 40], "annotations": [{"nertag": "O"}]}, {"base_span": [41, 45], "annotations": [{"nertag": "O"}]}, {"base_span": [46, 50], "annotations": [{"nertag": "O"}]}, {"base_span": [51, 55], "annotations": [{"nertag": "O"}]}, {"base_span": [56, 60], "annotations": [{"nertag": "B-PER"}]}, {"base_span": [61, 64], "annotations": [{"nertag": "I-PER"}]}, {"base_span": [65, 69], "annotations": [{"nertag": "O"}]}, {"base_span": [70, 77], "annotations": [{"nertag": "O"}]}, {"base_span": [78, 83], "annotations": [{"nertag": "O"}]}, {"base_span": [84, 94], "annotations": [{"nertag": "O"}]}, {"base_span": [95, 96], "annotations": [{"nertag": "O"}]}, {"base_span": [97, 102], "annotations": [{"nertag": "O"}]}, {"base_span": [103, 105], "annotations": [{"nertag": "O"}]}, {"base_span": [106, 111], "annotations": [{"nertag": "O"}]}, {"base_span": [112, 125], "annotations": [{"nertag": "O"}]}, {"base_span": [125, 126], "annotations": [{"nertag": "O"}]}, {"base_span": [127, 134], "annotations": [{"nertag": "B-PER"}]}, {"base_span": [135, 139], "annotations": [{"nertag": "I-PER"}]}, {"base_span": [140, 143], "annotations": [{"nertag": "O"}]}, {"base_span": [144, 150], "annotations": [{"nertag": "O"}]}, {"base_span": [151, 157], "annotations": [{"nertag": "O"}]}, {"base_span": [158, 162], "annotations": [{"nertag": "B-PER"}]}, {"base_span": [163, 166], "annotations": [{"nertag": "I-PER"}]}, {"base_span": [167, 173], "annotations": [{"nertag": "O"}]}, {"base_span": [174, 183], "annotations": [{"nertag": "O"}]}, {"base_span": [184, 193], "annotations": [{"nertag": "O"}]}, {"base_span": [194, 204], "annotations": [{"nertag": "O"}]}, {"base_span": [205, 209], "annotations": [{"nertag": "B-PER"}]}, {"base_span": [210, 215], "annotations": [{"nertag": "I-PER"}]}, {"base_span": [216, 218], "annotations": [{"nertag": "O"}]}, {"base_span": [219, 222], "annotations": [{"nertag": "O"}]}, {"base_span": [223, 229], "annotations": [{"nertag": "O"}]}, {"base_span": [230, 240], "annotations": [{"nertag": "O"}]}, {"base_span": [240, 241], "annotations": [{"nertag": "O"}]}, {"base_span": [242, 248], "annotations": [{"nertag": "O"}]}, {"base_span": [248, 249], "annotations": [{"nertag": "O"}]}, {"base_span": [250, 260], "annotations": [{"nertag": "O"}]}, {"base_span": [261, 268], "annotations": [{"nertag": "O"}]}, {"base_span": [269, 275], "annotations": [{"nertag": "O"}]}, {"base_span": [276, 280], "annotations": [{"nertag": "O"}]}, {"base_span": [281, 289], "annotations": [{"nertag": "O"}]}, {"base_span": [290, 297], "annotations": [{"nertag": "O"}]}, {"base_span": [298, 307], "annotations": [{"nertag": "O"}]}, {"base_span": [307, 308], "annotations": [{"nertag": "O"}]}, {"base_span": [310, 322], "annotations": [{"nertag": "O"}]}, {"base_span": [322, 323], "annotations": [{"nertag": "O"}]}, {"base_span": [324, 333], "annotations": [{"nertag": "O"}]}, {"base_span": [333, 334], "annotations": [{"nertag": "O"}]}, {"base_span": [336, 345], "annotations": [{"nertag": "O"}]}, {"base_span": [345, 346], "annotations": [{"nertag": "O"}]}, {"base_span": [347, 356], "annotations": [{"nertag": "O"}]}, {"base_span": [356, 357], "annotations": [{"nertag": "O"}]}, {"base_span": [359, 365], "annotations": [{"nertag": "O"}]}, {"base_span": [366, 369], "annotations": [{"nertag": "O"}]}, {"base_span": [370, 384], "annotations": [{"nertag": "O"}]}, {"base_span": [385, 395], "annotations": [{"nertag": "O"}]}, {"base_span": [396, 397], "annotations": [{"nertag": "B-MISC"}]}, {"base_span": [397, 398], "annotations": [{"nertag": "I-MISC"}]}, {"base_span": [398, 399], "annotations": [{"nertag": "I-MISC"}]}, {"base_span": [399, 400], "annotations": [{"nertag": "I-MISC"}]}, {"base_span": [400, 401], "annotations": [{"nertag": "I-MISC"}]}, {"base_span": [401, 402], "annotations": [{"nertag": "I-MISC"}]}, {"base_span": [403, 404], "annotations": [{"nertag": "O"}]}, {"base_span": [404, 407], "annotations": [{"nertag": "O"}]}, {"base_span": [407, 408], "annotations": [{"nertag": "O"}]}, {"base_span": [408, 411], "annotations": [{"nertag": "O"}]}, {"base_span": [412, 418], "annotations": [{"nertag": "O"}]}, {"base_span": [419, 426], "annotations": [{"nertag": "O"}]}, {"base_span": [427, 431], "annotations": [{"nertag": "O"}]}, {"base_span": [432, 434], "annotations": [{"nertag": "O"}]}, {"base_span": [435, 439], "annotations": [{"nertag": "O"}]}, {"base_span": [440, 445], "annotations": [{"nertag": "O"}]}, {"base_span": [446, 449], "annotations": [{"nertag": "O"}]}, {"base_span": [450, 456], "annotations": [{"nertag": "O"}]}, {"base_span": [457, 462], "annotations": [{"nertag": "O"}]}, {"base_span": [463, 468], "annotations": [{"nertag": "O"}]}, {"base_span": [469, 472], "annotations": [{"nertag": "O"}]}, {"base_span": [473, 478], "annotations": [{"nertag": "O"}]}, {"base_span": [479, 487], "annotations": [{"nertag": "O"}]}, {"base_span": [488, 493], "annotations": [{"nertag": "O"}]}, {"base_span": [494, 499], "annotations": [{"nertag": "O"}]}, {"base_span": [500, 504], "annotations": [{"nertag": "O"}]}, {"base_span": [505, 509], "annotations": [{"nertag": "O"}]}, {"base_span": [510, 521], "annotations": [{"nertag": "O"}]}, {"base_span": [522, 527], "annotations": [{"nertag": "O"}]}, {"base_span": [527, 528], "annotations": [{"nertag": "O"}]}, {"base_span": [529, 538], "annotations": [{"nertag": "O"}]}, {"base_span": [538, 539], "annotations": [{"nertag": "O"}]}, {"base_span": [540, 541], "annotations": [{"nertag": "O"}]}]}]}