{"text": "\n1)Mõisa-hopman Tuncke wõttis oma kaebuse wasta Gawrila Kusnezowi wägiwaldse wiisil majase tungimise pärast ( vid 10 Jaan) tagasi ja andis Gawrila Kusnezowile andeks.\n\n2) Nina sotniku, wene-jaoskonna golowa ja majaperemehe Anton Kusowi ja Sawi metsa- kolonisti, Jaan Nautrase wahel sai leppitud, kess wiimase Anton Kusowile aisaga olli selga sõitnud, et maksab Jaan Nautras 28. Jaanuaril 3 rubla waluraha Kusowile.\n\n3)Karpa Makjew Politanow, majaperemees Ninalt maksab oma wõlg Henn Premsi hääks homme Nina sotniku kätte 1 rubla 45 Kop.\n\nKarpa Politanow xxx\n\n4) Anna Prokotjewna ja tema mees Osip Iwanow Kusotschkin kess ühe töisega oliwad tülitsenud, leppisiwad siin kohtu ees ära ja läheb Anna Prokotjewna jälle oma mehe juure elama.\n\nPääkohtumees J Kook\n\nKohtumees M Erm xxx\n\nKohtumees A Pärn\n\n\n", "meta": {"origin_directory": "vallakohus_neljas/"}, "layers": [{"name": "gold_ner", "attributes": ["nertag"], "parent": null, "enveloping": null, "ambiguous": false, "serialisation_module": null, "meta": {}, "spans": [{"base_span": [16, 22], "annotations": [{"nertag": "PER"}]}, {"base_span": [48, 65], "annotations": [{"nertag": "PER"}]}, {"base_span": [139, 158], "annotations": [{"nertag": "PER"}]}, {"base_span": [171, 175], "annotations": [{"nertag": "LOC"}]}, {"base_span": [223, 235], "annotations": [{"nertag": "PER"}]}, {"base_span": [239, 249], "annotations": [{"nertag": "LOC"}]}, {"base_span": [262, 275], "annotations": [{"nertag": "PER"}]}, {"base_span": [309, 323], "annotations": [{"nertag": "PER"}]}, {"base_span": [361, 373], "annotations": [{"nertag": "PER"}]}, {"base_span": [405, 413], "annotations": [{"nertag": "PER"}]}, {"base_span": [418, 440], "annotations": [{"nertag": "PER"}]}, {"base_span": [455, 461], "annotations": [{"nertag": "LOC"}]}, {"base_span": [478, 489], "annotations": [{"nertag": "PER"}]}, {"base_span": [502, 506], "annotations": [{"nertag": "LOC"}]}, {"base_span": [538, 553], "annotations": [{"nertag": "PER"}]}, {"base_span": [562, 578], "annotations": [{"nertag": "PER"}]}, {"base_span": [592, 615], "annotations": [{"nertag": "PER"}]}, {"base_span": [691, 707], "annotations": [{"nertag": "PER"}]}, {"base_span": [750, 756], "annotations": [{"nertag": "PER"}]}, {"base_span": [768, 773], "annotations": [{"nertag": "PER"}]}, {"base_span": [789, 795], "annotations": [{"nertag": "PER"}]}]}, {"name": "gold_wordner", "attributes": ["nertag"], "parent": null, "enveloping": null, "ambiguous": false, "serialisation_module": null, "meta": {}, "spans": [{"base_span": [1, 2], "annotations": [{"nertag": "O"}]}, {"base_span": [2, 3], "annotations": [{"nertag": "O"}]}, {"base_span": [3, 8], "annotations": [{"nertag": "O"}]}, {"base_span": [8, 9], "annotations": [{"nertag": "O"}]}, {"base_span": [9, 15], "annotations": [{"nertag": "O"}]}, {"base_span": [16, 22], "annotations": [{"nertag": "B-PER"}]}, {"base_span": [23, 29], "annotations": [{"nertag": "O"}]}, {"base_span": [30, 33], "annotations": [{"nertag": "O"}]}, {"base_span": [34, 41], "annotations": [{"nertag": "O"}]}, {"base_span": [42, 47], "annotations": [{"nertag": "O"}]}, {"base_span": [48, 55], "annotations": [{"nertag": "B-PER"}]}, {"base_span": [56, 65], "annotations": [{"nertag": "I-PER"}]}, {"base_span": [66, 76], "annotations": [{"nertag": "O"}]}, {"base_span": [77, 83], "annotations": [{"nertag": "O"}]}, {"base_span": [84, 90], "annotations": [{"nertag": "O"}]}, {"base_span": [91, 100], "annotations": [{"nertag": "O"}]}, {"base_span": [101, 107], "annotations": [{"nertag": "O"}]}, {"base_span": [108, 109], "annotations": [{"nertag": "O"}]}, {"base_span": [110, 113], "annotations": [{"nertag": "O"}]}, {"base_span": [114, 116], "annotations": [{"nertag": "O"}]}, {"base_span": [117, 121], "annotations": [{"nertag": "O"}]}, {"base_span": [121, 122], "annotations": [{"nertag": "O"}]}, {"base_span": [123, 129], "annotations": [{"nertag": "O"}]}, {"base_span": [130, 132], "annotations": [{"nertag": "O"}]}, {"base_span": [133, 138], "annotations": [{"nertag": "O"}]}, {"base_span": [139, 146], "annotations": [{"nertag": "B-PER"}]}, {"base_span": [147, 158], "annotations": [{"nertag": "I-PER"}]}, {"base_span": [159, 165], "annotations": [{"nertag": "O"}]}, {"base_span": [165, 166], "annotations": [{"nertag": "O"}]}, {"base_span": [168, 169], "annotations": [{"nertag": "O"}]}, {"base_span": [169, 170], "annotations": [{"nertag": "O"}]}, {"base_span": [171, 175], "annotations": [{"nertag": "B-LOC"}]}, {"base_span": [176, 183], "annotations": [{"nertag": "O"}]}, {"base_span": [183, 184], "annotations": [{"nertag": "O"}]}, {"base_span": [185, 189], "annotations": [{"nertag": "O"}]}, {"base_span": [189, 190], "annotations": [{"nertag": "O"}]}, {"base_span": [190, 199], "annotations": [{"nertag": "O"}]}, {"base_span": [200, 206], "annotations": [{"nertag": "O"}]}, {"base_span": [207, 209], "annotations": [{"nertag": "O"}]}, {"base_span": [210, 222], "annotations": [{"nertag": "O"}]}, {"base_span": [223, 228], "annotations": [{"nertag": "B-PER"}]}, {"base_span": [229, 235], "annotations": [{"nertag": "I-PER"}]}, {"base_span": [236, 238], "annotations": [{"nertag": "O"}]}, {"base_span": [239, 243], "annotations": [{"nertag": "B-LOC"}]}, {"base_span": [244, 249], "annotations": [{"nertag": "I-LOC"}]}, {"base_span": [249, 250], "annotations": [{"nertag": "O"}]}, {"base_span": [251, 260], "annotations": [{"nertag": "O"}]}, {"base_span": [260, 261], "annotations": [{"nertag": "O"}]}, {"base_span": [262, 266], "annotations": [{"nertag": "B-PER"}]}, {"base_span": [267, 275], "annotations": [{"nertag": "I-PER"}]}, {"base_span": [276, 281], "annotations": [{"nertag": "O"}]}, {"base_span": [282, 285], "annotations": [{"nertag": "O"}]}, {"base_span": [286, 294], "annotations": [{"nertag": "O"}]}, {"base_span": [294, 295], "annotations": [{"nertag": "O"}]}, {"base_span": [296, 300], "annotations": [{"nertag": "O"}]}, {"base_span": [301, 308], "annotations": [{"nertag": "O"}]}, {"base_span": [309, 314], "annotations": [{"nertag": "B-PER"}]}, {"base_span": [315, 323], "annotations": [{"nertag": "I-PER"}]}, {"base_span": [324, 330], "annotations": [{"nertag": "O"}]}, {"base_span": [331, 335], "annotations": [{"nertag": "O"}]}, {"base_span": [336, 341], "annotations": [{"nertag": "O"}]}, {"base_span": [342, 349], "annotations": [{"nertag": "O"}]}, {"base_span": [349, 350], "annotations": [{"nertag": "O"}]}, {"base_span": [351, 353], "annotations": [{"nertag": "O"}]}, {"base_span": [354, 360], "annotations": [{"nertag": "O"}]}, {"base_span": [361, 365], "annotations": [{"nertag": "B-PER"}]}, {"base_span": [366, 373], "annotations": [{"nertag": "I-PER"}]}, {"base_span": [374, 377], "annotations": [{"nertag": "O"}]}, {"base_span": [378, 387], "annotations": [{"nertag": "O"}]}, {"base_span": [388, 389], "annotations": [{"nertag": "O"}]}, {"base_span": [390, 395], "annotations": [{"nertag": "O"}]}, {"base_span": [396, 404], "annotations": [{"nertag": "O"}]}, {"base_span": [405, 413], "annotations": [{"nertag": "B-PER"}]}, {"base_span": [413, 414], "annotations": [{"nertag": "O"}]}, {"base_span": [416, 417], "annotations": [{"nertag": "O"}]}, {"base_span": [417, 418], "annotations": [{"nertag": "O"}]}, {"base_span": [418, 423], "annotations": [{"nertag": "B-PER"}]}, {"base_span": [424, 430], "annotations": [{"nertag": "I-PER"}]}, {"base_span": [431, 440], "annotations": [{"nertag": "I-PER"}]}, {"base_span": [440, 441], "annotations": [{"nertag": "O"}]}, {"base_span": [442, 454], "annotations": [{"nertag": "O"}]}, {"base_span": [455, 461], "annotations": [{"nertag": "B-LOC"}]}, {"base_span": [462, 468], "annotations": [{"nertag": "O"}]}, {"base_span": [469, 472], "annotations": [{"nertag": "O"}]}, {"base_span": [473, 477], "annotations": [{"nertag": "O"}]}, {"base_span": [478, 482], "annotations": [{"nertag": "B-PER"}]}, {"base_span": [483, 489], "annotations": [{"nertag": "I-PER"}]}, {"base_span": [490, 495], "annotations": [{"nertag": "O"}]}, {"base_span": [496, 501], "annotations": [{"nertag": "O"}]}, {"base_span": [502, 506], "annotations": [{"nertag": "B-LOC"}]}, {"base_span": [507, 514], "annotations": [{"nertag": "O"}]}, {"base_span": [515, 520], "annotations": [{"nertag": "O"}]}, {"base_span": [521, 522], "annotations": [{"nertag": "O"}]}, {"base_span": [523, 528], "annotations": [{"nertag": "O"}]}, {"base_span": [529, 531], "annotations": [{"nertag": "O"}]}, {"base_span": [532, 535], "annotations": [{"nertag": "O"}]}, {"base_span": [535, 536], "annotations": [{"nertag": "O"}]}, {"base_span": [538, 543], "annotations": [{"nertag": "B-PER"}]}, {"base_span": [544, 553], "annotations": [{"nertag": "I-PER"}]}, {"base_span": [554, 557], "annotations": [{"nertag": "O"}]}, {"base_span": [559, 560], "annotations": [{"nertag": "O"}]}, {"base_span": [560, 561], "annotations": [{"nertag": "O"}]}, {"base_span": [562, 566], "annotations": [{"nertag": "B-PER"}]}, {"base_span": [567, 578], "annotations": [{"nertag": "I-PER"}]}, {"base_span": [579, 581], "annotations": [{"nertag": "O"}]}, {"base_span": [582, 586], "annotations": [{"nertag": "O"}]}, {"base_span": [587, 591], "annotations": [{"nertag": "O"}]}, {"base_span": [592, 596], "annotations": [{"nertag": "B-PER"}]}, {"base_span": [597, 603], "annotations": [{"nertag": "I-PER"}]}, {"base_span": [604, 615], "annotations": [{"nertag": "I-PER"}]}, {"base_span": [616, 620], "annotations": [{"nertag": "O"}]}, {"base_span": [621, 624], "annotations": [{"nertag": "O"}]}, {"base_span": [625, 632], "annotations": [{"nertag": "O"}]}, {"base_span": [633, 639], "annotations": [{"nertag": "O"}]}, {"base_span": [640, 650], "annotations": [{"nertag": "O"}]}, {"base_span": [650, 651], "annotations": [{"nertag": "O"}]}, {"base_span": [652, 662], "annotations": [{"nertag": "O"}]}, {"base_span": [663, 667], "annotations": [{"nertag": "O"}]}, {"base_span": [668, 673], "annotations": [{"nertag": "O"}]}, {"base_span": [674, 677], "annotations": [{"nertag": "O"}]}, {"base_span": [678, 681], "annotations": [{"nertag": "O"}]}, {"base_span": [682, 684], "annotations": [{"nertag": "O"}]}, {"base_span": [685, 690], "annotations": [{"nertag": "O"}]}, {"base_span": [691, 695], "annotations": [{"nertag": "B-PER"}]}, {"base_span": [696, 707], "annotations": [{"nertag": "I-PER"}]}, {"base_span": [708, 713], "annotations": [{"nertag": "O"}]}, {"base_span": [714, 717], "annotations": [{"nertag": "O"}]}, {"base_span": [718, 722], "annotations": [{"nertag": "O"}]}, {"base_span": [723, 728], "annotations": [{"nertag": "O"}]}, {"base_span": [729, 734], "annotations": [{"nertag": "O"}]}, {"base_span": [734, 735], "annotations": [{"nertag": "O"}]}, {"base_span": [737, 749], "annotations": [{"nertag": "O"}]}, {"base_span": [750, 751], "annotations": [{"nertag": "B-PER"}]}, {"base_span": [752, 756], "annotations": [{"nertag": "I-PER"}]}, {"base_span": [758, 767], "annotations": [{"nertag": "O"}]}, {"base_span": [768, 769], "annotations": [{"nertag": "B-PER"}]}, {"base_span": [770, 773], "annotations": [{"nertag": "I-PER"}]}, {"base_span": [774, 777], "annotations": [{"nertag": "O"}]}, {"base_span": [779, 788], "annotations": [{"nertag": "O"}]}, {"base_span": [789, 790], "annotations": [{"nertag": "B-PER"}]}, {"base_span": [791, 795], "annotations": [{"nertag": "I-PER"}]}]}]}