{"text": "Astus ette Metsawaht Jakop Wahher ja andis ülles et sel 7mal Juli ku päwal on Ulwi küllas Karjama Mets pöllenud ja Karel Lille  Jaan Õunapu  Andres Kassak  Andres Sild need nelli meest on selle tulle jures käinud sel 6mal Juli kupäwal õhto ja ei olle mitte Metsawahhile egga Kohtomehhele teada annud siis on Koggokonna Kohhus selle asja ette wötnud ja möistnud nende holedusse pärrast igga ühhele kolmkümmend hopi witstega ja Jaan Õunapu ja Karel Lille palluwad et neil waese terwisega ei woi witso kanda siis on nende palwe peale antud lubla Rahhaga maksa Jaan Õunapu maksis 6 Rubla ja Karel Lille maksis 6 Rubla walla Laeka waeste Kassa\n\n", "meta": {"origin_directory": "vallakohus_neljas/"}, "layers": [{"name": "gold_ner", "attributes": ["nertag"], "parent": null, "enveloping": null, "ambiguous": false, "serialisation_module": null, "meta": {}, "spans": [{"base_span": [21, 33], "annotations": [{"nertag": "PER"}]}, {"base_span": [78, 89], "annotations": [{"nertag": "LOC_ORG"}]}, {"base_span": [115, 126], "annotations": [{"nertag": "PER"}]}, {"base_span": [128, 139], "annotations": [{"nertag": "PER"}]}, {"base_span": [141, 154], "annotations": [{"nertag": "PER"}]}, {"base_span": [156, 167], "annotations": [{"nertag": "PER"}]}, {"base_span": [426, 437], "annotations": [{"nertag": "PER"}]}, {"base_span": [441, 452], "annotations": [{"nertag": "PER"}]}, {"base_span": [557, 568], "annotations": [{"nertag": "PER"}]}, {"base_span": [587, 598], "annotations": [{"nertag": "PER"}]}]}, {"name": "gold_wordner", "attributes": ["nertag"], "parent": null, "enveloping": null, "ambiguous": false, "serialisation_module": null, "meta": {}, "spans": [{"base_span": [0, 5], "annotations": [{"nertag": "O"}]}, {"base_span": [6, 10], "annotations": [{"nertag": "O"}]}, {"base_span": [11, 20], "annotations": [{"nertag": "O"}]}, {"base_span": [21, 26], "annotations": [{"nertag": "B-PER"}]}, {"base_span": [27, 33], "annotations": [{"nertag": "I-PER"}]}, {"base_span": [34, 36], "annotations": [{"nertag": "O"}]}, {"base_span": [37, 42], "annotations": [{"nertag": "O"}]}, {"base_span": [43, 48], "annotations": [{"nertag": "O"}]}, {"base_span": [49, 51], "annotations": [{"nertag": "O"}]}, {"base_span": [52, 55], "annotations": [{"nertag": "O"}]}, {"base_span": [56, 60], "annotations": [{"nertag": "O"}]}, {"base_span": [61, 65], "annotations": [{"nertag": "O"}]}, {"base_span": [66, 68], "annotations": [{"nertag": "O"}]}, {"base_span": [69, 74], "annotations": [{"nertag": "O"}]}, {"base_span": [75, 77], "annotations": [{"nertag": "O"}]}, {"base_span": [78, 82], "annotations": [{"nertag": "B-LOC_ORG"}]}, {"base_span": [83, 89], "annotations": [{"nertag": "I-LOC_ORG"}]}, {"base_span": [90, 97], "annotations": [{"nertag": "O"}]}, {"base_span": [98, 102], "annotations": [{"nertag": "O"}]}, {"base_span": [103, 111], "annotations": [{"nertag": "O"}]}, {"base_span": [112, 114], "annotations": [{"nertag": "O"}]}, {"base_span": [115, 120], "annotations": [{"nertag": "B-PER"}]}, {"base_span": [121, 126], "annotations": [{"nertag": "I-PER"}]}, {"base_span": [128, 132], "annotations": [{"nertag": "B-PER"}]}, {"base_span": [133, 139], "annotations": [{"nertag": "I-PER"}]}, {"base_span": [141, 147], "annotations": [{"nertag": "B-PER"}]}, {"base_span": [148, 154], "annotations": [{"nertag": "I-PER"}]}, {"base_span": [156, 162], "annotations": [{"nertag": "B-PER"}]}, {"base_span": [163, 167], "annotations": [{"nertag": "I-PER"}]}, {"base_span": [168, 172], "annotations": [{"nertag": "O"}]}, {"base_span": [173, 178], "annotations": [{"nertag": "O"}]}, {"base_span": [179, 184], "annotations": [{"nertag": "O"}]}, {"base_span": [185, 187], "annotations": [{"nertag": "O"}]}, {"base_span": [188, 193], "annotations": [{"nertag": "O"}]}, {"base_span": [194, 199], "annotations": [{"nertag": "O"}]}, {"base_span": [200, 205], "annotations": [{"nertag": "O"}]}, {"base_span": [206, 212], "annotations": [{"nertag": "O"}]}, {"base_span": [213, 216], "annotations": [{"nertag": "O"}]}, {"base_span": [217, 221], "annotations": [{"nertag": "O"}]}, {"base_span": [222, 226], "annotations": [{"nertag": "O"}]}, {"base_span": [227, 234], "annotations": [{"nertag": "O"}]}, {"base_span": [235, 239], "annotations": [{"nertag": "O"}]}, {"base_span": [240, 242], "annotations": [{"nertag": "O"}]}, {"base_span": [243, 245], "annotations": [{"nertag": "O"}]}, {"base_span": [246, 250], "annotations": [{"nertag": "O"}]}, {"base_span": [251, 256], "annotations": [{"nertag": "O"}]}, {"base_span": [257, 269], "annotations": [{"nertag": "O"}]}, {"base_span": [270, 274], "annotations": [{"nertag": "O"}]}, {"base_span": [275, 287], "annotations": [{"nertag": "O"}]}, {"base_span": [288, 293], "annotations": [{"nertag": "O"}]}, {"base_span": [294, 299], "annotations": [{"nertag": "O"}]}, {"base_span": [300, 304], "annotations": [{"nertag": "O"}]}, {"base_span": [305, 307], "annotations": [{"nertag": "O"}]}, {"base_span": [308, 318], "annotations": [{"nertag": "O"}]}, {"base_span": [319, 325], "annotations": [{"nertag": "O"}]}, {"base_span": [326, 331], "annotations": [{"nertag": "O"}]}, {"base_span": [332, 336], "annotations": [{"nertag": "O"}]}, {"base_span": [337, 341], "annotations": [{"nertag": "O"}]}, {"base_span": [342, 348], "annotations": [{"nertag": "O"}]}, {"base_span": [349, 351], "annotations": [{"nertag": "O"}]}, {"base_span": [352, 360], "annotations": [{"nertag": "O"}]}, {"base_span": [361, 366], "annotations": [{"nertag": "O"}]}, {"base_span": [367, 376], "annotations": [{"nertag": "O"}]}, {"base_span": [377, 384], "annotations": [{"nertag": "O"}]}, {"base_span": [385, 389], "annotations": [{"nertag": "O"}]}, {"base_span": [390, 396], "annotations": [{"nertag": "O"}]}, {"base_span": [397, 408], "annotations": [{"nertag": "O"}]}, {"base_span": [409, 413], "annotations": [{"nertag": "O"}]}, {"base_span": [414, 422], "annotations": [{"nertag": "O"}]}, {"base_span": [423, 425], "annotations": [{"nertag": "O"}]}, {"base_span": [426, 430], "annotations": [{"nertag": "B-PER"}]}, {"base_span": [431, 437], "annotations": [{"nertag": "I-PER"}]}, {"base_span": [438, 440], "annotations": [{"nertag": "O"}]}, {"base_span": [441, 446], "annotations": [{"nertag": "B-PER"}]}, {"base_span": [447, 452], "annotations": [{"nertag": "I-PER"}]}, {"base_span": [453, 461], "annotations": [{"nertag": "O"}]}, {"base_span": [462, 464], "annotations": [{"nertag": "O"}]}, {"base_span": [465, 469], "annotations": [{"nertag": "O"}]}, {"base_span": [470, 475], "annotations": [{"nertag": "O"}]}, {"base_span": [476, 485], "annotations": [{"nertag": "O"}]}, {"base_span": [486, 488], "annotations": [{"nertag": "O"}]}, {"base_span": [489, 492], "annotations": [{"nertag": "O"}]}, {"base_span": [493, 498], "annotations": [{"nertag": "O"}]}, {"base_span": [499, 504], "annotations": [{"nertag": "O"}]}, {"base_span": [505, 509], "annotations": [{"nertag": "O"}]}, {"base_span": [510, 512], "annotations": [{"nertag": "O"}]}, {"base_span": [513, 518], "annotations": [{"nertag": "O"}]}, {"base_span": [519, 524], "annotations": [{"nertag": "O"}]}, {"base_span": [525, 530], "annotations": [{"nertag": "O"}]}, {"base_span": [531, 536], "annotations": [{"nertag": "O"}]}, {"base_span": [537, 542], "annotations": [{"nertag": "O"}]}, {"base_span": [543, 550], "annotations": [{"nertag": "O"}]}, {"base_span": [551, 556], "annotations": [{"nertag": "O"}]}, {"base_span": [557, 561], "annotations": [{"nertag": "B-PER"}]}, {"base_span": [562, 568], "annotations": [{"nertag": "I-PER"}]}, {"base_span": [569, 575], "annotations": [{"nertag": "O"}]}, {"base_span": [576, 577], "annotations": [{"nertag": "O"}]}, {"base_span": [578, 583], "annotations": [{"nertag": "O"}]}, {"base_span": [584, 586], "annotations": [{"nertag": "O"}]}, {"base_span": [587, 592], "annotations": [{"nertag": "B-PER"}]}, {"base_span": [593, 598], "annotations": [{"nertag": "I-PER"}]}, {"base_span": [599, 605], "annotations": [{"nertag": "O"}]}, {"base_span": [606, 607], "annotations": [{"nertag": "O"}]}, {"base_span": [608, 613], "annotations": [{"nertag": "O"}]}, {"base_span": [614, 619], "annotations": [{"nertag": "O"}]}, {"base_span": [620, 625], "annotations": [{"nertag": "O"}]}, {"base_span": [626, 632], "annotations": [{"nertag": "O"}]}, {"base_span": [633, 638], "annotations": [{"nertag": "O"}]}]}]}