{"text": "\nSel 11mal November 1829.\n\nKogokonna Kohtomehhid ollid man. Päkohtomees Peter Jonas, Abbikohtomees Jahn Suck ningk Michel Laks\n\nWallawölmelder Jahn Meij\n\nN 72 Nimmetas Jahn Türk, kes 1827 Weikse Röngu lännu, et temma tahab, senna ennast lasta üllesse Kirjutada.\n\nN 11 Nimmetas Johann Tiedeberg, et temma tahhab Aage (Haikhof) ennast lasta ülles kirjutada.\n\nN 33 Nimmetas Jaak Tuisk, et tahhab Palluperran ennast lasta ülles kirjutada, ningk tei selle ülle tunnistust.\n\nN 10 Nimmetas Johann Tietz, et temma tahhab Palluperran ennast lasta ülles kirjutada, ningk tei selle ülle tunnistust kirja.\n\nN 41 Nimmetas Annik Ward, et temma tahhab Weikse Röngu minna teenma, ningk tei selle ülle tunnistust kirja.\n\nN 53 Nimmetas Margus Kübja, et temma tahhab Weikse Röngu ennast lasta ülles kirjutada, ningk tei selle ülle tunnistust kirja.\n\nN 57 Nimmetas Simon Lutz, et temma tahhab Kirrepä ennast lasta ülles kirjutada; ningk tei selle ülle tunnistust kirja.\n\n\n", "meta": {"origin_directory": "vallakohus_teine/"}, "layers": [{"name": "gold_ner", "attributes": ["nertag"], "parent": null, "enveloping": null, "ambiguous": false, "serialisation_module": null, "meta": {}, "spans": [{"base_span": [72, 83], "annotations": [{"nertag": "PER"}]}, {"base_span": [99, 108], "annotations": [{"nertag": "PER"}]}, {"base_span": [115, 126], "annotations": [{"nertag": "PER"}]}, {"base_span": [143, 152], "annotations": [{"nertag": "PER"}]}, {"base_span": [168, 177], "annotations": [{"nertag": "PER"}]}, {"base_span": [188, 200], "annotations": [{"nertag": "LOC"}]}, {"base_span": [277, 293], "annotations": [{"nertag": "PER"}]}, {"base_span": [311, 315], "annotations": [{"nertag": "LOC"}]}, {"base_span": [317, 324], "annotations": [{"nertag": "LOC"}]}, {"base_span": [371, 381], "annotations": [{"nertag": "PER"}]}, {"base_span": [393, 404], "annotations": [{"nertag": "LOC"}]}, {"base_span": [483, 495], "annotations": [{"nertag": "PER"}]}, {"base_span": [513, 524], "annotations": [{"nertag": "LOC"}]}, {"base_span": [609, 619], "annotations": [{"nertag": "PER"}]}, {"base_span": [637, 649], "annotations": [{"nertag": "LOC"}]}, {"base_span": [718, 730], "annotations": [{"nertag": "PER"}]}, {"base_span": [748, 760], "annotations": [{"nertag": "LOC"}]}, {"base_span": [845, 855], "annotations": [{"nertag": "PER"}]}, {"base_span": [873, 880], "annotations": [{"nertag": "LOC"}]}]}, {"name": "gold_wordner", "attributes": ["nertag"], "parent": null, "enveloping": null, "ambiguous": false, "serialisation_module": null, "meta": {}, "spans": [{"base_span": [1, 4], "annotations": [{"nertag": "O"}]}, {"base_span": [5, 10], "annotations": [{"nertag": "O"}]}, {"base_span": [11, 19], "annotations": [{"nertag": "O"}]}, {"base_span": [20, 25], "annotations": [{"nertag": "O"}]}, {"base_span": [27, 36], "annotations": [{"nertag": "O"}]}, {"base_span": [37, 48], "annotations": [{"nertag": "O"}]}, {"base_span": [49, 54], "annotations": [{"nertag": "O"}]}, {"base_span": [55, 58], "annotations": [{"nertag": "O"}]}, {"base_span": [58, 59], "annotations": [{"nertag": "O"}]}, {"base_span": [60, 71], "annotations": [{"nertag": "O"}]}, {"base_span": [72, 77], "annotations": [{"nertag": "B-PER"}]}, {"base_span": [78, 83], "annotations": [{"nertag": "I-PER"}]}, {"base_span": [83, 84], "annotations": [{"nertag": "O"}]}, {"base_span": [85, 98], "annotations": [{"nertag": "O"}]}, {"base_span": [99, 103], "annotations": [{"nertag": "B-PER"}]}, {"base_span": [104, 108], "annotations": [{"nertag": "I-PER"}]}, {"base_span": [109, 114], "annotations": [{"nertag": "O"}]}, {"base_span": [115, 121], "annotations": [{"nertag": "B-PER"}]}, {"base_span": [122, 126], "annotations": [{"nertag": "I-PER"}]}, {"base_span": [128, 142], "annotations": [{"nertag": "O"}]}, {"base_span": [143, 147], "annotations": [{"nertag": "B-PER"}]}, {"base_span": [148, 152], "annotations": [{"nertag": "I-PER"}]}, {"base_span": [154, 155], "annotations": [{"nertag": "O"}]}, {"base_span": [156, 158], "annotations": [{"nertag": "O"}]}, {"base_span": [159, 167], "annotations": [{"nertag": "O"}]}, {"base_span": [168, 172], "annotations": [{"nertag": "B-PER"}]}, {"base_span": [173, 177], "annotations": [{"nertag": "I-PER"}]}, {"base_span": [177, 178], "annotations": [{"nertag": "O"}]}, {"base_span": [179, 182], "annotations": [{"nertag": "O"}]}, {"base_span": [183, 187], "annotations": [{"nertag": "O"}]}, {"base_span": [188, 194], "annotations": [{"nertag": "B-LOC"}]}, {"base_span": [195, 200], "annotations": [{"nertag": "I-LOC"}]}, {"base_span": [201, 206], "annotations": [{"nertag": "O"}]}, {"base_span": [206, 207], "annotations": [{"nertag": "O"}]}, {"base_span": [208, 210], "annotations": [{"nertag": "O"}]}, {"base_span": [211, 216], "annotations": [{"nertag": "O"}]}, {"base_span": [217, 222], "annotations": [{"nertag": "O"}]}, {"base_span": [222, 223], "annotations": [{"nertag": "O"}]}, {"base_span": [224, 229], "annotations": [{"nertag": "O"}]}, {"base_span": [230, 236], "annotations": [{"nertag": "O"}]}, {"base_span": [237, 242], "annotations": [{"nertag": "O"}]}, {"base_span": [243, 250], "annotations": [{"nertag": "O"}]}, {"base_span": [251, 260], "annotations": [{"nertag": "O"}]}, {"base_span": [260, 261], "annotations": [{"nertag": "O"}]}, {"base_span": [263, 264], "annotations": [{"nertag": "O"}]}, {"base_span": [265, 267], "annotations": [{"nertag": "O"}]}, {"base_span": [268, 276], "annotations": [{"nertag": "O"}]}, {"base_span": [277, 283], "annotations": [{"nertag": "B-PER"}]}, {"base_span": [284, 293], "annotations": [{"nertag": "I-PER"}]}, {"base_span": [293, 294], "annotations": [{"nertag": "O"}]}, {"base_span": [295, 297], "annotations": [{"nertag": "O"}]}, {"base_span": [298, 303], "annotations": [{"nertag": "O"}]}, {"base_span": [304, 310], "annotations": [{"nertag": "O"}]}, {"base_span": [311, 315], "annotations": [{"nertag": "B-LOC"}]}, {"base_span": [316, 317], "annotations": [{"nertag": "O"}]}, {"base_span": [317, 324], "annotations": [{"nertag": "B-LOC"}]}, {"base_span": [324, 325], "annotations": [{"nertag": "O"}]}, {"base_span": [326, 332], "annotations": [{"nertag": "O"}]}, {"base_span": [333, 338], "annotations": [{"nertag": "O"}]}, {"base_span": [339, 344], "annotations": [{"nertag": "O"}]}, {"base_span": [345, 354], "annotations": [{"nertag": "O"}]}, {"base_span": [354, 355], "annotations": [{"nertag": "O"}]}, {"base_span": [357, 358], "annotations": [{"nertag": "O"}]}, {"base_span": [359, 361], "annotations": [{"nertag": "O"}]}, {"base_span": [362, 370], "annotations": [{"nertag": "O"}]}, {"base_span": [371, 375], "annotations": [{"nertag": "B-PER"}]}, {"base_span": [376, 381], "annotations": [{"nertag": "I-PER"}]}, {"base_span": [381, 382], "annotations": [{"nertag": "O"}]}, {"base_span": [383, 385], "annotations": [{"nertag": "O"}]}, {"base_span": [386, 392], "annotations": [{"nertag": "O"}]}, {"base_span": [393, 404], "annotations": [{"nertag": "B-LOC"}]}, {"base_span": [405, 411], "annotations": [{"nertag": "O"}]}, {"base_span": [412, 417], "annotations": [{"nertag": "O"}]}, {"base_span": [418, 423], "annotations": [{"nertag": "O"}]}, {"base_span": [424, 433], "annotations": [{"nertag": "O"}]}, {"base_span": [433, 434], "annotations": [{"nertag": "O"}]}, {"base_span": [435, 440], "annotations": [{"nertag": "O"}]}, {"base_span": [441, 444], "annotations": [{"nertag": "O"}]}, {"base_span": [445, 450], "annotations": [{"nertag": "O"}]}, {"base_span": [451, 455], "annotations": [{"nertag": "O"}]}, {"base_span": [456, 466], "annotations": [{"nertag": "O"}]}, {"base_span": [466, 467], "annotations": [{"nertag": "O"}]}, {"base_span": [469, 470], "annotations": [{"nertag": "O"}]}, {"base_span": [471, 473], "annotations": [{"nertag": "O"}]}, {"base_span": [474, 482], "annotations": [{"nertag": "O"}]}, {"base_span": [483, 489], "annotations": [{"nertag": "B-PER"}]}, {"base_span": [490, 495], "annotations": [{"nertag": "I-PER"}]}, {"base_span": [495, 496], "annotations": [{"nertag": "O"}]}, {"base_span": [497, 499], "annotations": [{"nertag": "O"}]}, {"base_span": [500, 505], "annotations": [{"nertag": "O"}]}, {"base_span": [506, 512], "annotations": [{"nertag": "O"}]}, {"base_span": [513, 524], "annotations": [{"nertag": "B-LOC"}]}, {"base_span": [525, 531], "annotations": [{"nertag": "O"}]}, {"base_span": [532, 537], "annotations": [{"nertag": "O"}]}, {"base_span": [538, 543], "annotations": [{"nertag": "O"}]}, {"base_span": [544, 553], "annotations": [{"nertag": "O"}]}, {"base_span": [553, 554], "annotations": [{"nertag": "O"}]}, {"base_span": [555, 560], "annotations": [{"nertag": "O"}]}, {"base_span": [561, 564], "annotations": [{"nertag": "O"}]}, {"base_span": [565, 570], "annotations": [{"nertag": "O"}]}, {"base_span": [571, 575], "annotations": [{"nertag": "O"}]}, {"base_span": [576, 586], "annotations": [{"nertag": "O"}]}, {"base_span": [587, 592], "annotations": [{"nertag": "O"}]}, {"base_span": [592, 593], "annotations": [{"nertag": "O"}]}, {"base_span": [595, 596], "annotations": [{"nertag": "O"}]}, {"base_span": [597, 599], "annotations": [{"nertag": "O"}]}, {"base_span": [600, 608], "annotations": [{"nertag": "O"}]}, {"base_span": [609, 614], "annotations": [{"nertag": "B-PER"}]}, {"base_span": [615, 619], "annotations": [{"nertag": "I-PER"}]}, {"base_span": [619, 620], "annotations": [{"nertag": "O"}]}, {"base_span": [621, 623], "annotations": [{"nertag": "O"}]}, {"base_span": [624, 629], "annotations": [{"nertag": "O"}]}, {"base_span": [630, 636], "annotations": [{"nertag": "O"}]}, {"base_span": [637, 643], "annotations": [{"nertag": "B-LOC"}]}, {"base_span": [644, 649], "annotations": [{"nertag": "I-LOC"}]}, {"base_span": [650, 655], "annotations": [{"nertag": "O"}]}, {"base_span": [656, 662], "annotations": [{"nertag": "O"}]}, {"base_span": [662, 663], "annotations": [{"nertag": "O"}]}, {"base_span": [664, 669], "annotations": [{"nertag": "O"}]}, {"base_span": [670, 673], "annotations": [{"nertag": "O"}]}, {"base_span": [674, 679], "annotations": [{"nertag": "O"}]}, {"base_span": [680, 684], "annotations": [{"nertag": "O"}]}, {"base_span": [685, 695], "annotations": [{"nertag": "O"}]}, {"base_span": [696, 701], "annotations": [{"nertag": "O"}]}, {"base_span": [701, 702], "annotations": [{"nertag": "O"}]}, {"base_span": [704, 705], "annotations": [{"nertag": "O"}]}, {"base_span": [706, 708], "annotations": [{"nertag": "O"}]}, {"base_span": [709, 717], "annotations": [{"nertag": "O"}]}, {"base_span": [718, 724], "annotations": [{"nertag": "B-PER"}]}, {"base_span": [725, 730], "annotations": [{"nertag": "I-PER"}]}, {"base_span": [730, 731], "annotations": [{"nertag": "O"}]}, {"base_span": [732, 734], "annotations": [{"nertag": "O"}]}, {"base_span": [735, 740], "annotations": [{"nertag": "O"}]}, {"base_span": [741, 747], "annotations": [{"nertag": "O"}]}, {"base_span": [748, 754], "annotations": [{"nertag": "B-LOC"}]}, {"base_span": [755, 760], "annotations": [{"nertag": "I-LOC"}]}, {"base_span": [761, 767], "annotations": [{"nertag": "O"}]}, {"base_span": [768, 773], "annotations": [{"nertag": "O"}]}, {"base_span": [774, 779], "annotations": [{"nertag": "O"}]}, {"base_span": [780, 789], "annotations": [{"nertag": "O"}]}, {"base_span": [789, 790], "annotations": [{"nertag": "O"}]}, {"base_span": [791, 796], "annotations": [{"nertag": "O"}]}, {"base_span": [797, 800], "annotations": [{"nertag": "O"}]}, {"base_span": [801, 806], "annotations": [{"nertag": "O"}]}, {"base_span": [807, 811], "annotations": [{"nertag": "O"}]}, {"base_span": [812, 822], "annotations": [{"nertag": "O"}]}, {"base_span": [823, 828], "annotations": [{"nertag": "O"}]}, {"base_span": [828, 829], "annotations": [{"nertag": "O"}]}, {"base_span": [831, 832], "annotations": [{"nertag": "O"}]}, {"base_span": [833, 835], "annotations": [{"nertag": "O"}]}, {"base_span": [836, 844], "annotations": [{"nertag": "O"}]}, {"base_span": [845, 850], "annotations": [{"nertag": "B-PER"}]}, {"base_span": [851, 855], "annotations": [{"nertag": "I-PER"}]}, {"base_span": [855, 856], "annotations": [{"nertag": "O"}]}, {"base_span": [857, 859], "annotations": [{"nertag": "O"}]}, {"base_span": [860, 865], "annotations": [{"nertag": "O"}]}, {"base_span": [866, 872], "annotations": [{"nertag": "O"}]}, {"base_span": [873, 880], "annotations": [{"nertag": "B-LOC"}]}, {"base_span": [881, 887], "annotations": [{"nertag": "O"}]}, {"base_span": [888, 893], "annotations": [{"nertag": "O"}]}, {"base_span": [894, 899], "annotations": [{"nertag": "O"}]}, {"base_span": [900, 909], "annotations": [{"nertag": "O"}]}, {"base_span": [909, 910], "annotations": [{"nertag": "O"}]}, {"base_span": [911, 916], "annotations": [{"nertag": "O"}]}, {"base_span": [917, 920], "annotations": [{"nertag": "O"}]}, {"base_span": [921, 926], "annotations": [{"nertag": "O"}]}, {"base_span": [927, 931], "annotations": [{"nertag": "O"}]}, {"base_span": [932, 942], "annotations": [{"nertag": "O"}]}, {"base_span": [943, 948], "annotations": [{"nertag": "O"}]}, {"base_span": [948, 949], "annotations": [{"nertag": "O"}]}]}]}