{"text": "\nSel 13mal Webruaril 1870 om sisse kirjotetu sel 24 Aprillil 1870\n\nJaan Kons ja Liis Konsen tulliwa kohtu ette omma asja selletama, et Liso Konsenil Jaan Kontsiga üts essinu poig om olnu, ja omma siin kohtu een leppingut tennuwa, et Jaan Konts massap Liis Konsenile latse kaswatamisses 3 1/2 wakka rükki ja 3 1/2 wakka keswi, ütte kokko 7 wakka wilja sedda wilja peäp Jaan Konts kümne ajastaja seen Liis Konsenile wälja massma, nidate et eddimatse aasta 1/2 wakka rükki ja 1/2 wakka keswi ja üttesa ajastaiga egga ajastaja 1/3 rükki ja 1/3 keswi tullep massa. Nida omma Jaan Konts nink Liis Konsen essi lepnuwa ja tunnistawa sedda omma käekirjaga.\n\nJaan Konts XXX\n\nLiis Konsen XXX\n\nKohtumehhe olliwa leppingu man\n\nAbbikohtom Jaan Petso XXX\n\nAbbikoht Jaan Wisk XXX\n\nAbbikoht Johann Luhha XXX\n\nJaan Konts om kiik ärrä massnu nink om seni ajani kiik tassa sel 1sel Junil 1873 kätte sanu.\n\nLiis Konsen XXX\n\n\n", "meta": {"origin_directory": "vallakohus_neljas/"}, "layers": [{"name": "gold_ner", "attributes": ["nertag"], "parent": null, "enveloping": null, "ambiguous": false, "serialisation_module": null, "meta": {}, "spans": [{"base_span": [67, 76], "annotations": [{"nertag": "PER"}]}, {"base_span": [80, 91], "annotations": [{"nertag": "PER"}]}, {"base_span": [135, 148], "annotations": [{"nertag": "PER"}]}, {"base_span": [149, 162], "annotations": [{"nertag": "PER"}]}, {"base_span": [233, 243], "annotations": [{"nertag": "PER"}]}, {"base_span": [251, 265], "annotations": [{"nertag": "PER"}]}, {"base_span": [368, 378], "annotations": [{"nertag": "PER"}]}, {"base_span": [399, 413], "annotations": [{"nertag": "PER"}]}, {"base_span": [570, 580], "annotations": [{"nertag": "PER"}]}, {"base_span": [586, 597], "annotations": [{"nertag": "PER"}]}, {"base_span": [649, 659], "annotations": [{"nertag": "PER"}]}, {"base_span": [665, 676], "annotations": [{"nertag": "PER"}]}, {"base_span": [725, 735], "annotations": [{"nertag": "PER"}]}, {"base_span": [750, 759], "annotations": [{"nertag": "PER"}]}, {"base_span": [774, 786], "annotations": [{"nertag": "PER"}]}, {"base_span": [792, 802], "annotations": [{"nertag": "PER"}]}, {"base_span": [886, 897], "annotations": [{"nertag": "PER"}]}]}, {"name": "gold_wordner", "attributes": ["nertag"], "parent": null, "enveloping": null, "ambiguous": false, "serialisation_module": null, "meta": {}, "spans": [{"base_span": [1, 4], "annotations": [{"nertag": "O"}]}, {"base_span": [5, 10], "annotations": [{"nertag": "O"}]}, {"base_span": [11, 20], "annotations": [{"nertag": "O"}]}, {"base_span": [21, 25], "annotations": [{"nertag": "O"}]}, {"base_span": [26, 28], "annotations": [{"nertag": "O"}]}, {"base_span": [29, 34], "annotations": [{"nertag": "O"}]}, {"base_span": [35, 44], "annotations": [{"nertag": "O"}]}, {"base_span": [45, 48], "annotations": [{"nertag": "O"}]}, {"base_span": [49, 51], "annotations": [{"nertag": "O"}]}, {"base_span": [52, 60], "annotations": [{"nertag": "O"}]}, {"base_span": [61, 65], "annotations": [{"nertag": "O"}]}, {"base_span": [67, 71], "annotations": [{"nertag": "B-PER"}]}, {"base_span": [72, 76], "annotations": [{"nertag": "I-PER"}]}, {"base_span": [77, 79], "annotations": [{"nertag": "O"}]}, {"base_span": [80, 84], "annotations": [{"nertag": "B-PER"}]}, {"base_span": [85, 91], "annotations": [{"nertag": "I-PER"}]}, {"base_span": [92, 99], "annotations": [{"nertag": "O"}]}, {"base_span": [100, 105], "annotations": [{"nertag": "O"}]}, {"base_span": [106, 110], "annotations": [{"nertag": "O"}]}, {"base_span": [111, 115], "annotations": [{"nertag": "O"}]}, {"base_span": [116, 120], "annotations": [{"nertag": "O"}]}, {"base_span": [121, 130], "annotations": [{"nertag": "O"}]}, {"base_span": [130, 131], "annotations": [{"nertag": "O"}]}, {"base_span": [132, 134], "annotations": [{"nertag": "O"}]}, {"base_span": [135, 139], "annotations": [{"nertag": "B-PER"}]}, {"base_span": [140, 148], "annotations": [{"nertag": "I-PER"}]}, {"base_span": [149, 153], "annotations": [{"nertag": "B-PER"}]}, {"base_span": [154, 162], "annotations": [{"nertag": "I-PER"}]}, {"base_span": [163, 166], "annotations": [{"nertag": "O"}]}, {"base_span": [167, 173], "annotations": [{"nertag": "O"}]}, {"base_span": [174, 178], "annotations": [{"nertag": "O"}]}, {"base_span": [179, 181], "annotations": [{"nertag": "O"}]}, {"base_span": [182, 186], "annotations": [{"nertag": "O"}]}, {"base_span": [186, 187], "annotations": [{"nertag": "O"}]}, {"base_span": [188, 190], "annotations": [{"nertag": "O"}]}, {"base_span": [191, 195], "annotations": [{"nertag": "O"}]}, {"base_span": [196, 200], "annotations": [{"nertag": "O"}]}, {"base_span": [201, 206], "annotations": [{"nertag": "O"}]}, {"base_span": [207, 210], "annotations": [{"nertag": "O"}]}, {"base_span": [211, 220], "annotations": [{"nertag": "O"}]}, {"base_span": [221, 228], "annotations": [{"nertag": "O"}]}, {"base_span": [228, 229], "annotations": [{"nertag": "O"}]}, {"base_span": [230, 232], "annotations": [{"nertag": "O"}]}, {"base_span": [233, 237], "annotations": [{"nertag": "B-PER"}]}, {"base_span": [238, 243], "annotations": [{"nertag": "I-PER"}]}, {"base_span": [244, 250], "annotations": [{"nertag": "O"}]}, {"base_span": [251, 255], "annotations": [{"nertag": "B-PER"}]}, {"base_span": [256, 265], "annotations": [{"nertag": "I-PER"}]}, {"base_span": [266, 271], "annotations": [{"nertag": "O"}]}, {"base_span": [272, 285], "annotations": [{"nertag": "O"}]}, {"base_span": [286, 287], "annotations": [{"nertag": "O"}]}, {"base_span": [288, 289], "annotations": [{"nertag": "O"}]}, {"base_span": [289, 290], "annotations": [{"nertag": "O"}]}, {"base_span": [290, 291], "annotations": [{"nertag": "O"}]}, {"base_span": [292, 297], "annotations": [{"nertag": "O"}]}, {"base_span": [298, 303], "annotations": [{"nertag": "O"}]}, {"base_span": [304, 306], "annotations": [{"nertag": "O"}]}, {"base_span": [307, 308], "annotations": [{"nertag": "O"}]}, {"base_span": [309, 310], "annotations": [{"nertag": "O"}]}, {"base_span": [310, 311], "annotations": [{"nertag": "O"}]}, {"base_span": [311, 312], "annotations": [{"nertag": "O"}]}, {"base_span": [313, 318], "annotations": [{"nertag": "O"}]}, {"base_span": [319, 324], "annotations": [{"nertag": "O"}]}, {"base_span": [324, 325], "annotations": [{"nertag": "O"}]}, {"base_span": [326, 330], "annotations": [{"nertag": "O"}]}, {"base_span": [331, 336], "annotations": [{"nertag": "O"}]}, {"base_span": [337, 338], "annotations": [{"nertag": "O"}]}, {"base_span": [339, 344], "annotations": [{"nertag": "O"}]}, {"base_span": [345, 350], "annotations": [{"nertag": "O"}]}, {"base_span": [351, 356], "annotations": [{"nertag": "O"}]}, {"base_span": [357, 362], "annotations": [{"nertag": "O"}]}, {"base_span": [363, 367], "annotations": [{"nertag": "O"}]}, {"base_span": [368, 372], "annotations": [{"nertag": "B-PER"}]}, {"base_span": [373, 378], "annotations": [{"nertag": "I-PER"}]}, {"base_span": [379, 384], "annotations": [{"nertag": "O"}]}, {"base_span": [385, 393], "annotations": [{"nertag": "O"}]}, {"base_span": [394, 398], "annotations": [{"nertag": "O"}]}, {"base_span": [399, 403], "annotations": [{"nertag": "B-PER"}]}, {"base_span": [404, 413], "annotations": [{"nertag": "I-PER"}]}, {"base_span": [414, 419], "annotations": [{"nertag": "O"}]}, {"base_span": [420, 426], "annotations": [{"nertag": "O"}]}, {"base_span": [426, 427], "annotations": [{"nertag": "O"}]}, {"base_span": [428, 434], "annotations": [{"nertag": "O"}]}, {"base_span": [435, 437], "annotations": [{"nertag": "O"}]}, {"base_span": [438, 447], "annotations": [{"nertag": "O"}]}, {"base_span": [448, 453], "annotations": [{"nertag": "O"}]}, {"base_span": [454, 455], "annotations": [{"nertag": "O"}]}, {"base_span": [455, 456], "annotations": [{"nertag": "O"}]}, {"base_span": [456, 457], "annotations": [{"nertag": "O"}]}, {"base_span": [458, 463], "annotations": [{"nertag": "O"}]}, {"base_span": [464, 469], "annotations": [{"nertag": "O"}]}, {"base_span": [470, 472], "annotations": [{"nertag": "O"}]}, {"base_span": [473, 474], "annotations": [{"nertag": "O"}]}, {"base_span": [474, 475], "annotations": [{"nertag": "O"}]}, {"base_span": [475, 476], "annotations": [{"nertag": "O"}]}, {"base_span": [477, 482], "annotations": [{"nertag": "O"}]}, {"base_span": [483, 488], "annotations": [{"nertag": "O"}]}, {"base_span": [489, 491], "annotations": [{"nertag": "O"}]}, {"base_span": [492, 498], "annotations": [{"nertag": "O"}]}, {"base_span": [499, 508], "annotations": [{"nertag": "O"}]}, {"base_span": [509, 513], "annotations": [{"nertag": "O"}]}, {"base_span": [514, 522], "annotations": [{"nertag": "O"}]}, {"base_span": [523, 524], "annotations": [{"nertag": "O"}]}, {"base_span": [524, 525], "annotations": [{"nertag": "O"}]}, {"base_span": [525, 526], "annotations": [{"nertag": "O"}]}, {"base_span": [527, 532], "annotations": [{"nertag": "O"}]}, {"base_span": [533, 535], "annotations": [{"nertag": "O"}]}, {"base_span": [536, 537], "annotations": [{"nertag": "O"}]}, {"base_span": [537, 538], "annotations": [{"nertag": "O"}]}, {"base_span": [538, 539], "annotations": [{"nertag": "O"}]}, {"base_span": [540, 545], "annotations": [{"nertag": "O"}]}, {"base_span": [546, 552], "annotations": [{"nertag": "O"}]}, {"base_span": [553, 558], "annotations": [{"nertag": "O"}]}, {"base_span": [558, 559], "annotations": [{"nertag": "O"}]}, {"base_span": [560, 564], "annotations": [{"nertag": "O"}]}, {"base_span": [565, 569], "annotations": [{"nertag": "O"}]}, {"base_span": [570, 574], "annotations": [{"nertag": "B-PER"}]}, {"base_span": [575, 580], "annotations": [{"nertag": "I-PER"}]}, {"base_span": [581, 585], "annotations": [{"nertag": "O"}]}, {"base_span": [586, 590], "annotations": [{"nertag": "B-PER"}]}, {"base_span": [591, 597], "annotations": [{"nertag": "I-PER"}]}, {"base_span": [598, 602], "annotations": [{"nertag": "O"}]}, {"base_span": [603, 610], "annotations": [{"nertag": "O"}]}, {"base_span": [611, 613], "annotations": [{"nertag": "O"}]}, {"base_span": [614, 624], "annotations": [{"nertag": "O"}]}, {"base_span": [625, 630], "annotations": [{"nertag": "O"}]}, {"base_span": [631, 635], "annotations": [{"nertag": "O"}]}, {"base_span": [636, 646], "annotations": [{"nertag": "O"}]}, {"base_span": [646, 647], "annotations": [{"nertag": "O"}]}, {"base_span": [649, 653], "annotations": [{"nertag": "B-PER"}]}, {"base_span": [654, 659], "annotations": [{"nertag": "I-PER"}]}, {"base_span": [660, 663], "annotations": [{"nertag": "O"}]}, {"base_span": [665, 669], "annotations": [{"nertag": "B-PER"}]}, {"base_span": [670, 676], "annotations": [{"nertag": "I-PER"}]}, {"base_span": [677, 680], "annotations": [{"nertag": "O"}]}, {"base_span": [682, 692], "annotations": [{"nertag": "O"}]}, {"base_span": [693, 699], "annotations": [{"nertag": "O"}]}, {"base_span": [700, 708], "annotations": [{"nertag": "O"}]}, {"base_span": [709, 712], "annotations": [{"nertag": "O"}]}, {"base_span": [714, 724], "annotations": [{"nertag": "O"}]}, {"base_span": [725, 729], "annotations": [{"nertag": "B-PER"}]}, {"base_span": [730, 735], "annotations": [{"nertag": "I-PER"}]}, {"base_span": [736, 739], "annotations": [{"nertag": "O"}]}, {"base_span": [741, 749], "annotations": [{"nertag": "O"}]}, {"base_span": [750, 754], "annotations": [{"nertag": "B-PER"}]}, {"base_span": [755, 759], "annotations": [{"nertag": "I-PER"}]}, {"base_span": [760, 763], "annotations": [{"nertag": "O"}]}, {"base_span": [765, 773], "annotations": [{"nertag": "O"}]}, {"base_span": [774, 780], "annotations": [{"nertag": "B-PER"}]}, {"base_span": [781, 786], "annotations": [{"nertag": "I-PER"}]}, {"base_span": [787, 790], "annotations": [{"nertag": "O"}]}, {"base_span": [792, 796], "annotations": [{"nertag": "B-PER"}]}, {"base_span": [797, 802], "annotations": [{"nertag": "I-PER"}]}, {"base_span": [803, 805], "annotations": [{"nertag": "O"}]}, {"base_span": [806, 810], "annotations": [{"nertag": "O"}]}, {"base_span": [811, 815], "annotations": [{"nertag": "O"}]}, {"base_span": [816, 822], "annotations": [{"nertag": "O"}]}, {"base_span": [823, 827], "annotations": [{"nertag": "O"}]}, {"base_span": [828, 830], "annotations": [{"nertag": "O"}]}, {"base_span": [831, 835], "annotations": [{"nertag": "O"}]}, {"base_span": [836, 841], "annotations": [{"nertag": "O"}]}, {"base_span": [842, 846], "annotations": [{"nertag": "O"}]}, {"base_span": [847, 852], "annotations": [{"nertag": "O"}]}, {"base_span": [853, 856], "annotations": [{"nertag": "O"}]}, {"base_span": [857, 861], "annotations": [{"nertag": "O"}]}, {"base_span": [862, 867], "annotations": [{"nertag": "O"}]}, {"base_span": [868, 872], "annotations": [{"nertag": "O"}]}, {"base_span": [873, 878], "annotations": [{"nertag": "O"}]}, {"base_span": [879, 883], "annotations": [{"nertag": "O"}]}, {"base_span": [883, 884], "annotations": [{"nertag": "O"}]}, {"base_span": [886, 890], "annotations": [{"nertag": "B-PER"}]}, {"base_span": [891, 897], "annotations": [{"nertag": "I-PER"}]}, {"base_span": [898, 901], "annotations": [{"nertag": "O"}]}]}]}