{"text": "\nTähkowerre Kõimola külla mees Hans Lääne astus ette ja kaebas et temma ostnud Jaan Unti käest üks Wanger 6 Rubla eest ja on temma üks 1 Rubla kässi rahha annud peale selle on agga Jaan Unt ütlenud minna ei sa kuddagi wiisil koddu ja anna minnule tedda koddu sõita ja toon minna tedda näddala pärrast ärra mis temma siis ka annud ja weel ommast käest üks terwe rattas alla annud siis on temma peale selle kolm näddalad ootnud et Jaan Unt sedda wangert ärra toob et se agga ei olle tonud sõitnud temma Awwinorme ja on siis Jaan Unt temmale ütlenud et temma sedda Wangert ärra ei müinud ja pakkunud agga 1 Rbl taggasi mis temma ei olle wõttnud ja on temma selle läbbi suured kahjud sanud ja nõuab temma\n\nselle Wangri eest\n   6 Rbl.\n   \"\n  \n\nselle ratta eest\n   4\n   \"\n  \n\nja omma nelja korra käimisse eest\n   12\n   \"\n  \n\nSumma  \n   22 Rbl\n   \" Cop.\n  \n\nJaan Unt räkis et temma müinud üks wanna Wanker Hans Läänele 6 Rubla eest mis peale siis Hans Loune temmale 1 Rubla kässi rahha annud ja et temma ei olle wõinud sedda wangert ilma rahhata sinna jätta tonud temma se Wanker koddo ja piddanud Hans Lääne naddala pärrast järrele tullema ning rahha ärra maksma ja Wanger ärra weema et agga Hans Lõune ei olle järrele tulnud on temma se Wanger ärra müinud ühhe teisele ja on Hans Lõunele 2 Rubla taggandust pakkunud mis agga Hans Lääne ei olle wasta wõtnud.\n\nLeppisid.\n\nJaan Unt maksis Hans Länele 7 Rubl 50 Cop kahju tassumist.\n\nMaddis Tamm XXX\n\nJosep Reisenpuk XXX\n\nJosep Kallaus XXX\n\n\n", "meta": {"origin_directory": "vallakohus_neljas/"}, "layers": [{"name": "gold_ner", "attributes": ["nertag"], "parent": null, "enveloping": null, "ambiguous": false, "serialisation_module": null, "meta": {}, "spans": [{"base_span": [1, 11], "annotations": [{"nertag": "LOC"}]}, {"base_span": [12, 25], "annotations": [{"nertag": "LOC_ORG"}]}, {"base_span": [31, 41], "annotations": [{"nertag": "PER"}]}, {"base_span": [79, 88], "annotations": [{"nertag": "PER"}]}, {"base_span": [181, 189], "annotations": [{"nertag": "PER"}]}, {"base_span": [429, 437], "annotations": [{"nertag": "PER"}]}, {"base_span": [501, 510], "annotations": [{"nertag": "LOC"}]}, {"base_span": [522, 530], "annotations": [{"nertag": "PER"}]}, {"base_span": [851, 859], "annotations": [{"nertag": "PER"}]}, {"base_span": [899, 911], "annotations": [{"nertag": "PER"}]}, {"base_span": [940, 950], "annotations": [{"nertag": "PER"}]}, {"base_span": [1091, 1101], "annotations": [{"nertag": "PER"}]}, {"base_span": [1186, 1196], "annotations": [{"nertag": "PER"}]}, {"base_span": [1270, 1282], "annotations": [{"nertag": "PER"}]}, {"base_span": [1320, 1330], "annotations": [{"nertag": "PER"}]}, {"base_span": [1365, 1373], "annotations": [{"nertag": "PER"}]}, {"base_span": [1381, 1392], "annotations": [{"nertag": "PER"}]}, {"base_span": [1425, 1436], "annotations": [{"nertag": "PER"}]}, {"base_span": [1442, 1457], "annotations": [{"nertag": "PER"}]}, {"base_span": [1463, 1476], "annotations": [{"nertag": "PER"}]}]}, {"name": "gold_wordner", "attributes": ["nertag"], "parent": null, "enveloping": null, "ambiguous": false, "serialisation_module": null, "meta": {}, "spans": [{"base_span": [1, 11], "annotations": [{"nertag": "B-LOC"}]}, {"base_span": [12, 19], "annotations": [{"nertag": "B-LOC_ORG"}]}, {"base_span": [20, 25], "annotations": [{"nertag": "I-LOC_ORG"}]}, {"base_span": [26, 30], "annotations": [{"nertag": "O"}]}, {"base_span": [31, 35], "annotations": [{"nertag": "B-PER"}]}, {"base_span": [36, 41], "annotations": [{"nertag": "I-PER"}]}, {"base_span": [42, 47], "annotations": [{"nertag": "O"}]}, {"base_span": [48, 52], "annotations": [{"nertag": "O"}]}, {"base_span": [53, 55], "annotations": [{"nertag": "O"}]}, {"base_span": [56, 62], "annotations": [{"nertag": "O"}]}, {"base_span": [63, 65], "annotations": [{"nertag": "O"}]}, {"base_span": [66, 71], "annotations": [{"nertag": "O"}]}, {"base_span": [72, 78], "annotations": [{"nertag": "O"}]}, {"base_span": [79, 83], "annotations": [{"nertag": "B-PER"}]}, {"base_span": [84, 88], "annotations": [{"nertag": "I-PER"}]}, {"base_span": [89, 94], "annotations": [{"nertag": "O"}]}, {"base_span": [95, 98], "annotations": [{"nertag": "O"}]}, {"base_span": [99, 105], "annotations": [{"nertag": "O"}]}, {"base_span": [106, 107], "annotations": [{"nertag": "O"}]}, {"base_span": [108, 113], "annotations": [{"nertag": "O"}]}, {"base_span": [114, 118], "annotations": [{"nertag": "O"}]}, {"base_span": [119, 121], "annotations": [{"nertag": "O"}]}, {"base_span": [122, 124], "annotations": [{"nertag": "O"}]}, {"base_span": [125, 130], "annotations": [{"nertag": "O"}]}, {"base_span": [131, 134], "annotations": [{"nertag": "O"}]}, {"base_span": [135, 136], "annotations": [{"nertag": "O"}]}, {"base_span": [137, 142], "annotations": [{"nertag": "O"}]}, {"base_span": [143, 148], "annotations": [{"nertag": "O"}]}, {"base_span": [149, 154], "annotations": [{"nertag": "O"}]}, {"base_span": [155, 160], "annotations": [{"nertag": "O"}]}, {"base_span": [161, 166], "annotations": [{"nertag": "O"}]}, {"base_span": [167, 172], "annotations": [{"nertag": "O"}]}, {"base_span": [173, 175], "annotations": [{"nertag": "O"}]}, {"base_span": [176, 180], "annotations": [{"nertag": "O"}]}, {"base_span": [181, 185], "annotations": [{"nertag": "B-PER"}]}, {"base_span": [186, 189], "annotations": [{"nertag": "I-PER"}]}, {"base_span": [190, 197], "annotations": [{"nertag": "O"}]}, {"base_span": [198, 203], "annotations": [{"nertag": "O"}]}, {"base_span": [204, 206], "annotations": [{"nertag": "O"}]}, {"base_span": [207, 209], "annotations": [{"nertag": "O"}]}, {"base_span": [210, 217], "annotations": [{"nertag": "O"}]}, {"base_span": [218, 224], "annotations": [{"nertag": "O"}]}, {"base_span": [225, 230], "annotations": [{"nertag": "O"}]}, {"base_span": [231, 233], "annotations": [{"nertag": "O"}]}, {"base_span": [234, 238], "annotations": [{"nertag": "O"}]}, {"base_span": [239, 246], "annotations": [{"nertag": "O"}]}, {"base_span": [247, 252], "annotations": [{"nertag": "O"}]}, {"base_span": [253, 258], "annotations": [{"nertag": "O"}]}, {"base_span": [259, 264], "annotations": [{"nertag": "O"}]}, {"base_span": [265, 267], "annotations": [{"nertag": "O"}]}, {"base_span": [268, 272], "annotations": [{"nertag": "O"}]}, {"base_span": [273, 278], "annotations": [{"nertag": "O"}]}, {"base_span": [279, 284], "annotations": [{"nertag": "O"}]}, {"base_span": [285, 292], "annotations": [{"nertag": "O"}]}, {"base_span": [293, 300], "annotations": [{"nertag": "O"}]}, {"base_span": [301, 305], "annotations": [{"nertag": "O"}]}, {"base_span": [306, 309], "annotations": [{"nertag": "O"}]}, {"base_span": [310, 315], "annotations": [{"nertag": "O"}]}, {"base_span": [316, 320], "annotations": [{"nertag": "O"}]}, {"base_span": [321, 323], "annotations": [{"nertag": "O"}]}, {"base_span": [324, 329], "annotations": [{"nertag": "O"}]}, {"base_span": [330, 332], "annotations": [{"nertag": "O"}]}, {"base_span": [333, 337], "annotations": [{"nertag": "O"}]}, {"base_span": [338, 344], "annotations": [{"nertag": "O"}]}, {"base_span": [345, 350], "annotations": [{"nertag": "O"}]}, {"base_span": [351, 354], "annotations": [{"nertag": "O"}]}, {"base_span": [355, 360], "annotations": [{"nertag": "O"}]}, {"base_span": [361, 367], "annotations": [{"nertag": "O"}]}, {"base_span": [368, 372], "annotations": [{"nertag": "O"}]}, {"base_span": [373, 378], "annotations": [{"nertag": "O"}]}, {"base_span": [379, 383], "annotations": [{"nertag": "O"}]}, {"base_span": [384, 386], "annotations": [{"nertag": "O"}]}, {"base_span": [387, 392], "annotations": [{"nertag": "O"}]}, {"base_span": [393, 398], "annotations": [{"nertag": "O"}]}, {"base_span": [399, 404], "annotations": [{"nertag": "O"}]}, {"base_span": [405, 409], "annotations": [{"nertag": "O"}]}, {"base_span": [410, 418], "annotations": [{"nertag": "O"}]}, {"base_span": [419, 425], "annotations": [{"nertag": "O"}]}, {"base_span": [426, 428], "annotations": [{"nertag": "O"}]}, {"base_span": [429, 433], "annotations": [{"nertag": "B-PER"}]}, {"base_span": [434, 437], "annotations": [{"nertag": "I-PER"}]}, {"base_span": [438, 443], "annotations": [{"nertag": "O"}]}, {"base_span": [444, 451], "annotations": [{"nertag": "O"}]}, {"base_span": [452, 456], "annotations": [{"nertag": "O"}]}, {"base_span": [457, 461], "annotations": [{"nertag": "O"}]}, {"base_span": [462, 464], "annotations": [{"nertag": "O"}]}, {"base_span": [465, 467], "annotations": [{"nertag": "O"}]}, {"base_span": [468, 472], "annotations": [{"nertag": "O"}]}, {"base_span": [473, 475], "annotations": [{"nertag": "O"}]}, {"base_span": [476, 480], "annotations": [{"nertag": "O"}]}, {"base_span": [481, 486], "annotations": [{"nertag": "O"}]}, {"base_span": [487, 494], "annotations": [{"nertag": "O"}]}, {"base_span": [495, 500], "annotations": [{"nertag": "O"}]}, {"base_span": [501, 510], "annotations": [{"nertag": "B-LOC"}]}, {"base_span": [511, 513], "annotations": [{"nertag": "O"}]}, {"base_span": [514, 516], "annotations": [{"nertag": "O"}]}, {"base_span": [517, 521], "annotations": [{"nertag": "O"}]}, {"base_span": [522, 526], "annotations": [{"nertag": "B-PER"}]}, {"base_span": [527, 530], "annotations": [{"nertag": "I-PER"}]}, {"base_span": [531, 538], "annotations": [{"nertag": "O"}]}, {"base_span": [539, 546], "annotations": [{"nertag": "O"}]}, {"base_span": [547, 549], "annotations": [{"nertag": "O"}]}, {"base_span": [550, 555], "annotations": [{"nertag": "O"}]}, {"base_span": [556, 561], "annotations": [{"nertag": "O"}]}, {"base_span": [562, 569], "annotations": [{"nertag": "O"}]}, {"base_span": [570, 574], "annotations": [{"nertag": "O"}]}, {"base_span": [575, 577], "annotations": [{"nertag": "O"}]}, {"base_span": [578, 584], "annotations": [{"nertag": "O"}]}, {"base_span": [585, 587], "annotations": [{"nertag": "O"}]}, {"base_span": [588, 596], "annotations": [{"nertag": "O"}]}, {"base_span": [597, 601], "annotations": [{"nertag": "O"}]}, {"base_span": [602, 603], "annotations": [{"nertag": "O"}]}, {"base_span": [604, 607], "annotations": [{"nertag": "O"}]}, {"base_span": [608, 615], "annotations": [{"nertag": "O"}]}, {"base_span": [616, 619], "annotations": [{"nertag": "O"}]}, {"base_span": [620, 625], "annotations": [{"nertag": "O"}]}, {"base_span": [626, 628], "annotations": [{"nertag": "O"}]}, {"base_span": [629, 633], "annotations": [{"nertag": "O"}]}, {"base_span": [634, 641], "annotations": [{"nertag": "O"}]}, {"base_span": [642, 644], "annotations": [{"nertag": "O"}]}, {"base_span": [645, 647], "annotations": [{"nertag": "O"}]}, {"base_span": [648, 653], "annotations": [{"nertag": "O"}]}, {"base_span": [654, 659], "annotations": [{"nertag": "O"}]}, {"base_span": [660, 665], "annotations": [{"nertag": "O"}]}, {"base_span": [666, 672], "annotations": [{"nertag": "O"}]}, {"base_span": [673, 679], "annotations": [{"nertag": "O"}]}, {"base_span": [680, 685], "annotations": [{"nertag": "O"}]}, {"base_span": [686, 688], "annotations": [{"nertag": "O"}]}, {"base_span": [689, 694], "annotations": [{"nertag": "O"}]}, {"base_span": [695, 700], "annotations": [{"nertag": "O"}]}, {"base_span": [702, 707], "annotations": [{"nertag": "O"}]}, {"base_span": [708, 714], "annotations": [{"nertag": "O"}]}, {"base_span": [715, 719], "annotations": [{"nertag": "O"}]}, {"base_span": [723, 724], "annotations": [{"nertag": "O"}]}, {"base_span": [725, 728], "annotations": [{"nertag": "O"}]}, {"base_span": [728, 729], "annotations": [{"nertag": "O"}]}, {"base_span": [733, 734], "annotations": [{"nertag": "O"}]}, {"base_span": [739, 744], "annotations": [{"nertag": "O"}]}, {"base_span": [745, 750], "annotations": [{"nertag": "O"}]}, {"base_span": [751, 755], "annotations": [{"nertag": "O"}]}, {"base_span": [759, 760], "annotations": [{"nertag": "O"}]}, {"base_span": [764, 765], "annotations": [{"nertag": "O"}]}, {"base_span": [770, 772], "annotations": [{"nertag": "O"}]}, {"base_span": [773, 777], "annotations": [{"nertag": "O"}]}, {"base_span": [778, 783], "annotations": [{"nertag": "O"}]}, {"base_span": [784, 789], "annotations": [{"nertag": "O"}]}, {"base_span": [790, 798], "annotations": [{"nertag": "O"}]}, {"base_span": [799, 803], "annotations": [{"nertag": "O"}]}, {"base_span": [807, 809], "annotations": [{"nertag": "O"}]}, {"base_span": [813, 814], "annotations": [{"nertag": "O"}]}, {"base_span": [819, 824], "annotations": [{"nertag": "O"}]}, {"base_span": [830, 832], "annotations": [{"nertag": "O"}]}, {"base_span": [833, 836], "annotations": [{"nertag": "O"}]}, {"base_span": [840, 841], "annotations": [{"nertag": "O"}]}, {"base_span": [842, 845], "annotations": [{"nertag": "O"}]}, {"base_span": [845, 846], "annotations": [{"nertag": "O"}]}, {"base_span": [851, 855], "annotations": [{"nertag": "B-PER"}]}, {"base_span": [856, 859], "annotations": [{"nertag": "I-PER"}]}, {"base_span": [860, 865], "annotations": [{"nertag": "O"}]}, {"base_span": [866, 868], "annotations": [{"nertag": "O"}]}, {"base_span": [869, 874], "annotations": [{"nertag": "O"}]}, {"base_span": [875, 881], "annotations": [{"nertag": "O"}]}, {"base_span": [882, 885], "annotations": [{"nertag": "O"}]}, {"base_span": [886, 891], "annotations": [{"nertag": "O"}]}, {"base_span": [892, 898], "annotations": [{"nertag": "O"}]}, {"base_span": [899, 903], "annotations": [{"nertag": "B-PER"}]}, {"base_span": [904, 911], "annotations": [{"nertag": "I-PER"}]}, {"base_span": [912, 913], "annotations": [{"nertag": "O"}]}, {"base_span": [914, 919], "annotations": [{"nertag": "O"}]}, {"base_span": [920, 924], "annotations": [{"nertag": "O"}]}, {"base_span": [925, 928], "annotations": [{"nertag": "O"}]}, {"base_span": [929, 934], "annotations": [{"nertag": "O"}]}, {"base_span": [935, 939], "annotations": [{"nertag": "O"}]}, {"base_span": [940, 944], "annotations": [{"nertag": "B-PER"}]}, {"base_span": [945, 950], "annotations": [{"nertag": "I-PER"}]}, {"base_span": [951, 958], "annotations": [{"nertag": "O"}]}, {"base_span": [959, 960], "annotations": [{"nertag": "O"}]}, {"base_span": [961, 966], "annotations": [{"nertag": "O"}]}, {"base_span": [967, 972], "annotations": [{"nertag": "O"}]}, {"base_span": [973, 978], "annotations": [{"nertag": "O"}]}, {"base_span": [979, 984], "annotations": [{"nertag": "O"}]}, {"base_span": [985, 987], "annotations": [{"nertag": "O"}]}, {"base_span": [988, 990], "annotations": [{"nertag": "O"}]}, {"base_span": [991, 996], "annotations": [{"nertag": "O"}]}, {"base_span": [997, 999], "annotations": [{"nertag": "O"}]}, {"base_span": [1000, 1004], "annotations": [{"nertag": "O"}]}, {"base_span": [1005, 1011], "annotations": [{"nertag": "O"}]}, {"base_span": [1012, 1017], "annotations": [{"nertag": "O"}]}, {"base_span": [1018, 1025], "annotations": [{"nertag": "O"}]}, {"base_span": [1026, 1030], "annotations": [{"nertag": "O"}]}, {"base_span": [1031, 1038], "annotations": [{"nertag": "O"}]}, {"base_span": [1039, 1044], "annotations": [{"nertag": "O"}]}, {"base_span": [1045, 1050], "annotations": [{"nertag": "O"}]}, {"base_span": [1051, 1056], "annotations": [{"nertag": "O"}]}, {"base_span": [1057, 1062], "annotations": [{"nertag": "O"}]}, {"base_span": [1063, 1065], "annotations": [{"nertag": "O"}]}, {"base_span": [1066, 1072], "annotations": [{"nertag": "O"}]}, {"base_span": [1073, 1078], "annotations": [{"nertag": "O"}]}, {"base_span": [1079, 1081], "annotations": [{"nertag": "O"}]}, {"base_span": [1082, 1090], "annotations": [{"nertag": "O"}]}, {"base_span": [1091, 1095], "annotations": [{"nertag": "B-PER"}]}, {"base_span": [1096, 1101], "annotations": [{"nertag": "I-PER"}]}, {"base_span": [1102, 1109], "annotations": [{"nertag": "O"}]}, {"base_span": [1110, 1117], "annotations": [{"nertag": "O"}]}, {"base_span": [1118, 1125], "annotations": [{"nertag": "O"}]}, {"base_span": [1126, 1133], "annotations": [{"nertag": "O"}]}, {"base_span": [1134, 1138], "annotations": [{"nertag": "O"}]}, {"base_span": [1139, 1144], "annotations": [{"nertag": "O"}]}, {"base_span": [1145, 1149], "annotations": [{"nertag": "O"}]}, {"base_span": [1150, 1156], "annotations": [{"nertag": "O"}]}, {"base_span": [1157, 1159], "annotations": [{"nertag": "O"}]}, {"base_span": [1160, 1166], "annotations": [{"nertag": "O"}]}, {"base_span": [1167, 1171], "annotations": [{"nertag": "O"}]}, {"base_span": [1172, 1177], "annotations": [{"nertag": "O"}]}, {"base_span": [1178, 1180], "annotations": [{"nertag": "O"}]}, {"base_span": [1181, 1185], "annotations": [{"nertag": "O"}]}, {"base_span": [1186, 1190], "annotations": [{"nertag": "B-PER"}]}, {"base_span": [1191, 1196], "annotations": [{"nertag": "I-PER"}]}, {"base_span": [1197, 1199], "annotations": [{"nertag": "O"}]}, {"base_span": [1200, 1204], "annotations": [{"nertag": "O"}]}, {"base_span": [1205, 1212], "annotations": [{"nertag": "O"}]}, {"base_span": [1213, 1219], "annotations": [{"nertag": "O"}]}, {"base_span": [1220, 1222], "annotations": [{"nertag": "O"}]}, {"base_span": [1223, 1228], "annotations": [{"nertag": "O"}]}, {"base_span": [1229, 1231], "annotations": [{"nertag": "O"}]}, {"base_span": [1232, 1238], "annotations": [{"nertag": "O"}]}, {"base_span": [1239, 1243], "annotations": [{"nertag": "O"}]}, {"base_span": [1244, 1250], "annotations": [{"nertag": "O"}]}, {"base_span": [1251, 1255], "annotations": [{"nertag": "O"}]}, {"base_span": [1256, 1263], "annotations": [{"nertag": "O"}]}, {"base_span": [1264, 1266], "annotations": [{"nertag": "O"}]}, {"base_span": [1267, 1269], "annotations": [{"nertag": "O"}]}, {"base_span": [1270, 1274], "annotations": [{"nertag": "B-PER"}]}, {"base_span": [1275, 1282], "annotations": [{"nertag": "I-PER"}]}, {"base_span": [1283, 1284], "annotations": [{"nertag": "O"}]}, {"base_span": [1285, 1290], "annotations": [{"nertag": "O"}]}, {"base_span": [1291, 1301], "annotations": [{"nertag": "O"}]}, {"base_span": [1302, 1310], "annotations": [{"nertag": "O"}]}, {"base_span": [1311, 1314], "annotations": [{"nertag": "O"}]}, {"base_span": [1315, 1319], "annotations": [{"nertag": "O"}]}, {"base_span": [1320, 1324], "annotations": [{"nertag": "B-PER"}]}, {"base_span": [1325, 1330], "annotations": [{"nertag": "I-PER"}]}, {"base_span": [1331, 1333], "annotations": [{"nertag": "O"}]}, {"base_span": [1334, 1338], "annotations": [{"nertag": "O"}]}, {"base_span": [1339, 1344], "annotations": [{"nertag": "O"}]}, {"base_span": [1345, 1351], "annotations": [{"nertag": "O"}]}, {"base_span": [1351, 1352], "annotations": [{"nertag": "O"}]}, {"base_span": [1354, 1362], "annotations": [{"nertag": "O"}]}, {"base_span": [1362, 1363], "annotations": [{"nertag": "O"}]}, {"base_span": [1365, 1369], "annotations": [{"nertag": "B-PER"}]}, {"base_span": [1370, 1373], "annotations": [{"nertag": "I-PER"}]}, {"base_span": [1374, 1380], "annotations": [{"nertag": "O"}]}, {"base_span": [1381, 1385], "annotations": [{"nertag": "B-PER"}]}, {"base_span": [1386, 1392], "annotations": [{"nertag": "I-PER"}]}, {"base_span": [1393, 1394], "annotations": [{"nertag": "O"}]}, {"base_span": [1395, 1399], "annotations": [{"nertag": "O"}]}, {"base_span": [1400, 1402], "annotations": [{"nertag": "O"}]}, {"base_span": [1403, 1406], "annotations": [{"nertag": "O"}]}, {"base_span": [1407, 1412], "annotations": [{"nertag": "O"}]}, {"base_span": [1413, 1422], "annotations": [{"nertag": "O"}]}, {"base_span": [1422, 1423], "annotations": [{"nertag": "O"}]}, {"base_span": [1425, 1431], "annotations": [{"nertag": "B-PER"}]}, {"base_span": [1432, 1436], "annotations": [{"nertag": "I-PER"}]}, {"base_span": [1437, 1440], "annotations": [{"nertag": "O"}]}, {"base_span": [1442, 1447], "annotations": [{"nertag": "B-PER"}]}, {"base_span": [1448, 1457], "annotations": [{"nertag": "I-PER"}]}, {"base_span": [1458, 1461], "annotations": [{"nertag": "O"}]}, {"base_span": [1463, 1468], "annotations": [{"nertag": "B-PER"}]}, {"base_span": [1469, 1476], "annotations": [{"nertag": "I-PER"}]}, {"base_span": [1477, 1480], "annotations": [{"nertag": "O"}]}]}]}