{"text": "\nFeodor Baranin annab üllesse, et pühhade aeal (ei tea mil päewal) olla temmal tindi kuiwatamise ahjust tinta ärravarrastud, 8. puuda, ja on Lawrenti Semenow Rõibakowi juures tännnsel paewal 2. puuda kätte saanud.\n\nLawrenti Semenow Rõibakow sai selle peale kohtu ette kutsutud, temmale kaebdus ettepandut, mis peale temma kostab, et temma olla isse püüdmas käinud, ja olla ommad tindid mis temma juures leitud, ja olla temma need tindid ommas ahjus kuiwatanud, ilma liiwata.\n\nKohhus watas Lawrenti Semenow Rõibakow tindisid läbbi ja on leidnud, et nemmad wabriku ahjus on kuiwatatud, ja liiwaga ja olla leitud tinta 1. puud 37 st. Kaest ärrawoetud tinta on seggatud pool omma ahjus kuiwatud ja teine pool wabriku ahjus kuiwatud.\n\nSotnik Maksim Krasichin tunnistab, et temma wasto on Peter Djukow üllesse tunnistanud, kudda temma arvata 20 st tinti Feodor Baranini ahjust on warrastanud.\n\nPeter Below tunnistab, et Lawrenti Rõibakow on temma wasta räkinud, kudda temma Jefim Fruktowi naese kaest 1. puud 30 st tinta 1 rubla 20 kp eest ostnud, ka olla nimmetud naene KassepealeFeodor Scaradumowile 4. puuda müinud.\n\n/: Teine poolen assi jääb tullewase kohtupaewani poolele:/\n\nA. Krimm [allkiri], pea\nA. Pärn [allkiri], kohtumees\nxxx Tawet Kook, \"\n\n\n", "meta": {"origin_directory": "vallakohus_kolmas/"}, "layers": [{"name": "gold_ner", "attributes": ["nertag"], "parent": null, "enveloping": null, "ambiguous": false, "serialisation_module": null, "meta": {}, "spans": [{"base_span": [1, 15], "annotations": [{"nertag": "PER"}]}, {"base_span": [141, 167], "annotations": [{"nertag": "PER"}]}, {"base_span": [215, 240], "annotations": [{"nertag": "PER"}]}, {"base_span": [489, 514], "annotations": [{"nertag": "PER"}]}, {"base_span": [737, 753], "annotations": [{"nertag": "PER"}]}, {"base_span": [783, 795], "annotations": [{"nertag": "PER"}]}, {"base_span": [848, 863], "annotations": [{"nertag": "PER"}]}, {"base_span": [888, 899], "annotations": [{"nertag": "PER"}]}, {"base_span": [914, 931], "annotations": [{"nertag": "PER"}]}, {"base_span": [968, 982], "annotations": [{"nertag": "PER"}]}, {"base_span": [1065, 1075], "annotations": [{"nertag": "LOC"}]}, {"base_span": [1075, 1095], "annotations": [{"nertag": "PER"}]}, {"base_span": [1174, 1182], "annotations": [{"nertag": "PER"}]}, {"base_span": [1198, 1205], "annotations": [{"nertag": "PER"}]}, {"base_span": [1231, 1241], "annotations": [{"nertag": "PER"}]}]}, {"name": "gold_wordner", "attributes": ["nertag"], "parent": null, "enveloping": null, "ambiguous": false, "serialisation_module": null, "meta": {}, "spans": [{"base_span": [1, 7], "annotations": [{"nertag": "B-PER"}]}, {"base_span": [8, 15], "annotations": [{"nertag": "I-PER"}]}, {"base_span": [16, 21], "annotations": [{"nertag": "O"}]}, {"base_span": [22, 29], "annotations": [{"nertag": "O"}]}, {"base_span": [29, 30], "annotations": [{"nertag": "O"}]}, {"base_span": [31, 33], "annotations": [{"nertag": "O"}]}, {"base_span": [34, 41], "annotations": [{"nertag": "O"}]}, {"base_span": [42, 46], "annotations": [{"nertag": "O"}]}, {"base_span": [47, 48], "annotations": [{"nertag": "O"}]}, {"base_span": [48, 50], "annotations": [{"nertag": "O"}]}, {"base_span": [51, 54], "annotations": [{"nertag": "O"}]}, {"base_span": [55, 58], "annotations": [{"nertag": "O"}]}, {"base_span": [59, 65], "annotations": [{"nertag": "O"}]}, {"base_span": [65, 66], "annotations": [{"nertag": "O"}]}, {"base_span": [67, 71], "annotations": [{"nertag": "O"}]}, {"base_span": [72, 78], "annotations": [{"nertag": "O"}]}, {"base_span": [79, 84], "annotations": [{"nertag": "O"}]}, {"base_span": [85, 96], "annotations": [{"nertag": "O"}]}, {"base_span": [97, 103], "annotations": [{"nertag": "O"}]}, {"base_span": [104, 109], "annotations": [{"nertag": "O"}]}, {"base_span": [110, 123], "annotations": [{"nertag": "O"}]}, {"base_span": [123, 124], "annotations": [{"nertag": "O"}]}, {"base_span": [125, 127], "annotations": [{"nertag": "O"}]}, {"base_span": [128, 133], "annotations": [{"nertag": "O"}]}, {"base_span": [133, 134], "annotations": [{"nertag": "O"}]}, {"base_span": [135, 137], "annotations": [{"nertag": "O"}]}, {"base_span": [138, 140], "annotations": [{"nertag": "O"}]}, {"base_span": [141, 149], "annotations": [{"nertag": "B-PER"}]}, {"base_span": [150, 157], "annotations": [{"nertag": "I-PER"}]}, {"base_span": [158, 167], "annotations": [{"nertag": "I-PER"}]}, {"base_span": [168, 174], "annotations": [{"nertag": "O"}]}, {"base_span": [175, 183], "annotations": [{"nertag": "O"}]}, {"base_span": [184, 190], "annotations": [{"nertag": "O"}]}, {"base_span": [191, 193], "annotations": [{"nertag": "O"}]}, {"base_span": [194, 199], "annotations": [{"nertag": "O"}]}, {"base_span": [200, 205], "annotations": [{"nertag": "O"}]}, {"base_span": [206, 212], "annotations": [{"nertag": "O"}]}, {"base_span": [212, 213], "annotations": [{"nertag": "O"}]}, {"base_span": [215, 223], "annotations": [{"nertag": "B-PER"}]}, {"base_span": [224, 231], "annotations": [{"nertag": "I-PER"}]}, {"base_span": [232, 240], "annotations": [{"nertag": "I-PER"}]}, {"base_span": [241, 244], "annotations": [{"nertag": "O"}]}, {"base_span": [245, 250], "annotations": [{"nertag": "O"}]}, {"base_span": [251, 256], "annotations": [{"nertag": "O"}]}, {"base_span": [257, 262], "annotations": [{"nertag": "O"}]}, {"base_span": [263, 267], "annotations": [{"nertag": "O"}]}, {"base_span": [268, 276], "annotations": [{"nertag": "O"}]}, {"base_span": [276, 277], "annotations": [{"nertag": "O"}]}, {"base_span": [278, 285], "annotations": [{"nertag": "O"}]}, {"base_span": [286, 293], "annotations": [{"nertag": "O"}]}, {"base_span": [294, 304], "annotations": [{"nertag": "O"}]}, {"base_span": [304, 305], "annotations": [{"nertag": "O"}]}, {"base_span": [306, 309], "annotations": [{"nertag": "O"}]}, {"base_span": [310, 315], "annotations": [{"nertag": "O"}]}, {"base_span": [316, 321], "annotations": [{"nertag": "O"}]}, {"base_span": [322, 328], "annotations": [{"nertag": "O"}]}, {"base_span": [328, 329], "annotations": [{"nertag": "O"}]}, {"base_span": [330, 332], "annotations": [{"nertag": "O"}]}, {"base_span": [333, 338], "annotations": [{"nertag": "O"}]}, {"base_span": [339, 343], "annotations": [{"nertag": "O"}]}, {"base_span": [344, 348], "annotations": [{"nertag": "O"}]}, {"base_span": [349, 356], "annotations": [{"nertag": "O"}]}, {"base_span": [357, 363], "annotations": [{"nertag": "O"}]}, {"base_span": [363, 364], "annotations": [{"nertag": "O"}]}, {"base_span": [365, 367], "annotations": [{"nertag": "O"}]}, {"base_span": [368, 372], "annotations": [{"nertag": "O"}]}, {"base_span": [373, 378], "annotations": [{"nertag": "O"}]}, {"base_span": [379, 385], "annotations": [{"nertag": "O"}]}, {"base_span": [386, 389], "annotations": [{"nertag": "O"}]}, {"base_span": [390, 395], "annotations": [{"nertag": "O"}]}, {"base_span": [396, 402], "annotations": [{"nertag": "O"}]}, {"base_span": [403, 409], "annotations": [{"nertag": "O"}]}, {"base_span": [409, 410], "annotations": [{"nertag": "O"}]}, {"base_span": [411, 413], "annotations": [{"nertag": "O"}]}, {"base_span": [414, 418], "annotations": [{"nertag": "O"}]}, {"base_span": [419, 424], "annotations": [{"nertag": "O"}]}, {"base_span": [425, 429], "annotations": [{"nertag": "O"}]}, {"base_span": [430, 436], "annotations": [{"nertag": "O"}]}, {"base_span": [437, 442], "annotations": [{"nertag": "O"}]}, {"base_span": [443, 448], "annotations": [{"nertag": "O"}]}, {"base_span": [449, 459], "annotations": [{"nertag": "O"}]}, {"base_span": [459, 460], "annotations": [{"nertag": "O"}]}, {"base_span": [461, 465], "annotations": [{"nertag": "O"}]}, {"base_span": [466, 473], "annotations": [{"nertag": "O"}]}, {"base_span": [473, 474], "annotations": [{"nertag": "O"}]}, {"base_span": [476, 482], "annotations": [{"nertag": "O"}]}, {"base_span": [483, 488], "annotations": [{"nertag": "O"}]}, {"base_span": [489, 497], "annotations": [{"nertag": "B-PER"}]}, {"base_span": [498, 505], "annotations": [{"nertag": "I-PER"}]}, {"base_span": [506, 514], "annotations": [{"nertag": "I-PER"}]}, {"base_span": [515, 523], "annotations": [{"nertag": "O"}]}, {"base_span": [524, 529], "annotations": [{"nertag": "O"}]}, {"base_span": [530, 532], "annotations": [{"nertag": "O"}]}, {"base_span": [533, 535], "annotations": [{"nertag": "O"}]}, {"base_span": [536, 543], "annotations": [{"nertag": "O"}]}, {"base_span": [543, 544], "annotations": [{"nertag": "O"}]}, {"base_span": [545, 547], "annotations": [{"nertag": "O"}]}, {"base_span": [548, 554], "annotations": [{"nertag": "O"}]}, {"base_span": [555, 562], "annotations": [{"nertag": "O"}]}, {"base_span": [563, 568], "annotations": [{"nertag": "O"}]}, {"base_span": [569, 571], "annotations": [{"nertag": "O"}]}, {"base_span": [572, 582], "annotations": [{"nertag": "O"}]}, {"base_span": [582, 583], "annotations": [{"nertag": "O"}]}, {"base_span": [584, 586], "annotations": [{"nertag": "O"}]}, {"base_span": [587, 594], "annotations": [{"nertag": "O"}]}, {"base_span": [595, 597], "annotations": [{"nertag": "O"}]}, {"base_span": [598, 602], "annotations": [{"nertag": "O"}]}, {"base_span": [603, 609], "annotations": [{"nertag": "O"}]}, {"base_span": [610, 615], "annotations": [{"nertag": "O"}]}, {"base_span": [616, 618], "annotations": [{"nertag": "O"}]}, {"base_span": [619, 623], "annotations": [{"nertag": "O"}]}, {"base_span": [624, 626], "annotations": [{"nertag": "O"}]}, {"base_span": [627, 629], "annotations": [{"nertag": "O"}]}, {"base_span": [629, 630], "annotations": [{"nertag": "O"}]}, {"base_span": [631, 636], "annotations": [{"nertag": "O"}]}, {"base_span": [637, 647], "annotations": [{"nertag": "O"}]}, {"base_span": [648, 653], "annotations": [{"nertag": "O"}]}, {"base_span": [654, 656], "annotations": [{"nertag": "O"}]}, {"base_span": [657, 665], "annotations": [{"nertag": "O"}]}, {"base_span": [666, 670], "annotations": [{"nertag": "O"}]}, {"base_span": [671, 675], "annotations": [{"nertag": "O"}]}, {"base_span": [676, 681], "annotations": [{"nertag": "O"}]}, {"base_span": [682, 690], "annotations": [{"nertag": "O"}]}, {"base_span": [691, 693], "annotations": [{"nertag": "O"}]}, {"base_span": [694, 699], "annotations": [{"nertag": "O"}]}, {"base_span": [700, 704], "annotations": [{"nertag": "O"}]}, {"base_span": [705, 712], "annotations": [{"nertag": "O"}]}, {"base_span": [713, 718], "annotations": [{"nertag": "O"}]}, {"base_span": [719, 727], "annotations": [{"nertag": "O"}]}, {"base_span": [727, 728], "annotations": [{"nertag": "O"}]}, {"base_span": [730, 736], "annotations": [{"nertag": "O"}]}, {"base_span": [737, 743], "annotations": [{"nertag": "B-PER"}]}, {"base_span": [744, 753], "annotations": [{"nertag": "I-PER"}]}, {"base_span": [754, 763], "annotations": [{"nertag": "O"}]}, {"base_span": [763, 764], "annotations": [{"nertag": "O"}]}, {"base_span": [765, 767], "annotations": [{"nertag": "O"}]}, {"base_span": [768, 773], "annotations": [{"nertag": "O"}]}, {"base_span": [774, 779], "annotations": [{"nertag": "O"}]}, {"base_span": [780, 782], "annotations": [{"nertag": "O"}]}, {"base_span": [783, 788], "annotations": [{"nertag": "B-PER"}]}, {"base_span": [789, 795], "annotations": [{"nertag": "I-PER"}]}, {"base_span": [796, 803], "annotations": [{"nertag": "O"}]}, {"base_span": [804, 815], "annotations": [{"nertag": "O"}]}, {"base_span": [815, 816], "annotations": [{"nertag": "O"}]}, {"base_span": [817, 822], "annotations": [{"nertag": "O"}]}, {"base_span": [823, 828], "annotations": [{"nertag": "O"}]}, {"base_span": [829, 835], "annotations": [{"nertag": "O"}]}, {"base_span": [836, 838], "annotations": [{"nertag": "O"}]}, {"base_span": [839, 841], "annotations": [{"nertag": "O"}]}, {"base_span": [842, 847], "annotations": [{"nertag": "O"}]}, {"base_span": [848, 854], "annotations": [{"nertag": "B-PER"}]}, {"base_span": [855, 863], "annotations": [{"nertag": "I-PER"}]}, {"base_span": [864, 870], "annotations": [{"nertag": "O"}]}, {"base_span": [871, 873], "annotations": [{"nertag": "O"}]}, {"base_span": [874, 885], "annotations": [{"nertag": "O"}]}, {"base_span": [885, 886], "annotations": [{"nertag": "O"}]}, {"base_span": [888, 893], "annotations": [{"nertag": "B-PER"}]}, {"base_span": [894, 899], "annotations": [{"nertag": "I-PER"}]}, {"base_span": [900, 909], "annotations": [{"nertag": "O"}]}, {"base_span": [909, 910], "annotations": [{"nertag": "O"}]}, {"base_span": [911, 913], "annotations": [{"nertag": "O"}]}, {"base_span": [914, 922], "annotations": [{"nertag": "B-PER"}]}, {"base_span": [923, 931], "annotations": [{"nertag": "I-PER"}]}, {"base_span": [932, 934], "annotations": [{"nertag": "O"}]}, {"base_span": [935, 940], "annotations": [{"nertag": "O"}]}, {"base_span": [941, 946], "annotations": [{"nertag": "O"}]}, {"base_span": [947, 954], "annotations": [{"nertag": "O"}]}, {"base_span": [954, 955], "annotations": [{"nertag": "O"}]}, {"base_span": [956, 961], "annotations": [{"nertag": "O"}]}, {"base_span": [962, 967], "annotations": [{"nertag": "O"}]}, {"base_span": [968, 973], "annotations": [{"nertag": "B-PER"}]}, {"base_span": [974, 982], "annotations": [{"nertag": "I-PER"}]}, {"base_span": [983, 988], "annotations": [{"nertag": "O"}]}, {"base_span": [989, 994], "annotations": [{"nertag": "O"}]}, {"base_span": [995, 997], "annotations": [{"nertag": "O"}]}, {"base_span": [998, 1002], "annotations": [{"nertag": "O"}]}, {"base_span": [1003, 1005], "annotations": [{"nertag": "O"}]}, {"base_span": [1006, 1008], "annotations": [{"nertag": "O"}]}, {"base_span": [1009, 1014], "annotations": [{"nertag": "O"}]}, {"base_span": [1015, 1016], "annotations": [{"nertag": "O"}]}, {"base_span": [1017, 1022], "annotations": [{"nertag": "O"}]}, {"base_span": [1023, 1025], "annotations": [{"nertag": "O"}]}, {"base_span": [1026, 1028], "annotations": [{"nertag": "O"}]}, {"base_span": [1029, 1033], "annotations": [{"nertag": "O"}]}, {"base_span": [1034, 1040], "annotations": [{"nertag": "O"}]}, {"base_span": [1040, 1041], "annotations": [{"nertag": "O"}]}, {"base_span": [1042, 1044], "annotations": [{"nertag": "O"}]}, {"base_span": [1045, 1049], "annotations": [{"nertag": "O"}]}, {"base_span": [1050, 1058], "annotations": [{"nertag": "O"}]}, {"base_span": [1059, 1064], "annotations": [{"nertag": "O"}]}, {"base_span": [1065, 1075], "annotations": [{"nertag": "B-LOC"}]}, {"base_span": [1075, 1081], "annotations": [{"nertag": "B-PER"}]}, {"base_span": [1082, 1095], "annotations": [{"nertag": "I-PER"}]}, {"base_span": [1096, 1098], "annotations": [{"nertag": "O"}]}, {"base_span": [1099, 1104], "annotations": [{"nertag": "O"}]}, {"base_span": [1105, 1111], "annotations": [{"nertag": "O"}]}, {"base_span": [1111, 1112], "annotations": [{"nertag": "O"}]}, {"base_span": [1114, 1115], "annotations": [{"nertag": "O"}]}, {"base_span": [1115, 1116], "annotations": [{"nertag": "O"}]}, {"base_span": [1117, 1122], "annotations": [{"nertag": "O"}]}, {"base_span": [1123, 1129], "annotations": [{"nertag": "O"}]}, {"base_span": [1130, 1134], "annotations": [{"nertag": "O"}]}, {"base_span": [1135, 1139], "annotations": [{"nertag": "O"}]}, {"base_span": [1140, 1149], "annotations": [{"nertag": "O"}]}, {"base_span": [1150, 1162], "annotations": [{"nertag": "O"}]}, {"base_span": [1163, 1170], "annotations": [{"nertag": "O"}]}, {"base_span": [1170, 1171], "annotations": [{"nertag": "O"}]}, {"base_span": [1171, 1172], "annotations": [{"nertag": "O"}]}, {"base_span": [1174, 1175], "annotations": [{"nertag": "B-PER"}]}, {"base_span": [1175, 1176], "annotations": [{"nertag": "I-PER"}]}, {"base_span": [1177, 1182], "annotations": [{"nertag": "I-PER"}]}, {"base_span": [1183, 1184], "annotations": [{"nertag": "O"}]}, {"base_span": [1184, 1191], "annotations": [{"nertag": "O"}]}, {"base_span": [1191, 1192], "annotations": [{"nertag": "O"}]}, {"base_span": [1192, 1193], "annotations": [{"nertag": "O"}]}, {"base_span": [1194, 1197], "annotations": [{"nertag": "O"}]}, {"base_span": [1198, 1199], "annotations": [{"nertag": "B-PER"}]}, {"base_span": [1199, 1200], "annotations": [{"nertag": "I-PER"}]}, {"base_span": [1201, 1205], "annotations": [{"nertag": "I-PER"}]}, {"base_span": [1206, 1207], "annotations": [{"nertag": "O"}]}, {"base_span": [1207, 1214], "annotations": [{"nertag": "O"}]}, {"base_span": [1214, 1215], "annotations": [{"nertag": "O"}]}, {"base_span": [1215, 1216], "annotations": [{"nertag": "O"}]}, {"base_span": [1217, 1226], "annotations": [{"nertag": "O"}]}, {"base_span": [1227, 1230], "annotations": [{"nertag": "O"}]}, {"base_span": [1231, 1236], "annotations": [{"nertag": "B-PER"}]}, {"base_span": [1237, 1241], "annotations": [{"nertag": "I-PER"}]}, {"base_span": [1241, 1242], "annotations": [{"nertag": "O"}]}, {"base_span": [1243, 1244], "annotations": [{"nertag": "O"}]}]}]}