{"text": "\nLeena Lõhmus kaibas Peeter Klaos juures seistes et ta Miina Aarnale ühe 3 rublalise siidi räti panti pannud umbes 1 1/2 aasta eest, nõuab selle tasumist.\n\nMiina Aarna wastas Jaan Petersooni juures seistes et ta Leena Lõhmusele kaks termini annud, pole wälja wõtnud ja siis on ta selle räti ümber wärwi lasknud ning annab ka nüid selle räti tagasi kui ta panti raha ära maksab ehk maksan 50 kop. juure\n\nMõiste: Leena Lõhmus ei ole terminil rätti wälja wõtnud, aga et Miina Arna ise 50 k. weel juure lubanud siis peab ta selle Leena Lõhmus hääks juure maksma.\n\nMõiste kuulutadi kohtus käiatele endiste käemeeste juures seiste.\n\n\n", "meta": {"origin_directory": "vallakohus_kolmas/"}, "layers": [{"name": "gold_ner", "attributes": ["nertag"], "parent": null, "enveloping": null, "ambiguous": false, "serialisation_module": null, "meta": {}, "spans": [{"base_span": [1, 13], "annotations": [{"nertag": "PER"}]}, {"base_span": [21, 33], "annotations": [{"nertag": "PER"}]}, {"base_span": [55, 68], "annotations": [{"nertag": "PER"}]}, {"base_span": [156, 167], "annotations": [{"nertag": "PER"}]}, {"base_span": [175, 190], "annotations": [{"nertag": "PER"}]}, {"base_span": [212, 227], "annotations": [{"nertag": "PER"}]}, {"base_span": [411, 423], "annotations": [{"nertag": "PER"}]}, {"base_span": [467, 477], "annotations": [{"nertag": "PER"}]}, {"base_span": [526, 538], "annotations": [{"nertag": "PER"}]}]}, {"name": "gold_wordner", "attributes": ["nertag"], "parent": null, "enveloping": null, "ambiguous": false, "serialisation_module": null, "meta": {}, "spans": [{"base_span": [1, 6], "annotations": [{"nertag": "B-PER"}]}, {"base_span": [7, 13], "annotations": [{"nertag": "I-PER"}]}, {"base_span": [14, 20], "annotations": [{"nertag": "O"}]}, {"base_span": [21, 27], "annotations": [{"nertag": "B-PER"}]}, {"base_span": [28, 33], "annotations": [{"nertag": "I-PER"}]}, {"base_span": [34, 40], "annotations": [{"nertag": "O"}]}, {"base_span": [41, 48], "annotations": [{"nertag": "O"}]}, {"base_span": [49, 51], "annotations": [{"nertag": "O"}]}, {"base_span": [52, 54], "annotations": [{"nertag": "O"}]}, {"base_span": [55, 60], "annotations": [{"nertag": "B-PER"}]}, {"base_span": [61, 68], "annotations": [{"nertag": "I-PER"}]}, {"base_span": [69, 72], "annotations": [{"nertag": "O"}]}, {"base_span": [73, 74], "annotations": [{"nertag": "O"}]}, {"base_span": [75, 84], "annotations": [{"nertag": "O"}]}, {"base_span": [85, 90], "annotations": [{"nertag": "O"}]}, {"base_span": [91, 95], "annotations": [{"nertag": "O"}]}, {"base_span": [96, 101], "annotations": [{"nertag": "O"}]}, {"base_span": [102, 108], "annotations": [{"nertag": "O"}]}, {"base_span": [109, 114], "annotations": [{"nertag": "O"}]}, {"base_span": [115, 116], "annotations": [{"nertag": "O"}]}, {"base_span": [117, 118], "annotations": [{"nertag": "O"}]}, {"base_span": [118, 119], "annotations": [{"nertag": "O"}]}, {"base_span": [119, 120], "annotations": [{"nertag": "O"}]}, {"base_span": [121, 126], "annotations": [{"nertag": "O"}]}, {"base_span": [127, 131], "annotations": [{"nertag": "O"}]}, {"base_span": [131, 132], "annotations": [{"nertag": "O"}]}, {"base_span": [133, 138], "annotations": [{"nertag": "O"}]}, {"base_span": [139, 144], "annotations": [{"nertag": "O"}]}, {"base_span": [145, 153], "annotations": [{"nertag": "O"}]}, {"base_span": [153, 154], "annotations": [{"nertag": "O"}]}, {"base_span": [156, 161], "annotations": [{"nertag": "B-PER"}]}, {"base_span": [162, 167], "annotations": [{"nertag": "I-PER"}]}, {"base_span": [168, 174], "annotations": [{"nertag": "O"}]}, {"base_span": [175, 179], "annotations": [{"nertag": "B-PER"}]}, {"base_span": [180, 190], "annotations": [{"nertag": "I-PER"}]}, {"base_span": [191, 197], "annotations": [{"nertag": "O"}]}, {"base_span": [198, 205], "annotations": [{"nertag": "O"}]}, {"base_span": [206, 208], "annotations": [{"nertag": "O"}]}, {"base_span": [209, 211], "annotations": [{"nertag": "O"}]}, {"base_span": [212, 217], "annotations": [{"nertag": "B-PER"}]}, {"base_span": [218, 227], "annotations": [{"nertag": "I-PER"}]}, {"base_span": [228, 232], "annotations": [{"nertag": "O"}]}, {"base_span": [233, 240], "annotations": [{"nertag": "O"}]}, {"base_span": [241, 246], "annotations": [{"nertag": "O"}]}, {"base_span": [246, 247], "annotations": [{"nertag": "O"}]}, {"base_span": [248, 252], "annotations": [{"nertag": "O"}]}, {"base_span": [253, 258], "annotations": [{"nertag": "O"}]}, {"base_span": [259, 265], "annotations": [{"nertag": "O"}]}, {"base_span": [266, 268], "annotations": [{"nertag": "O"}]}, {"base_span": [269, 273], "annotations": [{"nertag": "O"}]}, {"base_span": [274, 276], "annotations": [{"nertag": "O"}]}, {"base_span": [277, 279], "annotations": [{"nertag": "O"}]}, {"base_span": [280, 285], "annotations": [{"nertag": "O"}]}, {"base_span": [286, 290], "annotations": [{"nertag": "O"}]}, {"base_span": [291, 296], "annotations": [{"nertag": "O"}]}, {"base_span": [297, 302], "annotations": [{"nertag": "O"}]}, {"base_span": [303, 310], "annotations": [{"nertag": "O"}]}, {"base_span": [311, 315], "annotations": [{"nertag": "O"}]}, {"base_span": [316, 321], "annotations": [{"nertag": "O"}]}, {"base_span": [322, 324], "annotations": [{"nertag": "O"}]}, {"base_span": [325, 329], "annotations": [{"nertag": "O"}]}, {"base_span": [330, 335], "annotations": [{"nertag": "O"}]}, {"base_span": [336, 340], "annotations": [{"nertag": "O"}]}, {"base_span": [341, 347], "annotations": [{"nertag": "O"}]}, {"base_span": [348, 351], "annotations": [{"nertag": "O"}]}, {"base_span": [352, 354], "annotations": [{"nertag": "O"}]}, {"base_span": [355, 360], "annotations": [{"nertag": "O"}]}, {"base_span": [361, 365], "annotations": [{"nertag": "O"}]}, {"base_span": [366, 369], "annotations": [{"nertag": "O"}]}, {"base_span": [370, 376], "annotations": [{"nertag": "O"}]}, {"base_span": [377, 380], "annotations": [{"nertag": "O"}]}, {"base_span": [381, 387], "annotations": [{"nertag": "O"}]}, {"base_span": [388, 390], "annotations": [{"nertag": "O"}]}, {"base_span": [391, 394], "annotations": [{"nertag": "O"}]}, {"base_span": [394, 395], "annotations": [{"nertag": "O"}]}, {"base_span": [396, 401], "annotations": [{"nertag": "O"}]}, {"base_span": [403, 409], "annotations": [{"nertag": "O"}]}, {"base_span": [409, 410], "annotations": [{"nertag": "O"}]}, {"base_span": [411, 416], "annotations": [{"nertag": "B-PER"}]}, {"base_span": [417, 423], "annotations": [{"nertag": "I-PER"}]}, {"base_span": [424, 426], "annotations": [{"nertag": "O"}]}, {"base_span": [427, 430], "annotations": [{"nertag": "O"}]}, {"base_span": [431, 439], "annotations": [{"nertag": "O"}]}, {"base_span": [440, 445], "annotations": [{"nertag": "O"}]}, {"base_span": [446, 451], "annotations": [{"nertag": "O"}]}, {"base_span": [452, 458], "annotations": [{"nertag": "O"}]}, {"base_span": [458, 459], "annotations": [{"nertag": "O"}]}, {"base_span": [460, 463], "annotations": [{"nertag": "O"}]}, {"base_span": [464, 466], "annotations": [{"nertag": "O"}]}, {"base_span": [467, 472], "annotations": [{"nertag": "B-PER"}]}, {"base_span": [473, 477], "annotations": [{"nertag": "I-PER"}]}, {"base_span": [478, 481], "annotations": [{"nertag": "O"}]}, {"base_span": [482, 484], "annotations": [{"nertag": "O"}]}, {"base_span": [485, 486], "annotations": [{"nertag": "O"}]}, {"base_span": [486, 487], "annotations": [{"nertag": "O"}]}, {"base_span": [488, 492], "annotations": [{"nertag": "O"}]}, {"base_span": [493, 498], "annotations": [{"nertag": "O"}]}, {"base_span": [499, 506], "annotations": [{"nertag": "O"}]}, {"base_span": [507, 511], "annotations": [{"nertag": "O"}]}, {"base_span": [512, 516], "annotations": [{"nertag": "O"}]}, {"base_span": [517, 519], "annotations": [{"nertag": "O"}]}, {"base_span": [520, 525], "annotations": [{"nertag": "O"}]}, {"base_span": [526, 531], "annotations": [{"nertag": "B-PER"}]}, {"base_span": [532, 538], "annotations": [{"nertag": "I-PER"}]}, {"base_span": [539, 544], "annotations": [{"nertag": "O"}]}, {"base_span": [545, 550], "annotations": [{"nertag": "O"}]}, {"base_span": [551, 557], "annotations": [{"nertag": "O"}]}, {"base_span": [557, 558], "annotations": [{"nertag": "O"}]}, {"base_span": [560, 566], "annotations": [{"nertag": "O"}]}, {"base_span": [567, 576], "annotations": [{"nertag": "O"}]}, {"base_span": [577, 583], "annotations": [{"nertag": "O"}]}, {"base_span": [584, 592], "annotations": [{"nertag": "O"}]}, {"base_span": [593, 600], "annotations": [{"nertag": "O"}]}, {"base_span": [601, 610], "annotations": [{"nertag": "O"}]}, {"base_span": [611, 617], "annotations": [{"nertag": "O"}]}, {"base_span": [618, 624], "annotations": [{"nertag": "O"}]}, {"base_span": [624, 625], "annotations": [{"nertag": "O"}]}]}]}