{"text": "Karel Paio kaebduse Semen Tarassow Mura peale sai koggukonna kohtu poolest heinad kokku prowitud ja leitud, et ühhed heinad on.\nWallawannem Josep Leppik tunnistab ammetlikult kohtu ees et heina jäljed lähnud Rootsi külla poole, ja leidnuwad nemmad Rootsi küllast Semen Tarassow Mura kaest need heinad Semen polle isse koddu olnud ja öölnud naene, et heinad toodut Wennemaalt,. Semen Tarassow Mura kaest küssides, ei olle se öölnud et temma kussagilt heinu saanud ja lõppeks ütleb, et eks ikke innimest leia, kui ka 25. rubla kaotan. Heinu olnud tubli koorem, arwata 20. puuda. Ta on lõppeks heinad kinni pannud, resp ärrakeelanud heinu pruukimast.\nA. Krimm [allkiri], peaxxx Maddis Erm, kohtumeesxxx Tawet Kook, \n\"\n", "meta": {"origin_directory": "vallakohus_esimene/"}, "layers": [{"name": "gold_ner", "attributes": ["nertag"], "parent": null, "enveloping": null, "ambiguous": false, "serialisation_module": null, "meta": {}, "spans": [{"base_span": [0, 10], "annotations": [{"nertag": "PER"}]}, {"base_span": [20, 39], "annotations": [{"nertag": "PER"}]}, {"base_span": [140, 152], "annotations": [{"nertag": "PER"}]}, {"base_span": [208, 220], "annotations": [{"nertag": "LOC_ORG"}]}, {"base_span": [248, 262], "annotations": [{"nertag": "LOC_ORG"}]}, {"base_span": [263, 282], "annotations": [{"nertag": "PER"}]}, {"base_span": [301, 306], "annotations": [{"nertag": "PER"}]}, {"base_span": [364, 374], "annotations": [{"nertag": "LOC"}]}, {"base_span": [377, 396], "annotations": [{"nertag": "PER"}]}, {"base_span": [648, 656], "annotations": [{"nertag": "PER"}]}, {"base_span": [675, 685], "annotations": [{"nertag": "PER"}]}, {"base_span": [700, 710], "annotations": [{"nertag": "PER"}]}]}, {"name": "gold_wordner", "attributes": ["nertag"], "parent": null, "enveloping": null, "ambiguous": false, "serialisation_module": null, "meta": {}, "spans": [{"base_span": [0, 5], "annotations": [{"nertag": "B-PER"}]}, {"base_span": [6, 10], "annotations": [{"nertag": "I-PER"}]}, {"base_span": [11, 19], "annotations": [{"nertag": "O"}]}, {"base_span": [20, 25], "annotations": [{"nertag": "B-PER"}]}, {"base_span": [26, 34], "annotations": [{"nertag": "I-PER"}]}, {"base_span": [35, 39], "annotations": [{"nertag": "I-PER"}]}, {"base_span": [40, 45], "annotations": [{"nertag": "O"}]}, {"base_span": [46, 49], "annotations": [{"nertag": "O"}]}, {"base_span": [50, 60], "annotations": [{"nertag": "O"}]}, {"base_span": [61, 66], "annotations": [{"nertag": "O"}]}, {"base_span": [67, 74], "annotations": [{"nertag": "O"}]}, {"base_span": [75, 81], "annotations": [{"nertag": "O"}]}, {"base_span": [82, 87], "annotations": [{"nertag": "O"}]}, {"base_span": [88, 96], "annotations": [{"nertag": "O"}]}, {"base_span": [97, 99], "annotations": [{"nertag": "O"}]}, {"base_span": [100, 106], "annotations": [{"nertag": "O"}]}, {"base_span": [106, 107], "annotations": [{"nertag": "O"}]}, {"base_span": [108, 110], "annotations": [{"nertag": "O"}]}, {"base_span": [111, 116], "annotations": [{"nertag": "O"}]}, {"base_span": [117, 123], "annotations": [{"nertag": "O"}]}, {"base_span": [124, 126], "annotations": [{"nertag": "O"}]}, {"base_span": [126, 127], "annotations": [{"nertag": "O"}]}, {"base_span": [128, 139], "annotations": [{"nertag": "O"}]}, {"base_span": [140, 145], "annotations": [{"nertag": "B-PER"}]}, {"base_span": [146, 152], "annotations": [{"nertag": "I-PER"}]}, {"base_span": [153, 162], "annotations": [{"nertag": "O"}]}, {"base_span": [163, 174], "annotations": [{"nertag": "O"}]}, {"base_span": [175, 180], "annotations": [{"nertag": "O"}]}, {"base_span": [181, 184], "annotations": [{"nertag": "O"}]}, {"base_span": [185, 187], "annotations": [{"nertag": "O"}]}, {"base_span": [188, 193], "annotations": [{"nertag": "O"}]}, {"base_span": [194, 200], "annotations": [{"nertag": "O"}]}, {"base_span": [201, 207], "annotations": [{"nertag": "O"}]}, {"base_span": [208, 214], "annotations": [{"nertag": "B-LOC_ORG"}]}, {"base_span": [215, 220], "annotations": [{"nertag": "I-LOC_ORG"}]}, {"base_span": [221, 226], "annotations": [{"nertag": "O"}]}, {"base_span": [226, 227], "annotations": [{"nertag": "O"}]}, {"base_span": [228, 230], "annotations": [{"nertag": "O"}]}, {"base_span": [231, 240], "annotations": [{"nertag": "O"}]}, {"base_span": [241, 247], "annotations": [{"nertag": "O"}]}, {"base_span": [248, 254], "annotations": [{"nertag": "B-LOC_ORG"}]}, {"base_span": [255, 262], "annotations": [{"nertag": "I-LOC_ORG"}]}, {"base_span": [263, 268], "annotations": [{"nertag": "B-PER"}]}, {"base_span": [269, 277], "annotations": [{"nertag": "I-PER"}]}, {"base_span": [278, 282], "annotations": [{"nertag": "I-PER"}]}, {"base_span": [283, 288], "annotations": [{"nertag": "O"}]}, {"base_span": [289, 293], "annotations": [{"nertag": "O"}]}, {"base_span": [294, 300], "annotations": [{"nertag": "O"}]}, {"base_span": [301, 306], "annotations": [{"nertag": "B-PER"}]}, {"base_span": [307, 312], "annotations": [{"nertag": "O"}]}, {"base_span": [313, 317], "annotations": [{"nertag": "O"}]}, {"base_span": [318, 323], "annotations": [{"nertag": "O"}]}, {"base_span": [324, 329], "annotations": [{"nertag": "O"}]}, {"base_span": [330, 332], "annotations": [{"nertag": "O"}]}, {"base_span": [333, 339], "annotations": [{"nertag": "O"}]}, {"base_span": [340, 345], "annotations": [{"nertag": "O"}]}, {"base_span": [345, 346], "annotations": [{"nertag": "O"}]}, {"base_span": [347, 349], "annotations": [{"nertag": "O"}]}, {"base_span": [350, 356], "annotations": [{"nertag": "O"}]}, {"base_span": [357, 363], "annotations": [{"nertag": "O"}]}, {"base_span": [364, 374], "annotations": [{"nertag": "B-LOC"}]}, {"base_span": [374, 375], "annotations": [{"nertag": "O"}]}, {"base_span": [375, 376], "annotations": [{"nertag": "O"}]}, {"base_span": [377, 382], "annotations": [{"nertag": "B-PER"}]}, {"base_span": [383, 391], "annotations": [{"nertag": "I-PER"}]}, {"base_span": [392, 396], "annotations": [{"nertag": "I-PER"}]}, {"base_span": [397, 402], "annotations": [{"nertag": "O"}]}, {"base_span": [403, 411], "annotations": [{"nertag": "O"}]}, {"base_span": [411, 412], "annotations": [{"nertag": "O"}]}, {"base_span": [413, 415], "annotations": [{"nertag": "O"}]}, {"base_span": [416, 420], "annotations": [{"nertag": "O"}]}, {"base_span": [421, 423], "annotations": [{"nertag": "O"}]}, {"base_span": [424, 430], "annotations": [{"nertag": "O"}]}, {"base_span": [431, 433], "annotations": [{"nertag": "O"}]}, {"base_span": [434, 439], "annotations": [{"nertag": "O"}]}, {"base_span": [440, 449], "annotations": [{"nertag": "O"}]}, {"base_span": [450, 455], "annotations": [{"nertag": "O"}]}, {"base_span": [456, 462], "annotations": [{"nertag": "O"}]}, {"base_span": [463, 465], "annotations": [{"nertag": "O"}]}, {"base_span": [466, 473], "annotations": [{"nertag": "O"}]}, {"base_span": [474, 479], "annotations": [{"nertag": "O"}]}, {"base_span": [479, 480], "annotations": [{"nertag": "O"}]}, {"base_span": [481, 483], "annotations": [{"nertag": "O"}]}, {"base_span": [484, 487], "annotations": [{"nertag": "O"}]}, {"base_span": [488, 492], "annotations": [{"nertag": "O"}]}, {"base_span": [493, 501], "annotations": [{"nertag": "O"}]}, {"base_span": [502, 506], "annotations": [{"nertag": "O"}]}, {"base_span": [506, 507], "annotations": [{"nertag": "O"}]}, {"base_span": [508, 511], "annotations": [{"nertag": "O"}]}, {"base_span": [512, 514], "annotations": [{"nertag": "O"}]}, {"base_span": [515, 518], "annotations": [{"nertag": "O"}]}, {"base_span": [519, 524], "annotations": [{"nertag": "O"}]}, {"base_span": [525, 531], "annotations": [{"nertag": "O"}]}, {"base_span": [531, 532], "annotations": [{"nertag": "O"}]}, {"base_span": [533, 538], "annotations": [{"nertag": "O"}]}, {"base_span": [539, 544], "annotations": [{"nertag": "O"}]}, {"base_span": [545, 550], "annotations": [{"nertag": "O"}]}, {"base_span": [551, 557], "annotations": [{"nertag": "O"}]}, {"base_span": [557, 558], "annotations": [{"nertag": "O"}]}, {"base_span": [559, 565], "annotations": [{"nertag": "O"}]}, {"base_span": [566, 569], "annotations": [{"nertag": "O"}]}, {"base_span": [570, 575], "annotations": [{"nertag": "O"}]}, {"base_span": [575, 576], "annotations": [{"nertag": "O"}]}, {"base_span": [577, 579], "annotations": [{"nertag": "O"}]}, {"base_span": [580, 582], "annotations": [{"nertag": "O"}]}, {"base_span": [583, 590], "annotations": [{"nertag": "O"}]}, {"base_span": [591, 597], "annotations": [{"nertag": "O"}]}, {"base_span": [598, 603], "annotations": [{"nertag": "O"}]}, {"base_span": [604, 610], "annotations": [{"nertag": "O"}]}, {"base_span": [610, 611], "annotations": [{"nertag": "O"}]}, {"base_span": [612, 616], "annotations": [{"nertag": "O"}]}, {"base_span": [617, 629], "annotations": [{"nertag": "O"}]}, {"base_span": [630, 635], "annotations": [{"nertag": "O"}]}, {"base_span": [636, 646], "annotations": [{"nertag": "O"}]}, {"base_span": [646, 647], "annotations": [{"nertag": "O"}]}, {"base_span": [648, 649], "annotations": [{"nertag": "B-PER"}]}, {"base_span": [649, 650], "annotations": [{"nertag": "I-PER"}]}, {"base_span": [651, 656], "annotations": [{"nertag": "I-PER"}]}, {"base_span": [657, 658], "annotations": [{"nertag": "O"}]}, {"base_span": [658, 665], "annotations": [{"nertag": "O"}]}, {"base_span": [665, 666], "annotations": [{"nertag": "O"}]}, {"base_span": [666, 667], "annotations": [{"nertag": "O"}]}, {"base_span": [668, 674], "annotations": [{"nertag": "O"}]}, {"base_span": [675, 681], "annotations": [{"nertag": "B-PER"}]}, {"base_span": [682, 685], "annotations": [{"nertag": "I-PER"}]}, {"base_span": [685, 686], "annotations": [{"nertag": "O"}]}, {"base_span": [687, 699], "annotations": [{"nertag": "O"}]}, {"base_span": [700, 705], "annotations": [{"nertag": "B-PER"}]}, {"base_span": [706, 710], "annotations": [{"nertag": "I-PER"}]}, {"base_span": [710, 711], "annotations": [{"nertag": "O"}]}, {"base_span": [713, 714], "annotations": [{"nertag": "O"}]}]}]}