{"text": "\nTulli Ranna Moisa opman ette ja kaibas kahhe Palla Mehhe Laur Tuhha ja Siim, Rätseppa, peäle et nemmad ollewa Ranna Moisa metsast kaubelnud 5o. sült puid kõikata ja tinkinud 25 kop. hõbbe eest nüid agga sedda inda oddawaks arwanud ja mitte ühte\n\nsülda lõikanud ja weel peäleki sedda Kondratid, Siim Rätsep omma naisega taggasi saatnud, Siis nouab  Randa Moisa Wallitsus et need mehhed se sugguse pettuse eest trahwitud saaksid. Mis peäle moistab Kohhus  süiks et nemmad selle oddawa kauba pärrast issi moisa walitsusega räkima ei läinud ja weel peälegi naisega Kondrati taggasi saatsid, sawad sesugguse pettuse eest mollemad 20. Witsa löki Trahwi.\n\n                                                                        PeaKohtumees Jaan Piri +++\n\n                                                                               Kohtumees Jaan Welti +++\n\n                                                                               Kohtumees Jaan Etro +++\n\n                                                                               Kirjutaja Jaan Kukk.    \n\n\n", "meta": {"origin_directory": "vallakohus_kolmas/"}, "layers": [{"name": "gold_ner", "attributes": ["nertag"], "parent": null, "enveloping": null, "ambiguous": false, "serialisation_module": null, "meta": {}, "spans": [{"base_span": [7, 18], "annotations": [{"nertag": "LOC_ORG"}]}, {"base_span": [46, 51], "annotations": [{"nertag": "LOC"}]}, {"base_span": [58, 68], "annotations": [{"nertag": "PER"}]}, {"base_span": [72, 86], "annotations": [{"nertag": "PER"}]}, {"base_span": [111, 122], "annotations": [{"nertag": "LOC_ORG"}]}, {"base_span": [295, 306], "annotations": [{"nertag": "PER"}]}, {"base_span": [349, 370], "annotations": [{"nertag": "ORG"}]}, {"base_span": [735, 744], "annotations": [{"nertag": "PER"}]}, {"base_span": [839, 849], "annotations": [{"nertag": "PER"}]}, {"base_span": [944, 953], "annotations": [{"nertag": "PER"}]}, {"base_span": [1048, 1057], "annotations": [{"nertag": "PER"}]}]}, {"name": "gold_wordner", "attributes": ["nertag"], "parent": null, "enveloping": null, "ambiguous": false, "serialisation_module": null, "meta": {}, "spans": [{"base_span": [1, 6], "annotations": [{"nertag": "O"}]}, {"base_span": [7, 12], "annotations": [{"nertag": "B-LOC_ORG"}]}, {"base_span": [13, 18], "annotations": [{"nertag": "I-LOC_ORG"}]}, {"base_span": [19, 24], "annotations": [{"nertag": "O"}]}, {"base_span": [25, 29], "annotations": [{"nertag": "O"}]}, {"base_span": [30, 32], "annotations": [{"nertag": "O"}]}, {"base_span": [33, 39], "annotations": [{"nertag": "O"}]}, {"base_span": [40, 45], "annotations": [{"nertag": "O"}]}, {"base_span": [46, 51], "annotations": [{"nertag": "B-LOC"}]}, {"base_span": [52, 57], "annotations": [{"nertag": "O"}]}, {"base_span": [58, 62], "annotations": [{"nertag": "B-PER"}]}, {"base_span": [63, 68], "annotations": [{"nertag": "I-PER"}]}, {"base_span": [69, 71], "annotations": [{"nertag": "O"}]}, {"base_span": [72, 76], "annotations": [{"nertag": "B-PER"}]}, {"base_span": [76, 77], "annotations": [{"nertag": "I-PER"}]}, {"base_span": [78, 86], "annotations": [{"nertag": "I-PER"}]}, {"base_span": [86, 87], "annotations": [{"nertag": "O"}]}, {"base_span": [88, 93], "annotations": [{"nertag": "O"}]}, {"base_span": [94, 96], "annotations": [{"nertag": "O"}]}, {"base_span": [97, 103], "annotations": [{"nertag": "O"}]}, {"base_span": [104, 110], "annotations": [{"nertag": "O"}]}, {"base_span": [111, 116], "annotations": [{"nertag": "B-LOC_ORG"}]}, {"base_span": [117, 122], "annotations": [{"nertag": "I-LOC_ORG"}]}, {"base_span": [123, 130], "annotations": [{"nertag": "O"}]}, {"base_span": [131, 140], "annotations": [{"nertag": "O"}]}, {"base_span": [141, 143], "annotations": [{"nertag": "O"}]}, {"base_span": [143, 144], "annotations": [{"nertag": "O"}]}, {"base_span": [145, 149], "annotations": [{"nertag": "O"}]}, {"base_span": [150, 154], "annotations": [{"nertag": "O"}]}, {"base_span": [155, 162], "annotations": [{"nertag": "O"}]}, {"base_span": [163, 165], "annotations": [{"nertag": "O"}]}, {"base_span": [166, 174], "annotations": [{"nertag": "O"}]}, {"base_span": [175, 177], "annotations": [{"nertag": "O"}]}, {"base_span": [178, 181], "annotations": [{"nertag": "O"}]}, {"base_span": [181, 182], "annotations": [{"nertag": "O"}]}, {"base_span": [183, 188], "annotations": [{"nertag": "O"}]}, {"base_span": [189, 193], "annotations": [{"nertag": "O"}]}, {"base_span": [194, 198], "annotations": [{"nertag": "O"}]}, {"base_span": [199, 203], "annotations": [{"nertag": "O"}]}, {"base_span": [204, 209], "annotations": [{"nertag": "O"}]}, {"base_span": [210, 214], "annotations": [{"nertag": "O"}]}, {"base_span": [215, 223], "annotations": [{"nertag": "O"}]}, {"base_span": [224, 231], "annotations": [{"nertag": "O"}]}, {"base_span": [232, 234], "annotations": [{"nertag": "O"}]}, {"base_span": [235, 240], "annotations": [{"nertag": "O"}]}, {"base_span": [241, 245], "annotations": [{"nertag": "O"}]}, {"base_span": [247, 252], "annotations": [{"nertag": "O"}]}, {"base_span": [253, 261], "annotations": [{"nertag": "O"}]}, {"base_span": [262, 264], "annotations": [{"nertag": "O"}]}, {"base_span": [265, 269], "annotations": [{"nertag": "O"}]}, {"base_span": [270, 277], "annotations": [{"nertag": "O"}]}, {"base_span": [278, 283], "annotations": [{"nertag": "O"}]}, {"base_span": [284, 293], "annotations": [{"nertag": "O"}]}, {"base_span": [293, 294], "annotations": [{"nertag": "O"}]}, {"base_span": [295, 299], "annotations": [{"nertag": "B-PER"}]}, {"base_span": [300, 306], "annotations": [{"nertag": "I-PER"}]}, {"base_span": [307, 311], "annotations": [{"nertag": "O"}]}, {"base_span": [312, 319], "annotations": [{"nertag": "O"}]}, {"base_span": [320, 327], "annotations": [{"nertag": "O"}]}, {"base_span": [328, 335], "annotations": [{"nertag": "O"}]}, {"base_span": [335, 336], "annotations": [{"nertag": "O"}]}, {"base_span": [337, 341], "annotations": [{"nertag": "O"}]}, {"base_span": [342, 347], "annotations": [{"nertag": "O"}]}, {"base_span": [349, 354], "annotations": [{"nertag": "B-ORG"}]}, {"base_span": [355, 360], "annotations": [{"nertag": "I-ORG"}]}, {"base_span": [361, 370], "annotations": [{"nertag": "I-ORG"}]}, {"base_span": [371, 373], "annotations": [{"nertag": "O"}]}, {"base_span": [374, 378], "annotations": [{"nertag": "O"}]}, {"base_span": [379, 385], "annotations": [{"nertag": "O"}]}, {"base_span": [386, 388], "annotations": [{"nertag": "O"}]}, {"base_span": [389, 396], "annotations": [{"nertag": "O"}]}, {"base_span": [397, 404], "annotations": [{"nertag": "O"}]}, {"base_span": [405, 409], "annotations": [{"nertag": "O"}]}, {"base_span": [410, 419], "annotations": [{"nertag": "O"}]}, {"base_span": [420, 427], "annotations": [{"nertag": "O"}]}, {"base_span": [427, 428], "annotations": [{"nertag": "O"}]}, {"base_span": [429, 432], "annotations": [{"nertag": "O"}]}, {"base_span": [433, 438], "annotations": [{"nertag": "O"}]}, {"base_span": [439, 446], "annotations": [{"nertag": "O"}]}, {"base_span": [447, 453], "annotations": [{"nertag": "O"}]}, {"base_span": [455, 460], "annotations": [{"nertag": "O"}]}, {"base_span": [461, 463], "annotations": [{"nertag": "O"}]}, {"base_span": [464, 470], "annotations": [{"nertag": "O"}]}, {"base_span": [471, 476], "annotations": [{"nertag": "O"}]}, {"base_span": [477, 483], "annotations": [{"nertag": "O"}]}, {"base_span": [484, 489], "annotations": [{"nertag": "O"}]}, {"base_span": [490, 497], "annotations": [{"nertag": "O"}]}, {"base_span": [498, 502], "annotations": [{"nertag": "O"}]}, {"base_span": [503, 508], "annotations": [{"nertag": "O"}]}, {"base_span": [509, 520], "annotations": [{"nertag": "O"}]}, {"base_span": [521, 527], "annotations": [{"nertag": "O"}]}, {"base_span": [528, 530], "annotations": [{"nertag": "O"}]}, {"base_span": [531, 537], "annotations": [{"nertag": "O"}]}, {"base_span": [538, 540], "annotations": [{"nertag": "O"}]}, {"base_span": [541, 545], "annotations": [{"nertag": "O"}]}, {"base_span": [546, 553], "annotations": [{"nertag": "O"}]}, {"base_span": [554, 561], "annotations": [{"nertag": "O"}]}, {"base_span": [562, 570], "annotations": [{"nertag": "O"}]}, {"base_span": [571, 578], "annotations": [{"nertag": "O"}]}, {"base_span": [579, 586], "annotations": [{"nertag": "O"}]}, {"base_span": [586, 587], "annotations": [{"nertag": "O"}]}, {"base_span": [588, 593], "annotations": [{"nertag": "O"}]}, {"base_span": [594, 603], "annotations": [{"nertag": "O"}]}, {"base_span": [604, 611], "annotations": [{"nertag": "O"}]}, {"base_span": [612, 616], "annotations": [{"nertag": "O"}]}, {"base_span": [617, 625], "annotations": [{"nertag": "O"}]}, {"base_span": [626, 629], "annotations": [{"nertag": "O"}]}, {"base_span": [630, 635], "annotations": [{"nertag": "O"}]}, {"base_span": [636, 640], "annotations": [{"nertag": "O"}]}, {"base_span": [641, 647], "annotations": [{"nertag": "O"}]}, {"base_span": [647, 648], "annotations": [{"nertag": "O"}]}, {"base_span": [722, 725], "annotations": [{"nertag": "O"}]}, {"base_span": [725, 734], "annotations": [{"nertag": "O"}]}, {"base_span": [735, 739], "annotations": [{"nertag": "B-PER"}]}, {"base_span": [740, 744], "annotations": [{"nertag": "I-PER"}]}, {"base_span": [745, 746], "annotations": [{"nertag": "O"}]}, {"base_span": [746, 747], "annotations": [{"nertag": "O"}]}, {"base_span": [747, 748], "annotations": [{"nertag": "O"}]}, {"base_span": [829, 838], "annotations": [{"nertag": "O"}]}, {"base_span": [839, 843], "annotations": [{"nertag": "B-PER"}]}, {"base_span": [844, 849], "annotations": [{"nertag": "I-PER"}]}, {"base_span": [850, 851], "annotations": [{"nertag": "O"}]}, {"base_span": [851, 852], "annotations": [{"nertag": "O"}]}, {"base_span": [852, 853], "annotations": [{"nertag": "O"}]}, {"base_span": [934, 943], "annotations": [{"nertag": "O"}]}, {"base_span": [944, 948], "annotations": [{"nertag": "B-PER"}]}, {"base_span": [949, 953], "annotations": [{"nertag": "I-PER"}]}, {"base_span": [954, 955], "annotations": [{"nertag": "O"}]}, {"base_span": [955, 956], "annotations": [{"nertag": "O"}]}, {"base_span": [956, 957], "annotations": [{"nertag": "O"}]}, {"base_span": [1038, 1047], "annotations": [{"nertag": "O"}]}, {"base_span": [1048, 1052], "annotations": [{"nertag": "B-PER"}]}, {"base_span": [1053, 1057], "annotations": [{"nertag": "I-PER"}]}, {"base_span": [1057, 1058], "annotations": [{"nertag": "O"}]}]}]}