{"text": "\nLöewi kohtomajan olli kog.kohhus sel 3 märtzil 1872.\n\nMan olliwa Peakohtomees Märt Oija\n\n                       Kohtomees Peter Wisnapu\n\n                                            Jaak Sillmann\n\nKaibas Mötzawaht Jakob Saar et Rikkandi Peremees Luddi Raudsep ollew ütte suure köiwo 19 ehk 20 tolli paks ärrä laasenu ehk ossa mahha raggunu ja Ladwa ka mahha raggunu.\n\nKostse Luddi Raudsep et ollew kül raggunu.\n\nMöistus: Luddi Raudsep massap 2rbl. höbb. köiwo eest Möisale trahwi \n\nEddesi kaibusse § kuulutedu sääduse perra. Trahw masta.\n\n\n", "meta": {"origin_directory": "vallakohus_kolmas/"}, "layers": [{"name": "gold_ner", "attributes": ["nertag"], "parent": null, "enveloping": null, "ambiguous": false, "serialisation_module": null, "meta": {}, "spans": [{"base_span": [1, 17], "annotations": [{"nertag": "LOC"}]}, {"base_span": [79, 88], "annotations": [{"nertag": "PER"}]}, {"base_span": [123, 136], "annotations": [{"nertag": "PER"}]}, {"base_span": [182, 195], "annotations": [{"nertag": "PER"}]}, {"base_span": [214, 224], "annotations": [{"nertag": "PER"}]}, {"base_span": [228, 236], "annotations": [{"nertag": "LOC_ORG"}]}, {"base_span": [246, 259], "annotations": [{"nertag": "PER"}]}, {"base_span": [375, 388], "annotations": [{"nertag": "PER"}]}, {"base_span": [421, 434], "annotations": [{"nertag": "PER"}]}]}, {"name": "gold_wordner", "attributes": ["nertag"], "parent": null, "enveloping": null, "ambiguous": false, "serialisation_module": null, "meta": {}, "spans": [{"base_span": [1, 6], "annotations": [{"nertag": "B-LOC"}]}, {"base_span": [7, 17], "annotations": [{"nertag": "I-LOC"}]}, {"base_span": [18, 22], "annotations": [{"nertag": "O"}]}, {"base_span": [23, 26], "annotations": [{"nertag": "O"}]}, {"base_span": [26, 27], "annotations": [{"nertag": "O"}]}, {"base_span": [27, 33], "annotations": [{"nertag": "O"}]}, {"base_span": [34, 37], "annotations": [{"nertag": "O"}]}, {"base_span": [38, 39], "annotations": [{"nertag": "O"}]}, {"base_span": [40, 47], "annotations": [{"nertag": "O"}]}, {"base_span": [48, 53], "annotations": [{"nertag": "O"}]}, {"base_span": [55, 58], "annotations": [{"nertag": "O"}]}, {"base_span": [59, 65], "annotations": [{"nertag": "O"}]}, {"base_span": [66, 78], "annotations": [{"nertag": "O"}]}, {"base_span": [79, 83], "annotations": [{"nertag": "B-PER"}]}, {"base_span": [84, 88], "annotations": [{"nertag": "I-PER"}]}, {"base_span": [113, 122], "annotations": [{"nertag": "O"}]}, {"base_span": [123, 128], "annotations": [{"nertag": "B-PER"}]}, {"base_span": [129, 136], "annotations": [{"nertag": "I-PER"}]}, {"base_span": [182, 186], "annotations": [{"nertag": "B-PER"}]}, {"base_span": [187, 195], "annotations": [{"nertag": "I-PER"}]}, {"base_span": [197, 203], "annotations": [{"nertag": "O"}]}, {"base_span": [204, 213], "annotations": [{"nertag": "O"}]}, {"base_span": [214, 219], "annotations": [{"nertag": "B-PER"}]}, {"base_span": [220, 224], "annotations": [{"nertag": "I-PER"}]}, {"base_span": [225, 227], "annotations": [{"nertag": "O"}]}, {"base_span": [228, 236], "annotations": [{"nertag": "B-LOC_ORG"}]}, {"base_span": [237, 245], "annotations": [{"nertag": "O"}]}, {"base_span": [246, 251], "annotations": [{"nertag": "B-PER"}]}, {"base_span": [252, 259], "annotations": [{"nertag": "I-PER"}]}, {"base_span": [260, 265], "annotations": [{"nertag": "O"}]}, {"base_span": [266, 270], "annotations": [{"nertag": "O"}]}, {"base_span": [271, 276], "annotations": [{"nertag": "O"}]}, {"base_span": [277, 282], "annotations": [{"nertag": "O"}]}, {"base_span": [283, 285], "annotations": [{"nertag": "O"}]}, {"base_span": [286, 289], "annotations": [{"nertag": "O"}]}, {"base_span": [290, 292], "annotations": [{"nertag": "O"}]}, {"base_span": [293, 298], "annotations": [{"nertag": "O"}]}, {"base_span": [299, 303], "annotations": [{"nertag": "O"}]}, {"base_span": [304, 308], "annotations": [{"nertag": "O"}]}, {"base_span": [309, 316], "annotations": [{"nertag": "O"}]}, {"base_span": [317, 320], "annotations": [{"nertag": "O"}]}, {"base_span": [321, 325], "annotations": [{"nertag": "O"}]}, {"base_span": [326, 331], "annotations": [{"nertag": "O"}]}, {"base_span": [332, 339], "annotations": [{"nertag": "O"}]}, {"base_span": [340, 342], "annotations": [{"nertag": "O"}]}, {"base_span": [343, 348], "annotations": [{"nertag": "O"}]}, {"base_span": [349, 351], "annotations": [{"nertag": "O"}]}, {"base_span": [352, 357], "annotations": [{"nertag": "O"}]}, {"base_span": [358, 365], "annotations": [{"nertag": "O"}]}, {"base_span": [365, 366], "annotations": [{"nertag": "O"}]}, {"base_span": [368, 374], "annotations": [{"nertag": "O"}]}, {"base_span": [375, 380], "annotations": [{"nertag": "B-PER"}]}, {"base_span": [381, 388], "annotations": [{"nertag": "I-PER"}]}, {"base_span": [389, 391], "annotations": [{"nertag": "O"}]}, {"base_span": [392, 397], "annotations": [{"nertag": "O"}]}, {"base_span": [398, 401], "annotations": [{"nertag": "O"}]}, {"base_span": [402, 409], "annotations": [{"nertag": "O"}]}, {"base_span": [409, 410], "annotations": [{"nertag": "O"}]}, {"base_span": [412, 419], "annotations": [{"nertag": "O"}]}, {"base_span": [419, 420], "annotations": [{"nertag": "O"}]}, {"base_span": [421, 426], "annotations": [{"nertag": "B-PER"}]}, {"base_span": [427, 434], "annotations": [{"nertag": "I-PER"}]}, {"base_span": [435, 441], "annotations": [{"nertag": "O"}]}, {"base_span": [442, 446], "annotations": [{"nertag": "O"}]}, {"base_span": [446, 447], "annotations": [{"nertag": "O"}]}, {"base_span": [448, 452], "annotations": [{"nertag": "O"}]}, {"base_span": [452, 453], "annotations": [{"nertag": "O"}]}, {"base_span": [454, 459], "annotations": [{"nertag": "O"}]}, {"base_span": [460, 464], "annotations": [{"nertag": "O"}]}, {"base_span": [465, 472], "annotations": [{"nertag": "O"}]}, {"base_span": [473, 479], "annotations": [{"nertag": "O"}]}, {"base_span": [482, 488], "annotations": [{"nertag": "O"}]}, {"base_span": [489, 497], "annotations": [{"nertag": "O"}]}, {"base_span": [498, 499], "annotations": [{"nertag": "O"}]}, {"base_span": [500, 509], "annotations": [{"nertag": "O"}]}, {"base_span": [510, 517], "annotations": [{"nertag": "O"}]}, {"base_span": [518, 523], "annotations": [{"nertag": "O"}]}, {"base_span": [523, 524], "annotations": [{"nertag": "O"}]}, {"base_span": [525, 530], "annotations": [{"nertag": "O"}]}, {"base_span": [531, 536], "annotations": [{"nertag": "O"}]}, {"base_span": [536, 537], "annotations": [{"nertag": "O"}]}]}]}