{"text": "Trofim Tschernow nõuab Lasar Pawlow Kusotschkow kaest wõlla tähhega 20. rubla rahha\nLasar Pawlow Kusotschkow kostab, et temmal olnud se wõlg maksnud selle peale Mihaila Rischkile Trofim Tschernowa rechnungi 7. rubla ja olla 13. rubla maksa.\nMihaila Rischki ütleb, et temma olla se wõlg kätte saanud agga Trofim Tschernow ütleb, et temma polle Mihaila Rischkile mitte suggugi wõlgu olnud, ja polle ka käsnud suggugi maksa\nKusta Tõrrukenne ütleb, et temma kuuldes olla Trofim Tschernow käsnud Mihaila Rischki 7. rubla 80. kp Lasar Pawlowi kaest ärrawõtta\nLeppisid nenda:\nLasar Pawlow Kusotschkow maksab se järrelejanud wõlg tullewaks neljapaewaks Trofim Tschernowile 12 rubla 20. kopp. ärra\nA. Krimm [allkiri], peaxxx Maddis Erm, kohtumeesxxx Josep Maddi, \n\"\n", "meta": {"origin_directory": "vallakohus_esimene/"}, "layers": [{"name": "gold_ner", "attributes": ["nertag"], "parent": null, "enveloping": null, "ambiguous": false, "serialisation_module": null, "meta": {}, "spans": [{"base_span": [0, 16], "annotations": [{"nertag": "PER"}]}, {"base_span": [23, 47], "annotations": [{"nertag": "PER"}]}, {"base_span": [84, 108], "annotations": [{"nertag": "PER"}]}, {"base_span": [161, 178], "annotations": [{"nertag": "PER"}]}, {"base_span": [179, 196], "annotations": [{"nertag": "PER"}]}, {"base_span": [241, 256], "annotations": [{"nertag": "PER"}]}, {"base_span": [304, 320], "annotations": [{"nertag": "PER"}]}, {"base_span": [343, 360], "annotations": [{"nertag": "PER"}]}, {"base_span": [421, 437], "annotations": [{"nertag": "PER"}]}, {"base_span": [467, 483], "annotations": [{"nertag": "PER"}]}, {"base_span": [491, 506], "annotations": [{"nertag": "PER"}]}, {"base_span": [523, 536], "annotations": [{"nertag": "PER"}]}, {"base_span": [569, 593], "annotations": [{"nertag": "PER"}]}, {"base_span": [645, 664], "annotations": [{"nertag": "PER"}]}, {"base_span": [689, 697], "annotations": [{"nertag": "PER"}]}, {"base_span": [716, 726], "annotations": [{"nertag": "PER"}]}, {"base_span": [741, 752], "annotations": [{"nertag": "PER"}]}]}, {"name": "gold_wordner", "attributes": ["nertag"], "parent": null, "enveloping": null, "ambiguous": false, "serialisation_module": null, "meta": {}, "spans": [{"base_span": [0, 6], "annotations": [{"nertag": "B-PER"}]}, {"base_span": [7, 16], "annotations": [{"nertag": "I-PER"}]}, {"base_span": [17, 22], "annotations": [{"nertag": "O"}]}, {"base_span": [23, 28], "annotations": [{"nertag": "B-PER"}]}, {"base_span": [29, 35], "annotations": [{"nertag": "I-PER"}]}, {"base_span": [36, 47], "annotations": [{"nertag": "I-PER"}]}, {"base_span": [48, 53], "annotations": [{"nertag": "O"}]}, {"base_span": [54, 59], "annotations": [{"nertag": "O"}]}, {"base_span": [60, 67], "annotations": [{"nertag": "O"}]}, {"base_span": [68, 71], "annotations": [{"nertag": "O"}]}, {"base_span": [72, 77], "annotations": [{"nertag": "O"}]}, {"base_span": [78, 83], "annotations": [{"nertag": "O"}]}, {"base_span": [84, 89], "annotations": [{"nertag": "B-PER"}]}, {"base_span": [90, 96], "annotations": [{"nertag": "I-PER"}]}, {"base_span": [97, 108], "annotations": [{"nertag": "I-PER"}]}, {"base_span": [109, 115], "annotations": [{"nertag": "O"}]}, {"base_span": [115, 116], "annotations": [{"nertag": "O"}]}, {"base_span": [117, 119], "annotations": [{"nertag": "O"}]}, {"base_span": [120, 126], "annotations": [{"nertag": "O"}]}, {"base_span": [127, 132], "annotations": [{"nertag": "O"}]}, {"base_span": [133, 135], "annotations": [{"nertag": "O"}]}, {"base_span": [136, 140], "annotations": [{"nertag": "O"}]}, {"base_span": [141, 148], "annotations": [{"nertag": "O"}]}, {"base_span": [149, 154], "annotations": [{"nertag": "O"}]}, {"base_span": [155, 160], "annotations": [{"nertag": "O"}]}, {"base_span": [161, 168], "annotations": [{"nertag": "B-PER"}]}, {"base_span": [169, 178], "annotations": [{"nertag": "I-PER"}]}, {"base_span": [179, 185], "annotations": [{"nertag": "B-PER"}]}, {"base_span": [186, 196], "annotations": [{"nertag": "I-PER"}]}, {"base_span": [197, 206], "annotations": [{"nertag": "O"}]}, {"base_span": [207, 209], "annotations": [{"nertag": "O"}]}, {"base_span": [210, 215], "annotations": [{"nertag": "O"}]}, {"base_span": [216, 218], "annotations": [{"nertag": "O"}]}, {"base_span": [219, 223], "annotations": [{"nertag": "O"}]}, {"base_span": [224, 227], "annotations": [{"nertag": "O"}]}, {"base_span": [228, 233], "annotations": [{"nertag": "O"}]}, {"base_span": [234, 239], "annotations": [{"nertag": "O"}]}, {"base_span": [239, 240], "annotations": [{"nertag": "O"}]}, {"base_span": [241, 248], "annotations": [{"nertag": "B-PER"}]}, {"base_span": [249, 256], "annotations": [{"nertag": "I-PER"}]}, {"base_span": [257, 262], "annotations": [{"nertag": "O"}]}, {"base_span": [262, 263], "annotations": [{"nertag": "O"}]}, {"base_span": [264, 266], "annotations": [{"nertag": "O"}]}, {"base_span": [267, 272], "annotations": [{"nertag": "O"}]}, {"base_span": [273, 277], "annotations": [{"nertag": "O"}]}, {"base_span": [278, 280], "annotations": [{"nertag": "O"}]}, {"base_span": [281, 285], "annotations": [{"nertag": "O"}]}, {"base_span": [286, 291], "annotations": [{"nertag": "O"}]}, {"base_span": [292, 298], "annotations": [{"nertag": "O"}]}, {"base_span": [299, 303], "annotations": [{"nertag": "O"}]}, {"base_span": [304, 310], "annotations": [{"nertag": "B-PER"}]}, {"base_span": [311, 320], "annotations": [{"nertag": "I-PER"}]}, {"base_span": [321, 326], "annotations": [{"nertag": "O"}]}, {"base_span": [326, 327], "annotations": [{"nertag": "O"}]}, {"base_span": [328, 330], "annotations": [{"nertag": "O"}]}, {"base_span": [331, 336], "annotations": [{"nertag": "O"}]}, {"base_span": [337, 342], "annotations": [{"nertag": "O"}]}, {"base_span": [343, 350], "annotations": [{"nertag": "B-PER"}]}, {"base_span": [351, 360], "annotations": [{"nertag": "I-PER"}]}, {"base_span": [361, 366], "annotations": [{"nertag": "O"}]}, {"base_span": [367, 374], "annotations": [{"nertag": "O"}]}, {"base_span": [375, 380], "annotations": [{"nertag": "O"}]}, {"base_span": [381, 386], "annotations": [{"nertag": "O"}]}, {"base_span": [386, 387], "annotations": [{"nertag": "O"}]}, {"base_span": [388, 390], "annotations": [{"nertag": "O"}]}, {"base_span": [391, 396], "annotations": [{"nertag": "O"}]}, {"base_span": [397, 399], "annotations": [{"nertag": "O"}]}, {"base_span": [400, 406], "annotations": [{"nertag": "O"}]}, {"base_span": [407, 414], "annotations": [{"nertag": "O"}]}, {"base_span": [415, 420], "annotations": [{"nertag": "O"}]}, {"base_span": [421, 426], "annotations": [{"nertag": "B-PER"}]}, {"base_span": [427, 437], "annotations": [{"nertag": "I-PER"}]}, {"base_span": [438, 443], "annotations": [{"nertag": "O"}]}, {"base_span": [443, 444], "annotations": [{"nertag": "O"}]}, {"base_span": [445, 447], "annotations": [{"nertag": "O"}]}, {"base_span": [448, 453], "annotations": [{"nertag": "O"}]}, {"base_span": [454, 461], "annotations": [{"nertag": "O"}]}, {"base_span": [462, 466], "annotations": [{"nertag": "O"}]}, {"base_span": [467, 473], "annotations": [{"nertag": "B-PER"}]}, {"base_span": [474, 483], "annotations": [{"nertag": "I-PER"}]}, {"base_span": [484, 490], "annotations": [{"nertag": "O"}]}, {"base_span": [491, 498], "annotations": [{"nertag": "B-PER"}]}, {"base_span": [499, 506], "annotations": [{"nertag": "I-PER"}]}, {"base_span": [507, 509], "annotations": [{"nertag": "O"}]}, {"base_span": [510, 515], "annotations": [{"nertag": "O"}]}, {"base_span": [516, 519], "annotations": [{"nertag": "O"}]}, {"base_span": [520, 522], "annotations": [{"nertag": "O"}]}, {"base_span": [523, 528], "annotations": [{"nertag": "B-PER"}]}, {"base_span": [529, 536], "annotations": [{"nertag": "I-PER"}]}, {"base_span": [537, 542], "annotations": [{"nertag": "O"}]}, {"base_span": [543, 552], "annotations": [{"nertag": "O"}]}, {"base_span": [553, 561], "annotations": [{"nertag": "O"}]}, {"base_span": [562, 567], "annotations": [{"nertag": "O"}]}, {"base_span": [567, 568], "annotations": [{"nertag": "O"}]}, {"base_span": [569, 574], "annotations": [{"nertag": "B-PER"}]}, {"base_span": [575, 581], "annotations": [{"nertag": "I-PER"}]}, {"base_span": [582, 593], "annotations": [{"nertag": "I-PER"}]}, {"base_span": [594, 600], "annotations": [{"nertag": "O"}]}, {"base_span": [601, 603], "annotations": [{"nertag": "O"}]}, {"base_span": [604, 616], "annotations": [{"nertag": "O"}]}, {"base_span": [617, 621], "annotations": [{"nertag": "O"}]}, {"base_span": [622, 631], "annotations": [{"nertag": "O"}]}, {"base_span": [632, 644], "annotations": [{"nertag": "O"}]}, {"base_span": [645, 651], "annotations": [{"nertag": "B-PER"}]}, {"base_span": [652, 664], "annotations": [{"nertag": "I-PER"}]}, {"base_span": [665, 667], "annotations": [{"nertag": "O"}]}, {"base_span": [668, 673], "annotations": [{"nertag": "O"}]}, {"base_span": [674, 677], "annotations": [{"nertag": "O"}]}, {"base_span": [678, 682], "annotations": [{"nertag": "O"}]}, {"base_span": [682, 683], "annotations": [{"nertag": "O"}]}, {"base_span": [684, 688], "annotations": [{"nertag": "O"}]}, {"base_span": [689, 690], "annotations": [{"nertag": "B-PER"}]}, {"base_span": [690, 691], "annotations": [{"nertag": "I-PER"}]}, {"base_span": [692, 697], "annotations": [{"nertag": "I-PER"}]}, {"base_span": [698, 699], "annotations": [{"nertag": "O"}]}, {"base_span": [699, 706], "annotations": [{"nertag": "O"}]}, {"base_span": [706, 707], "annotations": [{"nertag": "O"}]}, {"base_span": [707, 708], "annotations": [{"nertag": "O"}]}, {"base_span": [709, 715], "annotations": [{"nertag": "O"}]}, {"base_span": [716, 722], "annotations": [{"nertag": "B-PER"}]}, {"base_span": [723, 726], "annotations": [{"nertag": "I-PER"}]}, {"base_span": [726, 727], "annotations": [{"nertag": "O"}]}, {"base_span": [728, 740], "annotations": [{"nertag": "O"}]}, {"base_span": [741, 746], "annotations": [{"nertag": "B-PER"}]}, {"base_span": [747, 752], "annotations": [{"nertag": "I-PER"}]}, {"base_span": [752, 753], "annotations": [{"nertag": "O"}]}, {"base_span": [755, 756], "annotations": [{"nertag": "O"}]}]}]}