{"text": "\nProtokolli põhjusel 28 Oktobrist s.a. No 203 tuli Jaan Joonas ette ning andis üles, et temal Gottl. Hansingi käest kahju tasumist nõuda:\n\n1.\n   Maja eest maksetud\n   400 rbl.\n  \n\n2.\n   Kreditkassa wõla wähendamine\n   123 rbl.\n  \n\n3.\n   Kontrahi kinitamine\n   27 rbl.\n  \n\n4.\n   Wiie inimese moon, palk ja korter, mis tema nüüd ilma kohata on\n   500 rbl.\n  \n\n5.\n   Karjuse palk 6 nädala eest\n   8 rbl. 70 Kop\n  \n\n6.\n   9 elaja, 21 tsea, 20 lamma ja 2 hobuse toitmine\n   565 rbl.\n  \n\n7.\n   Kraami wedamise eest\n   50 rbl.\n  \n\n8.\n   460 sülda kraawi kaewanud\n   18 rbl. 40 Kop.\n  \n\n9.\n   160 sülda teed selle maja tarwis teinud\n   480 rbl.\n  \n\n10.\n   45 Kubu õlgi maja jätnud\n   4 rbl. 50 Kop.\n  \n\n11.\n   36 päiwa kohut käinud ja aset otsinud\n   39 rbl.\n  \n\n12.\n   5 süld puid, 2 koormad plankisid maha jäänud\n   44 rbl.\n  \n\n13.\n   3 lina mülget kaewanud\n   32 rbl. 50 Kop.\n  \n\n14.\n   2 rege, 4 äkket, 60 äkke lauda, 1 kartohwli kast, 1 rehe trull, 1 maa trull, 1 lina sugemise penk, 1 pöör, 150 sawi kiwi, 1 söögi laud, 3 rehe penki, 1 iste penk ja 5 lehma mõlvi; need asjad on sinna maja jäänud - wäärt\n   41 rbl. 50 Kop.\n  \n\n15.\n   üks wakamaa rükkid rohkem maha teinud\n   25 rbl.\n  \n\nSumma\n   2358 rbl. 60 Kop\n  \n\nÜlewal nimetud summat nõuab tema Gottl. Hansingi käest.\n\nGottl. Hansing wastutas nende nõudmiste kohta:\n\nad 1.\n   et temal see raha maksa, mis tema ära tasub, kui Joonas tema kahju ära tasub\n  \n\nad 2. 3.\n   Hoowi kohtu otsuse järel ei ole temal seda tasuda\n  \n\nad 4-7\n   Hoowi kohtu otsuse läbi ei ole see tema süüd, waid on J. Joonas oma lepingu murdmise pärast seda kannud\n  \n\nad 8-9\n   Kui seal midagi tehtud, siis on see kõik enne lepingu tegemist sündinud\n  \n\nad 10.\n   Sellest tema ei tea\n  \n\nad 11.\n   \nJoonas on seda oma kiusu läbi kohut käinud, sest et leppingud täita ei tahtnud\n  \n\nad 12.\n   Ei tea puudest ei palkidest midagi\n  \n\nad 13.\n   Ei tea sellest, ehk on enne leppingut tehtud\n  \n\nad 14.\n   Neist asjadest tema midagi ei tea ja ei ole tema sinna midagi jätta käskinud\n  \n\nad 15.\n   \n   Ei tea, kas rohkem tehtud, sest keegi ei ole temale seda ütelnud, ei ka ametlikult üle kaetud.\n\n   \n  \n\nMõiste: Jaan Joonas peab 8 pääwa sees Gottlieb Hansingist ülesantud kahju tasumise protokolli järel 21. Oktobrist s.a. No. 195 punkt 1 kuni 7 ja 9 kuni 13 ülepea 245 rbl. 10 Kop. wäljamaksma; aga punkt 8 ja 14 saab selge põhja puuduse pärast tühjaks arwatud.\n\nGottlieb Hansing peab Jaan Joonasele lepingu põhjuse peale, mis Hoowi kohtu otsuse läbi kinnnitud on, 423 rbl. sellesama aea sees ära tasuma, mis peale Gottl. Hansingil weel 177 rbl. 90 Kop. Jaan Joonasele maksa on; muud Joonase nõudmised on tühjaks arwatud. Wiimaks peab Gottlieb Hansing Hoowi kohtust kinnitud lepingu järel 423 rbl. kogukonna Kohtu kätte Jaan Joonase hääks sisse maksma, mis peale Jaan Joonas kohustatud on kontrahile alla kirjutada ja jääb nimetatud summa walla laadikusse hoiju alla, kui kohus selles asjas nende wahel lõpnud on.\n\nMõiste sai Kohtukäijatele T.S.R järel a. 1860 §772 kuni 774 kuulutatud ja et nemad rahul ei olnud, sai õpusleht wälja antud.\n\n\n", "meta": {"origin_directory": "vallakohus_neljas/"}, "layers": [{"name": "gold_ner", "attributes": ["nertag"], "parent": null, "enveloping": null, "ambiguous": false, "serialisation_module": null, "meta": {}, "spans": [{"base_span": [51, 62], "annotations": [{"nertag": "PER"}]}, {"base_span": [94, 109], "annotations": [{"nertag": "PER"}]}, {"base_span": [1248, 1263], "annotations": [{"nertag": "PER"}]}, {"base_span": [1272, 1286], "annotations": [{"nertag": "PER"}]}, {"base_span": [1378, 1384], "annotations": [{"nertag": "PER"}]}, {"base_span": [1540, 1549], "annotations": [{"nertag": "PER"}]}, {"base_span": [1725, 1731], "annotations": [{"nertag": "PER"}]}, {"base_span": [2133, 2144], "annotations": [{"nertag": "PER"}]}, {"base_span": [2163, 2182], "annotations": [{"nertag": "PER"}]}, {"base_span": [2385, 2401], "annotations": [{"nertag": "PER"}]}, {"base_span": [2407, 2421], "annotations": [{"nertag": "PER"}]}, {"base_span": [2537, 2553], "annotations": [{"nertag": "PER"}]}, {"base_span": [2576, 2590], "annotations": [{"nertag": "PER"}]}, {"base_span": [2606, 2613], "annotations": [{"nertag": "PER"}]}, {"base_span": [2657, 2673], "annotations": [{"nertag": "PER"}]}, {"base_span": [2742, 2754], "annotations": [{"nertag": "PER"}]}, {"base_span": [2785, 2796], "annotations": [{"nertag": "PER"}]}, {"base_span": [2963, 2968], "annotations": [{"nertag": "MISC"}]}]}, {"name": "gold_wordner", "attributes": ["nertag"], "parent": null, "enveloping": null, "ambiguous": false, "serialisation_module": null, "meta": {}, "spans": [{"base_span": [1, 11], "annotations": [{"nertag": "O"}]}, {"base_span": [12, 20], "annotations": [{"nertag": "O"}]}, {"base_span": [21, 23], "annotations": [{"nertag": "O"}]}, {"base_span": [24, 33], "annotations": [{"nertag": "O"}]}, {"base_span": [34, 35], "annotations": [{"nertag": "O"}]}, {"base_span": [35, 36], "annotations": [{"nertag": "O"}]}, {"base_span": [36, 37], "annotations": [{"nertag": "O"}]}, {"base_span": [37, 38], "annotations": [{"nertag": "O"}]}, {"base_span": [39, 41], "annotations": [{"nertag": "O"}]}, {"base_span": [42, 45], "annotations": [{"nertag": "O"}]}, {"base_span": [46, 50], "annotations": [{"nertag": "O"}]}, {"base_span": [51, 55], "annotations": [{"nertag": "B-PER"}]}, {"base_span": [56, 62], "annotations": [{"nertag": "I-PER"}]}, {"base_span": [63, 67], "annotations": [{"nertag": "O"}]}, {"base_span": [68, 72], "annotations": [{"nertag": "O"}]}, {"base_span": [73, 78], "annotations": [{"nertag": "O"}]}, {"base_span": [79, 83], "annotations": [{"nertag": "O"}]}, {"base_span": [83, 84], "annotations": [{"nertag": "O"}]}, {"base_span": [85, 87], "annotations": [{"nertag": "O"}]}, {"base_span": [88, 93], "annotations": [{"nertag": "O"}]}, {"base_span": [94, 99], "annotations": [{"nertag": "B-PER"}]}, {"base_span": [99, 100], "annotations": [{"nertag": "I-PER"}]}, {"base_span": [101, 109], "annotations": [{"nertag": "I-PER"}]}, {"base_span": [110, 115], "annotations": [{"nertag": "O"}]}, {"base_span": [116, 121], "annotations": [{"nertag": "O"}]}, {"base_span": [122, 130], "annotations": [{"nertag": "O"}]}, {"base_span": [131, 136], "annotations": [{"nertag": "O"}]}, {"base_span": [136, 137], "annotations": [{"nertag": "O"}]}, {"base_span": [139, 141], "annotations": [{"nertag": "O"}]}, {"base_span": [145, 149], "annotations": [{"nertag": "O"}]}, {"base_span": [150, 154], "annotations": [{"nertag": "O"}]}, {"base_span": [155, 163], "annotations": [{"nertag": "O"}]}, {"base_span": [167, 170], "annotations": [{"nertag": "O"}]}, {"base_span": [171, 174], "annotations": [{"nertag": "O"}]}, {"base_span": [174, 175], "annotations": [{"nertag": "O"}]}, {"base_span": [180, 182], "annotations": [{"nertag": "O"}]}, {"base_span": [186, 197], "annotations": [{"nertag": "O"}]}, {"base_span": [198, 202], "annotations": [{"nertag": "O"}]}, {"base_span": [203, 214], "annotations": [{"nertag": "O"}]}, {"base_span": [218, 221], "annotations": [{"nertag": "O"}]}, {"base_span": [222, 225], "annotations": [{"nertag": "O"}]}, {"base_span": [225, 226], "annotations": [{"nertag": "O"}]}, {"base_span": [231, 233], "annotations": [{"nertag": "O"}]}, {"base_span": [237, 245], "annotations": [{"nertag": "O"}]}, {"base_span": [246, 256], "annotations": [{"nertag": "O"}]}, {"base_span": [260, 262], "annotations": [{"nertag": "O"}]}, {"base_span": [263, 266], "annotations": [{"nertag": "O"}]}, {"base_span": [266, 267], "annotations": [{"nertag": "O"}]}, {"base_span": [272, 274], "annotations": [{"nertag": "O"}]}, {"base_span": [278, 282], "annotations": [{"nertag": "O"}]}, {"base_span": [283, 290], "annotations": [{"nertag": "O"}]}, {"base_span": [291, 295], "annotations": [{"nertag": "O"}]}, {"base_span": [295, 296], "annotations": [{"nertag": "O"}]}, {"base_span": [297, 301], "annotations": [{"nertag": "O"}]}, {"base_span": [302, 304], "annotations": [{"nertag": "O"}]}, {"base_span": [305, 311], "annotations": [{"nertag": "O"}]}, {"base_span": [311, 312], "annotations": [{"nertag": "O"}]}, {"base_span": [313, 316], "annotations": [{"nertag": "O"}]}, {"base_span": [317, 321], "annotations": [{"nertag": "O"}]}, {"base_span": [322, 326], "annotations": [{"nertag": "O"}]}, {"base_span": [327, 331], "annotations": [{"nertag": "O"}]}, {"base_span": [332, 338], "annotations": [{"nertag": "O"}]}, {"base_span": [339, 341], "annotations": [{"nertag": "O"}]}, {"base_span": [345, 348], "annotations": [{"nertag": "O"}]}, {"base_span": [349, 352], "annotations": [{"nertag": "O"}]}, {"base_span": [352, 353], "annotations": [{"nertag": "O"}]}, {"base_span": [358, 360], "annotations": [{"nertag": "O"}]}, {"base_span": [364, 371], "annotations": [{"nertag": "O"}]}, {"base_span": [372, 376], "annotations": [{"nertag": "O"}]}, {"base_span": [377, 378], "annotations": [{"nertag": "O"}]}, {"base_span": [379, 385], "annotations": [{"nertag": "O"}]}, {"base_span": [386, 390], "annotations": [{"nertag": "O"}]}, {"base_span": [394, 395], "annotations": [{"nertag": "O"}]}, {"base_span": [396, 399], "annotations": [{"nertag": "O"}]}, {"base_span": [399, 400], "annotations": [{"nertag": "O"}]}, {"base_span": [401, 403], "annotations": [{"nertag": "O"}]}, {"base_span": [404, 407], "annotations": [{"nertag": "O"}]}, {"base_span": [412, 414], "annotations": [{"nertag": "O"}]}, {"base_span": [418, 419], "annotations": [{"nertag": "O"}]}, {"base_span": [420, 425], "annotations": [{"nertag": "O"}]}, {"base_span": [425, 426], "annotations": [{"nertag": "O"}]}, {"base_span": [427, 429], "annotations": [{"nertag": "O"}]}, {"base_span": [430, 434], "annotations": [{"nertag": "O"}]}, {"base_span": [434, 435], "annotations": [{"nertag": "O"}]}, {"base_span": [436, 438], "annotations": [{"nertag": "O"}]}, {"base_span": [439, 444], "annotations": [{"nertag": "O"}]}, {"base_span": [445, 447], "annotations": [{"nertag": "O"}]}, {"base_span": [448, 449], "annotations": [{"nertag": "O"}]}, {"base_span": [450, 456], "annotations": [{"nertag": "O"}]}, {"base_span": [457, 465], "annotations": [{"nertag": "O"}]}, {"base_span": [469, 472], "annotations": [{"nertag": "O"}]}, {"base_span": [473, 476], "annotations": [{"nertag": "O"}]}, {"base_span": [476, 477], "annotations": [{"nertag": "O"}]}, {"base_span": [482, 484], "annotations": [{"nertag": "O"}]}, {"base_span": [488, 494], "annotations": [{"nertag": "O"}]}, {"base_span": [495, 503], "annotations": [{"nertag": "O"}]}, {"base_span": [504, 508], "annotations": [{"nertag": "O"}]}, {"base_span": [512, 514], "annotations": [{"nertag": "O"}]}, {"base_span": [515, 518], "annotations": [{"nertag": "O"}]}, {"base_span": [518, 519], "annotations": [{"nertag": "O"}]}, {"base_span": [524, 526], "annotations": [{"nertag": "O"}]}, {"base_span": [530, 533], "annotations": [{"nertag": "O"}]}, {"base_span": [534, 539], "annotations": [{"nertag": "O"}]}, {"base_span": [540, 546], "annotations": [{"nertag": "O"}]}, {"base_span": [547, 555], "annotations": [{"nertag": "O"}]}, {"base_span": [559, 561], "annotations": [{"nertag": "O"}]}, {"base_span": [562, 565], "annotations": [{"nertag": "O"}]}, {"base_span": [565, 566], "annotations": [{"nertag": "O"}]}, {"base_span": [567, 569], "annotations": [{"nertag": "O"}]}, {"base_span": [570, 573], "annotations": [{"nertag": "O"}]}, {"base_span": [573, 574], "annotations": [{"nertag": "O"}]}, {"base_span": [579, 581], "annotations": [{"nertag": "O"}]}, {"base_span": [585, 588], "annotations": [{"nertag": "O"}]}, {"base_span": [589, 594], "annotations": [{"nertag": "O"}]}, {"base_span": [595, 599], "annotations": [{"nertag": "O"}]}, {"base_span": [600, 605], "annotations": [{"nertag": "O"}]}, {"base_span": [606, 610], "annotations": [{"nertag": "O"}]}, {"base_span": [611, 617], "annotations": [{"nertag": "O"}]}, {"base_span": [618, 624], "annotations": [{"nertag": "O"}]}, {"base_span": [628, 631], "annotations": [{"nertag": "O"}]}, {"base_span": [632, 635], "annotations": [{"nertag": "O"}]}, {"base_span": [635, 636], "annotations": [{"nertag": "O"}]}, {"base_span": [641, 644], "annotations": [{"nertag": "O"}]}, {"base_span": [648, 650], "annotations": [{"nertag": "O"}]}, {"base_span": [651, 655], "annotations": [{"nertag": "O"}]}, {"base_span": [656, 660], "annotations": [{"nertag": "O"}]}, {"base_span": [661, 665], "annotations": [{"nertag": "O"}]}, {"base_span": [666, 672], "annotations": [{"nertag": "O"}]}, {"base_span": [676, 677], "annotations": [{"nertag": "O"}]}, {"base_span": [678, 681], "annotations": [{"nertag": "O"}]}, {"base_span": [681, 682], "annotations": [{"nertag": "O"}]}, {"base_span": [683, 685], "annotations": [{"nertag": "O"}]}, {"base_span": [686, 689], "annotations": [{"nertag": "O"}]}, {"base_span": [689, 690], "annotations": [{"nertag": "O"}]}, {"base_span": [695, 698], "annotations": [{"nertag": "O"}]}, {"base_span": [702, 704], "annotations": [{"nertag": "O"}]}, {"base_span": [705, 710], "annotations": [{"nertag": "O"}]}, {"base_span": [711, 716], "annotations": [{"nertag": "O"}]}, {"base_span": [717, 723], "annotations": [{"nertag": "O"}]}, {"base_span": [724, 726], "annotations": [{"nertag": "O"}]}, {"base_span": [727, 731], "annotations": [{"nertag": "O"}]}, {"base_span": [732, 739], "annotations": [{"nertag": "O"}]}, {"base_span": [743, 745], "annotations": [{"nertag": "O"}]}, {"base_span": [746, 749], "annotations": [{"nertag": "O"}]}, {"base_span": [749, 750], "annotations": [{"nertag": "O"}]}, {"base_span": [755, 758], "annotations": [{"nertag": "O"}]}, {"base_span": [762, 763], "annotations": [{"nertag": "O"}]}, {"base_span": [764, 768], "annotations": [{"nertag": "O"}]}, {"base_span": [769, 773], "annotations": [{"nertag": "O"}]}, {"base_span": [773, 774], "annotations": [{"nertag": "O"}]}, {"base_span": [775, 776], "annotations": [{"nertag": "O"}]}, {"base_span": [777, 784], "annotations": [{"nertag": "O"}]}, {"base_span": [785, 794], "annotations": [{"nertag": "O"}]}, {"base_span": [795, 799], "annotations": [{"nertag": "O"}]}, {"base_span": [800, 806], "annotations": [{"nertag": "O"}]}, {"base_span": [810, 812], "annotations": [{"nertag": "O"}]}, {"base_span": [813, 816], "annotations": [{"nertag": "O"}]}, {"base_span": [816, 817], "annotations": [{"nertag": "O"}]}, {"base_span": [822, 825], "annotations": [{"nertag": "O"}]}, {"base_span": [829, 830], "annotations": [{"nertag": "O"}]}, {"base_span": [831, 835], "annotations": [{"nertag": "O"}]}, {"base_span": [836, 842], "annotations": [{"nertag": "O"}]}, {"base_span": [843, 851], "annotations": [{"nertag": "O"}]}, {"base_span": [855, 857], "annotations": [{"nertag": "O"}]}, {"base_span": [858, 861], "annotations": [{"nertag": "O"}]}, {"base_span": [861, 862], "annotations": [{"nertag": "O"}]}, {"base_span": [863, 865], "annotations": [{"nertag": "O"}]}, {"base_span": [866, 869], "annotations": [{"nertag": "O"}]}, {"base_span": [869, 870], "annotations": [{"nertag": "O"}]}, {"base_span": [875, 878], "annotations": [{"nertag": "O"}]}, {"base_span": [882, 883], "annotations": [{"nertag": "O"}]}, {"base_span": [884, 888], "annotations": [{"nertag": "O"}]}, {"base_span": [888, 889], "annotations": [{"nertag": "O"}]}, {"base_span": [890, 891], "annotations": [{"nertag": "O"}]}, {"base_span": [892, 897], "annotations": [{"nertag": "O"}]}, {"base_span": [897, 898], "annotations": [{"nertag": "O"}]}, {"base_span": [899, 901], "annotations": [{"nertag": "O"}]}, {"base_span": [902, 906], "annotations": [{"nertag": "O"}]}, {"base_span": [907, 912], "annotations": [{"nertag": "O"}]}, {"base_span": [912, 913], "annotations": [{"nertag": "O"}]}, {"base_span": [914, 915], "annotations": [{"nertag": "O"}]}, {"base_span": [916, 925], "annotations": [{"nertag": "O"}]}, {"base_span": [926, 930], "annotations": [{"nertag": "O"}]}, {"base_span": [930, 931], "annotations": [{"nertag": "O"}]}, {"base_span": [932, 933], "annotations": [{"nertag": "O"}]}, {"base_span": [934, 938], "annotations": [{"nertag": "O"}]}, {"base_span": [939, 944], "annotations": [{"nertag": "O"}]}, {"base_span": [944, 945], "annotations": [{"nertag": "O"}]}, {"base_span": [946, 947], "annotations": [{"nertag": "O"}]}, {"base_span": [948, 951], "annotations": [{"nertag": "O"}]}, {"base_span": [952, 957], "annotations": [{"nertag": "O"}]}, {"base_span": [957, 958], "annotations": [{"nertag": "O"}]}, {"base_span": [959, 960], "annotations": [{"nertag": "O"}]}, {"base_span": [961, 965], "annotations": [{"nertag": "O"}]}, {"base_span": [966, 974], "annotations": [{"nertag": "O"}]}, {"base_span": [975, 979], "annotations": [{"nertag": "O"}]}, {"base_span": [979, 980], "annotations": [{"nertag": "O"}]}, {"base_span": [981, 982], "annotations": [{"nertag": "O"}]}, {"base_span": [983, 987], "annotations": [{"nertag": "O"}]}, {"base_span": [987, 988], "annotations": [{"nertag": "O"}]}, {"base_span": [989, 992], "annotations": [{"nertag": "O"}]}, {"base_span": [993, 997], "annotations": [{"nertag": "O"}]}, {"base_span": [998, 1002], "annotations": [{"nertag": "O"}]}, {"base_span": [1002, 1003], "annotations": [{"nertag": "O"}]}, {"base_span": [1004, 1005], "annotations": [{"nertag": "O"}]}, {"base_span": [1006, 1011], "annotations": [{"nertag": "O"}]}, {"base_span": [1012, 1016], "annotations": [{"nertag": "O"}]}, {"base_span": [1016, 1017], "annotations": [{"nertag": "O"}]}, {"base_span": [1018, 1019], "annotations": [{"nertag": "O"}]}, {"base_span": [1020, 1024], "annotations": [{"nertag": "O"}]}, {"base_span": [1025, 1030], "annotations": [{"nertag": "O"}]}, {"base_span": [1030, 1031], "annotations": [{"nertag": "O"}]}, {"base_span": [1032, 1033], "annotations": [{"nertag": "O"}]}, {"base_span": [1034, 1038], "annotations": [{"nertag": "O"}]}, {"base_span": [1039, 1043], "annotations": [{"nertag": "O"}]}, {"base_span": [1044, 1046], "annotations": [{"nertag": "O"}]}, {"base_span": [1047, 1048], "annotations": [{"nertag": "O"}]}, {"base_span": [1049, 1054], "annotations": [{"nertag": "O"}]}, {"base_span": [1055, 1060], "annotations": [{"nertag": "O"}]}, {"base_span": [1060, 1061], "annotations": [{"nertag": "O"}]}, {"base_span": [1062, 1066], "annotations": [{"nertag": "O"}]}, {"base_span": [1067, 1072], "annotations": [{"nertag": "O"}]}, {"base_span": [1073, 1075], "annotations": [{"nertag": "O"}]}, {"base_span": [1076, 1081], "annotations": [{"nertag": "O"}]}, {"base_span": [1082, 1086], "annotations": [{"nertag": "O"}]}, {"base_span": [1087, 1093], "annotations": [{"nertag": "O"}]}, {"base_span": [1094, 1095], "annotations": [{"nertag": "O"}]}, {"base_span": [1096, 1101], "annotations": [{"nertag": "O"}]}, {"base_span": [1105, 1107], "annotations": [{"nertag": "O"}]}, {"base_span": [1108, 1111], "annotations": [{"nertag": "O"}]}, {"base_span": [1111, 1112], "annotations": [{"nertag": "O"}]}, {"base_span": [1113, 1115], "annotations": [{"nertag": "O"}]}, {"base_span": [1116, 1119], "annotations": [{"nertag": "O"}]}, {"base_span": [1119, 1120], "annotations": [{"nertag": "O"}]}, {"base_span": [1125, 1128], "annotations": [{"nertag": "O"}]}, {"base_span": [1132, 1135], "annotations": [{"nertag": "O"}]}, {"base_span": [1136, 1143], "annotations": [{"nertag": "O"}]}, {"base_span": [1144, 1150], "annotations": [{"nertag": "O"}]}, {"base_span": [1151, 1157], "annotations": [{"nertag": "O"}]}, {"base_span": [1158, 1162], "annotations": [{"nertag": "O"}]}, {"base_span": [1163, 1169], "annotations": [{"nertag": "O"}]}, {"base_span": [1173, 1175], "annotations": [{"nertag": "O"}]}, {"base_span": [1176, 1179], "annotations": [{"nertag": "O"}]}, {"base_span": [1179, 1180], "annotations": [{"nertag": "O"}]}, {"base_span": [1185, 1190], "annotations": [{"nertag": "O"}]}, {"base_span": [1194, 1198], "annotations": [{"nertag": "O"}]}, {"base_span": [1199, 1202], "annotations": [{"nertag": "O"}]}, {"base_span": [1202, 1203], "annotations": [{"nertag": "O"}]}, {"base_span": [1204, 1206], "annotations": [{"nertag": "O"}]}, {"base_span": [1207, 1210], "annotations": [{"nertag": "O"}]}, {"base_span": [1215, 1221], "annotations": [{"nertag": "O"}]}, {"base_span": [1222, 1229], "annotations": [{"nertag": "O"}]}, {"base_span": [1230, 1236], "annotations": [{"nertag": "O"}]}, {"base_span": [1237, 1242], "annotations": [{"nertag": "O"}]}, {"base_span": [1243, 1247], "annotations": [{"nertag": "O"}]}, {"base_span": [1248, 1253], "annotations": [{"nertag": "B-PER"}]}, {"base_span": [1253, 1254], "annotations": [{"nertag": "I-PER"}]}, {"base_span": [1255, 1263], "annotations": [{"nertag": "I-PER"}]}, {"base_span": [1264, 1269], "annotations": [{"nertag": "O"}]}, {"base_span": [1269, 1270], "annotations": [{"nertag": "O"}]}, {"base_span": [1272, 1277], "annotations": [{"nertag": "B-PER"}]}, {"base_span": [1277, 1278], "annotations": [{"nertag": "I-PER"}]}, {"base_span": [1279, 1286], "annotations": [{"nertag": "I-PER"}]}, {"base_span": [1287, 1295], "annotations": [{"nertag": "O"}]}, {"base_span": [1296, 1301], "annotations": [{"nertag": "O"}]}, {"base_span": [1302, 1311], "annotations": [{"nertag": "O"}]}, {"base_span": [1312, 1317], "annotations": [{"nertag": "O"}]}, {"base_span": [1317, 1318], "annotations": [{"nertag": "O"}]}, {"base_span": [1320, 1322], "annotations": [{"nertag": "O"}]}, {"base_span": [1323, 1325], "annotations": [{"nertag": "O"}]}, {"base_span": [1329, 1331], "annotations": [{"nertag": "O"}]}, {"base_span": [1332, 1337], "annotations": [{"nertag": "O"}]}, {"base_span": [1338, 1341], "annotations": [{"nertag": "O"}]}, {"base_span": [1342, 1346], "annotations": [{"nertag": "O"}]}, {"base_span": [1347, 1352], "annotations": [{"nertag": "O"}]}, {"base_span": [1352, 1353], "annotations": [{"nertag": "O"}]}, {"base_span": [1354, 1357], "annotations": [{"nertag": "O"}]}, {"base_span": [1358, 1362], "annotations": [{"nertag": "O"}]}, {"base_span": [1363, 1366], "annotations": [{"nertag": "O"}]}, {"base_span": [1367, 1372], "annotations": [{"nertag": "O"}]}, {"base_span": [1372, 1373], "annotations": [{"nertag": "O"}]}, {"base_span": [1374, 1377], "annotations": [{"nertag": "O"}]}, {"base_span": [1378, 1384], "annotations": [{"nertag": "B-PER"}]}, {"base_span": [1385, 1389], "annotations": [{"nertag": "O"}]}, {"base_span": [1390, 1395], "annotations": [{"nertag": "O"}]}, {"base_span": [1396, 1399], "annotations": [{"nertag": "O"}]}, {"base_span": [1400, 1405], "annotations": [{"nertag": "O"}]}, {"base_span": [1410, 1412], "annotations": [{"nertag": "O"}]}, {"base_span": [1413, 1415], "annotations": [{"nertag": "O"}]}, {"base_span": [1416, 1418], "annotations": [{"nertag": "O"}]}, {"base_span": [1422, 1427], "annotations": [{"nertag": "O"}]}, {"base_span": [1428, 1433], "annotations": [{"nertag": "O"}]}, {"base_span": [1434, 1440], "annotations": [{"nertag": "O"}]}, {"base_span": [1441, 1446], "annotations": [{"nertag": "O"}]}, {"base_span": [1447, 1449], "annotations": [{"nertag": "O"}]}, {"base_span": [1450, 1453], "annotations": [{"nertag": "O"}]}, {"base_span": [1454, 1459], "annotations": [{"nertag": "O"}]}, {"base_span": [1460, 1464], "annotations": [{"nertag": "O"}]}, {"base_span": [1465, 1471], "annotations": [{"nertag": "O"}]}, {"base_span": [1476, 1478], "annotations": [{"nertag": "O"}]}, {"base_span": [1479, 1480], "annotations": [{"nertag": "O"}]}, {"base_span": [1480, 1481], "annotations": [{"nertag": "O"}]}, {"base_span": [1481, 1482], "annotations": [{"nertag": "O"}]}, {"base_span": [1486, 1491], "annotations": [{"nertag": "O"}]}, {"base_span": [1492, 1497], "annotations": [{"nertag": "O"}]}, {"base_span": [1498, 1504], "annotations": [{"nertag": "O"}]}, {"base_span": [1505, 1509], "annotations": [{"nertag": "O"}]}, {"base_span": [1510, 1512], "annotations": [{"nertag": "O"}]}, {"base_span": [1513, 1516], "annotations": [{"nertag": "O"}]}, {"base_span": [1517, 1520], "annotations": [{"nertag": "O"}]}, {"base_span": [1521, 1525], "annotations": [{"nertag": "O"}]}, {"base_span": [1526, 1530], "annotations": [{"nertag": "O"}]}, {"base_span": [1530, 1531], "annotations": [{"nertag": "O"}]}, {"base_span": [1532, 1536], "annotations": [{"nertag": "O"}]}, {"base_span": [1537, 1539], "annotations": [{"nertag": "O"}]}, {"base_span": [1540, 1541], "annotations": [{"nertag": "B-PER"}]}, {"base_span": [1541, 1542], "annotations": [{"nertag": "I-PER"}]}, {"base_span": [1543, 1549], "annotations": [{"nertag": "I-PER"}]}, {"base_span": [1550, 1553], "annotations": [{"nertag": "O"}]}, {"base_span": [1554, 1561], "annotations": [{"nertag": "O"}]}, {"base_span": [1562, 1570], "annotations": [{"nertag": "O"}]}, {"base_span": [1571, 1577], "annotations": [{"nertag": "O"}]}, {"base_span": [1578, 1582], "annotations": [{"nertag": "O"}]}, {"base_span": [1583, 1589], "annotations": [{"nertag": "O"}]}, {"base_span": [1594, 1596], "annotations": [{"nertag": "O"}]}, {"base_span": [1597, 1598], "annotations": [{"nertag": "O"}]}, {"base_span": [1598, 1599], "annotations": [{"nertag": "O"}]}, {"base_span": [1599, 1600], "annotations": [{"nertag": "O"}]}, {"base_span": [1604, 1607], "annotations": [{"nertag": "O"}]}, {"base_span": [1608, 1612], "annotations": [{"nertag": "O"}]}, {"base_span": [1613, 1619], "annotations": [{"nertag": "O"}]}, {"base_span": [1620, 1626], "annotations": [{"nertag": "O"}]}, {"base_span": [1626, 1627], "annotations": [{"nertag": "O"}]}, {"base_span": [1628, 1632], "annotations": [{"nertag": "O"}]}, {"base_span": [1633, 1635], "annotations": [{"nertag": "O"}]}, {"base_span": [1636, 1639], "annotations": [{"nertag": "O"}]}, {"base_span": [1640, 1644], "annotations": [{"nertag": "O"}]}, {"base_span": [1645, 1649], "annotations": [{"nertag": "O"}]}, {"base_span": [1650, 1657], "annotations": [{"nertag": "O"}]}, {"base_span": [1658, 1666], "annotations": [{"nertag": "O"}]}, {"base_span": [1667, 1675], "annotations": [{"nertag": "O"}]}, {"base_span": [1680, 1682], "annotations": [{"nertag": "O"}]}, {"base_span": [1683, 1686], "annotations": [{"nertag": "O"}]}, {"base_span": [1690, 1697], "annotations": [{"nertag": "O"}]}, {"base_span": [1698, 1702], "annotations": [{"nertag": "O"}]}, {"base_span": [1703, 1705], "annotations": [{"nertag": "O"}]}, {"base_span": [1706, 1709], "annotations": [{"nertag": "O"}]}, {"base_span": [1714, 1716], "annotations": [{"nertag": "O"}]}, {"base_span": [1717, 1720], "annotations": [{"nertag": "O"}]}, {"base_span": [1725, 1731], "annotations": [{"nertag": "B-PER"}]}, {"base_span": [1732, 1734], "annotations": [{"nertag": "O"}]}, {"base_span": [1735, 1739], "annotations": [{"nertag": "O"}]}, {"base_span": [1740, 1743], "annotations": [{"nertag": "O"}]}, {"base_span": [1744, 1749], "annotations": [{"nertag": "O"}]}, {"base_span": [1750, 1754], "annotations": [{"nertag": "O"}]}, {"base_span": [1755, 1760], "annotations": [{"nertag": "O"}]}, {"base_span": [1761, 1767], "annotations": [{"nertag": "O"}]}, {"base_span": [1767, 1768], "annotations": [{"nertag": "O"}]}, {"base_span": [1769, 1773], "annotations": [{"nertag": "O"}]}, {"base_span": [1774, 1776], "annotations": [{"nertag": "O"}]}, {"base_span": [1777, 1786], "annotations": [{"nertag": "O"}]}, {"base_span": [1787, 1792], "annotations": [{"nertag": "O"}]}, {"base_span": [1793, 1795], "annotations": [{"nertag": "O"}]}, {"base_span": [1796, 1803], "annotations": [{"nertag": "O"}]}, {"base_span": [1808, 1810], "annotations": [{"nertag": "O"}]}, {"base_span": [1811, 1814], "annotations": [{"nertag": "O"}]}, {"base_span": [1818, 1820], "annotations": [{"nertag": "O"}]}, {"base_span": [1821, 1824], "annotations": [{"nertag": "O"}]}, {"base_span": [1825, 1832], "annotations": [{"nertag": "O"}]}, {"base_span": [1833, 1835], "annotations": [{"nertag": "O"}]}, {"base_span": [1836, 1845], "annotations": [{"nertag": "O"}]}, {"base_span": [1846, 1852], "annotations": [{"nertag": "O"}]}, {"base_span": [1857, 1859], "annotations": [{"nertag": "O"}]}, {"base_span": [1860, 1863], "annotations": [{"nertag": "O"}]}, {"base_span": [1867, 1869], "annotations": [{"nertag": "O"}]}, {"base_span": [1870, 1873], "annotations": [{"nertag": "O"}]}, {"base_span": [1874, 1881], "annotations": [{"nertag": "O"}]}, {"base_span": [1881, 1882], "annotations": [{"nertag": "O"}]}, {"base_span": [1883, 1886], "annotations": [{"nertag": "O"}]}, {"base_span": [1887, 1889], "annotations": [{"nertag": "O"}]}, {"base_span": [1890, 1894], "annotations": [{"nertag": "O"}]}, {"base_span": [1895, 1904], "annotations": [{"nertag": "O"}]}, {"base_span": [1905, 1911], "annotations": [{"nertag": "O"}]}, {"base_span": [1916, 1918], "annotations": [{"nertag": "O"}]}, {"base_span": [1919, 1922], "annotations": [{"nertag": "O"}]}, {"base_span": [1926, 1931], "annotations": [{"nertag": "O"}]}, {"base_span": [1932, 1940], "annotations": [{"nertag": "O"}]}, {"base_span": [1941, 1945], "annotations": [{"nertag": "O"}]}, {"base_span": [1946, 1952], "annotations": [{"nertag": "O"}]}, {"base_span": [1953, 1955], "annotations": [{"nertag": "O"}]}, {"base_span": [1956, 1959], "annotations": [{"nertag": "O"}]}, {"base_span": [1960, 1962], "annotations": [{"nertag": "O"}]}, {"base_span": [1963, 1965], "annotations": [{"nertag": "O"}]}, {"base_span": [1966, 1969], "annotations": [{"nertag": "O"}]}, {"base_span": [1970, 1974], "annotations": [{"nertag": "O"}]}, {"base_span": [1975, 1980], "annotations": [{"nertag": "O"}]}, {"base_span": [1981, 1987], "annotations": [{"nertag": "O"}]}, {"base_span": [1988, 1993], "annotations": [{"nertag": "O"}]}, {"base_span": [1994, 2002], "annotations": [{"nertag": "O"}]}, {"base_span": [2007, 2009], "annotations": [{"nertag": "O"}]}, {"base_span": [2010, 2013], "annotations": [{"nertag": "O"}]}, {"base_span": [2021, 2023], "annotations": [{"nertag": "O"}]}, {"base_span": [2024, 2027], "annotations": [{"nertag": "O"}]}, {"base_span": [2027, 2028], "annotations": [{"nertag": "O"}]}, {"base_span": [2029, 2032], "annotations": [{"nertag": "O"}]}, {"base_span": [2033, 2039], "annotations": [{"nertag": "O"}]}, {"base_span": [2040, 2046], "annotations": [{"nertag": "O"}]}, {"base_span": [2046, 2047], "annotations": [{"nertag": "O"}]}, {"base_span": [2048, 2052], "annotations": [{"nertag": "O"}]}, {"base_span": [2053, 2058], "annotations": [{"nertag": "O"}]}, {"base_span": [2059, 2061], "annotations": [{"nertag": "O"}]}, {"base_span": [2062, 2065], "annotations": [{"nertag": "O"}]}, {"base_span": [2066, 2072], "annotations": [{"nertag": "O"}]}, {"base_span": [2073, 2077], "annotations": [{"nertag": "O"}]}, {"base_span": [2078, 2085], "annotations": [{"nertag": "O"}]}, {"base_span": [2085, 2086], "annotations": [{"nertag": "O"}]}, {"base_span": [2087, 2089], "annotations": [{"nertag": "O"}]}, {"base_span": [2090, 2092], "annotations": [{"nertag": "O"}]}, {"base_span": [2093, 2103], "annotations": [{"nertag": "O"}]}, {"base_span": [2104, 2107], "annotations": [{"nertag": "O"}]}, {"base_span": [2108, 2114], "annotations": [{"nertag": "O"}]}, {"base_span": [2114, 2115], "annotations": [{"nertag": "O"}]}, {"base_span": [2125, 2131], "annotations": [{"nertag": "O"}]}, {"base_span": [2131, 2132], "annotations": [{"nertag": "O"}]}, {"base_span": [2133, 2137], "annotations": [{"nertag": "B-PER"}]}, {"base_span": [2138, 2144], "annotations": [{"nertag": "I-PER"}]}, {"base_span": [2145, 2149], "annotations": [{"nertag": "O"}]}, {"base_span": [2150, 2151], "annotations": [{"nertag": "O"}]}, {"base_span": [2152, 2157], "annotations": [{"nertag": "O"}]}, {"base_span": [2158, 2162], "annotations": [{"nertag": "O"}]}, {"base_span": [2163, 2171], "annotations": [{"nertag": "B-PER"}]}, {"base_span": [2172, 2182], "annotations": [{"nertag": "I-PER"}]}, {"base_span": [2183, 2192], "annotations": [{"nertag": "O"}]}, {"base_span": [2193, 2198], "annotations": [{"nertag": "O"}]}, {"base_span": [2199, 2207], "annotations": [{"nertag": "O"}]}, {"base_span": [2208, 2218], "annotations": [{"nertag": "O"}]}, {"base_span": [2219, 2224], "annotations": [{"nertag": "O"}]}, {"base_span": [2225, 2228], "annotations": [{"nertag": "O"}]}, {"base_span": [2229, 2238], "annotations": [{"nertag": "O"}]}, {"base_span": [2239, 2240], "annotations": [{"nertag": "O"}]}, {"base_span": [2240, 2241], "annotations": [{"nertag": "O"}]}, {"base_span": [2241, 2242], "annotations": [{"nertag": "O"}]}, {"base_span": [2242, 2243], "annotations": [{"nertag": "O"}]}, {"base_span": [2244, 2246], "annotations": [{"nertag": "O"}]}, {"base_span": [2246, 2247], "annotations": [{"nertag": "O"}]}, {"base_span": [2248, 2251], "annotations": [{"nertag": "O"}]}, {"base_span": [2252, 2257], "annotations": [{"nertag": "O"}]}, {"base_span": [2258, 2259], "annotations": [{"nertag": "O"}]}, {"base_span": [2260, 2264], "annotations": [{"nertag": "O"}]}, {"base_span": [2265, 2266], "annotations": [{"nertag": "O"}]}, {"base_span": [2267, 2269], "annotations": [{"nertag": "O"}]}, {"base_span": [2270, 2271], "annotations": [{"nertag": "O"}]}, {"base_span": [2272, 2276], "annotations": [{"nertag": "O"}]}, {"base_span": [2277, 2279], "annotations": [{"nertag": "O"}]}, {"base_span": [2280, 2286], "annotations": [{"nertag": "O"}]}, {"base_span": [2287, 2290], "annotations": [{"nertag": "O"}]}, {"base_span": [2291, 2294], "annotations": [{"nertag": "O"}]}, {"base_span": [2294, 2295], "annotations": [{"nertag": "O"}]}, {"base_span": [2296, 2298], "annotations": [{"nertag": "O"}]}, {"base_span": [2299, 2302], "annotations": [{"nertag": "O"}]}, {"base_span": [2302, 2303], "annotations": [{"nertag": "O"}]}, {"base_span": [2304, 2315], "annotations": [{"nertag": "O"}]}, {"base_span": [2315, 2316], "annotations": [{"nertag": "O"}]}, {"base_span": [2317, 2320], "annotations": [{"nertag": "O"}]}, {"base_span": [2321, 2326], "annotations": [{"nertag": "O"}]}, {"base_span": [2327, 2328], "annotations": [{"nertag": "O"}]}, {"base_span": [2329, 2331], "annotations": [{"nertag": "O"}]}, {"base_span": [2332, 2334], "annotations": [{"nertag": "O"}]}, {"base_span": [2335, 2339], "annotations": [{"nertag": "O"}]}, {"base_span": [2340, 2345], "annotations": [{"nertag": "O"}]}, {"base_span": [2346, 2351], "annotations": [{"nertag": "O"}]}, {"base_span": [2352, 2359], "annotations": [{"nertag": "O"}]}, {"base_span": [2360, 2366], "annotations": [{"nertag": "O"}]}, {"base_span": [2367, 2374], "annotations": [{"nertag": "O"}]}, {"base_span": [2375, 2382], "annotations": [{"nertag": "O"}]}, {"base_span": [2382, 2383], "annotations": [{"nertag": "O"}]}, {"base_span": [2385, 2393], "annotations": [{"nertag": "B-PER"}]}, {"base_span": [2394, 2401], "annotations": [{"nertag": "I-PER"}]}, {"base_span": [2402, 2406], "annotations": [{"nertag": "O"}]}, {"base_span": [2407, 2411], "annotations": [{"nertag": "B-PER"}]}, {"base_span": [2412, 2421], "annotations": [{"nertag": "I-PER"}]}, {"base_span": [2422, 2429], "annotations": [{"nertag": "O"}]}, {"base_span": [2430, 2437], "annotations": [{"nertag": "O"}]}, {"base_span": [2438, 2443], "annotations": [{"nertag": "O"}]}, {"base_span": [2443, 2444], "annotations": [{"nertag": "O"}]}, {"base_span": [2445, 2448], "annotations": [{"nertag": "O"}]}, {"base_span": [2449, 2454], "annotations": [{"nertag": "O"}]}, {"base_span": [2455, 2460], "annotations": [{"nertag": "O"}]}, {"base_span": [2461, 2467], "annotations": [{"nertag": "O"}]}, {"base_span": [2468, 2472], "annotations": [{"nertag": "O"}]}, {"base_span": [2473, 2482], "annotations": [{"nertag": "O"}]}, {"base_span": [2483, 2485], "annotations": [{"nertag": "O"}]}, {"base_span": [2485, 2486], "annotations": [{"nertag": "O"}]}, {"base_span": [2487, 2490], "annotations": [{"nertag": "O"}]}, {"base_span": [2491, 2494], "annotations": [{"nertag": "O"}]}, {"base_span": [2494, 2495], "annotations": [{"nertag": "O"}]}, {"base_span": [2496, 2505], "annotations": [{"nertag": "O"}]}, {"base_span": [2506, 2509], "annotations": [{"nertag": "O"}]}, {"base_span": [2510, 2514], "annotations": [{"nertag": "O"}]}, {"base_span": [2515, 2518], "annotations": [{"nertag": "O"}]}, {"base_span": [2519, 2525], "annotations": [{"nertag": "O"}]}, {"base_span": [2525, 2526], "annotations": [{"nertag": "O"}]}, {"base_span": [2527, 2530], "annotations": [{"nertag": "O"}]}, {"base_span": [2531, 2536], "annotations": [{"nertag": "O"}]}, {"base_span": [2537, 2542], "annotations": [{"nertag": "B-PER"}]}, {"base_span": [2542, 2543], "annotations": [{"nertag": "I-PER"}]}, {"base_span": [2544, 2553], "annotations": [{"nertag": "I-PER"}]}, {"base_span": [2554, 2558], "annotations": [{"nertag": "O"}]}, {"base_span": [2559, 2562], "annotations": [{"nertag": "O"}]}, {"base_span": [2563, 2566], "annotations": [{"nertag": "O"}]}, {"base_span": [2566, 2567], "annotations": [{"nertag": "O"}]}, {"base_span": [2568, 2570], "annotations": [{"nertag": "O"}]}, {"base_span": [2571, 2574], "annotations": [{"nertag": "O"}]}, {"base_span": [2574, 2575], "annotations": [{"nertag": "O"}]}, {"base_span": [2576, 2580], "annotations": [{"nertag": "B-PER"}]}, {"base_span": [2581, 2590], "annotations": [{"nertag": "I-PER"}]}, {"base_span": [2591, 2596], "annotations": [{"nertag": "O"}]}, {"base_span": [2597, 2599], "annotations": [{"nertag": "O"}]}, {"base_span": [2599, 2600], "annotations": [{"nertag": "O"}]}, {"base_span": [2601, 2605], "annotations": [{"nertag": "O"}]}, {"base_span": [2606, 2613], "annotations": [{"nertag": "B-PER"}]}, {"base_span": [2614, 2623], "annotations": [{"nertag": "O"}]}, {"base_span": [2624, 2626], "annotations": [{"nertag": "O"}]}, {"base_span": [2627, 2634], "annotations": [{"nertag": "O"}]}, {"base_span": [2635, 2642], "annotations": [{"nertag": "O"}]}, {"base_span": [2642, 2643], "annotations": [{"nertag": "O"}]}, {"base_span": [2644, 2651], "annotations": [{"nertag": "O"}]}, {"base_span": [2652, 2656], "annotations": [{"nertag": "O"}]}, {"base_span": [2657, 2665], "annotations": [{"nertag": "B-PER"}]}, {"base_span": [2666, 2673], "annotations": [{"nertag": "I-PER"}]}, {"base_span": [2674, 2679], "annotations": [{"nertag": "O"}]}, {"base_span": [2680, 2687], "annotations": [{"nertag": "O"}]}, {"base_span": [2688, 2696], "annotations": [{"nertag": "O"}]}, {"base_span": [2697, 2704], "annotations": [{"nertag": "O"}]}, {"base_span": [2705, 2710], "annotations": [{"nertag": "O"}]}, {"base_span": [2711, 2714], "annotations": [{"nertag": "O"}]}, {"base_span": [2715, 2718], "annotations": [{"nertag": "O"}]}, {"base_span": [2718, 2719], "annotations": [{"nertag": "O"}]}, {"base_span": [2720, 2729], "annotations": [{"nertag": "O"}]}, {"base_span": [2730, 2735], "annotations": [{"nertag": "O"}]}, {"base_span": [2736, 2741], "annotations": [{"nertag": "O"}]}, {"base_span": [2742, 2746], "annotations": [{"nertag": "B-PER"}]}, {"base_span": [2747, 2754], "annotations": [{"nertag": "I-PER"}]}, {"base_span": [2755, 2760], "annotations": [{"nertag": "O"}]}, {"base_span": [2761, 2766], "annotations": [{"nertag": "O"}]}, {"base_span": [2767, 2773], "annotations": [{"nertag": "O"}]}, {"base_span": [2773, 2774], "annotations": [{"nertag": "O"}]}, {"base_span": [2775, 2778], "annotations": [{"nertag": "O"}]}, {"base_span": [2779, 2784], "annotations": [{"nertag": "O"}]}, {"base_span": [2785, 2789], "annotations": [{"nertag": "B-PER"}]}, {"base_span": [2790, 2796], "annotations": [{"nertag": "I-PER"}]}, {"base_span": [2797, 2807], "annotations": [{"nertag": "O"}]}, {"base_span": [2808, 2810], "annotations": [{"nertag": "O"}]}, {"base_span": [2811, 2821], "annotations": [{"nertag": "O"}]}, {"base_span": [2822, 2826], "annotations": [{"nertag": "O"}]}, {"base_span": [2827, 2836], "annotations": [{"nertag": "O"}]}, {"base_span": [2837, 2839], "annotations": [{"nertag": "O"}]}, {"base_span": [2840, 2844], "annotations": [{"nertag": "O"}]}, {"base_span": [2845, 2854], "annotations": [{"nertag": "O"}]}, {"base_span": [2855, 2860], "annotations": [{"nertag": "O"}]}, {"base_span": [2861, 2866], "annotations": [{"nertag": "O"}]}, {"base_span": [2867, 2877], "annotations": [{"nertag": "O"}]}, {"base_span": [2878, 2883], "annotations": [{"nertag": "O"}]}, {"base_span": [2884, 2888], "annotations": [{"nertag": "O"}]}, {"base_span": [2888, 2889], "annotations": [{"nertag": "O"}]}, {"base_span": [2890, 2893], "annotations": [{"nertag": "O"}]}, {"base_span": [2894, 2899], "annotations": [{"nertag": "O"}]}, {"base_span": [2900, 2906], "annotations": [{"nertag": "O"}]}, {"base_span": [2907, 2912], "annotations": [{"nertag": "O"}]}, {"base_span": [2913, 2918], "annotations": [{"nertag": "O"}]}, {"base_span": [2919, 2924], "annotations": [{"nertag": "O"}]}, {"base_span": [2925, 2931], "annotations": [{"nertag": "O"}]}, {"base_span": [2932, 2934], "annotations": [{"nertag": "O"}]}, {"base_span": [2934, 2935], "annotations": [{"nertag": "O"}]}, {"base_span": [2937, 2943], "annotations": [{"nertag": "O"}]}, {"base_span": [2944, 2947], "annotations": [{"nertag": "O"}]}, {"base_span": [2948, 2962], "annotations": [{"nertag": "O"}]}, {"base_span": [2963, 2964], "annotations": [{"nertag": "B-MISC"}]}, {"base_span": [2964, 2965], "annotations": [{"nertag": "I-MISC"}]}, {"base_span": [2965, 2966], "annotations": [{"nertag": "I-MISC"}]}, {"base_span": [2966, 2967], "annotations": [{"nertag": "I-MISC"}]}, {"base_span": [2967, 2968], "annotations": [{"nertag": "I-MISC"}]}, {"base_span": [2969, 2974], "annotations": [{"nertag": "O"}]}, {"base_span": [2975, 2976], "annotations": [{"nertag": "O"}]}, {"base_span": [2976, 2977], "annotations": [{"nertag": "O"}]}, {"base_span": [2978, 2982], "annotations": [{"nertag": "O"}]}, {"base_span": [2983, 2984], "annotations": [{"nertag": "O"}]}, {"base_span": [2984, 2987], "annotations": [{"nertag": "O"}]}, {"base_span": [2988, 2992], "annotations": [{"nertag": "O"}]}, {"base_span": [2993, 2996], "annotations": [{"nertag": "O"}]}, {"base_span": [2997, 3007], "annotations": [{"nertag": "O"}]}, {"base_span": [3008, 3010], "annotations": [{"nertag": "O"}]}, {"base_span": [3011, 3013], "annotations": [{"nertag": "O"}]}, {"base_span": [3014, 3019], "annotations": [{"nertag": "O"}]}, {"base_span": [3020, 3025], "annotations": [{"nertag": "O"}]}, {"base_span": [3026, 3028], "annotations": [{"nertag": "O"}]}, {"base_span": [3029, 3034], "annotations": [{"nertag": "O"}]}, {"base_span": [3034, 3035], "annotations": [{"nertag": "O"}]}, {"base_span": [3036, 3039], "annotations": [{"nertag": "O"}]}, {"base_span": [3040, 3048], "annotations": [{"nertag": "O"}]}, {"base_span": [3049, 3054], "annotations": [{"nertag": "O"}]}, {"base_span": [3055, 3060], "annotations": [{"nertag": "O"}]}, {"base_span": [3060, 3061], "annotations": [{"nertag": "O"}]}]}]}