{"text": "\nN 118. Ette tuli Johan Tiidu ja kaebas, et tema sulane Jaan Känk olla ilm tema lubata teenistusest ära läinud ja ei olla tema käsku tahtes täita wandudes ära läinud. kaubeldud pal olnud järgmine: 5 wakka rükki 5 waka keswi kartohwlid üks wak mah suuad üks paar pükse ja üks amed ja warraseemaha. Seda paluwat seletada ja selle ette 30 rubla sisse nõuda et suwiline kiige kibedamal ajal ära lainud. Kaewataw Jaan Känk wastas, et tema tülitsemise perast, et tema ei olla tahtnud peremehe tahtmist täitnud ja tööd teha, ära läinud. \n\nOtsus:\n\nEt Jaan Känk ei ole tahtnud peremehe käsku täita ja selle perast teenistusest ära läinud ja peab temaKäkk kaubeltud suwe palga ette 30 rubla Johan Tiidu hääks 8 pääwa sees siia sisse maksma, ehk teenistuse tagasi minema.\n\nOtsus sai sääduslikult kuulutud kaebajale ja kaewatawale.\n\nPeakohtumees: P. Soonberg\n\nKohtumees: J. Soosaar\n\nKohtumees: J. Titu\n\nKirjutaja Apsberg.\n\n\n", "meta": {"origin_directory": "vallakohus_neljas/"}, "layers": [{"name": "gold_ner", "attributes": ["nertag"], "parent": null, "enveloping": null, "ambiguous": false, "serialisation_module": null, "meta": {}, "spans": [{"base_span": [18, 29], "annotations": [{"nertag": "PER"}]}, {"base_span": [56, 65], "annotations": [{"nertag": "PER"}]}, {"base_span": [408, 417], "annotations": [{"nertag": "PER"}]}, {"base_span": [543, 552], "annotations": [{"nertag": "PER"}]}, {"base_span": [641, 645], "annotations": [{"nertag": "PER"}]}, {"base_span": [681, 692], "annotations": [{"nertag": "PER"}]}, {"base_span": [835, 846], "annotations": [{"nertag": "PER"}]}, {"base_span": [859, 869], "annotations": [{"nertag": "PER"}]}, {"base_span": [882, 889], "annotations": [{"nertag": "PER"}]}, {"base_span": [901, 908], "annotations": [{"nertag": "PER"}]}]}, {"name": "gold_wordner", "attributes": ["nertag"], "parent": null, "enveloping": null, "ambiguous": false, "serialisation_module": null, "meta": {}, "spans": [{"base_span": [1, 2], "annotations": [{"nertag": "O"}]}, {"base_span": [3, 7], "annotations": [{"nertag": "O"}]}, {"base_span": [8, 12], "annotations": [{"nertag": "O"}]}, {"base_span": [13, 17], "annotations": [{"nertag": "O"}]}, {"base_span": [18, 23], "annotations": [{"nertag": "B-PER"}]}, {"base_span": [24, 29], "annotations": [{"nertag": "I-PER"}]}, {"base_span": [30, 32], "annotations": [{"nertag": "O"}]}, {"base_span": [33, 39], "annotations": [{"nertag": "O"}]}, {"base_span": [39, 40], "annotations": [{"nertag": "O"}]}, {"base_span": [41, 43], "annotations": [{"nertag": "O"}]}, {"base_span": [44, 48], "annotations": [{"nertag": "O"}]}, {"base_span": [49, 55], "annotations": [{"nertag": "O"}]}, {"base_span": [56, 60], "annotations": [{"nertag": "B-PER"}]}, {"base_span": [61, 65], "annotations": [{"nertag": "I-PER"}]}, {"base_span": [66, 70], "annotations": [{"nertag": "O"}]}, {"base_span": [71, 74], "annotations": [{"nertag": "O"}]}, {"base_span": [75, 79], "annotations": [{"nertag": "O"}]}, {"base_span": [80, 86], "annotations": [{"nertag": "O"}]}, {"base_span": [87, 99], "annotations": [{"nertag": "O"}]}, {"base_span": [100, 103], "annotations": [{"nertag": "O"}]}, {"base_span": [104, 110], "annotations": [{"nertag": "O"}]}, {"base_span": [111, 113], "annotations": [{"nertag": "O"}]}, {"base_span": [114, 116], "annotations": [{"nertag": "O"}]}, {"base_span": [117, 121], "annotations": [{"nertag": "O"}]}, {"base_span": [122, 126], "annotations": [{"nertag": "O"}]}, {"base_span": [127, 132], "annotations": [{"nertag": "O"}]}, {"base_span": [133, 139], "annotations": [{"nertag": "O"}]}, {"base_span": [140, 145], "annotations": [{"nertag": "O"}]}, {"base_span": [146, 154], "annotations": [{"nertag": "O"}]}, {"base_span": [155, 158], "annotations": [{"nertag": "O"}]}, {"base_span": [159, 165], "annotations": [{"nertag": "O"}]}, {"base_span": [165, 166], "annotations": [{"nertag": "O"}]}, {"base_span": [167, 176], "annotations": [{"nertag": "O"}]}, {"base_span": [177, 180], "annotations": [{"nertag": "O"}]}, {"base_span": [181, 186], "annotations": [{"nertag": "O"}]}, {"base_span": [187, 195], "annotations": [{"nertag": "O"}]}, {"base_span": [195, 196], "annotations": [{"nertag": "O"}]}, {"base_span": [197, 198], "annotations": [{"nertag": "O"}]}, {"base_span": [199, 204], "annotations": [{"nertag": "O"}]}, {"base_span": [205, 210], "annotations": [{"nertag": "O"}]}, {"base_span": [211, 212], "annotations": [{"nertag": "O"}]}, {"base_span": [213, 217], "annotations": [{"nertag": "O"}]}, {"base_span": [218, 223], "annotations": [{"nertag": "O"}]}, {"base_span": [224, 234], "annotations": [{"nertag": "O"}]}, {"base_span": [235, 238], "annotations": [{"nertag": "O"}]}, {"base_span": [239, 242], "annotations": [{"nertag": "O"}]}, {"base_span": [243, 246], "annotations": [{"nertag": "O"}]}, {"base_span": [247, 252], "annotations": [{"nertag": "O"}]}, {"base_span": [253, 256], "annotations": [{"nertag": "O"}]}, {"base_span": [257, 261], "annotations": [{"nertag": "O"}]}, {"base_span": [262, 267], "annotations": [{"nertag": "O"}]}, {"base_span": [268, 270], "annotations": [{"nertag": "O"}]}, {"base_span": [271, 274], "annotations": [{"nertag": "O"}]}, {"base_span": [275, 279], "annotations": [{"nertag": "O"}]}, {"base_span": [280, 282], "annotations": [{"nertag": "O"}]}, {"base_span": [283, 295], "annotations": [{"nertag": "O"}]}, {"base_span": [295, 296], "annotations": [{"nertag": "O"}]}, {"base_span": [297, 301], "annotations": [{"nertag": "O"}]}, {"base_span": [302, 309], "annotations": [{"nertag": "O"}]}, {"base_span": [310, 318], "annotations": [{"nertag": "O"}]}, {"base_span": [319, 321], "annotations": [{"nertag": "O"}]}, {"base_span": [322, 327], "annotations": [{"nertag": "O"}]}, {"base_span": [328, 332], "annotations": [{"nertag": "O"}]}, {"base_span": [333, 335], "annotations": [{"nertag": "O"}]}, {"base_span": [336, 341], "annotations": [{"nertag": "O"}]}, {"base_span": [342, 347], "annotations": [{"nertag": "O"}]}, {"base_span": [348, 353], "annotations": [{"nertag": "O"}]}, {"base_span": [354, 356], "annotations": [{"nertag": "O"}]}, {"base_span": [357, 365], "annotations": [{"nertag": "O"}]}, {"base_span": [366, 371], "annotations": [{"nertag": "O"}]}, {"base_span": [372, 381], "annotations": [{"nertag": "O"}]}, {"base_span": [382, 386], "annotations": [{"nertag": "O"}]}, {"base_span": [387, 390], "annotations": [{"nertag": "O"}]}, {"base_span": [391, 397], "annotations": [{"nertag": "O"}]}, {"base_span": [397, 398], "annotations": [{"nertag": "O"}]}, {"base_span": [399, 407], "annotations": [{"nertag": "O"}]}, {"base_span": [408, 412], "annotations": [{"nertag": "B-PER"}]}, {"base_span": [413, 417], "annotations": [{"nertag": "I-PER"}]}, {"base_span": [418, 424], "annotations": [{"nertag": "O"}]}, {"base_span": [424, 425], "annotations": [{"nertag": "O"}]}, {"base_span": [426, 428], "annotations": [{"nertag": "O"}]}, {"base_span": [429, 433], "annotations": [{"nertag": "O"}]}, {"base_span": [434, 445], "annotations": [{"nertag": "O"}]}, {"base_span": [446, 452], "annotations": [{"nertag": "O"}]}, {"base_span": [452, 453], "annotations": [{"nertag": "O"}]}, {"base_span": [454, 456], "annotations": [{"nertag": "O"}]}, {"base_span": [457, 461], "annotations": [{"nertag": "O"}]}, {"base_span": [462, 464], "annotations": [{"nertag": "O"}]}, {"base_span": [465, 469], "annotations": [{"nertag": "O"}]}, {"base_span": [470, 477], "annotations": [{"nertag": "O"}]}, {"base_span": [478, 486], "annotations": [{"nertag": "O"}]}, {"base_span": [487, 495], "annotations": [{"nertag": "O"}]}, {"base_span": [496, 503], "annotations": [{"nertag": "O"}]}, {"base_span": [504, 506], "annotations": [{"nertag": "O"}]}, {"base_span": [507, 511], "annotations": [{"nertag": "O"}]}, {"base_span": [512, 516], "annotations": [{"nertag": "O"}]}, {"base_span": [516, 517], "annotations": [{"nertag": "O"}]}, {"base_span": [518, 521], "annotations": [{"nertag": "O"}]}, {"base_span": [522, 528], "annotations": [{"nertag": "O"}]}, {"base_span": [528, 529], "annotations": [{"nertag": "O"}]}, {"base_span": [532, 537], "annotations": [{"nertag": "O"}]}, {"base_span": [537, 538], "annotations": [{"nertag": "O"}]}, {"base_span": [540, 542], "annotations": [{"nertag": "O"}]}, {"base_span": [543, 547], "annotations": [{"nertag": "B-PER"}]}, {"base_span": [548, 552], "annotations": [{"nertag": "I-PER"}]}, {"base_span": [553, 555], "annotations": [{"nertag": "O"}]}, {"base_span": [556, 559], "annotations": [{"nertag": "O"}]}, {"base_span": [560, 567], "annotations": [{"nertag": "O"}]}, {"base_span": [568, 576], "annotations": [{"nertag": "O"}]}, {"base_span": [577, 582], "annotations": [{"nertag": "O"}]}, {"base_span": [583, 588], "annotations": [{"nertag": "O"}]}, {"base_span": [589, 591], "annotations": [{"nertag": "O"}]}, {"base_span": [592, 597], "annotations": [{"nertag": "O"}]}, {"base_span": [598, 604], "annotations": [{"nertag": "O"}]}, {"base_span": [605, 617], "annotations": [{"nertag": "O"}]}, {"base_span": [618, 621], "annotations": [{"nertag": "O"}]}, {"base_span": [622, 628], "annotations": [{"nertag": "O"}]}, {"base_span": [629, 631], "annotations": [{"nertag": "O"}]}, {"base_span": [632, 636], "annotations": [{"nertag": "O"}]}, {"base_span": [637, 641], "annotations": [{"nertag": "O"}]}, {"base_span": [641, 645], "annotations": [{"nertag": "B-PER"}]}, {"base_span": [646, 655], "annotations": [{"nertag": "O"}]}, {"base_span": [656, 660], "annotations": [{"nertag": "O"}]}, {"base_span": [661, 666], "annotations": [{"nertag": "O"}]}, {"base_span": [667, 671], "annotations": [{"nertag": "O"}]}, {"base_span": [672, 674], "annotations": [{"nertag": "O"}]}, {"base_span": [675, 680], "annotations": [{"nertag": "O"}]}, {"base_span": [681, 686], "annotations": [{"nertag": "B-PER"}]}, {"base_span": [687, 692], "annotations": [{"nertag": "I-PER"}]}, {"base_span": [693, 698], "annotations": [{"nertag": "O"}]}, {"base_span": [699, 700], "annotations": [{"nertag": "O"}]}, {"base_span": [701, 706], "annotations": [{"nertag": "O"}]}, {"base_span": [707, 711], "annotations": [{"nertag": "O"}]}, {"base_span": [712, 716], "annotations": [{"nertag": "O"}]}, {"base_span": [717, 722], "annotations": [{"nertag": "O"}]}, {"base_span": [723, 729], "annotations": [{"nertag": "O"}]}, {"base_span": [729, 730], "annotations": [{"nertag": "O"}]}, {"base_span": [731, 734], "annotations": [{"nertag": "O"}]}, {"base_span": [735, 745], "annotations": [{"nertag": "O"}]}, {"base_span": [746, 752], "annotations": [{"nertag": "O"}]}, {"base_span": [753, 759], "annotations": [{"nertag": "O"}]}, {"base_span": [759, 760], "annotations": [{"nertag": "O"}]}, {"base_span": [762, 767], "annotations": [{"nertag": "O"}]}, {"base_span": [768, 771], "annotations": [{"nertag": "O"}]}, {"base_span": [772, 784], "annotations": [{"nertag": "O"}]}, {"base_span": [785, 793], "annotations": [{"nertag": "O"}]}, {"base_span": [794, 803], "annotations": [{"nertag": "O"}]}, {"base_span": [804, 806], "annotations": [{"nertag": "O"}]}, {"base_span": [807, 818], "annotations": [{"nertag": "O"}]}, {"base_span": [818, 819], "annotations": [{"nertag": "O"}]}, {"base_span": [821, 833], "annotations": [{"nertag": "O"}]}, {"base_span": [833, 834], "annotations": [{"nertag": "O"}]}, {"base_span": [835, 836], "annotations": [{"nertag": "B-PER"}]}, {"base_span": [836, 837], "annotations": [{"nertag": "I-PER"}]}, {"base_span": [838, 846], "annotations": [{"nertag": "I-PER"}]}, {"base_span": [848, 857], "annotations": [{"nertag": "O"}]}, {"base_span": [857, 858], "annotations": [{"nertag": "O"}]}, {"base_span": [859, 860], "annotations": [{"nertag": "B-PER"}]}, {"base_span": [860, 861], "annotations": [{"nertag": "I-PER"}]}, {"base_span": [862, 869], "annotations": [{"nertag": "I-PER"}]}, {"base_span": [871, 880], "annotations": [{"nertag": "O"}]}, {"base_span": [880, 881], "annotations": [{"nertag": "O"}]}, {"base_span": [882, 883], "annotations": [{"nertag": "B-PER"}]}, {"base_span": [883, 884], "annotations": [{"nertag": "I-PER"}]}, {"base_span": [885, 889], "annotations": [{"nertag": "I-PER"}]}, {"base_span": [891, 900], "annotations": [{"nertag": "O"}]}, {"base_span": [901, 908], "annotations": [{"nertag": "B-PER"}]}, {"base_span": [908, 909], "annotations": [{"nertag": "O"}]}]}]}