{"text": "\nKaibas Walgesoo Mölder August Kohler et Soldat Hindrik Täll on tedda Horapälikus sõimanu nink lubanu temma Suggu ärrahäotada, ja andis Tunnistagis ülles: Johan Plado ja Jaan Kahha Wanna-Koiolast.\n\nJohan Plado ja Jaan Kahha küssitud, wastotasid, et nemma ommawa küll kuuldnu, et Hindrik Täll on August Kohlerit niida wiisi sõimanu.\n\nHindrik Täll ettekutstutud, wabbandas, et temma sest middagi ei tia, ja kui se siiski on sündinu, sis temma sedda on jobuni Pääga üttelnu; ent et August Kohler allati Walgeso Körtzimehhe tütriko man makkab on õige.\n\nAugust Kohler wastotas küssimisse päle, et se om küll ette tulnud nink temma arwata kümme ööd om selle tütriko man magganu.\n\nSai moistetud: August Kohlerit omma tühja Kaibamissega Kohhut käuwa ärrakeelda.\n\nSe Moistminne sai kulutud, ja ütteldut, mis tullep tähhele panda kui Kohhud tahhap eddessi käwwa.\n\nJaan Raud XXX Hindrik Torg XXX Jaan Sulbi XXX \n\nJosep Adoson XXX Peter Kutzari XXX\n\n\n", "meta": {"origin_directory": "vallakohus_neljas/"}, "layers": [{"name": "gold_ner", "attributes": ["nertag"], "parent": null, "enveloping": null, "ambiguous": false, "serialisation_module": null, "meta": {}, "spans": [{"base_span": [8, 16], "annotations": [{"nertag": "LOC"}]}, {"base_span": [24, 37], "annotations": [{"nertag": "PER"}]}, {"base_span": [48, 60], "annotations": [{"nertag": "PER"}]}, {"base_span": [155, 166], "annotations": [{"nertag": "PER"}]}, {"base_span": [170, 180], "annotations": [{"nertag": "PER"}]}, {"base_span": [181, 195], "annotations": [{"nertag": "LOC"}]}, {"base_span": [198, 209], "annotations": [{"nertag": "PER"}]}, {"base_span": [213, 223], "annotations": [{"nertag": "PER"}]}, {"base_span": [279, 291], "annotations": [{"nertag": "PER"}]}, {"base_span": [295, 310], "annotations": [{"nertag": "PER"}]}, {"base_span": [333, 345], "annotations": [{"nertag": "PER"}]}, {"base_span": [479, 492], "annotations": [{"nertag": "PER"}]}, {"base_span": [500, 507], "annotations": [{"nertag": "LOC"}]}, {"base_span": [549, 562], "annotations": [{"nertag": "PER"}]}, {"base_span": [689, 704], "annotations": [{"nertag": "PER"}]}, {"base_span": [854, 863], "annotations": [{"nertag": "PER"}]}, {"base_span": [868, 880], "annotations": [{"nertag": "PER"}]}, {"base_span": [885, 895], "annotations": [{"nertag": "PER"}]}, {"base_span": [902, 914], "annotations": [{"nertag": "PER"}]}, {"base_span": [919, 932], "annotations": [{"nertag": "PER"}]}]}, {"name": "gold_wordner", "attributes": ["nertag"], "parent": null, "enveloping": null, "ambiguous": false, "serialisation_module": null, "meta": {}, "spans": [{"base_span": [1, 7], "annotations": [{"nertag": "O"}]}, {"base_span": [8, 16], "annotations": [{"nertag": "B-LOC"}]}, {"base_span": [17, 23], "annotations": [{"nertag": "O"}]}, {"base_span": [24, 30], "annotations": [{"nertag": "B-PER"}]}, {"base_span": [31, 37], "annotations": [{"nertag": "I-PER"}]}, {"base_span": [38, 40], "annotations": [{"nertag": "O"}]}, {"base_span": [41, 47], "annotations": [{"nertag": "O"}]}, {"base_span": [48, 55], "annotations": [{"nertag": "B-PER"}]}, {"base_span": [56, 60], "annotations": [{"nertag": "I-PER"}]}, {"base_span": [61, 63], "annotations": [{"nertag": "O"}]}, {"base_span": [64, 69], "annotations": [{"nertag": "O"}]}, {"base_span": [70, 81], "annotations": [{"nertag": "O"}]}, {"base_span": [82, 89], "annotations": [{"nertag": "O"}]}, {"base_span": [90, 94], "annotations": [{"nertag": "O"}]}, {"base_span": [95, 101], "annotations": [{"nertag": "O"}]}, {"base_span": [102, 107], "annotations": [{"nertag": "O"}]}, {"base_span": [108, 113], "annotations": [{"nertag": "O"}]}, {"base_span": [114, 125], "annotations": [{"nertag": "O"}]}, {"base_span": [125, 126], "annotations": [{"nertag": "O"}]}, {"base_span": [127, 129], "annotations": [{"nertag": "O"}]}, {"base_span": [130, 135], "annotations": [{"nertag": "O"}]}, {"base_span": [136, 147], "annotations": [{"nertag": "O"}]}, {"base_span": [148, 153], "annotations": [{"nertag": "O"}]}, {"base_span": [153, 154], "annotations": [{"nertag": "O"}]}, {"base_span": [155, 160], "annotations": [{"nertag": "B-PER"}]}, {"base_span": [161, 166], "annotations": [{"nertag": "I-PER"}]}, {"base_span": [167, 169], "annotations": [{"nertag": "O"}]}, {"base_span": [170, 174], "annotations": [{"nertag": "B-PER"}]}, {"base_span": [175, 180], "annotations": [{"nertag": "I-PER"}]}, {"base_span": [181, 186], "annotations": [{"nertag": "B-LOC"}]}, {"base_span": [186, 187], "annotations": [{"nertag": "I-LOC"}]}, {"base_span": [187, 195], "annotations": [{"nertag": "I-LOC"}]}, {"base_span": [195, 196], "annotations": [{"nertag": "O"}]}, {"base_span": [198, 203], "annotations": [{"nertag": "B-PER"}]}, {"base_span": [204, 209], "annotations": [{"nertag": "I-PER"}]}, {"base_span": [210, 212], "annotations": [{"nertag": "O"}]}, {"base_span": [213, 217], "annotations": [{"nertag": "B-PER"}]}, {"base_span": [218, 223], "annotations": [{"nertag": "I-PER"}]}, {"base_span": [224, 232], "annotations": [{"nertag": "O"}]}, {"base_span": [232, 233], "annotations": [{"nertag": "O"}]}, {"base_span": [234, 244], "annotations": [{"nertag": "O"}]}, {"base_span": [244, 245], "annotations": [{"nertag": "O"}]}, {"base_span": [246, 248], "annotations": [{"nertag": "O"}]}, {"base_span": [249, 254], "annotations": [{"nertag": "O"}]}, {"base_span": [255, 261], "annotations": [{"nertag": "O"}]}, {"base_span": [262, 266], "annotations": [{"nertag": "O"}]}, {"base_span": [267, 274], "annotations": [{"nertag": "O"}]}, {"base_span": [274, 275], "annotations": [{"nertag": "O"}]}, {"base_span": [276, 278], "annotations": [{"nertag": "O"}]}, {"base_span": [279, 286], "annotations": [{"nertag": "B-PER"}]}, {"base_span": [287, 291], "annotations": [{"nertag": "I-PER"}]}, {"base_span": [292, 294], "annotations": [{"nertag": "O"}]}, {"base_span": [295, 301], "annotations": [{"nertag": "B-PER"}]}, {"base_span": [302, 310], "annotations": [{"nertag": "I-PER"}]}, {"base_span": [311, 316], "annotations": [{"nertag": "O"}]}, {"base_span": [317, 322], "annotations": [{"nertag": "O"}]}, {"base_span": [323, 330], "annotations": [{"nertag": "O"}]}, {"base_span": [330, 331], "annotations": [{"nertag": "O"}]}, {"base_span": [333, 340], "annotations": [{"nertag": "B-PER"}]}, {"base_span": [341, 345], "annotations": [{"nertag": "I-PER"}]}, {"base_span": [346, 359], "annotations": [{"nertag": "O"}]}, {"base_span": [359, 360], "annotations": [{"nertag": "O"}]}, {"base_span": [361, 370], "annotations": [{"nertag": "O"}]}, {"base_span": [370, 371], "annotations": [{"nertag": "O"}]}, {"base_span": [372, 374], "annotations": [{"nertag": "O"}]}, {"base_span": [375, 380], "annotations": [{"nertag": "O"}]}, {"base_span": [381, 385], "annotations": [{"nertag": "O"}]}, {"base_span": [386, 393], "annotations": [{"nertag": "O"}]}, {"base_span": [394, 396], "annotations": [{"nertag": "O"}]}, {"base_span": [397, 400], "annotations": [{"nertag": "O"}]}, {"base_span": [400, 401], "annotations": [{"nertag": "O"}]}, {"base_span": [402, 404], "annotations": [{"nertag": "O"}]}, {"base_span": [405, 408], "annotations": [{"nertag": "O"}]}, {"base_span": [409, 411], "annotations": [{"nertag": "O"}]}, {"base_span": [412, 418], "annotations": [{"nertag": "O"}]}, {"base_span": [419, 421], "annotations": [{"nertag": "O"}]}, {"base_span": [422, 429], "annotations": [{"nertag": "O"}]}, {"base_span": [429, 430], "annotations": [{"nertag": "O"}]}, {"base_span": [431, 434], "annotations": [{"nertag": "O"}]}, {"base_span": [435, 440], "annotations": [{"nertag": "O"}]}, {"base_span": [441, 446], "annotations": [{"nertag": "O"}]}, {"base_span": [447, 449], "annotations": [{"nertag": "O"}]}, {"base_span": [450, 456], "annotations": [{"nertag": "O"}]}, {"base_span": [457, 462], "annotations": [{"nertag": "O"}]}, {"base_span": [463, 470], "annotations": [{"nertag": "O"}]}, {"base_span": [470, 471], "annotations": [{"nertag": "O"}]}, {"base_span": [472, 475], "annotations": [{"nertag": "O"}]}, {"base_span": [476, 478], "annotations": [{"nertag": "O"}]}, {"base_span": [479, 485], "annotations": [{"nertag": "B-PER"}]}, {"base_span": [486, 492], "annotations": [{"nertag": "I-PER"}]}, {"base_span": [493, 499], "annotations": [{"nertag": "O"}]}, {"base_span": [500, 507], "annotations": [{"nertag": "B-LOC"}]}, {"base_span": [508, 519], "annotations": [{"nertag": "O"}]}, {"base_span": [520, 527], "annotations": [{"nertag": "O"}]}, {"base_span": [528, 531], "annotations": [{"nertag": "O"}]}, {"base_span": [532, 538], "annotations": [{"nertag": "O"}]}, {"base_span": [539, 541], "annotations": [{"nertag": "O"}]}, {"base_span": [542, 546], "annotations": [{"nertag": "O"}]}, {"base_span": [546, 547], "annotations": [{"nertag": "O"}]}, {"base_span": [549, 555], "annotations": [{"nertag": "B-PER"}]}, {"base_span": [556, 562], "annotations": [{"nertag": "I-PER"}]}, {"base_span": [563, 571], "annotations": [{"nertag": "O"}]}, {"base_span": [572, 582], "annotations": [{"nertag": "O"}]}, {"base_span": [583, 587], "annotations": [{"nertag": "O"}]}, {"base_span": [587, 588], "annotations": [{"nertag": "O"}]}, {"base_span": [589, 591], "annotations": [{"nertag": "O"}]}, {"base_span": [592, 594], "annotations": [{"nertag": "O"}]}, {"base_span": [595, 597], "annotations": [{"nertag": "O"}]}, {"base_span": [598, 602], "annotations": [{"nertag": "O"}]}, {"base_span": [603, 607], "annotations": [{"nertag": "O"}]}, {"base_span": [608, 614], "annotations": [{"nertag": "O"}]}, {"base_span": [615, 619], "annotations": [{"nertag": "O"}]}, {"base_span": [620, 625], "annotations": [{"nertag": "O"}]}, {"base_span": [626, 632], "annotations": [{"nertag": "O"}]}, {"base_span": [633, 638], "annotations": [{"nertag": "O"}]}, {"base_span": [639, 642], "annotations": [{"nertag": "O"}]}, {"base_span": [643, 645], "annotations": [{"nertag": "O"}]}, {"base_span": [646, 651], "annotations": [{"nertag": "O"}]}, {"base_span": [652, 659], "annotations": [{"nertag": "O"}]}, {"base_span": [660, 663], "annotations": [{"nertag": "O"}]}, {"base_span": [664, 671], "annotations": [{"nertag": "O"}]}, {"base_span": [671, 672], "annotations": [{"nertag": "O"}]}, {"base_span": [674, 677], "annotations": [{"nertag": "O"}]}, {"base_span": [678, 687], "annotations": [{"nertag": "O"}]}, {"base_span": [687, 688], "annotations": [{"nertag": "O"}]}, {"base_span": [689, 695], "annotations": [{"nertag": "B-PER"}]}, {"base_span": [696, 704], "annotations": [{"nertag": "I-PER"}]}, {"base_span": [705, 709], "annotations": [{"nertag": "O"}]}, {"base_span": [710, 715], "annotations": [{"nertag": "O"}]}, {"base_span": [716, 728], "annotations": [{"nertag": "O"}]}, {"base_span": [729, 735], "annotations": [{"nertag": "O"}]}, {"base_span": [736, 741], "annotations": [{"nertag": "O"}]}, {"base_span": [742, 752], "annotations": [{"nertag": "O"}]}, {"base_span": [752, 753], "annotations": [{"nertag": "O"}]}, {"base_span": [755, 757], "annotations": [{"nertag": "O"}]}, {"base_span": [758, 768], "annotations": [{"nertag": "O"}]}, {"base_span": [769, 772], "annotations": [{"nertag": "O"}]}, {"base_span": [773, 780], "annotations": [{"nertag": "O"}]}, {"base_span": [780, 781], "annotations": [{"nertag": "O"}]}, {"base_span": [782, 784], "annotations": [{"nertag": "O"}]}, {"base_span": [785, 793], "annotations": [{"nertag": "O"}]}, {"base_span": [793, 794], "annotations": [{"nertag": "O"}]}, {"base_span": [795, 798], "annotations": [{"nertag": "O"}]}, {"base_span": [799, 805], "annotations": [{"nertag": "O"}]}, {"base_span": [806, 813], "annotations": [{"nertag": "O"}]}, {"base_span": [814, 819], "annotations": [{"nertag": "O"}]}, {"base_span": [820, 823], "annotations": [{"nertag": "O"}]}, {"base_span": [824, 830], "annotations": [{"nertag": "O"}]}, {"base_span": [831, 837], "annotations": [{"nertag": "O"}]}, {"base_span": [838, 845], "annotations": [{"nertag": "O"}]}, {"base_span": [846, 851], "annotations": [{"nertag": "O"}]}, {"base_span": [851, 852], "annotations": [{"nertag": "O"}]}, {"base_span": [854, 858], "annotations": [{"nertag": "B-PER"}]}, {"base_span": [859, 863], "annotations": [{"nertag": "I-PER"}]}, {"base_span": [864, 867], "annotations": [{"nertag": "O"}]}, {"base_span": [868, 875], "annotations": [{"nertag": "B-PER"}]}, {"base_span": [876, 880], "annotations": [{"nertag": "I-PER"}]}, {"base_span": [881, 884], "annotations": [{"nertag": "O"}]}, {"base_span": [885, 889], "annotations": [{"nertag": "B-PER"}]}, {"base_span": [890, 895], "annotations": [{"nertag": "I-PER"}]}, {"base_span": [896, 899], "annotations": [{"nertag": "O"}]}, {"base_span": [902, 907], "annotations": [{"nertag": "B-PER"}]}, {"base_span": [908, 914], "annotations": [{"nertag": "I-PER"}]}, {"base_span": [915, 918], "annotations": [{"nertag": "O"}]}, {"base_span": [919, 924], "annotations": [{"nertag": "B-PER"}]}, {"base_span": [925, 932], "annotations": [{"nertag": "I-PER"}]}, {"base_span": [933, 936], "annotations": [{"nertag": "O"}]}]}]}