{"text": "\nTulid ette Joosep Lokko Ahjawallast ja Peter Reino pg Otsing Räppina wallast ja palusid nende wahel tehtud suusõnalist leppingut ülesse wõtta. Joosep Lokko lubab oma kodapoolise elutare ühes kõige kõrwaliste hoonetega ja kõige liikuwa warandusega mis temal on Peter Otsingule, kui Otsing tema tütre Liis omale naeseks wõttab. Niikaua kui Lokko elab wõib tema ise ka selles majas elada s.o. saab prii korteri ja ülespidamise Otsinge käest. Selle eest maksab Otsing Lokko tüttartele Maie ja Miinale tänasest päewast peale arwatud wiie aasta jooksul kummalgile kakskümmend rubla ja kui tüttar Miina oma poiga Kustat maija jättab, siis maksab Otsingile Jüripäewast 1896 a. pääle hakkates kahe aasta ülespidamise eest kakskümmend rubla s.o. iga aasta kümme rubla peale selle aja ei pruugi Otsing Kustat enam pida. Maja kõige kraamiga on wäärt 200 rubla.\n\nPeter Otsing &lt;allkiri&gt; Joosep Lokko ei oska kirjutada; tema palwel kirjutas alla: Hindrik Tork &lt;allkiri&gt;\n\nJoosep Lokko tütred: Mina Loko Mai Loko\n\nEt kohus alakirjutajaid Peter Otsinge ja Joosep Lokko selgeste tunneb ja et Peter Otsing esi oma käega ja Joosep Lokko eest Hindrik Tork on alla kirjutanud, saab sellega tunnistatud.\n\nEesistuja J Kooskord​​​​ &lt;allkiri&gt;\n\nKirjutaja Puusepp &lt;allkiri&gt;\n\n\n", "meta": {"origin_directory": "vallakohus_kolmas/"}, "layers": [{"name": "gold_ner", "attributes": ["nertag"], "parent": null, "enveloping": null, "ambiguous": false, "serialisation_module": null, "meta": {}, "spans": [{"base_span": [12, 24], "annotations": [{"nertag": "PER"}]}, {"base_span": [25, 36], "annotations": [{"nertag": "LOC_ORG"}]}, {"base_span": [40, 61], "annotations": [{"nertag": "PER"}]}, {"base_span": [62, 77], "annotations": [{"nertag": "LOC_ORG"}]}, {"base_span": [144, 156], "annotations": [{"nertag": "PER"}]}, {"base_span": [261, 276], "annotations": [{"nertag": "PER"}]}, {"base_span": [282, 288], "annotations": [{"nertag": "PER"}]}, {"base_span": [300, 304], "annotations": [{"nertag": "PER"}]}, {"base_span": [339, 344], "annotations": [{"nertag": "PER"}]}, {"base_span": [425, 432], "annotations": [{"nertag": "PER"}]}, {"base_span": [458, 464], "annotations": [{"nertag": "PER"}]}, {"base_span": [465, 470], "annotations": [{"nertag": "PER"}]}, {"base_span": [482, 486], "annotations": [{"nertag": "PER"}]}, {"base_span": [490, 497], "annotations": [{"nertag": "PER"}]}, {"base_span": [591, 596], "annotations": [{"nertag": "PER"}]}, {"base_span": [607, 613], "annotations": [{"nertag": "PER"}]}, {"base_span": [640, 649], "annotations": [{"nertag": "PER"}]}, {"base_span": [785, 791], "annotations": [{"nertag": "PER"}]}, {"base_span": [792, 798], "annotations": [{"nertag": "PER"}]}, {"base_span": [851, 863], "annotations": [{"nertag": "PER"}]}, {"base_span": [880, 892], "annotations": [{"nertag": "PER"}]}, {"base_span": [939, 951], "annotations": [{"nertag": "PER"}]}, {"base_span": [969, 981], "annotations": [{"nertag": "PER"}]}, {"base_span": [990, 999], "annotations": [{"nertag": "PER"}]}, {"base_span": [1000, 1008], "annotations": [{"nertag": "PER"}]}, {"base_span": [1034, 1047], "annotations": [{"nertag": "PER"}]}, {"base_span": [1051, 1063], "annotations": [{"nertag": "PER"}]}, {"base_span": [1086, 1098], "annotations": [{"nertag": "PER"}]}, {"base_span": [1116, 1128], "annotations": [{"nertag": "PER"}]}, {"base_span": [1134, 1146], "annotations": [{"nertag": "PER"}]}, {"base_span": [1204, 1214], "annotations": [{"nertag": "PER"}]}, {"base_span": [1246, 1253], "annotations": [{"nertag": "PER"}]}]}, {"name": "gold_wordner", "attributes": ["nertag"], "parent": null, "enveloping": null, "ambiguous": false, "serialisation_module": null, "meta": {}, "spans": [{"base_span": [1, 6], "annotations": [{"nertag": "O"}]}, {"base_span": [7, 11], "annotations": [{"nertag": "O"}]}, {"base_span": [12, 18], "annotations": [{"nertag": "B-PER"}]}, {"base_span": [19, 24], "annotations": [{"nertag": "I-PER"}]}, {"base_span": [25, 36], "annotations": [{"nertag": "B-LOC_ORG"}]}, {"base_span": [37, 39], "annotations": [{"nertag": "O"}]}, {"base_span": [40, 45], "annotations": [{"nertag": "B-PER"}]}, {"base_span": [46, 51], "annotations": [{"nertag": "I-PER"}]}, {"base_span": [52, 54], "annotations": [{"nertag": "I-PER"}]}, {"base_span": [55, 61], "annotations": [{"nertag": "I-PER"}]}, {"base_span": [62, 69], "annotations": [{"nertag": "B-LOC_ORG"}]}, {"base_span": [70, 77], "annotations": [{"nertag": "I-LOC_ORG"}]}, {"base_span": [78, 80], "annotations": [{"nertag": "O"}]}, {"base_span": [81, 88], "annotations": [{"nertag": "O"}]}, {"base_span": [89, 94], "annotations": [{"nertag": "O"}]}, {"base_span": [95, 100], "annotations": [{"nertag": "O"}]}, {"base_span": [101, 107], "annotations": [{"nertag": "O"}]}, {"base_span": [108, 119], "annotations": [{"nertag": "O"}]}, {"base_span": [120, 129], "annotations": [{"nertag": "O"}]}, {"base_span": [130, 136], "annotations": [{"nertag": "O"}]}, {"base_span": [137, 142], "annotations": [{"nertag": "O"}]}, {"base_span": [142, 143], "annotations": [{"nertag": "O"}]}, {"base_span": [144, 150], "annotations": [{"nertag": "B-PER"}]}, {"base_span": [151, 156], "annotations": [{"nertag": "I-PER"}]}, {"base_span": [157, 162], "annotations": [{"nertag": "O"}]}, {"base_span": [163, 166], "annotations": [{"nertag": "O"}]}, {"base_span": [167, 178], "annotations": [{"nertag": "O"}]}, {"base_span": [179, 186], "annotations": [{"nertag": "O"}]}, {"base_span": [187, 191], "annotations": [{"nertag": "O"}]}, {"base_span": [192, 197], "annotations": [{"nertag": "O"}]}, {"base_span": [198, 208], "annotations": [{"nertag": "O"}]}, {"base_span": [209, 218], "annotations": [{"nertag": "O"}]}, {"base_span": [219, 221], "annotations": [{"nertag": "O"}]}, {"base_span": [222, 227], "annotations": [{"nertag": "O"}]}, {"base_span": [228, 235], "annotations": [{"nertag": "O"}]}, {"base_span": [236, 247], "annotations": [{"nertag": "O"}]}, {"base_span": [248, 251], "annotations": [{"nertag": "O"}]}, {"base_span": [252, 257], "annotations": [{"nertag": "O"}]}, {"base_span": [258, 260], "annotations": [{"nertag": "O"}]}, {"base_span": [261, 266], "annotations": [{"nertag": "B-PER"}]}, {"base_span": [267, 276], "annotations": [{"nertag": "I-PER"}]}, {"base_span": [276, 277], "annotations": [{"nertag": "O"}]}, {"base_span": [278, 281], "annotations": [{"nertag": "O"}]}, {"base_span": [282, 288], "annotations": [{"nertag": "B-PER"}]}, {"base_span": [289, 293], "annotations": [{"nertag": "O"}]}, {"base_span": [294, 299], "annotations": [{"nertag": "O"}]}, {"base_span": [300, 304], "annotations": [{"nertag": "B-PER"}]}, {"base_span": [305, 310], "annotations": [{"nertag": "O"}]}, {"base_span": [311, 318], "annotations": [{"nertag": "O"}]}, {"base_span": [319, 325], "annotations": [{"nertag": "O"}]}, {"base_span": [325, 326], "annotations": [{"nertag": "O"}]}, {"base_span": [327, 334], "annotations": [{"nertag": "O"}]}, {"base_span": [335, 338], "annotations": [{"nertag": "O"}]}, {"base_span": [339, 344], "annotations": [{"nertag": "B-PER"}]}, {"base_span": [345, 349], "annotations": [{"nertag": "O"}]}, {"base_span": [350, 354], "annotations": [{"nertag": "O"}]}, {"base_span": [355, 359], "annotations": [{"nertag": "O"}]}, {"base_span": [360, 363], "annotations": [{"nertag": "O"}]}, {"base_span": [364, 366], "annotations": [{"nertag": "O"}]}, {"base_span": [367, 373], "annotations": [{"nertag": "O"}]}, {"base_span": [374, 379], "annotations": [{"nertag": "O"}]}, {"base_span": [380, 385], "annotations": [{"nertag": "O"}]}, {"base_span": [386, 387], "annotations": [{"nertag": "O"}]}, {"base_span": [387, 388], "annotations": [{"nertag": "O"}]}, {"base_span": [388, 389], "annotations": [{"nertag": "O"}]}, {"base_span": [389, 390], "annotations": [{"nertag": "O"}]}, {"base_span": [391, 395], "annotations": [{"nertag": "O"}]}, {"base_span": [396, 400], "annotations": [{"nertag": "O"}]}, {"base_span": [401, 408], "annotations": [{"nertag": "O"}]}, {"base_span": [409, 411], "annotations": [{"nertag": "O"}]}, {"base_span": [412, 424], "annotations": [{"nertag": "O"}]}, {"base_span": [425, 432], "annotations": [{"nertag": "B-PER"}]}, {"base_span": [433, 438], "annotations": [{"nertag": "O"}]}, {"base_span": [438, 439], "annotations": [{"nertag": "O"}]}, {"base_span": [440, 445], "annotations": [{"nertag": "O"}]}, {"base_span": [446, 450], "annotations": [{"nertag": "O"}]}, {"base_span": [451, 457], "annotations": [{"nertag": "O"}]}, {"base_span": [458, 464], "annotations": [{"nertag": "B-PER"}]}, {"base_span": [465, 470], "annotations": [{"nertag": "B-PER"}]}, {"base_span": [471, 481], "annotations": [{"nertag": "O"}]}, {"base_span": [482, 486], "annotations": [{"nertag": "B-PER"}]}, {"base_span": [487, 489], "annotations": [{"nertag": "O"}]}, {"base_span": [490, 497], "annotations": [{"nertag": "B-PER"}]}, {"base_span": [498, 506], "annotations": [{"nertag": "O"}]}, {"base_span": [507, 514], "annotations": [{"nertag": "O"}]}, {"base_span": [515, 520], "annotations": [{"nertag": "O"}]}, {"base_span": [521, 528], "annotations": [{"nertag": "O"}]}, {"base_span": [529, 533], "annotations": [{"nertag": "O"}]}, {"base_span": [534, 539], "annotations": [{"nertag": "O"}]}, {"base_span": [540, 547], "annotations": [{"nertag": "O"}]}, {"base_span": [548, 558], "annotations": [{"nertag": "O"}]}, {"base_span": [559, 570], "annotations": [{"nertag": "O"}]}, {"base_span": [571, 576], "annotations": [{"nertag": "O"}]}, {"base_span": [577, 579], "annotations": [{"nertag": "O"}]}, {"base_span": [580, 583], "annotations": [{"nertag": "O"}]}, {"base_span": [584, 590], "annotations": [{"nertag": "O"}]}, {"base_span": [591, 596], "annotations": [{"nertag": "B-PER"}]}, {"base_span": [597, 600], "annotations": [{"nertag": "O"}]}, {"base_span": [601, 606], "annotations": [{"nertag": "O"}]}, {"base_span": [607, 613], "annotations": [{"nertag": "B-PER"}]}, {"base_span": [614, 619], "annotations": [{"nertag": "O"}]}, {"base_span": [620, 626], "annotations": [{"nertag": "O"}]}, {"base_span": [626, 627], "annotations": [{"nertag": "O"}]}, {"base_span": [628, 632], "annotations": [{"nertag": "O"}]}, {"base_span": [633, 639], "annotations": [{"nertag": "O"}]}, {"base_span": [640, 649], "annotations": [{"nertag": "B-PER"}]}, {"base_span": [650, 661], "annotations": [{"nertag": "O"}]}, {"base_span": [662, 666], "annotations": [{"nertag": "O"}]}, {"base_span": [667, 668], "annotations": [{"nertag": "O"}]}, {"base_span": [668, 669], "annotations": [{"nertag": "O"}]}, {"base_span": [670, 675], "annotations": [{"nertag": "O"}]}, {"base_span": [676, 684], "annotations": [{"nertag": "O"}]}, {"base_span": [685, 689], "annotations": [{"nertag": "O"}]}, {"base_span": [690, 695], "annotations": [{"nertag": "O"}]}, {"base_span": [696, 708], "annotations": [{"nertag": "O"}]}, {"base_span": [709, 713], "annotations": [{"nertag": "O"}]}, {"base_span": [714, 725], "annotations": [{"nertag": "O"}]}, {"base_span": [726, 731], "annotations": [{"nertag": "O"}]}, {"base_span": [732, 733], "annotations": [{"nertag": "O"}]}, {"base_span": [733, 734], "annotations": [{"nertag": "O"}]}, {"base_span": [734, 735], "annotations": [{"nertag": "O"}]}, {"base_span": [735, 736], "annotations": [{"nertag": "O"}]}, {"base_span": [737, 740], "annotations": [{"nertag": "O"}]}, {"base_span": [741, 746], "annotations": [{"nertag": "O"}]}, {"base_span": [747, 752], "annotations": [{"nertag": "O"}]}, {"base_span": [753, 758], "annotations": [{"nertag": "O"}]}, {"base_span": [759, 764], "annotations": [{"nertag": "O"}]}, {"base_span": [765, 770], "annotations": [{"nertag": "O"}]}, {"base_span": [771, 774], "annotations": [{"nertag": "O"}]}, {"base_span": [775, 777], "annotations": [{"nertag": "O"}]}, {"base_span": [778, 784], "annotations": [{"nertag": "O"}]}, {"base_span": [785, 791], "annotations": [{"nertag": "B-PER"}]}, {"base_span": [792, 798], "annotations": [{"nertag": "B-PER"}]}, {"base_span": [799, 803], "annotations": [{"nertag": "O"}]}, {"base_span": [804, 808], "annotations": [{"nertag": "O"}]}, {"base_span": [808, 809], "annotations": [{"nertag": "O"}]}, {"base_span": [810, 814], "annotations": [{"nertag": "O"}]}, {"base_span": [815, 820], "annotations": [{"nertag": "O"}]}, {"base_span": [821, 829], "annotations": [{"nertag": "O"}]}, {"base_span": [830, 832], "annotations": [{"nertag": "O"}]}, {"base_span": [833, 838], "annotations": [{"nertag": "O"}]}, {"base_span": [839, 842], "annotations": [{"nertag": "O"}]}, {"base_span": [843, 848], "annotations": [{"nertag": "O"}]}, {"base_span": [848, 849], "annotations": [{"nertag": "O"}]}, {"base_span": [851, 856], "annotations": [{"nertag": "B-PER"}]}, {"base_span": [857, 863], "annotations": [{"nertag": "I-PER"}]}, {"base_span": [864, 865], "annotations": [{"nertag": "O"}]}, {"base_span": [865, 867], "annotations": [{"nertag": "O"}]}, {"base_span": [867, 868], "annotations": [{"nertag": "O"}]}, {"base_span": [868, 875], "annotations": [{"nertag": "O"}]}, {"base_span": [875, 876], "annotations": [{"nertag": "O"}]}, {"base_span": [876, 878], "annotations": [{"nertag": "O"}]}, {"base_span": [878, 879], "annotations": [{"nertag": "O"}]}, {"base_span": [880, 886], "annotations": [{"nertag": "B-PER"}]}, {"base_span": [887, 892], "annotations": [{"nertag": "I-PER"}]}, {"base_span": [893, 895], "annotations": [{"nertag": "O"}]}, {"base_span": [896, 900], "annotations": [{"nertag": "O"}]}, {"base_span": [901, 910], "annotations": [{"nertag": "O"}]}, {"base_span": [910, 911], "annotations": [{"nertag": "O"}]}, {"base_span": [912, 916], "annotations": [{"nertag": "O"}]}, {"base_span": [917, 923], "annotations": [{"nertag": "O"}]}, {"base_span": [924, 932], "annotations": [{"nertag": "O"}]}, {"base_span": [933, 937], "annotations": [{"nertag": "O"}]}, {"base_span": [937, 938], "annotations": [{"nertag": "O"}]}, {"base_span": [939, 946], "annotations": [{"nertag": "B-PER"}]}, {"base_span": [947, 951], "annotations": [{"nertag": "I-PER"}]}, {"base_span": [952, 953], "annotations": [{"nertag": "O"}]}, {"base_span": [953, 955], "annotations": [{"nertag": "O"}]}, {"base_span": [955, 956], "annotations": [{"nertag": "O"}]}, {"base_span": [956, 963], "annotations": [{"nertag": "O"}]}, {"base_span": [963, 964], "annotations": [{"nertag": "O"}]}, {"base_span": [964, 966], "annotations": [{"nertag": "O"}]}, {"base_span": [966, 967], "annotations": [{"nertag": "O"}]}, {"base_span": [969, 975], "annotations": [{"nertag": "B-PER"}]}, {"base_span": [976, 981], "annotations": [{"nertag": "I-PER"}]}, {"base_span": [982, 988], "annotations": [{"nertag": "O"}]}, {"base_span": [988, 989], "annotations": [{"nertag": "O"}]}, {"base_span": [990, 994], "annotations": [{"nertag": "B-PER"}]}, {"base_span": [995, 999], "annotations": [{"nertag": "I-PER"}]}, {"base_span": [1000, 1003], "annotations": [{"nertag": "B-PER"}]}, {"base_span": [1004, 1008], "annotations": [{"nertag": "I-PER"}]}, {"base_span": [1010, 1012], "annotations": [{"nertag": "O"}]}, {"base_span": [1013, 1018], "annotations": [{"nertag": "O"}]}, {"base_span": [1019, 1033], "annotations": [{"nertag": "O"}]}, {"base_span": [1034, 1039], "annotations": [{"nertag": "B-PER"}]}, {"base_span": [1040, 1047], "annotations": [{"nertag": "I-PER"}]}, {"base_span": [1048, 1050], "annotations": [{"nertag": "O"}]}, {"base_span": [1051, 1057], "annotations": [{"nertag": "B-PER"}]}, {"base_span": [1058, 1063], "annotations": [{"nertag": "I-PER"}]}, {"base_span": [1064, 1072], "annotations": [{"nertag": "O"}]}, {"base_span": [1073, 1079], "annotations": [{"nertag": "O"}]}, {"base_span": [1080, 1082], "annotations": [{"nertag": "O"}]}, {"base_span": [1083, 1085], "annotations": [{"nertag": "O"}]}, {"base_span": [1086, 1091], "annotations": [{"nertag": "B-PER"}]}, {"base_span": [1092, 1098], "annotations": [{"nertag": "I-PER"}]}, {"base_span": [1099, 1102], "annotations": [{"nertag": "O"}]}, {"base_span": [1103, 1106], "annotations": [{"nertag": "O"}]}, {"base_span": [1107, 1112], "annotations": [{"nertag": "O"}]}, {"base_span": [1113, 1115], "annotations": [{"nertag": "O"}]}, {"base_span": [1116, 1122], "annotations": [{"nertag": "B-PER"}]}, {"base_span": [1123, 1128], "annotations": [{"nertag": "I-PER"}]}, {"base_span": [1129, 1133], "annotations": [{"nertag": "O"}]}, {"base_span": [1134, 1141], "annotations": [{"nertag": "B-PER"}]}, {"base_span": [1142, 1146], "annotations": [{"nertag": "I-PER"}]}, {"base_span": [1147, 1149], "annotations": [{"nertag": "O"}]}, {"base_span": [1150, 1154], "annotations": [{"nertag": "O"}]}, {"base_span": [1155, 1165], "annotations": [{"nertag": "O"}]}, {"base_span": [1165, 1166], "annotations": [{"nertag": "O"}]}, {"base_span": [1167, 1171], "annotations": [{"nertag": "O"}]}, {"base_span": [1172, 1179], "annotations": [{"nertag": "O"}]}, {"base_span": [1180, 1191], "annotations": [{"nertag": "O"}]}, {"base_span": [1191, 1192], "annotations": [{"nertag": "O"}]}, {"base_span": [1194, 1203], "annotations": [{"nertag": "O"}]}, {"base_span": [1204, 1205], "annotations": [{"nertag": "B-PER"}]}, {"base_span": [1206, 1214], "annotations": [{"nertag": "I-PER"}]}, {"base_span": [1214, 1218], "annotations": [{"nertag": "O"}]}, {"base_span": [1219, 1220], "annotations": [{"nertag": "O"}]}, {"base_span": [1220, 1222], "annotations": [{"nertag": "O"}]}, {"base_span": [1222, 1223], "annotations": [{"nertag": "O"}]}, {"base_span": [1223, 1230], "annotations": [{"nertag": "O"}]}, {"base_span": [1230, 1231], "annotations": [{"nertag": "O"}]}, {"base_span": [1231, 1233], "annotations": [{"nertag": "O"}]}, {"base_span": [1233, 1234], "annotations": [{"nertag": "O"}]}, {"base_span": [1236, 1245], "annotations": [{"nertag": "O"}]}, {"base_span": [1246, 1253], "annotations": [{"nertag": "B-PER"}]}, {"base_span": [1254, 1255], "annotations": [{"nertag": "O"}]}, {"base_span": [1255, 1257], "annotations": [{"nertag": "O"}]}, {"base_span": [1257, 1258], "annotations": [{"nertag": "O"}]}, {"base_span": [1258, 1265], "annotations": [{"nertag": "O"}]}, {"base_span": [1265, 1266], "annotations": [{"nertag": "O"}]}, {"base_span": [1266, 1268], "annotations": [{"nertag": "O"}]}, {"base_span": [1268, 1269], "annotations": [{"nertag": "O"}]}]}]}