{"text": "\nKaibas Nätsik Anu Mollok sel 15. Junil et kui temma eila omma Perremehhe, Baumeister Johan Mutzo, kässu päle Töömeestele Sööki weenu, ommawad need, ni kui Wassil Protzin ja Sergei Warabjew tedda wäggusi Sängu päle Wissanu ja üts toise Abbiga tedda prukinud (??), temmale saanu selle wäekumbil Töö läbbi wäega haige, kelle perrast temma pallep tohtre mannu minna, nink tunistap Kreistohtri Herra von Sehrwaldi sia sadetud Attestad d.d. 8 Juli ?? No 347 niida wiisi:\n\n?????\n\nja näudis Anu Mollok 125 Rbl. neide Meeste käest Tassumist, et nemmad temma Terwist ja Auwwu rikkinud, ja andis kah teada et need Mehhed temmale jubba 4 Rubl höb maksnu ommawad päle too, kui? Anu Mollok neide ülle kaibanud.\n\nTunnistajas andis Anu Mollok ülles: Wennelane Sawelle Darafejew, kea küssitud, wastotas:\"minna kuuli küll Tütriko Anu Mollok Kissendamist, ent minna ei läünu mitte sinna, selle et minna just söie.\n\nWassili Protzin ettekutsutud wastotas, et temma kül sedda tütrikud kinni wõtnu ja Sängu päle kandnu ja Sergei Warabjew siss kah tedda hindat, Protzinid, Sängi sisse awwitanud ja Tütriko Jalga wahhele liiwa wissanu, ent ei ollewat muidi middagi sündinud.\n\nSergei Warbjew ettekutsutud, wastotas, et töised Mehhed käsknud tütrikud kinni wõtta ja Sängu wiija, selle päle wõtnud kah Wassili Protzin tütriku kinni ja weenu Sängu ja temma, Sergei, awwitanu weel Wassilid kah Sängu; rohkemb temma ei tia.\n\nSai moistetud: Wassili Protzin ja Sergei Warabjew peab eggaüts 15 Rubl. Trahwi maksma, kellest Anu Mollok 20 Rubl sap nink Waesteladik 10 Rubl.\n\nSe Moistminne sai §772 &amp; 773 järrele kulutud.\n\nHindrik Torg XXX Joh. Klaosson XXX Peter Kulp  XXX Hindrik Lipson XXX\n\n\n", "meta": {"origin_directory": "vallakohus_neljas/"}, "layers": [{"name": "gold_ner", "attributes": ["nertag"], "parent": null, "enveloping": null, "ambiguous": false, "serialisation_module": null, "meta": {}, "spans": [{"base_span": [15, 25], "annotations": [{"nertag": "PER"}]}, {"base_span": [86, 97], "annotations": [{"nertag": "PER"}]}, {"base_span": [156, 170], "annotations": [{"nertag": "PER"}]}, {"base_span": [174, 189], "annotations": [{"nertag": "PER"}]}, {"base_span": [396, 409], "annotations": [{"nertag": "PER"}]}, {"base_span": [484, 494], "annotations": [{"nertag": "PER"}]}, {"base_span": [666, 676], "annotations": [{"nertag": "PER"}]}, {"base_span": [717, 727], "annotations": [{"nertag": "PER"}]}, {"base_span": [745, 762], "annotations": [{"nertag": "PER"}]}, {"base_span": [813, 823], "annotations": [{"nertag": "PER"}]}, {"base_span": [897, 912], "annotations": [{"nertag": "PER"}]}, {"base_span": [1000, 1015], "annotations": [{"nertag": "PER"}]}, {"base_span": [1039, 1048], "annotations": [{"nertag": "PER"}]}, {"base_span": [1152, 1166], "annotations": [{"nertag": "PER"}]}, {"base_span": [1275, 1290], "annotations": [{"nertag": "PER"}]}, {"base_span": [1330, 1336], "annotations": [{"nertag": "PER"}]}, {"base_span": [1352, 1360], "annotations": [{"nertag": "PER"}]}, {"base_span": [1410, 1425], "annotations": [{"nertag": "PER"}]}, {"base_span": [1429, 1444], "annotations": [{"nertag": "PER"}]}, {"base_span": [1490, 1500], "annotations": [{"nertag": "PER"}]}, {"base_span": [1591, 1603], "annotations": [{"nertag": "PER"}]}, {"base_span": [1608, 1621], "annotations": [{"nertag": "PER"}]}, {"base_span": [1626, 1636], "annotations": [{"nertag": "PER"}]}, {"base_span": [1642, 1656], "annotations": [{"nertag": "PER"}]}]}, {"name": "gold_wordner", "attributes": ["nertag"], "parent": null, "enveloping": null, "ambiguous": false, "serialisation_module": null, "meta": {}, "spans": [{"base_span": [1, 7], "annotations": [{"nertag": "O"}]}, {"base_span": [8, 14], "annotations": [{"nertag": "O"}]}, {"base_span": [15, 18], "annotations": [{"nertag": "B-PER"}]}, {"base_span": [19, 25], "annotations": [{"nertag": "I-PER"}]}, {"base_span": [26, 29], "annotations": [{"nertag": "O"}]}, {"base_span": [30, 33], "annotations": [{"nertag": "O"}]}, {"base_span": [34, 39], "annotations": [{"nertag": "O"}]}, {"base_span": [40, 42], "annotations": [{"nertag": "O"}]}, {"base_span": [43, 46], "annotations": [{"nertag": "O"}]}, {"base_span": [47, 52], "annotations": [{"nertag": "O"}]}, {"base_span": [53, 57], "annotations": [{"nertag": "O"}]}, {"base_span": [58, 62], "annotations": [{"nertag": "O"}]}, {"base_span": [63, 73], "annotations": [{"nertag": "O"}]}, {"base_span": [73, 74], "annotations": [{"nertag": "O"}]}, {"base_span": [75, 85], "annotations": [{"nertag": "O"}]}, {"base_span": [86, 91], "annotations": [{"nertag": "B-PER"}]}, {"base_span": [92, 97], "annotations": [{"nertag": "I-PER"}]}, {"base_span": [97, 98], "annotations": [{"nertag": "O"}]}, {"base_span": [99, 104], "annotations": [{"nertag": "O"}]}, {"base_span": [105, 109], "annotations": [{"nertag": "O"}]}, {"base_span": [110, 121], "annotations": [{"nertag": "O"}]}, {"base_span": [122, 127], "annotations": [{"nertag": "O"}]}, {"base_span": [128, 133], "annotations": [{"nertag": "O"}]}, {"base_span": [133, 134], "annotations": [{"nertag": "O"}]}, {"base_span": [135, 142], "annotations": [{"nertag": "O"}]}, {"base_span": [143, 147], "annotations": [{"nertag": "O"}]}, {"base_span": [147, 148], "annotations": [{"nertag": "O"}]}, {"base_span": [149, 151], "annotations": [{"nertag": "O"}]}, {"base_span": [152, 155], "annotations": [{"nertag": "O"}]}, {"base_span": [156, 162], "annotations": [{"nertag": "B-PER"}]}, {"base_span": [163, 170], "annotations": [{"nertag": "I-PER"}]}, {"base_span": [171, 173], "annotations": [{"nertag": "O"}]}, {"base_span": [174, 180], "annotations": [{"nertag": "B-PER"}]}, {"base_span": [181, 189], "annotations": [{"nertag": "I-PER"}]}, {"base_span": [190, 195], "annotations": [{"nertag": "O"}]}, {"base_span": [196, 203], "annotations": [{"nertag": "O"}]}, {"base_span": [204, 209], "annotations": [{"nertag": "O"}]}, {"base_span": [210, 214], "annotations": [{"nertag": "O"}]}, {"base_span": [215, 222], "annotations": [{"nertag": "O"}]}, {"base_span": [223, 225], "annotations": [{"nertag": "O"}]}, {"base_span": [226, 229], "annotations": [{"nertag": "O"}]}, {"base_span": [230, 235], "annotations": [{"nertag": "O"}]}, {"base_span": [236, 242], "annotations": [{"nertag": "O"}]}, {"base_span": [243, 248], "annotations": [{"nertag": "O"}]}, {"base_span": [249, 257], "annotations": [{"nertag": "O"}]}, {"base_span": [258, 259], "annotations": [{"nertag": "O"}]}, {"base_span": [259, 260], "annotations": [{"nertag": "O"}]}, {"base_span": [260, 261], "annotations": [{"nertag": "O"}]}, {"base_span": [261, 262], "annotations": [{"nertag": "O"}]}, {"base_span": [262, 263], "annotations": [{"nertag": "O"}]}, {"base_span": [264, 271], "annotations": [{"nertag": "O"}]}, {"base_span": [272, 277], "annotations": [{"nertag": "O"}]}, {"base_span": [278, 283], "annotations": [{"nertag": "O"}]}, {"base_span": [284, 293], "annotations": [{"nertag": "O"}]}, {"base_span": [294, 297], "annotations": [{"nertag": "O"}]}, {"base_span": [298, 303], "annotations": [{"nertag": "O"}]}, {"base_span": [304, 309], "annotations": [{"nertag": "O"}]}, {"base_span": [310, 315], "annotations": [{"nertag": "O"}]}, {"base_span": [315, 316], "annotations": [{"nertag": "O"}]}, {"base_span": [317, 322], "annotations": [{"nertag": "O"}]}, {"base_span": [323, 330], "annotations": [{"nertag": "O"}]}, {"base_span": [331, 336], "annotations": [{"nertag": "O"}]}, {"base_span": [337, 343], "annotations": [{"nertag": "O"}]}, {"base_span": [344, 350], "annotations": [{"nertag": "O"}]}, {"base_span": [351, 356], "annotations": [{"nertag": "O"}]}, {"base_span": [357, 362], "annotations": [{"nertag": "O"}]}, {"base_span": [362, 363], "annotations": [{"nertag": "O"}]}, {"base_span": [364, 368], "annotations": [{"nertag": "O"}]}, {"base_span": [369, 377], "annotations": [{"nertag": "O"}]}, {"base_span": [378, 389], "annotations": [{"nertag": "O"}]}, {"base_span": [390, 395], "annotations": [{"nertag": "O"}]}, {"base_span": [396, 399], "annotations": [{"nertag": "B-PER"}]}, {"base_span": [400, 409], "annotations": [{"nertag": "I-PER"}]}, {"base_span": [410, 413], "annotations": [{"nertag": "O"}]}, {"base_span": [414, 421], "annotations": [{"nertag": "O"}]}, {"base_span": [422, 430], "annotations": [{"nertag": "O"}]}, {"base_span": [431, 432], "annotations": [{"nertag": "O"}]}, {"base_span": [432, 433], "annotations": [{"nertag": "O"}]}, {"base_span": [433, 434], "annotations": [{"nertag": "O"}]}, {"base_span": [434, 435], "annotations": [{"nertag": "O"}]}, {"base_span": [436, 437], "annotations": [{"nertag": "O"}]}, {"base_span": [438, 442], "annotations": [{"nertag": "O"}]}, {"base_span": [443, 445], "annotations": [{"nertag": "O"}]}, {"base_span": [446, 448], "annotations": [{"nertag": "O"}]}, {"base_span": [449, 452], "annotations": [{"nertag": "O"}]}, {"base_span": [453, 458], "annotations": [{"nertag": "O"}]}, {"base_span": [459, 464], "annotations": [{"nertag": "O"}]}, {"base_span": [464, 465], "annotations": [{"nertag": "O"}]}, {"base_span": [467, 472], "annotations": [{"nertag": "O"}]}, {"base_span": [474, 476], "annotations": [{"nertag": "O"}]}, {"base_span": [477, 483], "annotations": [{"nertag": "O"}]}, {"base_span": [484, 487], "annotations": [{"nertag": "B-PER"}]}, {"base_span": [488, 494], "annotations": [{"nertag": "I-PER"}]}, {"base_span": [495, 498], "annotations": [{"nertag": "O"}]}, {"base_span": [499, 502], "annotations": [{"nertag": "O"}]}, {"base_span": [502, 503], "annotations": [{"nertag": "O"}]}, {"base_span": [504, 509], "annotations": [{"nertag": "O"}]}, {"base_span": [510, 516], "annotations": [{"nertag": "O"}]}, {"base_span": [517, 522], "annotations": [{"nertag": "O"}]}, {"base_span": [523, 532], "annotations": [{"nertag": "O"}]}, {"base_span": [532, 533], "annotations": [{"nertag": "O"}]}, {"base_span": [534, 536], "annotations": [{"nertag": "O"}]}, {"base_span": [537, 543], "annotations": [{"nertag": "O"}]}, {"base_span": [544, 549], "annotations": [{"nertag": "O"}]}, {"base_span": [550, 557], "annotations": [{"nertag": "O"}]}, {"base_span": [558, 560], "annotations": [{"nertag": "O"}]}, {"base_span": [561, 566], "annotations": [{"nertag": "O"}]}, {"base_span": [567, 575], "annotations": [{"nertag": "O"}]}, {"base_span": [575, 576], "annotations": [{"nertag": "O"}]}, {"base_span": [577, 579], "annotations": [{"nertag": "O"}]}, {"base_span": [580, 585], "annotations": [{"nertag": "O"}]}, {"base_span": [586, 589], "annotations": [{"nertag": "O"}]}, {"base_span": [590, 595], "annotations": [{"nertag": "O"}]}, {"base_span": [596, 598], "annotations": [{"nertag": "O"}]}, {"base_span": [599, 603], "annotations": [{"nertag": "O"}]}, {"base_span": [604, 610], "annotations": [{"nertag": "O"}]}, {"base_span": [611, 618], "annotations": [{"nertag": "O"}]}, {"base_span": [619, 624], "annotations": [{"nertag": "O"}]}, {"base_span": [625, 626], "annotations": [{"nertag": "O"}]}, {"base_span": [627, 631], "annotations": [{"nertag": "O"}]}, {"base_span": [632, 635], "annotations": [{"nertag": "O"}]}, {"base_span": [636, 642], "annotations": [{"nertag": "O"}]}, {"base_span": [643, 650], "annotations": [{"nertag": "O"}]}, {"base_span": [651, 655], "annotations": [{"nertag": "O"}]}, {"base_span": [656, 659], "annotations": [{"nertag": "O"}]}, {"base_span": [659, 660], "annotations": [{"nertag": "O"}]}, {"base_span": [661, 664], "annotations": [{"nertag": "O"}]}, {"base_span": [664, 665], "annotations": [{"nertag": "O"}]}, {"base_span": [666, 669], "annotations": [{"nertag": "B-PER"}]}, {"base_span": [670, 676], "annotations": [{"nertag": "I-PER"}]}, {"base_span": [677, 682], "annotations": [{"nertag": "O"}]}, {"base_span": [683, 687], "annotations": [{"nertag": "O"}]}, {"base_span": [688, 696], "annotations": [{"nertag": "O"}]}, {"base_span": [696, 697], "annotations": [{"nertag": "O"}]}, {"base_span": [699, 710], "annotations": [{"nertag": "O"}]}, {"base_span": [711, 716], "annotations": [{"nertag": "O"}]}, {"base_span": [717, 720], "annotations": [{"nertag": "B-PER"}]}, {"base_span": [721, 727], "annotations": [{"nertag": "I-PER"}]}, {"base_span": [728, 733], "annotations": [{"nertag": "O"}]}, {"base_span": [733, 734], "annotations": [{"nertag": "O"}]}, {"base_span": [735, 744], "annotations": [{"nertag": "O"}]}, {"base_span": [745, 752], "annotations": [{"nertag": "B-PER"}]}, {"base_span": [753, 762], "annotations": [{"nertag": "I-PER"}]}, {"base_span": [762, 763], "annotations": [{"nertag": "O"}]}, {"base_span": [764, 767], "annotations": [{"nertag": "O"}]}, {"base_span": [768, 776], "annotations": [{"nertag": "O"}]}, {"base_span": [776, 777], "annotations": [{"nertag": "O"}]}, {"base_span": [778, 786], "annotations": [{"nertag": "O"}]}, {"base_span": [786, 787], "annotations": [{"nertag": "O"}]}, {"base_span": [787, 788], "annotations": [{"nertag": "O"}]}, {"base_span": [788, 793], "annotations": [{"nertag": "O"}]}, {"base_span": [794, 799], "annotations": [{"nertag": "O"}]}, {"base_span": [800, 804], "annotations": [{"nertag": "O"}]}, {"base_span": [805, 812], "annotations": [{"nertag": "O"}]}, {"base_span": [813, 816], "annotations": [{"nertag": "B-PER"}]}, {"base_span": [817, 823], "annotations": [{"nertag": "I-PER"}]}, {"base_span": [824, 836], "annotations": [{"nertag": "O"}]}, {"base_span": [836, 837], "annotations": [{"nertag": "O"}]}, {"base_span": [838, 841], "annotations": [{"nertag": "O"}]}, {"base_span": [842, 847], "annotations": [{"nertag": "O"}]}, {"base_span": [848, 850], "annotations": [{"nertag": "O"}]}, {"base_span": [851, 856], "annotations": [{"nertag": "O"}]}, {"base_span": [857, 862], "annotations": [{"nertag": "O"}]}, {"base_span": [863, 868], "annotations": [{"nertag": "O"}]}, {"base_span": [868, 869], "annotations": [{"nertag": "O"}]}, {"base_span": [870, 875], "annotations": [{"nertag": "O"}]}, {"base_span": [876, 878], "annotations": [{"nertag": "O"}]}, {"base_span": [879, 884], "annotations": [{"nertag": "O"}]}, {"base_span": [885, 889], "annotations": [{"nertag": "O"}]}, {"base_span": [890, 894], "annotations": [{"nertag": "O"}]}, {"base_span": [894, 895], "annotations": [{"nertag": "O"}]}, {"base_span": [897, 904], "annotations": [{"nertag": "B-PER"}]}, {"base_span": [905, 912], "annotations": [{"nertag": "I-PER"}]}, {"base_span": [913, 925], "annotations": [{"nertag": "O"}]}, {"base_span": [926, 934], "annotations": [{"nertag": "O"}]}, {"base_span": [934, 935], "annotations": [{"nertag": "O"}]}, {"base_span": [936, 938], "annotations": [{"nertag": "O"}]}, {"base_span": [939, 944], "annotations": [{"nertag": "O"}]}, {"base_span": [945, 948], "annotations": [{"nertag": "O"}]}, {"base_span": [949, 954], "annotations": [{"nertag": "O"}]}, {"base_span": [955, 963], "annotations": [{"nertag": "O"}]}, {"base_span": [964, 969], "annotations": [{"nertag": "O"}]}, {"base_span": [970, 975], "annotations": [{"nertag": "O"}]}, {"base_span": [976, 978], "annotations": [{"nertag": "O"}]}, {"base_span": [979, 984], "annotations": [{"nertag": "O"}]}, {"base_span": [985, 989], "annotations": [{"nertag": "O"}]}, {"base_span": [990, 996], "annotations": [{"nertag": "O"}]}, {"base_span": [997, 999], "annotations": [{"nertag": "O"}]}, {"base_span": [1000, 1006], "annotations": [{"nertag": "B-PER"}]}, {"base_span": [1007, 1015], "annotations": [{"nertag": "I-PER"}]}, {"base_span": [1016, 1020], "annotations": [{"nertag": "O"}]}, {"base_span": [1021, 1024], "annotations": [{"nertag": "O"}]}, {"base_span": [1025, 1030], "annotations": [{"nertag": "O"}]}, {"base_span": [1031, 1037], "annotations": [{"nertag": "O"}]}, {"base_span": [1037, 1038], "annotations": [{"nertag": "O"}]}, {"base_span": [1039, 1048], "annotations": [{"nertag": "B-PER"}]}, {"base_span": [1048, 1049], "annotations": [{"nertag": "O"}]}, {"base_span": [1050, 1055], "annotations": [{"nertag": "O"}]}, {"base_span": [1056, 1061], "annotations": [{"nertag": "O"}]}, {"base_span": [1062, 1071], "annotations": [{"nertag": "O"}]}, {"base_span": [1072, 1074], "annotations": [{"nertag": "O"}]}, {"base_span": [1075, 1082], "annotations": [{"nertag": "O"}]}, {"base_span": [1083, 1088], "annotations": [{"nertag": "O"}]}, {"base_span": [1089, 1096], "annotations": [{"nertag": "O"}]}, {"base_span": [1097, 1102], "annotations": [{"nertag": "O"}]}, {"base_span": [1103, 1110], "annotations": [{"nertag": "O"}]}, {"base_span": [1110, 1111], "annotations": [{"nertag": "O"}]}, {"base_span": [1112, 1115], "annotations": [{"nertag": "O"}]}, {"base_span": [1116, 1118], "annotations": [{"nertag": "O"}]}, {"base_span": [1119, 1126], "annotations": [{"nertag": "O"}]}, {"base_span": [1127, 1132], "annotations": [{"nertag": "O"}]}, {"base_span": [1133, 1140], "annotations": [{"nertag": "O"}]}, {"base_span": [1141, 1149], "annotations": [{"nertag": "O"}]}, {"base_span": [1149, 1150], "annotations": [{"nertag": "O"}]}, {"base_span": [1152, 1158], "annotations": [{"nertag": "B-PER"}]}, {"base_span": [1159, 1166], "annotations": [{"nertag": "I-PER"}]}, {"base_span": [1167, 1179], "annotations": [{"nertag": "O"}]}, {"base_span": [1179, 1180], "annotations": [{"nertag": "O"}]}, {"base_span": [1181, 1189], "annotations": [{"nertag": "O"}]}, {"base_span": [1189, 1190], "annotations": [{"nertag": "O"}]}, {"base_span": [1191, 1193], "annotations": [{"nertag": "O"}]}, {"base_span": [1194, 1200], "annotations": [{"nertag": "O"}]}, {"base_span": [1201, 1207], "annotations": [{"nertag": "O"}]}, {"base_span": [1208, 1215], "annotations": [{"nertag": "O"}]}, {"base_span": [1216, 1224], "annotations": [{"nertag": "O"}]}, {"base_span": [1225, 1230], "annotations": [{"nertag": "O"}]}, {"base_span": [1231, 1236], "annotations": [{"nertag": "O"}]}, {"base_span": [1237, 1239], "annotations": [{"nertag": "O"}]}, {"base_span": [1240, 1245], "annotations": [{"nertag": "O"}]}, {"base_span": [1246, 1251], "annotations": [{"nertag": "O"}]}, {"base_span": [1251, 1252], "annotations": [{"nertag": "O"}]}, {"base_span": [1253, 1258], "annotations": [{"nertag": "O"}]}, {"base_span": [1259, 1263], "annotations": [{"nertag": "O"}]}, {"base_span": [1264, 1270], "annotations": [{"nertag": "O"}]}, {"base_span": [1271, 1274], "annotations": [{"nertag": "O"}]}, {"base_span": [1275, 1282], "annotations": [{"nertag": "B-PER"}]}, {"base_span": [1283, 1290], "annotations": [{"nertag": "I-PER"}]}, {"base_span": [1291, 1298], "annotations": [{"nertag": "O"}]}, {"base_span": [1299, 1304], "annotations": [{"nertag": "O"}]}, {"base_span": [1305, 1307], "annotations": [{"nertag": "O"}]}, {"base_span": [1308, 1313], "annotations": [{"nertag": "O"}]}, {"base_span": [1314, 1319], "annotations": [{"nertag": "O"}]}, {"base_span": [1320, 1322], "annotations": [{"nertag": "O"}]}, {"base_span": [1323, 1328], "annotations": [{"nertag": "O"}]}, {"base_span": [1328, 1329], "annotations": [{"nertag": "O"}]}, {"base_span": [1330, 1336], "annotations": [{"nertag": "B-PER"}]}, {"base_span": [1336, 1337], "annotations": [{"nertag": "O"}]}, {"base_span": [1338, 1346], "annotations": [{"nertag": "O"}]}, {"base_span": [1347, 1351], "annotations": [{"nertag": "O"}]}, {"base_span": [1352, 1360], "annotations": [{"nertag": "B-PER"}]}, {"base_span": [1361, 1364], "annotations": [{"nertag": "O"}]}, {"base_span": [1365, 1370], "annotations": [{"nertag": "O"}]}, {"base_span": [1370, 1371], "annotations": [{"nertag": "O"}]}, {"base_span": [1372, 1379], "annotations": [{"nertag": "O"}]}, {"base_span": [1380, 1385], "annotations": [{"nertag": "O"}]}, {"base_span": [1386, 1388], "annotations": [{"nertag": "O"}]}, {"base_span": [1389, 1392], "annotations": [{"nertag": "O"}]}, {"base_span": [1392, 1393], "annotations": [{"nertag": "O"}]}, {"base_span": [1395, 1398], "annotations": [{"nertag": "O"}]}, {"base_span": [1399, 1408], "annotations": [{"nertag": "O"}]}, {"base_span": [1408, 1409], "annotations": [{"nertag": "O"}]}, {"base_span": [1410, 1417], "annotations": [{"nertag": "B-PER"}]}, {"base_span": [1418, 1425], "annotations": [{"nertag": "I-PER"}]}, {"base_span": [1426, 1428], "annotations": [{"nertag": "O"}]}, {"base_span": [1429, 1435], "annotations": [{"nertag": "B-PER"}]}, {"base_span": [1436, 1444], "annotations": [{"nertag": "I-PER"}]}, {"base_span": [1445, 1449], "annotations": [{"nertag": "O"}]}, {"base_span": [1450, 1457], "annotations": [{"nertag": "O"}]}, {"base_span": [1458, 1460], "annotations": [{"nertag": "O"}]}, {"base_span": [1461, 1465], "annotations": [{"nertag": "O"}]}, {"base_span": [1465, 1466], "annotations": [{"nertag": "O"}]}, {"base_span": [1467, 1473], "annotations": [{"nertag": "O"}]}, {"base_span": [1474, 1480], "annotations": [{"nertag": "O"}]}, {"base_span": [1480, 1481], "annotations": [{"nertag": "O"}]}, {"base_span": [1482, 1489], "annotations": [{"nertag": "O"}]}, {"base_span": [1490, 1493], "annotations": [{"nertag": "B-PER"}]}, {"base_span": [1494, 1500], "annotations": [{"nertag": "I-PER"}]}, {"base_span": [1501, 1503], "annotations": [{"nertag": "O"}]}, {"base_span": [1504, 1508], "annotations": [{"nertag": "O"}]}, {"base_span": [1509, 1512], "annotations": [{"nertag": "O"}]}, {"base_span": [1513, 1517], "annotations": [{"nertag": "O"}]}, {"base_span": [1518, 1529], "annotations": [{"nertag": "O"}]}, {"base_span": [1530, 1532], "annotations": [{"nertag": "O"}]}, {"base_span": [1533, 1537], "annotations": [{"nertag": "O"}]}, {"base_span": [1537, 1538], "annotations": [{"nertag": "O"}]}, {"base_span": [1540, 1542], "annotations": [{"nertag": "O"}]}, {"base_span": [1543, 1553], "annotations": [{"nertag": "O"}]}, {"base_span": [1554, 1557], "annotations": [{"nertag": "O"}]}, {"base_span": [1558, 1559], "annotations": [{"nertag": "O"}]}, {"base_span": [1559, 1562], "annotations": [{"nertag": "O"}]}, {"base_span": [1563, 1564], "annotations": [{"nertag": "O"}]}, {"base_span": [1564, 1567], "annotations": [{"nertag": "O"}]}, {"base_span": [1567, 1568], "annotations": [{"nertag": "O"}]}, {"base_span": [1569, 1572], "annotations": [{"nertag": "O"}]}, {"base_span": [1573, 1580], "annotations": [{"nertag": "O"}]}, {"base_span": [1581, 1588], "annotations": [{"nertag": "O"}]}, {"base_span": [1588, 1589], "annotations": [{"nertag": "O"}]}, {"base_span": [1591, 1598], "annotations": [{"nertag": "B-PER"}]}, {"base_span": [1599, 1603], "annotations": [{"nertag": "I-PER"}]}, {"base_span": [1604, 1607], "annotations": [{"nertag": "O"}]}, {"base_span": [1608, 1611], "annotations": [{"nertag": "B-PER"}]}, {"base_span": [1611, 1612], "annotations": [{"nertag": "I-PER"}]}, {"base_span": [1613, 1621], "annotations": [{"nertag": "I-PER"}]}, {"base_span": [1622, 1625], "annotations": [{"nertag": "O"}]}, {"base_span": [1626, 1631], "annotations": [{"nertag": "B-PER"}]}, {"base_span": [1632, 1636], "annotations": [{"nertag": "I-PER"}]}, {"base_span": [1638, 1641], "annotations": [{"nertag": "O"}]}, {"base_span": [1642, 1649], "annotations": [{"nertag": "B-PER"}]}, {"base_span": [1650, 1656], "annotations": [{"nertag": "I-PER"}]}, {"base_span": [1657, 1660], "annotations": [{"nertag": "O"}]}]}]}