{"text": "\nRanna mõisas sel 9mal Mail 1858\n\nOllid koos Pea kohto mees Jaak Lobba\n\nWöörmonder Jaan Weskimets\n\nTulli Ranna Mõisa koggokonna kohto ette Halliki walla Karel Kisel Naene, ja kaebab Ranna Walla Rätseppa Jakob Nõmme peäle, kaebusse assi on seda wisi Karel Kisel Naene olli Jakob Nõmme kätte winud üks kangas ja üttelnud kaks naeste kube õmelda teinud Rätsep ühhe kue kül kellega naene rahhul on, agga teise kue täis riet jänud weel seisma, pärrast sanud ühhe teise kangaga wahhetud ja sanud üks kuub tehtud teise modo pia kellega naene rahhul ei woi olla Küssib selle omma ride eest 4 1/2 Rubl. Küssiti Jakob Nõmme Naese käest kes kohto ette olli tulnud kudda se eksitus tulnud ütleb koggematta ja tahhab maksta.\n\nMoistetud\n\nJakob Nõmm maksab 4 Rubl ja pärrib sedda kube ommale mis naene ärra pelgas.\n\nPea kohto mees Jaak Lobba\n\nWöörmonder Jaan Weskimets\n\n\n", "meta": {"origin_directory": "vallakohus_neljas/"}, "layers": [{"name": "gold_ner", "attributes": ["nertag"], "parent": null, "enveloping": null, "ambiguous": false, "serialisation_module": null, "meta": {}, "spans": [{"base_span": [1, 13], "annotations": [{"nertag": "LOC_ORG"}]}, {"base_span": [60, 70], "annotations": [{"nertag": "PER"}]}, {"base_span": [83, 97], "annotations": [{"nertag": "PER"}]}, {"base_span": [105, 133], "annotations": [{"nertag": "ORG"}]}, {"base_span": [139, 152], "annotations": [{"nertag": "LOC_ORG"}]}, {"base_span": [153, 164], "annotations": [{"nertag": "PER"}]}, {"base_span": [182, 193], "annotations": [{"nertag": "LOC_ORG"}]}, {"base_span": [203, 214], "annotations": [{"nertag": "PER"}]}, {"base_span": [249, 260], "annotations": [{"nertag": "PER"}]}, {"base_span": [272, 283], "annotations": [{"nertag": "PER"}]}, {"base_span": [602, 613], "annotations": [{"nertag": "PER"}]}, {"base_span": [724, 734], "annotations": [{"nertag": "PER"}]}, {"base_span": [816, 826], "annotations": [{"nertag": "PER"}]}, {"base_span": [839, 853], "annotations": [{"nertag": "PER"}]}]}, {"name": "gold_wordner", "attributes": ["nertag"], "parent": null, "enveloping": null, "ambiguous": false, "serialisation_module": null, "meta": {}, "spans": [{"base_span": [1, 6], "annotations": [{"nertag": "B-LOC_ORG"}]}, {"base_span": [7, 13], "annotations": [{"nertag": "I-LOC_ORG"}]}, {"base_span": [14, 17], "annotations": [{"nertag": "O"}]}, {"base_span": [18, 22], "annotations": [{"nertag": "O"}]}, {"base_span": [23, 27], "annotations": [{"nertag": "O"}]}, {"base_span": [28, 32], "annotations": [{"nertag": "O"}]}, {"base_span": [34, 39], "annotations": [{"nertag": "O"}]}, {"base_span": [40, 44], "annotations": [{"nertag": "O"}]}, {"base_span": [45, 48], "annotations": [{"nertag": "O"}]}, {"base_span": [49, 54], "annotations": [{"nertag": "O"}]}, {"base_span": [55, 59], "annotations": [{"nertag": "O"}]}, {"base_span": [60, 64], "annotations": [{"nertag": "B-PER"}]}, {"base_span": [65, 70], "annotations": [{"nertag": "I-PER"}]}, {"base_span": [72, 82], "annotations": [{"nertag": "O"}]}, {"base_span": [83, 87], "annotations": [{"nertag": "B-PER"}]}, {"base_span": [88, 97], "annotations": [{"nertag": "I-PER"}]}, {"base_span": [99, 104], "annotations": [{"nertag": "O"}]}, {"base_span": [105, 110], "annotations": [{"nertag": "B-ORG"}]}, {"base_span": [111, 116], "annotations": [{"nertag": "I-ORG"}]}, {"base_span": [117, 127], "annotations": [{"nertag": "I-ORG"}]}, {"base_span": [128, 133], "annotations": [{"nertag": "I-ORG"}]}, {"base_span": [134, 138], "annotations": [{"nertag": "O"}]}, {"base_span": [139, 146], "annotations": [{"nertag": "B-LOC_ORG"}]}, {"base_span": [147, 152], "annotations": [{"nertag": "I-LOC_ORG"}]}, {"base_span": [153, 158], "annotations": [{"nertag": "B-PER"}]}, {"base_span": [159, 164], "annotations": [{"nertag": "I-PER"}]}, {"base_span": [165, 170], "annotations": [{"nertag": "O"}]}, {"base_span": [170, 171], "annotations": [{"nertag": "O"}]}, {"base_span": [172, 174], "annotations": [{"nertag": "O"}]}, {"base_span": [175, 181], "annotations": [{"nertag": "O"}]}, {"base_span": [182, 187], "annotations": [{"nertag": "B-LOC_ORG"}]}, {"base_span": [188, 193], "annotations": [{"nertag": "I-LOC_ORG"}]}, {"base_span": [194, 202], "annotations": [{"nertag": "O"}]}, {"base_span": [203, 208], "annotations": [{"nertag": "B-PER"}]}, {"base_span": [209, 214], "annotations": [{"nertag": "I-PER"}]}, {"base_span": [215, 220], "annotations": [{"nertag": "O"}]}, {"base_span": [220, 221], "annotations": [{"nertag": "O"}]}, {"base_span": [222, 230], "annotations": [{"nertag": "O"}]}, {"base_span": [231, 235], "annotations": [{"nertag": "O"}]}, {"base_span": [236, 238], "annotations": [{"nertag": "O"}]}, {"base_span": [239, 243], "annotations": [{"nertag": "O"}]}, {"base_span": [244, 248], "annotations": [{"nertag": "O"}]}, {"base_span": [249, 254], "annotations": [{"nertag": "B-PER"}]}, {"base_span": [255, 260], "annotations": [{"nertag": "I-PER"}]}, {"base_span": [261, 266], "annotations": [{"nertag": "O"}]}, {"base_span": [267, 271], "annotations": [{"nertag": "O"}]}, {"base_span": [272, 277], "annotations": [{"nertag": "B-PER"}]}, {"base_span": [278, 283], "annotations": [{"nertag": "I-PER"}]}, {"base_span": [284, 289], "annotations": [{"nertag": "O"}]}, {"base_span": [290, 295], "annotations": [{"nertag": "O"}]}, {"base_span": [296, 299], "annotations": [{"nertag": "O"}]}, {"base_span": [300, 306], "annotations": [{"nertag": "O"}]}, {"base_span": [307, 309], "annotations": [{"nertag": "O"}]}, {"base_span": [310, 318], "annotations": [{"nertag": "O"}]}, {"base_span": [319, 323], "annotations": [{"nertag": "O"}]}, {"base_span": [324, 330], "annotations": [{"nertag": "O"}]}, {"base_span": [331, 335], "annotations": [{"nertag": "O"}]}, {"base_span": [336, 342], "annotations": [{"nertag": "O"}]}, {"base_span": [343, 349], "annotations": [{"nertag": "O"}]}, {"base_span": [350, 356], "annotations": [{"nertag": "O"}]}, {"base_span": [357, 361], "annotations": [{"nertag": "O"}]}, {"base_span": [362, 365], "annotations": [{"nertag": "O"}]}, {"base_span": [366, 369], "annotations": [{"nertag": "O"}]}, {"base_span": [370, 377], "annotations": [{"nertag": "O"}]}, {"base_span": [378, 383], "annotations": [{"nertag": "O"}]}, {"base_span": [384, 390], "annotations": [{"nertag": "O"}]}, {"base_span": [391, 393], "annotations": [{"nertag": "O"}]}, {"base_span": [393, 394], "annotations": [{"nertag": "O"}]}, {"base_span": [395, 399], "annotations": [{"nertag": "O"}]}, {"base_span": [400, 405], "annotations": [{"nertag": "O"}]}, {"base_span": [406, 409], "annotations": [{"nertag": "O"}]}, {"base_span": [410, 414], "annotations": [{"nertag": "O"}]}, {"base_span": [415, 419], "annotations": [{"nertag": "O"}]}, {"base_span": [420, 425], "annotations": [{"nertag": "O"}]}, {"base_span": [426, 430], "annotations": [{"nertag": "O"}]}, {"base_span": [431, 437], "annotations": [{"nertag": "O"}]}, {"base_span": [437, 438], "annotations": [{"nertag": "O"}]}, {"base_span": [439, 446], "annotations": [{"nertag": "O"}]}, {"base_span": [447, 452], "annotations": [{"nertag": "O"}]}, {"base_span": [453, 457], "annotations": [{"nertag": "O"}]}, {"base_span": [458, 463], "annotations": [{"nertag": "O"}]}, {"base_span": [464, 471], "annotations": [{"nertag": "O"}]}, {"base_span": [472, 480], "annotations": [{"nertag": "O"}]}, {"base_span": [481, 483], "annotations": [{"nertag": "O"}]}, {"base_span": [484, 489], "annotations": [{"nertag": "O"}]}, {"base_span": [490, 493], "annotations": [{"nertag": "O"}]}, {"base_span": [494, 498], "annotations": [{"nertag": "O"}]}, {"base_span": [499, 505], "annotations": [{"nertag": "O"}]}, {"base_span": [506, 511], "annotations": [{"nertag": "O"}]}, {"base_span": [512, 516], "annotations": [{"nertag": "O"}]}, {"base_span": [517, 520], "annotations": [{"nertag": "O"}]}, {"base_span": [521, 528], "annotations": [{"nertag": "O"}]}, {"base_span": [529, 534], "annotations": [{"nertag": "O"}]}, {"base_span": [535, 541], "annotations": [{"nertag": "O"}]}, {"base_span": [542, 544], "annotations": [{"nertag": "O"}]}, {"base_span": [545, 548], "annotations": [{"nertag": "O"}]}, {"base_span": [549, 553], "annotations": [{"nertag": "O"}]}, {"base_span": [554, 560], "annotations": [{"nertag": "O"}]}, {"base_span": [561, 566], "annotations": [{"nertag": "O"}]}, {"base_span": [567, 571], "annotations": [{"nertag": "O"}]}, {"base_span": [572, 576], "annotations": [{"nertag": "O"}]}, {"base_span": [577, 581], "annotations": [{"nertag": "O"}]}, {"base_span": [582, 583], "annotations": [{"nertag": "O"}]}, {"base_span": [584, 585], "annotations": [{"nertag": "O"}]}, {"base_span": [585, 586], "annotations": [{"nertag": "O"}]}, {"base_span": [586, 587], "annotations": [{"nertag": "O"}]}, {"base_span": [588, 592], "annotations": [{"nertag": "O"}]}, {"base_span": [592, 593], "annotations": [{"nertag": "O"}]}, {"base_span": [594, 601], "annotations": [{"nertag": "O"}]}, {"base_span": [602, 607], "annotations": [{"nertag": "B-PER"}]}, {"base_span": [608, 613], "annotations": [{"nertag": "I-PER"}]}, {"base_span": [614, 619], "annotations": [{"nertag": "O"}]}, {"base_span": [620, 625], "annotations": [{"nertag": "O"}]}, {"base_span": [626, 629], "annotations": [{"nertag": "O"}]}, {"base_span": [630, 635], "annotations": [{"nertag": "O"}]}, {"base_span": [636, 640], "annotations": [{"nertag": "O"}]}, {"base_span": [641, 645], "annotations": [{"nertag": "O"}]}, {"base_span": [646, 652], "annotations": [{"nertag": "O"}]}, {"base_span": [653, 658], "annotations": [{"nertag": "O"}]}, {"base_span": [659, 661], "annotations": [{"nertag": "O"}]}, {"base_span": [662, 669], "annotations": [{"nertag": "O"}]}, {"base_span": [670, 676], "annotations": [{"nertag": "O"}]}, {"base_span": [677, 682], "annotations": [{"nertag": "O"}]}, {"base_span": [683, 693], "annotations": [{"nertag": "O"}]}, {"base_span": [694, 696], "annotations": [{"nertag": "O"}]}, {"base_span": [697, 703], "annotations": [{"nertag": "O"}]}, {"base_span": [704, 710], "annotations": [{"nertag": "O"}]}, {"base_span": [710, 711], "annotations": [{"nertag": "O"}]}, {"base_span": [713, 722], "annotations": [{"nertag": "O"}]}, {"base_span": [724, 729], "annotations": [{"nertag": "B-PER"}]}, {"base_span": [730, 734], "annotations": [{"nertag": "I-PER"}]}, {"base_span": [735, 741], "annotations": [{"nertag": "O"}]}, {"base_span": [742, 743], "annotations": [{"nertag": "O"}]}, {"base_span": [744, 748], "annotations": [{"nertag": "O"}]}, {"base_span": [749, 751], "annotations": [{"nertag": "O"}]}, {"base_span": [752, 758], "annotations": [{"nertag": "O"}]}, {"base_span": [759, 764], "annotations": [{"nertag": "O"}]}, {"base_span": [765, 769], "annotations": [{"nertag": "O"}]}, {"base_span": [770, 776], "annotations": [{"nertag": "O"}]}, {"base_span": [777, 780], "annotations": [{"nertag": "O"}]}, {"base_span": [781, 786], "annotations": [{"nertag": "O"}]}, {"base_span": [787, 791], "annotations": [{"nertag": "O"}]}, {"base_span": [792, 798], "annotations": [{"nertag": "O"}]}, {"base_span": [798, 799], "annotations": [{"nertag": "O"}]}, {"base_span": [801, 804], "annotations": [{"nertag": "O"}]}, {"base_span": [805, 810], "annotations": [{"nertag": "O"}]}, {"base_span": [811, 815], "annotations": [{"nertag": "O"}]}, {"base_span": [816, 820], "annotations": [{"nertag": "B-PER"}]}, {"base_span": [821, 826], "annotations": [{"nertag": "I-PER"}]}, {"base_span": [828, 838], "annotations": [{"nertag": "O"}]}, {"base_span": [839, 843], "annotations": [{"nertag": "B-PER"}]}, {"base_span": [844, 853], "annotations": [{"nertag": "I-PER"}]}]}]}