{"text": "\nProtokolli põhjusel 28 Oktobrist s.a. No 197 wastutas Peeter Johansoon, et tema neid kõiwusid mõisa mõtsast  warastanud ei ole, aga siis kui mõtsawahid juure tulnud, olewat tema neid katki lõhkunud; tema isa Jaan Johansoon on kõiwud kodu toonud, aga kust kohast, seda ei tea tema. Et P. Johansoon alaealine, siis ol isa Jaan tema käemeheks kohtu ees.\n\nJaan Johansoon ütles küsimise peale, et tema need 10 kõiwu Irde Johan Kraawi käest saanud, kellele tema 9 päiwa suwel teinud ja lina leotamise auad annud.\n\nOtsus: Et wargus üle wiie rbl. wäärt, siis saab asi Keiserliku IV Tartu Kihelkonna kohtu ülekuulamise alla antud.\n\n\n", "meta": {"origin_directory": "vallakohus_teine/"}, "layers": [{"name": "gold_ner", "attributes": ["nertag"], "parent": null, "enveloping": null, "ambiguous": false, "serialisation_module": null, "meta": {}, "spans": [{"base_span": [55, 71], "annotations": [{"nertag": "PER"}]}, {"base_span": [209, 223], "annotations": [{"nertag": "PER"}]}, {"base_span": [285, 297], "annotations": [{"nertag": "PER"}]}, {"base_span": [321, 325], "annotations": [{"nertag": "PER"}]}, {"base_span": [353, 367], "annotations": [{"nertag": "PER"}]}, {"base_span": [412, 416], "annotations": [{"nertag": "LOC_ORG"}]}, {"base_span": [417, 429], "annotations": [{"nertag": "PER"}]}, {"base_span": [561, 597], "annotations": [{"nertag": "ORG"}]}]}, {"name": "gold_wordner", "attributes": ["nertag"], "parent": null, "enveloping": null, "ambiguous": false, "serialisation_module": null, "meta": {}, "spans": [{"base_span": [1, 11], "annotations": [{"nertag": "O"}]}, {"base_span": [12, 20], "annotations": [{"nertag": "O"}]}, {"base_span": [21, 23], "annotations": [{"nertag": "O"}]}, {"base_span": [24, 33], "annotations": [{"nertag": "O"}]}, {"base_span": [34, 35], "annotations": [{"nertag": "O"}]}, {"base_span": [35, 36], "annotations": [{"nertag": "O"}]}, {"base_span": [36, 37], "annotations": [{"nertag": "O"}]}, {"base_span": [37, 38], "annotations": [{"nertag": "O"}]}, {"base_span": [39, 41], "annotations": [{"nertag": "O"}]}, {"base_span": [42, 45], "annotations": [{"nertag": "O"}]}, {"base_span": [46, 54], "annotations": [{"nertag": "O"}]}, {"base_span": [55, 61], "annotations": [{"nertag": "B-PER"}]}, {"base_span": [62, 71], "annotations": [{"nertag": "I-PER"}]}, {"base_span": [71, 72], "annotations": [{"nertag": "O"}]}, {"base_span": [73, 75], "annotations": [{"nertag": "O"}]}, {"base_span": [76, 80], "annotations": [{"nertag": "O"}]}, {"base_span": [81, 85], "annotations": [{"nertag": "O"}]}, {"base_span": [86, 94], "annotations": [{"nertag": "O"}]}, {"base_span": [95, 100], "annotations": [{"nertag": "O"}]}, {"base_span": [101, 108], "annotations": [{"nertag": "O"}]}, {"base_span": [110, 120], "annotations": [{"nertag": "O"}]}, {"base_span": [121, 123], "annotations": [{"nertag": "O"}]}, {"base_span": [124, 127], "annotations": [{"nertag": "O"}]}, {"base_span": [127, 128], "annotations": [{"nertag": "O"}]}, {"base_span": [129, 132], "annotations": [{"nertag": "O"}]}, {"base_span": [133, 137], "annotations": [{"nertag": "O"}]}, {"base_span": [138, 141], "annotations": [{"nertag": "O"}]}, {"base_span": [142, 152], "annotations": [{"nertag": "O"}]}, {"base_span": [153, 158], "annotations": [{"nertag": "O"}]}, {"base_span": [159, 165], "annotations": [{"nertag": "O"}]}, {"base_span": [165, 166], "annotations": [{"nertag": "O"}]}, {"base_span": [167, 173], "annotations": [{"nertag": "O"}]}, {"base_span": [174, 178], "annotations": [{"nertag": "O"}]}, {"base_span": [179, 183], "annotations": [{"nertag": "O"}]}, {"base_span": [184, 189], "annotations": [{"nertag": "O"}]}, {"base_span": [190, 198], "annotations": [{"nertag": "O"}]}, {"base_span": [198, 199], "annotations": [{"nertag": "O"}]}, {"base_span": [200, 204], "annotations": [{"nertag": "O"}]}, {"base_span": [205, 208], "annotations": [{"nertag": "O"}]}, {"base_span": [209, 213], "annotations": [{"nertag": "B-PER"}]}, {"base_span": [214, 223], "annotations": [{"nertag": "I-PER"}]}, {"base_span": [224, 226], "annotations": [{"nertag": "O"}]}, {"base_span": [227, 233], "annotations": [{"nertag": "O"}]}, {"base_span": [234, 238], "annotations": [{"nertag": "O"}]}, {"base_span": [239, 245], "annotations": [{"nertag": "O"}]}, {"base_span": [245, 246], "annotations": [{"nertag": "O"}]}, {"base_span": [247, 250], "annotations": [{"nertag": "O"}]}, {"base_span": [251, 255], "annotations": [{"nertag": "O"}]}, {"base_span": [256, 262], "annotations": [{"nertag": "O"}]}, {"base_span": [262, 263], "annotations": [{"nertag": "O"}]}, {"base_span": [264, 268], "annotations": [{"nertag": "O"}]}, {"base_span": [269, 271], "annotations": [{"nertag": "O"}]}, {"base_span": [272, 275], "annotations": [{"nertag": "O"}]}, {"base_span": [276, 280], "annotations": [{"nertag": "O"}]}, {"base_span": [280, 281], "annotations": [{"nertag": "O"}]}, {"base_span": [282, 284], "annotations": [{"nertag": "O"}]}, {"base_span": [285, 286], "annotations": [{"nertag": "B-PER"}]}, {"base_span": [286, 287], "annotations": [{"nertag": "I-PER"}]}, {"base_span": [288, 297], "annotations": [{"nertag": "I-PER"}]}, {"base_span": [298, 307], "annotations": [{"nertag": "O"}]}, {"base_span": [307, 308], "annotations": [{"nertag": "O"}]}, {"base_span": [309, 313], "annotations": [{"nertag": "O"}]}, {"base_span": [314, 316], "annotations": [{"nertag": "O"}]}, {"base_span": [317, 320], "annotations": [{"nertag": "O"}]}, {"base_span": [321, 325], "annotations": [{"nertag": "B-PER"}]}, {"base_span": [326, 330], "annotations": [{"nertag": "O"}]}, {"base_span": [331, 340], "annotations": [{"nertag": "O"}]}, {"base_span": [341, 346], "annotations": [{"nertag": "O"}]}, {"base_span": [347, 350], "annotations": [{"nertag": "O"}]}, {"base_span": [350, 351], "annotations": [{"nertag": "O"}]}, {"base_span": [353, 357], "annotations": [{"nertag": "B-PER"}]}, {"base_span": [358, 367], "annotations": [{"nertag": "I-PER"}]}, {"base_span": [368, 373], "annotations": [{"nertag": "O"}]}, {"base_span": [374, 382], "annotations": [{"nertag": "O"}]}, {"base_span": [383, 388], "annotations": [{"nertag": "O"}]}, {"base_span": [388, 389], "annotations": [{"nertag": "O"}]}, {"base_span": [390, 392], "annotations": [{"nertag": "O"}]}, {"base_span": [393, 397], "annotations": [{"nertag": "O"}]}, {"base_span": [398, 402], "annotations": [{"nertag": "O"}]}, {"base_span": [403, 405], "annotations": [{"nertag": "O"}]}, {"base_span": [406, 411], "annotations": [{"nertag": "O"}]}, {"base_span": [412, 416], "annotations": [{"nertag": "B-LOC_ORG"}]}, {"base_span": [417, 422], "annotations": [{"nertag": "B-PER"}]}, {"base_span": [423, 429], "annotations": [{"nertag": "I-PER"}]}, {"base_span": [430, 435], "annotations": [{"nertag": "O"}]}, {"base_span": [436, 442], "annotations": [{"nertag": "O"}]}, {"base_span": [442, 443], "annotations": [{"nertag": "O"}]}, {"base_span": [444, 451], "annotations": [{"nertag": "O"}]}, {"base_span": [452, 456], "annotations": [{"nertag": "O"}]}, {"base_span": [457, 458], "annotations": [{"nertag": "O"}]}, {"base_span": [459, 464], "annotations": [{"nertag": "O"}]}, {"base_span": [465, 470], "annotations": [{"nertag": "O"}]}, {"base_span": [471, 477], "annotations": [{"nertag": "O"}]}, {"base_span": [478, 480], "annotations": [{"nertag": "O"}]}, {"base_span": [481, 485], "annotations": [{"nertag": "O"}]}, {"base_span": [486, 495], "annotations": [{"nertag": "O"}]}, {"base_span": [496, 500], "annotations": [{"nertag": "O"}]}, {"base_span": [501, 506], "annotations": [{"nertag": "O"}]}, {"base_span": [506, 507], "annotations": [{"nertag": "O"}]}, {"base_span": [509, 514], "annotations": [{"nertag": "O"}]}, {"base_span": [514, 515], "annotations": [{"nertag": "O"}]}, {"base_span": [516, 518], "annotations": [{"nertag": "O"}]}, {"base_span": [519, 525], "annotations": [{"nertag": "O"}]}, {"base_span": [526, 529], "annotations": [{"nertag": "O"}]}, {"base_span": [530, 534], "annotations": [{"nertag": "O"}]}, {"base_span": [535, 538], "annotations": [{"nertag": "O"}]}, {"base_span": [538, 539], "annotations": [{"nertag": "O"}]}, {"base_span": [540, 545], "annotations": [{"nertag": "O"}]}, {"base_span": [545, 546], "annotations": [{"nertag": "O"}]}, {"base_span": [547, 551], "annotations": [{"nertag": "O"}]}, {"base_span": [552, 556], "annotations": [{"nertag": "O"}]}, {"base_span": [557, 560], "annotations": [{"nertag": "O"}]}, {"base_span": [561, 571], "annotations": [{"nertag": "B-ORG"}]}, {"base_span": [572, 574], "annotations": [{"nertag": "I-ORG"}]}, {"base_span": [575, 580], "annotations": [{"nertag": "I-ORG"}]}, {"base_span": [581, 591], "annotations": [{"nertag": "I-ORG"}]}, {"base_span": [592, 597], "annotations": [{"nertag": "I-ORG"}]}, {"base_span": [598, 610], "annotations": [{"nertag": "O"}]}, {"base_span": [611, 615], "annotations": [{"nertag": "O"}]}, {"base_span": [616, 621], "annotations": [{"nertag": "O"}]}, {"base_span": [621, 622], "annotations": [{"nertag": "O"}]}]}]}