{"text": "VII\nN 83. Ette tuli Jakob Domberg ja kaebas, et peremees Karli Domberg olla tema käest ühe punna nõwa linu ära wõtnud, et need olla talu linad ja tema linadest warastud, mida siis wallawöörmünder olla üle kaenud. Tema paluwad seda seletada ja lina punna eest 2 rubla sisse nõuda ka kohtus käimise jala waewa ja trotsimist. \nKohtu pool said need linad üle waadatud ja leitud, et need linad talu linadega kokku ei sündinud ja et Karli Domberg mitme korra ette kutsumise pääle, ette ei ole tulnud siis sai otsuseks.\nEt Karli Domberg peab 2 rubla lina punna eest ja 2 kaks rubla kohtus käimise jala waea Jakob Domberg hääks 8 pääwa sees siia sisse maksma kui otsus saab kuulutud. \nOtsus sai sääduslikult kuulutud Jakob Dombergile\nKarli Domberg saab otsust kuulma kutsutud. \nPeakohtumees: P. Soonberg\nKohtumees: J. Soosaar\nKohtumees: J. Asmus\nKirjutaja Apsberg.\n\nN \n\"\n", "meta": {"origin_directory": "vallakohus_esimene/"}, "layers": [{"name": "gold_ner", "attributes": ["nertag"], "parent": null, "enveloping": null, "ambiguous": false, "serialisation_module": null, "meta": {}, "spans": [{"base_span": [20, 33], "annotations": [{"nertag": "PER"}]}, {"base_span": [57, 70], "annotations": [{"nertag": "PER"}]}, {"base_span": [427, 440], "annotations": [{"nertag": "PER"}]}, {"base_span": [516, 529], "annotations": [{"nertag": "PER"}]}, {"base_span": [600, 613], "annotations": [{"nertag": "PER"}]}, {"base_span": [709, 725], "annotations": [{"nertag": "PER"}]}, {"base_span": [726, 739], "annotations": [{"nertag": "PER"}]}, {"base_span": [784, 795], "annotations": [{"nertag": "PER"}]}, {"base_span": [807, 817], "annotations": [{"nertag": "PER"}]}, {"base_span": [829, 837], "annotations": [{"nertag": "PER"}]}, {"base_span": [848, 855], "annotations": [{"nertag": "PER"}]}]}, {"name": "gold_wordner", "attributes": ["nertag"], "parent": null, "enveloping": null, "ambiguous": false, "serialisation_module": null, "meta": {}, "spans": [{"base_span": [0, 3], "annotations": [{"nertag": "O"}]}, {"base_span": [4, 5], "annotations": [{"nertag": "O"}]}, {"base_span": [6, 9], "annotations": [{"nertag": "O"}]}, {"base_span": [10, 14], "annotations": [{"nertag": "O"}]}, {"base_span": [15, 19], "annotations": [{"nertag": "O"}]}, {"base_span": [20, 25], "annotations": [{"nertag": "B-PER"}]}, {"base_span": [26, 33], "annotations": [{"nertag": "I-PER"}]}, {"base_span": [34, 36], "annotations": [{"nertag": "O"}]}, {"base_span": [37, 43], "annotations": [{"nertag": "O"}]}, {"base_span": [43, 44], "annotations": [{"nertag": "O"}]}, {"base_span": [45, 47], "annotations": [{"nertag": "O"}]}, {"base_span": [48, 56], "annotations": [{"nertag": "O"}]}, {"base_span": [57, 62], "annotations": [{"nertag": "B-PER"}]}, {"base_span": [63, 70], "annotations": [{"nertag": "I-PER"}]}, {"base_span": [71, 75], "annotations": [{"nertag": "O"}]}, {"base_span": [76, 80], "annotations": [{"nertag": "O"}]}, {"base_span": [81, 86], "annotations": [{"nertag": "O"}]}, {"base_span": [87, 90], "annotations": [{"nertag": "O"}]}, {"base_span": [91, 96], "annotations": [{"nertag": "O"}]}, {"base_span": [97, 101], "annotations": [{"nertag": "O"}]}, {"base_span": [102, 106], "annotations": [{"nertag": "O"}]}, {"base_span": [107, 110], "annotations": [{"nertag": "O"}]}, {"base_span": [111, 117], "annotations": [{"nertag": "O"}]}, {"base_span": [117, 118], "annotations": [{"nertag": "O"}]}, {"base_span": [119, 121], "annotations": [{"nertag": "O"}]}, {"base_span": [122, 126], "annotations": [{"nertag": "O"}]}, {"base_span": [127, 131], "annotations": [{"nertag": "O"}]}, {"base_span": [132, 136], "annotations": [{"nertag": "O"}]}, {"base_span": [137, 142], "annotations": [{"nertag": "O"}]}, {"base_span": [143, 145], "annotations": [{"nertag": "O"}]}, {"base_span": [146, 150], "annotations": [{"nertag": "O"}]}, {"base_span": [151, 159], "annotations": [{"nertag": "O"}]}, {"base_span": [160, 168], "annotations": [{"nertag": "O"}]}, {"base_span": [168, 169], "annotations": [{"nertag": "O"}]}, {"base_span": [170, 174], "annotations": [{"nertag": "O"}]}, {"base_span": [175, 179], "annotations": [{"nertag": "O"}]}, {"base_span": [180, 195], "annotations": [{"nertag": "O"}]}, {"base_span": [196, 200], "annotations": [{"nertag": "O"}]}, {"base_span": [201, 204], "annotations": [{"nertag": "O"}]}, {"base_span": [205, 211], "annotations": [{"nertag": "O"}]}, {"base_span": [211, 212], "annotations": [{"nertag": "O"}]}, {"base_span": [213, 217], "annotations": [{"nertag": "O"}]}, {"base_span": [218, 225], "annotations": [{"nertag": "O"}]}, {"base_span": [226, 230], "annotations": [{"nertag": "O"}]}, {"base_span": [231, 239], "annotations": [{"nertag": "O"}]}, {"base_span": [240, 242], "annotations": [{"nertag": "O"}]}, {"base_span": [243, 247], "annotations": [{"nertag": "O"}]}, {"base_span": [248, 253], "annotations": [{"nertag": "O"}]}, {"base_span": [254, 258], "annotations": [{"nertag": "O"}]}, {"base_span": [259, 260], "annotations": [{"nertag": "O"}]}, {"base_span": [261, 266], "annotations": [{"nertag": "O"}]}, {"base_span": [267, 272], "annotations": [{"nertag": "O"}]}, {"base_span": [273, 278], "annotations": [{"nertag": "O"}]}, {"base_span": [279, 281], "annotations": [{"nertag": "O"}]}, {"base_span": [282, 288], "annotations": [{"nertag": "O"}]}, {"base_span": [289, 296], "annotations": [{"nertag": "O"}]}, {"base_span": [297, 301], "annotations": [{"nertag": "O"}]}, {"base_span": [302, 307], "annotations": [{"nertag": "O"}]}, {"base_span": [308, 310], "annotations": [{"nertag": "O"}]}, {"base_span": [311, 321], "annotations": [{"nertag": "O"}]}, {"base_span": [321, 322], "annotations": [{"nertag": "O"}]}, {"base_span": [324, 329], "annotations": [{"nertag": "O"}]}, {"base_span": [330, 334], "annotations": [{"nertag": "O"}]}, {"base_span": [335, 339], "annotations": [{"nertag": "O"}]}, {"base_span": [340, 344], "annotations": [{"nertag": "O"}]}, {"base_span": [345, 350], "annotations": [{"nertag": "O"}]}, {"base_span": [351, 354], "annotations": [{"nertag": "O"}]}, {"base_span": [355, 363], "annotations": [{"nertag": "O"}]}, {"base_span": [364, 366], "annotations": [{"nertag": "O"}]}, {"base_span": [367, 373], "annotations": [{"nertag": "O"}]}, {"base_span": [373, 374], "annotations": [{"nertag": "O"}]}, {"base_span": [375, 377], "annotations": [{"nertag": "O"}]}, {"base_span": [378, 382], "annotations": [{"nertag": "O"}]}, {"base_span": [383, 388], "annotations": [{"nertag": "O"}]}, {"base_span": [389, 393], "annotations": [{"nertag": "O"}]}, {"base_span": [394, 402], "annotations": [{"nertag": "O"}]}, {"base_span": [403, 408], "annotations": [{"nertag": "O"}]}, {"base_span": [409, 411], "annotations": [{"nertag": "O"}]}, {"base_span": [412, 420], "annotations": [{"nertag": "O"}]}, {"base_span": [421, 423], "annotations": [{"nertag": "O"}]}, {"base_span": [424, 426], "annotations": [{"nertag": "O"}]}, {"base_span": [427, 432], "annotations": [{"nertag": "B-PER"}]}, {"base_span": [433, 440], "annotations": [{"nertag": "I-PER"}]}, {"base_span": [441, 446], "annotations": [{"nertag": "O"}]}, {"base_span": [447, 452], "annotations": [{"nertag": "O"}]}, {"base_span": [453, 457], "annotations": [{"nertag": "O"}]}, {"base_span": [458, 467], "annotations": [{"nertag": "O"}]}, {"base_span": [468, 473], "annotations": [{"nertag": "O"}]}, {"base_span": [473, 474], "annotations": [{"nertag": "O"}]}, {"base_span": [475, 479], "annotations": [{"nertag": "O"}]}, {"base_span": [480, 482], "annotations": [{"nertag": "O"}]}, {"base_span": [483, 486], "annotations": [{"nertag": "O"}]}, {"base_span": [487, 493], "annotations": [{"nertag": "O"}]}, {"base_span": [494, 498], "annotations": [{"nertag": "O"}]}, {"base_span": [499, 502], "annotations": [{"nertag": "O"}]}, {"base_span": [503, 511], "annotations": [{"nertag": "O"}]}, {"base_span": [511, 512], "annotations": [{"nertag": "O"}]}, {"base_span": [513, 515], "annotations": [{"nertag": "O"}]}, {"base_span": [516, 521], "annotations": [{"nertag": "B-PER"}]}, {"base_span": [522, 529], "annotations": [{"nertag": "I-PER"}]}, {"base_span": [530, 534], "annotations": [{"nertag": "O"}]}, {"base_span": [535, 536], "annotations": [{"nertag": "O"}]}, {"base_span": [537, 542], "annotations": [{"nertag": "O"}]}, {"base_span": [543, 547], "annotations": [{"nertag": "O"}]}, {"base_span": [548, 553], "annotations": [{"nertag": "O"}]}, {"base_span": [554, 558], "annotations": [{"nertag": "O"}]}, {"base_span": [559, 561], "annotations": [{"nertag": "O"}]}, {"base_span": [562, 563], "annotations": [{"nertag": "O"}]}, {"base_span": [564, 568], "annotations": [{"nertag": "O"}]}, {"base_span": [569, 574], "annotations": [{"nertag": "O"}]}, {"base_span": [575, 581], "annotations": [{"nertag": "O"}]}, {"base_span": [582, 589], "annotations": [{"nertag": "O"}]}, {"base_span": [590, 594], "annotations": [{"nertag": "O"}]}, {"base_span": [595, 599], "annotations": [{"nertag": "O"}]}, {"base_span": [600, 605], "annotations": [{"nertag": "B-PER"}]}, {"base_span": [606, 613], "annotations": [{"nertag": "I-PER"}]}, {"base_span": [614, 619], "annotations": [{"nertag": "O"}]}, {"base_span": [620, 621], "annotations": [{"nertag": "O"}]}, {"base_span": [622, 627], "annotations": [{"nertag": "O"}]}, {"base_span": [628, 632], "annotations": [{"nertag": "O"}]}, {"base_span": [633, 637], "annotations": [{"nertag": "O"}]}, {"base_span": [638, 643], "annotations": [{"nertag": "O"}]}, {"base_span": [644, 650], "annotations": [{"nertag": "O"}]}, {"base_span": [651, 654], "annotations": [{"nertag": "O"}]}, {"base_span": [655, 660], "annotations": [{"nertag": "O"}]}, {"base_span": [661, 665], "annotations": [{"nertag": "O"}]}, {"base_span": [666, 674], "annotations": [{"nertag": "O"}]}, {"base_span": [674, 675], "annotations": [{"nertag": "O"}]}, {"base_span": [677, 682], "annotations": [{"nertag": "O"}]}, {"base_span": [683, 686], "annotations": [{"nertag": "O"}]}, {"base_span": [687, 699], "annotations": [{"nertag": "O"}]}, {"base_span": [700, 708], "annotations": [{"nertag": "O"}]}, {"base_span": [709, 714], "annotations": [{"nertag": "B-PER"}]}, {"base_span": [715, 725], "annotations": [{"nertag": "I-PER"}]}, {"base_span": [726, 731], "annotations": [{"nertag": "B-PER"}]}, {"base_span": [732, 739], "annotations": [{"nertag": "I-PER"}]}, {"base_span": [740, 744], "annotations": [{"nertag": "O"}]}, {"base_span": [745, 751], "annotations": [{"nertag": "O"}]}, {"base_span": [752, 758], "annotations": [{"nertag": "O"}]}, {"base_span": [759, 767], "annotations": [{"nertag": "O"}]}, {"base_span": [767, 768], "annotations": [{"nertag": "O"}]}, {"base_span": [770, 782], "annotations": [{"nertag": "O"}]}, {"base_span": [782, 783], "annotations": [{"nertag": "O"}]}, {"base_span": [784, 785], "annotations": [{"nertag": "B-PER"}]}, {"base_span": [785, 786], "annotations": [{"nertag": "I-PER"}]}, {"base_span": [787, 795], "annotations": [{"nertag": "I-PER"}]}, {"base_span": [796, 805], "annotations": [{"nertag": "O"}]}, {"base_span": [805, 806], "annotations": [{"nertag": "O"}]}, {"base_span": [807, 808], "annotations": [{"nertag": "B-PER"}]}, {"base_span": [808, 809], "annotations": [{"nertag": "I-PER"}]}, {"base_span": [810, 817], "annotations": [{"nertag": "I-PER"}]}, {"base_span": [818, 827], "annotations": [{"nertag": "O"}]}, {"base_span": [827, 828], "annotations": [{"nertag": "O"}]}, {"base_span": [829, 830], "annotations": [{"nertag": "B-PER"}]}, {"base_span": [830, 831], "annotations": [{"nertag": "I-PER"}]}, {"base_span": [832, 837], "annotations": [{"nertag": "I-PER"}]}, {"base_span": [838, 847], "annotations": [{"nertag": "O"}]}, {"base_span": [848, 855], "annotations": [{"nertag": "B-PER"}]}, {"base_span": [855, 856], "annotations": [{"nertag": "O"}]}, {"base_span": [858, 859], "annotations": [{"nertag": "O"}]}, {"base_span": [861, 862], "annotations": [{"nertag": "O"}]}]}]}