{"text": "Annusse Tallo Rentnik Adam Puk kes Lesk tahhab ennast teise abbiellusse anda ja lubbab omma essimessest abbiellust mahha jäenud tütrele Ann se allamal nimmetud warrandus kui nimmelt:\nüks lehm\t\t\t10 Rubl\t\tüks lammas\t\t\t1          50 kop.\t\tüks kuub\t\t\t3        \"\t\tüks kassuk\t\t\t3        \"\t\tüks kampsun\t\t\t1      \"     50  \"\t\tkolm undrukud \t\t\t6            \"\t\tKokku\t\t\t25 Rubl - kop\t\tEestseisja: Peter Palm XXX\n                    wöölmönder\nPeakohtomees Mart Niggul XXX\nKohtomees Jürri Tächt XXX\n         \"           Jürri Ustav XXX\nwöölmönder Peter Palm XXX\n\"\n", "meta": {"origin_directory": "vallakohus_esimene/"}, "layers": [{"name": "gold_ner", "attributes": ["nertag"], "parent": null, "enveloping": null, "ambiguous": false, "serialisation_module": null, "meta": {}, "spans": [{"base_span": [0, 13], "annotations": [{"nertag": "LOC_ORG"}]}, {"base_span": [22, 30], "annotations": [{"nertag": "PER"}]}, {"base_span": [136, 139], "annotations": [{"nertag": "PER"}]}, {"base_span": [386, 396], "annotations": [{"nertag": "PER"}]}, {"base_span": [445, 456], "annotations": [{"nertag": "PER"}]}, {"base_span": [471, 482], "annotations": [{"nertag": "PER"}]}, {"base_span": [508, 519], "annotations": [{"nertag": "PER"}]}, {"base_span": [535, 545], "annotations": [{"nertag": "PER"}]}]}, {"name": "gold_wordner", "attributes": ["nertag"], "parent": null, "enveloping": null, "ambiguous": false, "serialisation_module": null, "meta": {}, "spans": [{"base_span": [0, 7], "annotations": [{"nertag": "B-LOC_ORG"}]}, {"base_span": [8, 13], "annotations": [{"nertag": "I-LOC_ORG"}]}, {"base_span": [14, 21], "annotations": [{"nertag": "O"}]}, {"base_span": [22, 26], "annotations": [{"nertag": "B-PER"}]}, {"base_span": [27, 30], "annotations": [{"nertag": "I-PER"}]}, {"base_span": [31, 34], "annotations": [{"nertag": "O"}]}, {"base_span": [35, 39], "annotations": [{"nertag": "O"}]}, {"base_span": [40, 46], "annotations": [{"nertag": "O"}]}, {"base_span": [47, 53], "annotations": [{"nertag": "O"}]}, {"base_span": [54, 59], "annotations": [{"nertag": "O"}]}, {"base_span": [60, 71], "annotations": [{"nertag": "O"}]}, {"base_span": [72, 76], "annotations": [{"nertag": "O"}]}, {"base_span": [77, 79], "annotations": [{"nertag": "O"}]}, {"base_span": [80, 86], "annotations": [{"nertag": "O"}]}, {"base_span": [87, 91], "annotations": [{"nertag": "O"}]}, {"base_span": [92, 103], "annotations": [{"nertag": "O"}]}, {"base_span": [104, 114], "annotations": [{"nertag": "O"}]}, {"base_span": [115, 120], "annotations": [{"nertag": "O"}]}, {"base_span": [121, 127], "annotations": [{"nertag": "O"}]}, {"base_span": [128, 135], "annotations": [{"nertag": "O"}]}, {"base_span": [136, 139], "annotations": [{"nertag": "B-PER"}]}, {"base_span": [140, 142], "annotations": [{"nertag": "O"}]}, {"base_span": [143, 150], "annotations": [{"nertag": "O"}]}, {"base_span": [151, 159], "annotations": [{"nertag": "O"}]}, {"base_span": [160, 169], "annotations": [{"nertag": "O"}]}, {"base_span": [170, 173], "annotations": [{"nertag": "O"}]}, {"base_span": [174, 181], "annotations": [{"nertag": "O"}]}, {"base_span": [181, 182], "annotations": [{"nertag": "O"}]}, {"base_span": [183, 186], "annotations": [{"nertag": "O"}]}, {"base_span": [187, 191], "annotations": [{"nertag": "O"}]}, {"base_span": [194, 196], "annotations": [{"nertag": "O"}]}, {"base_span": [197, 201], "annotations": [{"nertag": "O"}]}, {"base_span": [203, 206], "annotations": [{"nertag": "O"}]}, {"base_span": [207, 213], "annotations": [{"nertag": "O"}]}, {"base_span": [216, 217], "annotations": [{"nertag": "O"}]}, {"base_span": [227, 229], "annotations": [{"nertag": "O"}]}, {"base_span": [230, 233], "annotations": [{"nertag": "O"}]}, {"base_span": [233, 234], "annotations": [{"nertag": "O"}]}, {"base_span": [236, 239], "annotations": [{"nertag": "O"}]}, {"base_span": [240, 244], "annotations": [{"nertag": "O"}]}, {"base_span": [247, 248], "annotations": [{"nertag": "O"}]}, {"base_span": [256, 257], "annotations": [{"nertag": "O"}]}, {"base_span": [259, 262], "annotations": [{"nertag": "O"}]}, {"base_span": [263, 269], "annotations": [{"nertag": "O"}]}, {"base_span": [272, 273], "annotations": [{"nertag": "O"}]}, {"base_span": [281, 282], "annotations": [{"nertag": "O"}]}, {"base_span": [284, 287], "annotations": [{"nertag": "O"}]}, {"base_span": [288, 295], "annotations": [{"nertag": "O"}]}, {"base_span": [298, 299], "annotations": [{"nertag": "O"}]}, {"base_span": [305, 306], "annotations": [{"nertag": "O"}]}, {"base_span": [311, 313], "annotations": [{"nertag": "O"}]}, {"base_span": [315, 316], "annotations": [{"nertag": "O"}]}, {"base_span": [318, 322], "annotations": [{"nertag": "O"}]}, {"base_span": [323, 331], "annotations": [{"nertag": "O"}]}, {"base_span": [335, 336], "annotations": [{"nertag": "O"}]}, {"base_span": [348, 349], "annotations": [{"nertag": "O"}]}, {"base_span": [351, 356], "annotations": [{"nertag": "O"}]}, {"base_span": [359, 361], "annotations": [{"nertag": "O"}]}, {"base_span": [362, 366], "annotations": [{"nertag": "O"}]}, {"base_span": [367, 368], "annotations": [{"nertag": "O"}]}, {"base_span": [369, 372], "annotations": [{"nertag": "O"}]}, {"base_span": [374, 384], "annotations": [{"nertag": "O"}]}, {"base_span": [384, 385], "annotations": [{"nertag": "O"}]}, {"base_span": [386, 391], "annotations": [{"nertag": "B-PER"}]}, {"base_span": [392, 396], "annotations": [{"nertag": "I-PER"}]}, {"base_span": [397, 400], "annotations": [{"nertag": "O"}]}, {"base_span": [421, 431], "annotations": [{"nertag": "O"}]}, {"base_span": [432, 444], "annotations": [{"nertag": "O"}]}, {"base_span": [445, 449], "annotations": [{"nertag": "B-PER"}]}, {"base_span": [450, 456], "annotations": [{"nertag": "I-PER"}]}, {"base_span": [457, 460], "annotations": [{"nertag": "O"}]}, {"base_span": [461, 470], "annotations": [{"nertag": "O"}]}, {"base_span": [471, 476], "annotations": [{"nertag": "B-PER"}]}, {"base_span": [477, 482], "annotations": [{"nertag": "I-PER"}]}, {"base_span": [483, 486], "annotations": [{"nertag": "O"}]}, {"base_span": [496, 497], "annotations": [{"nertag": "O"}]}, {"base_span": [508, 513], "annotations": [{"nertag": "B-PER"}]}, {"base_span": [514, 519], "annotations": [{"nertag": "I-PER"}]}, {"base_span": [520, 523], "annotations": [{"nertag": "O"}]}, {"base_span": [524, 534], "annotations": [{"nertag": "O"}]}, {"base_span": [535, 540], "annotations": [{"nertag": "B-PER"}]}, {"base_span": [541, 545], "annotations": [{"nertag": "I-PER"}]}, {"base_span": [546, 549], "annotations": [{"nertag": "O"}]}, {"base_span": [550, 551], "annotations": [{"nertag": "O"}]}]}]}