{"text": "\nJaan Klaus, Aadam Matsoni man seistes, kaibas, et peremees Kusta Saarwa ei wõta teda enam teenistusse ja on temal ka weel teenitud palka 1 rubla 25 kop. saada - nõuab, et see palk Jüripäiwal wälja saaks maksetud.\n\nKusta Saarwa kaebtuse üle küsitud, ütles wälja, et kaibaja kui waras wangitrahwiga on trahwitud, siis ei wõi tema sellepärast teda mitte enam oma juure tagasi wõtta, wiidetud päiwade kui ka ühe akna kruudi eest, mis kaibaja katki on teinud, on see 1 rubl. 25 kop. maksmata.\n\nMõiste: Et Jaan Klaus awalikult warguse pärast trahwitud on saanud, siis ei pruugi Kusta Saarwa teda, kui warast, mitte enam oma teenistusse tagasi wõtta ning jääb see 1 rubla 25 kop. wiidetud päiwi kui ka purustatud akna ruudu eest sisse ja ei ole Jaan Klaosel midagi Kusta Saarwa käest nõuda.\n\nPääkohtumees: Peeter Kripson XXX\n\nKohtumees: Kusta Iwanthal XXX\n\nKohtumees: Johan Klaosoon XXX\n\nMõiste sai kuulutatud ja olid kohtukäijad sellega rahul.\n\nKirjutaja: asemel &lt;allkiri&gt;\n\n\n", "meta": {"origin_directory": "vallakohus_kolmas/"}, "layers": [{"name": "gold_ner", "attributes": ["nertag"], "parent": null, "enveloping": null, "ambiguous": false, "serialisation_module": null, "meta": {}, "spans": [{"base_span": [1, 11], "annotations": [{"nertag": "PER"}]}, {"base_span": [13, 26], "annotations": [{"nertag": "PER"}]}, {"base_span": [60, 72], "annotations": [{"nertag": "PER"}]}, {"base_span": [215, 227], "annotations": [{"nertag": "PER"}]}, {"base_span": [501, 511], "annotations": [{"nertag": "PER"}]}, {"base_span": [573, 585], "annotations": [{"nertag": "PER"}]}, {"base_span": [739, 751], "annotations": [{"nertag": "PER"}]}, {"base_span": [759, 771], "annotations": [{"nertag": "PER"}]}, {"base_span": [800, 814], "annotations": [{"nertag": "PER"}]}, {"base_span": [831, 845], "annotations": [{"nertag": "PER"}]}, {"base_span": [862, 876], "annotations": [{"nertag": "PER"}]}]}, {"name": "gold_wordner", "attributes": ["nertag"], "parent": null, "enveloping": null, "ambiguous": false, "serialisation_module": null, "meta": {}, "spans": [{"base_span": [1, 5], "annotations": [{"nertag": "B-PER"}]}, {"base_span": [6, 11], "annotations": [{"nertag": "I-PER"}]}, {"base_span": [11, 12], "annotations": [{"nertag": "O"}]}, {"base_span": [13, 18], "annotations": [{"nertag": "B-PER"}]}, {"base_span": [19, 26], "annotations": [{"nertag": "I-PER"}]}, {"base_span": [27, 30], "annotations": [{"nertag": "O"}]}, {"base_span": [31, 38], "annotations": [{"nertag": "O"}]}, {"base_span": [38, 39], "annotations": [{"nertag": "O"}]}, {"base_span": [40, 46], "annotations": [{"nertag": "O"}]}, {"base_span": [46, 47], "annotations": [{"nertag": "O"}]}, {"base_span": [48, 50], "annotations": [{"nertag": "O"}]}, {"base_span": [51, 59], "annotations": [{"nertag": "O"}]}, {"base_span": [60, 65], "annotations": [{"nertag": "B-PER"}]}, {"base_span": [66, 72], "annotations": [{"nertag": "I-PER"}]}, {"base_span": [73, 75], "annotations": [{"nertag": "O"}]}, {"base_span": [76, 80], "annotations": [{"nertag": "O"}]}, {"base_span": [81, 85], "annotations": [{"nertag": "O"}]}, {"base_span": [86, 90], "annotations": [{"nertag": "O"}]}, {"base_span": [91, 102], "annotations": [{"nertag": "O"}]}, {"base_span": [103, 105], "annotations": [{"nertag": "O"}]}, {"base_span": [106, 108], "annotations": [{"nertag": "O"}]}, {"base_span": [109, 114], "annotations": [{"nertag": "O"}]}, {"base_span": [115, 117], "annotations": [{"nertag": "O"}]}, {"base_span": [118, 122], "annotations": [{"nertag": "O"}]}, {"base_span": [123, 131], "annotations": [{"nertag": "O"}]}, {"base_span": [132, 137], "annotations": [{"nertag": "O"}]}, {"base_span": [138, 139], "annotations": [{"nertag": "O"}]}, {"base_span": [140, 145], "annotations": [{"nertag": "O"}]}, {"base_span": [146, 148], "annotations": [{"nertag": "O"}]}, {"base_span": [149, 152], "annotations": [{"nertag": "O"}]}, {"base_span": [152, 153], "annotations": [{"nertag": "O"}]}, {"base_span": [154, 159], "annotations": [{"nertag": "O"}]}, {"base_span": [160, 161], "annotations": [{"nertag": "O"}]}, {"base_span": [162, 167], "annotations": [{"nertag": "O"}]}, {"base_span": [167, 168], "annotations": [{"nertag": "O"}]}, {"base_span": [169, 171], "annotations": [{"nertag": "O"}]}, {"base_span": [172, 175], "annotations": [{"nertag": "O"}]}, {"base_span": [176, 180], "annotations": [{"nertag": "O"}]}, {"base_span": [181, 191], "annotations": [{"nertag": "O"}]}, {"base_span": [192, 197], "annotations": [{"nertag": "O"}]}, {"base_span": [198, 203], "annotations": [{"nertag": "O"}]}, {"base_span": [204, 212], "annotations": [{"nertag": "O"}]}, {"base_span": [212, 213], "annotations": [{"nertag": "O"}]}, {"base_span": [215, 220], "annotations": [{"nertag": "B-PER"}]}, {"base_span": [221, 227], "annotations": [{"nertag": "I-PER"}]}, {"base_span": [228, 236], "annotations": [{"nertag": "O"}]}, {"base_span": [237, 240], "annotations": [{"nertag": "O"}]}, {"base_span": [241, 248], "annotations": [{"nertag": "O"}]}, {"base_span": [248, 249], "annotations": [{"nertag": "O"}]}, {"base_span": [250, 255], "annotations": [{"nertag": "O"}]}, {"base_span": [256, 261], "annotations": [{"nertag": "O"}]}, {"base_span": [261, 262], "annotations": [{"nertag": "O"}]}, {"base_span": [263, 265], "annotations": [{"nertag": "O"}]}, {"base_span": [266, 273], "annotations": [{"nertag": "O"}]}, {"base_span": [274, 277], "annotations": [{"nertag": "O"}]}, {"base_span": [278, 283], "annotations": [{"nertag": "O"}]}, {"base_span": [284, 297], "annotations": [{"nertag": "O"}]}, {"base_span": [298, 300], "annotations": [{"nertag": "O"}]}, {"base_span": [301, 310], "annotations": [{"nertag": "O"}]}, {"base_span": [310, 311], "annotations": [{"nertag": "O"}]}, {"base_span": [312, 316], "annotations": [{"nertag": "O"}]}, {"base_span": [317, 319], "annotations": [{"nertag": "O"}]}, {"base_span": [320, 323], "annotations": [{"nertag": "O"}]}, {"base_span": [324, 328], "annotations": [{"nertag": "O"}]}, {"base_span": [329, 340], "annotations": [{"nertag": "O"}]}, {"base_span": [341, 345], "annotations": [{"nertag": "O"}]}, {"base_span": [346, 351], "annotations": [{"nertag": "O"}]}, {"base_span": [352, 356], "annotations": [{"nertag": "O"}]}, {"base_span": [357, 360], "annotations": [{"nertag": "O"}]}, {"base_span": [361, 366], "annotations": [{"nertag": "O"}]}, {"base_span": [367, 373], "annotations": [{"nertag": "O"}]}, {"base_span": [374, 379], "annotations": [{"nertag": "O"}]}, {"base_span": [379, 380], "annotations": [{"nertag": "O"}]}, {"base_span": [381, 389], "annotations": [{"nertag": "O"}]}, {"base_span": [390, 397], "annotations": [{"nertag": "O"}]}, {"base_span": [398, 401], "annotations": [{"nertag": "O"}]}, {"base_span": [402, 404], "annotations": [{"nertag": "O"}]}, {"base_span": [405, 408], "annotations": [{"nertag": "O"}]}, {"base_span": [409, 413], "annotations": [{"nertag": "O"}]}, {"base_span": [414, 420], "annotations": [{"nertag": "O"}]}, {"base_span": [421, 425], "annotations": [{"nertag": "O"}]}, {"base_span": [425, 426], "annotations": [{"nertag": "O"}]}, {"base_span": [427, 430], "annotations": [{"nertag": "O"}]}, {"base_span": [431, 438], "annotations": [{"nertag": "O"}]}, {"base_span": [439, 444], "annotations": [{"nertag": "O"}]}, {"base_span": [445, 447], "annotations": [{"nertag": "O"}]}, {"base_span": [448, 454], "annotations": [{"nertag": "O"}]}, {"base_span": [454, 455], "annotations": [{"nertag": "O"}]}, {"base_span": [456, 458], "annotations": [{"nertag": "O"}]}, {"base_span": [459, 462], "annotations": [{"nertag": "O"}]}, {"base_span": [463, 464], "annotations": [{"nertag": "O"}]}, {"base_span": [465, 469], "annotations": [{"nertag": "O"}]}, {"base_span": [469, 470], "annotations": [{"nertag": "O"}]}, {"base_span": [471, 473], "annotations": [{"nertag": "O"}]}, {"base_span": [474, 477], "annotations": [{"nertag": "O"}]}, {"base_span": [477, 478], "annotations": [{"nertag": "O"}]}, {"base_span": [479, 487], "annotations": [{"nertag": "O"}]}, {"base_span": [487, 488], "annotations": [{"nertag": "O"}]}, {"base_span": [490, 496], "annotations": [{"nertag": "O"}]}, {"base_span": [496, 497], "annotations": [{"nertag": "O"}]}, {"base_span": [498, 500], "annotations": [{"nertag": "O"}]}, {"base_span": [501, 505], "annotations": [{"nertag": "B-PER"}]}, {"base_span": [506, 511], "annotations": [{"nertag": "I-PER"}]}, {"base_span": [512, 521], "annotations": [{"nertag": "O"}]}, {"base_span": [522, 529], "annotations": [{"nertag": "O"}]}, {"base_span": [530, 536], "annotations": [{"nertag": "O"}]}, {"base_span": [537, 546], "annotations": [{"nertag": "O"}]}, {"base_span": [547, 549], "annotations": [{"nertag": "O"}]}, {"base_span": [550, 556], "annotations": [{"nertag": "O"}]}, {"base_span": [556, 557], "annotations": [{"nertag": "O"}]}, {"base_span": [558, 562], "annotations": [{"nertag": "O"}]}, {"base_span": [563, 565], "annotations": [{"nertag": "O"}]}, {"base_span": [566, 572], "annotations": [{"nertag": "O"}]}, {"base_span": [573, 578], "annotations": [{"nertag": "B-PER"}]}, {"base_span": [579, 585], "annotations": [{"nertag": "I-PER"}]}, {"base_span": [586, 590], "annotations": [{"nertag": "O"}]}, {"base_span": [590, 591], "annotations": [{"nertag": "O"}]}, {"base_span": [592, 595], "annotations": [{"nertag": "O"}]}, {"base_span": [596, 602], "annotations": [{"nertag": "O"}]}, {"base_span": [602, 603], "annotations": [{"nertag": "O"}]}, {"base_span": [604, 609], "annotations": [{"nertag": "O"}]}, {"base_span": [610, 614], "annotations": [{"nertag": "O"}]}, {"base_span": [615, 618], "annotations": [{"nertag": "O"}]}, {"base_span": [619, 630], "annotations": [{"nertag": "O"}]}, {"base_span": [631, 637], "annotations": [{"nertag": "O"}]}, {"base_span": [638, 643], "annotations": [{"nertag": "O"}]}, {"base_span": [644, 648], "annotations": [{"nertag": "O"}]}, {"base_span": [649, 653], "annotations": [{"nertag": "O"}]}, {"base_span": [654, 657], "annotations": [{"nertag": "O"}]}, {"base_span": [658, 659], "annotations": [{"nertag": "O"}]}, {"base_span": [660, 665], "annotations": [{"nertag": "O"}]}, {"base_span": [666, 668], "annotations": [{"nertag": "O"}]}, {"base_span": [669, 672], "annotations": [{"nertag": "O"}]}, {"base_span": [672, 673], "annotations": [{"nertag": "O"}]}, {"base_span": [674, 682], "annotations": [{"nertag": "O"}]}, {"base_span": [683, 688], "annotations": [{"nertag": "O"}]}, {"base_span": [689, 692], "annotations": [{"nertag": "O"}]}, {"base_span": [693, 695], "annotations": [{"nertag": "O"}]}, {"base_span": [696, 706], "annotations": [{"nertag": "O"}]}, {"base_span": [707, 711], "annotations": [{"nertag": "O"}]}, {"base_span": [712, 717], "annotations": [{"nertag": "O"}]}, {"base_span": [718, 722], "annotations": [{"nertag": "O"}]}, {"base_span": [723, 728], "annotations": [{"nertag": "O"}]}, {"base_span": [729, 731], "annotations": [{"nertag": "O"}]}, {"base_span": [732, 734], "annotations": [{"nertag": "O"}]}, {"base_span": [735, 738], "annotations": [{"nertag": "O"}]}, {"base_span": [739, 743], "annotations": [{"nertag": "B-PER"}]}, {"base_span": [744, 751], "annotations": [{"nertag": "I-PER"}]}, {"base_span": [752, 758], "annotations": [{"nertag": "O"}]}, {"base_span": [759, 764], "annotations": [{"nertag": "B-PER"}]}, {"base_span": [765, 771], "annotations": [{"nertag": "I-PER"}]}, {"base_span": [772, 777], "annotations": [{"nertag": "O"}]}, {"base_span": [778, 783], "annotations": [{"nertag": "O"}]}, {"base_span": [783, 784], "annotations": [{"nertag": "O"}]}, {"base_span": [786, 798], "annotations": [{"nertag": "O"}]}, {"base_span": [798, 799], "annotations": [{"nertag": "O"}]}, {"base_span": [800, 806], "annotations": [{"nertag": "B-PER"}]}, {"base_span": [807, 814], "annotations": [{"nertag": "I-PER"}]}, {"base_span": [815, 818], "annotations": [{"nertag": "O"}]}, {"base_span": [820, 829], "annotations": [{"nertag": "O"}]}, {"base_span": [829, 830], "annotations": [{"nertag": "O"}]}, {"base_span": [831, 836], "annotations": [{"nertag": "B-PER"}]}, {"base_span": [837, 845], "annotations": [{"nertag": "I-PER"}]}, {"base_span": [846, 849], "annotations": [{"nertag": "O"}]}, {"base_span": [851, 860], "annotations": [{"nertag": "O"}]}, {"base_span": [860, 861], "annotations": [{"nertag": "O"}]}, {"base_span": [862, 867], "annotations": [{"nertag": "B-PER"}]}, {"base_span": [868, 876], "annotations": [{"nertag": "I-PER"}]}, {"base_span": [877, 880], "annotations": [{"nertag": "O"}]}, {"base_span": [882, 888], "annotations": [{"nertag": "O"}]}, {"base_span": [889, 892], "annotations": [{"nertag": "O"}]}, {"base_span": [893, 903], "annotations": [{"nertag": "O"}]}, {"base_span": [904, 906], "annotations": [{"nertag": "O"}]}, {"base_span": [907, 911], "annotations": [{"nertag": "O"}]}, {"base_span": [912, 923], "annotations": [{"nertag": "O"}]}, {"base_span": [924, 931], "annotations": [{"nertag": "O"}]}, {"base_span": [932, 937], "annotations": [{"nertag": "O"}]}, {"base_span": [937, 938], "annotations": [{"nertag": "O"}]}, {"base_span": [940, 949], "annotations": [{"nertag": "O"}]}, {"base_span": [949, 950], "annotations": [{"nertag": "O"}]}, {"base_span": [951, 957], "annotations": [{"nertag": "O"}]}, {"base_span": [958, 959], "annotations": [{"nertag": "O"}]}, {"base_span": [959, 961], "annotations": [{"nertag": "O"}]}, {"base_span": [961, 962], "annotations": [{"nertag": "O"}]}, {"base_span": [962, 969], "annotations": [{"nertag": "O"}]}, {"base_span": [969, 970], "annotations": [{"nertag": "O"}]}, {"base_span": [970, 972], "annotations": [{"nertag": "O"}]}, {"base_span": [972, 973], "annotations": [{"nertag": "O"}]}]}]}