{"text": "\nVöörmünder Jakob Tolmats tunnistas, et Jüri Tiitsenberg on tälle ülesandnud, et peremees Willem Simpson on teda lahti teinud; peremees Willem Simpson üttelnud aga tälle, et ta ei ole poissi Jüri Tiitsenbergi mitte lahti teinud, poiss ei kuulvad mitte tema käsku ja ei tegevad seda tööd ära, mis tälle ette antas, Jüri Tiitsenberg on esi üttelnud, et tema tahab peremehe käest jao tööst ja kui ta öösel linu on ajanud, siis ei tegevat ta päeval ühtegi muud tööd, ka ei lubanud poiss käsimasinaga mitte linu aeada, kust näha, et Jüri Tiitsenberg ise on hennast teenistusest lahti võtnud ja peremehe käskudele vastu pannud, ka olnud Jüri Tiitsenberg peremehe vasta kropp ja üttelnud, et perevanemad tahavad teda lahti laske, kuna need tälle süüa anda ei jõudvad.\n\nPääkohtumees M Roth(allkiri)\n\nKohtumees J Tideberk(allkiri)\n\nKohtumees H Kangur(allkiri)\n\nKohtumees P Unger(allkiri)\n\nKirjut.(allkiri)\n\n\n", "meta": {"origin_directory": "vallakohus_kolmas/"}, "layers": [{"name": "gold_ner", "attributes": ["nertag"], "parent": null, "enveloping": null, "ambiguous": false, "serialisation_module": null, "meta": {}, "spans": [{"base_span": [12, 25], "annotations": [{"nertag": "PER"}]}, {"base_span": [40, 56], "annotations": [{"nertag": "PER"}]}, {"base_span": [90, 104], "annotations": [{"nertag": "PER"}]}, {"base_span": [136, 150], "annotations": [{"nertag": "PER"}]}, {"base_span": [191, 208], "annotations": [{"nertag": "PER"}]}, {"base_span": [314, 330], "annotations": [{"nertag": "PER"}]}, {"base_span": [528, 544], "annotations": [{"nertag": "PER"}]}, {"base_span": [631, 647], "annotations": [{"nertag": "PER"}]}, {"base_span": [775, 781], "annotations": [{"nertag": "PER"}]}, {"base_span": [802, 812], "annotations": [{"nertag": "PER"}]}, {"base_span": [833, 841], "annotations": [{"nertag": "PER"}]}, {"base_span": [862, 869], "annotations": [{"nertag": "PER"}]}]}, {"name": "gold_wordner", "attributes": ["nertag"], "parent": null, "enveloping": null, "ambiguous": false, "serialisation_module": null, "meta": {}, "spans": [{"base_span": [1, 11], "annotations": [{"nertag": "O"}]}, {"base_span": [12, 17], "annotations": [{"nertag": "B-PER"}]}, {"base_span": [18, 25], "annotations": [{"nertag": "I-PER"}]}, {"base_span": [26, 35], "annotations": [{"nertag": "O"}]}, {"base_span": [35, 36], "annotations": [{"nertag": "O"}]}, {"base_span": [37, 39], "annotations": [{"nertag": "O"}]}, {"base_span": [40, 44], "annotations": [{"nertag": "B-PER"}]}, {"base_span": [45, 56], "annotations": [{"nertag": "I-PER"}]}, {"base_span": [57, 59], "annotations": [{"nertag": "O"}]}, {"base_span": [60, 65], "annotations": [{"nertag": "O"}]}, {"base_span": [66, 76], "annotations": [{"nertag": "O"}]}, {"base_span": [76, 77], "annotations": [{"nertag": "O"}]}, {"base_span": [78, 80], "annotations": [{"nertag": "O"}]}, {"base_span": [81, 89], "annotations": [{"nertag": "O"}]}, {"base_span": [90, 96], "annotations": [{"nertag": "B-PER"}]}, {"base_span": [97, 104], "annotations": [{"nertag": "I-PER"}]}, {"base_span": [105, 107], "annotations": [{"nertag": "O"}]}, {"base_span": [108, 112], "annotations": [{"nertag": "O"}]}, {"base_span": [113, 118], "annotations": [{"nertag": "O"}]}, {"base_span": [119, 125], "annotations": [{"nertag": "O"}]}, {"base_span": [125, 126], "annotations": [{"nertag": "O"}]}, {"base_span": [127, 135], "annotations": [{"nertag": "O"}]}, {"base_span": [136, 142], "annotations": [{"nertag": "B-PER"}]}, {"base_span": [143, 150], "annotations": [{"nertag": "I-PER"}]}, {"base_span": [151, 159], "annotations": [{"nertag": "O"}]}, {"base_span": [160, 163], "annotations": [{"nertag": "O"}]}, {"base_span": [164, 169], "annotations": [{"nertag": "O"}]}, {"base_span": [169, 170], "annotations": [{"nertag": "O"}]}, {"base_span": [171, 173], "annotations": [{"nertag": "O"}]}, {"base_span": [174, 176], "annotations": [{"nertag": "O"}]}, {"base_span": [177, 179], "annotations": [{"nertag": "O"}]}, {"base_span": [180, 183], "annotations": [{"nertag": "O"}]}, {"base_span": [184, 190], "annotations": [{"nertag": "O"}]}, {"base_span": [191, 195], "annotations": [{"nertag": "B-PER"}]}, {"base_span": [196, 208], "annotations": [{"nertag": "I-PER"}]}, {"base_span": [209, 214], "annotations": [{"nertag": "O"}]}, {"base_span": [215, 220], "annotations": [{"nertag": "O"}]}, {"base_span": [221, 227], "annotations": [{"nertag": "O"}]}, {"base_span": [227, 228], "annotations": [{"nertag": "O"}]}, {"base_span": [229, 234], "annotations": [{"nertag": "O"}]}, {"base_span": [235, 237], "annotations": [{"nertag": "O"}]}, {"base_span": [238, 245], "annotations": [{"nertag": "O"}]}, {"base_span": [246, 251], "annotations": [{"nertag": "O"}]}, {"base_span": [252, 256], "annotations": [{"nertag": "O"}]}, {"base_span": [257, 262], "annotations": [{"nertag": "O"}]}, {"base_span": [263, 265], "annotations": [{"nertag": "O"}]}, {"base_span": [266, 268], "annotations": [{"nertag": "O"}]}, {"base_span": [269, 276], "annotations": [{"nertag": "O"}]}, {"base_span": [277, 281], "annotations": [{"nertag": "O"}]}, {"base_span": [282, 286], "annotations": [{"nertag": "O"}]}, {"base_span": [287, 290], "annotations": [{"nertag": "O"}]}, {"base_span": [290, 291], "annotations": [{"nertag": "O"}]}, {"base_span": [292, 295], "annotations": [{"nertag": "O"}]}, {"base_span": [296, 301], "annotations": [{"nertag": "O"}]}, {"base_span": [302, 306], "annotations": [{"nertag": "O"}]}, {"base_span": [307, 312], "annotations": [{"nertag": "O"}]}, {"base_span": [312, 313], "annotations": [{"nertag": "O"}]}, {"base_span": [314, 318], "annotations": [{"nertag": "B-PER"}]}, {"base_span": [319, 330], "annotations": [{"nertag": "I-PER"}]}, {"base_span": [331, 333], "annotations": [{"nertag": "O"}]}, {"base_span": [334, 337], "annotations": [{"nertag": "O"}]}, {"base_span": [338, 346], "annotations": [{"nertag": "O"}]}, {"base_span": [346, 347], "annotations": [{"nertag": "O"}]}, {"base_span": [348, 350], "annotations": [{"nertag": "O"}]}, {"base_span": [351, 355], "annotations": [{"nertag": "O"}]}, {"base_span": [356, 361], "annotations": [{"nertag": "O"}]}, {"base_span": [362, 370], "annotations": [{"nertag": "O"}]}, {"base_span": [371, 376], "annotations": [{"nertag": "O"}]}, {"base_span": [377, 380], "annotations": [{"nertag": "O"}]}, {"base_span": [381, 386], "annotations": [{"nertag": "O"}]}, {"base_span": [387, 389], "annotations": [{"nertag": "O"}]}, {"base_span": [390, 393], "annotations": [{"nertag": "O"}]}, {"base_span": [394, 396], "annotations": [{"nertag": "O"}]}, {"base_span": [397, 402], "annotations": [{"nertag": "O"}]}, {"base_span": [403, 407], "annotations": [{"nertag": "O"}]}, {"base_span": [408, 410], "annotations": [{"nertag": "O"}]}, {"base_span": [411, 417], "annotations": [{"nertag": "O"}]}, {"base_span": [417, 418], "annotations": [{"nertag": "O"}]}, {"base_span": [419, 423], "annotations": [{"nertag": "O"}]}, {"base_span": [424, 426], "annotations": [{"nertag": "O"}]}, {"base_span": [427, 434], "annotations": [{"nertag": "O"}]}, {"base_span": [435, 437], "annotations": [{"nertag": "O"}]}, {"base_span": [438, 444], "annotations": [{"nertag": "O"}]}, {"base_span": [445, 451], "annotations": [{"nertag": "O"}]}, {"base_span": [452, 456], "annotations": [{"nertag": "O"}]}, {"base_span": [457, 461], "annotations": [{"nertag": "O"}]}, {"base_span": [461, 462], "annotations": [{"nertag": "O"}]}, {"base_span": [463, 465], "annotations": [{"nertag": "O"}]}, {"base_span": [466, 468], "annotations": [{"nertag": "O"}]}, {"base_span": [469, 476], "annotations": [{"nertag": "O"}]}, {"base_span": [477, 482], "annotations": [{"nertag": "O"}]}, {"base_span": [483, 495], "annotations": [{"nertag": "O"}]}, {"base_span": [496, 501], "annotations": [{"nertag": "O"}]}, {"base_span": [502, 506], "annotations": [{"nertag": "O"}]}, {"base_span": [507, 512], "annotations": [{"nertag": "O"}]}, {"base_span": [512, 513], "annotations": [{"nertag": "O"}]}, {"base_span": [514, 518], "annotations": [{"nertag": "O"}]}, {"base_span": [519, 523], "annotations": [{"nertag": "O"}]}, {"base_span": [523, 524], "annotations": [{"nertag": "O"}]}, {"base_span": [525, 527], "annotations": [{"nertag": "O"}]}, {"base_span": [528, 532], "annotations": [{"nertag": "B-PER"}]}, {"base_span": [533, 544], "annotations": [{"nertag": "I-PER"}]}, {"base_span": [545, 548], "annotations": [{"nertag": "O"}]}, {"base_span": [549, 551], "annotations": [{"nertag": "O"}]}, {"base_span": [552, 559], "annotations": [{"nertag": "O"}]}, {"base_span": [560, 572], "annotations": [{"nertag": "O"}]}, {"base_span": [573, 578], "annotations": [{"nertag": "O"}]}, {"base_span": [579, 585], "annotations": [{"nertag": "O"}]}, {"base_span": [586, 588], "annotations": [{"nertag": "O"}]}, {"base_span": [589, 597], "annotations": [{"nertag": "O"}]}, {"base_span": [598, 607], "annotations": [{"nertag": "O"}]}, {"base_span": [608, 613], "annotations": [{"nertag": "O"}]}, {"base_span": [614, 620], "annotations": [{"nertag": "O"}]}, {"base_span": [620, 621], "annotations": [{"nertag": "O"}]}, {"base_span": [622, 624], "annotations": [{"nertag": "O"}]}, {"base_span": [625, 630], "annotations": [{"nertag": "O"}]}, {"base_span": [631, 635], "annotations": [{"nertag": "B-PER"}]}, {"base_span": [636, 647], "annotations": [{"nertag": "I-PER"}]}, {"base_span": [648, 656], "annotations": [{"nertag": "O"}]}, {"base_span": [657, 662], "annotations": [{"nertag": "O"}]}, {"base_span": [663, 668], "annotations": [{"nertag": "O"}]}, {"base_span": [669, 671], "annotations": [{"nertag": "O"}]}, {"base_span": [672, 680], "annotations": [{"nertag": "O"}]}, {"base_span": [680, 681], "annotations": [{"nertag": "O"}]}, {"base_span": [682, 684], "annotations": [{"nertag": "O"}]}, {"base_span": [685, 696], "annotations": [{"nertag": "O"}]}, {"base_span": [697, 704], "annotations": [{"nertag": "O"}]}, {"base_span": [705, 709], "annotations": [{"nertag": "O"}]}, {"base_span": [710, 715], "annotations": [{"nertag": "O"}]}, {"base_span": [716, 721], "annotations": [{"nertag": "O"}]}, {"base_span": [721, 722], "annotations": [{"nertag": "O"}]}, {"base_span": [723, 727], "annotations": [{"nertag": "O"}]}, {"base_span": [728, 732], "annotations": [{"nertag": "O"}]}, {"base_span": [733, 738], "annotations": [{"nertag": "O"}]}, {"base_span": [739, 743], "annotations": [{"nertag": "O"}]}, {"base_span": [744, 748], "annotations": [{"nertag": "O"}]}, {"base_span": [749, 751], "annotations": [{"nertag": "O"}]}, {"base_span": [752, 759], "annotations": [{"nertag": "O"}]}, {"base_span": [759, 760], "annotations": [{"nertag": "O"}]}, {"base_span": [762, 774], "annotations": [{"nertag": "O"}]}, {"base_span": [775, 776], "annotations": [{"nertag": "B-PER"}]}, {"base_span": [777, 781], "annotations": [{"nertag": "I-PER"}]}, {"base_span": [781, 782], "annotations": [{"nertag": "O"}]}, {"base_span": [782, 789], "annotations": [{"nertag": "O"}]}, {"base_span": [789, 790], "annotations": [{"nertag": "O"}]}, {"base_span": [792, 801], "annotations": [{"nertag": "O"}]}, {"base_span": [802, 803], "annotations": [{"nertag": "B-PER"}]}, {"base_span": [804, 812], "annotations": [{"nertag": "I-PER"}]}, {"base_span": [812, 813], "annotations": [{"nertag": "O"}]}, {"base_span": [813, 820], "annotations": [{"nertag": "O"}]}, {"base_span": [820, 821], "annotations": [{"nertag": "O"}]}, {"base_span": [823, 832], "annotations": [{"nertag": "O"}]}, {"base_span": [833, 834], "annotations": [{"nertag": "B-PER"}]}, {"base_span": [835, 841], "annotations": [{"nertag": "I-PER"}]}, {"base_span": [841, 842], "annotations": [{"nertag": "O"}]}, {"base_span": [842, 849], "annotations": [{"nertag": "O"}]}, {"base_span": [849, 850], "annotations": [{"nertag": "O"}]}, {"base_span": [852, 861], "annotations": [{"nertag": "O"}]}, {"base_span": [862, 863], "annotations": [{"nertag": "B-PER"}]}, {"base_span": [864, 869], "annotations": [{"nertag": "I-PER"}]}, {"base_span": [869, 870], "annotations": [{"nertag": "O"}]}, {"base_span": [870, 877], "annotations": [{"nertag": "O"}]}, {"base_span": [877, 878], "annotations": [{"nertag": "O"}]}, {"base_span": [880, 886], "annotations": [{"nertag": "O"}]}, {"base_span": [886, 887], "annotations": [{"nertag": "O"}]}, {"base_span": [887, 888], "annotations": [{"nertag": "O"}]}, {"base_span": [888, 895], "annotations": [{"nertag": "O"}]}, {"base_span": [895, 896], "annotations": [{"nertag": "O"}]}]}]}