{"text": "\nJosep Tomik astus ette ja pallus KoggoKonna Kohtut, et temma omma wölgade pärrast ei joua ennamb omma tallo asset piddada mis Nr 21 Adroko Karjamoisa järrel, ja et temma selle pärrast Jaan Lauringsoniga räkinud et se temma wöllad omma peale tassuda wöttab, ja et siis temma Josep Tomik omma tallo maal Jaan Lauringsoni kätte annab ja pallus et KoggoKonna Kohhus nende kokko leppimimist kinnitaks.\n\nAstus ette Jaan Lauringson ja räkis et temma tahhab Josep Tomiko wöllad ja tallomaad omma peale wötta ja nimmelt need wöllad mis all pool nimmetatud\n\nmakstud\n   \nMart Tomikulle\n   20 Rubl 18 Kop\n   \n  \n\nmakstud\n   Waeste laste rahha\n   17 Rubl 25 Kop\n   \n  \n\n   \nJuhhan Tomikule\n   \n   2 Wakka Rukkid\n  \n\n   \nJuhhan Tomikule tasu\n   \n   2 1/2 Wakka Rukkid\n  \n\nmakstud\n   Jürri Tomik\n   1 Rubl\n   \n  \n\n   Jaan Jallak\n   \n   3 Wakka Rukkid\n  \n\n4 Rubl makstud\n   Tomas Puk\n   \n   1 1/3 Wakka Rukkid\n  \n\n   Kai Pomm\n   \n   5 Rubla\n  \n\n   \n?rahha 18 67/68\n   4 72 1/?\n\n   \n  \n\n   ja Josep Tomiku Maggasiwölg\n   \n   \n  \n\nMoistus\n\nSiis on KoggoKonna Kohhus moistnud, et Jaan LauringsonJosep Tomiko maad omma kitsa karjama pärrast tahhab wötta, on agga veel teisa Adrako Krundimehhi kes Jaan Lauringsoni liggital ellawad. Kelle nenda sammuti kitsas ruum Karjamaaga on ja et siis Koggo Konna Kohto poolt Jaan Lauringsonile ütteltud sab et kui teised krundimehhed ka sest Josep Tomiku krundist ossa tahavad sada siis se mitme peale jautud sab.\n\nMis tunnistawad Kohtomehhed\n\nJakob Liis XXX\n\nJuhhan Hallik XXX\n\nKarel Raja XXX\n\n\n", "meta": {"origin_directory": "vallakohus_kolmas/"}, "layers": [{"name": "gold_ner", "attributes": ["nertag"], "parent": null, "enveloping": null, "ambiguous": false, "serialisation_module": null, "meta": {}, "spans": [{"base_span": [1, 12], "annotations": [{"nertag": "PER"}]}, {"base_span": [133, 150], "annotations": [{"nertag": "LOC_ORG"}]}, {"base_span": [185, 203], "annotations": [{"nertag": "PER"}]}, {"base_span": [275, 286], "annotations": [{"nertag": "PER"}]}, {"base_span": [303, 319], "annotations": [{"nertag": "PER"}]}, {"base_span": [410, 425], "annotations": [{"nertag": "PER"}]}, {"base_span": [451, 463], "annotations": [{"nertag": "PER"}]}, {"base_span": [561, 575], "annotations": [{"nertag": "PER"}]}, {"base_span": [662, 677], "annotations": [{"nertag": "PER"}]}, {"base_span": [708, 723], "annotations": [{"nertag": "PER"}]}, {"base_span": [770, 781], "annotations": [{"nertag": "PER"}]}, {"base_span": [803, 814], "annotations": [{"nertag": "PER"}]}, {"base_span": [859, 868], "annotations": [{"nertag": "PER"}]}, {"base_span": [902, 910], "annotations": [{"nertag": "PER"}]}, {"base_span": [977, 989], "annotations": [{"nertag": "PER"}]}, {"base_span": [1062, 1077], "annotations": [{"nertag": "PER"}]}, {"base_span": [1077, 1089], "annotations": [{"nertag": "PER"}]}, {"base_span": [1155, 1161], "annotations": [{"nertag": "LOC"}]}, {"base_span": [1178, 1194], "annotations": [{"nertag": "PER"}]}, {"base_span": [1294, 1312], "annotations": [{"nertag": "PER"}]}, {"base_span": [1361, 1373], "annotations": [{"nertag": "PER"}]}, {"base_span": [1463, 1473], "annotations": [{"nertag": "PER"}]}, {"base_span": [1479, 1492], "annotations": [{"nertag": "PER"}]}, {"base_span": [1498, 1508], "annotations": [{"nertag": "PER"}]}]}, {"name": "gold_wordner", "attributes": ["nertag"], "parent": null, "enveloping": null, "ambiguous": false, "serialisation_module": null, "meta": {}, "spans": [{"base_span": [1, 6], "annotations": [{"nertag": "B-PER"}]}, {"base_span": [7, 12], "annotations": [{"nertag": "I-PER"}]}, {"base_span": [13, 18], "annotations": [{"nertag": "O"}]}, {"base_span": [19, 23], "annotations": [{"nertag": "O"}]}, {"base_span": [24, 26], "annotations": [{"nertag": "O"}]}, {"base_span": [27, 33], "annotations": [{"nertag": "O"}]}, {"base_span": [34, 39], "annotations": [{"nertag": "O"}]}, {"base_span": [39, 44], "annotations": [{"nertag": "O"}]}, {"base_span": [45, 51], "annotations": [{"nertag": "O"}]}, {"base_span": [51, 52], "annotations": [{"nertag": "O"}]}, {"base_span": [53, 55], "annotations": [{"nertag": "O"}]}, {"base_span": [56, 61], "annotations": [{"nertag": "O"}]}, {"base_span": [62, 66], "annotations": [{"nertag": "O"}]}, {"base_span": [67, 74], "annotations": [{"nertag": "O"}]}, {"base_span": [75, 82], "annotations": [{"nertag": "O"}]}, {"base_span": [83, 85], "annotations": [{"nertag": "O"}]}, {"base_span": [86, 90], "annotations": [{"nertag": "O"}]}, {"base_span": [91, 97], "annotations": [{"nertag": "O"}]}, {"base_span": [98, 102], "annotations": [{"nertag": "O"}]}, {"base_span": [103, 108], "annotations": [{"nertag": "O"}]}, {"base_span": [109, 114], "annotations": [{"nertag": "O"}]}, {"base_span": [115, 122], "annotations": [{"nertag": "O"}]}, {"base_span": [123, 126], "annotations": [{"nertag": "O"}]}, {"base_span": [127, 129], "annotations": [{"nertag": "O"}]}, {"base_span": [130, 132], "annotations": [{"nertag": "O"}]}, {"base_span": [133, 139], "annotations": [{"nertag": "B-LOC_ORG"}]}, {"base_span": [140, 150], "annotations": [{"nertag": "I-LOC_ORG"}]}, {"base_span": [151, 157], "annotations": [{"nertag": "O"}]}, {"base_span": [157, 158], "annotations": [{"nertag": "O"}]}, {"base_span": [159, 161], "annotations": [{"nertag": "O"}]}, {"base_span": [162, 164], "annotations": [{"nertag": "O"}]}, {"base_span": [165, 170], "annotations": [{"nertag": "O"}]}, {"base_span": [171, 176], "annotations": [{"nertag": "O"}]}, {"base_span": [177, 184], "annotations": [{"nertag": "O"}]}, {"base_span": [185, 189], "annotations": [{"nertag": "B-PER"}]}, {"base_span": [190, 203], "annotations": [{"nertag": "I-PER"}]}, {"base_span": [204, 211], "annotations": [{"nertag": "O"}]}, {"base_span": [212, 214], "annotations": [{"nertag": "O"}]}, {"base_span": [215, 217], "annotations": [{"nertag": "O"}]}, {"base_span": [218, 223], "annotations": [{"nertag": "O"}]}, {"base_span": [224, 230], "annotations": [{"nertag": "O"}]}, {"base_span": [231, 235], "annotations": [{"nertag": "O"}]}, {"base_span": [236, 241], "annotations": [{"nertag": "O"}]}, {"base_span": [242, 249], "annotations": [{"nertag": "O"}]}, {"base_span": [250, 256], "annotations": [{"nertag": "O"}]}, {"base_span": [256, 257], "annotations": [{"nertag": "O"}]}, {"base_span": [258, 260], "annotations": [{"nertag": "O"}]}, {"base_span": [261, 263], "annotations": [{"nertag": "O"}]}, {"base_span": [264, 268], "annotations": [{"nertag": "O"}]}, {"base_span": [269, 274], "annotations": [{"nertag": "O"}]}, {"base_span": [275, 280], "annotations": [{"nertag": "B-PER"}]}, {"base_span": [281, 286], "annotations": [{"nertag": "I-PER"}]}, {"base_span": [287, 291], "annotations": [{"nertag": "O"}]}, {"base_span": [292, 297], "annotations": [{"nertag": "O"}]}, {"base_span": [298, 302], "annotations": [{"nertag": "O"}]}, {"base_span": [303, 307], "annotations": [{"nertag": "B-PER"}]}, {"base_span": [308, 319], "annotations": [{"nertag": "I-PER"}]}, {"base_span": [320, 325], "annotations": [{"nertag": "O"}]}, {"base_span": [326, 331], "annotations": [{"nertag": "O"}]}, {"base_span": [332, 334], "annotations": [{"nertag": "O"}]}, {"base_span": [335, 341], "annotations": [{"nertag": "O"}]}, {"base_span": [342, 344], "annotations": [{"nertag": "O"}]}, {"base_span": [345, 350], "annotations": [{"nertag": "O"}]}, {"base_span": [350, 355], "annotations": [{"nertag": "O"}]}, {"base_span": [356, 362], "annotations": [{"nertag": "O"}]}, {"base_span": [363, 368], "annotations": [{"nertag": "O"}]}, {"base_span": [369, 374], "annotations": [{"nertag": "O"}]}, {"base_span": [375, 386], "annotations": [{"nertag": "O"}]}, {"base_span": [387, 396], "annotations": [{"nertag": "O"}]}, {"base_span": [396, 397], "annotations": [{"nertag": "O"}]}, {"base_span": [399, 404], "annotations": [{"nertag": "O"}]}, {"base_span": [405, 409], "annotations": [{"nertag": "O"}]}, {"base_span": [410, 414], "annotations": [{"nertag": "B-PER"}]}, {"base_span": [415, 425], "annotations": [{"nertag": "I-PER"}]}, {"base_span": [426, 428], "annotations": [{"nertag": "O"}]}, {"base_span": [429, 434], "annotations": [{"nertag": "O"}]}, {"base_span": [435, 437], "annotations": [{"nertag": "O"}]}, {"base_span": [438, 443], "annotations": [{"nertag": "O"}]}, {"base_span": [444, 450], "annotations": [{"nertag": "O"}]}, {"base_span": [451, 456], "annotations": [{"nertag": "B-PER"}]}, {"base_span": [457, 463], "annotations": [{"nertag": "I-PER"}]}, {"base_span": [464, 470], "annotations": [{"nertag": "O"}]}, {"base_span": [471, 473], "annotations": [{"nertag": "O"}]}, {"base_span": [474, 483], "annotations": [{"nertag": "O"}]}, {"base_span": [484, 488], "annotations": [{"nertag": "O"}]}, {"base_span": [489, 494], "annotations": [{"nertag": "O"}]}, {"base_span": [495, 500], "annotations": [{"nertag": "O"}]}, {"base_span": [501, 503], "annotations": [{"nertag": "O"}]}, {"base_span": [504, 511], "annotations": [{"nertag": "O"}]}, {"base_span": [512, 516], "annotations": [{"nertag": "O"}]}, {"base_span": [517, 523], "annotations": [{"nertag": "O"}]}, {"base_span": [524, 527], "annotations": [{"nertag": "O"}]}, {"base_span": [528, 531], "annotations": [{"nertag": "O"}]}, {"base_span": [532, 536], "annotations": [{"nertag": "O"}]}, {"base_span": [537, 547], "annotations": [{"nertag": "O"}]}, {"base_span": [549, 556], "annotations": [{"nertag": "O"}]}, {"base_span": [561, 565], "annotations": [{"nertag": "B-PER"}]}, {"base_span": [566, 575], "annotations": [{"nertag": "I-PER"}]}, {"base_span": [579, 581], "annotations": [{"nertag": "O"}]}, {"base_span": [582, 586], "annotations": [{"nertag": "O"}]}, {"base_span": [587, 589], "annotations": [{"nertag": "O"}]}, {"base_span": [590, 593], "annotations": [{"nertag": "O"}]}, {"base_span": [602, 609], "annotations": [{"nertag": "O"}]}, {"base_span": [613, 619], "annotations": [{"nertag": "O"}]}, {"base_span": [620, 625], "annotations": [{"nertag": "O"}]}, {"base_span": [626, 631], "annotations": [{"nertag": "O"}]}, {"base_span": [635, 637], "annotations": [{"nertag": "O"}]}, {"base_span": [638, 642], "annotations": [{"nertag": "O"}]}, {"base_span": [643, 645], "annotations": [{"nertag": "O"}]}, {"base_span": [646, 649], "annotations": [{"nertag": "O"}]}, {"base_span": [662, 668], "annotations": [{"nertag": "B-PER"}]}, {"base_span": [669, 677], "annotations": [{"nertag": "I-PER"}]}, {"base_span": [685, 686], "annotations": [{"nertag": "O"}]}, {"base_span": [687, 692], "annotations": [{"nertag": "O"}]}, {"base_span": [693, 699], "annotations": [{"nertag": "O"}]}, {"base_span": [708, 714], "annotations": [{"nertag": "B-PER"}]}, {"base_span": [715, 723], "annotations": [{"nertag": "I-PER"}]}, {"base_span": [724, 728], "annotations": [{"nertag": "O"}]}, {"base_span": [736, 737], "annotations": [{"nertag": "O"}]}, {"base_span": [738, 739], "annotations": [{"nertag": "O"}]}, {"base_span": [739, 740], "annotations": [{"nertag": "O"}]}, {"base_span": [740, 741], "annotations": [{"nertag": "O"}]}, {"base_span": [742, 747], "annotations": [{"nertag": "O"}]}, {"base_span": [748, 754], "annotations": [{"nertag": "O"}]}, {"base_span": [759, 766], "annotations": [{"nertag": "O"}]}, {"base_span": [770, 775], "annotations": [{"nertag": "B-PER"}]}, {"base_span": [776, 781], "annotations": [{"nertag": "I-PER"}]}, {"base_span": [785, 786], "annotations": [{"nertag": "O"}]}, {"base_span": [787, 791], "annotations": [{"nertag": "O"}]}, {"base_span": [803, 807], "annotations": [{"nertag": "B-PER"}]}, {"base_span": [808, 814], "annotations": [{"nertag": "I-PER"}]}, {"base_span": [822, 823], "annotations": [{"nertag": "O"}]}, {"base_span": [824, 829], "annotations": [{"nertag": "O"}]}, {"base_span": [830, 836], "annotations": [{"nertag": "O"}]}, {"base_span": [841, 842], "annotations": [{"nertag": "O"}]}, {"base_span": [843, 847], "annotations": [{"nertag": "O"}]}, {"base_span": [848, 855], "annotations": [{"nertag": "O"}]}, {"base_span": [859, 864], "annotations": [{"nertag": "B-PER"}]}, {"base_span": [865, 868], "annotations": [{"nertag": "I-PER"}]}, {"base_span": [876, 877], "annotations": [{"nertag": "O"}]}, {"base_span": [878, 879], "annotations": [{"nertag": "O"}]}, {"base_span": [879, 880], "annotations": [{"nertag": "O"}]}, {"base_span": [880, 881], "annotations": [{"nertag": "O"}]}, {"base_span": [882, 887], "annotations": [{"nertag": "O"}]}, {"base_span": [888, 894], "annotations": [{"nertag": "O"}]}, {"base_span": [902, 905], "annotations": [{"nertag": "B-PER"}]}, {"base_span": [906, 910], "annotations": [{"nertag": "I-PER"}]}, {"base_span": [918, 919], "annotations": [{"nertag": "O"}]}, {"base_span": [920, 925], "annotations": [{"nertag": "O"}]}, {"base_span": [934, 935], "annotations": [{"nertag": "O"}]}, {"base_span": [935, 940], "annotations": [{"nertag": "O"}]}, {"base_span": [941, 943], "annotations": [{"nertag": "O"}]}, {"base_span": [944, 946], "annotations": [{"nertag": "O"}]}, {"base_span": [946, 947], "annotations": [{"nertag": "O"}]}, {"base_span": [947, 949], "annotations": [{"nertag": "O"}]}, {"base_span": [953, 959], "annotations": [{"nertag": "O"}]}, {"base_span": [959, 960], "annotations": [{"nertag": "O"}]}, {"base_span": [960, 961], "annotations": [{"nertag": "O"}]}, {"base_span": [974, 976], "annotations": [{"nertag": "O"}]}, {"base_span": [977, 982], "annotations": [{"nertag": "B-PER"}]}, {"base_span": [983, 989], "annotations": [{"nertag": "I-PER"}]}, {"base_span": [990, 1001], "annotations": [{"nertag": "O"}]}, {"base_span": [1014, 1021], "annotations": [{"nertag": "O"}]}, {"base_span": [1023, 1027], "annotations": [{"nertag": "O"}]}, {"base_span": [1028, 1030], "annotations": [{"nertag": "O"}]}, {"base_span": [1031, 1036], "annotations": [{"nertag": "O"}]}, {"base_span": [1036, 1041], "annotations": [{"nertag": "O"}]}, {"base_span": [1042, 1048], "annotations": [{"nertag": "O"}]}, {"base_span": [1049, 1057], "annotations": [{"nertag": "O"}]}, {"base_span": [1057, 1058], "annotations": [{"nertag": "O"}]}, {"base_span": [1059, 1061], "annotations": [{"nertag": "O"}]}, {"base_span": [1062, 1066], "annotations": [{"nertag": "B-PER"}]}, {"base_span": [1067, 1077], "annotations": [{"nertag": "I-PER"}]}, {"base_span": [1077, 1082], "annotations": [{"nertag": "B-PER"}]}, {"base_span": [1083, 1089], "annotations": [{"nertag": "I-PER"}]}, {"base_span": [1090, 1094], "annotations": [{"nertag": "O"}]}, {"base_span": [1095, 1099], "annotations": [{"nertag": "O"}]}, {"base_span": [1100, 1105], "annotations": [{"nertag": "O"}]}, {"base_span": [1106, 1113], "annotations": [{"nertag": "O"}]}, {"base_span": [1114, 1121], "annotations": [{"nertag": "O"}]}, {"base_span": [1122, 1128], "annotations": [{"nertag": "O"}]}, {"base_span": [1129, 1134], "annotations": [{"nertag": "O"}]}, {"base_span": [1134, 1135], "annotations": [{"nertag": "O"}]}, {"base_span": [1136, 1138], "annotations": [{"nertag": "O"}]}, {"base_span": [1139, 1143], "annotations": [{"nertag": "O"}]}, {"base_span": [1144, 1148], "annotations": [{"nertag": "O"}]}, {"base_span": [1149, 1154], "annotations": [{"nertag": "O"}]}, {"base_span": [1155, 1161], "annotations": [{"nertag": "B-LOC"}]}, {"base_span": [1162, 1173], "annotations": [{"nertag": "O"}]}, {"base_span": [1174, 1177], "annotations": [{"nertag": "O"}]}, {"base_span": [1178, 1182], "annotations": [{"nertag": "B-PER"}]}, {"base_span": [1183, 1194], "annotations": [{"nertag": "I-PER"}]}, {"base_span": [1195, 1203], "annotations": [{"nertag": "O"}]}, {"base_span": [1204, 1211], "annotations": [{"nertag": "O"}]}, {"base_span": [1211, 1212], "annotations": [{"nertag": "O"}]}, {"base_span": [1213, 1218], "annotations": [{"nertag": "O"}]}, {"base_span": [1219, 1224], "annotations": [{"nertag": "O"}]}, {"base_span": [1225, 1232], "annotations": [{"nertag": "O"}]}, {"base_span": [1233, 1239], "annotations": [{"nertag": "O"}]}, {"base_span": [1240, 1244], "annotations": [{"nertag": "O"}]}, {"base_span": [1245, 1255], "annotations": [{"nertag": "O"}]}, {"base_span": [1256, 1258], "annotations": [{"nertag": "O"}]}, {"base_span": [1259, 1261], "annotations": [{"nertag": "O"}]}, {"base_span": [1262, 1264], "annotations": [{"nertag": "O"}]}, {"base_span": [1265, 1269], "annotations": [{"nertag": "O"}]}, {"base_span": [1270, 1275], "annotations": [{"nertag": "O"}]}, {"base_span": [1276, 1281], "annotations": [{"nertag": "O"}]}, {"base_span": [1282, 1287], "annotations": [{"nertag": "O"}]}, {"base_span": [1288, 1293], "annotations": [{"nertag": "O"}]}, {"base_span": [1294, 1298], "annotations": [{"nertag": "B-PER"}]}, {"base_span": [1299, 1312], "annotations": [{"nertag": "I-PER"}]}, {"base_span": [1313, 1321], "annotations": [{"nertag": "O"}]}, {"base_span": [1322, 1325], "annotations": [{"nertag": "O"}]}, {"base_span": [1326, 1328], "annotations": [{"nertag": "O"}]}, {"base_span": [1329, 1332], "annotations": [{"nertag": "O"}]}, {"base_span": [1333, 1339], "annotations": [{"nertag": "O"}]}, {"base_span": [1340, 1352], "annotations": [{"nertag": "O"}]}, {"base_span": [1353, 1355], "annotations": [{"nertag": "O"}]}, {"base_span": [1356, 1360], "annotations": [{"nertag": "O"}]}, {"base_span": [1361, 1366], "annotations": [{"nertag": "B-PER"}]}, {"base_span": [1367, 1373], "annotations": [{"nertag": "I-PER"}]}, {"base_span": [1374, 1382], "annotations": [{"nertag": "O"}]}, {"base_span": [1383, 1387], "annotations": [{"nertag": "O"}]}, {"base_span": [1388, 1395], "annotations": [{"nertag": "O"}]}, {"base_span": [1396, 1400], "annotations": [{"nertag": "O"}]}, {"base_span": [1401, 1405], "annotations": [{"nertag": "O"}]}, {"base_span": [1406, 1408], "annotations": [{"nertag": "O"}]}, {"base_span": [1409, 1414], "annotations": [{"nertag": "O"}]}, {"base_span": [1415, 1420], "annotations": [{"nertag": "O"}]}, {"base_span": [1421, 1427], "annotations": [{"nertag": "O"}]}, {"base_span": [1428, 1431], "annotations": [{"nertag": "O"}]}, {"base_span": [1431, 1432], "annotations": [{"nertag": "O"}]}, {"base_span": [1434, 1437], "annotations": [{"nertag": "O"}]}, {"base_span": [1438, 1449], "annotations": [{"nertag": "O"}]}, {"base_span": [1450, 1461], "annotations": [{"nertag": "O"}]}, {"base_span": [1463, 1468], "annotations": [{"nertag": "B-PER"}]}, {"base_span": [1469, 1473], "annotations": [{"nertag": "I-PER"}]}, {"base_span": [1474, 1477], "annotations": [{"nertag": "O"}]}, {"base_span": [1479, 1485], "annotations": [{"nertag": "B-PER"}]}, {"base_span": [1486, 1492], "annotations": [{"nertag": "I-PER"}]}, {"base_span": [1493, 1496], "annotations": [{"nertag": "O"}]}, {"base_span": [1498, 1503], "annotations": [{"nertag": "B-PER"}]}, {"base_span": [1504, 1508], "annotations": [{"nertag": "I-PER"}]}, {"base_span": [1509, 1512], "annotations": [{"nertag": "O"}]}]}]}