{"text": "\nKiwwijerwe wallale, ja isse arranis igga ühhe perremehhele annb moisa herra teada:\n\n1. et Keik tallomaad, mis Kiwwijerwe moisa järrele on, ees tullewal kewwadel 1865 aastal üksikutte talludesse (Kruntiteks) seadetakse; ja et siis igga perremees tullewal kewwadel omma kessa põllo, ue mõedo järrele, sõnnikuga peab täitma. \n\n2. Moisa herra wõttab ommale selle õiguse, igga üht perremeest Kiwwijerwe wallas; kes eddispiddi teo orjust, ehk rahha renti maksawad, tallo nende käest ärra wõtta. \n\n3. Kui üks ostja peaks tullema, ja üht Tallo ostma tahtma. siis on wanna perremehhel, se õigus mõisa herrast antud selle hinna eest, mis Tallo eest pakkutakse, ja kui moisa herra selle hinna eest tahhab müia, isse omma Tallo ärra osta.\n\n4. Sedda annab Moisa herra nüid jo teada, et temmal õiguse järrele, Jakobi päwal sel 25 Julil prugiks tehha.\n\n5. Need üllemal nimmetud punktid said perremeestele ette loetud ja nende käest küssitud igga üht isse ärralikkult , kas neil selle wasta middagi ütlemist on. Kubjari Tomas, Indo Mart, Anso Jaan, Seppa Tõnno, Seppa Tiit, Pinkari Peter, Annuse Adam, Annuse Juhan, Tõnno Mihkel,Otti Juhan, Arrudi Mart, Toma Mart, Simmardi Mihkel, Antse Mart, Kangro Juhan, Kangro Jaan, Raddasti Jürri, Paltsi Jurri, Mikko Jürri, Wäljari Peter, Uetoa Rein, Maddise Juhan, Jakobi Jaan, Trossi Krsitjan, Torrila Otto, Iwani Jürri, Anso Mart,Wahhi Mart, Ado Abram, Läene Mihkel, Mullika Jaan, Rawwa Jürri, Lehtmetsa Rein.\n\nNeed üllemal nimmetatud perremehhed on nende punktidega rahho, ja ei olle neil middagi selle wasto.\n\nPea mees Peter Peterson XXX\n\nKohto mees Mart Niggul XXX\n\nKohto mees Jaan Täht XXX\n\nWöörmünder Mart Kuk XXX\n\nKirjutaja Fr. Mandel\n\nMoisa herra\n\n\n", "meta": {"origin_directory": "vallakohus_teine/"}, "layers": [{"name": "gold_ner", "attributes": ["nertag"], "parent": null, "enveloping": null, "ambiguous": false, "serialisation_module": null, "meta": {}, "spans": [{"base_span": [1, 19], "annotations": [{"nertag": "LOC_ORG"}]}, {"base_span": [111, 127], "annotations": [{"nertag": "LOC_ORG"}]}, {"base_span": [388, 405], "annotations": [{"nertag": "LOC_ORG"}]}, {"base_span": [997, 1004], "annotations": [{"nertag": "LOC_ORG"}]}, {"base_span": [1005, 1010], "annotations": [{"nertag": "PER"}]}, {"base_span": [1012, 1016], "annotations": [{"nertag": "LOC_ORG"}]}, {"base_span": [1017, 1021], "annotations": [{"nertag": "PER"}]}, {"base_span": [1023, 1027], "annotations": [{"nertag": "LOC_ORG"}]}, {"base_span": [1028, 1032], "annotations": [{"nertag": "PER"}]}, {"base_span": [1034, 1039], "annotations": [{"nertag": "LOC_ORG"}]}, {"base_span": [1040, 1045], "annotations": [{"nertag": "PER"}]}, {"base_span": [1047, 1052], "annotations": [{"nertag": "LOC_ORG"}]}, {"base_span": [1053, 1057], "annotations": [{"nertag": "PER"}]}, {"base_span": [1059, 1066], "annotations": [{"nertag": "LOC_ORG"}]}, {"base_span": [1067, 1072], "annotations": [{"nertag": "PER"}]}, {"base_span": [1074, 1080], "annotations": [{"nertag": "LOC_ORG"}]}, {"base_span": [1081, 1085], "annotations": [{"nertag": "PER"}]}, {"base_span": [1087, 1093], "annotations": [{"nertag": "LOC_ORG"}]}, {"base_span": [1094, 1099], "annotations": [{"nertag": "PER"}]}, {"base_span": [1101, 1106], "annotations": [{"nertag": "LOC_ORG"}]}, {"base_span": [1107, 1113], "annotations": [{"nertag": "PER"}]}, {"base_span": [1114, 1118], "annotations": [{"nertag": "LOC_ORG"}]}, {"base_span": [1119, 1124], "annotations": [{"nertag": "PER"}]}, {"base_span": [1126, 1132], "annotations": [{"nertag": "LOC_ORG"}]}, {"base_span": [1133, 1137], "annotations": [{"nertag": "PER"}]}, {"base_span": [1139, 1143], "annotations": [{"nertag": "LOC_ORG"}]}, {"base_span": [1144, 1148], "annotations": [{"nertag": "PER"}]}, {"base_span": [1150, 1158], "annotations": [{"nertag": "LOC_ORG"}]}, {"base_span": [1159, 1165], "annotations": [{"nertag": "PER"}]}, {"base_span": [1167, 1172], "annotations": [{"nertag": "LOC_ORG"}]}, {"base_span": [1173, 1177], "annotations": [{"nertag": "PER"}]}, {"base_span": [1179, 1185], "annotations": [{"nertag": "LOC_ORG"}]}, {"base_span": [1186, 1191], "annotations": [{"nertag": "PER"}]}, {"base_span": [1193, 1199], "annotations": [{"nertag": "LOC_ORG"}]}, {"base_span": [1200, 1204], "annotations": [{"nertag": "PER"}]}, {"base_span": [1206, 1214], "annotations": [{"nertag": "LOC_ORG"}]}, {"base_span": [1215, 1220], "annotations": [{"nertag": "PER"}]}, {"base_span": [1222, 1228], "annotations": [{"nertag": "LOC_ORG"}]}, {"base_span": [1229, 1234], "annotations": [{"nertag": "PER"}]}, {"base_span": [1236, 1241], "annotations": [{"nertag": "LOC_ORG"}]}, {"base_span": [1242, 1247], "annotations": [{"nertag": "PER"}]}, {"base_span": [1249, 1256], "annotations": [{"nertag": "LOC_ORG"}]}, {"base_span": [1257, 1262], "annotations": [{"nertag": "PER"}]}, {"base_span": [1264, 1269], "annotations": [{"nertag": "LOC_ORG"}]}, {"base_span": [1270, 1274], "annotations": [{"nertag": "PER"}]}, {"base_span": [1276, 1283], "annotations": [{"nertag": "LOC_ORG"}]}, {"base_span": [1284, 1289], "annotations": [{"nertag": "PER"}]}, {"base_span": [1291, 1297], "annotations": [{"nertag": "LOC_ORG"}]}, {"base_span": [1298, 1302], "annotations": [{"nertag": "PER"}]}, {"base_span": [1304, 1310], "annotations": [{"nertag": "LOC_ORG"}]}, {"base_span": [1311, 1319], "annotations": [{"nertag": "PER"}]}, {"base_span": [1321, 1328], "annotations": [{"nertag": "LOC_ORG"}]}, {"base_span": [1329, 1333], "annotations": [{"nertag": "PER"}]}, {"base_span": [1335, 1340], "annotations": [{"nertag": "LOC_ORG"}]}, {"base_span": [1341, 1346], "annotations": [{"nertag": "PER"}]}, {"base_span": [1348, 1352], "annotations": [{"nertag": "LOC_ORG"}]}, {"base_span": [1353, 1357], "annotations": [{"nertag": "PER"}]}, {"base_span": [1358, 1363], "annotations": [{"nertag": "LOC_ORG"}]}, {"base_span": [1364, 1368], "annotations": [{"nertag": "PER"}]}, {"base_span": [1370, 1373], "annotations": [{"nertag": "LOC_ORG"}]}, {"base_span": [1374, 1379], "annotations": [{"nertag": "PER"}]}, {"base_span": [1381, 1386], "annotations": [{"nertag": "LOC_ORG"}]}, {"base_span": [1387, 1393], "annotations": [{"nertag": "PER"}]}, {"base_span": [1395, 1402], "annotations": [{"nertag": "LOC_ORG"}]}, {"base_span": [1403, 1407], "annotations": [{"nertag": "PER"}]}, {"base_span": [1409, 1414], "annotations": [{"nertag": "LOC_ORG"}]}, {"base_span": [1415, 1420], "annotations": [{"nertag": "PER"}]}, {"base_span": [1422, 1431], "annotations": [{"nertag": "LOC_ORG"}]}, {"base_span": [1432, 1436], "annotations": [{"nertag": "PER"}]}, {"base_span": [1549, 1563], "annotations": [{"nertag": "PER"}]}, {"base_span": [1580, 1591], "annotations": [{"nertag": "PER"}]}, {"base_span": [1608, 1617], "annotations": [{"nertag": "PER"}]}, {"base_span": [1634, 1642], "annotations": [{"nertag": "PER"}]}, {"base_span": [1658, 1668], "annotations": [{"nertag": "PER"}]}]}, {"name": "gold_wordner", "attributes": ["nertag"], "parent": null, "enveloping": null, "ambiguous": false, "serialisation_module": null, "meta": {}, "spans": [{"base_span": [1, 11], "annotations": [{"nertag": "B-LOC_ORG"}]}, {"base_span": [12, 19], "annotations": [{"nertag": "I-LOC_ORG"}]}, {"base_span": [19, 20], "annotations": [{"nertag": "O"}]}, {"base_span": [21, 23], "annotations": [{"nertag": "O"}]}, {"base_span": [24, 28], "annotations": [{"nertag": "O"}]}, {"base_span": [29, 36], "annotations": [{"nertag": "O"}]}, {"base_span": [37, 41], "annotations": [{"nertag": "O"}]}, {"base_span": [42, 46], "annotations": [{"nertag": "O"}]}, {"base_span": [47, 59], "annotations": [{"nertag": "O"}]}, {"base_span": [60, 64], "annotations": [{"nertag": "O"}]}, {"base_span": [65, 70], "annotations": [{"nertag": "O"}]}, {"base_span": [71, 76], "annotations": [{"nertag": "O"}]}, {"base_span": [77, 82], "annotations": [{"nertag": "O"}]}, {"base_span": [82, 83], "annotations": [{"nertag": "O"}]}, {"base_span": [85, 87], "annotations": [{"nertag": "O"}]}, {"base_span": [88, 90], "annotations": [{"nertag": "O"}]}, {"base_span": [91, 95], "annotations": [{"nertag": "O"}]}, {"base_span": [96, 105], "annotations": [{"nertag": "O"}]}, {"base_span": [105, 106], "annotations": [{"nertag": "O"}]}, {"base_span": [107, 110], "annotations": [{"nertag": "O"}]}, {"base_span": [111, 121], "annotations": [{"nertag": "B-LOC_ORG"}]}, {"base_span": [122, 127], "annotations": [{"nertag": "I-LOC_ORG"}]}, {"base_span": [128, 135], "annotations": [{"nertag": "O"}]}, {"base_span": [136, 138], "annotations": [{"nertag": "O"}]}, {"base_span": [138, 139], "annotations": [{"nertag": "O"}]}, {"base_span": [140, 143], "annotations": [{"nertag": "O"}]}, {"base_span": [144, 152], "annotations": [{"nertag": "O"}]}, {"base_span": [153, 161], "annotations": [{"nertag": "O"}]}, {"base_span": [162, 166], "annotations": [{"nertag": "O"}]}, {"base_span": [167, 173], "annotations": [{"nertag": "O"}]}, {"base_span": [174, 183], "annotations": [{"nertag": "O"}]}, {"base_span": [184, 194], "annotations": [{"nertag": "O"}]}, {"base_span": [195, 196], "annotations": [{"nertag": "O"}]}, {"base_span": [196, 206], "annotations": [{"nertag": "O"}]}, {"base_span": [206, 207], "annotations": [{"nertag": "O"}]}, {"base_span": [208, 218], "annotations": [{"nertag": "O"}]}, {"base_span": [218, 219], "annotations": [{"nertag": "O"}]}, {"base_span": [220, 222], "annotations": [{"nertag": "O"}]}, {"base_span": [223, 225], "annotations": [{"nertag": "O"}]}, {"base_span": [226, 230], "annotations": [{"nertag": "O"}]}, {"base_span": [231, 235], "annotations": [{"nertag": "O"}]}, {"base_span": [236, 245], "annotations": [{"nertag": "O"}]}, {"base_span": [246, 254], "annotations": [{"nertag": "O"}]}, {"base_span": [255, 263], "annotations": [{"nertag": "O"}]}, {"base_span": [264, 268], "annotations": [{"nertag": "O"}]}, {"base_span": [269, 274], "annotations": [{"nertag": "O"}]}, {"base_span": [275, 280], "annotations": [{"nertag": "O"}]}, {"base_span": [280, 281], "annotations": [{"nertag": "O"}]}, {"base_span": [282, 284], "annotations": [{"nertag": "O"}]}, {"base_span": [285, 290], "annotations": [{"nertag": "O"}]}, {"base_span": [291, 298], "annotations": [{"nertag": "O"}]}, {"base_span": [298, 299], "annotations": [{"nertag": "O"}]}, {"base_span": [300, 309], "annotations": [{"nertag": "O"}]}, {"base_span": [310, 314], "annotations": [{"nertag": "O"}]}, {"base_span": [315, 321], "annotations": [{"nertag": "O"}]}, {"base_span": [321, 322], "annotations": [{"nertag": "O"}]}, {"base_span": [325, 327], "annotations": [{"nertag": "O"}]}, {"base_span": [328, 333], "annotations": [{"nertag": "O"}]}, {"base_span": [334, 339], "annotations": [{"nertag": "O"}]}, {"base_span": [340, 346], "annotations": [{"nertag": "O"}]}, {"base_span": [347, 353], "annotations": [{"nertag": "O"}]}, {"base_span": [354, 359], "annotations": [{"nertag": "O"}]}, {"base_span": [360, 366], "annotations": [{"nertag": "O"}]}, {"base_span": [366, 367], "annotations": [{"nertag": "O"}]}, {"base_span": [368, 372], "annotations": [{"nertag": "O"}]}, {"base_span": [373, 376], "annotations": [{"nertag": "O"}]}, {"base_span": [377, 387], "annotations": [{"nertag": "O"}]}, {"base_span": [388, 398], "annotations": [{"nertag": "B-LOC_ORG"}]}, {"base_span": [399, 405], "annotations": [{"nertag": "I-LOC_ORG"}]}, {"base_span": [405, 406], "annotations": [{"nertag": "O"}]}, {"base_span": [407, 410], "annotations": [{"nertag": "O"}]}, {"base_span": [411, 421], "annotations": [{"nertag": "O"}]}, {"base_span": [422, 425], "annotations": [{"nertag": "O"}]}, {"base_span": [426, 432], "annotations": [{"nertag": "O"}]}, {"base_span": [432, 433], "annotations": [{"nertag": "O"}]}, {"base_span": [434, 437], "annotations": [{"nertag": "O"}]}, {"base_span": [438, 443], "annotations": [{"nertag": "O"}]}, {"base_span": [444, 449], "annotations": [{"nertag": "O"}]}, {"base_span": [450, 458], "annotations": [{"nertag": "O"}]}, {"base_span": [458, 459], "annotations": [{"nertag": "O"}]}, {"base_span": [460, 465], "annotations": [{"nertag": "O"}]}, {"base_span": [466, 471], "annotations": [{"nertag": "O"}]}, {"base_span": [472, 477], "annotations": [{"nertag": "O"}]}, {"base_span": [478, 482], "annotations": [{"nertag": "O"}]}, {"base_span": [483, 488], "annotations": [{"nertag": "O"}]}, {"base_span": [488, 489], "annotations": [{"nertag": "O"}]}, {"base_span": [492, 494], "annotations": [{"nertag": "O"}]}, {"base_span": [495, 498], "annotations": [{"nertag": "O"}]}, {"base_span": [499, 502], "annotations": [{"nertag": "O"}]}, {"base_span": [503, 508], "annotations": [{"nertag": "O"}]}, {"base_span": [509, 514], "annotations": [{"nertag": "O"}]}, {"base_span": [515, 522], "annotations": [{"nertag": "O"}]}, {"base_span": [522, 523], "annotations": [{"nertag": "O"}]}, {"base_span": [524, 526], "annotations": [{"nertag": "O"}]}, {"base_span": [527, 530], "annotations": [{"nertag": "O"}]}, {"base_span": [531, 536], "annotations": [{"nertag": "O"}]}, {"base_span": [537, 542], "annotations": [{"nertag": "O"}]}, {"base_span": [543, 549], "annotations": [{"nertag": "O"}]}, {"base_span": [549, 550], "annotations": [{"nertag": "O"}]}, {"base_span": [551, 555], "annotations": [{"nertag": "O"}]}, {"base_span": [556, 558], "annotations": [{"nertag": "O"}]}, {"base_span": [559, 564], "annotations": [{"nertag": "O"}]}, {"base_span": [565, 576], "annotations": [{"nertag": "O"}]}, {"base_span": [576, 577], "annotations": [{"nertag": "O"}]}, {"base_span": [578, 580], "annotations": [{"nertag": "O"}]}, {"base_span": [581, 586], "annotations": [{"nertag": "O"}]}, {"base_span": [587, 592], "annotations": [{"nertag": "O"}]}, {"base_span": [593, 600], "annotations": [{"nertag": "O"}]}, {"base_span": [601, 606], "annotations": [{"nertag": "O"}]}, {"base_span": [607, 612], "annotations": [{"nertag": "O"}]}, {"base_span": [613, 618], "annotations": [{"nertag": "O"}]}, {"base_span": [619, 623], "annotations": [{"nertag": "O"}]}, {"base_span": [623, 624], "annotations": [{"nertag": "O"}]}, {"base_span": [625, 628], "annotations": [{"nertag": "O"}]}, {"base_span": [629, 634], "annotations": [{"nertag": "O"}]}, {"base_span": [635, 639], "annotations": [{"nertag": "O"}]}, {"base_span": [640, 650], "annotations": [{"nertag": "O"}]}, {"base_span": [650, 651], "annotations": [{"nertag": "O"}]}, {"base_span": [652, 654], "annotations": [{"nertag": "O"}]}, {"base_span": [655, 658], "annotations": [{"nertag": "O"}]}, {"base_span": [659, 664], "annotations": [{"nertag": "O"}]}, {"base_span": [665, 670], "annotations": [{"nertag": "O"}]}, {"base_span": [671, 676], "annotations": [{"nertag": "O"}]}, {"base_span": [677, 682], "annotations": [{"nertag": "O"}]}, {"base_span": [683, 687], "annotations": [{"nertag": "O"}]}, {"base_span": [688, 694], "annotations": [{"nertag": "O"}]}, {"base_span": [695, 699], "annotations": [{"nertag": "O"}]}, {"base_span": [699, 700], "annotations": [{"nertag": "O"}]}, {"base_span": [701, 705], "annotations": [{"nertag": "O"}]}, {"base_span": [706, 710], "annotations": [{"nertag": "O"}]}, {"base_span": [711, 716], "annotations": [{"nertag": "O"}]}, {"base_span": [717, 721], "annotations": [{"nertag": "O"}]}, {"base_span": [722, 726], "annotations": [{"nertag": "O"}]}, {"base_span": [726, 727], "annotations": [{"nertag": "O"}]}, {"base_span": [729, 731], "annotations": [{"nertag": "O"}]}, {"base_span": [732, 737], "annotations": [{"nertag": "O"}]}, {"base_span": [738, 743], "annotations": [{"nertag": "O"}]}, {"base_span": [744, 749], "annotations": [{"nertag": "O"}]}, {"base_span": [750, 755], "annotations": [{"nertag": "O"}]}, {"base_span": [756, 760], "annotations": [{"nertag": "O"}]}, {"base_span": [761, 763], "annotations": [{"nertag": "O"}]}, {"base_span": [764, 769], "annotations": [{"nertag": "O"}]}, {"base_span": [769, 770], "annotations": [{"nertag": "O"}]}, {"base_span": [771, 773], "annotations": [{"nertag": "O"}]}, {"base_span": [774, 780], "annotations": [{"nertag": "O"}]}, {"base_span": [781, 787], "annotations": [{"nertag": "O"}]}, {"base_span": [788, 795], "annotations": [{"nertag": "O"}]}, {"base_span": [795, 796], "annotations": [{"nertag": "O"}]}, {"base_span": [797, 803], "annotations": [{"nertag": "O"}]}, {"base_span": [804, 809], "annotations": [{"nertag": "O"}]}, {"base_span": [810, 813], "annotations": [{"nertag": "O"}]}, {"base_span": [814, 816], "annotations": [{"nertag": "O"}]}, {"base_span": [817, 822], "annotations": [{"nertag": "O"}]}, {"base_span": [823, 830], "annotations": [{"nertag": "O"}]}, {"base_span": [831, 836], "annotations": [{"nertag": "O"}]}, {"base_span": [836, 837], "annotations": [{"nertag": "O"}]}, {"base_span": [839, 841], "annotations": [{"nertag": "O"}]}, {"base_span": [842, 846], "annotations": [{"nertag": "O"}]}, {"base_span": [847, 854], "annotations": [{"nertag": "O"}]}, {"base_span": [855, 863], "annotations": [{"nertag": "O"}]}, {"base_span": [864, 871], "annotations": [{"nertag": "O"}]}, {"base_span": [872, 876], "annotations": [{"nertag": "O"}]}, {"base_span": [877, 890], "annotations": [{"nertag": "O"}]}, {"base_span": [891, 895], "annotations": [{"nertag": "O"}]}, {"base_span": [896, 902], "annotations": [{"nertag": "O"}]}, {"base_span": [903, 905], "annotations": [{"nertag": "O"}]}, {"base_span": [906, 911], "annotations": [{"nertag": "O"}]}, {"base_span": [912, 917], "annotations": [{"nertag": "O"}]}, {"base_span": [918, 926], "annotations": [{"nertag": "O"}]}, {"base_span": [927, 931], "annotations": [{"nertag": "O"}]}, {"base_span": [932, 935], "annotations": [{"nertag": "O"}]}, {"base_span": [936, 940], "annotations": [{"nertag": "O"}]}, {"base_span": [941, 952], "annotations": [{"nertag": "O"}]}, {"base_span": [953, 954], "annotations": [{"nertag": "O"}]}, {"base_span": [955, 958], "annotations": [{"nertag": "O"}]}, {"base_span": [959, 963], "annotations": [{"nertag": "O"}]}, {"base_span": [964, 969], "annotations": [{"nertag": "O"}]}, {"base_span": [970, 975], "annotations": [{"nertag": "O"}]}, {"base_span": [976, 983], "annotations": [{"nertag": "O"}]}, {"base_span": [984, 992], "annotations": [{"nertag": "O"}]}, {"base_span": [993, 995], "annotations": [{"nertag": "O"}]}, {"base_span": [995, 996], "annotations": [{"nertag": "O"}]}, {"base_span": [997, 1004], "annotations": [{"nertag": "B-LOC_ORG"}]}, {"base_span": [1005, 1010], "annotations": [{"nertag": "B-PER"}]}, {"base_span": [1010, 1011], "annotations": [{"nertag": "O"}]}, {"base_span": [1012, 1016], "annotations": [{"nertag": "B-LOC_ORG"}]}, {"base_span": [1017, 1021], "annotations": [{"nertag": "B-PER"}]}, {"base_span": [1021, 1022], "annotations": [{"nertag": "O"}]}, {"base_span": [1023, 1027], "annotations": [{"nertag": "B-LOC_ORG"}]}, {"base_span": [1028, 1032], "annotations": [{"nertag": "B-PER"}]}, {"base_span": [1032, 1033], "annotations": [{"nertag": "O"}]}, {"base_span": [1034, 1039], "annotations": [{"nertag": "B-LOC_ORG"}]}, {"base_span": [1040, 1045], "annotations": [{"nertag": "B-PER"}]}, {"base_span": [1045, 1046], "annotations": [{"nertag": "O"}]}, {"base_span": [1047, 1052], "annotations": [{"nertag": "B-LOC_ORG"}]}, {"base_span": [1053, 1057], "annotations": [{"nertag": "B-PER"}]}, {"base_span": [1057, 1058], "annotations": [{"nertag": "O"}]}, {"base_span": [1059, 1066], "annotations": [{"nertag": "B-LOC_ORG"}]}, {"base_span": [1067, 1072], "annotations": [{"nertag": "B-PER"}]}, {"base_span": [1072, 1073], "annotations": [{"nertag": "O"}]}, {"base_span": [1074, 1080], "annotations": [{"nertag": "B-LOC_ORG"}]}, {"base_span": [1081, 1085], "annotations": [{"nertag": "B-PER"}]}, {"base_span": [1085, 1086], "annotations": [{"nertag": "O"}]}, {"base_span": [1087, 1093], "annotations": [{"nertag": "B-LOC_ORG"}]}, {"base_span": [1094, 1099], "annotations": [{"nertag": "B-PER"}]}, {"base_span": [1099, 1100], "annotations": [{"nertag": "O"}]}, {"base_span": [1101, 1106], "annotations": [{"nertag": "B-LOC_ORG"}]}, {"base_span": [1107, 1113], "annotations": [{"nertag": "B-PER"}]}, {"base_span": [1113, 1114], "annotations": [{"nertag": "O"}]}, {"base_span": [1114, 1118], "annotations": [{"nertag": "B-LOC_ORG"}]}, {"base_span": [1119, 1124], "annotations": [{"nertag": "B-PER"}]}, {"base_span": [1124, 1125], "annotations": [{"nertag": "O"}]}, {"base_span": [1126, 1132], "annotations": [{"nertag": "B-LOC_ORG"}]}, {"base_span": [1133, 1137], "annotations": [{"nertag": "B-PER"}]}, {"base_span": [1137, 1138], "annotations": [{"nertag": "O"}]}, {"base_span": [1139, 1143], "annotations": [{"nertag": "B-LOC_ORG"}]}, {"base_span": [1144, 1148], "annotations": [{"nertag": "B-PER"}]}, {"base_span": [1148, 1149], "annotations": [{"nertag": "O"}]}, {"base_span": [1150, 1158], "annotations": [{"nertag": "B-LOC_ORG"}]}, {"base_span": [1159, 1165], "annotations": [{"nertag": "B-PER"}]}, {"base_span": [1165, 1166], "annotations": [{"nertag": "O"}]}, {"base_span": [1167, 1172], "annotations": [{"nertag": "B-LOC_ORG"}]}, {"base_span": [1173, 1177], "annotations": [{"nertag": "B-PER"}]}, {"base_span": [1177, 1178], "annotations": [{"nertag": "O"}]}, {"base_span": [1179, 1185], "annotations": [{"nertag": "B-LOC_ORG"}]}, {"base_span": [1186, 1191], "annotations": [{"nertag": "B-PER"}]}, {"base_span": [1191, 1192], "annotations": [{"nertag": "O"}]}, {"base_span": [1193, 1199], "annotations": [{"nertag": "B-LOC_ORG"}]}, {"base_span": [1200, 1204], "annotations": [{"nertag": "B-PER"}]}, {"base_span": [1204, 1205], "annotations": [{"nertag": "O"}]}, {"base_span": [1206, 1214], "annotations": [{"nertag": "B-LOC_ORG"}]}, {"base_span": [1215, 1220], "annotations": [{"nertag": "B-PER"}]}, {"base_span": [1220, 1221], "annotations": [{"nertag": "O"}]}, {"base_span": [1222, 1228], "annotations": [{"nertag": "B-LOC_ORG"}]}, {"base_span": [1229, 1234], "annotations": [{"nertag": "B-PER"}]}, {"base_span": [1234, 1235], "annotations": [{"nertag": "O"}]}, {"base_span": [1236, 1241], "annotations": [{"nertag": "B-LOC_ORG"}]}, {"base_span": [1242, 1247], "annotations": [{"nertag": "B-PER"}]}, {"base_span": [1247, 1248], "annotations": [{"nertag": "O"}]}, {"base_span": [1249, 1256], "annotations": [{"nertag": "B-LOC_ORG"}]}, {"base_span": [1257, 1262], "annotations": [{"nertag": "B-PER"}]}, {"base_span": [1262, 1263], "annotations": [{"nertag": "O"}]}, {"base_span": [1264, 1269], "annotations": [{"nertag": "B-LOC_ORG"}]}, {"base_span": [1270, 1274], "annotations": [{"nertag": "B-PER"}]}, {"base_span": [1274, 1275], "annotations": [{"nertag": "O"}]}, {"base_span": [1276, 1283], "annotations": [{"nertag": "B-LOC_ORG"}]}, {"base_span": [1284, 1289], "annotations": [{"nertag": "B-PER"}]}, {"base_span": [1289, 1290], "annotations": [{"nertag": "O"}]}, {"base_span": [1291, 1297], "annotations": [{"nertag": "B-LOC_ORG"}]}, {"base_span": [1298, 1302], "annotations": [{"nertag": "B-PER"}]}, {"base_span": [1302, 1303], "annotations": [{"nertag": "O"}]}, {"base_span": [1304, 1310], "annotations": [{"nertag": "B-LOC_ORG"}]}, {"base_span": [1311, 1319], "annotations": [{"nertag": "B-PER"}]}, {"base_span": [1319, 1320], "annotations": [{"nertag": "O"}]}, {"base_span": [1321, 1328], "annotations": [{"nertag": "B-LOC_ORG"}]}, {"base_span": [1329, 1333], "annotations": [{"nertag": "B-PER"}]}, {"base_span": [1333, 1334], "annotations": [{"nertag": "O"}]}, {"base_span": [1335, 1340], "annotations": [{"nertag": "B-LOC_ORG"}]}, {"base_span": [1341, 1346], "annotations": [{"nertag": "B-PER"}]}, {"base_span": [1346, 1347], "annotations": [{"nertag": "O"}]}, {"base_span": [1348, 1352], "annotations": [{"nertag": "B-LOC_ORG"}]}, {"base_span": [1353, 1357], "annotations": [{"nertag": "B-PER"}]}, {"base_span": [1357, 1358], "annotations": [{"nertag": "O"}]}, {"base_span": [1358, 1363], "annotations": [{"nertag": "B-LOC_ORG"}]}, {"base_span": [1364, 1368], "annotations": [{"nertag": "B-PER"}]}, {"base_span": [1368, 1369], "annotations": [{"nertag": "O"}]}, {"base_span": [1370, 1373], "annotations": [{"nertag": "B-LOC_ORG"}]}, {"base_span": [1374, 1379], "annotations": [{"nertag": "B-PER"}]}, {"base_span": [1379, 1380], "annotations": [{"nertag": "O"}]}, {"base_span": [1381, 1386], "annotations": [{"nertag": "B-LOC_ORG"}]}, {"base_span": [1387, 1393], "annotations": [{"nertag": "B-PER"}]}, {"base_span": [1393, 1394], "annotations": [{"nertag": "O"}]}, {"base_span": [1395, 1402], "annotations": [{"nertag": "B-LOC_ORG"}]}, {"base_span": [1403, 1407], "annotations": [{"nertag": "B-PER"}]}, {"base_span": [1407, 1408], "annotations": [{"nertag": "O"}]}, {"base_span": [1409, 1414], "annotations": [{"nertag": "B-LOC_ORG"}]}, {"base_span": [1415, 1420], "annotations": [{"nertag": "B-PER"}]}, {"base_span": [1420, 1421], "annotations": [{"nertag": "O"}]}, {"base_span": [1422, 1431], "annotations": [{"nertag": "B-LOC_ORG"}]}, {"base_span": [1432, 1436], "annotations": [{"nertag": "B-PER"}]}, {"base_span": [1436, 1437], "annotations": [{"nertag": "O"}]}, {"base_span": [1439, 1443], "annotations": [{"nertag": "O"}]}, {"base_span": [1444, 1451], "annotations": [{"nertag": "O"}]}, {"base_span": [1452, 1462], "annotations": [{"nertag": "O"}]}, {"base_span": [1463, 1474], "annotations": [{"nertag": "O"}]}, {"base_span": [1475, 1477], "annotations": [{"nertag": "O"}]}, {"base_span": [1478, 1483], "annotations": [{"nertag": "O"}]}, {"base_span": [1484, 1494], "annotations": [{"nertag": "O"}]}, {"base_span": [1495, 1500], "annotations": [{"nertag": "O"}]}, {"base_span": [1500, 1501], "annotations": [{"nertag": "O"}]}, {"base_span": [1502, 1504], "annotations": [{"nertag": "O"}]}, {"base_span": [1505, 1507], "annotations": [{"nertag": "O"}]}, {"base_span": [1508, 1512], "annotations": [{"nertag": "O"}]}, {"base_span": [1513, 1517], "annotations": [{"nertag": "O"}]}, {"base_span": [1518, 1525], "annotations": [{"nertag": "O"}]}, {"base_span": [1526, 1531], "annotations": [{"nertag": "O"}]}, {"base_span": [1532, 1537], "annotations": [{"nertag": "O"}]}, {"base_span": [1537, 1538], "annotations": [{"nertag": "O"}]}, {"base_span": [1540, 1543], "annotations": [{"nertag": "O"}]}, {"base_span": [1544, 1548], "annotations": [{"nertag": "O"}]}, {"base_span": [1549, 1554], "annotations": [{"nertag": "B-PER"}]}, {"base_span": [1555, 1563], "annotations": [{"nertag": "I-PER"}]}, {"base_span": [1564, 1567], "annotations": [{"nertag": "O"}]}, {"base_span": [1569, 1574], "annotations": [{"nertag": "O"}]}, {"base_span": [1575, 1579], "annotations": [{"nertag": "O"}]}, {"base_span": [1580, 1584], "annotations": [{"nertag": "B-PER"}]}, {"base_span": [1585, 1591], "annotations": [{"nertag": "I-PER"}]}, {"base_span": [1592, 1595], "annotations": [{"nertag": "O"}]}, {"base_span": [1597, 1602], "annotations": [{"nertag": "O"}]}, {"base_span": [1603, 1607], "annotations": [{"nertag": "O"}]}, {"base_span": [1608, 1612], "annotations": [{"nertag": "B-PER"}]}, {"base_span": [1613, 1617], "annotations": [{"nertag": "I-PER"}]}, {"base_span": [1618, 1621], "annotations": [{"nertag": "O"}]}, {"base_span": [1623, 1633], "annotations": [{"nertag": "O"}]}, {"base_span": [1634, 1638], "annotations": [{"nertag": "B-PER"}]}, {"base_span": [1639, 1642], "annotations": [{"nertag": "I-PER"}]}, {"base_span": [1643, 1646], "annotations": [{"nertag": "O"}]}, {"base_span": [1648, 1657], "annotations": [{"nertag": "O"}]}, {"base_span": [1658, 1660], "annotations": [{"nertag": "B-PER"}]}, {"base_span": [1660, 1661], "annotations": [{"nertag": "I-PER"}]}, {"base_span": [1662, 1668], "annotations": [{"nertag": "I-PER"}]}, {"base_span": [1670, 1675], "annotations": [{"nertag": "O"}]}, {"base_span": [1676, 1681], "annotations": [{"nertag": "O"}]}]}]}