{"text": "\nAhja mõisawalitsus kaibas renti pro 1883/84 saada olewat ja nõudis 14 päiwa sees kätte\n\nIrde Peetri käest\n   118 rubl 88 kop.\n  \n\nIrde Gottlibe käest\n   119 rubl. 50 kop.\n  \n\nWõsmi Peetri käest\n   103 rubl.\n  \n\nKaiwatawad tunnistasiwad üles antud wõlga õigeks.\n\nMõiste: Ülesantud wõlg on wõlglastel 14 päiwa sees mõisawalitsusele kätte maksa.\n\nPääkohtumees: Peeter Kripson XXX\n\nKohtumees: Peeter Hindrikson XXX\n\nKohtumees: Kusta Iwanthal XXX\n\nKohtumees: Johan Klaoson\n\nMõiste sai kuulutatud ja olid kohtukäijad rahul.\n\nKirjutaja: Chr Kapp &lt;allkiri&gt;\n\n\n", "meta": {"origin_directory": "vallakohus_neljas/"}, "layers": [{"name": "gold_ner", "attributes": ["nertag"], "parent": null, "enveloping": null, "ambiguous": false, "serialisation_module": null, "meta": {}, "spans": [{"base_span": [1, 19], "annotations": [{"nertag": "ORG"}]}, {"base_span": [89, 93], "annotations": [{"nertag": "LOC_ORG"}]}, {"base_span": [94, 100], "annotations": [{"nertag": "PER"}]}, {"base_span": [131, 135], "annotations": [{"nertag": "LOC_ORG"}]}, {"base_span": [136, 144], "annotations": [{"nertag": "PER"}]}, {"base_span": [176, 181], "annotations": [{"nertag": "LOC_ORG"}]}, {"base_span": [182, 188], "annotations": [{"nertag": "PER"}]}, {"base_span": [359, 373], "annotations": [{"nertag": "PER"}]}, {"base_span": [390, 407], "annotations": [{"nertag": "PER"}]}, {"base_span": [424, 438], "annotations": [{"nertag": "PER"}]}, {"base_span": [455, 468], "annotations": [{"nertag": "PER"}]}, {"base_span": [531, 539], "annotations": [{"nertag": "PER"}]}]}, {"name": "gold_wordner", "attributes": ["nertag"], "parent": null, "enveloping": null, "ambiguous": false, "serialisation_module": null, "meta": {}, "spans": [{"base_span": [1, 5], "annotations": [{"nertag": "B-ORG"}]}, {"base_span": [6, 19], "annotations": [{"nertag": "I-ORG"}]}, {"base_span": [20, 26], "annotations": [{"nertag": "O"}]}, {"base_span": [27, 32], "annotations": [{"nertag": "O"}]}, {"base_span": [33, 36], "annotations": [{"nertag": "O"}]}, {"base_span": [37, 41], "annotations": [{"nertag": "O"}]}, {"base_span": [41, 42], "annotations": [{"nertag": "O"}]}, {"base_span": [42, 44], "annotations": [{"nertag": "O"}]}, {"base_span": [45, 50], "annotations": [{"nertag": "O"}]}, {"base_span": [51, 57], "annotations": [{"nertag": "O"}]}, {"base_span": [58, 60], "annotations": [{"nertag": "O"}]}, {"base_span": [61, 67], "annotations": [{"nertag": "O"}]}, {"base_span": [68, 70], "annotations": [{"nertag": "O"}]}, {"base_span": [71, 76], "annotations": [{"nertag": "O"}]}, {"base_span": [77, 81], "annotations": [{"nertag": "O"}]}, {"base_span": [82, 87], "annotations": [{"nertag": "O"}]}, {"base_span": [89, 93], "annotations": [{"nertag": "B-LOC_ORG"}]}, {"base_span": [94, 100], "annotations": [{"nertag": "B-PER"}]}, {"base_span": [101, 106], "annotations": [{"nertag": "O"}]}, {"base_span": [110, 113], "annotations": [{"nertag": "O"}]}, {"base_span": [114, 118], "annotations": [{"nertag": "O"}]}, {"base_span": [119, 121], "annotations": [{"nertag": "O"}]}, {"base_span": [122, 125], "annotations": [{"nertag": "O"}]}, {"base_span": [125, 126], "annotations": [{"nertag": "O"}]}, {"base_span": [131, 135], "annotations": [{"nertag": "B-LOC_ORG"}]}, {"base_span": [136, 144], "annotations": [{"nertag": "B-PER"}]}, {"base_span": [145, 150], "annotations": [{"nertag": "O"}]}, {"base_span": [154, 157], "annotations": [{"nertag": "O"}]}, {"base_span": [158, 162], "annotations": [{"nertag": "O"}]}, {"base_span": [162, 163], "annotations": [{"nertag": "O"}]}, {"base_span": [164, 166], "annotations": [{"nertag": "O"}]}, {"base_span": [167, 170], "annotations": [{"nertag": "O"}]}, {"base_span": [170, 171], "annotations": [{"nertag": "O"}]}, {"base_span": [176, 181], "annotations": [{"nertag": "B-LOC_ORG"}]}, {"base_span": [182, 188], "annotations": [{"nertag": "B-PER"}]}, {"base_span": [189, 194], "annotations": [{"nertag": "O"}]}, {"base_span": [198, 201], "annotations": [{"nertag": "O"}]}, {"base_span": [202, 206], "annotations": [{"nertag": "O"}]}, {"base_span": [206, 207], "annotations": [{"nertag": "O"}]}, {"base_span": [212, 222], "annotations": [{"nertag": "O"}]}, {"base_span": [223, 236], "annotations": [{"nertag": "O"}]}, {"base_span": [237, 241], "annotations": [{"nertag": "O"}]}, {"base_span": [242, 247], "annotations": [{"nertag": "O"}]}, {"base_span": [248, 253], "annotations": [{"nertag": "O"}]}, {"base_span": [254, 260], "annotations": [{"nertag": "O"}]}, {"base_span": [260, 261], "annotations": [{"nertag": "O"}]}, {"base_span": [263, 269], "annotations": [{"nertag": "O"}]}, {"base_span": [269, 270], "annotations": [{"nertag": "O"}]}, {"base_span": [271, 280], "annotations": [{"nertag": "O"}]}, {"base_span": [281, 285], "annotations": [{"nertag": "O"}]}, {"base_span": [286, 288], "annotations": [{"nertag": "O"}]}, {"base_span": [289, 299], "annotations": [{"nertag": "O"}]}, {"base_span": [300, 302], "annotations": [{"nertag": "O"}]}, {"base_span": [303, 308], "annotations": [{"nertag": "O"}]}, {"base_span": [309, 313], "annotations": [{"nertag": "O"}]}, {"base_span": [314, 330], "annotations": [{"nertag": "O"}]}, {"base_span": [331, 336], "annotations": [{"nertag": "O"}]}, {"base_span": [337, 342], "annotations": [{"nertag": "O"}]}, {"base_span": [342, 343], "annotations": [{"nertag": "O"}]}, {"base_span": [345, 357], "annotations": [{"nertag": "O"}]}, {"base_span": [357, 358], "annotations": [{"nertag": "O"}]}, {"base_span": [359, 365], "annotations": [{"nertag": "B-PER"}]}, {"base_span": [366, 373], "annotations": [{"nertag": "I-PER"}]}, {"base_span": [374, 377], "annotations": [{"nertag": "O"}]}, {"base_span": [379, 388], "annotations": [{"nertag": "O"}]}, {"base_span": [388, 389], "annotations": [{"nertag": "O"}]}, {"base_span": [390, 396], "annotations": [{"nertag": "B-PER"}]}, {"base_span": [397, 407], "annotations": [{"nertag": "I-PER"}]}, {"base_span": [408, 411], "annotations": [{"nertag": "O"}]}, {"base_span": [413, 422], "annotations": [{"nertag": "O"}]}, {"base_span": [422, 423], "annotations": [{"nertag": "O"}]}, {"base_span": [424, 429], "annotations": [{"nertag": "B-PER"}]}, {"base_span": [430, 438], "annotations": [{"nertag": "I-PER"}]}, {"base_span": [439, 442], "annotations": [{"nertag": "O"}]}, {"base_span": [444, 453], "annotations": [{"nertag": "O"}]}, {"base_span": [453, 454], "annotations": [{"nertag": "O"}]}, {"base_span": [455, 460], "annotations": [{"nertag": "B-PER"}]}, {"base_span": [461, 468], "annotations": [{"nertag": "I-PER"}]}, {"base_span": [470, 476], "annotations": [{"nertag": "O"}]}, {"base_span": [477, 480], "annotations": [{"nertag": "O"}]}, {"base_span": [481, 491], "annotations": [{"nertag": "O"}]}, {"base_span": [492, 494], "annotations": [{"nertag": "O"}]}, {"base_span": [495, 499], "annotations": [{"nertag": "O"}]}, {"base_span": [500, 511], "annotations": [{"nertag": "O"}]}, {"base_span": [512, 517], "annotations": [{"nertag": "O"}]}, {"base_span": [517, 518], "annotations": [{"nertag": "O"}]}, {"base_span": [520, 529], "annotations": [{"nertag": "O"}]}, {"base_span": [529, 530], "annotations": [{"nertag": "O"}]}, {"base_span": [531, 534], "annotations": [{"nertag": "B-PER"}]}, {"base_span": [535, 539], "annotations": [{"nertag": "I-PER"}]}, {"base_span": [540, 541], "annotations": [{"nertag": "O"}]}, {"base_span": [541, 543], "annotations": [{"nertag": "O"}]}, {"base_span": [543, 544], "annotations": [{"nertag": "O"}]}, {"base_span": [544, 551], "annotations": [{"nertag": "O"}]}, {"base_span": [551, 552], "annotations": [{"nertag": "O"}]}, {"base_span": [552, 554], "annotations": [{"nertag": "O"}]}, {"base_span": [554, 555], "annotations": [{"nertag": "O"}]}]}]}