{"text": "\nTänasest päewal said järgmised leppingu kohtu poolt kinnitud:\n\nSell allnimitud päewal on majaomaniku Johan Willaku ja rätseppa meistri Dawid Lippinge wahel all seisaw maa kontrakt kokko leppitud saanud\n\nI Maja omanik Johan Willak rendip omast majast üts waka Põdra mäelt Dawid Lippingele 24 /kahekümne nelja/ aasta peale.\n\nII Dawid Lipping maksap Johan Willakule selle wakamaa eest ega aasta 24 Aprillil 8% kaheksa rublad hõb renti.\n\nIII Johan Willak lubab Dawid Lippingele seda waka maad niida kätte mõõta laske et üts piir wasta teed, tõine wasta Polakestt, kolmas weerte, Kooskora, nink neljas piir wasta Wirolase nurme tulep. Kõik hooned on Lippingu omast palgist.\n\nSeda leppingud kinitawa mõlemba Loritsemõtskülas oma käekirjaga selle 30. Augustil 1890.\n\n/:allkirjad: Johan Willak, Dawid Lipping\n\n/:Kohtu kinnitus:/\n\nEesistuja a.s. J. Sikkut\n\nkirjutaja: J Puusepp\n\nEesistuja a.s. J. Sikkut &lt;allkiri&gt;\n\nkirjutaja: J Puusepp &lt;allkiri&gt;\n\n\n", "meta": {"origin_directory": "vallakohus_teine/"}, "layers": [{"name": "gold_ner", "attributes": ["nertag"], "parent": null, "enveloping": null, "ambiguous": false, "serialisation_module": null, "meta": {}, "spans": [{"base_span": [102, 115], "annotations": [{"nertag": "PER"}]}, {"base_span": [136, 150], "annotations": [{"nertag": "PER"}]}, {"base_span": [218, 230], "annotations": [{"nertag": "PER"}]}, {"base_span": [260, 271], "annotations": [{"nertag": "LOC_ORG"}]}, {"base_span": [272, 288], "annotations": [{"nertag": "PER"}]}, {"base_span": [327, 340], "annotations": [{"nertag": "PER"}]}, {"base_span": [348, 363], "annotations": [{"nertag": "PER"}]}, {"base_span": [439, 451], "annotations": [{"nertag": "PER"}]}, {"base_span": [458, 474], "annotations": [{"nertag": "PER"}]}, {"base_span": [550, 559], "annotations": [{"nertag": "MISC"}]}, {"base_span": [576, 584], "annotations": [{"nertag": "MISC"}]}, {"base_span": [609, 623], "annotations": [{"nertag": "LOC"}]}, {"base_span": [646, 654], "annotations": [{"nertag": "PER"}]}, {"base_span": [703, 719], "annotations": [{"nertag": "LOC"}]}, {"base_span": [774, 786], "annotations": [{"nertag": "PER"}]}, {"base_span": [788, 801], "annotations": [{"nertag": "PER"}]}, {"base_span": [838, 847], "annotations": [{"nertag": "PER"}]}, {"base_span": [860, 869], "annotations": [{"nertag": "PER"}]}, {"base_span": [886, 895], "annotations": [{"nertag": "PER"}]}, {"base_span": [924, 933], "annotations": [{"nertag": "PER"}]}]}, {"name": "gold_wordner", "attributes": ["nertag"], "parent": null, "enveloping": null, "ambiguous": false, "serialisation_module": null, "meta": {}, "spans": [{"base_span": [1, 9], "annotations": [{"nertag": "O"}]}, {"base_span": [10, 16], "annotations": [{"nertag": "O"}]}, {"base_span": [17, 21], "annotations": [{"nertag": "O"}]}, {"base_span": [22, 31], "annotations": [{"nertag": "O"}]}, {"base_span": [32, 40], "annotations": [{"nertag": "O"}]}, {"base_span": [41, 46], "annotations": [{"nertag": "O"}]}, {"base_span": [47, 52], "annotations": [{"nertag": "O"}]}, {"base_span": [53, 61], "annotations": [{"nertag": "O"}]}, {"base_span": [61, 62], "annotations": [{"nertag": "O"}]}, {"base_span": [64, 68], "annotations": [{"nertag": "O"}]}, {"base_span": [69, 79], "annotations": [{"nertag": "O"}]}, {"base_span": [80, 86], "annotations": [{"nertag": "O"}]}, {"base_span": [87, 89], "annotations": [{"nertag": "O"}]}, {"base_span": [90, 101], "annotations": [{"nertag": "O"}]}, {"base_span": [102, 107], "annotations": [{"nertag": "B-PER"}]}, {"base_span": [108, 115], "annotations": [{"nertag": "I-PER"}]}, {"base_span": [116, 118], "annotations": [{"nertag": "O"}]}, {"base_span": [119, 127], "annotations": [{"nertag": "O"}]}, {"base_span": [128, 135], "annotations": [{"nertag": "O"}]}, {"base_span": [136, 141], "annotations": [{"nertag": "B-PER"}]}, {"base_span": [142, 150], "annotations": [{"nertag": "I-PER"}]}, {"base_span": [151, 156], "annotations": [{"nertag": "O"}]}, {"base_span": [157, 160], "annotations": [{"nertag": "O"}]}, {"base_span": [161, 167], "annotations": [{"nertag": "O"}]}, {"base_span": [168, 171], "annotations": [{"nertag": "O"}]}, {"base_span": [172, 180], "annotations": [{"nertag": "O"}]}, {"base_span": [181, 186], "annotations": [{"nertag": "O"}]}, {"base_span": [187, 195], "annotations": [{"nertag": "O"}]}, {"base_span": [196, 202], "annotations": [{"nertag": "O"}]}, {"base_span": [204, 205], "annotations": [{"nertag": "O"}]}, {"base_span": [206, 210], "annotations": [{"nertag": "O"}]}, {"base_span": [211, 217], "annotations": [{"nertag": "O"}]}, {"base_span": [218, 223], "annotations": [{"nertag": "B-PER"}]}, {"base_span": [224, 230], "annotations": [{"nertag": "I-PER"}]}, {"base_span": [231, 237], "annotations": [{"nertag": "O"}]}, {"base_span": [238, 243], "annotations": [{"nertag": "O"}]}, {"base_span": [244, 250], "annotations": [{"nertag": "O"}]}, {"base_span": [251, 254], "annotations": [{"nertag": "O"}]}, {"base_span": [255, 259], "annotations": [{"nertag": "O"}]}, {"base_span": [260, 265], "annotations": [{"nertag": "B-LOC_ORG"}]}, {"base_span": [266, 271], "annotations": [{"nertag": "I-LOC_ORG"}]}, {"base_span": [272, 277], "annotations": [{"nertag": "B-PER"}]}, {"base_span": [278, 288], "annotations": [{"nertag": "I-PER"}]}, {"base_span": [289, 291], "annotations": [{"nertag": "O"}]}, {"base_span": [292, 293], "annotations": [{"nertag": "O"}]}, {"base_span": [293, 302], "annotations": [{"nertag": "O"}]}, {"base_span": [303, 308], "annotations": [{"nertag": "O"}]}, {"base_span": [308, 309], "annotations": [{"nertag": "O"}]}, {"base_span": [310, 315], "annotations": [{"nertag": "O"}]}, {"base_span": [316, 321], "annotations": [{"nertag": "O"}]}, {"base_span": [321, 322], "annotations": [{"nertag": "O"}]}, {"base_span": [324, 326], "annotations": [{"nertag": "O"}]}, {"base_span": [327, 332], "annotations": [{"nertag": "B-PER"}]}, {"base_span": [333, 340], "annotations": [{"nertag": "I-PER"}]}, {"base_span": [341, 347], "annotations": [{"nertag": "O"}]}, {"base_span": [348, 353], "annotations": [{"nertag": "B-PER"}]}, {"base_span": [354, 363], "annotations": [{"nertag": "I-PER"}]}, {"base_span": [364, 369], "annotations": [{"nertag": "O"}]}, {"base_span": [370, 377], "annotations": [{"nertag": "O"}]}, {"base_span": [378, 382], "annotations": [{"nertag": "O"}]}, {"base_span": [383, 386], "annotations": [{"nertag": "O"}]}, {"base_span": [387, 392], "annotations": [{"nertag": "O"}]}, {"base_span": [393, 395], "annotations": [{"nertag": "O"}]}, {"base_span": [396, 404], "annotations": [{"nertag": "O"}]}, {"base_span": [405, 407], "annotations": [{"nertag": "O"}]}, {"base_span": [408, 415], "annotations": [{"nertag": "O"}]}, {"base_span": [416, 422], "annotations": [{"nertag": "O"}]}, {"base_span": [423, 426], "annotations": [{"nertag": "O"}]}, {"base_span": [427, 432], "annotations": [{"nertag": "O"}]}, {"base_span": [432, 433], "annotations": [{"nertag": "O"}]}, {"base_span": [435, 438], "annotations": [{"nertag": "O"}]}, {"base_span": [439, 444], "annotations": [{"nertag": "B-PER"}]}, {"base_span": [445, 451], "annotations": [{"nertag": "I-PER"}]}, {"base_span": [452, 457], "annotations": [{"nertag": "O"}]}, {"base_span": [458, 463], "annotations": [{"nertag": "B-PER"}]}, {"base_span": [464, 474], "annotations": [{"nertag": "I-PER"}]}, {"base_span": [475, 479], "annotations": [{"nertag": "O"}]}, {"base_span": [480, 484], "annotations": [{"nertag": "O"}]}, {"base_span": [485, 489], "annotations": [{"nertag": "O"}]}, {"base_span": [490, 495], "annotations": [{"nertag": "O"}]}, {"base_span": [496, 501], "annotations": [{"nertag": "O"}]}, {"base_span": [502, 507], "annotations": [{"nertag": "O"}]}, {"base_span": [508, 513], "annotations": [{"nertag": "O"}]}, {"base_span": [514, 516], "annotations": [{"nertag": "O"}]}, {"base_span": [517, 520], "annotations": [{"nertag": "O"}]}, {"base_span": [521, 525], "annotations": [{"nertag": "O"}]}, {"base_span": [526, 531], "annotations": [{"nertag": "O"}]}, {"base_span": [532, 536], "annotations": [{"nertag": "O"}]}, {"base_span": [536, 537], "annotations": [{"nertag": "O"}]}, {"base_span": [538, 543], "annotations": [{"nertag": "O"}]}, {"base_span": [544, 549], "annotations": [{"nertag": "O"}]}, {"base_span": [550, 559], "annotations": [{"nertag": "B-MISC"}]}, {"base_span": [559, 560], "annotations": [{"nertag": "O"}]}, {"base_span": [561, 567], "annotations": [{"nertag": "O"}]}, {"base_span": [568, 574], "annotations": [{"nertag": "O"}]}, {"base_span": [574, 575], "annotations": [{"nertag": "O"}]}, {"base_span": [576, 584], "annotations": [{"nertag": "B-MISC"}]}, {"base_span": [584, 585], "annotations": [{"nertag": "O"}]}, {"base_span": [586, 590], "annotations": [{"nertag": "O"}]}, {"base_span": [591, 597], "annotations": [{"nertag": "O"}]}, {"base_span": [598, 602], "annotations": [{"nertag": "O"}]}, {"base_span": [603, 608], "annotations": [{"nertag": "O"}]}, {"base_span": [609, 617], "annotations": [{"nertag": "B-LOC"}]}, {"base_span": [618, 623], "annotations": [{"nertag": "I-LOC"}]}, {"base_span": [624, 629], "annotations": [{"nertag": "O"}]}, {"base_span": [629, 630], "annotations": [{"nertag": "O"}]}, {"base_span": [631, 635], "annotations": [{"nertag": "O"}]}, {"base_span": [636, 642], "annotations": [{"nertag": "O"}]}, {"base_span": [643, 645], "annotations": [{"nertag": "O"}]}, {"base_span": [646, 654], "annotations": [{"nertag": "B-PER"}]}, {"base_span": [655, 660], "annotations": [{"nertag": "O"}]}, {"base_span": [661, 668], "annotations": [{"nertag": "O"}]}, {"base_span": [668, 669], "annotations": [{"nertag": "O"}]}, {"base_span": [671, 675], "annotations": [{"nertag": "O"}]}, {"base_span": [676, 685], "annotations": [{"nertag": "O"}]}, {"base_span": [686, 694], "annotations": [{"nertag": "O"}]}, {"base_span": [695, 702], "annotations": [{"nertag": "O"}]}, {"base_span": [703, 719], "annotations": [{"nertag": "B-LOC"}]}, {"base_span": [720, 723], "annotations": [{"nertag": "O"}]}, {"base_span": [724, 734], "annotations": [{"nertag": "O"}]}, {"base_span": [735, 740], "annotations": [{"nertag": "O"}]}, {"base_span": [741, 744], "annotations": [{"nertag": "O"}]}, {"base_span": [745, 753], "annotations": [{"nertag": "O"}]}, {"base_span": [754, 759], "annotations": [{"nertag": "O"}]}, {"base_span": [761, 762], "annotations": [{"nertag": "O"}]}, {"base_span": [762, 763], "annotations": [{"nertag": "O"}]}, {"base_span": [763, 772], "annotations": [{"nertag": "O"}]}, {"base_span": [772, 773], "annotations": [{"nertag": "O"}]}, {"base_span": [774, 779], "annotations": [{"nertag": "B-PER"}]}, {"base_span": [780, 786], "annotations": [{"nertag": "I-PER"}]}, {"base_span": [786, 787], "annotations": [{"nertag": "O"}]}, {"base_span": [788, 793], "annotations": [{"nertag": "B-PER"}]}, {"base_span": [794, 801], "annotations": [{"nertag": "I-PER"}]}, {"base_span": [803, 804], "annotations": [{"nertag": "O"}]}, {"base_span": [804, 805], "annotations": [{"nertag": "O"}]}, {"base_span": [805, 810], "annotations": [{"nertag": "O"}]}, {"base_span": [811, 819], "annotations": [{"nertag": "O"}]}, {"base_span": [819, 820], "annotations": [{"nertag": "O"}]}, {"base_span": [820, 821], "annotations": [{"nertag": "O"}]}, {"base_span": [823, 832], "annotations": [{"nertag": "O"}]}, {"base_span": [833, 834], "annotations": [{"nertag": "O"}]}, {"base_span": [834, 835], "annotations": [{"nertag": "O"}]}, {"base_span": [835, 836], "annotations": [{"nertag": "O"}]}, {"base_span": [836, 837], "annotations": [{"nertag": "O"}]}, {"base_span": [838, 839], "annotations": [{"nertag": "B-PER"}]}, {"base_span": [839, 840], "annotations": [{"nertag": "I-PER"}]}, {"base_span": [841, 847], "annotations": [{"nertag": "I-PER"}]}, {"base_span": [849, 858], "annotations": [{"nertag": "O"}]}, {"base_span": [858, 859], "annotations": [{"nertag": "O"}]}, {"base_span": [860, 861], "annotations": [{"nertag": "B-PER"}]}, {"base_span": [862, 869], "annotations": [{"nertag": "I-PER"}]}, {"base_span": [871, 880], "annotations": [{"nertag": "O"}]}, {"base_span": [881, 882], "annotations": [{"nertag": "O"}]}, {"base_span": [882, 883], "annotations": [{"nertag": "O"}]}, {"base_span": [883, 884], "annotations": [{"nertag": "O"}]}, {"base_span": [884, 885], "annotations": [{"nertag": "O"}]}, {"base_span": [886, 887], "annotations": [{"nertag": "B-PER"}]}, {"base_span": [887, 888], "annotations": [{"nertag": "I-PER"}]}, {"base_span": [889, 895], "annotations": [{"nertag": "I-PER"}]}, {"base_span": [896, 897], "annotations": [{"nertag": "O"}]}, {"base_span": [897, 899], "annotations": [{"nertag": "O"}]}, {"base_span": [899, 900], "annotations": [{"nertag": "O"}]}, {"base_span": [900, 907], "annotations": [{"nertag": "O"}]}, {"base_span": [907, 908], "annotations": [{"nertag": "O"}]}, {"base_span": [908, 910], "annotations": [{"nertag": "O"}]}, {"base_span": [910, 911], "annotations": [{"nertag": "O"}]}, {"base_span": [913, 922], "annotations": [{"nertag": "O"}]}, {"base_span": [922, 923], "annotations": [{"nertag": "O"}]}, {"base_span": [924, 925], "annotations": [{"nertag": "B-PER"}]}, {"base_span": [926, 933], "annotations": [{"nertag": "I-PER"}]}, {"base_span": [934, 935], "annotations": [{"nertag": "O"}]}, {"base_span": [935, 937], "annotations": [{"nertag": "O"}]}, {"base_span": [937, 938], "annotations": [{"nertag": "O"}]}, {"base_span": [938, 945], "annotations": [{"nertag": "O"}]}, {"base_span": [945, 946], "annotations": [{"nertag": "O"}]}, {"base_span": [946, 948], "annotations": [{"nertag": "O"}]}, {"base_span": [948, 949], "annotations": [{"nertag": "O"}]}]}]}