{"text": "\nNinna kõrtsimees Peeter Kusik kaebab Karel Kalew peale se olla tedda heina-wargaks teotanud. Ta olla kül kuhja heinu kaebatu käest ostnud ja maksnud Karel Kalewile selle eest 20. rubla wälja.\n\nKarel Kalew ütleb, et kõrtsimees olla kül selle heinakuhja ärraweenud polle agga temma heinu müinud, waid näidanud keigest kuhja, kohhe peale Ninna-laada näidanud temma laupasel paewal kõrtsimehhele, polle agga suggugi kuhja puudust leidnud, sest temma ei olla perremees waid wend Abram Kalew.\n\nKarel Kükkit tunnistab, et temma nähhes olla Peeter Kusik esti 20 rubla Karel Kalewi kätte annud, ja öelnud \"se on nende eest, ja pärrast annud 30. rubla ja Karel Kalew lubbanud se rahha 30. rubla pühhadeks s.o. Joulu pühhadeks ärra tassuda.\n\nTunnistus sai awwaldut\n\nKarel Kalew on Peeter Kusiku auu risunud, sest ta on heinakuhja müünud, ja nüüd teist teotanud, et on kuhja warrastanud, mis peale kohhus temmale 2x24 tunni wangisollemist trahwi koggukonna wangihoones olla mõistetud sai\n\n/: sesinnane koggukonna kohtu otsus sai kohtukäijatele 1860. a.a wäljaantud Tallorahwa seaduse ramato juhhatusel kulutud, kellega kaebaja rahhule jääb. agga mitte kaebatu. Wiimsele sai § 821 nimmetud oppuse kirri antud ja kulutud, et temmal kulmatta on, 8 paewa sees kihhelkonna kohtu ees kaebdust wõib kanda:/\n\n\n", "meta": {"origin_directory": "vallakohus_neljas/"}, "layers": [{"name": "gold_ner", "attributes": ["nertag"], "parent": null, "enveloping": null, "ambiguous": false, "serialisation_module": null, "meta": {}, "spans": [{"base_span": [1, 6], "annotations": [{"nertag": "LOC"}]}, {"base_span": [18, 30], "annotations": [{"nertag": "PER"}]}, {"base_span": [38, 49], "annotations": [{"nertag": "PER"}]}, {"base_span": [150, 164], "annotations": [{"nertag": "PER"}]}, {"base_span": [194, 205], "annotations": [{"nertag": "PER"}]}, {"base_span": [336, 347], "annotations": [{"nertag": "MISC"}]}, {"base_span": [475, 486], "annotations": [{"nertag": "PER"}]}, {"base_span": [489, 501], "annotations": [{"nertag": "PER"}]}, {"base_span": [534, 546], "annotations": [{"nertag": "PER"}]}, {"base_span": [561, 573], "annotations": [{"nertag": "PER"}]}, {"base_span": [646, 657], "annotations": [{"nertag": "PER"}]}, {"base_span": [756, 767], "annotations": [{"nertag": "PER"}]}, {"base_span": [771, 784], "annotations": [{"nertag": "PER"}]}, {"base_span": [1054, 1079], "annotations": [{"nertag": "MISC"}]}]}, {"name": "gold_wordner", "attributes": ["nertag"], "parent": null, "enveloping": null, "ambiguous": false, "serialisation_module": null, "meta": {}, "spans": [{"base_span": [1, 6], "annotations": [{"nertag": "B-LOC"}]}, {"base_span": [7, 17], "annotations": [{"nertag": "O"}]}, {"base_span": [18, 24], "annotations": [{"nertag": "B-PER"}]}, {"base_span": [25, 30], "annotations": [{"nertag": "I-PER"}]}, {"base_span": [31, 37], "annotations": [{"nertag": "O"}]}, {"base_span": [38, 43], "annotations": [{"nertag": "B-PER"}]}, {"base_span": [44, 49], "annotations": [{"nertag": "I-PER"}]}, {"base_span": [50, 55], "annotations": [{"nertag": "O"}]}, {"base_span": [56, 58], "annotations": [{"nertag": "O"}]}, {"base_span": [59, 63], "annotations": [{"nertag": "O"}]}, {"base_span": [64, 69], "annotations": [{"nertag": "O"}]}, {"base_span": [70, 75], "annotations": [{"nertag": "O"}]}, {"base_span": [75, 76], "annotations": [{"nertag": "O"}]}, {"base_span": [76, 83], "annotations": [{"nertag": "O"}]}, {"base_span": [84, 92], "annotations": [{"nertag": "O"}]}, {"base_span": [92, 93], "annotations": [{"nertag": "O"}]}, {"base_span": [94, 96], "annotations": [{"nertag": "O"}]}, {"base_span": [97, 101], "annotations": [{"nertag": "O"}]}, {"base_span": [102, 105], "annotations": [{"nertag": "O"}]}, {"base_span": [106, 111], "annotations": [{"nertag": "O"}]}, {"base_span": [112, 117], "annotations": [{"nertag": "O"}]}, {"base_span": [118, 125], "annotations": [{"nertag": "O"}]}, {"base_span": [126, 131], "annotations": [{"nertag": "O"}]}, {"base_span": [132, 138], "annotations": [{"nertag": "O"}]}, {"base_span": [139, 141], "annotations": [{"nertag": "O"}]}, {"base_span": [142, 149], "annotations": [{"nertag": "O"}]}, {"base_span": [150, 155], "annotations": [{"nertag": "B-PER"}]}, {"base_span": [156, 164], "annotations": [{"nertag": "I-PER"}]}, {"base_span": [165, 170], "annotations": [{"nertag": "O"}]}, {"base_span": [171, 175], "annotations": [{"nertag": "O"}]}, {"base_span": [176, 179], "annotations": [{"nertag": "O"}]}, {"base_span": [180, 185], "annotations": [{"nertag": "O"}]}, {"base_span": [186, 191], "annotations": [{"nertag": "O"}]}, {"base_span": [191, 192], "annotations": [{"nertag": "O"}]}, {"base_span": [194, 199], "annotations": [{"nertag": "B-PER"}]}, {"base_span": [200, 205], "annotations": [{"nertag": "I-PER"}]}, {"base_span": [206, 211], "annotations": [{"nertag": "O"}]}, {"base_span": [211, 212], "annotations": [{"nertag": "O"}]}, {"base_span": [213, 215], "annotations": [{"nertag": "O"}]}, {"base_span": [216, 226], "annotations": [{"nertag": "O"}]}, {"base_span": [227, 231], "annotations": [{"nertag": "O"}]}, {"base_span": [232, 235], "annotations": [{"nertag": "O"}]}, {"base_span": [236, 241], "annotations": [{"nertag": "O"}]}, {"base_span": [242, 252], "annotations": [{"nertag": "O"}]}, {"base_span": [253, 263], "annotations": [{"nertag": "O"}]}, {"base_span": [264, 269], "annotations": [{"nertag": "O"}]}, {"base_span": [270, 274], "annotations": [{"nertag": "O"}]}, {"base_span": [275, 280], "annotations": [{"nertag": "O"}]}, {"base_span": [281, 286], "annotations": [{"nertag": "O"}]}, {"base_span": [287, 293], "annotations": [{"nertag": "O"}]}, {"base_span": [293, 294], "annotations": [{"nertag": "O"}]}, {"base_span": [295, 299], "annotations": [{"nertag": "O"}]}, {"base_span": [300, 308], "annotations": [{"nertag": "O"}]}, {"base_span": [309, 316], "annotations": [{"nertag": "O"}]}, {"base_span": [317, 322], "annotations": [{"nertag": "O"}]}, {"base_span": [322, 323], "annotations": [{"nertag": "O"}]}, {"base_span": [324, 329], "annotations": [{"nertag": "O"}]}, {"base_span": [330, 335], "annotations": [{"nertag": "O"}]}, {"base_span": [336, 341], "annotations": [{"nertag": "B-MISC"}]}, {"base_span": [341, 342], "annotations": [{"nertag": "I-MISC"}]}, {"base_span": [342, 347], "annotations": [{"nertag": "I-MISC"}]}, {"base_span": [348, 356], "annotations": [{"nertag": "O"}]}, {"base_span": [357, 362], "annotations": [{"nertag": "O"}]}, {"base_span": [363, 371], "annotations": [{"nertag": "O"}]}, {"base_span": [372, 378], "annotations": [{"nertag": "O"}]}, {"base_span": [379, 392], "annotations": [{"nertag": "O"}]}, {"base_span": [392, 393], "annotations": [{"nertag": "O"}]}, {"base_span": [394, 399], "annotations": [{"nertag": "O"}]}, {"base_span": [400, 404], "annotations": [{"nertag": "O"}]}, {"base_span": [405, 412], "annotations": [{"nertag": "O"}]}, {"base_span": [413, 418], "annotations": [{"nertag": "O"}]}, {"base_span": [419, 426], "annotations": [{"nertag": "O"}]}, {"base_span": [427, 434], "annotations": [{"nertag": "O"}]}, {"base_span": [434, 435], "annotations": [{"nertag": "O"}]}, {"base_span": [436, 440], "annotations": [{"nertag": "O"}]}, {"base_span": [441, 446], "annotations": [{"nertag": "O"}]}, {"base_span": [447, 449], "annotations": [{"nertag": "O"}]}, {"base_span": [450, 454], "annotations": [{"nertag": "O"}]}, {"base_span": [455, 464], "annotations": [{"nertag": "O"}]}, {"base_span": [465, 469], "annotations": [{"nertag": "O"}]}, {"base_span": [470, 474], "annotations": [{"nertag": "O"}]}, {"base_span": [475, 480], "annotations": [{"nertag": "B-PER"}]}, {"base_span": [481, 486], "annotations": [{"nertag": "I-PER"}]}, {"base_span": [486, 487], "annotations": [{"nertag": "O"}]}, {"base_span": [489, 494], "annotations": [{"nertag": "B-PER"}]}, {"base_span": [495, 501], "annotations": [{"nertag": "I-PER"}]}, {"base_span": [502, 511], "annotations": [{"nertag": "O"}]}, {"base_span": [511, 512], "annotations": [{"nertag": "O"}]}, {"base_span": [513, 515], "annotations": [{"nertag": "O"}]}, {"base_span": [516, 521], "annotations": [{"nertag": "O"}]}, {"base_span": [522, 528], "annotations": [{"nertag": "O"}]}, {"base_span": [529, 533], "annotations": [{"nertag": "O"}]}, {"base_span": [534, 540], "annotations": [{"nertag": "B-PER"}]}, {"base_span": [541, 546], "annotations": [{"nertag": "I-PER"}]}, {"base_span": [547, 551], "annotations": [{"nertag": "O"}]}, {"base_span": [552, 554], "annotations": [{"nertag": "O"}]}, {"base_span": [555, 560], "annotations": [{"nertag": "O"}]}, {"base_span": [561, 566], "annotations": [{"nertag": "B-PER"}]}, {"base_span": [567, 573], "annotations": [{"nertag": "I-PER"}]}, {"base_span": [574, 579], "annotations": [{"nertag": "O"}]}, {"base_span": [580, 585], "annotations": [{"nertag": "O"}]}, {"base_span": [585, 586], "annotations": [{"nertag": "O"}]}, {"base_span": [587, 589], "annotations": [{"nertag": "O"}]}, {"base_span": [590, 596], "annotations": [{"nertag": "O"}]}, {"base_span": [597, 598], "annotations": [{"nertag": "O"}]}, {"base_span": [598, 600], "annotations": [{"nertag": "O"}]}, {"base_span": [601, 603], "annotations": [{"nertag": "O"}]}, {"base_span": [604, 609], "annotations": [{"nertag": "O"}]}, {"base_span": [610, 614], "annotations": [{"nertag": "O"}]}, {"base_span": [614, 615], "annotations": [{"nertag": "O"}]}, {"base_span": [616, 618], "annotations": [{"nertag": "O"}]}, {"base_span": [619, 626], "annotations": [{"nertag": "O"}]}, {"base_span": [627, 632], "annotations": [{"nertag": "O"}]}, {"base_span": [633, 636], "annotations": [{"nertag": "O"}]}, {"base_span": [637, 642], "annotations": [{"nertag": "O"}]}, {"base_span": [643, 645], "annotations": [{"nertag": "O"}]}, {"base_span": [646, 651], "annotations": [{"nertag": "B-PER"}]}, {"base_span": [652, 657], "annotations": [{"nertag": "I-PER"}]}, {"base_span": [658, 666], "annotations": [{"nertag": "O"}]}, {"base_span": [667, 669], "annotations": [{"nertag": "O"}]}, {"base_span": [670, 675], "annotations": [{"nertag": "O"}]}, {"base_span": [676, 679], "annotations": [{"nertag": "O"}]}, {"base_span": [680, 685], "annotations": [{"nertag": "O"}]}, {"base_span": [686, 695], "annotations": [{"nertag": "O"}]}, {"base_span": [696, 697], "annotations": [{"nertag": "O"}]}, {"base_span": [697, 698], "annotations": [{"nertag": "O"}]}, {"base_span": [698, 699], "annotations": [{"nertag": "O"}]}, {"base_span": [699, 700], "annotations": [{"nertag": "O"}]}, {"base_span": [701, 706], "annotations": [{"nertag": "O"}]}, {"base_span": [707, 716], "annotations": [{"nertag": "O"}]}, {"base_span": [717, 721], "annotations": [{"nertag": "O"}]}, {"base_span": [722, 729], "annotations": [{"nertag": "O"}]}, {"base_span": [729, 730], "annotations": [{"nertag": "O"}]}, {"base_span": [732, 741], "annotations": [{"nertag": "O"}]}, {"base_span": [742, 745], "annotations": [{"nertag": "O"}]}, {"base_span": [746, 754], "annotations": [{"nertag": "O"}]}, {"base_span": [756, 761], "annotations": [{"nertag": "B-PER"}]}, {"base_span": [762, 767], "annotations": [{"nertag": "I-PER"}]}, {"base_span": [768, 770], "annotations": [{"nertag": "O"}]}, {"base_span": [771, 777], "annotations": [{"nertag": "B-PER"}]}, {"base_span": [778, 784], "annotations": [{"nertag": "I-PER"}]}, {"base_span": [785, 788], "annotations": [{"nertag": "O"}]}, {"base_span": [789, 796], "annotations": [{"nertag": "O"}]}, {"base_span": [796, 797], "annotations": [{"nertag": "O"}]}, {"base_span": [798, 802], "annotations": [{"nertag": "O"}]}, {"base_span": [803, 805], "annotations": [{"nertag": "O"}]}, {"base_span": [806, 808], "annotations": [{"nertag": "O"}]}, {"base_span": [809, 819], "annotations": [{"nertag": "O"}]}, {"base_span": [820, 826], "annotations": [{"nertag": "O"}]}, {"base_span": [826, 827], "annotations": [{"nertag": "O"}]}, {"base_span": [828, 830], "annotations": [{"nertag": "O"}]}, {"base_span": [831, 835], "annotations": [{"nertag": "O"}]}, {"base_span": [836, 841], "annotations": [{"nertag": "O"}]}, {"base_span": [842, 850], "annotations": [{"nertag": "O"}]}, {"base_span": [850, 851], "annotations": [{"nertag": "O"}]}, {"base_span": [852, 854], "annotations": [{"nertag": "O"}]}, {"base_span": [855, 857], "annotations": [{"nertag": "O"}]}, {"base_span": [858, 863], "annotations": [{"nertag": "O"}]}, {"base_span": [864, 875], "annotations": [{"nertag": "O"}]}, {"base_span": [875, 876], "annotations": [{"nertag": "O"}]}, {"base_span": [877, 880], "annotations": [{"nertag": "O"}]}, {"base_span": [881, 886], "annotations": [{"nertag": "O"}]}, {"base_span": [887, 893], "annotations": [{"nertag": "O"}]}, {"base_span": [894, 901], "annotations": [{"nertag": "O"}]}, {"base_span": [902, 906], "annotations": [{"nertag": "O"}]}, {"base_span": [907, 912], "annotations": [{"nertag": "O"}]}, {"base_span": [913, 927], "annotations": [{"nertag": "O"}]}, {"base_span": [928, 934], "annotations": [{"nertag": "O"}]}, {"base_span": [935, 945], "annotations": [{"nertag": "O"}]}, {"base_span": [946, 957], "annotations": [{"nertag": "O"}]}, {"base_span": [958, 962], "annotations": [{"nertag": "O"}]}, {"base_span": [963, 972], "annotations": [{"nertag": "O"}]}, {"base_span": [973, 976], "annotations": [{"nertag": "O"}]}, {"base_span": [978, 979], "annotations": [{"nertag": "O"}]}, {"base_span": [979, 980], "annotations": [{"nertag": "O"}]}, {"base_span": [981, 990], "annotations": [{"nertag": "O"}]}, {"base_span": [991, 1001], "annotations": [{"nertag": "O"}]}, {"base_span": [1002, 1007], "annotations": [{"nertag": "O"}]}, {"base_span": [1008, 1013], "annotations": [{"nertag": "O"}]}, {"base_span": [1014, 1017], "annotations": [{"nertag": "O"}]}, {"base_span": [1018, 1032], "annotations": [{"nertag": "O"}]}, {"base_span": [1033, 1038], "annotations": [{"nertag": "O"}]}, {"base_span": [1039, 1040], "annotations": [{"nertag": "O"}]}, {"base_span": [1040, 1041], "annotations": [{"nertag": "O"}]}, {"base_span": [1041, 1042], "annotations": [{"nertag": "O"}]}, {"base_span": [1043, 1053], "annotations": [{"nertag": "O"}]}, {"base_span": [1054, 1064], "annotations": [{"nertag": "B-MISC"}]}, {"base_span": [1065, 1072], "annotations": [{"nertag": "I-MISC"}]}, {"base_span": [1073, 1079], "annotations": [{"nertag": "I-MISC"}]}, {"base_span": [1080, 1090], "annotations": [{"nertag": "O"}]}, {"base_span": [1091, 1098], "annotations": [{"nertag": "O"}]}, {"base_span": [1098, 1099], "annotations": [{"nertag": "O"}]}, {"base_span": [1100, 1107], "annotations": [{"nertag": "O"}]}, {"base_span": [1108, 1115], "annotations": [{"nertag": "O"}]}, {"base_span": [1116, 1123], "annotations": [{"nertag": "O"}]}, {"base_span": [1124, 1128], "annotations": [{"nertag": "O"}]}, {"base_span": [1128, 1129], "annotations": [{"nertag": "O"}]}, {"base_span": [1130, 1134], "annotations": [{"nertag": "O"}]}, {"base_span": [1135, 1140], "annotations": [{"nertag": "O"}]}, {"base_span": [1141, 1148], "annotations": [{"nertag": "O"}]}, {"base_span": [1148, 1149], "annotations": [{"nertag": "O"}]}, {"base_span": [1150, 1158], "annotations": [{"nertag": "O"}]}, {"base_span": [1159, 1162], "annotations": [{"nertag": "O"}]}, {"base_span": [1163, 1164], "annotations": [{"nertag": "O"}]}, {"base_span": [1165, 1168], "annotations": [{"nertag": "O"}]}, {"base_span": [1169, 1177], "annotations": [{"nertag": "O"}]}, {"base_span": [1178, 1184], "annotations": [{"nertag": "O"}]}, {"base_span": [1185, 1190], "annotations": [{"nertag": "O"}]}, {"base_span": [1191, 1196], "annotations": [{"nertag": "O"}]}, {"base_span": [1197, 1199], "annotations": [{"nertag": "O"}]}, {"base_span": [1200, 1207], "annotations": [{"nertag": "O"}]}, {"base_span": [1207, 1208], "annotations": [{"nertag": "O"}]}, {"base_span": [1209, 1211], "annotations": [{"nertag": "O"}]}, {"base_span": [1212, 1218], "annotations": [{"nertag": "O"}]}, {"base_span": [1219, 1227], "annotations": [{"nertag": "O"}]}, {"base_span": [1228, 1230], "annotations": [{"nertag": "O"}]}, {"base_span": [1230, 1231], "annotations": [{"nertag": "O"}]}, {"base_span": [1232, 1233], "annotations": [{"nertag": "O"}]}, {"base_span": [1234, 1239], "annotations": [{"nertag": "O"}]}, {"base_span": [1240, 1244], "annotations": [{"nertag": "O"}]}, {"base_span": [1245, 1256], "annotations": [{"nertag": "O"}]}, {"base_span": [1257, 1262], "annotations": [{"nertag": "O"}]}, {"base_span": [1263, 1266], "annotations": [{"nertag": "O"}]}, {"base_span": [1267, 1275], "annotations": [{"nertag": "O"}]}, {"base_span": [1276, 1280], "annotations": [{"nertag": "O"}]}, {"base_span": [1281, 1286], "annotations": [{"nertag": "O"}]}, {"base_span": [1286, 1287], "annotations": [{"nertag": "O"}]}, {"base_span": [1287, 1288], "annotations": [{"nertag": "O"}]}]}]}