{"text": "\nJohan Killak kaebas, et mölder Joosep Anni 4 1/2 wakast keswist paljalt 4 külimitu soormid teinud, mis läbi temal 10 rubl. kahju olnud, ning nõudis selle kahju tasumist kui ka kohtu käimise kulu, selle et Anni mitu körda kohtu ete tulemata jäänud.\n\nJoosep Anni wastutas kaebtuse peale, et tema neid keswi kui ka neist saadut soormit ei ole mõetnud ja ei tea sellest wargusest midagi; aga keswad olnud kõhnad.\n\nKohtumees Jaan Moonson andis protokolli: Neid soormid olnud 1 1/2 wakka, mis Juhan Kiljak weskilt tagasi saanud.\n\nDawit Otsing tunnistas: Joh. Killakul olnud küll 4 wakka keswi, sest kott olnud õige raske, aga mõetnud tema neid ei ole.\n\nHendrik Kaps tunnistas, et Juh. Killakul arwata 4 waka wõi ka weel rohkem keswi olnud.\n\nJohan Mootsa tunnistas, et kui neid soormid weski juurest peale pantud, siis on neid umbes 1 1/2 waka olnud.\n\nKohtukäijad nõudsiwad mõlemat kohtukäimise kulusid, mis süüalune maksma peaks.\n\nMõiste: Et 4 wakast keswist 2 1/2 waka soormid peab saama, Johan Kiljak aga tunnsitajate ütlemise järele 1 1/2 waka on saanud, siis peab Joosep Anni puuduw 1 waka soormete eest 4 rubl. Joh. Killaku hääks maksma ja saab warguse eest 20 witsa löögiga trahwitud ehk maksab 4 rubl. walla waeste laadikusse trahwi.\n\nPeakohtumees: Peter Kripson XXX\n\nKohtumees: Peter Hindrikson XXX\n\nKohtumees:  K. Iwanthal  XXX\n\nKohtumees:  Jaan Hansing\n\nMõiste sai kohtukäijatele T.S.R. pärra a. 1860 §772-774 kuulutatud ja öpus antud, mis peale kohtukäijad ülemat kohut nõudsiwad.\n\nKirjutaja:  Ch Kapp  &lt;allkiri&gt;\n\n20 Oktbr. Kihelk. kohtule sisse saadetud.\n\n\n", "meta": {"origin_directory": "vallakohus_kolmas/"}, "layers": [{"name": "gold_ner", "attributes": ["nertag"], "parent": null, "enveloping": null, "ambiguous": false, "serialisation_module": null, "meta": {}, "spans": [{"base_span": [1, 13], "annotations": [{"nertag": "PER"}]}, {"base_span": [32, 43], "annotations": [{"nertag": "PER"}]}, {"base_span": [206, 210], "annotations": [{"nertag": "PER"}]}, {"base_span": [250, 261], "annotations": [{"nertag": "PER"}]}, {"base_span": [421, 433], "annotations": [{"nertag": "PER"}]}, {"base_span": [488, 500], "annotations": [{"nertag": "PER"}]}, {"base_span": [525, 537], "annotations": [{"nertag": "PER"}]}, {"base_span": [549, 562], "annotations": [{"nertag": "PER"}]}, {"base_span": [648, 660], "annotations": [{"nertag": "PER"}]}, {"base_span": [675, 688], "annotations": [{"nertag": "PER"}]}, {"base_span": [736, 748], "annotations": [{"nertag": "PER"}]}, {"base_span": [985, 997], "annotations": [{"nertag": "PER"}]}, {"base_span": [1063, 1074], "annotations": [{"nertag": "PER"}]}, {"base_span": [1111, 1123], "annotations": [{"nertag": "PER"}]}, {"base_span": [1251, 1264], "annotations": [{"nertag": "PER"}]}, {"base_span": [1281, 1297], "annotations": [{"nertag": "PER"}]}, {"base_span": [1315, 1326], "annotations": [{"nertag": "PER"}]}, {"base_span": [1345, 1357], "annotations": [{"nertag": "PER"}]}, {"base_span": [1385, 1391], "annotations": [{"nertag": "MISC"}]}, {"base_span": [1500, 1507], "annotations": [{"nertag": "PER"}]}]}, {"name": "gold_wordner", "attributes": ["nertag"], "parent": null, "enveloping": null, "ambiguous": false, "serialisation_module": null, "meta": {}, "spans": [{"base_span": [1, 6], "annotations": [{"nertag": "B-PER"}]}, {"base_span": [7, 13], "annotations": [{"nertag": "I-PER"}]}, {"base_span": [14, 20], "annotations": [{"nertag": "O"}]}, {"base_span": [20, 21], "annotations": [{"nertag": "O"}]}, {"base_span": [22, 24], "annotations": [{"nertag": "O"}]}, {"base_span": [25, 31], "annotations": [{"nertag": "O"}]}, {"base_span": [32, 38], "annotations": [{"nertag": "B-PER"}]}, {"base_span": [39, 43], "annotations": [{"nertag": "I-PER"}]}, {"base_span": [44, 45], "annotations": [{"nertag": "O"}]}, {"base_span": [46, 47], "annotations": [{"nertag": "O"}]}, {"base_span": [47, 48], "annotations": [{"nertag": "O"}]}, {"base_span": [48, 49], "annotations": [{"nertag": "O"}]}, {"base_span": [50, 56], "annotations": [{"nertag": "O"}]}, {"base_span": [57, 64], "annotations": [{"nertag": "O"}]}, {"base_span": [65, 72], "annotations": [{"nertag": "O"}]}, {"base_span": [73, 74], "annotations": [{"nertag": "O"}]}, {"base_span": [75, 83], "annotations": [{"nertag": "O"}]}, {"base_span": [84, 91], "annotations": [{"nertag": "O"}]}, {"base_span": [92, 98], "annotations": [{"nertag": "O"}]}, {"base_span": [98, 99], "annotations": [{"nertag": "O"}]}, {"base_span": [100, 103], "annotations": [{"nertag": "O"}]}, {"base_span": [104, 108], "annotations": [{"nertag": "O"}]}, {"base_span": [109, 114], "annotations": [{"nertag": "O"}]}, {"base_span": [115, 117], "annotations": [{"nertag": "O"}]}, {"base_span": [118, 122], "annotations": [{"nertag": "O"}]}, {"base_span": [122, 123], "annotations": [{"nertag": "O"}]}, {"base_span": [124, 129], "annotations": [{"nertag": "O"}]}, {"base_span": [130, 135], "annotations": [{"nertag": "O"}]}, {"base_span": [135, 136], "annotations": [{"nertag": "O"}]}, {"base_span": [137, 141], "annotations": [{"nertag": "O"}]}, {"base_span": [142, 148], "annotations": [{"nertag": "O"}]}, {"base_span": [149, 154], "annotations": [{"nertag": "O"}]}, {"base_span": [155, 160], "annotations": [{"nertag": "O"}]}, {"base_span": [161, 169], "annotations": [{"nertag": "O"}]}, {"base_span": [170, 173], "annotations": [{"nertag": "O"}]}, {"base_span": [174, 176], "annotations": [{"nertag": "O"}]}, {"base_span": [177, 182], "annotations": [{"nertag": "O"}]}, {"base_span": [183, 190], "annotations": [{"nertag": "O"}]}, {"base_span": [191, 195], "annotations": [{"nertag": "O"}]}, {"base_span": [195, 196], "annotations": [{"nertag": "O"}]}, {"base_span": [197, 202], "annotations": [{"nertag": "O"}]}, {"base_span": [203, 205], "annotations": [{"nertag": "O"}]}, {"base_span": [206, 210], "annotations": [{"nertag": "B-PER"}]}, {"base_span": [211, 215], "annotations": [{"nertag": "O"}]}, {"base_span": [216, 221], "annotations": [{"nertag": "O"}]}, {"base_span": [222, 227], "annotations": [{"nertag": "O"}]}, {"base_span": [228, 231], "annotations": [{"nertag": "O"}]}, {"base_span": [232, 240], "annotations": [{"nertag": "O"}]}, {"base_span": [241, 247], "annotations": [{"nertag": "O"}]}, {"base_span": [247, 248], "annotations": [{"nertag": "O"}]}, {"base_span": [250, 256], "annotations": [{"nertag": "B-PER"}]}, {"base_span": [257, 261], "annotations": [{"nertag": "I-PER"}]}, {"base_span": [262, 270], "annotations": [{"nertag": "O"}]}, {"base_span": [271, 279], "annotations": [{"nertag": "O"}]}, {"base_span": [280, 285], "annotations": [{"nertag": "O"}]}, {"base_span": [285, 286], "annotations": [{"nertag": "O"}]}, {"base_span": [287, 289], "annotations": [{"nertag": "O"}]}, {"base_span": [290, 294], "annotations": [{"nertag": "O"}]}, {"base_span": [295, 299], "annotations": [{"nertag": "O"}]}, {"base_span": [300, 305], "annotations": [{"nertag": "O"}]}, {"base_span": [306, 309], "annotations": [{"nertag": "O"}]}, {"base_span": [310, 312], "annotations": [{"nertag": "O"}]}, {"base_span": [313, 318], "annotations": [{"nertag": "O"}]}, {"base_span": [319, 325], "annotations": [{"nertag": "O"}]}, {"base_span": [326, 333], "annotations": [{"nertag": "O"}]}, {"base_span": [334, 336], "annotations": [{"nertag": "O"}]}, {"base_span": [337, 340], "annotations": [{"nertag": "O"}]}, {"base_span": [341, 348], "annotations": [{"nertag": "O"}]}, {"base_span": [349, 351], "annotations": [{"nertag": "O"}]}, {"base_span": [352, 354], "annotations": [{"nertag": "O"}]}, {"base_span": [355, 358], "annotations": [{"nertag": "O"}]}, {"base_span": [359, 366], "annotations": [{"nertag": "O"}]}, {"base_span": [367, 376], "annotations": [{"nertag": "O"}]}, {"base_span": [377, 383], "annotations": [{"nertag": "O"}]}, {"base_span": [383, 384], "annotations": [{"nertag": "O"}]}, {"base_span": [385, 388], "annotations": [{"nertag": "O"}]}, {"base_span": [389, 395], "annotations": [{"nertag": "O"}]}, {"base_span": [396, 401], "annotations": [{"nertag": "O"}]}, {"base_span": [402, 408], "annotations": [{"nertag": "O"}]}, {"base_span": [408, 409], "annotations": [{"nertag": "O"}]}, {"base_span": [411, 420], "annotations": [{"nertag": "O"}]}, {"base_span": [421, 425], "annotations": [{"nertag": "B-PER"}]}, {"base_span": [426, 433], "annotations": [{"nertag": "I-PER"}]}, {"base_span": [434, 439], "annotations": [{"nertag": "O"}]}, {"base_span": [440, 450], "annotations": [{"nertag": "O"}]}, {"base_span": [450, 451], "annotations": [{"nertag": "O"}]}, {"base_span": [452, 456], "annotations": [{"nertag": "O"}]}, {"base_span": [457, 464], "annotations": [{"nertag": "O"}]}, {"base_span": [465, 470], "annotations": [{"nertag": "O"}]}, {"base_span": [471, 472], "annotations": [{"nertag": "O"}]}, {"base_span": [473, 474], "annotations": [{"nertag": "O"}]}, {"base_span": [474, 475], "annotations": [{"nertag": "O"}]}, {"base_span": [475, 476], "annotations": [{"nertag": "O"}]}, {"base_span": [477, 482], "annotations": [{"nertag": "O"}]}, {"base_span": [482, 483], "annotations": [{"nertag": "O"}]}, {"base_span": [484, 487], "annotations": [{"nertag": "O"}]}, {"base_span": [488, 493], "annotations": [{"nertag": "B-PER"}]}, {"base_span": [494, 500], "annotations": [{"nertag": "I-PER"}]}, {"base_span": [501, 508], "annotations": [{"nertag": "O"}]}, {"base_span": [509, 515], "annotations": [{"nertag": "O"}]}, {"base_span": [516, 522], "annotations": [{"nertag": "O"}]}, {"base_span": [522, 523], "annotations": [{"nertag": "O"}]}, {"base_span": [525, 530], "annotations": [{"nertag": "B-PER"}]}, {"base_span": [531, 537], "annotations": [{"nertag": "I-PER"}]}, {"base_span": [538, 547], "annotations": [{"nertag": "O"}]}, {"base_span": [547, 548], "annotations": [{"nertag": "O"}]}, {"base_span": [549, 552], "annotations": [{"nertag": "B-PER"}]}, {"base_span": [552, 553], "annotations": [{"nertag": "I-PER"}]}, {"base_span": [554, 562], "annotations": [{"nertag": "I-PER"}]}, {"base_span": [563, 568], "annotations": [{"nertag": "O"}]}, {"base_span": [569, 573], "annotations": [{"nertag": "O"}]}, {"base_span": [574, 575], "annotations": [{"nertag": "O"}]}, {"base_span": [576, 581], "annotations": [{"nertag": "O"}]}, {"base_span": [582, 587], "annotations": [{"nertag": "O"}]}, {"base_span": [587, 588], "annotations": [{"nertag": "O"}]}, {"base_span": [589, 593], "annotations": [{"nertag": "O"}]}, {"base_span": [594, 598], "annotations": [{"nertag": "O"}]}, {"base_span": [599, 604], "annotations": [{"nertag": "O"}]}, {"base_span": [605, 609], "annotations": [{"nertag": "O"}]}, {"base_span": [610, 615], "annotations": [{"nertag": "O"}]}, {"base_span": [615, 616], "annotations": [{"nertag": "O"}]}, {"base_span": [617, 620], "annotations": [{"nertag": "O"}]}, {"base_span": [621, 628], "annotations": [{"nertag": "O"}]}, {"base_span": [629, 633], "annotations": [{"nertag": "O"}]}, {"base_span": [634, 638], "annotations": [{"nertag": "O"}]}, {"base_span": [639, 641], "annotations": [{"nertag": "O"}]}, {"base_span": [642, 645], "annotations": [{"nertag": "O"}]}, {"base_span": [645, 646], "annotations": [{"nertag": "O"}]}, {"base_span": [648, 655], "annotations": [{"nertag": "B-PER"}]}, {"base_span": [656, 660], "annotations": [{"nertag": "I-PER"}]}, {"base_span": [661, 670], "annotations": [{"nertag": "O"}]}, {"base_span": [670, 671], "annotations": [{"nertag": "O"}]}, {"base_span": [672, 674], "annotations": [{"nertag": "O"}]}, {"base_span": [675, 678], "annotations": [{"nertag": "B-PER"}]}, {"base_span": [678, 679], "annotations": [{"nertag": "I-PER"}]}, {"base_span": [680, 688], "annotations": [{"nertag": "I-PER"}]}, {"base_span": [689, 695], "annotations": [{"nertag": "O"}]}, {"base_span": [696, 697], "annotations": [{"nertag": "O"}]}, {"base_span": [698, 702], "annotations": [{"nertag": "O"}]}, {"base_span": [703, 706], "annotations": [{"nertag": "O"}]}, {"base_span": [707, 709], "annotations": [{"nertag": "O"}]}, {"base_span": [710, 714], "annotations": [{"nertag": "O"}]}, {"base_span": [715, 721], "annotations": [{"nertag": "O"}]}, {"base_span": [722, 727], "annotations": [{"nertag": "O"}]}, {"base_span": [728, 733], "annotations": [{"nertag": "O"}]}, {"base_span": [733, 734], "annotations": [{"nertag": "O"}]}, {"base_span": [736, 741], "annotations": [{"nertag": "B-PER"}]}, {"base_span": [742, 748], "annotations": [{"nertag": "I-PER"}]}, {"base_span": [749, 758], "annotations": [{"nertag": "O"}]}, {"base_span": [758, 759], "annotations": [{"nertag": "O"}]}, {"base_span": [760, 762], "annotations": [{"nertag": "O"}]}, {"base_span": [763, 766], "annotations": [{"nertag": "O"}]}, {"base_span": [767, 771], "annotations": [{"nertag": "O"}]}, {"base_span": [772, 779], "annotations": [{"nertag": "O"}]}, {"base_span": [780, 785], "annotations": [{"nertag": "O"}]}, {"base_span": [786, 793], "annotations": [{"nertag": "O"}]}, {"base_span": [794, 799], "annotations": [{"nertag": "O"}]}, {"base_span": [800, 806], "annotations": [{"nertag": "O"}]}, {"base_span": [806, 807], "annotations": [{"nertag": "O"}]}, {"base_span": [808, 812], "annotations": [{"nertag": "O"}]}, {"base_span": [813, 815], "annotations": [{"nertag": "O"}]}, {"base_span": [816, 820], "annotations": [{"nertag": "O"}]}, {"base_span": [821, 826], "annotations": [{"nertag": "O"}]}, {"base_span": [827, 828], "annotations": [{"nertag": "O"}]}, {"base_span": [829, 830], "annotations": [{"nertag": "O"}]}, {"base_span": [830, 831], "annotations": [{"nertag": "O"}]}, {"base_span": [831, 832], "annotations": [{"nertag": "O"}]}, {"base_span": [833, 837], "annotations": [{"nertag": "O"}]}, {"base_span": [838, 843], "annotations": [{"nertag": "O"}]}, {"base_span": [843, 844], "annotations": [{"nertag": "O"}]}, {"base_span": [846, 857], "annotations": [{"nertag": "O"}]}, {"base_span": [858, 867], "annotations": [{"nertag": "O"}]}, {"base_span": [868, 875], "annotations": [{"nertag": "O"}]}, {"base_span": [876, 888], "annotations": [{"nertag": "O"}]}, {"base_span": [889, 896], "annotations": [{"nertag": "O"}]}, {"base_span": [896, 897], "annotations": [{"nertag": "O"}]}, {"base_span": [898, 901], "annotations": [{"nertag": "O"}]}, {"base_span": [902, 910], "annotations": [{"nertag": "O"}]}, {"base_span": [911, 917], "annotations": [{"nertag": "O"}]}, {"base_span": [918, 923], "annotations": [{"nertag": "O"}]}, {"base_span": [923, 924], "annotations": [{"nertag": "O"}]}, {"base_span": [926, 932], "annotations": [{"nertag": "O"}]}, {"base_span": [932, 933], "annotations": [{"nertag": "O"}]}, {"base_span": [934, 936], "annotations": [{"nertag": "O"}]}, {"base_span": [937, 938], "annotations": [{"nertag": "O"}]}, {"base_span": [939, 945], "annotations": [{"nertag": "O"}]}, {"base_span": [946, 953], "annotations": [{"nertag": "O"}]}, {"base_span": [954, 955], "annotations": [{"nertag": "O"}]}, {"base_span": [956, 957], "annotations": [{"nertag": "O"}]}, {"base_span": [957, 958], "annotations": [{"nertag": "O"}]}, {"base_span": [958, 959], "annotations": [{"nertag": "O"}]}, {"base_span": [960, 964], "annotations": [{"nertag": "O"}]}, {"base_span": [965, 972], "annotations": [{"nertag": "O"}]}, {"base_span": [973, 977], "annotations": [{"nertag": "O"}]}, {"base_span": [978, 983], "annotations": [{"nertag": "O"}]}, {"base_span": [983, 984], "annotations": [{"nertag": "O"}]}, {"base_span": [985, 990], "annotations": [{"nertag": "B-PER"}]}, {"base_span": [991, 997], "annotations": [{"nertag": "I-PER"}]}, {"base_span": [998, 1001], "annotations": [{"nertag": "O"}]}, {"base_span": [1002, 1014], "annotations": [{"nertag": "O"}]}, {"base_span": [1015, 1023], "annotations": [{"nertag": "O"}]}, {"base_span": [1024, 1030], "annotations": [{"nertag": "O"}]}, {"base_span": [1031, 1032], "annotations": [{"nertag": "O"}]}, {"base_span": [1033, 1034], "annotations": [{"nertag": "O"}]}, {"base_span": [1034, 1035], "annotations": [{"nertag": "O"}]}, {"base_span": [1035, 1036], "annotations": [{"nertag": "O"}]}, {"base_span": [1037, 1041], "annotations": [{"nertag": "O"}]}, {"base_span": [1042, 1044], "annotations": [{"nertag": "O"}]}, {"base_span": [1045, 1051], "annotations": [{"nertag": "O"}]}, {"base_span": [1051, 1052], "annotations": [{"nertag": "O"}]}, {"base_span": [1053, 1057], "annotations": [{"nertag": "O"}]}, {"base_span": [1058, 1062], "annotations": [{"nertag": "O"}]}, {"base_span": [1063, 1069], "annotations": [{"nertag": "B-PER"}]}, {"base_span": [1070, 1074], "annotations": [{"nertag": "I-PER"}]}, {"base_span": [1075, 1081], "annotations": [{"nertag": "O"}]}, {"base_span": [1082, 1083], "annotations": [{"nertag": "O"}]}, {"base_span": [1084, 1088], "annotations": [{"nertag": "O"}]}, {"base_span": [1089, 1097], "annotations": [{"nertag": "O"}]}, {"base_span": [1098, 1102], "annotations": [{"nertag": "O"}]}, {"base_span": [1103, 1104], "annotations": [{"nertag": "O"}]}, {"base_span": [1105, 1109], "annotations": [{"nertag": "O"}]}, {"base_span": [1109, 1110], "annotations": [{"nertag": "O"}]}, {"base_span": [1111, 1114], "annotations": [{"nertag": "B-PER"}]}, {"base_span": [1114, 1115], "annotations": [{"nertag": "I-PER"}]}, {"base_span": [1116, 1123], "annotations": [{"nertag": "I-PER"}]}, {"base_span": [1124, 1129], "annotations": [{"nertag": "O"}]}, {"base_span": [1130, 1136], "annotations": [{"nertag": "O"}]}, {"base_span": [1137, 1139], "annotations": [{"nertag": "O"}]}, {"base_span": [1140, 1144], "annotations": [{"nertag": "O"}]}, {"base_span": [1145, 1152], "annotations": [{"nertag": "O"}]}, {"base_span": [1153, 1157], "annotations": [{"nertag": "O"}]}, {"base_span": [1158, 1160], "annotations": [{"nertag": "O"}]}, {"base_span": [1161, 1166], "annotations": [{"nertag": "O"}]}, {"base_span": [1167, 1174], "annotations": [{"nertag": "O"}]}, {"base_span": [1175, 1184], "annotations": [{"nertag": "O"}]}, {"base_span": [1185, 1188], "annotations": [{"nertag": "O"}]}, {"base_span": [1189, 1195], "annotations": [{"nertag": "O"}]}, {"base_span": [1196, 1197], "annotations": [{"nertag": "O"}]}, {"base_span": [1198, 1202], "annotations": [{"nertag": "O"}]}, {"base_span": [1202, 1203], "annotations": [{"nertag": "O"}]}, {"base_span": [1204, 1209], "annotations": [{"nertag": "O"}]}, {"base_span": [1210, 1216], "annotations": [{"nertag": "O"}]}, {"base_span": [1217, 1227], "annotations": [{"nertag": "O"}]}, {"base_span": [1228, 1234], "annotations": [{"nertag": "O"}]}, {"base_span": [1234, 1235], "annotations": [{"nertag": "O"}]}, {"base_span": [1237, 1249], "annotations": [{"nertag": "O"}]}, {"base_span": [1249, 1250], "annotations": [{"nertag": "O"}]}, {"base_span": [1251, 1256], "annotations": [{"nertag": "B-PER"}]}, {"base_span": [1257, 1264], "annotations": [{"nertag": "I-PER"}]}, {"base_span": [1265, 1268], "annotations": [{"nertag": "O"}]}, {"base_span": [1270, 1279], "annotations": [{"nertag": "O"}]}, {"base_span": [1279, 1280], "annotations": [{"nertag": "O"}]}, {"base_span": [1281, 1286], "annotations": [{"nertag": "B-PER"}]}, {"base_span": [1287, 1297], "annotations": [{"nertag": "I-PER"}]}, {"base_span": [1298, 1301], "annotations": [{"nertag": "O"}]}, {"base_span": [1303, 1312], "annotations": [{"nertag": "O"}]}, {"base_span": [1312, 1313], "annotations": [{"nertag": "O"}]}, {"base_span": [1315, 1316], "annotations": [{"nertag": "B-PER"}]}, {"base_span": [1316, 1317], "annotations": [{"nertag": "I-PER"}]}, {"base_span": [1318, 1326], "annotations": [{"nertag": "I-PER"}]}, {"base_span": [1328, 1331], "annotations": [{"nertag": "O"}]}, {"base_span": [1333, 1342], "annotations": [{"nertag": "O"}]}, {"base_span": [1342, 1343], "annotations": [{"nertag": "O"}]}, {"base_span": [1345, 1349], "annotations": [{"nertag": "B-PER"}]}, {"base_span": [1350, 1357], "annotations": [{"nertag": "I-PER"}]}, {"base_span": [1359, 1365], "annotations": [{"nertag": "O"}]}, {"base_span": [1366, 1369], "annotations": [{"nertag": "O"}]}, {"base_span": [1370, 1384], "annotations": [{"nertag": "O"}]}, {"base_span": [1385, 1386], "annotations": [{"nertag": "B-MISC"}]}, {"base_span": [1386, 1387], "annotations": [{"nertag": "I-MISC"}]}, {"base_span": [1387, 1388], "annotations": [{"nertag": "I-MISC"}]}, {"base_span": [1388, 1389], "annotations": [{"nertag": "I-MISC"}]}, {"base_span": [1389, 1390], "annotations": [{"nertag": "I-MISC"}]}, {"base_span": [1390, 1391], "annotations": [{"nertag": "I-MISC"}]}, {"base_span": [1392, 1397], "annotations": [{"nertag": "O"}]}, {"base_span": [1398, 1399], "annotations": [{"nertag": "O"}]}, {"base_span": [1399, 1400], "annotations": [{"nertag": "O"}]}, {"base_span": [1401, 1405], "annotations": [{"nertag": "O"}]}, {"base_span": [1406, 1407], "annotations": [{"nertag": "O"}]}, {"base_span": [1407, 1410], "annotations": [{"nertag": "O"}]}, {"base_span": [1410, 1411], "annotations": [{"nertag": "O"}]}, {"base_span": [1411, 1414], "annotations": [{"nertag": "O"}]}, {"base_span": [1415, 1425], "annotations": [{"nertag": "O"}]}, {"base_span": [1426, 1428], "annotations": [{"nertag": "O"}]}, {"base_span": [1429, 1433], "annotations": [{"nertag": "O"}]}, {"base_span": [1434, 1439], "annotations": [{"nertag": "O"}]}, {"base_span": [1439, 1440], "annotations": [{"nertag": "O"}]}, {"base_span": [1441, 1444], "annotations": [{"nertag": "O"}]}, {"base_span": [1445, 1450], "annotations": [{"nertag": "O"}]}, {"base_span": [1451, 1462], "annotations": [{"nertag": "O"}]}, {"base_span": [1463, 1469], "annotations": [{"nertag": "O"}]}, {"base_span": [1470, 1475], "annotations": [{"nertag": "O"}]}, {"base_span": [1476, 1485], "annotations": [{"nertag": "O"}]}, {"base_span": [1485, 1486], "annotations": [{"nertag": "O"}]}, {"base_span": [1488, 1497], "annotations": [{"nertag": "O"}]}, {"base_span": [1497, 1498], "annotations": [{"nertag": "O"}]}, {"base_span": [1500, 1502], "annotations": [{"nertag": "B-PER"}]}, {"base_span": [1503, 1507], "annotations": [{"nertag": "I-PER"}]}, {"base_span": [1509, 1510], "annotations": [{"nertag": "O"}]}, {"base_span": [1510, 1512], "annotations": [{"nertag": "O"}]}, {"base_span": [1512, 1513], "annotations": [{"nertag": "O"}]}, {"base_span": [1513, 1520], "annotations": [{"nertag": "O"}]}, {"base_span": [1520, 1521], "annotations": [{"nertag": "O"}]}, {"base_span": [1521, 1523], "annotations": [{"nertag": "O"}]}, {"base_span": [1523, 1524], "annotations": [{"nertag": "O"}]}, {"base_span": [1526, 1528], "annotations": [{"nertag": "O"}]}, {"base_span": [1529, 1534], "annotations": [{"nertag": "O"}]}, {"base_span": [1534, 1535], "annotations": [{"nertag": "O"}]}, {"base_span": [1536, 1542], "annotations": [{"nertag": "O"}]}, {"base_span": [1542, 1543], "annotations": [{"nertag": "O"}]}, {"base_span": [1544, 1551], "annotations": [{"nertag": "O"}]}, {"base_span": [1552, 1557], "annotations": [{"nertag": "O"}]}, {"base_span": [1558, 1566], "annotations": [{"nertag": "O"}]}, {"base_span": [1566, 1567], "annotations": [{"nertag": "O"}]}]}]}