{"text": "\nKusta Kurik astus ette ja kaebas, et Punga Vidrik Vääri koer on Märdipäeva õhtul 1889.a. tema zia äralõhkunud ja tema väikese koera ära- söönud, nõudis 5rbl. zia kahju ja 10rbl. koera eest, Summa 15rbl. kahju on vallavöörmünder Ausing üle vaadanud ja tema ema Leena Kurik näinud seda koera, kui ta tema ziga lõhkunud ja koera ära söönud.\n\nVidrik Vääri vastas, et tema ei luba midagi maksa, sest tema koer ei ole seda kurja teinud, tehku Kurik seda tõeks.\n\n Kusta Kurik seletas, et Vidrik Vääri on ise sell õhtul kõrtsis üttelnud, et tema koer on temaga kodust ühes tulnud, mida Vääri ka õigeks ütles. Kusta Kurik seletas, et see koer on töise päeva õhtul veel kinni saadud ja mind särast koera ei ole olnud, ka on see koer muijal purenud ja kurja teinud.\n\nPärast seda tegi kohus-\n\nMõistus-\n\nVidrik Vääri peab Kusta Kurikule kahju tasumist maksma, 1rbl. zia kahju ja 1rbl. ärasöödud koera eest. Summa 2rbl.\n\nMõistus saije säädusl. kuulutud.\n\nPääkohtumees M roth(allkiri)\n\nKohtumees J Järlow(allkiri)\n\nKohtumees P Lewertand(allkiri)\n\nKohtumehe abi T Unt(allkiri)\n\nKirjut.(allkiri)\n\n\n", "meta": {"origin_directory": "vallakohus_neljas/"}, "layers": [{"name": "gold_ner", "attributes": ["nertag"], "parent": null, "enveloping": null, "ambiguous": false, "serialisation_module": null, "meta": {}, "spans": [{"base_span": [1, 12], "annotations": [{"nertag": "PER"}]}, {"base_span": [38, 43], "annotations": [{"nertag": "LOC_ORG"}]}, {"base_span": [44, 56], "annotations": [{"nertag": "PER"}]}, {"base_span": [229, 235], "annotations": [{"nertag": "PER"}]}, {"base_span": [261, 272], "annotations": [{"nertag": "PER"}]}, {"base_span": [340, 352], "annotations": [{"nertag": "PER"}]}, {"base_span": [438, 443], "annotations": [{"nertag": "PER"}]}, {"base_span": [458, 469], "annotations": [{"nertag": "PER"}]}, {"base_span": [482, 494], "annotations": [{"nertag": "PER"}]}, {"base_span": [579, 584], "annotations": [{"nertag": "PER"}]}, {"base_span": [602, 613], "annotations": [{"nertag": "PER"}]}, {"base_span": [792, 804], "annotations": [{"nertag": "PER"}]}, {"base_span": [810, 824], "annotations": [{"nertag": "PER"}]}, {"base_span": [955, 961], "annotations": [{"nertag": "PER"}]}, {"base_span": [982, 990], "annotations": [{"nertag": "PER"}]}, {"base_span": [1011, 1022], "annotations": [{"nertag": "PER"}]}, {"base_span": [1047, 1052], "annotations": [{"nertag": "PER"}]}]}, {"name": "gold_wordner", "attributes": ["nertag"], "parent": null, "enveloping": null, "ambiguous": false, "serialisation_module": null, "meta": {}, "spans": [{"base_span": [1, 6], "annotations": [{"nertag": "B-PER"}]}, {"base_span": [7, 12], "annotations": [{"nertag": "I-PER"}]}, {"base_span": [13, 18], "annotations": [{"nertag": "O"}]}, {"base_span": [19, 23], "annotations": [{"nertag": "O"}]}, {"base_span": [24, 26], "annotations": [{"nertag": "O"}]}, {"base_span": [27, 33], "annotations": [{"nertag": "O"}]}, {"base_span": [33, 34], "annotations": [{"nertag": "O"}]}, {"base_span": [35, 37], "annotations": [{"nertag": "O"}]}, {"base_span": [38, 43], "annotations": [{"nertag": "B-LOC_ORG"}]}, {"base_span": [44, 50], "annotations": [{"nertag": "B-PER"}]}, {"base_span": [51, 56], "annotations": [{"nertag": "I-PER"}]}, {"base_span": [57, 61], "annotations": [{"nertag": "O"}]}, {"base_span": [62, 64], "annotations": [{"nertag": "O"}]}, {"base_span": [65, 75], "annotations": [{"nertag": "O"}]}, {"base_span": [76, 81], "annotations": [{"nertag": "O"}]}, {"base_span": [82, 87], "annotations": [{"nertag": "O"}]}, {"base_span": [87, 88], "annotations": [{"nertag": "O"}]}, {"base_span": [88, 89], "annotations": [{"nertag": "O"}]}, {"base_span": [90, 94], "annotations": [{"nertag": "O"}]}, {"base_span": [95, 98], "annotations": [{"nertag": "O"}]}, {"base_span": [99, 110], "annotations": [{"nertag": "O"}]}, {"base_span": [111, 113], "annotations": [{"nertag": "O"}]}, {"base_span": [114, 118], "annotations": [{"nertag": "O"}]}, {"base_span": [119, 126], "annotations": [{"nertag": "O"}]}, {"base_span": [127, 132], "annotations": [{"nertag": "O"}]}, {"base_span": [133, 136], "annotations": [{"nertag": "O"}]}, {"base_span": [136, 137], "annotations": [{"nertag": "O"}]}, {"base_span": [138, 144], "annotations": [{"nertag": "O"}]}, {"base_span": [144, 145], "annotations": [{"nertag": "O"}]}, {"base_span": [146, 152], "annotations": [{"nertag": "O"}]}, {"base_span": [153, 157], "annotations": [{"nertag": "O"}]}, {"base_span": [157, 158], "annotations": [{"nertag": "O"}]}, {"base_span": [159, 162], "annotations": [{"nertag": "O"}]}, {"base_span": [163, 168], "annotations": [{"nertag": "O"}]}, {"base_span": [169, 171], "annotations": [{"nertag": "O"}]}, {"base_span": [172, 177], "annotations": [{"nertag": "O"}]}, {"base_span": [177, 178], "annotations": [{"nertag": "O"}]}, {"base_span": [179, 184], "annotations": [{"nertag": "O"}]}, {"base_span": [185, 189], "annotations": [{"nertag": "O"}]}, {"base_span": [189, 190], "annotations": [{"nertag": "O"}]}, {"base_span": [191, 196], "annotations": [{"nertag": "O"}]}, {"base_span": [197, 202], "annotations": [{"nertag": "O"}]}, {"base_span": [202, 203], "annotations": [{"nertag": "O"}]}, {"base_span": [204, 209], "annotations": [{"nertag": "O"}]}, {"base_span": [210, 212], "annotations": [{"nertag": "O"}]}, {"base_span": [213, 228], "annotations": [{"nertag": "O"}]}, {"base_span": [229, 235], "annotations": [{"nertag": "B-PER"}]}, {"base_span": [236, 239], "annotations": [{"nertag": "O"}]}, {"base_span": [240, 248], "annotations": [{"nertag": "O"}]}, {"base_span": [249, 251], "annotations": [{"nertag": "O"}]}, {"base_span": [252, 256], "annotations": [{"nertag": "O"}]}, {"base_span": [257, 260], "annotations": [{"nertag": "O"}]}, {"base_span": [261, 266], "annotations": [{"nertag": "B-PER"}]}, {"base_span": [267, 272], "annotations": [{"nertag": "I-PER"}]}, {"base_span": [273, 279], "annotations": [{"nertag": "O"}]}, {"base_span": [280, 284], "annotations": [{"nertag": "O"}]}, {"base_span": [285, 290], "annotations": [{"nertag": "O"}]}, {"base_span": [290, 291], "annotations": [{"nertag": "O"}]}, {"base_span": [292, 295], "annotations": [{"nertag": "O"}]}, {"base_span": [296, 298], "annotations": [{"nertag": "O"}]}, {"base_span": [299, 303], "annotations": [{"nertag": "O"}]}, {"base_span": [304, 308], "annotations": [{"nertag": "O"}]}, {"base_span": [309, 317], "annotations": [{"nertag": "O"}]}, {"base_span": [318, 320], "annotations": [{"nertag": "O"}]}, {"base_span": [321, 326], "annotations": [{"nertag": "O"}]}, {"base_span": [327, 330], "annotations": [{"nertag": "O"}]}, {"base_span": [331, 337], "annotations": [{"nertag": "O"}]}, {"base_span": [337, 338], "annotations": [{"nertag": "O"}]}, {"base_span": [340, 346], "annotations": [{"nertag": "B-PER"}]}, {"base_span": [347, 352], "annotations": [{"nertag": "I-PER"}]}, {"base_span": [353, 359], "annotations": [{"nertag": "O"}]}, {"base_span": [359, 360], "annotations": [{"nertag": "O"}]}, {"base_span": [361, 363], "annotations": [{"nertag": "O"}]}, {"base_span": [364, 368], "annotations": [{"nertag": "O"}]}, {"base_span": [369, 371], "annotations": [{"nertag": "O"}]}, {"base_span": [372, 376], "annotations": [{"nertag": "O"}]}, {"base_span": [377, 383], "annotations": [{"nertag": "O"}]}, {"base_span": [384, 389], "annotations": [{"nertag": "O"}]}, {"base_span": [389, 390], "annotations": [{"nertag": "O"}]}, {"base_span": [391, 395], "annotations": [{"nertag": "O"}]}, {"base_span": [396, 400], "annotations": [{"nertag": "O"}]}, {"base_span": [401, 405], "annotations": [{"nertag": "O"}]}, {"base_span": [406, 408], "annotations": [{"nertag": "O"}]}, {"base_span": [409, 412], "annotations": [{"nertag": "O"}]}, {"base_span": [413, 417], "annotations": [{"nertag": "O"}]}, {"base_span": [418, 423], "annotations": [{"nertag": "O"}]}, {"base_span": [424, 430], "annotations": [{"nertag": "O"}]}, {"base_span": [430, 431], "annotations": [{"nertag": "O"}]}, {"base_span": [432, 437], "annotations": [{"nertag": "O"}]}, {"base_span": [438, 443], "annotations": [{"nertag": "B-PER"}]}, {"base_span": [444, 448], "annotations": [{"nertag": "O"}]}, {"base_span": [449, 454], "annotations": [{"nertag": "O"}]}, {"base_span": [454, 455], "annotations": [{"nertag": "O"}]}, {"base_span": [458, 463], "annotations": [{"nertag": "B-PER"}]}, {"base_span": [464, 469], "annotations": [{"nertag": "I-PER"}]}, {"base_span": [470, 477], "annotations": [{"nertag": "O"}]}, {"base_span": [477, 478], "annotations": [{"nertag": "O"}]}, {"base_span": [479, 481], "annotations": [{"nertag": "O"}]}, {"base_span": [482, 488], "annotations": [{"nertag": "B-PER"}]}, {"base_span": [489, 494], "annotations": [{"nertag": "I-PER"}]}, {"base_span": [495, 497], "annotations": [{"nertag": "O"}]}, {"base_span": [498, 501], "annotations": [{"nertag": "O"}]}, {"base_span": [502, 506], "annotations": [{"nertag": "O"}]}, {"base_span": [507, 512], "annotations": [{"nertag": "O"}]}, {"base_span": [513, 520], "annotations": [{"nertag": "O"}]}, {"base_span": [521, 529], "annotations": [{"nertag": "O"}]}, {"base_span": [529, 530], "annotations": [{"nertag": "O"}]}, {"base_span": [531, 533], "annotations": [{"nertag": "O"}]}, {"base_span": [534, 538], "annotations": [{"nertag": "O"}]}, {"base_span": [539, 543], "annotations": [{"nertag": "O"}]}, {"base_span": [544, 546], "annotations": [{"nertag": "O"}]}, {"base_span": [547, 553], "annotations": [{"nertag": "O"}]}, {"base_span": [554, 560], "annotations": [{"nertag": "O"}]}, {"base_span": [561, 565], "annotations": [{"nertag": "O"}]}, {"base_span": [566, 572], "annotations": [{"nertag": "O"}]}, {"base_span": [572, 573], "annotations": [{"nertag": "O"}]}, {"base_span": [574, 578], "annotations": [{"nertag": "O"}]}, {"base_span": [579, 584], "annotations": [{"nertag": "B-PER"}]}, {"base_span": [585, 587], "annotations": [{"nertag": "O"}]}, {"base_span": [588, 594], "annotations": [{"nertag": "O"}]}, {"base_span": [595, 600], "annotations": [{"nertag": "O"}]}, {"base_span": [600, 601], "annotations": [{"nertag": "O"}]}, {"base_span": [602, 607], "annotations": [{"nertag": "B-PER"}]}, {"base_span": [608, 613], "annotations": [{"nertag": "I-PER"}]}, {"base_span": [614, 621], "annotations": [{"nertag": "O"}]}, {"base_span": [621, 622], "annotations": [{"nertag": "O"}]}, {"base_span": [623, 625], "annotations": [{"nertag": "O"}]}, {"base_span": [626, 629], "annotations": [{"nertag": "O"}]}, {"base_span": [630, 634], "annotations": [{"nertag": "O"}]}, {"base_span": [635, 637], "annotations": [{"nertag": "O"}]}, {"base_span": [638, 643], "annotations": [{"nertag": "O"}]}, {"base_span": [644, 649], "annotations": [{"nertag": "O"}]}, {"base_span": [650, 655], "annotations": [{"nertag": "O"}]}, {"base_span": [656, 660], "annotations": [{"nertag": "O"}]}, {"base_span": [661, 666], "annotations": [{"nertag": "O"}]}, {"base_span": [667, 673], "annotations": [{"nertag": "O"}]}, {"base_span": [674, 676], "annotations": [{"nertag": "O"}]}, {"base_span": [677, 681], "annotations": [{"nertag": "O"}]}, {"base_span": [682, 688], "annotations": [{"nertag": "O"}]}, {"base_span": [689, 694], "annotations": [{"nertag": "O"}]}, {"base_span": [695, 697], "annotations": [{"nertag": "O"}]}, {"base_span": [698, 701], "annotations": [{"nertag": "O"}]}, {"base_span": [702, 707], "annotations": [{"nertag": "O"}]}, {"base_span": [707, 708], "annotations": [{"nertag": "O"}]}, {"base_span": [709, 711], "annotations": [{"nertag": "O"}]}, {"base_span": [712, 714], "annotations": [{"nertag": "O"}]}, {"base_span": [715, 718], "annotations": [{"nertag": "O"}]}, {"base_span": [719, 723], "annotations": [{"nertag": "O"}]}, {"base_span": [724, 730], "annotations": [{"nertag": "O"}]}, {"base_span": [731, 738], "annotations": [{"nertag": "O"}]}, {"base_span": [739, 741], "annotations": [{"nertag": "O"}]}, {"base_span": [742, 747], "annotations": [{"nertag": "O"}]}, {"base_span": [748, 754], "annotations": [{"nertag": "O"}]}, {"base_span": [754, 755], "annotations": [{"nertag": "O"}]}, {"base_span": [757, 763], "annotations": [{"nertag": "O"}]}, {"base_span": [764, 768], "annotations": [{"nertag": "O"}]}, {"base_span": [769, 773], "annotations": [{"nertag": "O"}]}, {"base_span": [774, 779], "annotations": [{"nertag": "O"}]}, {"base_span": [779, 780], "annotations": [{"nertag": "O"}]}, {"base_span": [782, 789], "annotations": [{"nertag": "O"}]}, {"base_span": [789, 790], "annotations": [{"nertag": "O"}]}, {"base_span": [792, 798], "annotations": [{"nertag": "B-PER"}]}, {"base_span": [799, 804], "annotations": [{"nertag": "I-PER"}]}, {"base_span": [805, 809], "annotations": [{"nertag": "O"}]}, {"base_span": [810, 815], "annotations": [{"nertag": "B-PER"}]}, {"base_span": [816, 824], "annotations": [{"nertag": "I-PER"}]}, {"base_span": [825, 830], "annotations": [{"nertag": "O"}]}, {"base_span": [831, 839], "annotations": [{"nertag": "O"}]}, {"base_span": [840, 846], "annotations": [{"nertag": "O"}]}, {"base_span": [846, 847], "annotations": [{"nertag": "O"}]}, {"base_span": [848, 852], "annotations": [{"nertag": "O"}]}, {"base_span": [852, 853], "annotations": [{"nertag": "O"}]}, {"base_span": [854, 857], "annotations": [{"nertag": "O"}]}, {"base_span": [858, 863], "annotations": [{"nertag": "O"}]}, {"base_span": [864, 866], "annotations": [{"nertag": "O"}]}, {"base_span": [867, 871], "annotations": [{"nertag": "O"}]}, {"base_span": [871, 872], "annotations": [{"nertag": "O"}]}, {"base_span": [873, 882], "annotations": [{"nertag": "O"}]}, {"base_span": [883, 888], "annotations": [{"nertag": "O"}]}, {"base_span": [889, 893], "annotations": [{"nertag": "O"}]}, {"base_span": [893, 894], "annotations": [{"nertag": "O"}]}, {"base_span": [895, 900], "annotations": [{"nertag": "O"}]}, {"base_span": [901, 905], "annotations": [{"nertag": "O"}]}, {"base_span": [905, 906], "annotations": [{"nertag": "O"}]}, {"base_span": [908, 915], "annotations": [{"nertag": "O"}]}, {"base_span": [916, 921], "annotations": [{"nertag": "O"}]}, {"base_span": [922, 929], "annotations": [{"nertag": "O"}]}, {"base_span": [929, 930], "annotations": [{"nertag": "O"}]}, {"base_span": [931, 939], "annotations": [{"nertag": "O"}]}, {"base_span": [939, 940], "annotations": [{"nertag": "O"}]}, {"base_span": [942, 954], "annotations": [{"nertag": "O"}]}, {"base_span": [955, 956], "annotations": [{"nertag": "B-PER"}]}, {"base_span": [957, 961], "annotations": [{"nertag": "I-PER"}]}, {"base_span": [961, 962], "annotations": [{"nertag": "O"}]}, {"base_span": [962, 969], "annotations": [{"nertag": "O"}]}, {"base_span": [969, 970], "annotations": [{"nertag": "O"}]}, {"base_span": [972, 981], "annotations": [{"nertag": "O"}]}, {"base_span": [982, 983], "annotations": [{"nertag": "B-PER"}]}, {"base_span": [984, 990], "annotations": [{"nertag": "I-PER"}]}, {"base_span": [990, 991], "annotations": [{"nertag": "O"}]}, {"base_span": [991, 998], "annotations": [{"nertag": "O"}]}, {"base_span": [998, 999], "annotations": [{"nertag": "O"}]}, {"base_span": [1001, 1010], "annotations": [{"nertag": "O"}]}, {"base_span": [1011, 1012], "annotations": [{"nertag": "B-PER"}]}, {"base_span": [1013, 1022], "annotations": [{"nertag": "I-PER"}]}, {"base_span": [1022, 1023], "annotations": [{"nertag": "O"}]}, {"base_span": [1023, 1030], "annotations": [{"nertag": "O"}]}, {"base_span": [1030, 1031], "annotations": [{"nertag": "O"}]}, {"base_span": [1033, 1042], "annotations": [{"nertag": "O"}]}, {"base_span": [1043, 1046], "annotations": [{"nertag": "O"}]}, {"base_span": [1047, 1048], "annotations": [{"nertag": "B-PER"}]}, {"base_span": [1049, 1052], "annotations": [{"nertag": "I-PER"}]}, {"base_span": [1052, 1053], "annotations": [{"nertag": "O"}]}, {"base_span": [1053, 1060], "annotations": [{"nertag": "O"}]}, {"base_span": [1060, 1061], "annotations": [{"nertag": "O"}]}, {"base_span": [1063, 1069], "annotations": [{"nertag": "O"}]}, {"base_span": [1069, 1070], "annotations": [{"nertag": "O"}]}, {"base_span": [1070, 1071], "annotations": [{"nertag": "O"}]}, {"base_span": [1071, 1078], "annotations": [{"nertag": "O"}]}, {"base_span": [1078, 1079], "annotations": [{"nertag": "O"}]}]}]}