{"text": "\nJohann Püss'i kaebduses wastu surnud Kusta Michelson'i pärandajid, palga nõudmise pärast, kaebatud protokoll N149.\n\nKutsuti ette Johann Püss ja surnud Kusta Michelsoni pärandajide wöörmündrit Karl Tamm ja Hans Laur, ja surnud\n\nKusta Michelsoni lesk Mari Michelson ja eestkostja Mats Mitt.\n\nLesk Mari Michelson ütles, et seda küll kuulnud, et Johann Püss'il palga raha saada olnud, aga kui palju saada, ei teedvad.\n\nJohan Püss andis tunnistajadeks surnud Kusta Michelsoni poeg, Jaan Michelson.\n\nOtsus: Jaan Michelson ette kutsuda.\n\n\n", "meta": {"origin_directory": "vallakohus_kolmas/"}, "layers": [{"name": "gold_ner", "attributes": ["nertag"], "parent": null, "enveloping": null, "ambiguous": false, "serialisation_module": null, "meta": {}, "spans": [{"base_span": [1, 14], "annotations": [{"nertag": "PER"}]}, {"base_span": [38, 55], "annotations": [{"nertag": "PER"}]}, {"base_span": [130, 141], "annotations": [{"nertag": "PER"}]}, {"base_span": [152, 168], "annotations": [{"nertag": "PER"}]}, {"base_span": [193, 202], "annotations": [{"nertag": "PER"}]}, {"base_span": [206, 215], "annotations": [{"nertag": "PER"}]}, {"base_span": [228, 244], "annotations": [{"nertag": "PER"}]}, {"base_span": [250, 264], "annotations": [{"nertag": "PER"}]}, {"base_span": [279, 288], "annotations": [{"nertag": "PER"}]}, {"base_span": [296, 310], "annotations": [{"nertag": "PER"}]}, {"base_span": [343, 357], "annotations": [{"nertag": "PER"}]}, {"base_span": [416, 426], "annotations": [{"nertag": "PER"}]}, {"base_span": [455, 471], "annotations": [{"nertag": "PER"}]}, {"base_span": [478, 492], "annotations": [{"nertag": "PER"}]}, {"base_span": [502, 516], "annotations": [{"nertag": "PER"}]}]}, {"name": "gold_wordner", "attributes": ["nertag"], "parent": null, "enveloping": null, "ambiguous": false, "serialisation_module": null, "meta": {}, "spans": [{"base_span": [1, 7], "annotations": [{"nertag": "B-PER"}]}, {"base_span": [8, 14], "annotations": [{"nertag": "I-PER"}]}, {"base_span": [15, 24], "annotations": [{"nertag": "O"}]}, {"base_span": [25, 30], "annotations": [{"nertag": "O"}]}, {"base_span": [31, 37], "annotations": [{"nertag": "O"}]}, {"base_span": [38, 43], "annotations": [{"nertag": "B-PER"}]}, {"base_span": [44, 55], "annotations": [{"nertag": "I-PER"}]}, {"base_span": [56, 66], "annotations": [{"nertag": "O"}]}, {"base_span": [66, 67], "annotations": [{"nertag": "O"}]}, {"base_span": [68, 73], "annotations": [{"nertag": "O"}]}, {"base_span": [74, 82], "annotations": [{"nertag": "O"}]}, {"base_span": [83, 89], "annotations": [{"nertag": "O"}]}, {"base_span": [89, 90], "annotations": [{"nertag": "O"}]}, {"base_span": [91, 99], "annotations": [{"nertag": "O"}]}, {"base_span": [100, 109], "annotations": [{"nertag": "O"}]}, {"base_span": [110, 114], "annotations": [{"nertag": "O"}]}, {"base_span": [114, 115], "annotations": [{"nertag": "O"}]}, {"base_span": [117, 124], "annotations": [{"nertag": "O"}]}, {"base_span": [125, 129], "annotations": [{"nertag": "O"}]}, {"base_span": [130, 136], "annotations": [{"nertag": "B-PER"}]}, {"base_span": [137, 141], "annotations": [{"nertag": "I-PER"}]}, {"base_span": [142, 144], "annotations": [{"nertag": "O"}]}, {"base_span": [145, 151], "annotations": [{"nertag": "O"}]}, {"base_span": [152, 157], "annotations": [{"nertag": "B-PER"}]}, {"base_span": [158, 168], "annotations": [{"nertag": "I-PER"}]}, {"base_span": [169, 180], "annotations": [{"nertag": "O"}]}, {"base_span": [181, 192], "annotations": [{"nertag": "O"}]}, {"base_span": [193, 197], "annotations": [{"nertag": "B-PER"}]}, {"base_span": [198, 202], "annotations": [{"nertag": "I-PER"}]}, {"base_span": [203, 205], "annotations": [{"nertag": "O"}]}, {"base_span": [206, 210], "annotations": [{"nertag": "B-PER"}]}, {"base_span": [211, 215], "annotations": [{"nertag": "I-PER"}]}, {"base_span": [215, 216], "annotations": [{"nertag": "O"}]}, {"base_span": [217, 219], "annotations": [{"nertag": "O"}]}, {"base_span": [220, 226], "annotations": [{"nertag": "O"}]}, {"base_span": [228, 233], "annotations": [{"nertag": "B-PER"}]}, {"base_span": [234, 244], "annotations": [{"nertag": "I-PER"}]}, {"base_span": [245, 249], "annotations": [{"nertag": "O"}]}, {"base_span": [250, 254], "annotations": [{"nertag": "B-PER"}]}, {"base_span": [255, 264], "annotations": [{"nertag": "I-PER"}]}, {"base_span": [265, 267], "annotations": [{"nertag": "O"}]}, {"base_span": [268, 278], "annotations": [{"nertag": "O"}]}, {"base_span": [279, 283], "annotations": [{"nertag": "B-PER"}]}, {"base_span": [284, 288], "annotations": [{"nertag": "I-PER"}]}, {"base_span": [288, 289], "annotations": [{"nertag": "O"}]}, {"base_span": [291, 295], "annotations": [{"nertag": "O"}]}, {"base_span": [296, 300], "annotations": [{"nertag": "B-PER"}]}, {"base_span": [301, 310], "annotations": [{"nertag": "I-PER"}]}, {"base_span": [311, 316], "annotations": [{"nertag": "O"}]}, {"base_span": [316, 317], "annotations": [{"nertag": "O"}]}, {"base_span": [318, 320], "annotations": [{"nertag": "O"}]}, {"base_span": [321, 325], "annotations": [{"nertag": "O"}]}, {"base_span": [326, 330], "annotations": [{"nertag": "O"}]}, {"base_span": [331, 338], "annotations": [{"nertag": "O"}]}, {"base_span": [338, 339], "annotations": [{"nertag": "O"}]}, {"base_span": [340, 342], "annotations": [{"nertag": "O"}]}, {"base_span": [343, 349], "annotations": [{"nertag": "B-PER"}]}, {"base_span": [350, 357], "annotations": [{"nertag": "I-PER"}]}, {"base_span": [358, 363], "annotations": [{"nertag": "O"}]}, {"base_span": [364, 368], "annotations": [{"nertag": "O"}]}, {"base_span": [369, 374], "annotations": [{"nertag": "O"}]}, {"base_span": [375, 380], "annotations": [{"nertag": "O"}]}, {"base_span": [380, 381], "annotations": [{"nertag": "O"}]}, {"base_span": [382, 385], "annotations": [{"nertag": "O"}]}, {"base_span": [386, 389], "annotations": [{"nertag": "O"}]}, {"base_span": [390, 395], "annotations": [{"nertag": "O"}]}, {"base_span": [396, 401], "annotations": [{"nertag": "O"}]}, {"base_span": [401, 402], "annotations": [{"nertag": "O"}]}, {"base_span": [403, 405], "annotations": [{"nertag": "O"}]}, {"base_span": [406, 413], "annotations": [{"nertag": "O"}]}, {"base_span": [413, 414], "annotations": [{"nertag": "O"}]}, {"base_span": [416, 421], "annotations": [{"nertag": "B-PER"}]}, {"base_span": [422, 426], "annotations": [{"nertag": "I-PER"}]}, {"base_span": [427, 432], "annotations": [{"nertag": "O"}]}, {"base_span": [433, 447], "annotations": [{"nertag": "O"}]}, {"base_span": [448, 454], "annotations": [{"nertag": "O"}]}, {"base_span": [455, 460], "annotations": [{"nertag": "B-PER"}]}, {"base_span": [461, 471], "annotations": [{"nertag": "I-PER"}]}, {"base_span": [472, 476], "annotations": [{"nertag": "O"}]}, {"base_span": [476, 477], "annotations": [{"nertag": "O"}]}, {"base_span": [478, 482], "annotations": [{"nertag": "B-PER"}]}, {"base_span": [483, 492], "annotations": [{"nertag": "I-PER"}]}, {"base_span": [492, 493], "annotations": [{"nertag": "O"}]}, {"base_span": [495, 500], "annotations": [{"nertag": "O"}]}, {"base_span": [500, 501], "annotations": [{"nertag": "O"}]}, {"base_span": [502, 506], "annotations": [{"nertag": "B-PER"}]}, {"base_span": [507, 516], "annotations": [{"nertag": "I-PER"}]}, {"base_span": [517, 521], "annotations": [{"nertag": "O"}]}, {"base_span": [522, 529], "annotations": [{"nertag": "O"}]}, {"base_span": [529, 530], "annotations": [{"nertag": "O"}]}]}]}