{"text": "\nAne Kollo kalle mees ära on surnud kaebas oma welle juures seistes et tema wõeras poeg Jaan Kollo tema mehest perra jänud tare ära tahab müia - nõuab et temal seda mitte lubatud ei saaks.\n\nJaan Kollo wastutas selle pääle et se tema tare on sest et tema selle tarwis on palkid ostnud ja ka ehitanud.\n\nAne Kollo wastutas selle pääle et tena mees tare palkid on ostnud ja tema (kaibaja) welled seda ülesehitanud.\n\nJoosep Jürgenson ja Joh. Issak tunnistasid et Ane Kollo welli Peter Anisson selle tare üles on ehitanud. Jaan Kollo ei ole seda mitte ehitanud.\n\nMoiste: Jaan Kollo wõib küll seal tares elada aga ära müia seda tare ei ole temal mitte luba.\n\nPeakohtomees: P Kripson XXX\n\nKohtomees: P. Hindrikson XXX\n\nKohtomees: K Wossmann XXX\n\nKohtomees: J Klaosoon\n\nMoiste sai kohtokäijatele kuulutud ja ei olnud Jaan Kollo mitte sellega rahul.\n\nKirjutaja: Ch Kapp &lt;allkiri&gt;\n\n29 Januar 85 Kihelk. kohto sisse saadetud.\n\n\n", "meta": {"origin_directory": "vallakohus_neljas/"}, "layers": [{"name": "gold_ner", "attributes": ["nertag"], "parent": null, "enveloping": null, "ambiguous": false, "serialisation_module": null, "meta": {}, "spans": [{"base_span": [1, 10], "annotations": [{"nertag": "PER"}]}, {"base_span": [88, 98], "annotations": [{"nertag": "PER"}]}, {"base_span": [190, 200], "annotations": [{"nertag": "PER"}]}, {"base_span": [301, 310], "annotations": [{"nertag": "PER"}]}, {"base_span": [412, 428], "annotations": [{"nertag": "PER"}]}, {"base_span": [432, 442], "annotations": [{"nertag": "PER"}]}, {"base_span": [458, 467], "annotations": [{"nertag": "PER"}]}, {"base_span": [474, 487], "annotations": [{"nertag": "PER"}]}, {"base_span": [517, 527], "annotations": [{"nertag": "PER"}]}, {"base_span": [565, 575], "annotations": [{"nertag": "PER"}]}, {"base_span": [666, 675], "annotations": [{"nertag": "PER"}]}, {"base_span": [692, 705], "annotations": [{"nertag": "PER"}]}, {"base_span": [722, 732], "annotations": [{"nertag": "PER"}]}, {"base_span": [749, 759], "annotations": [{"nertag": "PER"}]}, {"base_span": [808, 818], "annotations": [{"nertag": "PER"}]}, {"base_span": [852, 859], "annotations": [{"nertag": "PER"}]}]}, {"name": "gold_wordner", "attributes": ["nertag"], "parent": null, "enveloping": null, "ambiguous": false, "serialisation_module": null, "meta": {}, "spans": [{"base_span": [1, 4], "annotations": [{"nertag": "B-PER"}]}, {"base_span": [5, 10], "annotations": [{"nertag": "I-PER"}]}, {"base_span": [11, 16], "annotations": [{"nertag": "O"}]}, {"base_span": [17, 21], "annotations": [{"nertag": "O"}]}, {"base_span": [22, 25], "annotations": [{"nertag": "O"}]}, {"base_span": [26, 28], "annotations": [{"nertag": "O"}]}, {"base_span": [29, 35], "annotations": [{"nertag": "O"}]}, {"base_span": [36, 42], "annotations": [{"nertag": "O"}]}, {"base_span": [43, 46], "annotations": [{"nertag": "O"}]}, {"base_span": [47, 52], "annotations": [{"nertag": "O"}]}, {"base_span": [53, 59], "annotations": [{"nertag": "O"}]}, {"base_span": [60, 67], "annotations": [{"nertag": "O"}]}, {"base_span": [68, 70], "annotations": [{"nertag": "O"}]}, {"base_span": [71, 75], "annotations": [{"nertag": "O"}]}, {"base_span": [76, 82], "annotations": [{"nertag": "O"}]}, {"base_span": [83, 87], "annotations": [{"nertag": "O"}]}, {"base_span": [88, 92], "annotations": [{"nertag": "B-PER"}]}, {"base_span": [93, 98], "annotations": [{"nertag": "I-PER"}]}, {"base_span": [99, 103], "annotations": [{"nertag": "O"}]}, {"base_span": [104, 110], "annotations": [{"nertag": "O"}]}, {"base_span": [111, 116], "annotations": [{"nertag": "O"}]}, {"base_span": [117, 122], "annotations": [{"nertag": "O"}]}, {"base_span": [123, 127], "annotations": [{"nertag": "O"}]}, {"base_span": [128, 131], "annotations": [{"nertag": "O"}]}, {"base_span": [132, 137], "annotations": [{"nertag": "O"}]}, {"base_span": [138, 142], "annotations": [{"nertag": "O"}]}, {"base_span": [143, 144], "annotations": [{"nertag": "O"}]}, {"base_span": [145, 150], "annotations": [{"nertag": "O"}]}, {"base_span": [151, 153], "annotations": [{"nertag": "O"}]}, {"base_span": [154, 159], "annotations": [{"nertag": "O"}]}, {"base_span": [160, 164], "annotations": [{"nertag": "O"}]}, {"base_span": [165, 170], "annotations": [{"nertag": "O"}]}, {"base_span": [171, 178], "annotations": [{"nertag": "O"}]}, {"base_span": [179, 181], "annotations": [{"nertag": "O"}]}, {"base_span": [182, 187], "annotations": [{"nertag": "O"}]}, {"base_span": [187, 188], "annotations": [{"nertag": "O"}]}, {"base_span": [190, 194], "annotations": [{"nertag": "B-PER"}]}, {"base_span": [195, 200], "annotations": [{"nertag": "I-PER"}]}, {"base_span": [201, 209], "annotations": [{"nertag": "O"}]}, {"base_span": [210, 215], "annotations": [{"nertag": "O"}]}, {"base_span": [216, 221], "annotations": [{"nertag": "O"}]}, {"base_span": [222, 224], "annotations": [{"nertag": "O"}]}, {"base_span": [225, 227], "annotations": [{"nertag": "O"}]}, {"base_span": [228, 232], "annotations": [{"nertag": "O"}]}, {"base_span": [233, 237], "annotations": [{"nertag": "O"}]}, {"base_span": [238, 240], "annotations": [{"nertag": "O"}]}, {"base_span": [241, 245], "annotations": [{"nertag": "O"}]}, {"base_span": [246, 248], "annotations": [{"nertag": "O"}]}, {"base_span": [249, 253], "annotations": [{"nertag": "O"}]}, {"base_span": [254, 259], "annotations": [{"nertag": "O"}]}, {"base_span": [260, 266], "annotations": [{"nertag": "O"}]}, {"base_span": [267, 269], "annotations": [{"nertag": "O"}]}, {"base_span": [270, 276], "annotations": [{"nertag": "O"}]}, {"base_span": [277, 283], "annotations": [{"nertag": "O"}]}, {"base_span": [284, 286], "annotations": [{"nertag": "O"}]}, {"base_span": [287, 289], "annotations": [{"nertag": "O"}]}, {"base_span": [290, 298], "annotations": [{"nertag": "O"}]}, {"base_span": [298, 299], "annotations": [{"nertag": "O"}]}, {"base_span": [301, 304], "annotations": [{"nertag": "B-PER"}]}, {"base_span": [305, 310], "annotations": [{"nertag": "I-PER"}]}, {"base_span": [311, 319], "annotations": [{"nertag": "O"}]}, {"base_span": [320, 325], "annotations": [{"nertag": "O"}]}, {"base_span": [326, 331], "annotations": [{"nertag": "O"}]}, {"base_span": [332, 334], "annotations": [{"nertag": "O"}]}, {"base_span": [335, 339], "annotations": [{"nertag": "O"}]}, {"base_span": [340, 344], "annotations": [{"nertag": "O"}]}, {"base_span": [345, 349], "annotations": [{"nertag": "O"}]}, {"base_span": [350, 356], "annotations": [{"nertag": "O"}]}, {"base_span": [357, 359], "annotations": [{"nertag": "O"}]}, {"base_span": [360, 366], "annotations": [{"nertag": "O"}]}, {"base_span": [367, 369], "annotations": [{"nertag": "O"}]}, {"base_span": [370, 374], "annotations": [{"nertag": "O"}]}, {"base_span": [375, 376], "annotations": [{"nertag": "O"}]}, {"base_span": [376, 383], "annotations": [{"nertag": "O"}]}, {"base_span": [383, 384], "annotations": [{"nertag": "O"}]}, {"base_span": [385, 391], "annotations": [{"nertag": "O"}]}, {"base_span": [392, 396], "annotations": [{"nertag": "O"}]}, {"base_span": [397, 409], "annotations": [{"nertag": "O"}]}, {"base_span": [409, 410], "annotations": [{"nertag": "O"}]}, {"base_span": [412, 418], "annotations": [{"nertag": "B-PER"}]}, {"base_span": [419, 428], "annotations": [{"nertag": "I-PER"}]}, {"base_span": [429, 431], "annotations": [{"nertag": "O"}]}, {"base_span": [432, 435], "annotations": [{"nertag": "B-PER"}]}, {"base_span": [435, 436], "annotations": [{"nertag": "I-PER"}]}, {"base_span": [437, 442], "annotations": [{"nertag": "I-PER"}]}, {"base_span": [443, 454], "annotations": [{"nertag": "O"}]}, {"base_span": [455, 457], "annotations": [{"nertag": "O"}]}, {"base_span": [458, 461], "annotations": [{"nertag": "B-PER"}]}, {"base_span": [462, 467], "annotations": [{"nertag": "I-PER"}]}, {"base_span": [468, 473], "annotations": [{"nertag": "O"}]}, {"base_span": [474, 479], "annotations": [{"nertag": "B-PER"}]}, {"base_span": [480, 487], "annotations": [{"nertag": "I-PER"}]}, {"base_span": [488, 493], "annotations": [{"nertag": "O"}]}, {"base_span": [494, 498], "annotations": [{"nertag": "O"}]}, {"base_span": [499, 503], "annotations": [{"nertag": "O"}]}, {"base_span": [504, 506], "annotations": [{"nertag": "O"}]}, {"base_span": [507, 515], "annotations": [{"nertag": "O"}]}, {"base_span": [515, 516], "annotations": [{"nertag": "O"}]}, {"base_span": [517, 521], "annotations": [{"nertag": "B-PER"}]}, {"base_span": [522, 527], "annotations": [{"nertag": "I-PER"}]}, {"base_span": [528, 530], "annotations": [{"nertag": "O"}]}, {"base_span": [531, 534], "annotations": [{"nertag": "O"}]}, {"base_span": [535, 539], "annotations": [{"nertag": "O"}]}, {"base_span": [540, 545], "annotations": [{"nertag": "O"}]}, {"base_span": [546, 554], "annotations": [{"nertag": "O"}]}, {"base_span": [554, 555], "annotations": [{"nertag": "O"}]}, {"base_span": [557, 563], "annotations": [{"nertag": "O"}]}, {"base_span": [563, 564], "annotations": [{"nertag": "O"}]}, {"base_span": [565, 569], "annotations": [{"nertag": "B-PER"}]}, {"base_span": [570, 575], "annotations": [{"nertag": "I-PER"}]}, {"base_span": [576, 580], "annotations": [{"nertag": "O"}]}, {"base_span": [581, 585], "annotations": [{"nertag": "O"}]}, {"base_span": [586, 590], "annotations": [{"nertag": "O"}]}, {"base_span": [591, 596], "annotations": [{"nertag": "O"}]}, {"base_span": [597, 602], "annotations": [{"nertag": "O"}]}, {"base_span": [603, 606], "annotations": [{"nertag": "O"}]}, {"base_span": [607, 610], "annotations": [{"nertag": "O"}]}, {"base_span": [611, 615], "annotations": [{"nertag": "O"}]}, {"base_span": [616, 620], "annotations": [{"nertag": "O"}]}, {"base_span": [621, 625], "annotations": [{"nertag": "O"}]}, {"base_span": [626, 628], "annotations": [{"nertag": "O"}]}, {"base_span": [629, 632], "annotations": [{"nertag": "O"}]}, {"base_span": [633, 638], "annotations": [{"nertag": "O"}]}, {"base_span": [639, 644], "annotations": [{"nertag": "O"}]}, {"base_span": [645, 649], "annotations": [{"nertag": "O"}]}, {"base_span": [649, 650], "annotations": [{"nertag": "O"}]}, {"base_span": [652, 664], "annotations": [{"nertag": "O"}]}, {"base_span": [664, 665], "annotations": [{"nertag": "O"}]}, {"base_span": [666, 667], "annotations": [{"nertag": "B-PER"}]}, {"base_span": [668, 675], "annotations": [{"nertag": "I-PER"}]}, {"base_span": [676, 679], "annotations": [{"nertag": "O"}]}, {"base_span": [681, 690], "annotations": [{"nertag": "O"}]}, {"base_span": [690, 691], "annotations": [{"nertag": "O"}]}, {"base_span": [692, 693], "annotations": [{"nertag": "B-PER"}]}, {"base_span": [693, 694], "annotations": [{"nertag": "I-PER"}]}, {"base_span": [695, 705], "annotations": [{"nertag": "I-PER"}]}, {"base_span": [706, 709], "annotations": [{"nertag": "O"}]}, {"base_span": [711, 720], "annotations": [{"nertag": "O"}]}, {"base_span": [720, 721], "annotations": [{"nertag": "O"}]}, {"base_span": [722, 723], "annotations": [{"nertag": "B-PER"}]}, {"base_span": [724, 732], "annotations": [{"nertag": "I-PER"}]}, {"base_span": [733, 736], "annotations": [{"nertag": "O"}]}, {"base_span": [738, 747], "annotations": [{"nertag": "O"}]}, {"base_span": [747, 748], "annotations": [{"nertag": "O"}]}, {"base_span": [749, 750], "annotations": [{"nertag": "B-PER"}]}, {"base_span": [751, 759], "annotations": [{"nertag": "I-PER"}]}, {"base_span": [761, 767], "annotations": [{"nertag": "O"}]}, {"base_span": [768, 771], "annotations": [{"nertag": "O"}]}, {"base_span": [772, 786], "annotations": [{"nertag": "O"}]}, {"base_span": [787, 795], "annotations": [{"nertag": "O"}]}, {"base_span": [796, 798], "annotations": [{"nertag": "O"}]}, {"base_span": [799, 801], "annotations": [{"nertag": "O"}]}, {"base_span": [802, 807], "annotations": [{"nertag": "O"}]}, {"base_span": [808, 812], "annotations": [{"nertag": "B-PER"}]}, {"base_span": [813, 818], "annotations": [{"nertag": "I-PER"}]}, {"base_span": [819, 824], "annotations": [{"nertag": "O"}]}, {"base_span": [825, 832], "annotations": [{"nertag": "O"}]}, {"base_span": [833, 838], "annotations": [{"nertag": "O"}]}, {"base_span": [838, 839], "annotations": [{"nertag": "O"}]}, {"base_span": [841, 850], "annotations": [{"nertag": "O"}]}, {"base_span": [850, 851], "annotations": [{"nertag": "O"}]}, {"base_span": [852, 854], "annotations": [{"nertag": "B-PER"}]}, {"base_span": [855, 859], "annotations": [{"nertag": "I-PER"}]}, {"base_span": [860, 861], "annotations": [{"nertag": "O"}]}, {"base_span": [861, 863], "annotations": [{"nertag": "O"}]}, {"base_span": [863, 864], "annotations": [{"nertag": "O"}]}, {"base_span": [864, 871], "annotations": [{"nertag": "O"}]}, {"base_span": [871, 872], "annotations": [{"nertag": "O"}]}, {"base_span": [872, 874], "annotations": [{"nertag": "O"}]}, {"base_span": [874, 875], "annotations": [{"nertag": "O"}]}, {"base_span": [877, 879], "annotations": [{"nertag": "O"}]}, {"base_span": [880, 886], "annotations": [{"nertag": "O"}]}, {"base_span": [887, 889], "annotations": [{"nertag": "O"}]}, {"base_span": [890, 896], "annotations": [{"nertag": "O"}]}, {"base_span": [896, 897], "annotations": [{"nertag": "O"}]}, {"base_span": [898, 903], "annotations": [{"nertag": "O"}]}, {"base_span": [904, 909], "annotations": [{"nertag": "O"}]}, {"base_span": [910, 918], "annotations": [{"nertag": "O"}]}, {"base_span": [918, 919], "annotations": [{"nertag": "O"}]}]}]}