{"text": "\nHindrik Timusk kaebas, et Kusta Tenno teda kuude peale tööle kaubelnud a' 12 rbl. ja on tema 21 2/3 pääwa teinudning 85 Kop. raha saanud ning nõuab weel 11 rbl. 15 Kop. kätte saada sest et podrätshik teda ära aeanud; tunnistajad on Johan Rebane ja Jaan Kollom.\n\nKusta Tenno wastutas, et 12 rbl. kuu pealt kaubeldut kellest 18 pääwa tehtud ja 85 Kop. raha maksetud, aga et Timusk enne kuu lõppu ära läinud, ei maksa tema midagi.\n\nOtsus: Tunnistajad saawad 19. Augustil ülekuulatud ja pääwa raamat peab Kusta Tenno ette tooma.\n\n\n", "meta": {"origin_directory": "vallakohus_neljas/"}, "layers": [{"name": "gold_ner", "attributes": ["nertag"], "parent": null, "enveloping": null, "ambiguous": false, "serialisation_module": null, "meta": {}, "spans": [{"base_span": [1, 15], "annotations": [{"nertag": "PER"}]}, {"base_span": [27, 38], "annotations": [{"nertag": "PER"}]}, {"base_span": [233, 245], "annotations": [{"nertag": "PER"}]}, {"base_span": [249, 260], "annotations": [{"nertag": "PER"}]}, {"base_span": [263, 274], "annotations": [{"nertag": "PER"}]}, {"base_span": [373, 379], "annotations": [{"nertag": "PER"}]}, {"base_span": [502, 513], "annotations": [{"nertag": "PER"}]}]}, {"name": "gold_wordner", "attributes": ["nertag"], "parent": null, "enveloping": null, "ambiguous": false, "serialisation_module": null, "meta": {}, "spans": [{"base_span": [1, 8], "annotations": [{"nertag": "B-PER"}]}, {"base_span": [9, 15], "annotations": [{"nertag": "I-PER"}]}, {"base_span": [16, 22], "annotations": [{"nertag": "O"}]}, {"base_span": [22, 23], "annotations": [{"nertag": "O"}]}, {"base_span": [24, 26], "annotations": [{"nertag": "O"}]}, {"base_span": [27, 32], "annotations": [{"nertag": "B-PER"}]}, {"base_span": [33, 38], "annotations": [{"nertag": "I-PER"}]}, {"base_span": [39, 43], "annotations": [{"nertag": "O"}]}, {"base_span": [44, 49], "annotations": [{"nertag": "O"}]}, {"base_span": [50, 55], "annotations": [{"nertag": "O"}]}, {"base_span": [56, 61], "annotations": [{"nertag": "O"}]}, {"base_span": [62, 71], "annotations": [{"nertag": "O"}]}, {"base_span": [72, 73], "annotations": [{"nertag": "O"}]}, {"base_span": [73, 74], "annotations": [{"nertag": "O"}]}, {"base_span": [75, 77], "annotations": [{"nertag": "O"}]}, {"base_span": [78, 81], "annotations": [{"nertag": "O"}]}, {"base_span": [81, 82], "annotations": [{"nertag": "O"}]}, {"base_span": [83, 85], "annotations": [{"nertag": "O"}]}, {"base_span": [86, 88], "annotations": [{"nertag": "O"}]}, {"base_span": [89, 93], "annotations": [{"nertag": "O"}]}, {"base_span": [94, 96], "annotations": [{"nertag": "O"}]}, {"base_span": [97, 98], "annotations": [{"nertag": "O"}]}, {"base_span": [98, 99], "annotations": [{"nertag": "O"}]}, {"base_span": [99, 100], "annotations": [{"nertag": "O"}]}, {"base_span": [101, 106], "annotations": [{"nertag": "O"}]}, {"base_span": [107, 117], "annotations": [{"nertag": "O"}]}, {"base_span": [118, 120], "annotations": [{"nertag": "O"}]}, {"base_span": [121, 124], "annotations": [{"nertag": "O"}]}, {"base_span": [124, 125], "annotations": [{"nertag": "O"}]}, {"base_span": [126, 130], "annotations": [{"nertag": "O"}]}, {"base_span": [131, 137], "annotations": [{"nertag": "O"}]}, {"base_span": [138, 142], "annotations": [{"nertag": "O"}]}, {"base_span": [143, 148], "annotations": [{"nertag": "O"}]}, {"base_span": [149, 153], "annotations": [{"nertag": "O"}]}, {"base_span": [154, 156], "annotations": [{"nertag": "O"}]}, {"base_span": [157, 160], "annotations": [{"nertag": "O"}]}, {"base_span": [160, 161], "annotations": [{"nertag": "O"}]}, {"base_span": [162, 164], "annotations": [{"nertag": "O"}]}, {"base_span": [165, 168], "annotations": [{"nertag": "O"}]}, {"base_span": [168, 169], "annotations": [{"nertag": "O"}]}, {"base_span": [170, 175], "annotations": [{"nertag": "O"}]}, {"base_span": [176, 181], "annotations": [{"nertag": "O"}]}, {"base_span": [182, 186], "annotations": [{"nertag": "O"}]}, {"base_span": [187, 189], "annotations": [{"nertag": "O"}]}, {"base_span": [190, 200], "annotations": [{"nertag": "O"}]}, {"base_span": [201, 205], "annotations": [{"nertag": "O"}]}, {"base_span": [206, 209], "annotations": [{"nertag": "O"}]}, {"base_span": [210, 216], "annotations": [{"nertag": "O"}]}, {"base_span": [216, 217], "annotations": [{"nertag": "O"}]}, {"base_span": [218, 229], "annotations": [{"nertag": "O"}]}, {"base_span": [230, 232], "annotations": [{"nertag": "O"}]}, {"base_span": [233, 238], "annotations": [{"nertag": "B-PER"}]}, {"base_span": [239, 245], "annotations": [{"nertag": "I-PER"}]}, {"base_span": [246, 248], "annotations": [{"nertag": "O"}]}, {"base_span": [249, 253], "annotations": [{"nertag": "B-PER"}]}, {"base_span": [254, 260], "annotations": [{"nertag": "I-PER"}]}, {"base_span": [260, 261], "annotations": [{"nertag": "O"}]}, {"base_span": [263, 268], "annotations": [{"nertag": "B-PER"}]}, {"base_span": [269, 274], "annotations": [{"nertag": "I-PER"}]}, {"base_span": [275, 283], "annotations": [{"nertag": "O"}]}, {"base_span": [283, 284], "annotations": [{"nertag": "O"}]}, {"base_span": [285, 287], "annotations": [{"nertag": "O"}]}, {"base_span": [288, 290], "annotations": [{"nertag": "O"}]}, {"base_span": [291, 294], "annotations": [{"nertag": "O"}]}, {"base_span": [294, 295], "annotations": [{"nertag": "O"}]}, {"base_span": [296, 299], "annotations": [{"nertag": "O"}]}, {"base_span": [300, 305], "annotations": [{"nertag": "O"}]}, {"base_span": [306, 315], "annotations": [{"nertag": "O"}]}, {"base_span": [316, 323], "annotations": [{"nertag": "O"}]}, {"base_span": [324, 326], "annotations": [{"nertag": "O"}]}, {"base_span": [327, 332], "annotations": [{"nertag": "O"}]}, {"base_span": [333, 339], "annotations": [{"nertag": "O"}]}, {"base_span": [340, 342], "annotations": [{"nertag": "O"}]}, {"base_span": [343, 345], "annotations": [{"nertag": "O"}]}, {"base_span": [346, 349], "annotations": [{"nertag": "O"}]}, {"base_span": [349, 350], "annotations": [{"nertag": "O"}]}, {"base_span": [351, 355], "annotations": [{"nertag": "O"}]}, {"base_span": [356, 364], "annotations": [{"nertag": "O"}]}, {"base_span": [364, 365], "annotations": [{"nertag": "O"}]}, {"base_span": [366, 369], "annotations": [{"nertag": "O"}]}, {"base_span": [370, 372], "annotations": [{"nertag": "O"}]}, {"base_span": [373, 379], "annotations": [{"nertag": "B-PER"}]}, {"base_span": [380, 384], "annotations": [{"nertag": "O"}]}, {"base_span": [385, 388], "annotations": [{"nertag": "O"}]}, {"base_span": [389, 394], "annotations": [{"nertag": "O"}]}, {"base_span": [395, 398], "annotations": [{"nertag": "O"}]}, {"base_span": [399, 405], "annotations": [{"nertag": "O"}]}, {"base_span": [405, 406], "annotations": [{"nertag": "O"}]}, {"base_span": [407, 409], "annotations": [{"nertag": "O"}]}, {"base_span": [410, 415], "annotations": [{"nertag": "O"}]}, {"base_span": [416, 420], "annotations": [{"nertag": "O"}]}, {"base_span": [421, 427], "annotations": [{"nertag": "O"}]}, {"base_span": [427, 428], "annotations": [{"nertag": "O"}]}, {"base_span": [430, 435], "annotations": [{"nertag": "O"}]}, {"base_span": [435, 436], "annotations": [{"nertag": "O"}]}, {"base_span": [437, 448], "annotations": [{"nertag": "O"}]}, {"base_span": [449, 455], "annotations": [{"nertag": "O"}]}, {"base_span": [456, 459], "annotations": [{"nertag": "O"}]}, {"base_span": [460, 468], "annotations": [{"nertag": "O"}]}, {"base_span": [469, 480], "annotations": [{"nertag": "O"}]}, {"base_span": [481, 483], "annotations": [{"nertag": "O"}]}, {"base_span": [484, 489], "annotations": [{"nertag": "O"}]}, {"base_span": [490, 496], "annotations": [{"nertag": "O"}]}, {"base_span": [497, 501], "annotations": [{"nertag": "O"}]}, {"base_span": [502, 507], "annotations": [{"nertag": "B-PER"}]}, {"base_span": [508, 513], "annotations": [{"nertag": "I-PER"}]}, {"base_span": [514, 518], "annotations": [{"nertag": "O"}]}, {"base_span": [519, 524], "annotations": [{"nertag": "O"}]}, {"base_span": [524, 525], "annotations": [{"nertag": "O"}]}]}]}