{"text": "Tuli ette Mötsawaht Hendrik Must ja kaebas Johan Kurre ja Mihkel Mikson on teda ilma süüta peksnud, kui ka Mari Piiri ja Liis Petersoni akna kruudid sisse löönud, ning palub, et kohus neid selle eest trahwiks.\nJohan Kurre kaebtuse üle küsitud, ei salga mötsawahti peksnud olewat, selle et see teda söimanud, aga aknid ei ole tema mitte katzki löönud.\nMihkel Mikson kaebtuse üle küsitud, et salga Johan Kurrega ühes olnud olewat, aga aknad on Kurre sisse löönud, kui ka mötsawahti peksnud.\nMöistus: Johan Kurre ja Mihkel Mikson peawad kumbgi sisse löödud akkande eest 75 kop. ja mötsawahi peksmise eest 2 rubl. walla waeste laadiku trahwi maksma.\n\nOn ära maksnud 4 rubl. waeste laadiku\n\nPeter Kripson XXX Peter Torg XXX Jaan Moonson XXX\n\nMöistus sai kohtukäijatele T.S.R. pärra a. 1860 §772-774 kuulutud ja olid Kohtukäijad sellega rahul ning maksis Mihkel Mikson 2 rubl. 75 kop. ja Johan Kurre 2 rubl. 55 kop. ära.\n\n", "meta": {"origin_directory": "vallakohus_esimene/"}, "layers": [{"name": "gold_ner", "attributes": ["nertag"], "parent": null, "enveloping": null, "ambiguous": false, "serialisation_module": null, "meta": {}, "spans": [{"base_span": [20, 32], "annotations": [{"nertag": "PER"}]}, {"base_span": [43, 54], "annotations": [{"nertag": "PER"}]}, {"base_span": [58, 71], "annotations": [{"nertag": "PER"}]}, {"base_span": [107, 117], "annotations": [{"nertag": "PER"}]}, {"base_span": [121, 135], "annotations": [{"nertag": "PER"}]}, {"base_span": [210, 221], "annotations": [{"nertag": "PER"}]}, {"base_span": [351, 364], "annotations": [{"nertag": "PER"}]}, {"base_span": [396, 409], "annotations": [{"nertag": "PER"}]}, {"base_span": [442, 447], "annotations": [{"nertag": "PER"}]}, {"base_span": [498, 509], "annotations": [{"nertag": "PER"}]}, {"base_span": [513, 526], "annotations": [{"nertag": "PER"}]}, {"base_span": [686, 699], "annotations": [{"nertag": "PER"}]}, {"base_span": [704, 714], "annotations": [{"nertag": "PER"}]}, {"base_span": [719, 731], "annotations": [{"nertag": "PER"}]}, {"base_span": [764, 770], "annotations": [{"nertag": "MISC"}]}, {"base_span": [849, 862], "annotations": [{"nertag": "PER"}]}, {"base_span": [882, 893], "annotations": [{"nertag": "PER"}]}]}, {"name": "gold_wordner", "attributes": ["nertag"], "parent": null, "enveloping": null, "ambiguous": false, "serialisation_module": null, "meta": {}, "spans": [{"base_span": [0, 4], "annotations": [{"nertag": "O"}]}, {"base_span": [5, 9], "annotations": [{"nertag": "O"}]}, {"base_span": [10, 19], "annotations": [{"nertag": "O"}]}, {"base_span": [20, 27], "annotations": [{"nertag": "B-PER"}]}, {"base_span": [28, 32], "annotations": [{"nertag": "I-PER"}]}, {"base_span": [33, 35], "annotations": [{"nertag": "O"}]}, {"base_span": [36, 42], "annotations": [{"nertag": "O"}]}, {"base_span": [43, 48], "annotations": [{"nertag": "B-PER"}]}, {"base_span": [49, 54], "annotations": [{"nertag": "I-PER"}]}, {"base_span": [55, 57], "annotations": [{"nertag": "O"}]}, {"base_span": [58, 64], "annotations": [{"nertag": "B-PER"}]}, {"base_span": [65, 71], "annotations": [{"nertag": "I-PER"}]}, {"base_span": [72, 74], "annotations": [{"nertag": "O"}]}, {"base_span": [75, 79], "annotations": [{"nertag": "O"}]}, {"base_span": [80, 84], "annotations": [{"nertag": "O"}]}, {"base_span": [85, 90], "annotations": [{"nertag": "O"}]}, {"base_span": [91, 98], "annotations": [{"nertag": "O"}]}, {"base_span": [98, 99], "annotations": [{"nertag": "O"}]}, {"base_span": [100, 103], "annotations": [{"nertag": "O"}]}, {"base_span": [104, 106], "annotations": [{"nertag": "O"}]}, {"base_span": [107, 111], "annotations": [{"nertag": "B-PER"}]}, {"base_span": [112, 117], "annotations": [{"nertag": "I-PER"}]}, {"base_span": [118, 120], "annotations": [{"nertag": "O"}]}, {"base_span": [121, 125], "annotations": [{"nertag": "B-PER"}]}, {"base_span": [126, 135], "annotations": [{"nertag": "I-PER"}]}, {"base_span": [136, 140], "annotations": [{"nertag": "O"}]}, {"base_span": [141, 148], "annotations": [{"nertag": "O"}]}, {"base_span": [149, 154], "annotations": [{"nertag": "O"}]}, {"base_span": [155, 161], "annotations": [{"nertag": "O"}]}, {"base_span": [161, 162], "annotations": [{"nertag": "O"}]}, {"base_span": [163, 167], "annotations": [{"nertag": "O"}]}, {"base_span": [168, 173], "annotations": [{"nertag": "O"}]}, {"base_span": [173, 174], "annotations": [{"nertag": "O"}]}, {"base_span": [175, 177], "annotations": [{"nertag": "O"}]}, {"base_span": [178, 183], "annotations": [{"nertag": "O"}]}, {"base_span": [184, 188], "annotations": [{"nertag": "O"}]}, {"base_span": [189, 194], "annotations": [{"nertag": "O"}]}, {"base_span": [195, 199], "annotations": [{"nertag": "O"}]}, {"base_span": [200, 208], "annotations": [{"nertag": "O"}]}, {"base_span": [208, 209], "annotations": [{"nertag": "O"}]}, {"base_span": [210, 215], "annotations": [{"nertag": "B-PER"}]}, {"base_span": [216, 221], "annotations": [{"nertag": "I-PER"}]}, {"base_span": [222, 230], "annotations": [{"nertag": "O"}]}, {"base_span": [231, 234], "annotations": [{"nertag": "O"}]}, {"base_span": [235, 242], "annotations": [{"nertag": "O"}]}, {"base_span": [242, 243], "annotations": [{"nertag": "O"}]}, {"base_span": [244, 246], "annotations": [{"nertag": "O"}]}, {"base_span": [247, 252], "annotations": [{"nertag": "O"}]}, {"base_span": [253, 263], "annotations": [{"nertag": "O"}]}, {"base_span": [264, 271], "annotations": [{"nertag": "O"}]}, {"base_span": [272, 278], "annotations": [{"nertag": "O"}]}, {"base_span": [278, 279], "annotations": [{"nertag": "O"}]}, {"base_span": [280, 285], "annotations": [{"nertag": "O"}]}, {"base_span": [286, 288], "annotations": [{"nertag": "O"}]}, {"base_span": [289, 292], "annotations": [{"nertag": "O"}]}, {"base_span": [293, 297], "annotations": [{"nertag": "O"}]}, {"base_span": [298, 306], "annotations": [{"nertag": "O"}]}, {"base_span": [306, 307], "annotations": [{"nertag": "O"}]}, {"base_span": [308, 311], "annotations": [{"nertag": "O"}]}, {"base_span": [312, 317], "annotations": [{"nertag": "O"}]}, {"base_span": [318, 320], "annotations": [{"nertag": "O"}]}, {"base_span": [321, 324], "annotations": [{"nertag": "O"}]}, {"base_span": [325, 329], "annotations": [{"nertag": "O"}]}, {"base_span": [330, 335], "annotations": [{"nertag": "O"}]}, {"base_span": [336, 342], "annotations": [{"nertag": "O"}]}, {"base_span": [343, 349], "annotations": [{"nertag": "O"}]}, {"base_span": [349, 350], "annotations": [{"nertag": "O"}]}, {"base_span": [351, 357], "annotations": [{"nertag": "B-PER"}]}, {"base_span": [358, 364], "annotations": [{"nertag": "I-PER"}]}, {"base_span": [365, 373], "annotations": [{"nertag": "O"}]}, {"base_span": [374, 377], "annotations": [{"nertag": "O"}]}, {"base_span": [378, 385], "annotations": [{"nertag": "O"}]}, {"base_span": [385, 386], "annotations": [{"nertag": "O"}]}, {"base_span": [387, 389], "annotations": [{"nertag": "O"}]}, {"base_span": [390, 395], "annotations": [{"nertag": "O"}]}, {"base_span": [396, 401], "annotations": [{"nertag": "B-PER"}]}, {"base_span": [402, 409], "annotations": [{"nertag": "I-PER"}]}, {"base_span": [410, 414], "annotations": [{"nertag": "O"}]}, {"base_span": [415, 420], "annotations": [{"nertag": "O"}]}, {"base_span": [421, 427], "annotations": [{"nertag": "O"}]}, {"base_span": [427, 428], "annotations": [{"nertag": "O"}]}, {"base_span": [429, 432], "annotations": [{"nertag": "O"}]}, {"base_span": [433, 438], "annotations": [{"nertag": "O"}]}, {"base_span": [439, 441], "annotations": [{"nertag": "O"}]}, {"base_span": [442, 447], "annotations": [{"nertag": "B-PER"}]}, {"base_span": [448, 453], "annotations": [{"nertag": "O"}]}, {"base_span": [454, 460], "annotations": [{"nertag": "O"}]}, {"base_span": [460, 461], "annotations": [{"nertag": "O"}]}, {"base_span": [462, 465], "annotations": [{"nertag": "O"}]}, {"base_span": [466, 468], "annotations": [{"nertag": "O"}]}, {"base_span": [469, 479], "annotations": [{"nertag": "O"}]}, {"base_span": [480, 487], "annotations": [{"nertag": "O"}]}, {"base_span": [487, 488], "annotations": [{"nertag": "O"}]}, {"base_span": [489, 496], "annotations": [{"nertag": "O"}]}, {"base_span": [496, 497], "annotations": [{"nertag": "O"}]}, {"base_span": [498, 503], "annotations": [{"nertag": "B-PER"}]}, {"base_span": [504, 509], "annotations": [{"nertag": "I-PER"}]}, {"base_span": [510, 512], "annotations": [{"nertag": "O"}]}, {"base_span": [513, 519], "annotations": [{"nertag": "B-PER"}]}, {"base_span": [520, 526], "annotations": [{"nertag": "I-PER"}]}, {"base_span": [527, 533], "annotations": [{"nertag": "O"}]}, {"base_span": [534, 540], "annotations": [{"nertag": "O"}]}, {"base_span": [541, 546], "annotations": [{"nertag": "O"}]}, {"base_span": [547, 553], "annotations": [{"nertag": "O"}]}, {"base_span": [554, 561], "annotations": [{"nertag": "O"}]}, {"base_span": [562, 566], "annotations": [{"nertag": "O"}]}, {"base_span": [567, 569], "annotations": [{"nertag": "O"}]}, {"base_span": [570, 573], "annotations": [{"nertag": "O"}]}, {"base_span": [573, 574], "annotations": [{"nertag": "O"}]}, {"base_span": [575, 577], "annotations": [{"nertag": "O"}]}, {"base_span": [578, 587], "annotations": [{"nertag": "O"}]}, {"base_span": [588, 596], "annotations": [{"nertag": "O"}]}, {"base_span": [597, 601], "annotations": [{"nertag": "O"}]}, {"base_span": [602, 603], "annotations": [{"nertag": "O"}]}, {"base_span": [604, 608], "annotations": [{"nertag": "O"}]}, {"base_span": [608, 609], "annotations": [{"nertag": "O"}]}, {"base_span": [610, 615], "annotations": [{"nertag": "O"}]}, {"base_span": [616, 622], "annotations": [{"nertag": "O"}]}, {"base_span": [623, 630], "annotations": [{"nertag": "O"}]}, {"base_span": [631, 637], "annotations": [{"nertag": "O"}]}, {"base_span": [638, 644], "annotations": [{"nertag": "O"}]}, {"base_span": [644, 645], "annotations": [{"nertag": "O"}]}, {"base_span": [647, 649], "annotations": [{"nertag": "O"}]}, {"base_span": [650, 653], "annotations": [{"nertag": "O"}]}, {"base_span": [654, 661], "annotations": [{"nertag": "O"}]}, {"base_span": [662, 663], "annotations": [{"nertag": "O"}]}, {"base_span": [664, 668], "annotations": [{"nertag": "O"}]}, {"base_span": [668, 669], "annotations": [{"nertag": "O"}]}, {"base_span": [670, 676], "annotations": [{"nertag": "O"}]}, {"base_span": [677, 684], "annotations": [{"nertag": "O"}]}, {"base_span": [686, 691], "annotations": [{"nertag": "B-PER"}]}, {"base_span": [692, 699], "annotations": [{"nertag": "I-PER"}]}, {"base_span": [700, 703], "annotations": [{"nertag": "O"}]}, {"base_span": [704, 709], "annotations": [{"nertag": "B-PER"}]}, {"base_span": [710, 714], "annotations": [{"nertag": "I-PER"}]}, {"base_span": [715, 718], "annotations": [{"nertag": "O"}]}, {"base_span": [719, 723], "annotations": [{"nertag": "B-PER"}]}, {"base_span": [724, 731], "annotations": [{"nertag": "I-PER"}]}, {"base_span": [732, 735], "annotations": [{"nertag": "O"}]}, {"base_span": [737, 744], "annotations": [{"nertag": "O"}]}, {"base_span": [745, 748], "annotations": [{"nertag": "O"}]}, {"base_span": [749, 763], "annotations": [{"nertag": "O"}]}, {"base_span": [764, 765], "annotations": [{"nertag": "B-MISC"}]}, {"base_span": [765, 766], "annotations": [{"nertag": "I-MISC"}]}, {"base_span": [766, 767], "annotations": [{"nertag": "I-MISC"}]}, {"base_span": [767, 768], "annotations": [{"nertag": "I-MISC"}]}, {"base_span": [768, 769], "annotations": [{"nertag": "I-MISC"}]}, {"base_span": [769, 770], "annotations": [{"nertag": "I-MISC"}]}, {"base_span": [771, 776], "annotations": [{"nertag": "O"}]}, {"base_span": [777, 778], "annotations": [{"nertag": "O"}]}, {"base_span": [778, 779], "annotations": [{"nertag": "O"}]}, {"base_span": [780, 784], "annotations": [{"nertag": "O"}]}, {"base_span": [785, 786], "annotations": [{"nertag": "O"}]}, {"base_span": [786, 789], "annotations": [{"nertag": "O"}]}, {"base_span": [789, 790], "annotations": [{"nertag": "O"}]}, {"base_span": [790, 793], "annotations": [{"nertag": "O"}]}, {"base_span": [794, 802], "annotations": [{"nertag": "O"}]}, {"base_span": [803, 805], "annotations": [{"nertag": "O"}]}, {"base_span": [806, 810], "annotations": [{"nertag": "O"}]}, {"base_span": [811, 822], "annotations": [{"nertag": "O"}]}, {"base_span": [823, 830], "annotations": [{"nertag": "O"}]}, {"base_span": [831, 836], "annotations": [{"nertag": "O"}]}, {"base_span": [837, 841], "annotations": [{"nertag": "O"}]}, {"base_span": [842, 848], "annotations": [{"nertag": "O"}]}, {"base_span": [849, 855], "annotations": [{"nertag": "B-PER"}]}, {"base_span": [856, 862], "annotations": [{"nertag": "I-PER"}]}, {"base_span": [863, 864], "annotations": [{"nertag": "O"}]}, {"base_span": [865, 869], "annotations": [{"nertag": "O"}]}, {"base_span": [869, 870], "annotations": [{"nertag": "O"}]}, {"base_span": [871, 873], "annotations": [{"nertag": "O"}]}, {"base_span": [874, 877], "annotations": [{"nertag": "O"}]}, {"base_span": [877, 878], "annotations": [{"nertag": "O"}]}, {"base_span": [879, 881], "annotations": [{"nertag": "O"}]}, {"base_span": [882, 887], "annotations": [{"nertag": "B-PER"}]}, {"base_span": [888, 893], "annotations": [{"nertag": "I-PER"}]}, {"base_span": [894, 895], "annotations": [{"nertag": "O"}]}, {"base_span": [896, 900], "annotations": [{"nertag": "O"}]}, {"base_span": [900, 901], "annotations": [{"nertag": "O"}]}, {"base_span": [902, 904], "annotations": [{"nertag": "O"}]}, {"base_span": [905, 908], "annotations": [{"nertag": "O"}]}, {"base_span": [908, 909], "annotations": [{"nertag": "O"}]}, {"base_span": [910, 913], "annotations": [{"nertag": "O"}]}, {"base_span": [913, 914], "annotations": [{"nertag": "O"}]}]}]}