{"text": "\n1897 a. Aprilli kuu 3p. sai XVIII Ahja Walla Kohtu poolt kirjalik lepping \"Rendi kontraht\" kolmes eksemplaris kinnitatud. Selle leppingus, mis Sikkuti talu omanikud talupojad Hendrik ja Peeter Sikkut talupoja Johan Ado poeg Silguga on maha teinud, lubawad esimesed wiimasele Sikkuti talu maa pääl üks elukorter ja 20 wakkamaad maad pruukida kolm aastat Jüripäewast 1897 a. kuni Jüripäewani 1900 ja maksab wiimane selle eest esimestet iga aasta kolmkümmend (:30:) rbl. renti.\n\nEesistuja: J Willipson &lt;allkiri&gt;\n\nKirjutaja: Puusepp &lt;allkiri&gt;\n\n\n", "meta": {"origin_directory": "vallakohus_kolmas/"}, "layers": [{"name": "gold_ner", "attributes": ["nertag"], "parent": null, "enveloping": null, "ambiguous": false, "serialisation_module": null, "meta": {}, "spans": [{"base_span": [29, 51], "annotations": [{"nertag": "ORG"}]}, {"base_span": [67, 91], "annotations": [{"nertag": "MISC"}]}, {"base_span": [144, 156], "annotations": [{"nertag": "LOC_ORG"}]}, {"base_span": [176, 183], "annotations": [{"nertag": "PER"}]}, {"base_span": [187, 200], "annotations": [{"nertag": "PER"}]}, {"base_span": [210, 232], "annotations": [{"nertag": "PER"}]}, {"base_span": [276, 288], "annotations": [{"nertag": "LOC_ORG"}]}, {"base_span": [488, 499], "annotations": [{"nertag": "PER"}]}, {"base_span": [528, 535], "annotations": [{"nertag": "PER"}]}]}, {"name": "gold_wordner", "attributes": ["nertag"], "parent": null, "enveloping": null, "ambiguous": false, "serialisation_module": null, "meta": {}, "spans": [{"base_span": [1, 5], "annotations": [{"nertag": "O"}]}, {"base_span": [6, 7], "annotations": [{"nertag": "O"}]}, {"base_span": [7, 8], "annotations": [{"nertag": "O"}]}, {"base_span": [9, 16], "annotations": [{"nertag": "O"}]}, {"base_span": [17, 20], "annotations": [{"nertag": "O"}]}, {"base_span": [21, 23], "annotations": [{"nertag": "O"}]}, {"base_span": [23, 24], "annotations": [{"nertag": "O"}]}, {"base_span": [25, 28], "annotations": [{"nertag": "O"}]}, {"base_span": [29, 32], "annotations": [{"nertag": "B-ORG"}]}, {"base_span": [32, 34], "annotations": [{"nertag": "I-ORG"}]}, {"base_span": [35, 39], "annotations": [{"nertag": "I-ORG"}]}, {"base_span": [40, 45], "annotations": [{"nertag": "I-ORG"}]}, {"base_span": [46, 51], "annotations": [{"nertag": "I-ORG"}]}, {"base_span": [52, 57], "annotations": [{"nertag": "O"}]}, {"base_span": [58, 66], "annotations": [{"nertag": "O"}]}, {"base_span": [67, 74], "annotations": [{"nertag": "B-MISC"}]}, {"base_span": [75, 76], "annotations": [{"nertag": "I-MISC"}]}, {"base_span": [76, 81], "annotations": [{"nertag": "I-MISC"}]}, {"base_span": [82, 90], "annotations": [{"nertag": "I-MISC"}]}, {"base_span": [90, 91], "annotations": [{"nertag": "I-MISC"}]}, {"base_span": [92, 98], "annotations": [{"nertag": "O"}]}, {"base_span": [99, 110], "annotations": [{"nertag": "O"}]}, {"base_span": [111, 121], "annotations": [{"nertag": "O"}]}, {"base_span": [121, 122], "annotations": [{"nertag": "O"}]}, {"base_span": [123, 128], "annotations": [{"nertag": "O"}]}, {"base_span": [129, 138], "annotations": [{"nertag": "O"}]}, {"base_span": [138, 139], "annotations": [{"nertag": "O"}]}, {"base_span": [140, 143], "annotations": [{"nertag": "O"}]}, {"base_span": [144, 151], "annotations": [{"nertag": "B-LOC_ORG"}]}, {"base_span": [152, 156], "annotations": [{"nertag": "I-LOC_ORG"}]}, {"base_span": [157, 165], "annotations": [{"nertag": "O"}]}, {"base_span": [166, 175], "annotations": [{"nertag": "O"}]}, {"base_span": [176, 183], "annotations": [{"nertag": "B-PER"}]}, {"base_span": [184, 186], "annotations": [{"nertag": "O"}]}, {"base_span": [187, 193], "annotations": [{"nertag": "B-PER"}]}, {"base_span": [194, 200], "annotations": [{"nertag": "I-PER"}]}, {"base_span": [201, 209], "annotations": [{"nertag": "O"}]}, {"base_span": [210, 215], "annotations": [{"nertag": "B-PER"}]}, {"base_span": [216, 219], "annotations": [{"nertag": "I-PER"}]}, {"base_span": [220, 224], "annotations": [{"nertag": "I-PER"}]}, {"base_span": [225, 232], "annotations": [{"nertag": "I-PER"}]}, {"base_span": [233, 235], "annotations": [{"nertag": "O"}]}, {"base_span": [236, 240], "annotations": [{"nertag": "O"}]}, {"base_span": [241, 247], "annotations": [{"nertag": "O"}]}, {"base_span": [247, 248], "annotations": [{"nertag": "O"}]}, {"base_span": [249, 256], "annotations": [{"nertag": "O"}]}, {"base_span": [257, 265], "annotations": [{"nertag": "O"}]}, {"base_span": [266, 275], "annotations": [{"nertag": "O"}]}, {"base_span": [276, 283], "annotations": [{"nertag": "B-LOC_ORG"}]}, {"base_span": [284, 288], "annotations": [{"nertag": "I-LOC_ORG"}]}, {"base_span": [289, 292], "annotations": [{"nertag": "O"}]}, {"base_span": [293, 297], "annotations": [{"nertag": "O"}]}, {"base_span": [298, 301], "annotations": [{"nertag": "O"}]}, {"base_span": [302, 311], "annotations": [{"nertag": "O"}]}, {"base_span": [312, 314], "annotations": [{"nertag": "O"}]}, {"base_span": [315, 317], "annotations": [{"nertag": "O"}]}, {"base_span": [318, 327], "annotations": [{"nertag": "O"}]}, {"base_span": [328, 332], "annotations": [{"nertag": "O"}]}, {"base_span": [333, 341], "annotations": [{"nertag": "O"}]}, {"base_span": [342, 346], "annotations": [{"nertag": "O"}]}, {"base_span": [347, 353], "annotations": [{"nertag": "O"}]}, {"base_span": [354, 365], "annotations": [{"nertag": "O"}]}, {"base_span": [366, 370], "annotations": [{"nertag": "O"}]}, {"base_span": [371, 372], "annotations": [{"nertag": "O"}]}, {"base_span": [372, 373], "annotations": [{"nertag": "O"}]}, {"base_span": [374, 378], "annotations": [{"nertag": "O"}]}, {"base_span": [379, 390], "annotations": [{"nertag": "O"}]}, {"base_span": [391, 395], "annotations": [{"nertag": "O"}]}, {"base_span": [396, 398], "annotations": [{"nertag": "O"}]}, {"base_span": [399, 405], "annotations": [{"nertag": "O"}]}, {"base_span": [406, 413], "annotations": [{"nertag": "O"}]}, {"base_span": [414, 419], "annotations": [{"nertag": "O"}]}, {"base_span": [420, 424], "annotations": [{"nertag": "O"}]}, {"base_span": [425, 434], "annotations": [{"nertag": "O"}]}, {"base_span": [435, 438], "annotations": [{"nertag": "O"}]}, {"base_span": [439, 444], "annotations": [{"nertag": "O"}]}, {"base_span": [445, 456], "annotations": [{"nertag": "O"}]}, {"base_span": [457, 458], "annotations": [{"nertag": "O"}]}, {"base_span": [458, 459], "annotations": [{"nertag": "O"}]}, {"base_span": [459, 461], "annotations": [{"nertag": "O"}]}, {"base_span": [461, 463], "annotations": [{"nertag": "O"}]}, {"base_span": [464, 467], "annotations": [{"nertag": "O"}]}, {"base_span": [467, 468], "annotations": [{"nertag": "O"}]}, {"base_span": [469, 474], "annotations": [{"nertag": "O"}]}, {"base_span": [474, 475], "annotations": [{"nertag": "O"}]}, {"base_span": [477, 486], "annotations": [{"nertag": "O"}]}, {"base_span": [486, 487], "annotations": [{"nertag": "O"}]}, {"base_span": [488, 489], "annotations": [{"nertag": "B-PER"}]}, {"base_span": [490, 499], "annotations": [{"nertag": "I-PER"}]}, {"base_span": [500, 501], "annotations": [{"nertag": "O"}]}, {"base_span": [501, 503], "annotations": [{"nertag": "O"}]}, {"base_span": [503, 504], "annotations": [{"nertag": "O"}]}, {"base_span": [504, 511], "annotations": [{"nertag": "O"}]}, {"base_span": [511, 512], "annotations": [{"nertag": "O"}]}, {"base_span": [512, 514], "annotations": [{"nertag": "O"}]}, {"base_span": [514, 515], "annotations": [{"nertag": "O"}]}, {"base_span": [517, 526], "annotations": [{"nertag": "O"}]}, {"base_span": [526, 527], "annotations": [{"nertag": "O"}]}, {"base_span": [528, 535], "annotations": [{"nertag": "B-PER"}]}, {"base_span": [536, 537], "annotations": [{"nertag": "O"}]}, {"base_span": [537, 539], "annotations": [{"nertag": "O"}]}, {"base_span": [539, 540], "annotations": [{"nertag": "O"}]}, {"base_span": [540, 547], "annotations": [{"nertag": "O"}]}, {"base_span": [547, 548], "annotations": [{"nertag": "O"}]}, {"base_span": [548, 550], "annotations": [{"nertag": "O"}]}, {"base_span": [550, 551], "annotations": [{"nertag": "O"}]}]}]}