{"text": "Astus ette Mihkel Wälli ja kaebas et temma Aastal 1861. omma Lelle Maddis Wälja ärra müidud warrandusse rahha mis ühhe hobbuse ja ühhe Lehma eest olnud sadud 25 Rubla, Mõisa tonud ja piddanud se rahha nende waeste laste heaks walla laeka saama, selle peale ütlenud agga Maggasi kirjutaja et Maddis Wäljal weel paljo Maggasi wõlga, ja sanud siis se rahha Maggasi wõlla ette. nüid agga se Maggasi wõlg ikka ühhe suurune wõllas seisab, ning ei olle se rahha ka waeste laste heaks laeka sanud. ja pallub temma Koggokonnakohhut sedda sja jarrele kuulata, et kuhhu se rahha sanud. sest et temma sekord se rahha 25 Rubla kohtu laua peale pannud. ja olnud sekord kohtu laua juures kohtumees Tomas Raja, Wöölmönder Andres Reisenpuk, ja Maggasi kirjutaja Josep Sõbber ning nahnud sedda pealt Mihkel Sildnik.\nMihkel Sildnik tunnistas et temma nähnud kui Mihkel Wälli 25 Rubla Mõisa laua peale pannud, mispeale temma agga toast wälja tulnud, ja ei tea temma kas se rahha on wasto woetud wai Mihkel Waljale taggasi antud\nTomas Raja räkis et temma sest asjast keige wähhemad ei tea egga kui ei mällesta.\nAndres Reisenpuk räkis nenda sammutid. et temma sest asjast keige wähhemad ei tea ja ei woi temma nenda kaua aja peale sedda mällestada.\njäeb teise kohtupääwa peale.\n\n", "meta": {"origin_directory": "vallakohus_esimene/"}, "layers": [{"name": "gold_ner", "attributes": ["nertag"], "parent": null, "enveloping": null, "ambiguous": false, "serialisation_module": null, "meta": {}, "spans": [{"base_span": [11, 23], "annotations": [{"nertag": "PER"}]}, {"base_span": [67, 79], "annotations": [{"nertag": "PER"}]}, {"base_span": [291, 304], "annotations": [{"nertag": "PER"}]}, {"base_span": [683, 693], "annotations": [{"nertag": "PER"}]}, {"base_span": [706, 722], "annotations": [{"nertag": "PER"}]}, {"base_span": [745, 757], "annotations": [{"nertag": "PER"}]}, {"base_span": [782, 796], "annotations": [{"nertag": "PER"}]}, {"base_span": [798, 812], "annotations": [{"nertag": "PER"}]}, {"base_span": [843, 855], "annotations": [{"nertag": "PER"}]}, {"base_span": [979, 993], "annotations": [{"nertag": "PER"}]}, {"base_span": [1008, 1018], "annotations": [{"nertag": "PER"}]}, {"base_span": [1090, 1106], "annotations": [{"nertag": "PER"}]}]}, {"name": "gold_wordner", "attributes": ["nertag"], "parent": null, "enveloping": null, "ambiguous": false, "serialisation_module": null, "meta": {}, "spans": [{"base_span": [0, 5], "annotations": [{"nertag": "O"}]}, {"base_span": [6, 10], "annotations": [{"nertag": "O"}]}, {"base_span": [11, 17], "annotations": [{"nertag": "B-PER"}]}, {"base_span": [18, 23], "annotations": [{"nertag": "I-PER"}]}, {"base_span": [24, 26], "annotations": [{"nertag": "O"}]}, {"base_span": [27, 33], "annotations": [{"nertag": "O"}]}, {"base_span": [34, 36], "annotations": [{"nertag": "O"}]}, {"base_span": [37, 42], "annotations": [{"nertag": "O"}]}, {"base_span": [43, 49], "annotations": [{"nertag": "O"}]}, {"base_span": [50, 55], "annotations": [{"nertag": "O"}]}, {"base_span": [56, 60], "annotations": [{"nertag": "O"}]}, {"base_span": [61, 66], "annotations": [{"nertag": "O"}]}, {"base_span": [67, 73], "annotations": [{"nertag": "B-PER"}]}, {"base_span": [74, 79], "annotations": [{"nertag": "I-PER"}]}, {"base_span": [80, 84], "annotations": [{"nertag": "O"}]}, {"base_span": [85, 91], "annotations": [{"nertag": "O"}]}, {"base_span": [92, 103], "annotations": [{"nertag": "O"}]}, {"base_span": [104, 109], "annotations": [{"nertag": "O"}]}, {"base_span": [110, 113], "annotations": [{"nertag": "O"}]}, {"base_span": [114, 118], "annotations": [{"nertag": "O"}]}, {"base_span": [119, 126], "annotations": [{"nertag": "O"}]}, {"base_span": [127, 129], "annotations": [{"nertag": "O"}]}, {"base_span": [130, 134], "annotations": [{"nertag": "O"}]}, {"base_span": [135, 140], "annotations": [{"nertag": "O"}]}, {"base_span": [141, 145], "annotations": [{"nertag": "O"}]}, {"base_span": [146, 151], "annotations": [{"nertag": "O"}]}, {"base_span": [152, 157], "annotations": [{"nertag": "O"}]}, {"base_span": [158, 160], "annotations": [{"nertag": "O"}]}, {"base_span": [161, 166], "annotations": [{"nertag": "O"}]}, {"base_span": [166, 167], "annotations": [{"nertag": "O"}]}, {"base_span": [168, 173], "annotations": [{"nertag": "O"}]}, {"base_span": [174, 179], "annotations": [{"nertag": "O"}]}, {"base_span": [180, 182], "annotations": [{"nertag": "O"}]}, {"base_span": [183, 191], "annotations": [{"nertag": "O"}]}, {"base_span": [192, 194], "annotations": [{"nertag": "O"}]}, {"base_span": [195, 200], "annotations": [{"nertag": "O"}]}, {"base_span": [201, 206], "annotations": [{"nertag": "O"}]}, {"base_span": [207, 213], "annotations": [{"nertag": "O"}]}, {"base_span": [214, 219], "annotations": [{"nertag": "O"}]}, {"base_span": [220, 225], "annotations": [{"nertag": "O"}]}, {"base_span": [226, 231], "annotations": [{"nertag": "O"}]}, {"base_span": [232, 237], "annotations": [{"nertag": "O"}]}, {"base_span": [238, 243], "annotations": [{"nertag": "O"}]}, {"base_span": [243, 244], "annotations": [{"nertag": "O"}]}, {"base_span": [245, 250], "annotations": [{"nertag": "O"}]}, {"base_span": [251, 256], "annotations": [{"nertag": "O"}]}, {"base_span": [257, 264], "annotations": [{"nertag": "O"}]}, {"base_span": [265, 269], "annotations": [{"nertag": "O"}]}, {"base_span": [270, 277], "annotations": [{"nertag": "O"}]}, {"base_span": [278, 287], "annotations": [{"nertag": "O"}]}, {"base_span": [288, 290], "annotations": [{"nertag": "O"}]}, {"base_span": [291, 297], "annotations": [{"nertag": "B-PER"}]}, {"base_span": [298, 304], "annotations": [{"nertag": "I-PER"}]}, {"base_span": [305, 309], "annotations": [{"nertag": "O"}]}, {"base_span": [310, 315], "annotations": [{"nertag": "O"}]}, {"base_span": [316, 323], "annotations": [{"nertag": "O"}]}, {"base_span": [324, 329], "annotations": [{"nertag": "O"}]}, {"base_span": [329, 330], "annotations": [{"nertag": "O"}]}, {"base_span": [331, 333], "annotations": [{"nertag": "O"}]}, {"base_span": [334, 339], "annotations": [{"nertag": "O"}]}, {"base_span": [340, 344], "annotations": [{"nertag": "O"}]}, {"base_span": [345, 347], "annotations": [{"nertag": "O"}]}, {"base_span": [348, 353], "annotations": [{"nertag": "O"}]}, {"base_span": [354, 361], "annotations": [{"nertag": "O"}]}, {"base_span": [362, 367], "annotations": [{"nertag": "O"}]}, {"base_span": [368, 372], "annotations": [{"nertag": "O"}]}, {"base_span": [372, 373], "annotations": [{"nertag": "O"}]}, {"base_span": [374, 378], "annotations": [{"nertag": "O"}]}, {"base_span": [379, 383], "annotations": [{"nertag": "O"}]}, {"base_span": [384, 386], "annotations": [{"nertag": "O"}]}, {"base_span": [387, 394], "annotations": [{"nertag": "O"}]}, {"base_span": [395, 399], "annotations": [{"nertag": "O"}]}, {"base_span": [400, 404], "annotations": [{"nertag": "O"}]}, {"base_span": [405, 409], "annotations": [{"nertag": "O"}]}, {"base_span": [410, 417], "annotations": [{"nertag": "O"}]}, {"base_span": [418, 424], "annotations": [{"nertag": "O"}]}, {"base_span": [425, 431], "annotations": [{"nertag": "O"}]}, {"base_span": [431, 432], "annotations": [{"nertag": "O"}]}, {"base_span": [433, 437], "annotations": [{"nertag": "O"}]}, {"base_span": [438, 440], "annotations": [{"nertag": "O"}]}, {"base_span": [441, 445], "annotations": [{"nertag": "O"}]}, {"base_span": [446, 448], "annotations": [{"nertag": "O"}]}, {"base_span": [449, 454], "annotations": [{"nertag": "O"}]}, {"base_span": [455, 457], "annotations": [{"nertag": "O"}]}, {"base_span": [458, 464], "annotations": [{"nertag": "O"}]}, {"base_span": [465, 470], "annotations": [{"nertag": "O"}]}, {"base_span": [471, 476], "annotations": [{"nertag": "O"}]}, {"base_span": [477, 482], "annotations": [{"nertag": "O"}]}, {"base_span": [483, 488], "annotations": [{"nertag": "O"}]}, {"base_span": [488, 489], "annotations": [{"nertag": "O"}]}, {"base_span": [490, 492], "annotations": [{"nertag": "O"}]}, {"base_span": [493, 499], "annotations": [{"nertag": "O"}]}, {"base_span": [500, 505], "annotations": [{"nertag": "O"}]}, {"base_span": [506, 522], "annotations": [{"nertag": "O"}]}, {"base_span": [523, 528], "annotations": [{"nertag": "O"}]}, {"base_span": [529, 532], "annotations": [{"nertag": "O"}]}, {"base_span": [533, 540], "annotations": [{"nertag": "O"}]}, {"base_span": [541, 548], "annotations": [{"nertag": "O"}]}, {"base_span": [548, 549], "annotations": [{"nertag": "O"}]}, {"base_span": [550, 552], "annotations": [{"nertag": "O"}]}, {"base_span": [553, 558], "annotations": [{"nertag": "O"}]}, {"base_span": [559, 561], "annotations": [{"nertag": "O"}]}, {"base_span": [562, 567], "annotations": [{"nertag": "O"}]}, {"base_span": [568, 573], "annotations": [{"nertag": "O"}]}, {"base_span": [573, 574], "annotations": [{"nertag": "O"}]}, {"base_span": [575, 579], "annotations": [{"nertag": "O"}]}, {"base_span": [580, 582], "annotations": [{"nertag": "O"}]}, {"base_span": [583, 588], "annotations": [{"nertag": "O"}]}, {"base_span": [589, 595], "annotations": [{"nertag": "O"}]}, {"base_span": [596, 598], "annotations": [{"nertag": "O"}]}, {"base_span": [599, 604], "annotations": [{"nertag": "O"}]}, {"base_span": [605, 607], "annotations": [{"nertag": "O"}]}, {"base_span": [608, 613], "annotations": [{"nertag": "O"}]}, {"base_span": [614, 619], "annotations": [{"nertag": "O"}]}, {"base_span": [620, 624], "annotations": [{"nertag": "O"}]}, {"base_span": [625, 630], "annotations": [{"nertag": "O"}]}, {"base_span": [631, 637], "annotations": [{"nertag": "O"}]}, {"base_span": [637, 638], "annotations": [{"nertag": "O"}]}, {"base_span": [639, 641], "annotations": [{"nertag": "O"}]}, {"base_span": [642, 647], "annotations": [{"nertag": "O"}]}, {"base_span": [648, 654], "annotations": [{"nertag": "O"}]}, {"base_span": [655, 660], "annotations": [{"nertag": "O"}]}, {"base_span": [661, 665], "annotations": [{"nertag": "O"}]}, {"base_span": [666, 672], "annotations": [{"nertag": "O"}]}, {"base_span": [673, 682], "annotations": [{"nertag": "O"}]}, {"base_span": [683, 688], "annotations": [{"nertag": "B-PER"}]}, {"base_span": [689, 693], "annotations": [{"nertag": "I-PER"}]}, {"base_span": [693, 694], "annotations": [{"nertag": "O"}]}, {"base_span": [695, 705], "annotations": [{"nertag": "O"}]}, {"base_span": [706, 712], "annotations": [{"nertag": "B-PER"}]}, {"base_span": [713, 722], "annotations": [{"nertag": "I-PER"}]}, {"base_span": [722, 723], "annotations": [{"nertag": "O"}]}, {"base_span": [724, 726], "annotations": [{"nertag": "O"}]}, {"base_span": [727, 734], "annotations": [{"nertag": "O"}]}, {"base_span": [735, 744], "annotations": [{"nertag": "O"}]}, {"base_span": [745, 750], "annotations": [{"nertag": "B-PER"}]}, {"base_span": [751, 757], "annotations": [{"nertag": "I-PER"}]}, {"base_span": [758, 762], "annotations": [{"nertag": "O"}]}, {"base_span": [763, 769], "annotations": [{"nertag": "O"}]}, {"base_span": [770, 775], "annotations": [{"nertag": "O"}]}, {"base_span": [776, 781], "annotations": [{"nertag": "O"}]}, {"base_span": [782, 788], "annotations": [{"nertag": "B-PER"}]}, {"base_span": [789, 796], "annotations": [{"nertag": "I-PER"}]}, {"base_span": [796, 797], "annotations": [{"nertag": "O"}]}, {"base_span": [798, 804], "annotations": [{"nertag": "B-PER"}]}, {"base_span": [805, 812], "annotations": [{"nertag": "I-PER"}]}, {"base_span": [813, 822], "annotations": [{"nertag": "O"}]}, {"base_span": [823, 825], "annotations": [{"nertag": "O"}]}, {"base_span": [826, 831], "annotations": [{"nertag": "O"}]}, {"base_span": [832, 838], "annotations": [{"nertag": "O"}]}, {"base_span": [839, 842], "annotations": [{"nertag": "O"}]}, {"base_span": [843, 849], "annotations": [{"nertag": "B-PER"}]}, {"base_span": [850, 855], "annotations": [{"nertag": "I-PER"}]}, {"base_span": [856, 858], "annotations": [{"nertag": "O"}]}, {"base_span": [859, 864], "annotations": [{"nertag": "O"}]}, {"base_span": [865, 870], "annotations": [{"nertag": "O"}]}, {"base_span": [871, 875], "annotations": [{"nertag": "O"}]}, {"base_span": [876, 881], "annotations": [{"nertag": "O"}]}, {"base_span": [882, 888], "annotations": [{"nertag": "O"}]}, {"base_span": [888, 889], "annotations": [{"nertag": "O"}]}, {"base_span": [890, 898], "annotations": [{"nertag": "O"}]}, {"base_span": [899, 904], "annotations": [{"nertag": "O"}]}, {"base_span": [905, 909], "annotations": [{"nertag": "O"}]}, {"base_span": [910, 915], "annotations": [{"nertag": "O"}]}, {"base_span": [916, 921], "annotations": [{"nertag": "O"}]}, {"base_span": [922, 928], "annotations": [{"nertag": "O"}]}, {"base_span": [928, 929], "annotations": [{"nertag": "O"}]}, {"base_span": [930, 932], "annotations": [{"nertag": "O"}]}, {"base_span": [933, 935], "annotations": [{"nertag": "O"}]}, {"base_span": [936, 939], "annotations": [{"nertag": "O"}]}, {"base_span": [940, 945], "annotations": [{"nertag": "O"}]}, {"base_span": [946, 949], "annotations": [{"nertag": "O"}]}, {"base_span": [950, 952], "annotations": [{"nertag": "O"}]}, {"base_span": [953, 958], "annotations": [{"nertag": "O"}]}, {"base_span": [959, 961], "annotations": [{"nertag": "O"}]}, {"base_span": [962, 967], "annotations": [{"nertag": "O"}]}, {"base_span": [968, 974], "annotations": [{"nertag": "O"}]}, {"base_span": [975, 978], "annotations": [{"nertag": "O"}]}, {"base_span": [979, 985], "annotations": [{"nertag": "B-PER"}]}, {"base_span": [986, 993], "annotations": [{"nertag": "I-PER"}]}, {"base_span": [994, 1001], "annotations": [{"nertag": "O"}]}, {"base_span": [1002, 1007], "annotations": [{"nertag": "O"}]}, {"base_span": [1008, 1013], "annotations": [{"nertag": "B-PER"}]}, {"base_span": [1014, 1018], "annotations": [{"nertag": "I-PER"}]}, {"base_span": [1019, 1024], "annotations": [{"nertag": "O"}]}, {"base_span": [1025, 1027], "annotations": [{"nertag": "O"}]}, {"base_span": [1028, 1033], "annotations": [{"nertag": "O"}]}, {"base_span": [1034, 1038], "annotations": [{"nertag": "O"}]}, {"base_span": [1039, 1045], "annotations": [{"nertag": "O"}]}, {"base_span": [1046, 1051], "annotations": [{"nertag": "O"}]}, {"base_span": [1052, 1060], "annotations": [{"nertag": "O"}]}, {"base_span": [1061, 1063], "annotations": [{"nertag": "O"}]}, {"base_span": [1064, 1067], "annotations": [{"nertag": "O"}]}, {"base_span": [1068, 1072], "annotations": [{"nertag": "O"}]}, {"base_span": [1073, 1076], "annotations": [{"nertag": "O"}]}, {"base_span": [1077, 1079], "annotations": [{"nertag": "O"}]}, {"base_span": [1080, 1088], "annotations": [{"nertag": "O"}]}, {"base_span": [1088, 1089], "annotations": [{"nertag": "O"}]}, {"base_span": [1090, 1096], "annotations": [{"nertag": "B-PER"}]}, {"base_span": [1097, 1106], "annotations": [{"nertag": "I-PER"}]}, {"base_span": [1107, 1112], "annotations": [{"nertag": "O"}]}, {"base_span": [1113, 1118], "annotations": [{"nertag": "O"}]}, {"base_span": [1119, 1127], "annotations": [{"nertag": "O"}]}, {"base_span": [1127, 1128], "annotations": [{"nertag": "O"}]}, {"base_span": [1129, 1131], "annotations": [{"nertag": "O"}]}, {"base_span": [1132, 1137], "annotations": [{"nertag": "O"}]}, {"base_span": [1138, 1142], "annotations": [{"nertag": "O"}]}, {"base_span": [1143, 1149], "annotations": [{"nertag": "O"}]}, {"base_span": [1150, 1155], "annotations": [{"nertag": "O"}]}, {"base_span": [1156, 1164], "annotations": [{"nertag": "O"}]}, {"base_span": [1165, 1167], "annotations": [{"nertag": "O"}]}, {"base_span": [1168, 1171], "annotations": [{"nertag": "O"}]}, {"base_span": [1172, 1174], "annotations": [{"nertag": "O"}]}, {"base_span": [1175, 1177], "annotations": [{"nertag": "O"}]}, {"base_span": [1178, 1181], "annotations": [{"nertag": "O"}]}, {"base_span": [1182, 1187], "annotations": [{"nertag": "O"}]}, {"base_span": [1188, 1193], "annotations": [{"nertag": "O"}]}, {"base_span": [1194, 1198], "annotations": [{"nertag": "O"}]}, {"base_span": [1199, 1202], "annotations": [{"nertag": "O"}]}, {"base_span": [1203, 1208], "annotations": [{"nertag": "O"}]}, {"base_span": [1209, 1214], "annotations": [{"nertag": "O"}]}, {"base_span": [1215, 1225], "annotations": [{"nertag": "O"}]}, {"base_span": [1225, 1226], "annotations": [{"nertag": "O"}]}, {"base_span": [1227, 1231], "annotations": [{"nertag": "O"}]}, {"base_span": [1232, 1237], "annotations": [{"nertag": "O"}]}, {"base_span": [1238, 1248], "annotations": [{"nertag": "O"}]}, {"base_span": [1249, 1254], "annotations": [{"nertag": "O"}]}, {"base_span": [1254, 1255], "annotations": [{"nertag": "O"}]}]}]}