{"text": "\nJuhan Tiideberg kaebas, et Pahva meeste kari ja nimelt Mihkel Järlow, Jüri Järlow, Juhan Kurvits ja Peeter Ivani elajad ja lambad on tema heinamaa ära söönud ja sötkunud, pärast heina tegu alajaid olnud umbes 10 tükki ja lambid 47-50 tükki, heinamaale tehtud kahju olla 40rbl. suur, mida vallavöörmünder Jaan Ausing ülevaadanud: Nõudis oma kahju täh. meeste käest. Ka on sääl elav Mari Aller teda ähvardanud ja üttelnud küll temale, Tiidebergile, selle eest kõrd tasutud saab, olgu aeg pikk ehk lühike, mida Mai Ivan ja Mari Jäelow ka kuulnuvad.\n\nMihkel Järlow ja Jüri JärlowAakre mõisa piirist vastasid, et nad ei ole oma karja mitte Juhan Tiidebergi heinamaa pääle karjastel lasta käskinud, ga on siis küll sinna pääle juhtunud, kus nendel kari kinnivõetud saanud.\n\nMari Aller A.m.p. meesterahva juures olles vastas, et ta ei ole Juhan Tiidebergi mitte ähvardanud, on paljalt üttelnud, mina olen 15 aastat Pahval elanud, aga seda ei ole ta mitte teadnud, et karjal ära keelatud olnud Juhan Tiidebergi heinamaa pääle minemast ja Juhan Tiidebergi jutt on vale; Pahva kari olnud siis küll Tiidebergi heinamaa pääl.\n\nVallavöörmünder Jaan Ausing tunnistas, et ta on seda heinamaad üle vaadanud ja leidnud, et on küll söödetud ja sökutud olnud, iseäranis kahju tekitamist ei ole ta mitte teinud, Juhan Tiideberg nõudnud siis iga elaja ja lamba päält läbisegi 50kop.\n\nOtsus:\n\nPuuduvad inimesed ette kutsuda.\n\n\n", "meta": {"origin_directory": "vallakohus_neljas/"}, "layers": [{"name": "gold_ner", "attributes": ["nertag"], "parent": null, "enveloping": null, "ambiguous": false, "serialisation_module": null, "meta": {}, "spans": [{"base_span": [1, 16], "annotations": [{"nertag": "PER"}]}, {"base_span": [28, 33], "annotations": [{"nertag": "LOC"}]}, {"base_span": [56, 69], "annotations": [{"nertag": "PER"}]}, {"base_span": [71, 82], "annotations": [{"nertag": "PER"}]}, {"base_span": [84, 97], "annotations": [{"nertag": "PER"}]}, {"base_span": [101, 113], "annotations": [{"nertag": "PER"}]}, {"base_span": [305, 316], "annotations": [{"nertag": "PER"}]}, {"base_span": [382, 392], "annotations": [{"nertag": "PER"}]}, {"base_span": [434, 446], "annotations": [{"nertag": "PER"}]}, {"base_span": [509, 517], "annotations": [{"nertag": "PER"}]}, {"base_span": [521, 532], "annotations": [{"nertag": "PER"}]}, {"base_span": [548, 561], "annotations": [{"nertag": "PER"}]}, {"base_span": [565, 576], "annotations": [{"nertag": "PER"}]}, {"base_span": [576, 587], "annotations": [{"nertag": "LOC_ORG"}]}, {"base_span": [636, 652], "annotations": [{"nertag": "PER"}]}, {"base_span": [769, 779], "annotations": [{"nertag": "PER"}]}, {"base_span": [780, 784], "annotations": [{"nertag": "LOC_ORG"}]}, {"base_span": [833, 849], "annotations": [{"nertag": "PER"}]}, {"base_span": [909, 915], "annotations": [{"nertag": "LOC"}]}, {"base_span": [987, 1003], "annotations": [{"nertag": "PER"}]}, {"base_span": [1031, 1047], "annotations": [{"nertag": "PER"}]}, {"base_span": [1062, 1067], "annotations": [{"nertag": "LOC"}]}, {"base_span": [1089, 1099], "annotations": [{"nertag": "PER"}]}, {"base_span": [1132, 1143], "annotations": [{"nertag": "PER"}]}, {"base_span": [1293, 1308], "annotations": [{"nertag": "PER"}]}]}, {"name": "gold_wordner", "attributes": ["nertag"], "parent": null, "enveloping": null, "ambiguous": false, "serialisation_module": null, "meta": {}, "spans": [{"base_span": [1, 6], "annotations": [{"nertag": "B-PER"}]}, {"base_span": [7, 16], "annotations": [{"nertag": "I-PER"}]}, {"base_span": [17, 23], "annotations": [{"nertag": "O"}]}, {"base_span": [23, 24], "annotations": [{"nertag": "O"}]}, {"base_span": [25, 27], "annotations": [{"nertag": "O"}]}, {"base_span": [28, 33], "annotations": [{"nertag": "B-LOC"}]}, {"base_span": [34, 40], "annotations": [{"nertag": "O"}]}, {"base_span": [41, 45], "annotations": [{"nertag": "O"}]}, {"base_span": [46, 48], "annotations": [{"nertag": "O"}]}, {"base_span": [49, 55], "annotations": [{"nertag": "O"}]}, {"base_span": [56, 62], "annotations": [{"nertag": "B-PER"}]}, {"base_span": [63, 69], "annotations": [{"nertag": "I-PER"}]}, {"base_span": [69, 70], "annotations": [{"nertag": "O"}]}, {"base_span": [71, 75], "annotations": [{"nertag": "B-PER"}]}, {"base_span": [76, 82], "annotations": [{"nertag": "I-PER"}]}, {"base_span": [82, 83], "annotations": [{"nertag": "O"}]}, {"base_span": [84, 89], "annotations": [{"nertag": "B-PER"}]}, {"base_span": [90, 97], "annotations": [{"nertag": "I-PER"}]}, {"base_span": [98, 100], "annotations": [{"nertag": "O"}]}, {"base_span": [101, 107], "annotations": [{"nertag": "B-PER"}]}, {"base_span": [108, 113], "annotations": [{"nertag": "I-PER"}]}, {"base_span": [114, 120], "annotations": [{"nertag": "O"}]}, {"base_span": [121, 123], "annotations": [{"nertag": "O"}]}, {"base_span": [124, 130], "annotations": [{"nertag": "O"}]}, {"base_span": [131, 133], "annotations": [{"nertag": "O"}]}, {"base_span": [134, 138], "annotations": [{"nertag": "O"}]}, {"base_span": [139, 147], "annotations": [{"nertag": "O"}]}, {"base_span": [148, 151], "annotations": [{"nertag": "O"}]}, {"base_span": [152, 158], "annotations": [{"nertag": "O"}]}, {"base_span": [159, 161], "annotations": [{"nertag": "O"}]}, {"base_span": [162, 170], "annotations": [{"nertag": "O"}]}, {"base_span": [170, 171], "annotations": [{"nertag": "O"}]}, {"base_span": [172, 178], "annotations": [{"nertag": "O"}]}, {"base_span": [179, 184], "annotations": [{"nertag": "O"}]}, {"base_span": [185, 189], "annotations": [{"nertag": "O"}]}, {"base_span": [190, 197], "annotations": [{"nertag": "O"}]}, {"base_span": [198, 203], "annotations": [{"nertag": "O"}]}, {"base_span": [204, 209], "annotations": [{"nertag": "O"}]}, {"base_span": [210, 212], "annotations": [{"nertag": "O"}]}, {"base_span": [213, 218], "annotations": [{"nertag": "O"}]}, {"base_span": [219, 221], "annotations": [{"nertag": "O"}]}, {"base_span": [222, 228], "annotations": [{"nertag": "O"}]}, {"base_span": [229, 231], "annotations": [{"nertag": "O"}]}, {"base_span": [231, 232], "annotations": [{"nertag": "O"}]}, {"base_span": [232, 234], "annotations": [{"nertag": "O"}]}, {"base_span": [235, 240], "annotations": [{"nertag": "O"}]}, {"base_span": [240, 241], "annotations": [{"nertag": "O"}]}, {"base_span": [242, 252], "annotations": [{"nertag": "O"}]}, {"base_span": [253, 259], "annotations": [{"nertag": "O"}]}, {"base_span": [260, 265], "annotations": [{"nertag": "O"}]}, {"base_span": [266, 270], "annotations": [{"nertag": "O"}]}, {"base_span": [271, 276], "annotations": [{"nertag": "O"}]}, {"base_span": [276, 277], "annotations": [{"nertag": "O"}]}, {"base_span": [278, 282], "annotations": [{"nertag": "O"}]}, {"base_span": [282, 283], "annotations": [{"nertag": "O"}]}, {"base_span": [284, 288], "annotations": [{"nertag": "O"}]}, {"base_span": [289, 304], "annotations": [{"nertag": "O"}]}, {"base_span": [305, 309], "annotations": [{"nertag": "B-PER"}]}, {"base_span": [310, 316], "annotations": [{"nertag": "I-PER"}]}, {"base_span": [317, 328], "annotations": [{"nertag": "O"}]}, {"base_span": [328, 329], "annotations": [{"nertag": "O"}]}, {"base_span": [330, 336], "annotations": [{"nertag": "O"}]}, {"base_span": [337, 340], "annotations": [{"nertag": "O"}]}, {"base_span": [341, 346], "annotations": [{"nertag": "O"}]}, {"base_span": [347, 350], "annotations": [{"nertag": "O"}]}, {"base_span": [350, 351], "annotations": [{"nertag": "O"}]}, {"base_span": [352, 358], "annotations": [{"nertag": "O"}]}, {"base_span": [359, 364], "annotations": [{"nertag": "O"}]}, {"base_span": [364, 365], "annotations": [{"nertag": "O"}]}, {"base_span": [366, 368], "annotations": [{"nertag": "O"}]}, {"base_span": [369, 371], "annotations": [{"nertag": "O"}]}, {"base_span": [372, 376], "annotations": [{"nertag": "O"}]}, {"base_span": [377, 381], "annotations": [{"nertag": "O"}]}, {"base_span": [382, 386], "annotations": [{"nertag": "B-PER"}]}, {"base_span": [387, 392], "annotations": [{"nertag": "I-PER"}]}, {"base_span": [393, 397], "annotations": [{"nertag": "O"}]}, {"base_span": [398, 408], "annotations": [{"nertag": "O"}]}, {"base_span": [409, 411], "annotations": [{"nertag": "O"}]}, {"base_span": [412, 420], "annotations": [{"nertag": "O"}]}, {"base_span": [421, 425], "annotations": [{"nertag": "O"}]}, {"base_span": [426, 432], "annotations": [{"nertag": "O"}]}, {"base_span": [432, 433], "annotations": [{"nertag": "O"}]}, {"base_span": [434, 446], "annotations": [{"nertag": "B-PER"}]}, {"base_span": [446, 447], "annotations": [{"nertag": "O"}]}, {"base_span": [448, 453], "annotations": [{"nertag": "O"}]}, {"base_span": [454, 458], "annotations": [{"nertag": "O"}]}, {"base_span": [459, 463], "annotations": [{"nertag": "O"}]}, {"base_span": [464, 471], "annotations": [{"nertag": "O"}]}, {"base_span": [472, 476], "annotations": [{"nertag": "O"}]}, {"base_span": [476, 477], "annotations": [{"nertag": "O"}]}, {"base_span": [478, 482], "annotations": [{"nertag": "O"}]}, {"base_span": [483, 486], "annotations": [{"nertag": "O"}]}, {"base_span": [487, 491], "annotations": [{"nertag": "O"}]}, {"base_span": [492, 495], "annotations": [{"nertag": "O"}]}, {"base_span": [496, 502], "annotations": [{"nertag": "O"}]}, {"base_span": [502, 503], "annotations": [{"nertag": "O"}]}, {"base_span": [504, 508], "annotations": [{"nertag": "O"}]}, {"base_span": [509, 512], "annotations": [{"nertag": "B-PER"}]}, {"base_span": [513, 517], "annotations": [{"nertag": "I-PER"}]}, {"base_span": [518, 520], "annotations": [{"nertag": "O"}]}, {"base_span": [521, 525], "annotations": [{"nertag": "B-PER"}]}, {"base_span": [526, 532], "annotations": [{"nertag": "I-PER"}]}, {"base_span": [533, 535], "annotations": [{"nertag": "O"}]}, {"base_span": [536, 545], "annotations": [{"nertag": "O"}]}, {"base_span": [545, 546], "annotations": [{"nertag": "O"}]}, {"base_span": [548, 554], "annotations": [{"nertag": "B-PER"}]}, {"base_span": [555, 561], "annotations": [{"nertag": "I-PER"}]}, {"base_span": [562, 564], "annotations": [{"nertag": "O"}]}, {"base_span": [565, 569], "annotations": [{"nertag": "B-PER"}]}, {"base_span": [570, 576], "annotations": [{"nertag": "I-PER"}]}, {"base_span": [576, 581], "annotations": [{"nertag": "B-LOC_ORG"}]}, {"base_span": [582, 587], "annotations": [{"nertag": "I-LOC_ORG"}]}, {"base_span": [588, 595], "annotations": [{"nertag": "O"}]}, {"base_span": [596, 604], "annotations": [{"nertag": "O"}]}, {"base_span": [604, 605], "annotations": [{"nertag": "O"}]}, {"base_span": [606, 608], "annotations": [{"nertag": "O"}]}, {"base_span": [609, 612], "annotations": [{"nertag": "O"}]}, {"base_span": [613, 615], "annotations": [{"nertag": "O"}]}, {"base_span": [616, 619], "annotations": [{"nertag": "O"}]}, {"base_span": [620, 623], "annotations": [{"nertag": "O"}]}, {"base_span": [624, 629], "annotations": [{"nertag": "O"}]}, {"base_span": [630, 635], "annotations": [{"nertag": "O"}]}, {"base_span": [636, 641], "annotations": [{"nertag": "B-PER"}]}, {"base_span": [642, 652], "annotations": [{"nertag": "I-PER"}]}, {"base_span": [653, 661], "annotations": [{"nertag": "O"}]}, {"base_span": [662, 667], "annotations": [{"nertag": "O"}]}, {"base_span": [668, 677], "annotations": [{"nertag": "O"}]}, {"base_span": [678, 683], "annotations": [{"nertag": "O"}]}, {"base_span": [684, 692], "annotations": [{"nertag": "O"}]}, {"base_span": [692, 693], "annotations": [{"nertag": "O"}]}, {"base_span": [694, 696], "annotations": [{"nertag": "O"}]}, {"base_span": [697, 699], "annotations": [{"nertag": "O"}]}, {"base_span": [700, 704], "annotations": [{"nertag": "O"}]}, {"base_span": [705, 709], "annotations": [{"nertag": "O"}]}, {"base_span": [710, 715], "annotations": [{"nertag": "O"}]}, {"base_span": [716, 721], "annotations": [{"nertag": "O"}]}, {"base_span": [722, 730], "annotations": [{"nertag": "O"}]}, {"base_span": [730, 731], "annotations": [{"nertag": "O"}]}, {"base_span": [732, 735], "annotations": [{"nertag": "O"}]}, {"base_span": [736, 742], "annotations": [{"nertag": "O"}]}, {"base_span": [743, 747], "annotations": [{"nertag": "O"}]}, {"base_span": [748, 759], "annotations": [{"nertag": "O"}]}, {"base_span": [760, 766], "annotations": [{"nertag": "O"}]}, {"base_span": [766, 767], "annotations": [{"nertag": "O"}]}, {"base_span": [769, 773], "annotations": [{"nertag": "B-PER"}]}, {"base_span": [774, 779], "annotations": [{"nertag": "I-PER"}]}, {"base_span": [780, 781], "annotations": [{"nertag": "B-LOC_ORG"}]}, {"base_span": [781, 782], "annotations": [{"nertag": "I-LOC_ORG"}]}, {"base_span": [782, 783], "annotations": [{"nertag": "I-LOC_ORG"}]}, {"base_span": [783, 784], "annotations": [{"nertag": "I-LOC_ORG"}]}, {"base_span": [784, 785], "annotations": [{"nertag": "O"}]}, {"base_span": [785, 786], "annotations": [{"nertag": "O"}]}, {"base_span": [787, 798], "annotations": [{"nertag": "O"}]}, {"base_span": [799, 805], "annotations": [{"nertag": "O"}]}, {"base_span": [806, 811], "annotations": [{"nertag": "O"}]}, {"base_span": [812, 818], "annotations": [{"nertag": "O"}]}, {"base_span": [818, 819], "annotations": [{"nertag": "O"}]}, {"base_span": [820, 822], "annotations": [{"nertag": "O"}]}, {"base_span": [823, 825], "annotations": [{"nertag": "O"}]}, {"base_span": [826, 828], "annotations": [{"nertag": "O"}]}, {"base_span": [829, 832], "annotations": [{"nertag": "O"}]}, {"base_span": [833, 838], "annotations": [{"nertag": "B-PER"}]}, {"base_span": [839, 849], "annotations": [{"nertag": "I-PER"}]}, {"base_span": [850, 855], "annotations": [{"nertag": "O"}]}, {"base_span": [856, 866], "annotations": [{"nertag": "O"}]}, {"base_span": [866, 867], "annotations": [{"nertag": "O"}]}, {"base_span": [868, 870], "annotations": [{"nertag": "O"}]}, {"base_span": [871, 878], "annotations": [{"nertag": "O"}]}, {"base_span": [879, 887], "annotations": [{"nertag": "O"}]}, {"base_span": [887, 888], "annotations": [{"nertag": "O"}]}, {"base_span": [889, 893], "annotations": [{"nertag": "O"}]}, {"base_span": [894, 898], "annotations": [{"nertag": "O"}]}, {"base_span": [899, 901], "annotations": [{"nertag": "O"}]}, {"base_span": [902, 908], "annotations": [{"nertag": "O"}]}, {"base_span": [909, 915], "annotations": [{"nertag": "B-LOC"}]}, {"base_span": [916, 922], "annotations": [{"nertag": "O"}]}, {"base_span": [922, 923], "annotations": [{"nertag": "O"}]}, {"base_span": [924, 927], "annotations": [{"nertag": "O"}]}, {"base_span": [928, 932], "annotations": [{"nertag": "O"}]}, {"base_span": [933, 935], "annotations": [{"nertag": "O"}]}, {"base_span": [936, 939], "annotations": [{"nertag": "O"}]}, {"base_span": [940, 942], "annotations": [{"nertag": "O"}]}, {"base_span": [943, 948], "annotations": [{"nertag": "O"}]}, {"base_span": [949, 956], "annotations": [{"nertag": "O"}]}, {"base_span": [956, 957], "annotations": [{"nertag": "O"}]}, {"base_span": [958, 960], "annotations": [{"nertag": "O"}]}, {"base_span": [961, 967], "annotations": [{"nertag": "O"}]}, {"base_span": [968, 971], "annotations": [{"nertag": "O"}]}, {"base_span": [972, 980], "annotations": [{"nertag": "O"}]}, {"base_span": [981, 986], "annotations": [{"nertag": "O"}]}, {"base_span": [987, 992], "annotations": [{"nertag": "B-PER"}]}, {"base_span": [993, 1003], "annotations": [{"nertag": "I-PER"}]}, {"base_span": [1004, 1012], "annotations": [{"nertag": "O"}]}, {"base_span": [1013, 1018], "annotations": [{"nertag": "O"}]}, {"base_span": [1019, 1027], "annotations": [{"nertag": "O"}]}, {"base_span": [1028, 1030], "annotations": [{"nertag": "O"}]}, {"base_span": [1031, 1036], "annotations": [{"nertag": "B-PER"}]}, {"base_span": [1037, 1047], "annotations": [{"nertag": "I-PER"}]}, {"base_span": [1048, 1052], "annotations": [{"nertag": "O"}]}, {"base_span": [1053, 1055], "annotations": [{"nertag": "O"}]}, {"base_span": [1056, 1060], "annotations": [{"nertag": "O"}]}, {"base_span": [1060, 1061], "annotations": [{"nertag": "O"}]}, {"base_span": [1062, 1067], "annotations": [{"nertag": "B-LOC"}]}, {"base_span": [1068, 1072], "annotations": [{"nertag": "O"}]}, {"base_span": [1073, 1078], "annotations": [{"nertag": "O"}]}, {"base_span": [1079, 1083], "annotations": [{"nertag": "O"}]}, {"base_span": [1084, 1088], "annotations": [{"nertag": "O"}]}, {"base_span": [1089, 1099], "annotations": [{"nertag": "B-PER"}]}, {"base_span": [1100, 1108], "annotations": [{"nertag": "O"}]}, {"base_span": [1109, 1113], "annotations": [{"nertag": "O"}]}, {"base_span": [1113, 1114], "annotations": [{"nertag": "O"}]}, {"base_span": [1116, 1131], "annotations": [{"nertag": "O"}]}, {"base_span": [1132, 1136], "annotations": [{"nertag": "B-PER"}]}, {"base_span": [1137, 1143], "annotations": [{"nertag": "I-PER"}]}, {"base_span": [1144, 1153], "annotations": [{"nertag": "O"}]}, {"base_span": [1153, 1154], "annotations": [{"nertag": "O"}]}, {"base_span": [1155, 1157], "annotations": [{"nertag": "O"}]}, {"base_span": [1158, 1160], "annotations": [{"nertag": "O"}]}, {"base_span": [1161, 1163], "annotations": [{"nertag": "O"}]}, {"base_span": [1164, 1168], "annotations": [{"nertag": "O"}]}, {"base_span": [1169, 1178], "annotations": [{"nertag": "O"}]}, {"base_span": [1179, 1182], "annotations": [{"nertag": "O"}]}, {"base_span": [1183, 1191], "annotations": [{"nertag": "O"}]}, {"base_span": [1192, 1194], "annotations": [{"nertag": "O"}]}, {"base_span": [1195, 1202], "annotations": [{"nertag": "O"}]}, {"base_span": [1202, 1203], "annotations": [{"nertag": "O"}]}, {"base_span": [1204, 1206], "annotations": [{"nertag": "O"}]}, {"base_span": [1207, 1209], "annotations": [{"nertag": "O"}]}, {"base_span": [1210, 1214], "annotations": [{"nertag": "O"}]}, {"base_span": [1215, 1223], "annotations": [{"nertag": "O"}]}, {"base_span": [1224, 1226], "annotations": [{"nertag": "O"}]}, {"base_span": [1227, 1234], "annotations": [{"nertag": "O"}]}, {"base_span": [1235, 1240], "annotations": [{"nertag": "O"}]}, {"base_span": [1240, 1241], "annotations": [{"nertag": "O"}]}, {"base_span": [1242, 1251], "annotations": [{"nertag": "O"}]}, {"base_span": [1252, 1257], "annotations": [{"nertag": "O"}]}, {"base_span": [1258, 1268], "annotations": [{"nertag": "O"}]}, {"base_span": [1269, 1271], "annotations": [{"nertag": "O"}]}, {"base_span": [1272, 1275], "annotations": [{"nertag": "O"}]}, {"base_span": [1276, 1278], "annotations": [{"nertag": "O"}]}, {"base_span": [1279, 1284], "annotations": [{"nertag": "O"}]}, {"base_span": [1285, 1291], "annotations": [{"nertag": "O"}]}, {"base_span": [1291, 1292], "annotations": [{"nertag": "O"}]}, {"base_span": [1293, 1298], "annotations": [{"nertag": "B-PER"}]}, {"base_span": [1299, 1308], "annotations": [{"nertag": "I-PER"}]}, {"base_span": [1309, 1316], "annotations": [{"nertag": "O"}]}, {"base_span": [1317, 1321], "annotations": [{"nertag": "O"}]}, {"base_span": [1322, 1325], "annotations": [{"nertag": "O"}]}, {"base_span": [1326, 1331], "annotations": [{"nertag": "O"}]}, {"base_span": [1332, 1334], "annotations": [{"nertag": "O"}]}, {"base_span": [1335, 1340], "annotations": [{"nertag": "O"}]}, {"base_span": [1341, 1346], "annotations": [{"nertag": "O"}]}, {"base_span": [1347, 1355], "annotations": [{"nertag": "O"}]}, {"base_span": [1356, 1361], "annotations": [{"nertag": "O"}]}, {"base_span": [1361, 1362], "annotations": [{"nertag": "O"}]}, {"base_span": [1364, 1369], "annotations": [{"nertag": "O"}]}, {"base_span": [1369, 1370], "annotations": [{"nertag": "O"}]}, {"base_span": [1372, 1380], "annotations": [{"nertag": "O"}]}, {"base_span": [1381, 1389], "annotations": [{"nertag": "O"}]}, {"base_span": [1390, 1394], "annotations": [{"nertag": "O"}]}, {"base_span": [1395, 1402], "annotations": [{"nertag": "O"}]}, {"base_span": [1402, 1403], "annotations": [{"nertag": "O"}]}]}]}