{"text": "\nProtokolli põhjusel 11 Märtsist s.a. No 45 Kusta Tikk kaebtuses Joosep Tiislari wastu uuri warguse pärast tunnistas Jüri Saks, et tema küll näinud, kui Joosep Tiislar läbi tare läinud, kus Kusta Tikk maganud; aga sell körral ei ole tema seda uuri mitte warastada wõinud.\n\nMari Puusep tunnistas, et Joosep Tiislar olewat sealt kambrist läbi tulnud, kus Kusta Tikk maganud; ja maganud tema juures tares kuni hommikuni; aga uuri wargusest tema midagi ei tea.\n\nMõiste: Et tunnistust ei ole uuri warguse pärast, siis ei wõi Kusta Tikk midagi nõuda, aga öösise ümber hulkumise pärast wõeras majas peab Joosep Tiisler 6 rbl. ja tüdruk Mari Puusep auusa eluwiiside wasta eksimise pärast 6 rbl. walla waeste laadikusse trahwi maksma. Jüri Saks saab kolme rublaga trahwitud, et tema mitte Joosep Tiislari keelanud ei ole öösi maja rahu rikkumast.\n\nMõiste sai kohtukäijatele kuulutud ja ei olnud kohtukäijad sellega rahul.\n\n\n", "meta": {"origin_directory": "vallakohus_neljas/"}, "layers": [{"name": "gold_ner", "attributes": ["nertag"], "parent": null, "enveloping": null, "ambiguous": false, "serialisation_module": null, "meta": {}, "spans": [{"base_span": [44, 54], "annotations": [{"nertag": "PER"}]}, {"base_span": [65, 80], "annotations": [{"nertag": "PER"}]}, {"base_span": [117, 126], "annotations": [{"nertag": "PER"}]}, {"base_span": [153, 167], "annotations": [{"nertag": "PER"}]}, {"base_span": [190, 200], "annotations": [{"nertag": "PER"}]}, {"base_span": [273, 284], "annotations": [{"nertag": "PER"}]}, {"base_span": [299, 313], "annotations": [{"nertag": "PER"}]}, {"base_span": [353, 363], "annotations": [{"nertag": "PER"}]}, {"base_span": [520, 530], "annotations": [{"nertag": "PER"}]}, {"base_span": [597, 611], "annotations": [{"nertag": "PER"}]}, {"base_span": [629, 640], "annotations": [{"nertag": "PER"}]}, {"base_span": [726, 735], "annotations": [{"nertag": "PER"}]}, {"base_span": [780, 795], "annotations": [{"nertag": "PER"}]}]}, {"name": "gold_wordner", "attributes": ["nertag"], "parent": null, "enveloping": null, "ambiguous": false, "serialisation_module": null, "meta": {}, "spans": [{"base_span": [1, 11], "annotations": [{"nertag": "O"}]}, {"base_span": [12, 20], "annotations": [{"nertag": "O"}]}, {"base_span": [21, 23], "annotations": [{"nertag": "O"}]}, {"base_span": [24, 32], "annotations": [{"nertag": "O"}]}, {"base_span": [33, 34], "annotations": [{"nertag": "O"}]}, {"base_span": [34, 35], "annotations": [{"nertag": "O"}]}, {"base_span": [35, 36], "annotations": [{"nertag": "O"}]}, {"base_span": [36, 37], "annotations": [{"nertag": "O"}]}, {"base_span": [38, 40], "annotations": [{"nertag": "O"}]}, {"base_span": [41, 43], "annotations": [{"nertag": "O"}]}, {"base_span": [44, 49], "annotations": [{"nertag": "B-PER"}]}, {"base_span": [50, 54], "annotations": [{"nertag": "I-PER"}]}, {"base_span": [55, 64], "annotations": [{"nertag": "O"}]}, {"base_span": [65, 71], "annotations": [{"nertag": "B-PER"}]}, {"base_span": [72, 80], "annotations": [{"nertag": "I-PER"}]}, {"base_span": [81, 86], "annotations": [{"nertag": "O"}]}, {"base_span": [87, 91], "annotations": [{"nertag": "O"}]}, {"base_span": [92, 99], "annotations": [{"nertag": "O"}]}, {"base_span": [100, 106], "annotations": [{"nertag": "O"}]}, {"base_span": [107, 116], "annotations": [{"nertag": "O"}]}, {"base_span": [117, 121], "annotations": [{"nertag": "B-PER"}]}, {"base_span": [122, 126], "annotations": [{"nertag": "I-PER"}]}, {"base_span": [126, 127], "annotations": [{"nertag": "O"}]}, {"base_span": [128, 130], "annotations": [{"nertag": "O"}]}, {"base_span": [131, 135], "annotations": [{"nertag": "O"}]}, {"base_span": [136, 140], "annotations": [{"nertag": "O"}]}, {"base_span": [141, 147], "annotations": [{"nertag": "O"}]}, {"base_span": [147, 148], "annotations": [{"nertag": "O"}]}, {"base_span": [149, 152], "annotations": [{"nertag": "O"}]}, {"base_span": [153, 159], "annotations": [{"nertag": "B-PER"}]}, {"base_span": [160, 167], "annotations": [{"nertag": "I-PER"}]}, {"base_span": [168, 172], "annotations": [{"nertag": "O"}]}, {"base_span": [173, 177], "annotations": [{"nertag": "O"}]}, {"base_span": [178, 184], "annotations": [{"nertag": "O"}]}, {"base_span": [184, 185], "annotations": [{"nertag": "O"}]}, {"base_span": [186, 189], "annotations": [{"nertag": "O"}]}, {"base_span": [190, 195], "annotations": [{"nertag": "B-PER"}]}, {"base_span": [196, 200], "annotations": [{"nertag": "I-PER"}]}, {"base_span": [201, 208], "annotations": [{"nertag": "O"}]}, {"base_span": [208, 209], "annotations": [{"nertag": "O"}]}, {"base_span": [210, 213], "annotations": [{"nertag": "O"}]}, {"base_span": [214, 218], "annotations": [{"nertag": "O"}]}, {"base_span": [219, 225], "annotations": [{"nertag": "O"}]}, {"base_span": [226, 228], "annotations": [{"nertag": "O"}]}, {"base_span": [229, 232], "annotations": [{"nertag": "O"}]}, {"base_span": [233, 237], "annotations": [{"nertag": "O"}]}, {"base_span": [238, 242], "annotations": [{"nertag": "O"}]}, {"base_span": [243, 247], "annotations": [{"nertag": "O"}]}, {"base_span": [248, 253], "annotations": [{"nertag": "O"}]}, {"base_span": [254, 263], "annotations": [{"nertag": "O"}]}, {"base_span": [264, 270], "annotations": [{"nertag": "O"}]}, {"base_span": [270, 271], "annotations": [{"nertag": "O"}]}, {"base_span": [273, 277], "annotations": [{"nertag": "B-PER"}]}, {"base_span": [278, 284], "annotations": [{"nertag": "I-PER"}]}, {"base_span": [285, 294], "annotations": [{"nertag": "O"}]}, {"base_span": [294, 295], "annotations": [{"nertag": "O"}]}, {"base_span": [296, 298], "annotations": [{"nertag": "O"}]}, {"base_span": [299, 305], "annotations": [{"nertag": "B-PER"}]}, {"base_span": [306, 313], "annotations": [{"nertag": "I-PER"}]}, {"base_span": [314, 320], "annotations": [{"nertag": "O"}]}, {"base_span": [321, 326], "annotations": [{"nertag": "O"}]}, {"base_span": [327, 335], "annotations": [{"nertag": "O"}]}, {"base_span": [336, 340], "annotations": [{"nertag": "O"}]}, {"base_span": [341, 347], "annotations": [{"nertag": "O"}]}, {"base_span": [347, 348], "annotations": [{"nertag": "O"}]}, {"base_span": [349, 352], "annotations": [{"nertag": "O"}]}, {"base_span": [353, 358], "annotations": [{"nertag": "B-PER"}]}, {"base_span": [359, 363], "annotations": [{"nertag": "I-PER"}]}, {"base_span": [364, 371], "annotations": [{"nertag": "O"}]}, {"base_span": [371, 372], "annotations": [{"nertag": "O"}]}, {"base_span": [373, 375], "annotations": [{"nertag": "O"}]}, {"base_span": [376, 383], "annotations": [{"nertag": "O"}]}, {"base_span": [384, 388], "annotations": [{"nertag": "O"}]}, {"base_span": [389, 395], "annotations": [{"nertag": "O"}]}, {"base_span": [396, 401], "annotations": [{"nertag": "O"}]}, {"base_span": [402, 406], "annotations": [{"nertag": "O"}]}, {"base_span": [407, 416], "annotations": [{"nertag": "O"}]}, {"base_span": [416, 417], "annotations": [{"nertag": "O"}]}, {"base_span": [418, 421], "annotations": [{"nertag": "O"}]}, {"base_span": [422, 426], "annotations": [{"nertag": "O"}]}, {"base_span": [427, 436], "annotations": [{"nertag": "O"}]}, {"base_span": [437, 441], "annotations": [{"nertag": "O"}]}, {"base_span": [442, 448], "annotations": [{"nertag": "O"}]}, {"base_span": [449, 451], "annotations": [{"nertag": "O"}]}, {"base_span": [452, 455], "annotations": [{"nertag": "O"}]}, {"base_span": [455, 456], "annotations": [{"nertag": "O"}]}, {"base_span": [458, 464], "annotations": [{"nertag": "O"}]}, {"base_span": [464, 465], "annotations": [{"nertag": "O"}]}, {"base_span": [466, 468], "annotations": [{"nertag": "O"}]}, {"base_span": [469, 479], "annotations": [{"nertag": "O"}]}, {"base_span": [480, 482], "annotations": [{"nertag": "O"}]}, {"base_span": [483, 486], "annotations": [{"nertag": "O"}]}, {"base_span": [487, 491], "annotations": [{"nertag": "O"}]}, {"base_span": [492, 499], "annotations": [{"nertag": "O"}]}, {"base_span": [500, 506], "annotations": [{"nertag": "O"}]}, {"base_span": [506, 507], "annotations": [{"nertag": "O"}]}, {"base_span": [508, 512], "annotations": [{"nertag": "O"}]}, {"base_span": [513, 515], "annotations": [{"nertag": "O"}]}, {"base_span": [516, 519], "annotations": [{"nertag": "O"}]}, {"base_span": [520, 525], "annotations": [{"nertag": "B-PER"}]}, {"base_span": [526, 530], "annotations": [{"nertag": "I-PER"}]}, {"base_span": [531, 537], "annotations": [{"nertag": "O"}]}, {"base_span": [538, 543], "annotations": [{"nertag": "O"}]}, {"base_span": [543, 544], "annotations": [{"nertag": "O"}]}, {"base_span": [545, 548], "annotations": [{"nertag": "O"}]}, {"base_span": [549, 555], "annotations": [{"nertag": "O"}]}, {"base_span": [556, 561], "annotations": [{"nertag": "O"}]}, {"base_span": [562, 571], "annotations": [{"nertag": "O"}]}, {"base_span": [572, 578], "annotations": [{"nertag": "O"}]}, {"base_span": [579, 585], "annotations": [{"nertag": "O"}]}, {"base_span": [586, 591], "annotations": [{"nertag": "O"}]}, {"base_span": [592, 596], "annotations": [{"nertag": "O"}]}, {"base_span": [597, 603], "annotations": [{"nertag": "B-PER"}]}, {"base_span": [604, 611], "annotations": [{"nertag": "I-PER"}]}, {"base_span": [612, 613], "annotations": [{"nertag": "O"}]}, {"base_span": [614, 617], "annotations": [{"nertag": "O"}]}, {"base_span": [617, 618], "annotations": [{"nertag": "O"}]}, {"base_span": [619, 621], "annotations": [{"nertag": "O"}]}, {"base_span": [622, 628], "annotations": [{"nertag": "O"}]}, {"base_span": [629, 633], "annotations": [{"nertag": "B-PER"}]}, {"base_span": [634, 640], "annotations": [{"nertag": "I-PER"}]}, {"base_span": [641, 646], "annotations": [{"nertag": "O"}]}, {"base_span": [647, 657], "annotations": [{"nertag": "O"}]}, {"base_span": [658, 663], "annotations": [{"nertag": "O"}]}, {"base_span": [664, 672], "annotations": [{"nertag": "O"}]}, {"base_span": [673, 679], "annotations": [{"nertag": "O"}]}, {"base_span": [680, 681], "annotations": [{"nertag": "O"}]}, {"base_span": [682, 685], "annotations": [{"nertag": "O"}]}, {"base_span": [685, 686], "annotations": [{"nertag": "O"}]}, {"base_span": [687, 692], "annotations": [{"nertag": "O"}]}, {"base_span": [693, 699], "annotations": [{"nertag": "O"}]}, {"base_span": [700, 710], "annotations": [{"nertag": "O"}]}, {"base_span": [711, 717], "annotations": [{"nertag": "O"}]}, {"base_span": [718, 724], "annotations": [{"nertag": "O"}]}, {"base_span": [724, 725], "annotations": [{"nertag": "O"}]}, {"base_span": [726, 730], "annotations": [{"nertag": "B-PER"}]}, {"base_span": [731, 735], "annotations": [{"nertag": "I-PER"}]}, {"base_span": [736, 740], "annotations": [{"nertag": "O"}]}, {"base_span": [741, 746], "annotations": [{"nertag": "O"}]}, {"base_span": [747, 754], "annotations": [{"nertag": "O"}]}, {"base_span": [755, 764], "annotations": [{"nertag": "O"}]}, {"base_span": [764, 765], "annotations": [{"nertag": "O"}]}, {"base_span": [766, 768], "annotations": [{"nertag": "O"}]}, {"base_span": [769, 773], "annotations": [{"nertag": "O"}]}, {"base_span": [774, 779], "annotations": [{"nertag": "O"}]}, {"base_span": [780, 786], "annotations": [{"nertag": "B-PER"}]}, {"base_span": [787, 795], "annotations": [{"nertag": "I-PER"}]}, {"base_span": [796, 804], "annotations": [{"nertag": "O"}]}, {"base_span": [805, 807], "annotations": [{"nertag": "O"}]}, {"base_span": [808, 811], "annotations": [{"nertag": "O"}]}, {"base_span": [812, 816], "annotations": [{"nertag": "O"}]}, {"base_span": [817, 821], "annotations": [{"nertag": "O"}]}, {"base_span": [822, 826], "annotations": [{"nertag": "O"}]}, {"base_span": [827, 836], "annotations": [{"nertag": "O"}]}, {"base_span": [836, 837], "annotations": [{"nertag": "O"}]}, {"base_span": [839, 845], "annotations": [{"nertag": "O"}]}, {"base_span": [846, 849], "annotations": [{"nertag": "O"}]}, {"base_span": [850, 864], "annotations": [{"nertag": "O"}]}, {"base_span": [865, 873], "annotations": [{"nertag": "O"}]}, {"base_span": [874, 876], "annotations": [{"nertag": "O"}]}, {"base_span": [877, 879], "annotations": [{"nertag": "O"}]}, {"base_span": [880, 885], "annotations": [{"nertag": "O"}]}, {"base_span": [886, 897], "annotations": [{"nertag": "O"}]}, {"base_span": [898, 905], "annotations": [{"nertag": "O"}]}, {"base_span": [906, 911], "annotations": [{"nertag": "O"}]}, {"base_span": [911, 912], "annotations": [{"nertag": "O"}]}]}]}