{"text": "\nTännasel pääwal said Awwinorme liisu mehhed ette kutsutud, ning nende käest jarrel küssitud, kas nendel kellegi käest saada ehk anda on.\n\nN 33. Liisomees Jaan Ambos ei olnud Koggokonna kohtu ette tulnud.\n\nN 34 Liisomees Mart Pern ei olnud Koggokonna kohtu ette tulnud.\n\nN 35. Liisomees Jürri Kull ei olnud Koggokonna kohtu ette tulnud.\n\nN 36. Liisomees Maddis Mäggi Mihkli poeg astus ette ja räkis, et temmal karjapalka saada, Kai Kasse käest 40 Cop. Marri Kiige käest 55 Kop ja Andres Lepp käest 2 Rubla.\n\nMoistus\n\nKoggokonnakohhus kannab selle eest hoolt et Maddis Mäggi omma rahha kätte saab.\n\nMaddis Tamm XXX\n\nJosep Reisenpuk XXX\n\nJosep Kallaus XXX\n\n\n", "meta": {"origin_directory": "vallakohus_kolmas/"}, "layers": [{"name": "gold_ner", "attributes": ["nertag"], "parent": null, "enveloping": null, "ambiguous": false, "serialisation_module": null, "meta": {}, "spans": [{"base_span": [22, 31], "annotations": [{"nertag": "LOC"}]}, {"base_span": [155, 165], "annotations": [{"nertag": "PER"}]}, {"base_span": [221, 230], "annotations": [{"nertag": "PER"}]}, {"base_span": [287, 297], "annotations": [{"nertag": "PER"}]}, {"base_span": [354, 366], "annotations": [{"nertag": "PER"}]}, {"base_span": [367, 373], "annotations": [{"nertag": "PER"}]}, {"base_span": [428, 437], "annotations": [{"nertag": "PER"}]}, {"base_span": [452, 463], "annotations": [{"nertag": "PER"}]}, {"base_span": [480, 491], "annotations": [{"nertag": "PER"}]}, {"base_span": [561, 573], "annotations": [{"nertag": "PER"}]}, {"base_span": [598, 609], "annotations": [{"nertag": "PER"}]}, {"base_span": [615, 630], "annotations": [{"nertag": "PER"}]}, {"base_span": [636, 649], "annotations": [{"nertag": "PER"}]}]}, {"name": "gold_wordner", "attributes": ["nertag"], "parent": null, "enveloping": null, "ambiguous": false, "serialisation_module": null, "meta": {}, "spans": [{"base_span": [1, 9], "annotations": [{"nertag": "O"}]}, {"base_span": [10, 16], "annotations": [{"nertag": "O"}]}, {"base_span": [17, 21], "annotations": [{"nertag": "O"}]}, {"base_span": [22, 31], "annotations": [{"nertag": "B-LOC"}]}, {"base_span": [32, 37], "annotations": [{"nertag": "O"}]}, {"base_span": [38, 44], "annotations": [{"nertag": "O"}]}, {"base_span": [45, 49], "annotations": [{"nertag": "O"}]}, {"base_span": [50, 58], "annotations": [{"nertag": "O"}]}, {"base_span": [58, 59], "annotations": [{"nertag": "O"}]}, {"base_span": [60, 64], "annotations": [{"nertag": "O"}]}, {"base_span": [65, 70], "annotations": [{"nertag": "O"}]}, {"base_span": [71, 76], "annotations": [{"nertag": "O"}]}, {"base_span": [77, 83], "annotations": [{"nertag": "O"}]}, {"base_span": [84, 92], "annotations": [{"nertag": "O"}]}, {"base_span": [92, 93], "annotations": [{"nertag": "O"}]}, {"base_span": [94, 97], "annotations": [{"nertag": "O"}]}, {"base_span": [98, 104], "annotations": [{"nertag": "O"}]}, {"base_span": [105, 112], "annotations": [{"nertag": "O"}]}, {"base_span": [113, 118], "annotations": [{"nertag": "O"}]}, {"base_span": [119, 124], "annotations": [{"nertag": "O"}]}, {"base_span": [125, 128], "annotations": [{"nertag": "O"}]}, {"base_span": [129, 133], "annotations": [{"nertag": "O"}]}, {"base_span": [134, 136], "annotations": [{"nertag": "O"}]}, {"base_span": [136, 137], "annotations": [{"nertag": "O"}]}, {"base_span": [139, 140], "annotations": [{"nertag": "O"}]}, {"base_span": [141, 144], "annotations": [{"nertag": "O"}]}, {"base_span": [145, 154], "annotations": [{"nertag": "O"}]}, {"base_span": [155, 159], "annotations": [{"nertag": "B-PER"}]}, {"base_span": [160, 165], "annotations": [{"nertag": "I-PER"}]}, {"base_span": [166, 168], "annotations": [{"nertag": "O"}]}, {"base_span": [169, 174], "annotations": [{"nertag": "O"}]}, {"base_span": [175, 185], "annotations": [{"nertag": "O"}]}, {"base_span": [186, 191], "annotations": [{"nertag": "O"}]}, {"base_span": [192, 196], "annotations": [{"nertag": "O"}]}, {"base_span": [197, 203], "annotations": [{"nertag": "O"}]}, {"base_span": [203, 204], "annotations": [{"nertag": "O"}]}, {"base_span": [206, 207], "annotations": [{"nertag": "O"}]}, {"base_span": [208, 210], "annotations": [{"nertag": "O"}]}, {"base_span": [211, 220], "annotations": [{"nertag": "O"}]}, {"base_span": [221, 225], "annotations": [{"nertag": "B-PER"}]}, {"base_span": [226, 230], "annotations": [{"nertag": "I-PER"}]}, {"base_span": [231, 233], "annotations": [{"nertag": "O"}]}, {"base_span": [234, 239], "annotations": [{"nertag": "O"}]}, {"base_span": [240, 250], "annotations": [{"nertag": "O"}]}, {"base_span": [251, 256], "annotations": [{"nertag": "O"}]}, {"base_span": [257, 261], "annotations": [{"nertag": "O"}]}, {"base_span": [262, 268], "annotations": [{"nertag": "O"}]}, {"base_span": [268, 269], "annotations": [{"nertag": "O"}]}, {"base_span": [271, 272], "annotations": [{"nertag": "O"}]}, {"base_span": [273, 276], "annotations": [{"nertag": "O"}]}, {"base_span": [277, 286], "annotations": [{"nertag": "O"}]}, {"base_span": [287, 292], "annotations": [{"nertag": "B-PER"}]}, {"base_span": [293, 297], "annotations": [{"nertag": "I-PER"}]}, {"base_span": [298, 300], "annotations": [{"nertag": "O"}]}, {"base_span": [301, 306], "annotations": [{"nertag": "O"}]}, {"base_span": [307, 317], "annotations": [{"nertag": "O"}]}, {"base_span": [318, 323], "annotations": [{"nertag": "O"}]}, {"base_span": [324, 328], "annotations": [{"nertag": "O"}]}, {"base_span": [329, 335], "annotations": [{"nertag": "O"}]}, {"base_span": [335, 336], "annotations": [{"nertag": "O"}]}, {"base_span": [338, 339], "annotations": [{"nertag": "O"}]}, {"base_span": [340, 343], "annotations": [{"nertag": "O"}]}, {"base_span": [344, 353], "annotations": [{"nertag": "O"}]}, {"base_span": [354, 360], "annotations": [{"nertag": "B-PER"}]}, {"base_span": [361, 366], "annotations": [{"nertag": "I-PER"}]}, {"base_span": [367, 373], "annotations": [{"nertag": "B-PER"}]}, {"base_span": [374, 378], "annotations": [{"nertag": "O"}]}, {"base_span": [379, 384], "annotations": [{"nertag": "O"}]}, {"base_span": [385, 389], "annotations": [{"nertag": "O"}]}, {"base_span": [390, 392], "annotations": [{"nertag": "O"}]}, {"base_span": [393, 398], "annotations": [{"nertag": "O"}]}, {"base_span": [398, 399], "annotations": [{"nertag": "O"}]}, {"base_span": [400, 402], "annotations": [{"nertag": "O"}]}, {"base_span": [403, 409], "annotations": [{"nertag": "O"}]}, {"base_span": [410, 420], "annotations": [{"nertag": "O"}]}, {"base_span": [421, 426], "annotations": [{"nertag": "O"}]}, {"base_span": [426, 427], "annotations": [{"nertag": "O"}]}, {"base_span": [428, 431], "annotations": [{"nertag": "B-PER"}]}, {"base_span": [432, 437], "annotations": [{"nertag": "I-PER"}]}, {"base_span": [438, 443], "annotations": [{"nertag": "O"}]}, {"base_span": [444, 446], "annotations": [{"nertag": "O"}]}, {"base_span": [447, 450], "annotations": [{"nertag": "O"}]}, {"base_span": [450, 451], "annotations": [{"nertag": "O"}]}, {"base_span": [452, 457], "annotations": [{"nertag": "B-PER"}]}, {"base_span": [458, 463], "annotations": [{"nertag": "I-PER"}]}, {"base_span": [464, 469], "annotations": [{"nertag": "O"}]}, {"base_span": [470, 472], "annotations": [{"nertag": "O"}]}, {"base_span": [473, 476], "annotations": [{"nertag": "O"}]}, {"base_span": [477, 479], "annotations": [{"nertag": "O"}]}, {"base_span": [480, 486], "annotations": [{"nertag": "B-PER"}]}, {"base_span": [487, 491], "annotations": [{"nertag": "I-PER"}]}, {"base_span": [492, 497], "annotations": [{"nertag": "O"}]}, {"base_span": [498, 499], "annotations": [{"nertag": "O"}]}, {"base_span": [500, 505], "annotations": [{"nertag": "O"}]}, {"base_span": [505, 506], "annotations": [{"nertag": "O"}]}, {"base_span": [508, 515], "annotations": [{"nertag": "O"}]}, {"base_span": [517, 533], "annotations": [{"nertag": "O"}]}, {"base_span": [534, 540], "annotations": [{"nertag": "O"}]}, {"base_span": [541, 546], "annotations": [{"nertag": "O"}]}, {"base_span": [547, 551], "annotations": [{"nertag": "O"}]}, {"base_span": [552, 557], "annotations": [{"nertag": "O"}]}, {"base_span": [558, 560], "annotations": [{"nertag": "O"}]}, {"base_span": [561, 567], "annotations": [{"nertag": "B-PER"}]}, {"base_span": [568, 573], "annotations": [{"nertag": "I-PER"}]}, {"base_span": [574, 578], "annotations": [{"nertag": "O"}]}, {"base_span": [579, 584], "annotations": [{"nertag": "O"}]}, {"base_span": [585, 590], "annotations": [{"nertag": "O"}]}, {"base_span": [591, 595], "annotations": [{"nertag": "O"}]}, {"base_span": [595, 596], "annotations": [{"nertag": "O"}]}, {"base_span": [598, 604], "annotations": [{"nertag": "B-PER"}]}, {"base_span": [605, 609], "annotations": [{"nertag": "I-PER"}]}, {"base_span": [610, 613], "annotations": [{"nertag": "O"}]}, {"base_span": [615, 620], "annotations": [{"nertag": "B-PER"}]}, {"base_span": [621, 630], "annotations": [{"nertag": "I-PER"}]}, {"base_span": [631, 634], "annotations": [{"nertag": "O"}]}, {"base_span": [636, 641], "annotations": [{"nertag": "B-PER"}]}, {"base_span": [642, 649], "annotations": [{"nertag": "I-PER"}]}, {"base_span": [650, 653], "annotations": [{"nertag": "O"}]}]}]}