{"text": "\nTulid ette Kusta Küti asemel tema ema Anne Kütti ja Liisa Möldre Kusta Tenno juures seistes, ning kaebasid et neil Jaan Kiisla käest 1888/89 aasta palka saamata ning nimelt:\n\nKusta Kütil\n   6 r. 70 kop.\n  \n\nLiisa Möldre\n   9 r. 90 kop.\n  \n\njuure tuli Jaan Tomson ja andis üles, et tall töö raha Jaan Kiisla käest saada 3 r. 60 kop.\n\nJaan Kiisla ei salanud ja andis üles et wõlad nagu üles antud õiged on.\n\nWõla nõudjad nõuawad tasumist.\n\nMõiste: Jaan Kiisla peab 8 p. sees Kusta Küti hääks 6 r. 40 kop. Liisa Möldre hääks 9 r. 90 kop. ja Jaan Tomsoni hääks 3 r. 60 kop. ära maksma.\n\nMõiste kuulutadi kohtus käiatele T.S.  §772-774 j.\n\n\n", "meta": {"origin_directory": "vallakohus_kolmas/"}, "layers": [{"name": "gold_ner", "attributes": ["nertag"], "parent": null, "enveloping": null, "ambiguous": false, "serialisation_module": null, "meta": {}, "spans": [{"base_span": [12, 22], "annotations": [{"nertag": "PER"}]}, {"base_span": [39, 49], "annotations": [{"nertag": "PER"}]}, {"base_span": [53, 65], "annotations": [{"nertag": "PER"}]}, {"base_span": [66, 77], "annotations": [{"nertag": "PER"}]}, {"base_span": [116, 127], "annotations": [{"nertag": "PER"}]}, {"base_span": [176, 187], "annotations": [{"nertag": "PER"}]}, {"base_span": [208, 220], "annotations": [{"nertag": "PER"}]}, {"base_span": [252, 263], "annotations": [{"nertag": "PER"}]}, {"base_span": [296, 307], "annotations": [{"nertag": "PER"}]}, {"base_span": [334, 345], "annotations": [{"nertag": "PER"}]}, {"base_span": [447, 458], "annotations": [{"nertag": "PER"}]}, {"base_span": [474, 484], "annotations": [{"nertag": "PER"}]}, {"base_span": [504, 516], "annotations": [{"nertag": "PER"}]}, {"base_span": [539, 551], "annotations": [{"nertag": "PER"}]}, {"base_span": [617, 621], "annotations": [{"nertag": "MISC"}]}]}, {"name": "gold_wordner", "attributes": ["nertag"], "parent": null, "enveloping": null, "ambiguous": false, "serialisation_module": null, "meta": {}, "spans": [{"base_span": [1, 6], "annotations": [{"nertag": "O"}]}, {"base_span": [7, 11], "annotations": [{"nertag": "O"}]}, {"base_span": [12, 17], "annotations": [{"nertag": "B-PER"}]}, {"base_span": [18, 22], "annotations": [{"nertag": "I-PER"}]}, {"base_span": [23, 29], "annotations": [{"nertag": "O"}]}, {"base_span": [30, 34], "annotations": [{"nertag": "O"}]}, {"base_span": [35, 38], "annotations": [{"nertag": "O"}]}, {"base_span": [39, 43], "annotations": [{"nertag": "B-PER"}]}, {"base_span": [44, 49], "annotations": [{"nertag": "I-PER"}]}, {"base_span": [50, 52], "annotations": [{"nertag": "O"}]}, {"base_span": [53, 58], "annotations": [{"nertag": "B-PER"}]}, {"base_span": [59, 65], "annotations": [{"nertag": "I-PER"}]}, {"base_span": [66, 71], "annotations": [{"nertag": "B-PER"}]}, {"base_span": [72, 77], "annotations": [{"nertag": "I-PER"}]}, {"base_span": [78, 84], "annotations": [{"nertag": "O"}]}, {"base_span": [85, 92], "annotations": [{"nertag": "O"}]}, {"base_span": [92, 93], "annotations": [{"nertag": "O"}]}, {"base_span": [94, 98], "annotations": [{"nertag": "O"}]}, {"base_span": [99, 107], "annotations": [{"nertag": "O"}]}, {"base_span": [108, 110], "annotations": [{"nertag": "O"}]}, {"base_span": [111, 115], "annotations": [{"nertag": "O"}]}, {"base_span": [116, 120], "annotations": [{"nertag": "B-PER"}]}, {"base_span": [121, 127], "annotations": [{"nertag": "I-PER"}]}, {"base_span": [128, 133], "annotations": [{"nertag": "O"}]}, {"base_span": [134, 138], "annotations": [{"nertag": "O"}]}, {"base_span": [138, 139], "annotations": [{"nertag": "O"}]}, {"base_span": [139, 141], "annotations": [{"nertag": "O"}]}, {"base_span": [142, 147], "annotations": [{"nertag": "O"}]}, {"base_span": [148, 153], "annotations": [{"nertag": "O"}]}, {"base_span": [154, 161], "annotations": [{"nertag": "O"}]}, {"base_span": [162, 166], "annotations": [{"nertag": "O"}]}, {"base_span": [167, 173], "annotations": [{"nertag": "O"}]}, {"base_span": [173, 174], "annotations": [{"nertag": "O"}]}, {"base_span": [176, 181], "annotations": [{"nertag": "B-PER"}]}, {"base_span": [182, 187], "annotations": [{"nertag": "I-PER"}]}, {"base_span": [191, 192], "annotations": [{"nertag": "O"}]}, {"base_span": [193, 194], "annotations": [{"nertag": "O"}]}, {"base_span": [194, 195], "annotations": [{"nertag": "O"}]}, {"base_span": [196, 198], "annotations": [{"nertag": "O"}]}, {"base_span": [199, 202], "annotations": [{"nertag": "O"}]}, {"base_span": [202, 203], "annotations": [{"nertag": "O"}]}, {"base_span": [208, 213], "annotations": [{"nertag": "B-PER"}]}, {"base_span": [214, 220], "annotations": [{"nertag": "I-PER"}]}, {"base_span": [224, 225], "annotations": [{"nertag": "O"}]}, {"base_span": [226, 227], "annotations": [{"nertag": "O"}]}, {"base_span": [227, 228], "annotations": [{"nertag": "O"}]}, {"base_span": [229, 231], "annotations": [{"nertag": "O"}]}, {"base_span": [232, 235], "annotations": [{"nertag": "O"}]}, {"base_span": [235, 236], "annotations": [{"nertag": "O"}]}, {"base_span": [241, 246], "annotations": [{"nertag": "O"}]}, {"base_span": [247, 251], "annotations": [{"nertag": "O"}]}, {"base_span": [252, 256], "annotations": [{"nertag": "B-PER"}]}, {"base_span": [257, 263], "annotations": [{"nertag": "I-PER"}]}, {"base_span": [264, 266], "annotations": [{"nertag": "O"}]}, {"base_span": [267, 272], "annotations": [{"nertag": "O"}]}, {"base_span": [273, 277], "annotations": [{"nertag": "O"}]}, {"base_span": [277, 278], "annotations": [{"nertag": "O"}]}, {"base_span": [279, 281], "annotations": [{"nertag": "O"}]}, {"base_span": [282, 286], "annotations": [{"nertag": "O"}]}, {"base_span": [287, 290], "annotations": [{"nertag": "O"}]}, {"base_span": [291, 295], "annotations": [{"nertag": "O"}]}, {"base_span": [296, 300], "annotations": [{"nertag": "B-PER"}]}, {"base_span": [301, 307], "annotations": [{"nertag": "I-PER"}]}, {"base_span": [308, 313], "annotations": [{"nertag": "O"}]}, {"base_span": [314, 319], "annotations": [{"nertag": "O"}]}, {"base_span": [320, 321], "annotations": [{"nertag": "O"}]}, {"base_span": [322, 323], "annotations": [{"nertag": "O"}]}, {"base_span": [323, 324], "annotations": [{"nertag": "O"}]}, {"base_span": [325, 327], "annotations": [{"nertag": "O"}]}, {"base_span": [328, 331], "annotations": [{"nertag": "O"}]}, {"base_span": [331, 332], "annotations": [{"nertag": "O"}]}, {"base_span": [334, 338], "annotations": [{"nertag": "B-PER"}]}, {"base_span": [339, 345], "annotations": [{"nertag": "I-PER"}]}, {"base_span": [346, 348], "annotations": [{"nertag": "O"}]}, {"base_span": [349, 356], "annotations": [{"nertag": "O"}]}, {"base_span": [357, 359], "annotations": [{"nertag": "O"}]}, {"base_span": [360, 365], "annotations": [{"nertag": "O"}]}, {"base_span": [366, 370], "annotations": [{"nertag": "O"}]}, {"base_span": [371, 373], "annotations": [{"nertag": "O"}]}, {"base_span": [374, 379], "annotations": [{"nertag": "O"}]}, {"base_span": [380, 384], "annotations": [{"nertag": "O"}]}, {"base_span": [385, 389], "annotations": [{"nertag": "O"}]}, {"base_span": [390, 395], "annotations": [{"nertag": "O"}]}, {"base_span": [396, 401], "annotations": [{"nertag": "O"}]}, {"base_span": [402, 404], "annotations": [{"nertag": "O"}]}, {"base_span": [404, 405], "annotations": [{"nertag": "O"}]}, {"base_span": [407, 411], "annotations": [{"nertag": "O"}]}, {"base_span": [412, 419], "annotations": [{"nertag": "O"}]}, {"base_span": [420, 427], "annotations": [{"nertag": "O"}]}, {"base_span": [428, 436], "annotations": [{"nertag": "O"}]}, {"base_span": [436, 437], "annotations": [{"nertag": "O"}]}, {"base_span": [439, 445], "annotations": [{"nertag": "O"}]}, {"base_span": [445, 446], "annotations": [{"nertag": "O"}]}, {"base_span": [447, 451], "annotations": [{"nertag": "B-PER"}]}, {"base_span": [452, 458], "annotations": [{"nertag": "I-PER"}]}, {"base_span": [459, 463], "annotations": [{"nertag": "O"}]}, {"base_span": [464, 465], "annotations": [{"nertag": "O"}]}, {"base_span": [466, 467], "annotations": [{"nertag": "O"}]}, {"base_span": [467, 468], "annotations": [{"nertag": "O"}]}, {"base_span": [469, 473], "annotations": [{"nertag": "O"}]}, {"base_span": [474, 479], "annotations": [{"nertag": "B-PER"}]}, {"base_span": [480, 484], "annotations": [{"nertag": "I-PER"}]}, {"base_span": [485, 490], "annotations": [{"nertag": "O"}]}, {"base_span": [491, 492], "annotations": [{"nertag": "O"}]}, {"base_span": [493, 494], "annotations": [{"nertag": "O"}]}, {"base_span": [494, 495], "annotations": [{"nertag": "O"}]}, {"base_span": [496, 498], "annotations": [{"nertag": "O"}]}, {"base_span": [499, 502], "annotations": [{"nertag": "O"}]}, {"base_span": [502, 503], "annotations": [{"nertag": "O"}]}, {"base_span": [504, 509], "annotations": [{"nertag": "B-PER"}]}, {"base_span": [510, 516], "annotations": [{"nertag": "I-PER"}]}, {"base_span": [517, 522], "annotations": [{"nertag": "O"}]}, {"base_span": [523, 524], "annotations": [{"nertag": "O"}]}, {"base_span": [525, 526], "annotations": [{"nertag": "O"}]}, {"base_span": [526, 527], "annotations": [{"nertag": "O"}]}, {"base_span": [528, 530], "annotations": [{"nertag": "O"}]}, {"base_span": [531, 534], "annotations": [{"nertag": "O"}]}, {"base_span": [534, 535], "annotations": [{"nertag": "O"}]}, {"base_span": [536, 538], "annotations": [{"nertag": "O"}]}, {"base_span": [539, 543], "annotations": [{"nertag": "B-PER"}]}, {"base_span": [544, 551], "annotations": [{"nertag": "I-PER"}]}, {"base_span": [552, 557], "annotations": [{"nertag": "O"}]}, {"base_span": [558, 559], "annotations": [{"nertag": "O"}]}, {"base_span": [560, 561], "annotations": [{"nertag": "O"}]}, {"base_span": [561, 562], "annotations": [{"nertag": "O"}]}, {"base_span": [563, 565], "annotations": [{"nertag": "O"}]}, {"base_span": [566, 569], "annotations": [{"nertag": "O"}]}, {"base_span": [569, 570], "annotations": [{"nertag": "O"}]}, {"base_span": [571, 574], "annotations": [{"nertag": "O"}]}, {"base_span": [575, 581], "annotations": [{"nertag": "O"}]}, {"base_span": [581, 582], "annotations": [{"nertag": "O"}]}, {"base_span": [584, 590], "annotations": [{"nertag": "O"}]}, {"base_span": [591, 600], "annotations": [{"nertag": "O"}]}, {"base_span": [601, 607], "annotations": [{"nertag": "O"}]}, {"base_span": [608, 616], "annotations": [{"nertag": "O"}]}, {"base_span": [617, 618], "annotations": [{"nertag": "B-MISC"}]}, {"base_span": [618, 619], "annotations": [{"nertag": "I-MISC"}]}, {"base_span": [619, 620], "annotations": [{"nertag": "I-MISC"}]}, {"base_span": [620, 621], "annotations": [{"nertag": "I-MISC"}]}, {"base_span": [623, 624], "annotations": [{"nertag": "O"}]}, {"base_span": [624, 627], "annotations": [{"nertag": "O"}]}, {"base_span": [627, 628], "annotations": [{"nertag": "O"}]}, {"base_span": [628, 631], "annotations": [{"nertag": "O"}]}, {"base_span": [632, 633], "annotations": [{"nertag": "O"}]}, {"base_span": [633, 634], "annotations": [{"nertag": "O"}]}]}]}