{"text": "\nMetsawallitseja Gross kaebab Gusta Lätt, Jakobi poea peale, se olla raiudes woera perremehhe heinamaa pealt 2 aawa ja 1 kask ärrawarrastanud\n\n1 haaw 31. jalga pitk 9\" jämme\n\n1 kask 20 - - 5\" -\n\nja nõuab seaduslik taksi hind puude eest.\n\nGusta Lätt tunnistab ennast süüdlaseks.\n\nKohhus moistis:\n\nGusta Lätt peab nende warrastud puude eest seaduslik taksi hind (3 kordne) 2 rubla 43. koppikaga 8. paewa aea sees metsawallitsejale wäljamaksma\n\n/:Otsus kulutud sel 20. Martsil 1880.a Tallorahwa seaduse ramato §§ 772 ja 773 juhhatusel:/ \n\nA. Krimm [allkiri], pea\nxxx Maddis Erm, kohtumees\nA. Pärn [allkiri], \"\nxxx Tawet Kook, \"\n\n\n", "meta": {"origin_directory": "vallakohus_neljas/"}, "layers": [{"name": "gold_ner", "attributes": ["nertag"], "parent": null, "enveloping": null, "ambiguous": false, "serialisation_module": null, "meta": {}, "spans": [{"base_span": [17, 22], "annotations": [{"nertag": "PER"}]}, {"base_span": [30, 40], "annotations": [{"nertag": "PER"}]}, {"base_span": [42, 48], "annotations": [{"nertag": "PER"}]}, {"base_span": [238, 248], "annotations": [{"nertag": "PER"}]}, {"base_span": [296, 306], "annotations": [{"nertag": "PER"}]}, {"base_span": [481, 506], "annotations": [{"nertag": "MISC"}]}, {"base_span": [536, 544], "annotations": [{"nertag": "PER"}]}, {"base_span": [564, 574], "annotations": [{"nertag": "PER"}]}, {"base_span": [586, 593], "annotations": [{"nertag": "PER"}]}, {"base_span": [611, 621], "annotations": [{"nertag": "PER"}]}]}, {"name": "gold_wordner", "attributes": ["nertag"], "parent": null, "enveloping": null, "ambiguous": false, "serialisation_module": null, "meta": {}, "spans": [{"base_span": [1, 16], "annotations": [{"nertag": "O"}]}, {"base_span": [17, 22], "annotations": [{"nertag": "B-PER"}]}, {"base_span": [23, 29], "annotations": [{"nertag": "O"}]}, {"base_span": [30, 35], "annotations": [{"nertag": "B-PER"}]}, {"base_span": [36, 40], "annotations": [{"nertag": "I-PER"}]}, {"base_span": [40, 41], "annotations": [{"nertag": "O"}]}, {"base_span": [42, 48], "annotations": [{"nertag": "B-PER"}]}, {"base_span": [49, 53], "annotations": [{"nertag": "O"}]}, {"base_span": [54, 59], "annotations": [{"nertag": "O"}]}, {"base_span": [59, 60], "annotations": [{"nertag": "O"}]}, {"base_span": [61, 63], "annotations": [{"nertag": "O"}]}, {"base_span": [64, 68], "annotations": [{"nertag": "O"}]}, {"base_span": [69, 76], "annotations": [{"nertag": "O"}]}, {"base_span": [77, 82], "annotations": [{"nertag": "O"}]}, {"base_span": [83, 93], "annotations": [{"nertag": "O"}]}, {"base_span": [94, 102], "annotations": [{"nertag": "O"}]}, {"base_span": [103, 108], "annotations": [{"nertag": "O"}]}, {"base_span": [109, 110], "annotations": [{"nertag": "O"}]}, {"base_span": [111, 115], "annotations": [{"nertag": "O"}]}, {"base_span": [116, 118], "annotations": [{"nertag": "O"}]}, {"base_span": [119, 120], "annotations": [{"nertag": "O"}]}, {"base_span": [121, 125], "annotations": [{"nertag": "O"}]}, {"base_span": [126, 141], "annotations": [{"nertag": "O"}]}, {"base_span": [143, 144], "annotations": [{"nertag": "O"}]}, {"base_span": [145, 149], "annotations": [{"nertag": "O"}]}, {"base_span": [150, 153], "annotations": [{"nertag": "O"}]}, {"base_span": [154, 159], "annotations": [{"nertag": "O"}]}, {"base_span": [160, 164], "annotations": [{"nertag": "O"}]}, {"base_span": [165, 166], "annotations": [{"nertag": "O"}]}, {"base_span": [166, 167], "annotations": [{"nertag": "O"}]}, {"base_span": [168, 173], "annotations": [{"nertag": "O"}]}, {"base_span": [175, 176], "annotations": [{"nertag": "O"}]}, {"base_span": [177, 181], "annotations": [{"nertag": "O"}]}, {"base_span": [182, 184], "annotations": [{"nertag": "O"}]}, {"base_span": [185, 186], "annotations": [{"nertag": "O"}]}, {"base_span": [187, 188], "annotations": [{"nertag": "O"}]}, {"base_span": [189, 190], "annotations": [{"nertag": "O"}]}, {"base_span": [190, 191], "annotations": [{"nertag": "O"}]}, {"base_span": [192, 193], "annotations": [{"nertag": "O"}]}, {"base_span": [195, 197], "annotations": [{"nertag": "O"}]}, {"base_span": [198, 203], "annotations": [{"nertag": "O"}]}, {"base_span": [204, 213], "annotations": [{"nertag": "O"}]}, {"base_span": [214, 219], "annotations": [{"nertag": "O"}]}, {"base_span": [220, 224], "annotations": [{"nertag": "O"}]}, {"base_span": [225, 230], "annotations": [{"nertag": "O"}]}, {"base_span": [231, 235], "annotations": [{"nertag": "O"}]}, {"base_span": [235, 236], "annotations": [{"nertag": "O"}]}, {"base_span": [238, 243], "annotations": [{"nertag": "B-PER"}]}, {"base_span": [244, 248], "annotations": [{"nertag": "I-PER"}]}, {"base_span": [249, 258], "annotations": [{"nertag": "O"}]}, {"base_span": [259, 265], "annotations": [{"nertag": "O"}]}, {"base_span": [266, 276], "annotations": [{"nertag": "O"}]}, {"base_span": [276, 277], "annotations": [{"nertag": "O"}]}, {"base_span": [279, 285], "annotations": [{"nertag": "O"}]}, {"base_span": [286, 293], "annotations": [{"nertag": "O"}]}, {"base_span": [293, 294], "annotations": [{"nertag": "O"}]}, {"base_span": [296, 301], "annotations": [{"nertag": "B-PER"}]}, {"base_span": [302, 306], "annotations": [{"nertag": "I-PER"}]}, {"base_span": [307, 311], "annotations": [{"nertag": "O"}]}, {"base_span": [312, 317], "annotations": [{"nertag": "O"}]}, {"base_span": [318, 327], "annotations": [{"nertag": "O"}]}, {"base_span": [328, 333], "annotations": [{"nertag": "O"}]}, {"base_span": [334, 338], "annotations": [{"nertag": "O"}]}, {"base_span": [339, 348], "annotations": [{"nertag": "O"}]}, {"base_span": [349, 354], "annotations": [{"nertag": "O"}]}, {"base_span": [355, 359], "annotations": [{"nertag": "O"}]}, {"base_span": [360, 361], "annotations": [{"nertag": "O"}]}, {"base_span": [361, 362], "annotations": [{"nertag": "O"}]}, {"base_span": [363, 369], "annotations": [{"nertag": "O"}]}, {"base_span": [369, 370], "annotations": [{"nertag": "O"}]}, {"base_span": [371, 372], "annotations": [{"nertag": "O"}]}, {"base_span": [373, 378], "annotations": [{"nertag": "O"}]}, {"base_span": [379, 382], "annotations": [{"nertag": "O"}]}, {"base_span": [383, 392], "annotations": [{"nertag": "O"}]}, {"base_span": [393, 395], "annotations": [{"nertag": "O"}]}, {"base_span": [396, 401], "annotations": [{"nertag": "O"}]}, {"base_span": [402, 405], "annotations": [{"nertag": "O"}]}, {"base_span": [406, 410], "annotations": [{"nertag": "O"}]}, {"base_span": [411, 428], "annotations": [{"nertag": "O"}]}, {"base_span": [429, 440], "annotations": [{"nertag": "O"}]}, {"base_span": [442, 443], "annotations": [{"nertag": "O"}]}, {"base_span": [443, 444], "annotations": [{"nertag": "O"}]}, {"base_span": [444, 449], "annotations": [{"nertag": "O"}]}, {"base_span": [450, 457], "annotations": [{"nertag": "O"}]}, {"base_span": [458, 461], "annotations": [{"nertag": "O"}]}, {"base_span": [462, 465], "annotations": [{"nertag": "O"}]}, {"base_span": [466, 473], "annotations": [{"nertag": "O"}]}, {"base_span": [474, 479], "annotations": [{"nertag": "O"}]}, {"base_span": [479, 480], "annotations": [{"nertag": "O"}]}, {"base_span": [481, 491], "annotations": [{"nertag": "B-MISC"}]}, {"base_span": [492, 499], "annotations": [{"nertag": "I-MISC"}]}, {"base_span": [500, 506], "annotations": [{"nertag": "I-MISC"}]}, {"base_span": [507, 509], "annotations": [{"nertag": "O"}]}, {"base_span": [510, 513], "annotations": [{"nertag": "O"}]}, {"base_span": [514, 516], "annotations": [{"nertag": "O"}]}, {"base_span": [517, 520], "annotations": [{"nertag": "O"}]}, {"base_span": [521, 531], "annotations": [{"nertag": "O"}]}, {"base_span": [531, 532], "annotations": [{"nertag": "O"}]}, {"base_span": [532, 533], "annotations": [{"nertag": "O"}]}, {"base_span": [536, 537], "annotations": [{"nertag": "B-PER"}]}, {"base_span": [537, 538], "annotations": [{"nertag": "I-PER"}]}, {"base_span": [539, 544], "annotations": [{"nertag": "I-PER"}]}, {"base_span": [545, 546], "annotations": [{"nertag": "O"}]}, {"base_span": [546, 553], "annotations": [{"nertag": "O"}]}, {"base_span": [553, 554], "annotations": [{"nertag": "O"}]}, {"base_span": [554, 555], "annotations": [{"nertag": "O"}]}, {"base_span": [556, 559], "annotations": [{"nertag": "O"}]}, {"base_span": [560, 563], "annotations": [{"nertag": "O"}]}, {"base_span": [564, 570], "annotations": [{"nertag": "B-PER"}]}, {"base_span": [571, 574], "annotations": [{"nertag": "I-PER"}]}, {"base_span": [574, 575], "annotations": [{"nertag": "O"}]}, {"base_span": [576, 585], "annotations": [{"nertag": "O"}]}, {"base_span": [586, 587], "annotations": [{"nertag": "B-PER"}]}, {"base_span": [587, 588], "annotations": [{"nertag": "I-PER"}]}, {"base_span": [589, 593], "annotations": [{"nertag": "I-PER"}]}, {"base_span": [594, 595], "annotations": [{"nertag": "O"}]}, {"base_span": [595, 602], "annotations": [{"nertag": "O"}]}, {"base_span": [602, 603], "annotations": [{"nertag": "O"}]}, {"base_span": [603, 604], "annotations": [{"nertag": "O"}]}, {"base_span": [605, 606], "annotations": [{"nertag": "O"}]}, {"base_span": [607, 610], "annotations": [{"nertag": "O"}]}, {"base_span": [611, 616], "annotations": [{"nertag": "B-PER"}]}, {"base_span": [617, 621], "annotations": [{"nertag": "I-PER"}]}, {"base_span": [621, 622], "annotations": [{"nertag": "O"}]}, {"base_span": [623, 624], "annotations": [{"nertag": "O"}]}]}]}