{"text": "Sai Koggokonna Kohtu poolt Laur Tuhha selle Juhhan Hallikale  Sullaseks pantud Selle palkaka et Juhhan annab 3 wak Rukkit\n2  1/2 wak odra ja wak Kartuhwlit, ja 30 Rup Käerahha ja tenistus allustab 9mal Julil senni kui Katrina päwani 1862.\n                                                               Peakohtumees Jaan Piri+++\n                                                                                           Jaan Welt+++\n                                                                                            Jaan Etro+++\n\n\n                                                                                 \n\n", "meta": {"origin_directory": "vallakohus_esimene/"}, "layers": [{"name": "gold_ner", "attributes": ["nertag"], "parent": null, "enveloping": null, "ambiguous": false, "serialisation_module": null, "meta": {}, "spans": [{"base_span": [27, 37], "annotations": [{"nertag": "PER"}]}, {"base_span": [44, 60], "annotations": [{"nertag": "PER"}]}, {"base_span": [96, 102], "annotations": [{"nertag": "PER"}]}, {"base_span": [315, 324], "annotations": [{"nertag": "PER"}]}, {"base_span": [419, 428], "annotations": [{"nertag": "PER"}]}, {"base_span": [524, 533], "annotations": [{"nertag": "PER"}]}]}, {"name": "gold_wordner", "attributes": ["nertag"], "parent": null, "enveloping": null, "ambiguous": false, "serialisation_module": null, "meta": {}, "spans": [{"base_span": [0, 3], "annotations": [{"nertag": "O"}]}, {"base_span": [4, 14], "annotations": [{"nertag": "O"}]}, {"base_span": [15, 20], "annotations": [{"nertag": "O"}]}, {"base_span": [21, 26], "annotations": [{"nertag": "O"}]}, {"base_span": [27, 31], "annotations": [{"nertag": "B-PER"}]}, {"base_span": [32, 37], "annotations": [{"nertag": "I-PER"}]}, {"base_span": [38, 43], "annotations": [{"nertag": "O"}]}, {"base_span": [44, 50], "annotations": [{"nertag": "B-PER"}]}, {"base_span": [51, 60], "annotations": [{"nertag": "I-PER"}]}, {"base_span": [62, 71], "annotations": [{"nertag": "O"}]}, {"base_span": [72, 78], "annotations": [{"nertag": "O"}]}, {"base_span": [79, 84], "annotations": [{"nertag": "O"}]}, {"base_span": [85, 92], "annotations": [{"nertag": "O"}]}, {"base_span": [93, 95], "annotations": [{"nertag": "O"}]}, {"base_span": [96, 102], "annotations": [{"nertag": "B-PER"}]}, {"base_span": [103, 108], "annotations": [{"nertag": "O"}]}, {"base_span": [109, 110], "annotations": [{"nertag": "O"}]}, {"base_span": [111, 114], "annotations": [{"nertag": "O"}]}, {"base_span": [115, 121], "annotations": [{"nertag": "O"}]}, {"base_span": [122, 123], "annotations": [{"nertag": "O"}]}, {"base_span": [125, 126], "annotations": [{"nertag": "O"}]}, {"base_span": [126, 127], "annotations": [{"nertag": "O"}]}, {"base_span": [127, 128], "annotations": [{"nertag": "O"}]}, {"base_span": [129, 132], "annotations": [{"nertag": "O"}]}, {"base_span": [133, 137], "annotations": [{"nertag": "O"}]}, {"base_span": [138, 140], "annotations": [{"nertag": "O"}]}, {"base_span": [141, 144], "annotations": [{"nertag": "O"}]}, {"base_span": [145, 155], "annotations": [{"nertag": "O"}]}, {"base_span": [155, 156], "annotations": [{"nertag": "O"}]}, {"base_span": [157, 159], "annotations": [{"nertag": "O"}]}, {"base_span": [160, 162], "annotations": [{"nertag": "O"}]}, {"base_span": [163, 166], "annotations": [{"nertag": "O"}]}, {"base_span": [167, 175], "annotations": [{"nertag": "O"}]}, {"base_span": [176, 178], "annotations": [{"nertag": "O"}]}, {"base_span": [179, 187], "annotations": [{"nertag": "O"}]}, {"base_span": [188, 196], "annotations": [{"nertag": "O"}]}, {"base_span": [197, 201], "annotations": [{"nertag": "O"}]}, {"base_span": [202, 207], "annotations": [{"nertag": "O"}]}, {"base_span": [208, 213], "annotations": [{"nertag": "O"}]}, {"base_span": [214, 217], "annotations": [{"nertag": "O"}]}, {"base_span": [218, 225], "annotations": [{"nertag": "O"}]}, {"base_span": [226, 232], "annotations": [{"nertag": "O"}]}, {"base_span": [233, 238], "annotations": [{"nertag": "O"}]}, {"base_span": [302, 314], "annotations": [{"nertag": "O"}]}, {"base_span": [315, 319], "annotations": [{"nertag": "B-PER"}]}, {"base_span": [320, 324], "annotations": [{"nertag": "I-PER"}]}, {"base_span": [324, 325], "annotations": [{"nertag": "O"}]}, {"base_span": [325, 326], "annotations": [{"nertag": "O"}]}, {"base_span": [326, 327], "annotations": [{"nertag": "O"}]}, {"base_span": [419, 423], "annotations": [{"nertag": "B-PER"}]}, {"base_span": [424, 428], "annotations": [{"nertag": "I-PER"}]}, {"base_span": [428, 429], "annotations": [{"nertag": "O"}]}, {"base_span": [429, 430], "annotations": [{"nertag": "O"}]}, {"base_span": [430, 431], "annotations": [{"nertag": "O"}]}, {"base_span": [524, 528], "annotations": [{"nertag": "B-PER"}]}, {"base_span": [529, 533], "annotations": [{"nertag": "I-PER"}]}, {"base_span": [533, 534], "annotations": [{"nertag": "O"}]}, {"base_span": [534, 535], "annotations": [{"nertag": "O"}]}, {"base_span": [535, 536], "annotations": [{"nertag": "O"}]}]}]}