{"text": "\nPusi kõrtsimees Andres Ehrlich kaibas et Maddis Kusik temmale 15 rubla wõlgu on. 110 Rbl. on Andres Ehrlich temmale nekrutist wälja ostmise päle andnud ja sedda 15 rubla pärrast kui Maddis temma juurde sullaseks ollnud. Need 110 rubla on Maddis kül ärra maksnud agga 15 rubla mitte.\n\nMaddis Kusik ütles wälja et temma sest 15 rublast suggugi ei tea, üks paar sapad ta kül on Ehrliche käest wõtnud ja need 110 rubla wälja ostmise päle.\n\nJosep Roots tunnistab et temma kül juures ollnud kui Andres Ehrlich nink Maddis Kusik omma rehnung tegginud ja ta on kulnud et Maddis, Ehrlichele on wõlgu jänud, agga temma ei mõlletanud kui palju, sest et 8 aastad jubba möda lähnud.\n\nMoistetud: Maddis Kusik peab Andres Ehrlichele 7 Rbl 50 Cop maksma.\n\nPeakohtomees: Jakob Kook\n\nPeter Paap\n\nThomas Kähr\n\nMihkel Bringfeld\n\n\n", "meta": {"origin_directory": "vallakohus_neljas/"}, "layers": [{"name": "gold_ner", "attributes": ["nertag"], "parent": null, "enveloping": null, "ambiguous": false, "serialisation_module": null, "meta": {}, "spans": [{"base_span": [1, 5], "annotations": [{"nertag": "LOC"}]}, {"base_span": [17, 31], "annotations": [{"nertag": "PER"}]}, {"base_span": [42, 54], "annotations": [{"nertag": "PER"}]}, {"base_span": [94, 108], "annotations": [{"nertag": "PER"}]}, {"base_span": [183, 189], "annotations": [{"nertag": "PER"}]}, {"base_span": [239, 245], "annotations": [{"nertag": "PER"}]}, {"base_span": [285, 297], "annotations": [{"nertag": "PER"}]}, {"base_span": [376, 384], "annotations": [{"nertag": "PER"}]}, {"base_span": [437, 448], "annotations": [{"nertag": "PER"}]}, {"base_span": [490, 504], "annotations": [{"nertag": "PER"}]}, {"base_span": [510, 522], "annotations": [{"nertag": "PER"}]}, {"base_span": [564, 570], "annotations": [{"nertag": "PER"}]}, {"base_span": [572, 582], "annotations": [{"nertag": "PER"}]}, {"base_span": [683, 695], "annotations": [{"nertag": "PER"}]}, {"base_span": [701, 718], "annotations": [{"nertag": "PER"}]}, {"base_span": [755, 765], "annotations": [{"nertag": "PER"}]}, {"base_span": [767, 777], "annotations": [{"nertag": "PER"}]}, {"base_span": [779, 790], "annotations": [{"nertag": "PER"}]}, {"base_span": [792, 808], "annotations": [{"nertag": "PER"}]}]}, {"name": "gold_wordner", "attributes": ["nertag"], "parent": null, "enveloping": null, "ambiguous": false, "serialisation_module": null, "meta": {}, "spans": [{"base_span": [1, 5], "annotations": [{"nertag": "B-LOC"}]}, {"base_span": [6, 16], "annotations": [{"nertag": "O"}]}, {"base_span": [17, 23], "annotations": [{"nertag": "B-PER"}]}, {"base_span": [24, 31], "annotations": [{"nertag": "I-PER"}]}, {"base_span": [32, 38], "annotations": [{"nertag": "O"}]}, {"base_span": [39, 41], "annotations": [{"nertag": "O"}]}, {"base_span": [42, 48], "annotations": [{"nertag": "B-PER"}]}, {"base_span": [49, 54], "annotations": [{"nertag": "I-PER"}]}, {"base_span": [55, 62], "annotations": [{"nertag": "O"}]}, {"base_span": [63, 65], "annotations": [{"nertag": "O"}]}, {"base_span": [66, 71], "annotations": [{"nertag": "O"}]}, {"base_span": [72, 77], "annotations": [{"nertag": "O"}]}, {"base_span": [78, 80], "annotations": [{"nertag": "O"}]}, {"base_span": [80, 81], "annotations": [{"nertag": "O"}]}, {"base_span": [82, 85], "annotations": [{"nertag": "O"}]}, {"base_span": [86, 89], "annotations": [{"nertag": "O"}]}, {"base_span": [89, 90], "annotations": [{"nertag": "O"}]}, {"base_span": [91, 93], "annotations": [{"nertag": "O"}]}, {"base_span": [94, 100], "annotations": [{"nertag": "B-PER"}]}, {"base_span": [101, 108], "annotations": [{"nertag": "I-PER"}]}, {"base_span": [109, 116], "annotations": [{"nertag": "O"}]}, {"base_span": [117, 126], "annotations": [{"nertag": "O"}]}, {"base_span": [127, 132], "annotations": [{"nertag": "O"}]}, {"base_span": [133, 140], "annotations": [{"nertag": "O"}]}, {"base_span": [141, 145], "annotations": [{"nertag": "O"}]}, {"base_span": [146, 152], "annotations": [{"nertag": "O"}]}, {"base_span": [153, 155], "annotations": [{"nertag": "O"}]}, {"base_span": [156, 161], "annotations": [{"nertag": "O"}]}, {"base_span": [162, 164], "annotations": [{"nertag": "O"}]}, {"base_span": [165, 170], "annotations": [{"nertag": "O"}]}, {"base_span": [171, 178], "annotations": [{"nertag": "O"}]}, {"base_span": [179, 182], "annotations": [{"nertag": "O"}]}, {"base_span": [183, 189], "annotations": [{"nertag": "B-PER"}]}, {"base_span": [190, 195], "annotations": [{"nertag": "O"}]}, {"base_span": [196, 202], "annotations": [{"nertag": "O"}]}, {"base_span": [203, 212], "annotations": [{"nertag": "O"}]}, {"base_span": [213, 219], "annotations": [{"nertag": "O"}]}, {"base_span": [219, 220], "annotations": [{"nertag": "O"}]}, {"base_span": [221, 225], "annotations": [{"nertag": "O"}]}, {"base_span": [226, 229], "annotations": [{"nertag": "O"}]}, {"base_span": [230, 235], "annotations": [{"nertag": "O"}]}, {"base_span": [236, 238], "annotations": [{"nertag": "O"}]}, {"base_span": [239, 245], "annotations": [{"nertag": "B-PER"}]}, {"base_span": [246, 249], "annotations": [{"nertag": "O"}]}, {"base_span": [250, 254], "annotations": [{"nertag": "O"}]}, {"base_span": [255, 262], "annotations": [{"nertag": "O"}]}, {"base_span": [263, 267], "annotations": [{"nertag": "O"}]}, {"base_span": [268, 270], "annotations": [{"nertag": "O"}]}, {"base_span": [271, 276], "annotations": [{"nertag": "O"}]}, {"base_span": [277, 282], "annotations": [{"nertag": "O"}]}, {"base_span": [282, 283], "annotations": [{"nertag": "O"}]}, {"base_span": [285, 291], "annotations": [{"nertag": "B-PER"}]}, {"base_span": [292, 297], "annotations": [{"nertag": "I-PER"}]}, {"base_span": [298, 303], "annotations": [{"nertag": "O"}]}, {"base_span": [304, 309], "annotations": [{"nertag": "O"}]}, {"base_span": [310, 312], "annotations": [{"nertag": "O"}]}, {"base_span": [313, 318], "annotations": [{"nertag": "O"}]}, {"base_span": [319, 323], "annotations": [{"nertag": "O"}]}, {"base_span": [324, 326], "annotations": [{"nertag": "O"}]}, {"base_span": [327, 334], "annotations": [{"nertag": "O"}]}, {"base_span": [335, 342], "annotations": [{"nertag": "O"}]}, {"base_span": [343, 345], "annotations": [{"nertag": "O"}]}, {"base_span": [346, 349], "annotations": [{"nertag": "O"}]}, {"base_span": [349, 350], "annotations": [{"nertag": "O"}]}, {"base_span": [351, 354], "annotations": [{"nertag": "O"}]}, {"base_span": [355, 359], "annotations": [{"nertag": "O"}]}, {"base_span": [360, 365], "annotations": [{"nertag": "O"}]}, {"base_span": [366, 368], "annotations": [{"nertag": "O"}]}, {"base_span": [369, 372], "annotations": [{"nertag": "O"}]}, {"base_span": [373, 375], "annotations": [{"nertag": "O"}]}, {"base_span": [376, 384], "annotations": [{"nertag": "B-PER"}]}, {"base_span": [385, 390], "annotations": [{"nertag": "O"}]}, {"base_span": [391, 397], "annotations": [{"nertag": "O"}]}, {"base_span": [398, 400], "annotations": [{"nertag": "O"}]}, {"base_span": [401, 405], "annotations": [{"nertag": "O"}]}, {"base_span": [406, 409], "annotations": [{"nertag": "O"}]}, {"base_span": [410, 415], "annotations": [{"nertag": "O"}]}, {"base_span": [416, 421], "annotations": [{"nertag": "O"}]}, {"base_span": [422, 429], "annotations": [{"nertag": "O"}]}, {"base_span": [430, 434], "annotations": [{"nertag": "O"}]}, {"base_span": [434, 435], "annotations": [{"nertag": "O"}]}, {"base_span": [437, 442], "annotations": [{"nertag": "B-PER"}]}, {"base_span": [443, 448], "annotations": [{"nertag": "I-PER"}]}, {"base_span": [449, 458], "annotations": [{"nertag": "O"}]}, {"base_span": [459, 461], "annotations": [{"nertag": "O"}]}, {"base_span": [462, 467], "annotations": [{"nertag": "O"}]}, {"base_span": [468, 471], "annotations": [{"nertag": "O"}]}, {"base_span": [472, 478], "annotations": [{"nertag": "O"}]}, {"base_span": [479, 485], "annotations": [{"nertag": "O"}]}, {"base_span": [486, 489], "annotations": [{"nertag": "O"}]}, {"base_span": [490, 496], "annotations": [{"nertag": "B-PER"}]}, {"base_span": [497, 504], "annotations": [{"nertag": "I-PER"}]}, {"base_span": [505, 509], "annotations": [{"nertag": "O"}]}, {"base_span": [510, 516], "annotations": [{"nertag": "B-PER"}]}, {"base_span": [517, 522], "annotations": [{"nertag": "I-PER"}]}, {"base_span": [523, 527], "annotations": [{"nertag": "O"}]}, {"base_span": [528, 535], "annotations": [{"nertag": "O"}]}, {"base_span": [536, 544], "annotations": [{"nertag": "O"}]}, {"base_span": [545, 547], "annotations": [{"nertag": "O"}]}, {"base_span": [548, 550], "annotations": [{"nertag": "O"}]}, {"base_span": [551, 553], "annotations": [{"nertag": "O"}]}, {"base_span": [554, 560], "annotations": [{"nertag": "O"}]}, {"base_span": [561, 563], "annotations": [{"nertag": "O"}]}, {"base_span": [564, 570], "annotations": [{"nertag": "B-PER"}]}, {"base_span": [570, 571], "annotations": [{"nertag": "O"}]}, {"base_span": [572, 582], "annotations": [{"nertag": "B-PER"}]}, {"base_span": [583, 585], "annotations": [{"nertag": "O"}]}, {"base_span": [586, 591], "annotations": [{"nertag": "O"}]}, {"base_span": [592, 597], "annotations": [{"nertag": "O"}]}, {"base_span": [597, 598], "annotations": [{"nertag": "O"}]}, {"base_span": [599, 603], "annotations": [{"nertag": "O"}]}, {"base_span": [604, 609], "annotations": [{"nertag": "O"}]}, {"base_span": [610, 612], "annotations": [{"nertag": "O"}]}, {"base_span": [613, 623], "annotations": [{"nertag": "O"}]}, {"base_span": [624, 627], "annotations": [{"nertag": "O"}]}, {"base_span": [628, 633], "annotations": [{"nertag": "O"}]}, {"base_span": [633, 634], "annotations": [{"nertag": "O"}]}, {"base_span": [635, 639], "annotations": [{"nertag": "O"}]}, {"base_span": [640, 642], "annotations": [{"nertag": "O"}]}, {"base_span": [643, 644], "annotations": [{"nertag": "O"}]}, {"base_span": [645, 651], "annotations": [{"nertag": "O"}]}, {"base_span": [652, 657], "annotations": [{"nertag": "O"}]}, {"base_span": [658, 662], "annotations": [{"nertag": "O"}]}, {"base_span": [663, 669], "annotations": [{"nertag": "O"}]}, {"base_span": [669, 670], "annotations": [{"nertag": "O"}]}, {"base_span": [672, 681], "annotations": [{"nertag": "O"}]}, {"base_span": [681, 682], "annotations": [{"nertag": "O"}]}, {"base_span": [683, 689], "annotations": [{"nertag": "B-PER"}]}, {"base_span": [690, 695], "annotations": [{"nertag": "I-PER"}]}, {"base_span": [696, 700], "annotations": [{"nertag": "O"}]}, {"base_span": [701, 707], "annotations": [{"nertag": "B-PER"}]}, {"base_span": [708, 718], "annotations": [{"nertag": "I-PER"}]}, {"base_span": [719, 720], "annotations": [{"nertag": "O"}]}, {"base_span": [721, 724], "annotations": [{"nertag": "O"}]}, {"base_span": [725, 727], "annotations": [{"nertag": "O"}]}, {"base_span": [728, 731], "annotations": [{"nertag": "O"}]}, {"base_span": [732, 738], "annotations": [{"nertag": "O"}]}, {"base_span": [738, 739], "annotations": [{"nertag": "O"}]}, {"base_span": [741, 753], "annotations": [{"nertag": "O"}]}, {"base_span": [753, 754], "annotations": [{"nertag": "O"}]}, {"base_span": [755, 760], "annotations": [{"nertag": "B-PER"}]}, {"base_span": [761, 765], "annotations": [{"nertag": "I-PER"}]}, {"base_span": [767, 772], "annotations": [{"nertag": "B-PER"}]}, {"base_span": [773, 777], "annotations": [{"nertag": "I-PER"}]}, {"base_span": [779, 785], "annotations": [{"nertag": "B-PER"}]}, {"base_span": [786, 790], "annotations": [{"nertag": "I-PER"}]}, {"base_span": [792, 798], "annotations": [{"nertag": "B-PER"}]}, {"base_span": [799, 808], "annotations": [{"nertag": "I-PER"}]}]}]}