{"text": "\nTännasel pääwal said metsa wargad Peter Reimanni alt ette kutsutud ja maksiwad need sammad warrastud puude eest trahwi nenda kui allamal ülles woetud\n\n   \n   \n   \n   Rubl\n   Cop.\n  \n\nMihkel Pern        \n   1 Kasse p.\n   3 sulla\n   5 wersok\n   \n   81.\n  \n\nJosep Krup\n   3 kuusk\n   3\n   4\n   1.\n   80.\n  \n\nJaan Maggi\n   1 kuusk\n   3\n   4\n   \n   60.\n  \n\n   2 leppa\n   3\n   4\n   \n   60.\n  \n\n   15 latti\n   3\n   1\n   1.\n   35.\n  \n\n   4 kuuske\n   3\n   4\n   2.\n   40.\n  \n\nJosep Mäggi\n   2 koormad kuusepuud\n   \n   \n   \n   42.\n  \n\nMaddis Aun\n   2 leppa\n   3\n   6\n   1.\n   2.\n  \n\nAndres Welt\n   1 kuusk\n   3\n   5\n   \n   81.\n  \n\n   3 kuusk\n   3\n   4\n   1.\n   80.\n  \n\nJosep Lepp\n   2 kuuske\n   3\n   4\n   1.\n   20.\n  \n\nJaan Oja\n   1 korem kasse pud.\n   \n   \n   67 1/2\n   \n  \n\nAndres Allik\n   1 kuusk\n   3\n   5\n   \n   81.\n  \n\n   1 kuusk\n   3\n   5\n   \n   81.\n  \n\nJaan Errapart\n   1 kuusk\n   3\n   4\n   \n   60.\n  \n\n   1 kuusk\n   3\n   5\n   \n   81.\n  \n\n   2 kuuske\n   3\n   4\n   1.\n   20.\n  \n\n   1 korem kuusepuud\n   \n   \n   \n   21.\n  \n\nJosep Kask\n   1 kuusk\n   3\n   5\n   \n   81.\n  \n\n   1/2 kormad kasse puud.\n   \n   \n   \n   34.\n  \n\nAndres Habakuk\n   1 haawa p.\n   3\n   5\n   \n   62.\n  \n\n   1 hawa p.\n   3\n   8\n   \n   84.\n  \n\nJakob Raja\n   1 hawapu \n   3\n   5\n   \n   41.\n  \n\n   1 korem teepoid\n   \n   \n   \n   60.\n  \n\nJürri Lambasar\n   1 leppa p\n   3\n   7\n   \n   62.\n  \n\n   4 kuuse p.\n   3\n   4\n   2.\n   40.\n  \n\nJosep Kotto\n   2 kuuse p\n   3\n   5\n   1.\n   62.\n  \n\nJosep Sõbber\n   3 kuuse p\n   3\n   5\n   2.\n   43.\n  \n\nTomas Taberlad\n   2 kuuse\n   3\n   4\n   1.\n   20.\n  \n\nMart Krup\n   1 korem kuusepud\n   \n   \n   \n   21.\n  \n\nJaan Habakuk\n   2 kuusk\n   3\n   5\n   1.\n   62.\n  \n\n   2 leppa \n   3\n   5\n   \n   81.\n  \n\n   1 korem kasse puud\n   \n   \n   \n   67 1/2.\n  \n\nJosep Kull\n\n   3 kuuse p\n   3\n   4\n   1.\n   80.\n  \n\nJakob Adamson\n\n   1 korem kuuse p.\n   \n   \n   \n   21.\n  \n\nMart Messi\n   1 kuusep\n   3\n   5\n   \n   81.\n  \n\n   1 korem kuuse p.\n   \n   \n   \n   21.\n  \n\nJosep Aab\n   1 männi p\n   3\n   6\n   1.\n   67.\n  \n\nJaan Müür\n   1 kuuse p.\n   3\n   6\n   1.\n   2.\n  \n\n   1 korem kuusep.\n   \n   \n   \n   21.\n  \n\nMihkel Aun\n   1 männi p.\n   3\n   6\n   1.\n   67.\n  \n\n   1 männi p\n   3\n   6\n   1.\n   30.\n  \n\nAndres Pihlak\n   1 korem kuuse p.\n   \n   \n   \n   21.\n  \n\nMaddis Lepp\n   1 korem kuuse p.\n   \n   \n   \n   21.\n  \n\nJakob Pernitson\n   1/2 palki\n   3 sülla\n   7 wer\n   \n   61 1/2.\n  \n\n   1 korem kuusepud.\n   \n   \n   \n   21.\n  \n\nJosep Kaddak\n   1 palk\n   3\n   6\n   1.\n   2.\n  \n\n   1 korem kuuse puud.\n   \n   \n   \n   21.\n  \n\nJaan Ambos\n   1 korem kuusep.\n   \n   \n   \n   21.\n  \n\nMaddis Mattisen\n   1 lepp\n   3\n   6\n   \n   57.\n  \n\nMaddis Kukk\n   2 kuuse p.\n   3\n   4\n   1.\n   20.\n  \n\nSumma\n   \n   \n   \n   46.\n   48 1/2\n  \n\nMaddis Pernitson\n   1 korem kassepud.\n   \n   \n   \n   67 1/2.\n  \n\nAndres Sälik\n   1 kuse p\n   3 süla\n   5 wersok\n   \n   81\n  \n\nJaan Pärn\n   1 kuusep\n   3\n   4\n   \n   60.\n  \n\nKarel Welt\n   3 kuusep \n   3\n   5\n   2.\n   43\n  \n\n   2 kuuse p\n   3\n   4\n   1.\n   20.\n  \n\nMihkel Kütt\n   1 korem kuuse p.\n   \n   \n   \n   21.\n  \n\nAndres Aun\n   1 männi p\n   3\n   6\n   1.\n   67.\n  \n\nKarel Habakuk\n   2 leppa\n   3\n   6\n   1.\n   2.\n  \n\nJaan Laurisson\n   2 leppa\n   3\n   5\n   \n   82.\n  \n\n   1 hawa p.\n   3\n   5\n   \n   41.\n  \n\nJuhhan Pihlak\n   2 kuusk\n   3\n   4\n   1.\n   20.\n  \n\nJaan Raja\n   2 kuuske\n   3\n   5\n   1.\n   62.\n  \n\nMaddis Koppel\n   1 korem leppa p\n   \n   \n   \n   52 1/2\n  \n\n   1 korem teibaid\n   \n   \n   \n   60.\n  \n\nJürri Unt\n   10 kuuse latti\n   3 sul\n   1 wer\n   \n   90.\n  \n\nJürri Kukk\n   1 korem kuuse p.\n   \n   \n   \n   21.\n  \n\nMaddis Pernitson\n   1 korem kuse p\n   \n   \n   \n   21.\n  \n\n   1 korem kasse p\n   \n   \n   \n   67 1/2.\n  \n\nMaddis Müür\n   1 kuuse p\n   3\n   5\n   \n   81.\n  \n\nJosep Murd\n   1 hawa p\n   3\n   5\n   \n   41.\n  \n\n   4 kuuske\n   3\n   6\n   4.\n   8.\n  \n\n   1 kuuse p.\n   3\n   4\n   \n   60.\n  \n\nJosep Wahher\n   2 kuuse p.\n   3\n   5\n   2.\n   84.\n  \n\n   1 kuuse p.\n   3\n   6\n  \n\nloima Josep Kaddak\n   1/2 kuusepalk\n   3\n   7\n   \n   62.\n  \n\nkalme Juhhan Allik\n   2 kuuske\n   3\n   4\n   1.\n   42.\n  \n\n   1 korem kuuse p.\n   \n   \n  \n\nJosep Pärn\n   2 kuuske\n   3\n   4\n   1.\n   41.\n  \n\n   1 korem kuuse p.\n   \n   \n  \n\nSumma\n   \n   \n   \n   74.\n   46.\n  \n\nMihkel Kukk\n   1 kuuse p.\n   3 sülla\n   5 wer\n   \n   81.\n  \n\n   2 kuuse p.\n   3\n   4\n   1.\n   20.\n  \n\n   1 hawa p.\n   3\n   5\n   \n   41.\n  \n\nSumma\n   \n   \n   \n   76.\n   88.\n  \n\nMaddis Tamm XXX\n\nJosep Reisenpuk XXX\n\nJosep Kallaus XXX\n\nMetsaherra kätte ärra antud 76 Rubla 49 koppikud.\n\n\n", "meta": {"origin_directory": "vallakohus_teine/"}, "layers": [{"name": "gold_ner", "attributes": ["nertag"], "parent": null, "enveloping": null, "ambiguous": false, "serialisation_module": null, "meta": {}, "spans": [{"base_span": [35, 49], "annotations": [{"nertag": "PER"}]}, {"base_span": [184, 195], "annotations": [{"nertag": "PER"}]}, {"base_span": [256, 266], "annotations": [{"nertag": "PER"}]}, {"base_span": [305, 315], "annotations": [{"nertag": "PER"}]}, {"base_span": [466, 477], "annotations": [{"nertag": "PER"}]}, {"base_span": [524, 534], "annotations": [{"nertag": "PER"}]}, {"base_span": [572, 583], "annotations": [{"nertag": "PER"}]}, {"base_span": [658, 668], "annotations": [{"nertag": "PER"}]}, {"base_span": [708, 716], "annotations": [{"nertag": "PER"}]}, {"base_span": [765, 777], "annotations": [{"nertag": "PER"}]}, {"base_span": [850, 863], "annotations": [{"nertag": "PER"}]}, {"base_span": [1019, 1029], "annotations": [{"nertag": "PER"}]}, {"base_span": [1115, 1129], "annotations": [{"nertag": "PER"}]}, {"base_span": [1207, 1217], "annotations": [{"nertag": "PER"}]}, {"base_span": [1298, 1312], "annotations": [{"nertag": "PER"}]}, {"base_span": [1392, 1403], "annotations": [{"nertag": "PER"}]}, {"base_span": [1444, 1456], "annotations": [{"nertag": "PER"}]}, {"base_span": [1497, 1511], "annotations": [{"nertag": "PER"}]}, {"base_span": [1550, 1559], "annotations": [{"nertag": "PER"}]}, {"base_span": [1603, 1615], "annotations": [{"nertag": "PER"}]}, {"base_span": [1740, 1750], "annotations": [{"nertag": "PER"}]}, {"base_span": [1792, 1805], "annotations": [{"nertag": "PER"}]}, {"base_span": [1850, 1860], "annotations": [{"nertag": "PER"}]}, {"base_span": [1941, 1950], "annotations": [{"nertag": "PER"}]}, {"base_span": [1991, 2000], "annotations": [{"nertag": "PER"}]}, {"base_span": [2083, 2093], "annotations": [{"nertag": "PER"}]}, {"base_span": [2175, 2188], "annotations": [{"nertag": "PER"}]}, {"base_span": [2232, 2243], "annotations": [{"nertag": "PER"}]}, {"base_span": [2287, 2302], "annotations": [{"nertag": "PER"}]}, {"base_span": [2399, 2411], "annotations": [{"nertag": "PER"}]}, {"base_span": [2494, 2504], "annotations": [{"nertag": "PER"}]}, {"base_span": [2547, 2562], "annotations": [{"nertag": "PER"}]}, {"base_span": [2598, 2609], "annotations": [{"nertag": "PER"}]}, {"base_span": [2690, 2706], "annotations": [{"nertag": "PER"}]}, {"base_span": [2755, 2767], "annotations": [{"nertag": "PER"}]}, {"base_span": [2816, 2825], "annotations": [{"nertag": "PER"}]}, {"base_span": [2863, 2873], "annotations": [{"nertag": "PER"}]}, {"base_span": [2953, 2964], "annotations": [{"nertag": "PER"}]}, {"base_span": [3008, 3018], "annotations": [{"nertag": "PER"}]}, {"base_span": [3059, 3072], "annotations": [{"nertag": "PER"}]}, {"base_span": [3110, 3124], "annotations": [{"nertag": "PER"}]}, {"base_span": [3199, 3212], "annotations": [{"nertag": "PER"}]}, {"base_span": [3251, 3260], "annotations": [{"nertag": "PER"}]}, {"base_span": [3300, 3313], "annotations": [{"nertag": "PER"}]}, {"base_span": [3401, 3410], "annotations": [{"nertag": "PER"}]}, {"base_span": [3462, 3472], "annotations": [{"nertag": "PER"}]}, {"base_span": [3516, 3532], "annotations": [{"nertag": "PER"}]}, {"base_span": [3620, 3631], "annotations": [{"nertag": "PER"}]}, {"base_span": [3670, 3680], "annotations": [{"nertag": "PER"}]}, {"base_span": [3795, 3807], "annotations": [{"nertag": "PER"}]}, {"base_span": [3883, 3895], "annotations": [{"nertag": "PER"}]}, {"base_span": [3944, 3956], "annotations": [{"nertag": "PER"}]}, {"base_span": [4028, 4038], "annotations": [{"nertag": "PER"}]}, {"base_span": [4146, 4157], "annotations": [{"nertag": "PER"}]}, {"base_span": [4322, 4333], "annotations": [{"nertag": "PER"}]}, {"base_span": [4339, 4354], "annotations": [{"nertag": "PER"}]}, {"base_span": [4360, 4373], "annotations": [{"nertag": "PER"}]}]}, {"name": "gold_wordner", "attributes": ["nertag"], "parent": null, "enveloping": null, "ambiguous": false, "serialisation_module": null, "meta": {}, "spans": [{"base_span": [1, 9], "annotations": [{"nertag": "O"}]}, {"base_span": [10, 16], "annotations": [{"nertag": "O"}]}, {"base_span": [17, 21], "annotations": [{"nertag": "O"}]}, {"base_span": [22, 27], "annotations": [{"nertag": "O"}]}, {"base_span": [28, 34], "annotations": [{"nertag": "O"}]}, {"base_span": [35, 40], "annotations": [{"nertag": "B-PER"}]}, {"base_span": [41, 49], "annotations": [{"nertag": "I-PER"}]}, {"base_span": [50, 53], "annotations": [{"nertag": "O"}]}, {"base_span": [54, 58], "annotations": [{"nertag": "O"}]}, {"base_span": [59, 67], "annotations": [{"nertag": "O"}]}, {"base_span": [68, 70], "annotations": [{"nertag": "O"}]}, {"base_span": [71, 79], "annotations": [{"nertag": "O"}]}, {"base_span": [80, 84], "annotations": [{"nertag": "O"}]}, {"base_span": [85, 91], "annotations": [{"nertag": "O"}]}, {"base_span": [92, 101], "annotations": [{"nertag": "O"}]}, {"base_span": [102, 107], "annotations": [{"nertag": "O"}]}, {"base_span": [108, 112], "annotations": [{"nertag": "O"}]}, {"base_span": [113, 119], "annotations": [{"nertag": "O"}]}, {"base_span": [120, 125], "annotations": [{"nertag": "O"}]}, {"base_span": [126, 129], "annotations": [{"nertag": "O"}]}, {"base_span": [130, 137], "annotations": [{"nertag": "O"}]}, {"base_span": [138, 143], "annotations": [{"nertag": "O"}]}, {"base_span": [144, 150], "annotations": [{"nertag": "O"}]}, {"base_span": [167, 171], "annotations": [{"nertag": "O"}]}, {"base_span": [175, 178], "annotations": [{"nertag": "O"}]}, {"base_span": [178, 179], "annotations": [{"nertag": "O"}]}, {"base_span": [184, 190], "annotations": [{"nertag": "B-PER"}]}, {"base_span": [191, 195], "annotations": [{"nertag": "I-PER"}]}, {"base_span": [207, 208], "annotations": [{"nertag": "O"}]}, {"base_span": [209, 214], "annotations": [{"nertag": "O"}]}, {"base_span": [215, 216], "annotations": [{"nertag": "O"}]}, {"base_span": [216, 217], "annotations": [{"nertag": "O"}]}, {"base_span": [221, 222], "annotations": [{"nertag": "O"}]}, {"base_span": [223, 228], "annotations": [{"nertag": "O"}]}, {"base_span": [232, 233], "annotations": [{"nertag": "O"}]}, {"base_span": [234, 240], "annotations": [{"nertag": "O"}]}, {"base_span": [248, 251], "annotations": [{"nertag": "O"}]}, {"base_span": [256, 261], "annotations": [{"nertag": "B-PER"}]}, {"base_span": [262, 266], "annotations": [{"nertag": "I-PER"}]}, {"base_span": [270, 271], "annotations": [{"nertag": "O"}]}, {"base_span": [272, 277], "annotations": [{"nertag": "O"}]}, {"base_span": [281, 282], "annotations": [{"nertag": "O"}]}, {"base_span": [286, 287], "annotations": [{"nertag": "O"}]}, {"base_span": [291, 293], "annotations": [{"nertag": "O"}]}, {"base_span": [297, 300], "annotations": [{"nertag": "O"}]}, {"base_span": [305, 309], "annotations": [{"nertag": "B-PER"}]}, {"base_span": [310, 315], "annotations": [{"nertag": "I-PER"}]}, {"base_span": [319, 320], "annotations": [{"nertag": "O"}]}, {"base_span": [321, 326], "annotations": [{"nertag": "O"}]}, {"base_span": [330, 331], "annotations": [{"nertag": "O"}]}, {"base_span": [335, 336], "annotations": [{"nertag": "O"}]}, {"base_span": [344, 347], "annotations": [{"nertag": "O"}]}, {"base_span": [355, 356], "annotations": [{"nertag": "O"}]}, {"base_span": [357, 362], "annotations": [{"nertag": "O"}]}, {"base_span": [366, 367], "annotations": [{"nertag": "O"}]}, {"base_span": [371, 372], "annotations": [{"nertag": "O"}]}, {"base_span": [380, 383], "annotations": [{"nertag": "O"}]}, {"base_span": [391, 393], "annotations": [{"nertag": "O"}]}, {"base_span": [394, 399], "annotations": [{"nertag": "O"}]}, {"base_span": [403, 404], "annotations": [{"nertag": "O"}]}, {"base_span": [408, 409], "annotations": [{"nertag": "O"}]}, {"base_span": [413, 415], "annotations": [{"nertag": "O"}]}, {"base_span": [419, 422], "annotations": [{"nertag": "O"}]}, {"base_span": [430, 431], "annotations": [{"nertag": "O"}]}, {"base_span": [432, 438], "annotations": [{"nertag": "O"}]}, {"base_span": [442, 443], "annotations": [{"nertag": "O"}]}, {"base_span": [447, 448], "annotations": [{"nertag": "O"}]}, {"base_span": [452, 454], "annotations": [{"nertag": "O"}]}, {"base_span": [458, 461], "annotations": [{"nertag": "O"}]}, {"base_span": [466, 471], "annotations": [{"nertag": "B-PER"}]}, {"base_span": [472, 477], "annotations": [{"nertag": "I-PER"}]}, {"base_span": [481, 482], "annotations": [{"nertag": "O"}]}, {"base_span": [483, 490], "annotations": [{"nertag": "O"}]}, {"base_span": [491, 500], "annotations": [{"nertag": "O"}]}, {"base_span": [516, 519], "annotations": [{"nertag": "O"}]}, {"base_span": [524, 530], "annotations": [{"nertag": "B-PER"}]}, {"base_span": [531, 534], "annotations": [{"nertag": "I-PER"}]}, {"base_span": [538, 539], "annotations": [{"nertag": "O"}]}, {"base_span": [540, 545], "annotations": [{"nertag": "O"}]}, {"base_span": [549, 550], "annotations": [{"nertag": "O"}]}, {"base_span": [554, 555], "annotations": [{"nertag": "O"}]}, {"base_span": [559, 561], "annotations": [{"nertag": "O"}]}, {"base_span": [565, 567], "annotations": [{"nertag": "O"}]}, {"base_span": [572, 578], "annotations": [{"nertag": "B-PER"}]}, {"base_span": [579, 583], "annotations": [{"nertag": "I-PER"}]}, {"base_span": [587, 588], "annotations": [{"nertag": "O"}]}, {"base_span": [589, 594], "annotations": [{"nertag": "O"}]}, {"base_span": [598, 599], "annotations": [{"nertag": "O"}]}, {"base_span": [603, 604], "annotations": [{"nertag": "O"}]}, {"base_span": [612, 615], "annotations": [{"nertag": "O"}]}, {"base_span": [623, 624], "annotations": [{"nertag": "O"}]}, {"base_span": [625, 630], "annotations": [{"nertag": "O"}]}, {"base_span": [634, 635], "annotations": [{"nertag": "O"}]}, {"base_span": [639, 640], "annotations": [{"nertag": "O"}]}, {"base_span": [644, 646], "annotations": [{"nertag": "O"}]}, {"base_span": [650, 653], "annotations": [{"nertag": "O"}]}, {"base_span": [658, 663], "annotations": [{"nertag": "B-PER"}]}, {"base_span": [664, 668], "annotations": [{"nertag": "I-PER"}]}, {"base_span": [672, 673], "annotations": [{"nertag": "O"}]}, {"base_span": [674, 680], "annotations": [{"nertag": "O"}]}, {"base_span": [684, 685], "annotations": [{"nertag": "O"}]}, {"base_span": [689, 690], "annotations": [{"nertag": "O"}]}, {"base_span": [694, 696], "annotations": [{"nertag": "O"}]}, {"base_span": [700, 703], "annotations": [{"nertag": "O"}]}, {"base_span": [708, 712], "annotations": [{"nertag": "B-PER"}]}, {"base_span": [713, 716], "annotations": [{"nertag": "I-PER"}]}, {"base_span": [720, 721], "annotations": [{"nertag": "O"}]}, {"base_span": [722, 727], "annotations": [{"nertag": "O"}]}, {"base_span": [728, 733], "annotations": [{"nertag": "O"}]}, {"base_span": [734, 737], "annotations": [{"nertag": "O"}]}, {"base_span": [737, 738], "annotations": [{"nertag": "O"}]}, {"base_span": [750, 752], "annotations": [{"nertag": "O"}]}, {"base_span": [753, 754], "annotations": [{"nertag": "O"}]}, {"base_span": [754, 755], "annotations": [{"nertag": "O"}]}, {"base_span": [755, 756], "annotations": [{"nertag": "O"}]}, {"base_span": [765, 771], "annotations": [{"nertag": "B-PER"}]}, {"base_span": [772, 777], "annotations": [{"nertag": "I-PER"}]}, {"base_span": [781, 782], "annotations": [{"nertag": "O"}]}, {"base_span": [783, 788], "annotations": [{"nertag": "O"}]}, {"base_span": [792, 793], "annotations": [{"nertag": "O"}]}, {"base_span": [797, 798], "annotations": [{"nertag": "O"}]}, {"base_span": [806, 809], "annotations": [{"nertag": "O"}]}, {"base_span": [817, 818], "annotations": [{"nertag": "O"}]}, {"base_span": [819, 824], "annotations": [{"nertag": "O"}]}, {"base_span": [828, 829], "annotations": [{"nertag": "O"}]}, {"base_span": [833, 834], "annotations": [{"nertag": "O"}]}, {"base_span": [842, 845], "annotations": [{"nertag": "O"}]}, {"base_span": [850, 854], "annotations": [{"nertag": "B-PER"}]}, {"base_span": [855, 863], "annotations": [{"nertag": "I-PER"}]}, {"base_span": [867, 868], "annotations": [{"nertag": "O"}]}, {"base_span": [869, 874], "annotations": [{"nertag": "O"}]}, {"base_span": [878, 879], "annotations": [{"nertag": "O"}]}, {"base_span": [883, 884], "annotations": [{"nertag": "O"}]}, {"base_span": [892, 895], "annotations": [{"nertag": "O"}]}, {"base_span": [903, 904], "annotations": [{"nertag": "O"}]}, {"base_span": [905, 910], "annotations": [{"nertag": "O"}]}, {"base_span": [914, 915], "annotations": [{"nertag": "O"}]}, {"base_span": [919, 920], "annotations": [{"nertag": "O"}]}, {"base_span": [928, 931], "annotations": [{"nertag": "O"}]}, {"base_span": [939, 940], "annotations": [{"nertag": "O"}]}, {"base_span": [941, 947], "annotations": [{"nertag": "O"}]}, {"base_span": [951, 952], "annotations": [{"nertag": "O"}]}, {"base_span": [956, 957], "annotations": [{"nertag": "O"}]}, {"base_span": [961, 963], "annotations": [{"nertag": "O"}]}, {"base_span": [967, 970], "annotations": [{"nertag": "O"}]}, {"base_span": [978, 979], "annotations": [{"nertag": "O"}]}, {"base_span": [980, 985], "annotations": [{"nertag": "O"}]}, {"base_span": [986, 995], "annotations": [{"nertag": "O"}]}, {"base_span": [1011, 1014], "annotations": [{"nertag": "O"}]}, {"base_span": [1019, 1024], "annotations": [{"nertag": "B-PER"}]}, {"base_span": [1025, 1029], "annotations": [{"nertag": "I-PER"}]}, {"base_span": [1033, 1034], "annotations": [{"nertag": "O"}]}, {"base_span": [1035, 1040], "annotations": [{"nertag": "O"}]}, {"base_span": [1044, 1045], "annotations": [{"nertag": "O"}]}, {"base_span": [1049, 1050], "annotations": [{"nertag": "O"}]}, {"base_span": [1058, 1061], "annotations": [{"nertag": "O"}]}, {"base_span": [1069, 1070], "annotations": [{"nertag": "O"}]}, {"base_span": [1070, 1071], "annotations": [{"nertag": "O"}]}, {"base_span": [1071, 1072], "annotations": [{"nertag": "O"}]}, {"base_span": [1073, 1079], "annotations": [{"nertag": "O"}]}, {"base_span": [1080, 1085], "annotations": [{"nertag": "O"}]}, {"base_span": [1086, 1090], "annotations": [{"nertag": "O"}]}, {"base_span": [1090, 1091], "annotations": [{"nertag": "O"}]}, {"base_span": [1107, 1110], "annotations": [{"nertag": "O"}]}, {"base_span": [1115, 1121], "annotations": [{"nertag": "B-PER"}]}, {"base_span": [1122, 1129], "annotations": [{"nertag": "I-PER"}]}, {"base_span": [1133, 1134], "annotations": [{"nertag": "O"}]}, {"base_span": [1135, 1140], "annotations": [{"nertag": "O"}]}, {"base_span": [1141, 1142], "annotations": [{"nertag": "O"}]}, {"base_span": [1142, 1143], "annotations": [{"nertag": "O"}]}, {"base_span": [1147, 1148], "annotations": [{"nertag": "O"}]}, {"base_span": [1152, 1153], "annotations": [{"nertag": "O"}]}, {"base_span": [1161, 1164], "annotations": [{"nertag": "O"}]}, {"base_span": [1172, 1173], "annotations": [{"nertag": "O"}]}, {"base_span": [1174, 1178], "annotations": [{"nertag": "O"}]}, {"base_span": [1179, 1180], "annotations": [{"nertag": "O"}]}, {"base_span": [1180, 1181], "annotations": [{"nertag": "O"}]}, {"base_span": [1185, 1186], "annotations": [{"nertag": "O"}]}, {"base_span": [1190, 1191], "annotations": [{"nertag": "O"}]}, {"base_span": [1199, 1202], "annotations": [{"nertag": "O"}]}, {"base_span": [1207, 1212], "annotations": [{"nertag": "B-PER"}]}, {"base_span": [1213, 1217], "annotations": [{"nertag": "I-PER"}]}, {"base_span": [1221, 1222], "annotations": [{"nertag": "O"}]}, {"base_span": [1223, 1229], "annotations": [{"nertag": "O"}]}, {"base_span": [1234, 1235], "annotations": [{"nertag": "O"}]}, {"base_span": [1239, 1240], "annotations": [{"nertag": "O"}]}, {"base_span": [1248, 1251], "annotations": [{"nertag": "O"}]}, {"base_span": [1259, 1260], "annotations": [{"nertag": "O"}]}, {"base_span": [1261, 1266], "annotations": [{"nertag": "O"}]}, {"base_span": [1267, 1274], "annotations": [{"nertag": "O"}]}, {"base_span": [1290, 1293], "annotations": [{"nertag": "O"}]}, {"base_span": [1298, 1303], "annotations": [{"nertag": "B-PER"}]}, {"base_span": [1304, 1312], "annotations": [{"nertag": "I-PER"}]}, {"base_span": [1316, 1317], "annotations": [{"nertag": "O"}]}, {"base_span": [1318, 1323], "annotations": [{"nertag": "O"}]}, {"base_span": [1324, 1325], "annotations": [{"nertag": "O"}]}, {"base_span": [1329, 1330], "annotations": [{"nertag": "O"}]}, {"base_span": [1334, 1335], "annotations": [{"nertag": "O"}]}, {"base_span": [1343, 1346], "annotations": [{"nertag": "O"}]}, {"base_span": [1354, 1355], "annotations": [{"nertag": "O"}]}, {"base_span": [1356, 1361], "annotations": [{"nertag": "O"}]}, {"base_span": [1362, 1363], "annotations": [{"nertag": "O"}]}, {"base_span": [1363, 1364], "annotations": [{"nertag": "O"}]}, {"base_span": [1368, 1369], "annotations": [{"nertag": "O"}]}, {"base_span": [1373, 1374], "annotations": [{"nertag": "O"}]}, {"base_span": [1378, 1380], "annotations": [{"nertag": "O"}]}, {"base_span": [1384, 1387], "annotations": [{"nertag": "O"}]}, {"base_span": [1392, 1397], "annotations": [{"nertag": "B-PER"}]}, {"base_span": [1398, 1403], "annotations": [{"nertag": "I-PER"}]}, {"base_span": [1407, 1408], "annotations": [{"nertag": "O"}]}, {"base_span": [1409, 1414], "annotations": [{"nertag": "O"}]}, {"base_span": [1415, 1416], "annotations": [{"nertag": "O"}]}, {"base_span": [1420, 1421], "annotations": [{"nertag": "O"}]}, {"base_span": [1425, 1426], "annotations": [{"nertag": "O"}]}, {"base_span": [1430, 1432], "annotations": [{"nertag": "O"}]}, {"base_span": [1436, 1439], "annotations": [{"nertag": "O"}]}, {"base_span": [1444, 1449], "annotations": [{"nertag": "B-PER"}]}, {"base_span": [1450, 1456], "annotations": [{"nertag": "I-PER"}]}, {"base_span": [1460, 1461], "annotations": [{"nertag": "O"}]}, {"base_span": [1462, 1467], "annotations": [{"nertag": "O"}]}, {"base_span": [1468, 1469], "annotations": [{"nertag": "O"}]}, {"base_span": [1473, 1474], "annotations": [{"nertag": "O"}]}, {"base_span": [1478, 1479], "annotations": [{"nertag": "O"}]}, {"base_span": [1483, 1485], "annotations": [{"nertag": "O"}]}, {"base_span": [1489, 1492], "annotations": [{"nertag": "O"}]}, {"base_span": [1497, 1502], "annotations": [{"nertag": "B-PER"}]}, {"base_span": [1503, 1511], "annotations": [{"nertag": "I-PER"}]}, {"base_span": [1515, 1516], "annotations": [{"nertag": "O"}]}, {"base_span": [1517, 1522], "annotations": [{"nertag": "O"}]}, {"base_span": [1526, 1527], "annotations": [{"nertag": "O"}]}, {"base_span": [1531, 1532], "annotations": [{"nertag": "O"}]}, {"base_span": [1536, 1538], "annotations": [{"nertag": "O"}]}, {"base_span": [1542, 1545], "annotations": [{"nertag": "O"}]}, {"base_span": [1550, 1554], "annotations": [{"nertag": "B-PER"}]}, {"base_span": [1555, 1559], "annotations": [{"nertag": "I-PER"}]}, {"base_span": [1563, 1564], "annotations": [{"nertag": "O"}]}, {"base_span": [1565, 1570], "annotations": [{"nertag": "O"}]}, {"base_span": [1571, 1579], "annotations": [{"nertag": "O"}]}, {"base_span": [1595, 1598], "annotations": [{"nertag": "O"}]}, {"base_span": [1603, 1607], "annotations": [{"nertag": "B-PER"}]}, {"base_span": [1608, 1615], "annotations": [{"nertag": "I-PER"}]}, {"base_span": [1619, 1620], "annotations": [{"nertag": "O"}]}, {"base_span": [1621, 1626], "annotations": [{"nertag": "O"}]}, {"base_span": [1630, 1631], "annotations": [{"nertag": "O"}]}, {"base_span": [1635, 1636], "annotations": [{"nertag": "O"}]}, {"base_span": [1640, 1642], "annotations": [{"nertag": "O"}]}, {"base_span": [1646, 1649], "annotations": [{"nertag": "O"}]}, {"base_span": [1657, 1658], "annotations": [{"nertag": "O"}]}, {"base_span": [1659, 1664], "annotations": [{"nertag": "O"}]}, {"base_span": [1669, 1670], "annotations": [{"nertag": "O"}]}, {"base_span": [1674, 1675], "annotations": [{"nertag": "O"}]}, {"base_span": [1683, 1686], "annotations": [{"nertag": "O"}]}, {"base_span": [1694, 1695], "annotations": [{"nertag": "O"}]}, {"base_span": [1696, 1701], "annotations": [{"nertag": "O"}]}, {"base_span": [1702, 1707], "annotations": [{"nertag": "O"}]}, {"base_span": [1708, 1712], "annotations": [{"nertag": "O"}]}, {"base_span": [1728, 1730], "annotations": [{"nertag": "O"}]}, {"base_span": [1731, 1732], "annotations": [{"nertag": "O"}]}, {"base_span": [1732, 1733], "annotations": [{"nertag": "O"}]}, {"base_span": [1733, 1735], "annotations": [{"nertag": "O"}]}, {"base_span": [1740, 1745], "annotations": [{"nertag": "B-PER"}]}, {"base_span": [1746, 1750], "annotations": [{"nertag": "I-PER"}]}, {"base_span": [1755, 1756], "annotations": [{"nertag": "O"}]}, {"base_span": [1757, 1762], "annotations": [{"nertag": "O"}]}, {"base_span": [1763, 1764], "annotations": [{"nertag": "O"}]}, {"base_span": [1768, 1769], "annotations": [{"nertag": "O"}]}, {"base_span": [1773, 1774], "annotations": [{"nertag": "O"}]}, {"base_span": [1778, 1780], "annotations": [{"nertag": "O"}]}, {"base_span": [1784, 1787], "annotations": [{"nertag": "O"}]}, {"base_span": [1792, 1797], "annotations": [{"nertag": "B-PER"}]}, {"base_span": [1798, 1805], "annotations": [{"nertag": "I-PER"}]}, {"base_span": [1810, 1811], "annotations": [{"nertag": "O"}]}, {"base_span": [1812, 1817], "annotations": [{"nertag": "O"}]}, {"base_span": [1818, 1823], "annotations": [{"nertag": "O"}]}, {"base_span": [1824, 1825], "annotations": [{"nertag": "O"}]}, {"base_span": [1825, 1826], "annotations": [{"nertag": "O"}]}, {"base_span": [1842, 1845], "annotations": [{"nertag": "O"}]}, {"base_span": [1850, 1854], "annotations": [{"nertag": "B-PER"}]}, {"base_span": [1855, 1860], "annotations": [{"nertag": "I-PER"}]}, {"base_span": [1864, 1865], "annotations": [{"nertag": "O"}]}, {"base_span": [1866, 1872], "annotations": [{"nertag": "O"}]}, {"base_span": [1876, 1877], "annotations": [{"nertag": "O"}]}, {"base_span": [1881, 1882], "annotations": [{"nertag": "O"}]}, {"base_span": [1890, 1893], "annotations": [{"nertag": "O"}]}, {"base_span": [1901, 1902], "annotations": [{"nertag": "O"}]}, {"base_span": [1903, 1908], "annotations": [{"nertag": "O"}]}, {"base_span": [1909, 1914], "annotations": [{"nertag": "O"}]}, {"base_span": [1915, 1916], "annotations": [{"nertag": "O"}]}, {"base_span": [1916, 1917], "annotations": [{"nertag": "O"}]}, {"base_span": [1933, 1936], "annotations": [{"nertag": "O"}]}, {"base_span": [1941, 1946], "annotations": [{"nertag": "B-PER"}]}, {"base_span": [1947, 1950], "annotations": [{"nertag": "I-PER"}]}, {"base_span": [1954, 1955], "annotations": [{"nertag": "O"}]}, {"base_span": [1956, 1961], "annotations": [{"nertag": "O"}]}, {"base_span": [1962, 1963], "annotations": [{"nertag": "O"}]}, {"base_span": [1967, 1968], "annotations": [{"nertag": "O"}]}, {"base_span": [1972, 1973], "annotations": [{"nertag": "O"}]}, {"base_span": [1977, 1979], "annotations": [{"nertag": "O"}]}, {"base_span": [1983, 1986], "annotations": [{"nertag": "O"}]}, {"base_span": [1991, 1995], "annotations": [{"nertag": "B-PER"}]}, {"base_span": [1996, 2000], "annotations": [{"nertag": "I-PER"}]}, {"base_span": [2004, 2005], "annotations": [{"nertag": "O"}]}, {"base_span": [2006, 2011], "annotations": [{"nertag": "O"}]}, {"base_span": [2012, 2013], "annotations": [{"nertag": "O"}]}, {"base_span": [2013, 2014], "annotations": [{"nertag": "O"}]}, {"base_span": [2018, 2019], "annotations": [{"nertag": "O"}]}, {"base_span": [2023, 2024], "annotations": [{"nertag": "O"}]}, {"base_span": [2028, 2030], "annotations": [{"nertag": "O"}]}, {"base_span": [2034, 2036], "annotations": [{"nertag": "O"}]}, {"base_span": [2044, 2045], "annotations": [{"nertag": "O"}]}, {"base_span": [2046, 2051], "annotations": [{"nertag": "O"}]}, {"base_span": [2052, 2058], "annotations": [{"nertag": "O"}]}, {"base_span": [2058, 2059], "annotations": [{"nertag": "O"}]}, {"base_span": [2075, 2078], "annotations": [{"nertag": "O"}]}, {"base_span": [2083, 2089], "annotations": [{"nertag": "B-PER"}]}, {"base_span": [2090, 2093], "annotations": [{"nertag": "I-PER"}]}, {"base_span": [2097, 2098], "annotations": [{"nertag": "O"}]}, {"base_span": [2099, 2104], "annotations": [{"nertag": "O"}]}, {"base_span": [2105, 2106], "annotations": [{"nertag": "O"}]}, {"base_span": [2106, 2107], "annotations": [{"nertag": "O"}]}, {"base_span": [2111, 2112], "annotations": [{"nertag": "O"}]}, {"base_span": [2116, 2117], "annotations": [{"nertag": "O"}]}, {"base_span": [2121, 2123], "annotations": [{"nertag": "O"}]}, {"base_span": [2127, 2130], "annotations": [{"nertag": "O"}]}, {"base_span": [2138, 2139], "annotations": [{"nertag": "O"}]}, {"base_span": [2140, 2145], "annotations": [{"nertag": "O"}]}, {"base_span": [2146, 2147], "annotations": [{"nertag": "O"}]}, {"base_span": [2151, 2152], "annotations": [{"nertag": "O"}]}, {"base_span": [2156, 2157], "annotations": [{"nertag": "O"}]}, {"base_span": [2161, 2163], "annotations": [{"nertag": "O"}]}, {"base_span": [2167, 2170], "annotations": [{"nertag": "O"}]}, {"base_span": [2175, 2181], "annotations": [{"nertag": "B-PER"}]}, {"base_span": [2182, 2188], "annotations": [{"nertag": "I-PER"}]}, {"base_span": [2192, 2193], "annotations": [{"nertag": "O"}]}, {"base_span": [2194, 2199], "annotations": [{"nertag": "O"}]}, {"base_span": [2200, 2205], "annotations": [{"nertag": "O"}]}, {"base_span": [2206, 2207], "annotations": [{"nertag": "O"}]}, {"base_span": [2207, 2208], "annotations": [{"nertag": "O"}]}, {"base_span": [2224, 2227], "annotations": [{"nertag": "O"}]}, {"base_span": [2232, 2238], "annotations": [{"nertag": "B-PER"}]}, {"base_span": [2239, 2243], "annotations": [{"nertag": "I-PER"}]}, {"base_span": [2247, 2248], "annotations": [{"nertag": "O"}]}, {"base_span": [2249, 2254], "annotations": [{"nertag": "O"}]}, {"base_span": [2255, 2260], "annotations": [{"nertag": "O"}]}, {"base_span": [2261, 2262], "annotations": [{"nertag": "O"}]}, {"base_span": [2262, 2263], "annotations": [{"nertag": "O"}]}, {"base_span": [2279, 2282], "annotations": [{"nertag": "O"}]}, {"base_span": [2287, 2292], "annotations": [{"nertag": "B-PER"}]}, {"base_span": [2293, 2302], "annotations": [{"nertag": "I-PER"}]}, {"base_span": [2306, 2307], "annotations": [{"nertag": "O"}]}, {"base_span": [2307, 2308], "annotations": [{"nertag": "O"}]}, {"base_span": [2308, 2309], "annotations": [{"nertag": "O"}]}, {"base_span": [2310, 2315], "annotations": [{"nertag": "O"}]}, {"base_span": [2319, 2320], "annotations": [{"nertag": "O"}]}, {"base_span": [2321, 2326], "annotations": [{"nertag": "O"}]}, {"base_span": [2330, 2331], "annotations": [{"nertag": "O"}]}, {"base_span": [2332, 2335], "annotations": [{"nertag": "O"}]}, {"base_span": [2343, 2345], "annotations": [{"nertag": "O"}]}, {"base_span": [2346, 2347], "annotations": [{"nertag": "O"}]}, {"base_span": [2347, 2348], "annotations": [{"nertag": "O"}]}, {"base_span": [2348, 2350], "annotations": [{"nertag": "O"}]}, {"base_span": [2358, 2359], "annotations": [{"nertag": "O"}]}, {"base_span": [2360, 2365], "annotations": [{"nertag": "O"}]}, {"base_span": [2366, 2374], "annotations": [{"nertag": "O"}]}, {"base_span": [2374, 2375], "annotations": [{"nertag": "O"}]}, {"base_span": [2391, 2394], "annotations": [{"nertag": "O"}]}, {"base_span": [2399, 2404], "annotations": [{"nertag": "B-PER"}]}, {"base_span": [2405, 2411], "annotations": [{"nertag": "I-PER"}]}, {"base_span": [2415, 2416], "annotations": [{"nertag": "O"}]}, {"base_span": [2417, 2421], "annotations": [{"nertag": "O"}]}, {"base_span": [2425, 2426], "annotations": [{"nertag": "O"}]}, {"base_span": [2430, 2431], "annotations": [{"nertag": "O"}]}, {"base_span": [2435, 2437], "annotations": [{"nertag": "O"}]}, {"base_span": [2441, 2443], "annotations": [{"nertag": "O"}]}, {"base_span": [2451, 2452], "annotations": [{"nertag": "O"}]}, {"base_span": [2453, 2458], "annotations": [{"nertag": "O"}]}, {"base_span": [2459, 2464], "annotations": [{"nertag": "O"}]}, {"base_span": [2465, 2469], "annotations": [{"nertag": "O"}]}, {"base_span": [2469, 2470], "annotations": [{"nertag": "O"}]}, {"base_span": [2486, 2489], "annotations": [{"nertag": "O"}]}, {"base_span": [2494, 2498], "annotations": [{"nertag": "B-PER"}]}, {"base_span": [2499, 2504], "annotations": [{"nertag": "I-PER"}]}, {"base_span": [2508, 2509], "annotations": [{"nertag": "O"}]}, {"base_span": [2510, 2515], "annotations": [{"nertag": "O"}]}, {"base_span": [2516, 2522], "annotations": [{"nertag": "O"}]}, {"base_span": [2522, 2523], "annotations": [{"nertag": "O"}]}, {"base_span": [2539, 2542], "annotations": [{"nertag": "O"}]}, {"base_span": [2547, 2553], "annotations": [{"nertag": "B-PER"}]}, {"base_span": [2554, 2562], "annotations": [{"nertag": "I-PER"}]}, {"base_span": [2566, 2567], "annotations": [{"nertag": "O"}]}, {"base_span": [2568, 2572], "annotations": [{"nertag": "O"}]}, {"base_span": [2576, 2577], "annotations": [{"nertag": "O"}]}, {"base_span": [2581, 2582], "annotations": [{"nertag": "O"}]}, {"base_span": [2590, 2593], "annotations": [{"nertag": "O"}]}, {"base_span": [2598, 2604], "annotations": [{"nertag": "B-PER"}]}, {"base_span": [2605, 2609], "annotations": [{"nertag": "I-PER"}]}, {"base_span": [2613, 2614], "annotations": [{"nertag": "O"}]}, {"base_span": [2615, 2620], "annotations": [{"nertag": "O"}]}, {"base_span": [2621, 2622], "annotations": [{"nertag": "O"}]}, {"base_span": [2622, 2623], "annotations": [{"nertag": "O"}]}, {"base_span": [2627, 2628], "annotations": [{"nertag": "O"}]}, {"base_span": [2632, 2633], "annotations": [{"nertag": "O"}]}, {"base_span": [2637, 2639], "annotations": [{"nertag": "O"}]}, {"base_span": [2643, 2646], "annotations": [{"nertag": "O"}]}, {"base_span": [2651, 2656], "annotations": [{"nertag": "O"}]}, {"base_span": [2672, 2675], "annotations": [{"nertag": "O"}]}, {"base_span": [2679, 2681], "annotations": [{"nertag": "O"}]}, {"base_span": [2682, 2683], "annotations": [{"nertag": "O"}]}, {"base_span": [2683, 2684], "annotations": [{"nertag": "O"}]}, {"base_span": [2684, 2685], "annotations": [{"nertag": "O"}]}, {"base_span": [2690, 2696], "annotations": [{"nertag": "B-PER"}]}, {"base_span": [2697, 2706], "annotations": [{"nertag": "I-PER"}]}, {"base_span": [2710, 2711], "annotations": [{"nertag": "O"}]}, {"base_span": [2712, 2717], "annotations": [{"nertag": "O"}]}, {"base_span": [2718, 2726], "annotations": [{"nertag": "O"}]}, {"base_span": [2726, 2727], "annotations": [{"nertag": "O"}]}, {"base_span": [2743, 2745], "annotations": [{"nertag": "O"}]}, {"base_span": [2746, 2747], "annotations": [{"nertag": "O"}]}, {"base_span": [2747, 2748], "annotations": [{"nertag": "O"}]}, {"base_span": [2748, 2750], "annotations": [{"nertag": "O"}]}, {"base_span": [2755, 2761], "annotations": [{"nertag": "B-PER"}]}, {"base_span": [2762, 2767], "annotations": [{"nertag": "I-PER"}]}, {"base_span": [2771, 2772], "annotations": [{"nertag": "O"}]}, {"base_span": [2773, 2777], "annotations": [{"nertag": "O"}]}, {"base_span": [2778, 2779], "annotations": [{"nertag": "O"}]}, {"base_span": [2783, 2784], "annotations": [{"nertag": "O"}]}, {"base_span": [2785, 2789], "annotations": [{"nertag": "O"}]}, {"base_span": [2793, 2794], "annotations": [{"nertag": "O"}]}, {"base_span": [2795, 2801], "annotations": [{"nertag": "O"}]}, {"base_span": [2809, 2811], "annotations": [{"nertag": "O"}]}, {"base_span": [2816, 2820], "annotations": [{"nertag": "B-PER"}]}, {"base_span": [2821, 2825], "annotations": [{"nertag": "I-PER"}]}, {"base_span": [2829, 2830], "annotations": [{"nertag": "O"}]}, {"base_span": [2831, 2837], "annotations": [{"nertag": "O"}]}, {"base_span": [2841, 2842], "annotations": [{"nertag": "O"}]}, {"base_span": [2846, 2847], "annotations": [{"nertag": "O"}]}, {"base_span": [2855, 2858], "annotations": [{"nertag": "O"}]}, {"base_span": [2863, 2868], "annotations": [{"nertag": "B-PER"}]}, {"base_span": [2869, 2873], "annotations": [{"nertag": "I-PER"}]}, {"base_span": [2877, 2878], "annotations": [{"nertag": "O"}]}, {"base_span": [2879, 2885], "annotations": [{"nertag": "O"}]}, {"base_span": [2890, 2891], "annotations": [{"nertag": "O"}]}, {"base_span": [2895, 2896], "annotations": [{"nertag": "O"}]}, {"base_span": [2900, 2902], "annotations": [{"nertag": "O"}]}, {"base_span": [2906, 2908], "annotations": [{"nertag": "O"}]}, {"base_span": [2916, 2917], "annotations": [{"nertag": "O"}]}, {"base_span": [2918, 2923], "annotations": [{"nertag": "O"}]}, {"base_span": [2924, 2925], "annotations": [{"nertag": "O"}]}, {"base_span": [2929, 2930], "annotations": [{"nertag": "O"}]}, {"base_span": [2934, 2935], "annotations": [{"nertag": "O"}]}, {"base_span": [2939, 2941], "annotations": [{"nertag": "O"}]}, {"base_span": [2945, 2948], "annotations": [{"nertag": "O"}]}, {"base_span": [2953, 2959], "annotations": [{"nertag": "B-PER"}]}, {"base_span": [2960, 2964], "annotations": [{"nertag": "I-PER"}]}, {"base_span": [2968, 2969], "annotations": [{"nertag": "O"}]}, {"base_span": [2970, 2975], "annotations": [{"nertag": "O"}]}, {"base_span": [2976, 2981], "annotations": [{"nertag": "O"}]}, {"base_span": [2982, 2983], "annotations": [{"nertag": "O"}]}, {"base_span": [2983, 2984], "annotations": [{"nertag": "O"}]}, {"base_span": [3000, 3003], "annotations": [{"nertag": "O"}]}, {"base_span": [3008, 3014], "annotations": [{"nertag": "B-PER"}]}, {"base_span": [3015, 3018], "annotations": [{"nertag": "I-PER"}]}, {"base_span": [3022, 3023], "annotations": [{"nertag": "O"}]}, {"base_span": [3024, 3029], "annotations": [{"nertag": "O"}]}, {"base_span": [3030, 3031], "annotations": [{"nertag": "O"}]}, {"base_span": [3035, 3036], "annotations": [{"nertag": "O"}]}, {"base_span": [3040, 3041], "annotations": [{"nertag": "O"}]}, {"base_span": [3045, 3047], "annotations": [{"nertag": "O"}]}, {"base_span": [3051, 3054], "annotations": [{"nertag": "O"}]}, {"base_span": [3059, 3064], "annotations": [{"nertag": "B-PER"}]}, {"base_span": [3065, 3072], "annotations": [{"nertag": "I-PER"}]}, {"base_span": [3076, 3077], "annotations": [{"nertag": "O"}]}, {"base_span": [3078, 3083], "annotations": [{"nertag": "O"}]}, {"base_span": [3087, 3088], "annotations": [{"nertag": "O"}]}, {"base_span": [3092, 3093], "annotations": [{"nertag": "O"}]}, {"base_span": [3097, 3099], "annotations": [{"nertag": "O"}]}, {"base_span": [3103, 3105], "annotations": [{"nertag": "O"}]}, {"base_span": [3110, 3114], "annotations": [{"nertag": "B-PER"}]}, {"base_span": [3115, 3124], "annotations": [{"nertag": "I-PER"}]}, {"base_span": [3128, 3129], "annotations": [{"nertag": "O"}]}, {"base_span": [3130, 3135], "annotations": [{"nertag": "O"}]}, {"base_span": [3139, 3140], "annotations": [{"nertag": "O"}]}, {"base_span": [3144, 3145], "annotations": [{"nertag": "O"}]}, {"base_span": [3153, 3156], "annotations": [{"nertag": "O"}]}, {"base_span": [3164, 3165], "annotations": [{"nertag": "O"}]}, {"base_span": [3166, 3170], "annotations": [{"nertag": "O"}]}, {"base_span": [3171, 3172], "annotations": [{"nertag": "O"}]}, {"base_span": [3172, 3173], "annotations": [{"nertag": "O"}]}, {"base_span": [3177, 3178], "annotations": [{"nertag": "O"}]}, {"base_span": [3182, 3183], "annotations": [{"nertag": "O"}]}, {"base_span": [3191, 3194], "annotations": [{"nertag": "O"}]}, {"base_span": [3199, 3205], "annotations": [{"nertag": "B-PER"}]}, {"base_span": [3206, 3212], "annotations": [{"nertag": "I-PER"}]}, {"base_span": [3216, 3217], "annotations": [{"nertag": "O"}]}, {"base_span": [3218, 3223], "annotations": [{"nertag": "O"}]}, {"base_span": [3227, 3228], "annotations": [{"nertag": "O"}]}, {"base_span": [3232, 3233], "annotations": [{"nertag": "O"}]}, {"base_span": [3237, 3239], "annotations": [{"nertag": "O"}]}, {"base_span": [3243, 3246], "annotations": [{"nertag": "O"}]}, {"base_span": [3251, 3255], "annotations": [{"nertag": "B-PER"}]}, {"base_span": [3256, 3260], "annotations": [{"nertag": "I-PER"}]}, {"base_span": [3264, 3265], "annotations": [{"nertag": "O"}]}, {"base_span": [3266, 3272], "annotations": [{"nertag": "O"}]}, {"base_span": [3276, 3277], "annotations": [{"nertag": "O"}]}, {"base_span": [3281, 3282], "annotations": [{"nertag": "O"}]}, {"base_span": [3286, 3288], "annotations": [{"nertag": "O"}]}, {"base_span": [3292, 3295], "annotations": [{"nertag": "O"}]}, {"base_span": [3300, 3306], "annotations": [{"nertag": "B-PER"}]}, {"base_span": [3307, 3313], "annotations": [{"nertag": "I-PER"}]}, {"base_span": [3317, 3318], "annotations": [{"nertag": "O"}]}, {"base_span": [3319, 3324], "annotations": [{"nertag": "O"}]}, {"base_span": [3325, 3330], "annotations": [{"nertag": "O"}]}, {"base_span": [3331, 3332], "annotations": [{"nertag": "O"}]}, {"base_span": [3348, 3350], "annotations": [{"nertag": "O"}]}, {"base_span": [3351, 3352], "annotations": [{"nertag": "O"}]}, {"base_span": [3352, 3353], "annotations": [{"nertag": "O"}]}, {"base_span": [3353, 3354], "annotations": [{"nertag": "O"}]}, {"base_span": [3362, 3363], "annotations": [{"nertag": "O"}]}, {"base_span": [3364, 3369], "annotations": [{"nertag": "O"}]}, {"base_span": [3370, 3377], "annotations": [{"nertag": "O"}]}, {"base_span": [3393, 3396], "annotations": [{"nertag": "O"}]}, {"base_span": [3401, 3406], "annotations": [{"nertag": "B-PER"}]}, {"base_span": [3407, 3410], "annotations": [{"nertag": "I-PER"}]}, {"base_span": [3414, 3416], "annotations": [{"nertag": "O"}]}, {"base_span": [3417, 3422], "annotations": [{"nertag": "O"}]}, {"base_span": [3423, 3428], "annotations": [{"nertag": "O"}]}, {"base_span": [3432, 3433], "annotations": [{"nertag": "O"}]}, {"base_span": [3434, 3437], "annotations": [{"nertag": "O"}]}, {"base_span": [3441, 3442], "annotations": [{"nertag": "O"}]}, {"base_span": [3443, 3446], "annotations": [{"nertag": "O"}]}, {"base_span": [3454, 3457], "annotations": [{"nertag": "O"}]}, {"base_span": [3462, 3467], "annotations": [{"nertag": "B-PER"}]}, {"base_span": [3468, 3472], "annotations": [{"nertag": "I-PER"}]}, {"base_span": [3476, 3477], "annotations": [{"nertag": "O"}]}, {"base_span": [3478, 3483], "annotations": [{"nertag": "O"}]}, {"base_span": [3484, 3489], "annotations": [{"nertag": "O"}]}, {"base_span": [3490, 3491], "annotations": [{"nertag": "O"}]}, {"base_span": [3491, 3492], "annotations": [{"nertag": "O"}]}, {"base_span": [3508, 3511], "annotations": [{"nertag": "O"}]}, {"base_span": [3516, 3522], "annotations": [{"nertag": "B-PER"}]}, {"base_span": [3523, 3532], "annotations": [{"nertag": "I-PER"}]}, {"base_span": [3536, 3537], "annotations": [{"nertag": "O"}]}, {"base_span": [3538, 3543], "annotations": [{"nertag": "O"}]}, {"base_span": [3544, 3548], "annotations": [{"nertag": "O"}]}, {"base_span": [3549, 3550], "annotations": [{"nertag": "O"}]}, {"base_span": [3566, 3569], "annotations": [{"nertag": "O"}]}, {"base_span": [3577, 3578], "annotations": [{"nertag": "O"}]}, {"base_span": [3579, 3584], "annotations": [{"nertag": "O"}]}, {"base_span": [3585, 3590], "annotations": [{"nertag": "O"}]}, {"base_span": [3591, 3592], "annotations": [{"nertag": "O"}]}, {"base_span": [3608, 3610], "annotations": [{"nertag": "O"}]}, {"base_span": [3611, 3612], "annotations": [{"nertag": "O"}]}, {"base_span": [3612, 3613], "annotations": [{"nertag": "O"}]}, {"base_span": [3613, 3615], "annotations": [{"nertag": "O"}]}, {"base_span": [3620, 3626], "annotations": [{"nertag": "B-PER"}]}, {"base_span": [3627, 3631], "annotations": [{"nertag": "I-PER"}]}, {"base_span": [3635, 3636], "annotations": [{"nertag": "O"}]}, {"base_span": [3637, 3642], "annotations": [{"nertag": "O"}]}, {"base_span": [3643, 3644], "annotations": [{"nertag": "O"}]}, {"base_span": [3648, 3649], "annotations": [{"nertag": "O"}]}, {"base_span": [3653, 3654], "annotations": [{"nertag": "O"}]}, {"base_span": [3662, 3665], "annotations": [{"nertag": "O"}]}, {"base_span": [3670, 3675], "annotations": [{"nertag": "B-PER"}]}, {"base_span": [3676, 3680], "annotations": [{"nertag": "I-PER"}]}, {"base_span": [3684, 3685], "annotations": [{"nertag": "O"}]}, {"base_span": [3686, 3690], "annotations": [{"nertag": "O"}]}, {"base_span": [3691, 3692], "annotations": [{"nertag": "O"}]}, {"base_span": [3696, 3697], "annotations": [{"nertag": "O"}]}, {"base_span": [3701, 3702], "annotations": [{"nertag": "O"}]}, {"base_span": [3710, 3713], "annotations": [{"nertag": "O"}]}, {"base_span": [3721, 3722], "annotations": [{"nertag": "O"}]}, {"base_span": [3723, 3729], "annotations": [{"nertag": "O"}]}, {"base_span": [3733, 3734], "annotations": [{"nertag": "O"}]}, {"base_span": [3738, 3739], "annotations": [{"nertag": "O"}]}, {"base_span": [3743, 3745], "annotations": [{"nertag": "O"}]}, {"base_span": [3749, 3751], "annotations": [{"nertag": "O"}]}, {"base_span": [3759, 3760], "annotations": [{"nertag": "O"}]}, {"base_span": [3761, 3766], "annotations": [{"nertag": "O"}]}, {"base_span": [3767, 3768], "annotations": [{"nertag": "O"}]}, {"base_span": [3768, 3769], "annotations": [{"nertag": "O"}]}, {"base_span": [3773, 3774], "annotations": [{"nertag": "O"}]}, {"base_span": [3778, 3779], "annotations": [{"nertag": "O"}]}, {"base_span": [3787, 3790], "annotations": [{"nertag": "O"}]}, {"base_span": [3795, 3800], "annotations": [{"nertag": "B-PER"}]}, {"base_span": [3801, 3807], "annotations": [{"nertag": "I-PER"}]}, {"base_span": [3811, 3812], "annotations": [{"nertag": "O"}]}, {"base_span": [3813, 3818], "annotations": [{"nertag": "O"}]}, {"base_span": [3819, 3820], "annotations": [{"nertag": "O"}]}, {"base_span": [3820, 3821], "annotations": [{"nertag": "O"}]}, {"base_span": [3825, 3826], "annotations": [{"nertag": "O"}]}, {"base_span": [3830, 3831], "annotations": [{"nertag": "O"}]}, {"base_span": [3835, 3837], "annotations": [{"nertag": "O"}]}, {"base_span": [3841, 3844], "annotations": [{"nertag": "O"}]}, {"base_span": [3852, 3853], "annotations": [{"nertag": "O"}]}, {"base_span": [3854, 3859], "annotations": [{"nertag": "O"}]}, {"base_span": [3860, 3861], "annotations": [{"nertag": "O"}]}, {"base_span": [3861, 3862], "annotations": [{"nertag": "O"}]}, {"base_span": [3866, 3867], "annotations": [{"nertag": "O"}]}, {"base_span": [3871, 3872], "annotations": [{"nertag": "O"}]}, {"base_span": [3877, 3882], "annotations": [{"nertag": "O"}]}, {"base_span": [3883, 3888], "annotations": [{"nertag": "B-PER"}]}, {"base_span": [3889, 3895], "annotations": [{"nertag": "I-PER"}]}, {"base_span": [3899, 3900], "annotations": [{"nertag": "O"}]}, {"base_span": [3900, 3901], "annotations": [{"nertag": "O"}]}, {"base_span": [3901, 3902], "annotations": [{"nertag": "O"}]}, {"base_span": [3903, 3912], "annotations": [{"nertag": "O"}]}, {"base_span": [3916, 3917], "annotations": [{"nertag": "O"}]}, {"base_span": [3921, 3922], "annotations": [{"nertag": "O"}]}, {"base_span": [3930, 3933], "annotations": [{"nertag": "O"}]}, {"base_span": [3938, 3943], "annotations": [{"nertag": "O"}]}, {"base_span": [3944, 3950], "annotations": [{"nertag": "B-PER"}]}, {"base_span": [3951, 3956], "annotations": [{"nertag": "I-PER"}]}, {"base_span": [3960, 3961], "annotations": [{"nertag": "O"}]}, {"base_span": [3962, 3968], "annotations": [{"nertag": "O"}]}, {"base_span": [3972, 3973], "annotations": [{"nertag": "O"}]}, {"base_span": [3977, 3978], "annotations": [{"nertag": "O"}]}, {"base_span": [3982, 3984], "annotations": [{"nertag": "O"}]}, {"base_span": [3988, 3991], "annotations": [{"nertag": "O"}]}, {"base_span": [3999, 4000], "annotations": [{"nertag": "O"}]}, {"base_span": [4001, 4006], "annotations": [{"nertag": "O"}]}, {"base_span": [4007, 4012], "annotations": [{"nertag": "O"}]}, {"base_span": [4013, 4014], "annotations": [{"nertag": "O"}]}, {"base_span": [4014, 4015], "annotations": [{"nertag": "O"}]}, {"base_span": [4028, 4033], "annotations": [{"nertag": "B-PER"}]}, {"base_span": [4034, 4038], "annotations": [{"nertag": "I-PER"}]}, {"base_span": [4042, 4043], "annotations": [{"nertag": "O"}]}, {"base_span": [4044, 4050], "annotations": [{"nertag": "O"}]}, {"base_span": [4054, 4055], "annotations": [{"nertag": "O"}]}, {"base_span": [4059, 4060], "annotations": [{"nertag": "O"}]}, {"base_span": [4064, 4066], "annotations": [{"nertag": "O"}]}, {"base_span": [4070, 4073], "annotations": [{"nertag": "O"}]}, {"base_span": [4081, 4082], "annotations": [{"nertag": "O"}]}, {"base_span": [4083, 4088], "annotations": [{"nertag": "O"}]}, {"base_span": [4089, 4094], "annotations": [{"nertag": "O"}]}, {"base_span": [4095, 4096], "annotations": [{"nertag": "O"}]}, {"base_span": [4096, 4097], "annotations": [{"nertag": "O"}]}, {"base_span": [4110, 4115], "annotations": [{"nertag": "O"}]}, {"base_span": [4131, 4134], "annotations": [{"nertag": "O"}]}, {"base_span": [4138, 4141], "annotations": [{"nertag": "O"}]}, {"base_span": [4146, 4152], "annotations": [{"nertag": "B-PER"}]}, {"base_span": [4153, 4157], "annotations": [{"nertag": "I-PER"}]}, {"base_span": [4161, 4162], "annotations": [{"nertag": "O"}]}, {"base_span": [4163, 4168], "annotations": [{"nertag": "O"}]}, {"base_span": [4169, 4170], "annotations": [{"nertag": "O"}]}, {"base_span": [4170, 4171], "annotations": [{"nertag": "O"}]}, {"base_span": [4175, 4176], "annotations": [{"nertag": "O"}]}, {"base_span": [4177, 4182], "annotations": [{"nertag": "O"}]}, {"base_span": [4186, 4187], "annotations": [{"nertag": "O"}]}, {"base_span": [4188, 4191], "annotations": [{"nertag": "O"}]}, {"base_span": [4199, 4202], "annotations": [{"nertag": "O"}]}, {"base_span": [4210, 4211], "annotations": [{"nertag": "O"}]}, {"base_span": [4212, 4217], "annotations": [{"nertag": "O"}]}, {"base_span": [4218, 4219], "annotations": [{"nertag": "O"}]}, {"base_span": [4219, 4220], "annotations": [{"nertag": "O"}]}, {"base_span": [4224, 4225], "annotations": [{"nertag": "O"}]}, {"base_span": [4229, 4230], "annotations": [{"nertag": "O"}]}, {"base_span": [4234, 4236], "annotations": [{"nertag": "O"}]}, {"base_span": [4240, 4243], "annotations": [{"nertag": "O"}]}, {"base_span": [4251, 4252], "annotations": [{"nertag": "O"}]}, {"base_span": [4253, 4257], "annotations": [{"nertag": "O"}]}, {"base_span": [4258, 4259], "annotations": [{"nertag": "O"}]}, {"base_span": [4259, 4260], "annotations": [{"nertag": "O"}]}, {"base_span": [4264, 4265], "annotations": [{"nertag": "O"}]}, {"base_span": [4269, 4270], "annotations": [{"nertag": "O"}]}, {"base_span": [4278, 4281], "annotations": [{"nertag": "O"}]}, {"base_span": [4286, 4291], "annotations": [{"nertag": "O"}]}, {"base_span": [4307, 4310], "annotations": [{"nertag": "O"}]}, {"base_span": [4314, 4317], "annotations": [{"nertag": "O"}]}, {"base_span": [4322, 4328], "annotations": [{"nertag": "B-PER"}]}, {"base_span": [4329, 4333], "annotations": [{"nertag": "I-PER"}]}, {"base_span": [4334, 4337], "annotations": [{"nertag": "O"}]}, {"base_span": [4339, 4344], "annotations": [{"nertag": "B-PER"}]}, {"base_span": [4345, 4354], "annotations": [{"nertag": "I-PER"}]}, {"base_span": [4355, 4358], "annotations": [{"nertag": "O"}]}, {"base_span": [4360, 4365], "annotations": [{"nertag": "B-PER"}]}, {"base_span": [4366, 4373], "annotations": [{"nertag": "I-PER"}]}, {"base_span": [4374, 4377], "annotations": [{"nertag": "O"}]}, {"base_span": [4379, 4389], "annotations": [{"nertag": "O"}]}, {"base_span": [4390, 4395], "annotations": [{"nertag": "O"}]}, {"base_span": [4396, 4400], "annotations": [{"nertag": "O"}]}, {"base_span": [4401, 4406], "annotations": [{"nertag": "O"}]}, {"base_span": [4407, 4409], "annotations": [{"nertag": "O"}]}, {"base_span": [4410, 4415], "annotations": [{"nertag": "O"}]}, {"base_span": [4416, 4418], "annotations": [{"nertag": "O"}]}, {"base_span": [4419, 4427], "annotations": [{"nertag": "O"}]}, {"base_span": [4427, 4428], "annotations": [{"nertag": "O"}]}]}]}