{"text": "\n???? Gustaw Paiw\n\n??\n   Rubel\n   Cop\n  \n\n1 walge lehm ostis Daniel Tikk\n\n   19\n   10\n  \n\n1 werrew lehm, walge peaga, Daniel Tikk\n\n   18\n   30\n  \n\n2 walged Linda ja wiis Kawlid, Jaak Matzin\n\n   \n   46\n  \n\n1/6 mööt, puust ja üts Toop karrane, Kristjan Sarwa\n\n   \n   25\n  \n\n1 Kohwikann, karrane, Daniel Tikk\n\n   \n   72\n  \n\n1 Teekanne, karrane, Daniel Tikk\n\n   \n   27\n  \n\n1 Nukka Rijol, Piiri Jaak\n\n   \n   6\n  \n\n1 Säng, Piiri Jaak\n\n   1\n   57\n  \n\n1 Padda, 3 pangilene, Daniel Tikk\n\n   1\n   20\n  \n\n1 Padda, 4 pangilene katskine, Joh. Tenn\n\n   \n   15\n  \n\n1 Sohwa, Daniel Tikk\n\n   5\n   70\n  \n\n1 Kolmjalg, puune, Kurika Michel\n\n   \n   35\n  \n\n1 Wakkaline Mööt, Iwani Kusta\n\n   \n   17\n  \n\n1 Seggel, wanna, Akste Jaan\n\n   \n   4\n  \n\n1 Leiba möhk, Polakse Josep\n\n   \n   67\n  \n\n1 Taritördu, Hintzer\n\n   \n   31\n  \n\n1 Küllimit, puust, Lutzo Michel\n\n   \n   29\n  \n\n2 Piimalinda, puust, Sulbi Jakob\n\n   \n   13\n  \n\n1 Seinakell, Polakse Josep\n\n   4\n   45\n  \n\n1 Kommod, Piiri Jaak\n\n   2\n   70\n  \n\n2 Lampi, neist üts glasine, üts plekine, Daniel Tikk\n\n   \n   81\n  \n\n1 Laterna, Rosenthal\n\n   \n   18\n  \n\n2 Panni, üts katski, Mütta Johan\n\n   \n   25\n  \n\n2 Piimalinda, Kiwisilla Jaan\n\n   \n   25\n  \n\n2 Piimalinda, Piirihanso Jakob\n\n   \n   22\n  \n\n2 Piimalinda, Kapsi Peter Plaks\n\n   \n   30\n  \n\n2 Piimalinda, Pirihanso Jakob\n\n   \n   23\n  \n\n2 Lännikud, Sulbi Jakob\n\n   \n   26\n  \n\n3 Lännikud, üts Kanega, Sawikoa Adam\n\n   \n   15\n  \n\n1 Pang, Suhkame Samo\n\n   \n   12\n  \n\n1 Toober, Lutzo Michel\n\n   \n   13\n  \n\n1 Rijol, Lari Hindrik\n\n   \n   43\n  \n\n1 Rijol, Peter Tilgand\n\n   \n   10\n  \n\n1 Rijol, Pirihanso Jakob\n\n   \n   15\n  \n\n1 weikene walge laud, Lari Peter\n\n   \n   30\n  \n\n1 tuhhi Terwawaat, Kangro Jakob\n\n   \n   45\n  \n\n13 wannu Kotti, Lutzo Michel\n\n   1\n   03\n  \n\n1 Emmis 2 weikesi Porsadega, Piiri Jaak\n\n   5\n   75\n  \n\n2 Tooli, Laari Peter\n\n   \n   17\n  \n\n1 Tool, Muga Hindrik\n\n   \n   60\n  \n\n1 Tool, Sepp Jaan Piir\n\n   \n   60\n  \n\n1 Tool, Sepp Jaan Piir\n\n   \n   83\n  \n\n1 walge sögilaud, Pirihanso Jakob\n\n   \n   86\n  \n\nSumma\n   71\n   06\n  \n\n?? Summa 71 Rubl 06 Cop.\n\n????\n\nJakob Hanson XXX Jaan Tennosar XXX Wid. Harkmann XXX\n\nJosep Koor XXX Peter Laar XXX Hind. Sikkut XXX\n\n\n", "meta": {"origin_directory": "vallakohus_kolmas/"}, "layers": [{"name": "gold_ner", "attributes": ["nertag"], "parent": null, "enveloping": null, "ambiguous": false, "serialisation_module": null, "meta": {}, "spans": [{"base_span": [6, 17], "annotations": [{"nertag": "PER"}]}, {"base_span": [61, 72], "annotations": [{"nertag": "PER"}]}, {"base_span": [118, 129], "annotations": [{"nertag": "PER"}]}, {"base_span": [178, 189], "annotations": [{"nertag": "PER"}]}, {"base_span": [242, 256], "annotations": [{"nertag": "PER"}]}, {"base_span": [294, 305], "annotations": [{"nertag": "PER"}]}, {"base_span": [342, 353], "annotations": [{"nertag": "PER"}]}, {"base_span": [384, 389], "annotations": [{"nertag": "LOC_ORG"}]}, {"base_span": [390, 394], "annotations": [{"nertag": "PER"}]}, {"base_span": [417, 422], "annotations": [{"nertag": "LOC_ORG"}]}, {"base_span": [423, 427], "annotations": [{"nertag": "PER"}]}, {"base_span": [466, 477], "annotations": [{"nertag": "PER"}]}, {"base_span": [525, 534], "annotations": [{"nertag": "PER"}]}, {"base_span": [559, 570], "annotations": [{"nertag": "PER"}]}, {"base_span": [606, 612], "annotations": [{"nertag": "LOC_ORG"}]}, {"base_span": [613, 619], "annotations": [{"nertag": "PER"}]}, {"base_span": [653, 658], "annotations": [{"nertag": "LOC_ORG"}]}, {"base_span": [659, 664], "annotations": [{"nertag": "PER"}]}, {"base_span": [697, 702], "annotations": [{"nertag": "LOC_ORG"}]}, {"base_span": [703, 707], "annotations": [{"nertag": "PER"}]}, {"base_span": [736, 743], "annotations": [{"nertag": "LOC_ORG"}]}, {"base_span": [744, 749], "annotations": [{"nertag": "PER"}]}, {"base_span": [778, 785], "annotations": [{"nertag": "PER"}]}, {"base_span": [820, 825], "annotations": [{"nertag": "LOC_ORG"}]}, {"base_span": [826, 832], "annotations": [{"nertag": "PER"}]}, {"base_span": [869, 874], "annotations": [{"nertag": "LOC_ORG"}]}, {"base_span": [875, 880], "annotations": [{"nertag": "PER"}]}, {"base_span": [909, 916], "annotations": [{"nertag": "LOC_ORG"}]}, {"base_span": [917, 922], "annotations": [{"nertag": "PER"}]}, {"base_span": [949, 954], "annotations": [{"nertag": "LOC_ORG"}]}, {"base_span": [955, 959], "annotations": [{"nertag": "PER"}]}, {"base_span": [1017, 1028], "annotations": [{"nertag": "PER"}]}, {"base_span": [1055, 1064], "annotations": [{"nertag": "PER"}]}, {"base_span": [1101, 1106], "annotations": [{"nertag": "LOC_ORG"}]}, {"base_span": [1107, 1112], "annotations": [{"nertag": "PER"}]}, {"base_span": [1142, 1151], "annotations": [{"nertag": "LOC_ORG"}]}, {"base_span": [1152, 1156], "annotations": [{"nertag": "PER"}]}, {"base_span": [1186, 1196], "annotations": [{"nertag": "LOC_ORG"}]}, {"base_span": [1197, 1202], "annotations": [{"nertag": "PER"}]}, {"base_span": [1232, 1237], "annotations": [{"nertag": "LOC_ORG"}]}, {"base_span": [1238, 1249], "annotations": [{"nertag": "PER"}]}, {"base_span": [1279, 1288], "annotations": [{"nertag": "LOC_ORG"}]}, {"base_span": [1289, 1294], "annotations": [{"nertag": "PER"}]}, {"base_span": [1322, 1327], "annotations": [{"nertag": "LOC_ORG"}]}, {"base_span": [1328, 1333], "annotations": [{"nertag": "PER"}]}, {"base_span": [1373, 1380], "annotations": [{"nertag": "LOC_ORG"}]}, {"base_span": [1381, 1385], "annotations": [{"nertag": "PER"}]}, {"base_span": [1409, 1416], "annotations": [{"nertag": "LOC_ORG"}]}, {"base_span": [1417, 1421], "annotations": [{"nertag": "PER"}]}, {"base_span": [1447, 1452], "annotations": [{"nertag": "LOC_ORG"}]}, {"base_span": [1453, 1459], "annotations": [{"nertag": "PER"}]}, {"base_span": [1484, 1488], "annotations": [{"nertag": "LOC_ORG"}]}, {"base_span": [1489, 1496], "annotations": [{"nertag": "PER"}]}, {"base_span": [1521, 1534], "annotations": [{"nertag": "PER"}]}, {"base_span": [1559, 1568], "annotations": [{"nertag": "LOC_ORG"}]}, {"base_span": [1569, 1574], "annotations": [{"nertag": "PER"}]}, {"base_span": [1612, 1616], "annotations": [{"nertag": "LOC_ORG"}]}, {"base_span": [1617, 1622], "annotations": [{"nertag": "PER"}]}, {"base_span": [1657, 1663], "annotations": [{"nertag": "LOC_ORG"}]}, {"base_span": [1664, 1669], "annotations": [{"nertag": "PER"}]}, {"base_span": [1701, 1706], "annotations": [{"nertag": "LOC_ORG"}]}, {"base_span": [1707, 1713], "annotations": [{"nertag": "PER"}]}, {"base_span": [1759, 1764], "annotations": [{"nertag": "LOC_ORG"}]}, {"base_span": [1765, 1769], "annotations": [{"nertag": "PER"}]}, {"base_span": [1795, 1800], "annotations": [{"nertag": "LOC_ORG"}]}, {"base_span": [1801, 1806], "annotations": [{"nertag": "PER"}]}, {"base_span": [1830, 1834], "annotations": [{"nertag": "LOC_ORG"}]}, {"base_span": [1835, 1842], "annotations": [{"nertag": "PER"}]}, {"base_span": [1871, 1880], "annotations": [{"nertag": "PER"}]}, {"base_span": [1909, 1918], "annotations": [{"nertag": "PER"}]}, {"base_span": [1952, 1961], "annotations": [{"nertag": "LOC_ORG"}]}, {"base_span": [1962, 1967], "annotations": [{"nertag": "PER"}]}, {"base_span": [2037, 2049], "annotations": [{"nertag": "PER"}]}, {"base_span": [2054, 2067], "annotations": [{"nertag": "PER"}]}, {"base_span": [2072, 2085], "annotations": [{"nertag": "PER"}]}, {"base_span": [2091, 2101], "annotations": [{"nertag": "PER"}]}, {"base_span": [2106, 2116], "annotations": [{"nertag": "PER"}]}, {"base_span": [2121, 2133], "annotations": [{"nertag": "PER"}]}]}, {"name": "gold_wordner", "attributes": ["nertag"], "parent": null, "enveloping": null, "ambiguous": false, "serialisation_module": null, "meta": {}, "spans": [{"base_span": [1, 5], "annotations": [{"nertag": "O"}]}, {"base_span": [6, 12], "annotations": [{"nertag": "B-PER"}]}, {"base_span": [13, 17], "annotations": [{"nertag": "I-PER"}]}, {"base_span": [19, 21], "annotations": [{"nertag": "O"}]}, {"base_span": [25, 30], "annotations": [{"nertag": "O"}]}, {"base_span": [34, 37], "annotations": [{"nertag": "O"}]}, {"base_span": [42, 43], "annotations": [{"nertag": "O"}]}, {"base_span": [44, 49], "annotations": [{"nertag": "O"}]}, {"base_span": [50, 54], "annotations": [{"nertag": "O"}]}, {"base_span": [55, 60], "annotations": [{"nertag": "O"}]}, {"base_span": [61, 67], "annotations": [{"nertag": "B-PER"}]}, {"base_span": [68, 72], "annotations": [{"nertag": "I-PER"}]}, {"base_span": [77, 79], "annotations": [{"nertag": "O"}]}, {"base_span": [83, 85], "annotations": [{"nertag": "O"}]}, {"base_span": [90, 91], "annotations": [{"nertag": "O"}]}, {"base_span": [92, 98], "annotations": [{"nertag": "O"}]}, {"base_span": [99, 103], "annotations": [{"nertag": "O"}]}, {"base_span": [103, 104], "annotations": [{"nertag": "O"}]}, {"base_span": [105, 110], "annotations": [{"nertag": "O"}]}, {"base_span": [111, 116], "annotations": [{"nertag": "O"}]}, {"base_span": [116, 117], "annotations": [{"nertag": "O"}]}, {"base_span": [118, 124], "annotations": [{"nertag": "B-PER"}]}, {"base_span": [125, 129], "annotations": [{"nertag": "I-PER"}]}, {"base_span": [134, 136], "annotations": [{"nertag": "O"}]}, {"base_span": [140, 142], "annotations": [{"nertag": "O"}]}, {"base_span": [147, 148], "annotations": [{"nertag": "O"}]}, {"base_span": [149, 155], "annotations": [{"nertag": "O"}]}, {"base_span": [156, 161], "annotations": [{"nertag": "O"}]}, {"base_span": [162, 164], "annotations": [{"nertag": "O"}]}, {"base_span": [165, 169], "annotations": [{"nertag": "O"}]}, {"base_span": [170, 176], "annotations": [{"nertag": "O"}]}, {"base_span": [176, 177], "annotations": [{"nertag": "O"}]}, {"base_span": [178, 182], "annotations": [{"nertag": "B-PER"}]}, {"base_span": [183, 189], "annotations": [{"nertag": "I-PER"}]}, {"base_span": [198, 200], "annotations": [{"nertag": "O"}]}, {"base_span": [205, 206], "annotations": [{"nertag": "O"}]}, {"base_span": [206, 207], "annotations": [{"nertag": "O"}]}, {"base_span": [207, 208], "annotations": [{"nertag": "O"}]}, {"base_span": [209, 213], "annotations": [{"nertag": "O"}]}, {"base_span": [213, 214], "annotations": [{"nertag": "O"}]}, {"base_span": [215, 220], "annotations": [{"nertag": "O"}]}, {"base_span": [221, 223], "annotations": [{"nertag": "O"}]}, {"base_span": [224, 227], "annotations": [{"nertag": "O"}]}, {"base_span": [228, 232], "annotations": [{"nertag": "O"}]}, {"base_span": [233, 240], "annotations": [{"nertag": "O"}]}, {"base_span": [240, 241], "annotations": [{"nertag": "O"}]}, {"base_span": [242, 250], "annotations": [{"nertag": "B-PER"}]}, {"base_span": [251, 256], "annotations": [{"nertag": "I-PER"}]}, {"base_span": [265, 267], "annotations": [{"nertag": "O"}]}, {"base_span": [272, 273], "annotations": [{"nertag": "O"}]}, {"base_span": [274, 283], "annotations": [{"nertag": "O"}]}, {"base_span": [283, 284], "annotations": [{"nertag": "O"}]}, {"base_span": [285, 292], "annotations": [{"nertag": "O"}]}, {"base_span": [292, 293], "annotations": [{"nertag": "O"}]}, {"base_span": [294, 300], "annotations": [{"nertag": "B-PER"}]}, {"base_span": [301, 305], "annotations": [{"nertag": "I-PER"}]}, {"base_span": [314, 316], "annotations": [{"nertag": "O"}]}, {"base_span": [321, 322], "annotations": [{"nertag": "O"}]}, {"base_span": [323, 331], "annotations": [{"nertag": "O"}]}, {"base_span": [331, 332], "annotations": [{"nertag": "O"}]}, {"base_span": [333, 340], "annotations": [{"nertag": "O"}]}, {"base_span": [340, 341], "annotations": [{"nertag": "O"}]}, {"base_span": [342, 348], "annotations": [{"nertag": "B-PER"}]}, {"base_span": [349, 353], "annotations": [{"nertag": "I-PER"}]}, {"base_span": [362, 364], "annotations": [{"nertag": "O"}]}, {"base_span": [369, 370], "annotations": [{"nertag": "O"}]}, {"base_span": [371, 376], "annotations": [{"nertag": "O"}]}, {"base_span": [377, 382], "annotations": [{"nertag": "O"}]}, {"base_span": [382, 383], "annotations": [{"nertag": "O"}]}, {"base_span": [384, 389], "annotations": [{"nertag": "B-LOC_ORG"}]}, {"base_span": [390, 394], "annotations": [{"nertag": "B-PER"}]}, {"base_span": [403, 404], "annotations": [{"nertag": "O"}]}, {"base_span": [409, 410], "annotations": [{"nertag": "O"}]}, {"base_span": [411, 415], "annotations": [{"nertag": "O"}]}, {"base_span": [415, 416], "annotations": [{"nertag": "O"}]}, {"base_span": [417, 422], "annotations": [{"nertag": "B-LOC_ORG"}]}, {"base_span": [423, 427], "annotations": [{"nertag": "B-PER"}]}, {"base_span": [432, 433], "annotations": [{"nertag": "O"}]}, {"base_span": [437, 439], "annotations": [{"nertag": "O"}]}, {"base_span": [444, 445], "annotations": [{"nertag": "O"}]}, {"base_span": [446, 451], "annotations": [{"nertag": "O"}]}, {"base_span": [451, 452], "annotations": [{"nertag": "O"}]}, {"base_span": [453, 454], "annotations": [{"nertag": "O"}]}, {"base_span": [455, 464], "annotations": [{"nertag": "O"}]}, {"base_span": [464, 465], "annotations": [{"nertag": "O"}]}, {"base_span": [466, 472], "annotations": [{"nertag": "B-PER"}]}, {"base_span": [473, 477], "annotations": [{"nertag": "I-PER"}]}, {"base_span": [482, 483], "annotations": [{"nertag": "O"}]}, {"base_span": [487, 489], "annotations": [{"nertag": "O"}]}, {"base_span": [494, 495], "annotations": [{"nertag": "O"}]}, {"base_span": [496, 501], "annotations": [{"nertag": "O"}]}, {"base_span": [501, 502], "annotations": [{"nertag": "O"}]}, {"base_span": [503, 504], "annotations": [{"nertag": "O"}]}, {"base_span": [505, 514], "annotations": [{"nertag": "O"}]}, {"base_span": [515, 523], "annotations": [{"nertag": "O"}]}, {"base_span": [523, 524], "annotations": [{"nertag": "O"}]}, {"base_span": [525, 528], "annotations": [{"nertag": "B-PER"}]}, {"base_span": [528, 529], "annotations": [{"nertag": "I-PER"}]}, {"base_span": [530, 534], "annotations": [{"nertag": "I-PER"}]}, {"base_span": [543, 545], "annotations": [{"nertag": "O"}]}, {"base_span": [550, 551], "annotations": [{"nertag": "O"}]}, {"base_span": [552, 557], "annotations": [{"nertag": "O"}]}, {"base_span": [557, 558], "annotations": [{"nertag": "O"}]}, {"base_span": [559, 565], "annotations": [{"nertag": "B-PER"}]}, {"base_span": [566, 570], "annotations": [{"nertag": "I-PER"}]}, {"base_span": [575, 576], "annotations": [{"nertag": "O"}]}, {"base_span": [580, 582], "annotations": [{"nertag": "O"}]}, {"base_span": [587, 588], "annotations": [{"nertag": "O"}]}, {"base_span": [589, 597], "annotations": [{"nertag": "O"}]}, {"base_span": [597, 598], "annotations": [{"nertag": "O"}]}, {"base_span": [599, 604], "annotations": [{"nertag": "O"}]}, {"base_span": [604, 605], "annotations": [{"nertag": "O"}]}, {"base_span": [606, 612], "annotations": [{"nertag": "B-LOC_ORG"}]}, {"base_span": [613, 619], "annotations": [{"nertag": "B-PER"}]}, {"base_span": [628, 630], "annotations": [{"nertag": "O"}]}, {"base_span": [635, 636], "annotations": [{"nertag": "O"}]}, {"base_span": [637, 646], "annotations": [{"nertag": "O"}]}, {"base_span": [647, 651], "annotations": [{"nertag": "O"}]}, {"base_span": [651, 652], "annotations": [{"nertag": "O"}]}, {"base_span": [653, 658], "annotations": [{"nertag": "B-LOC_ORG"}]}, {"base_span": [659, 664], "annotations": [{"nertag": "B-PER"}]}, {"base_span": [673, 675], "annotations": [{"nertag": "O"}]}, {"base_span": [680, 681], "annotations": [{"nertag": "O"}]}, {"base_span": [682, 688], "annotations": [{"nertag": "O"}]}, {"base_span": [688, 689], "annotations": [{"nertag": "O"}]}, {"base_span": [690, 695], "annotations": [{"nertag": "O"}]}, {"base_span": [695, 696], "annotations": [{"nertag": "O"}]}, {"base_span": [697, 702], "annotations": [{"nertag": "B-LOC_ORG"}]}, {"base_span": [703, 707], "annotations": [{"nertag": "B-PER"}]}, {"base_span": [716, 717], "annotations": [{"nertag": "O"}]}, {"base_span": [722, 723], "annotations": [{"nertag": "O"}]}, {"base_span": [724, 729], "annotations": [{"nertag": "O"}]}, {"base_span": [730, 734], "annotations": [{"nertag": "O"}]}, {"base_span": [734, 735], "annotations": [{"nertag": "O"}]}, {"base_span": [736, 743], "annotations": [{"nertag": "B-LOC_ORG"}]}, {"base_span": [744, 749], "annotations": [{"nertag": "B-PER"}]}, {"base_span": [758, 760], "annotations": [{"nertag": "O"}]}, {"base_span": [765, 766], "annotations": [{"nertag": "O"}]}, {"base_span": [767, 776], "annotations": [{"nertag": "O"}]}, {"base_span": [776, 777], "annotations": [{"nertag": "O"}]}, {"base_span": [778, 785], "annotations": [{"nertag": "B-PER"}]}, {"base_span": [794, 796], "annotations": [{"nertag": "O"}]}, {"base_span": [801, 802], "annotations": [{"nertag": "O"}]}, {"base_span": [803, 811], "annotations": [{"nertag": "O"}]}, {"base_span": [811, 812], "annotations": [{"nertag": "O"}]}, {"base_span": [813, 818], "annotations": [{"nertag": "O"}]}, {"base_span": [818, 819], "annotations": [{"nertag": "O"}]}, {"base_span": [820, 825], "annotations": [{"nertag": "B-LOC_ORG"}]}, {"base_span": [826, 832], "annotations": [{"nertag": "B-PER"}]}, {"base_span": [841, 843], "annotations": [{"nertag": "O"}]}, {"base_span": [848, 849], "annotations": [{"nertag": "O"}]}, {"base_span": [850, 860], "annotations": [{"nertag": "O"}]}, {"base_span": [860, 861], "annotations": [{"nertag": "O"}]}, {"base_span": [862, 867], "annotations": [{"nertag": "O"}]}, {"base_span": [867, 868], "annotations": [{"nertag": "O"}]}, {"base_span": [869, 874], "annotations": [{"nertag": "B-LOC_ORG"}]}, {"base_span": [875, 880], "annotations": [{"nertag": "B-PER"}]}, {"base_span": [889, 891], "annotations": [{"nertag": "O"}]}, {"base_span": [896, 897], "annotations": [{"nertag": "O"}]}, {"base_span": [898, 907], "annotations": [{"nertag": "O"}]}, {"base_span": [907, 908], "annotations": [{"nertag": "O"}]}, {"base_span": [909, 916], "annotations": [{"nertag": "B-LOC_ORG"}]}, {"base_span": [917, 922], "annotations": [{"nertag": "B-PER"}]}, {"base_span": [927, 928], "annotations": [{"nertag": "O"}]}, {"base_span": [932, 934], "annotations": [{"nertag": "O"}]}, {"base_span": [939, 940], "annotations": [{"nertag": "O"}]}, {"base_span": [941, 947], "annotations": [{"nertag": "O"}]}, {"base_span": [947, 948], "annotations": [{"nertag": "O"}]}, {"base_span": [949, 954], "annotations": [{"nertag": "B-LOC_ORG"}]}, {"base_span": [955, 959], "annotations": [{"nertag": "B-PER"}]}, {"base_span": [964, 965], "annotations": [{"nertag": "O"}]}, {"base_span": [969, 971], "annotations": [{"nertag": "O"}]}, {"base_span": [976, 977], "annotations": [{"nertag": "O"}]}, {"base_span": [978, 983], "annotations": [{"nertag": "O"}]}, {"base_span": [983, 984], "annotations": [{"nertag": "O"}]}, {"base_span": [985, 990], "annotations": [{"nertag": "O"}]}, {"base_span": [991, 994], "annotations": [{"nertag": "O"}]}, {"base_span": [995, 1002], "annotations": [{"nertag": "O"}]}, {"base_span": [1002, 1003], "annotations": [{"nertag": "O"}]}, {"base_span": [1004, 1007], "annotations": [{"nertag": "O"}]}, {"base_span": [1008, 1015], "annotations": [{"nertag": "O"}]}, {"base_span": [1015, 1016], "annotations": [{"nertag": "O"}]}, {"base_span": [1017, 1023], "annotations": [{"nertag": "B-PER"}]}, {"base_span": [1024, 1028], "annotations": [{"nertag": "I-PER"}]}, {"base_span": [1037, 1039], "annotations": [{"nertag": "O"}]}, {"base_span": [1044, 1045], "annotations": [{"nertag": "O"}]}, {"base_span": [1046, 1053], "annotations": [{"nertag": "O"}]}, {"base_span": [1053, 1054], "annotations": [{"nertag": "O"}]}, {"base_span": [1055, 1064], "annotations": [{"nertag": "B-PER"}]}, {"base_span": [1073, 1075], "annotations": [{"nertag": "O"}]}, {"base_span": [1080, 1081], "annotations": [{"nertag": "O"}]}, {"base_span": [1082, 1087], "annotations": [{"nertag": "O"}]}, {"base_span": [1087, 1088], "annotations": [{"nertag": "O"}]}, {"base_span": [1089, 1092], "annotations": [{"nertag": "O"}]}, {"base_span": [1093, 1099], "annotations": [{"nertag": "O"}]}, {"base_span": [1099, 1100], "annotations": [{"nertag": "O"}]}, {"base_span": [1101, 1106], "annotations": [{"nertag": "B-LOC_ORG"}]}, {"base_span": [1107, 1112], "annotations": [{"nertag": "B-PER"}]}, {"base_span": [1121, 1123], "annotations": [{"nertag": "O"}]}, {"base_span": [1128, 1129], "annotations": [{"nertag": "O"}]}, {"base_span": [1130, 1140], "annotations": [{"nertag": "O"}]}, {"base_span": [1140, 1141], "annotations": [{"nertag": "O"}]}, {"base_span": [1142, 1151], "annotations": [{"nertag": "B-LOC_ORG"}]}, {"base_span": [1152, 1156], "annotations": [{"nertag": "B-PER"}]}, {"base_span": [1165, 1167], "annotations": [{"nertag": "O"}]}, {"base_span": [1172, 1173], "annotations": [{"nertag": "O"}]}, {"base_span": [1174, 1184], "annotations": [{"nertag": "O"}]}, {"base_span": [1184, 1185], "annotations": [{"nertag": "O"}]}, {"base_span": [1186, 1196], "annotations": [{"nertag": "B-LOC_ORG"}]}, {"base_span": [1197, 1202], "annotations": [{"nertag": "B-PER"}]}, {"base_span": [1211, 1213], "annotations": [{"nertag": "O"}]}, {"base_span": [1218, 1219], "annotations": [{"nertag": "O"}]}, {"base_span": [1220, 1230], "annotations": [{"nertag": "O"}]}, {"base_span": [1230, 1231], "annotations": [{"nertag": "O"}]}, {"base_span": [1232, 1237], "annotations": [{"nertag": "B-LOC_ORG"}]}, {"base_span": [1238, 1243], "annotations": [{"nertag": "B-PER"}]}, {"base_span": [1244, 1249], "annotations": [{"nertag": "I-PER"}]}, {"base_span": [1258, 1260], "annotations": [{"nertag": "O"}]}, {"base_span": [1265, 1266], "annotations": [{"nertag": "O"}]}, {"base_span": [1267, 1277], "annotations": [{"nertag": "O"}]}, {"base_span": [1277, 1278], "annotations": [{"nertag": "O"}]}, {"base_span": [1279, 1288], "annotations": [{"nertag": "B-LOC_ORG"}]}, {"base_span": [1289, 1294], "annotations": [{"nertag": "B-PER"}]}, {"base_span": [1303, 1305], "annotations": [{"nertag": "O"}]}, {"base_span": [1310, 1311], "annotations": [{"nertag": "O"}]}, {"base_span": [1312, 1320], "annotations": [{"nertag": "O"}]}, {"base_span": [1320, 1321], "annotations": [{"nertag": "O"}]}, {"base_span": [1322, 1327], "annotations": [{"nertag": "B-LOC_ORG"}]}, {"base_span": [1328, 1333], "annotations": [{"nertag": "B-PER"}]}, {"base_span": [1342, 1344], "annotations": [{"nertag": "O"}]}, {"base_span": [1349, 1350], "annotations": [{"nertag": "O"}]}, {"base_span": [1351, 1359], "annotations": [{"nertag": "O"}]}, {"base_span": [1359, 1360], "annotations": [{"nertag": "O"}]}, {"base_span": [1361, 1364], "annotations": [{"nertag": "O"}]}, {"base_span": [1365, 1371], "annotations": [{"nertag": "O"}]}, {"base_span": [1371, 1372], "annotations": [{"nertag": "O"}]}, {"base_span": [1373, 1380], "annotations": [{"nertag": "B-LOC_ORG"}]}, {"base_span": [1381, 1385], "annotations": [{"nertag": "B-PER"}]}, {"base_span": [1394, 1396], "annotations": [{"nertag": "O"}]}, {"base_span": [1401, 1402], "annotations": [{"nertag": "O"}]}, {"base_span": [1403, 1407], "annotations": [{"nertag": "O"}]}, {"base_span": [1407, 1408], "annotations": [{"nertag": "O"}]}, {"base_span": [1409, 1416], "annotations": [{"nertag": "B-LOC_ORG"}]}, {"base_span": [1417, 1421], "annotations": [{"nertag": "B-PER"}]}, {"base_span": [1430, 1432], "annotations": [{"nertag": "O"}]}, {"base_span": [1437, 1438], "annotations": [{"nertag": "O"}]}, {"base_span": [1439, 1445], "annotations": [{"nertag": "O"}]}, {"base_span": [1445, 1446], "annotations": [{"nertag": "O"}]}, {"base_span": [1447, 1452], "annotations": [{"nertag": "B-LOC_ORG"}]}, {"base_span": [1453, 1459], "annotations": [{"nertag": "B-PER"}]}, {"base_span": [1468, 1470], "annotations": [{"nertag": "O"}]}, {"base_span": [1475, 1476], "annotations": [{"nertag": "O"}]}, {"base_span": [1477, 1482], "annotations": [{"nertag": "O"}]}, {"base_span": [1482, 1483], "annotations": [{"nertag": "O"}]}, {"base_span": [1484, 1488], "annotations": [{"nertag": "B-LOC_ORG"}]}, {"base_span": [1489, 1496], "annotations": [{"nertag": "B-PER"}]}, {"base_span": [1505, 1507], "annotations": [{"nertag": "O"}]}, {"base_span": [1512, 1513], "annotations": [{"nertag": "O"}]}, {"base_span": [1514, 1519], "annotations": [{"nertag": "O"}]}, {"base_span": [1519, 1520], "annotations": [{"nertag": "O"}]}, {"base_span": [1521, 1526], "annotations": [{"nertag": "B-PER"}]}, {"base_span": [1527, 1534], "annotations": [{"nertag": "I-PER"}]}, {"base_span": [1543, 1545], "annotations": [{"nertag": "O"}]}, {"base_span": [1550, 1551], "annotations": [{"nertag": "O"}]}, {"base_span": [1552, 1557], "annotations": [{"nertag": "O"}]}, {"base_span": [1557, 1558], "annotations": [{"nertag": "O"}]}, {"base_span": [1559, 1568], "annotations": [{"nertag": "B-LOC_ORG"}]}, {"base_span": [1569, 1574], "annotations": [{"nertag": "B-PER"}]}, {"base_span": [1583, 1585], "annotations": [{"nertag": "O"}]}, {"base_span": [1590, 1591], "annotations": [{"nertag": "O"}]}, {"base_span": [1592, 1599], "annotations": [{"nertag": "O"}]}, {"base_span": [1600, 1605], "annotations": [{"nertag": "O"}]}, {"base_span": [1606, 1610], "annotations": [{"nertag": "O"}]}, {"base_span": [1610, 1611], "annotations": [{"nertag": "O"}]}, {"base_span": [1612, 1616], "annotations": [{"nertag": "B-LOC_ORG"}]}, {"base_span": [1617, 1622], "annotations": [{"nertag": "B-PER"}]}, {"base_span": [1631, 1633], "annotations": [{"nertag": "O"}]}, {"base_span": [1638, 1639], "annotations": [{"nertag": "O"}]}, {"base_span": [1640, 1645], "annotations": [{"nertag": "O"}]}, {"base_span": [1646, 1655], "annotations": [{"nertag": "O"}]}, {"base_span": [1655, 1656], "annotations": [{"nertag": "O"}]}, {"base_span": [1657, 1663], "annotations": [{"nertag": "B-LOC_ORG"}]}, {"base_span": [1664, 1669], "annotations": [{"nertag": "B-PER"}]}, {"base_span": [1678, 1680], "annotations": [{"nertag": "O"}]}, {"base_span": [1685, 1687], "annotations": [{"nertag": "O"}]}, {"base_span": [1688, 1693], "annotations": [{"nertag": "O"}]}, {"base_span": [1694, 1699], "annotations": [{"nertag": "O"}]}, {"base_span": [1699, 1700], "annotations": [{"nertag": "O"}]}, {"base_span": [1701, 1706], "annotations": [{"nertag": "B-LOC_ORG"}]}, {"base_span": [1707, 1713], "annotations": [{"nertag": "B-PER"}]}, {"base_span": [1718, 1719], "annotations": [{"nertag": "O"}]}, {"base_span": [1723, 1725], "annotations": [{"nertag": "O"}]}, {"base_span": [1730, 1731], "annotations": [{"nertag": "O"}]}, {"base_span": [1732, 1737], "annotations": [{"nertag": "O"}]}, {"base_span": [1738, 1739], "annotations": [{"nertag": "O"}]}, {"base_span": [1740, 1747], "annotations": [{"nertag": "O"}]}, {"base_span": [1748, 1757], "annotations": [{"nertag": "O"}]}, {"base_span": [1757, 1758], "annotations": [{"nertag": "O"}]}, {"base_span": [1759, 1764], "annotations": [{"nertag": "B-LOC_ORG"}]}, {"base_span": [1765, 1769], "annotations": [{"nertag": "B-PER"}]}, {"base_span": [1774, 1775], "annotations": [{"nertag": "O"}]}, {"base_span": [1779, 1781], "annotations": [{"nertag": "O"}]}, {"base_span": [1786, 1787], "annotations": [{"nertag": "O"}]}, {"base_span": [1788, 1793], "annotations": [{"nertag": "O"}]}, {"base_span": [1793, 1794], "annotations": [{"nertag": "O"}]}, {"base_span": [1795, 1800], "annotations": [{"nertag": "B-LOC_ORG"}]}, {"base_span": [1801, 1806], "annotations": [{"nertag": "B-PER"}]}, {"base_span": [1815, 1817], "annotations": [{"nertag": "O"}]}, {"base_span": [1822, 1823], "annotations": [{"nertag": "O"}]}, {"base_span": [1824, 1828], "annotations": [{"nertag": "O"}]}, {"base_span": [1828, 1829], "annotations": [{"nertag": "O"}]}, {"base_span": [1830, 1834], "annotations": [{"nertag": "B-LOC_ORG"}]}, {"base_span": [1835, 1842], "annotations": [{"nertag": "B-PER"}]}, {"base_span": [1851, 1853], "annotations": [{"nertag": "O"}]}, {"base_span": [1858, 1859], "annotations": [{"nertag": "O"}]}, {"base_span": [1860, 1864], "annotations": [{"nertag": "O"}]}, {"base_span": [1864, 1865], "annotations": [{"nertag": "O"}]}, {"base_span": [1866, 1870], "annotations": [{"nertag": "O"}]}, {"base_span": [1871, 1875], "annotations": [{"nertag": "B-PER"}]}, {"base_span": [1876, 1880], "annotations": [{"nertag": "I-PER"}]}, {"base_span": [1889, 1891], "annotations": [{"nertag": "O"}]}, {"base_span": [1896, 1897], "annotations": [{"nertag": "O"}]}, {"base_span": [1898, 1902], "annotations": [{"nertag": "O"}]}, {"base_span": [1902, 1903], "annotations": [{"nertag": "O"}]}, {"base_span": [1904, 1908], "annotations": [{"nertag": "O"}]}, {"base_span": [1909, 1913], "annotations": [{"nertag": "B-PER"}]}, {"base_span": [1914, 1918], "annotations": [{"nertag": "I-PER"}]}, {"base_span": [1927, 1929], "annotations": [{"nertag": "O"}]}, {"base_span": [1934, 1935], "annotations": [{"nertag": "O"}]}, {"base_span": [1936, 1941], "annotations": [{"nertag": "O"}]}, {"base_span": [1942, 1950], "annotations": [{"nertag": "O"}]}, {"base_span": [1950, 1951], "annotations": [{"nertag": "O"}]}, {"base_span": [1952, 1961], "annotations": [{"nertag": "B-LOC_ORG"}]}, {"base_span": [1962, 1967], "annotations": [{"nertag": "B-PER"}]}, {"base_span": [1976, 1978], "annotations": [{"nertag": "O"}]}, {"base_span": [1983, 1988], "annotations": [{"nertag": "O"}]}, {"base_span": [1992, 1994], "annotations": [{"nertag": "O"}]}, {"base_span": [1998, 2000], "annotations": [{"nertag": "O"}]}, {"base_span": [2005, 2007], "annotations": [{"nertag": "O"}]}, {"base_span": [2008, 2013], "annotations": [{"nertag": "O"}]}, {"base_span": [2014, 2016], "annotations": [{"nertag": "O"}]}, {"base_span": [2017, 2021], "annotations": [{"nertag": "O"}]}, {"base_span": [2022, 2024], "annotations": [{"nertag": "O"}]}, {"base_span": [2025, 2028], "annotations": [{"nertag": "O"}]}, {"base_span": [2028, 2029], "annotations": [{"nertag": "O"}]}, {"base_span": [2031, 2035], "annotations": [{"nertag": "O"}]}, {"base_span": [2037, 2042], "annotations": [{"nertag": "B-PER"}]}, {"base_span": [2043, 2049], "annotations": [{"nertag": "I-PER"}]}, {"base_span": [2050, 2053], "annotations": [{"nertag": "O"}]}, {"base_span": [2054, 2058], "annotations": [{"nertag": "B-PER"}]}, {"base_span": [2059, 2067], "annotations": [{"nertag": "I-PER"}]}, {"base_span": [2068, 2071], "annotations": [{"nertag": "O"}]}, {"base_span": [2072, 2075], "annotations": [{"nertag": "B-PER"}]}, {"base_span": [2075, 2076], "annotations": [{"nertag": "I-PER"}]}, {"base_span": [2077, 2085], "annotations": [{"nertag": "I-PER"}]}, {"base_span": [2086, 2089], "annotations": [{"nertag": "O"}]}, {"base_span": [2091, 2096], "annotations": [{"nertag": "B-PER"}]}, {"base_span": [2097, 2101], "annotations": [{"nertag": "I-PER"}]}, {"base_span": [2102, 2105], "annotations": [{"nertag": "O"}]}, {"base_span": [2106, 2111], "annotations": [{"nertag": "B-PER"}]}, {"base_span": [2112, 2116], "annotations": [{"nertag": "I-PER"}]}, {"base_span": [2117, 2120], "annotations": [{"nertag": "O"}]}, {"base_span": [2121, 2125], "annotations": [{"nertag": "B-PER"}]}, {"base_span": [2125, 2126], "annotations": [{"nertag": "I-PER"}]}, {"base_span": [2127, 2133], "annotations": [{"nertag": "I-PER"}]}, {"base_span": [2134, 2137], "annotations": [{"nertag": "O"}]}]}]}