{"text": "\nSel samal peaval Tulli Märt Rätsepp ette ja Kaebas,et  temma Karjapois Karel Kalda olla temma Kaks Lehmi sabbi piddi kokko siddunud ja se peale teine Lehm teise Sabba ärra kiskunud. Sai Karel Kalda ette Kutsutud.Kes ütles,et se kaebus õige on. Mõistis Kohhos selle  Märti Kaebuse peale Poisile 10 vitsa löki.\n\n                                                                       Tõnnis Soiewa      +++ \n\n                                                                        Karel Rosenberg +++\n\n                                                                        Jürri Briks            +++\n\n\n", "meta": {"origin_directory": "vallakohus_teine/"}, "layers": [{"name": "gold_ner", "attributes": ["nertag"], "parent": null, "enveloping": null, "ambiguous": false, "serialisation_module": null, "meta": {}, "spans": [{"base_span": [24, 36], "annotations": [{"nertag": "PER"}]}, {"base_span": [72, 83], "annotations": [{"nertag": "PER"}]}, {"base_span": [187, 198], "annotations": [{"nertag": "PER"}]}, {"base_span": [267, 272], "annotations": [{"nertag": "PER"}]}, {"base_span": [382, 395], "annotations": [{"nertag": "PER"}]}, {"base_span": [479, 494], "annotations": [{"nertag": "PER"}]}, {"base_span": [572, 583], "annotations": [{"nertag": "PER"}]}]}, {"name": "gold_wordner", "attributes": ["nertag"], "parent": null, "enveloping": null, "ambiguous": false, "serialisation_module": null, "meta": {}, "spans": [{"base_span": [1, 4], "annotations": [{"nertag": "O"}]}, {"base_span": [5, 10], "annotations": [{"nertag": "O"}]}, {"base_span": [11, 17], "annotations": [{"nertag": "O"}]}, {"base_span": [18, 23], "annotations": [{"nertag": "O"}]}, {"base_span": [24, 28], "annotations": [{"nertag": "B-PER"}]}, {"base_span": [29, 36], "annotations": [{"nertag": "I-PER"}]}, {"base_span": [37, 41], "annotations": [{"nertag": "O"}]}, {"base_span": [42, 44], "annotations": [{"nertag": "O"}]}, {"base_span": [45, 51], "annotations": [{"nertag": "O"}]}, {"base_span": [51, 52], "annotations": [{"nertag": "O"}]}, {"base_span": [52, 54], "annotations": [{"nertag": "O"}]}, {"base_span": [56, 61], "annotations": [{"nertag": "O"}]}, {"base_span": [62, 71], "annotations": [{"nertag": "O"}]}, {"base_span": [72, 77], "annotations": [{"nertag": "B-PER"}]}, {"base_span": [78, 83], "annotations": [{"nertag": "I-PER"}]}, {"base_span": [84, 88], "annotations": [{"nertag": "O"}]}, {"base_span": [89, 94], "annotations": [{"nertag": "O"}]}, {"base_span": [95, 99], "annotations": [{"nertag": "O"}]}, {"base_span": [100, 105], "annotations": [{"nertag": "O"}]}, {"base_span": [106, 111], "annotations": [{"nertag": "O"}]}, {"base_span": [112, 117], "annotations": [{"nertag": "O"}]}, {"base_span": [118, 123], "annotations": [{"nertag": "O"}]}, {"base_span": [124, 132], "annotations": [{"nertag": "O"}]}, {"base_span": [133, 135], "annotations": [{"nertag": "O"}]}, {"base_span": [136, 138], "annotations": [{"nertag": "O"}]}, {"base_span": [139, 144], "annotations": [{"nertag": "O"}]}, {"base_span": [145, 150], "annotations": [{"nertag": "O"}]}, {"base_span": [151, 155], "annotations": [{"nertag": "O"}]}, {"base_span": [156, 161], "annotations": [{"nertag": "O"}]}, {"base_span": [162, 167], "annotations": [{"nertag": "O"}]}, {"base_span": [168, 172], "annotations": [{"nertag": "O"}]}, {"base_span": [173, 181], "annotations": [{"nertag": "O"}]}, {"base_span": [181, 182], "annotations": [{"nertag": "O"}]}, {"base_span": [183, 186], "annotations": [{"nertag": "O"}]}, {"base_span": [187, 192], "annotations": [{"nertag": "B-PER"}]}, {"base_span": [193, 198], "annotations": [{"nertag": "I-PER"}]}, {"base_span": [199, 203], "annotations": [{"nertag": "O"}]}, {"base_span": [204, 212], "annotations": [{"nertag": "O"}]}, {"base_span": [212, 213], "annotations": [{"nertag": "O"}]}, {"base_span": [213, 216], "annotations": [{"nertag": "O"}]}, {"base_span": [217, 222], "annotations": [{"nertag": "O"}]}, {"base_span": [222, 223], "annotations": [{"nertag": "O"}]}, {"base_span": [223, 225], "annotations": [{"nertag": "O"}]}, {"base_span": [226, 228], "annotations": [{"nertag": "O"}]}, {"base_span": [229, 235], "annotations": [{"nertag": "O"}]}, {"base_span": [236, 240], "annotations": [{"nertag": "O"}]}, {"base_span": [241, 243], "annotations": [{"nertag": "O"}]}, {"base_span": [243, 244], "annotations": [{"nertag": "O"}]}, {"base_span": [245, 252], "annotations": [{"nertag": "O"}]}, {"base_span": [253, 259], "annotations": [{"nertag": "O"}]}, {"base_span": [260, 265], "annotations": [{"nertag": "O"}]}, {"base_span": [267, 272], "annotations": [{"nertag": "B-PER"}]}, {"base_span": [273, 280], "annotations": [{"nertag": "O"}]}, {"base_span": [281, 286], "annotations": [{"nertag": "O"}]}, {"base_span": [287, 294], "annotations": [{"nertag": "O"}]}, {"base_span": [295, 297], "annotations": [{"nertag": "O"}]}, {"base_span": [298, 303], "annotations": [{"nertag": "O"}]}, {"base_span": [304, 308], "annotations": [{"nertag": "O"}]}, {"base_span": [308, 309], "annotations": [{"nertag": "O"}]}, {"base_span": [382, 388], "annotations": [{"nertag": "B-PER"}]}, {"base_span": [389, 395], "annotations": [{"nertag": "I-PER"}]}, {"base_span": [401, 402], "annotations": [{"nertag": "O"}]}, {"base_span": [402, 403], "annotations": [{"nertag": "O"}]}, {"base_span": [403, 404], "annotations": [{"nertag": "O"}]}, {"base_span": [479, 484], "annotations": [{"nertag": "B-PER"}]}, {"base_span": [485, 494], "annotations": [{"nertag": "I-PER"}]}, {"base_span": [495, 496], "annotations": [{"nertag": "O"}]}, {"base_span": [496, 497], "annotations": [{"nertag": "O"}]}, {"base_span": [497, 498], "annotations": [{"nertag": "O"}]}, {"base_span": [572, 577], "annotations": [{"nertag": "B-PER"}]}, {"base_span": [578, 583], "annotations": [{"nertag": "I-PER"}]}, {"base_span": [595, 596], "annotations": [{"nertag": "O"}]}, {"base_span": [596, 597], "annotations": [{"nertag": "O"}]}, {"base_span": [597, 598], "annotations": [{"nertag": "O"}]}]}]}