{"text": "\nJaan Ottan kaebas, et temal oma kõrtsimehe Jaan Hansoni käest kõrtsi renti saada 21 rbl. 79 kop.\n\nJaan Hanson wastutas selle peale, et temal kõrts terwe aasta peale kuni 23. Aprillini 1886 renditud olnud, aga 1. Januaril pidanud tema kõrtsi kinni panema, sest et kroonu poolt enam patentisid antud ei ole, mille läbi tema 120 rubla kahju saanud; aasta rent on olnud 200 rubla, millest tema 116 rbl. 67 kop. wälja on maksnud.\n\nMõiste: Et Kroonu poolt waku maa peal enam Jaan Ottanile kõrtsi müümise luba antud ei ole siis peab Jaan Hanson 36 nädala rent 138 rbl. 46 kop. Jaan Ottani hääks wälja maksma; et sellest aga juba 116 rbl. 67 kop. äramaksetud, siis jääb weel 21 rbl. 79 kop. maksa. 16 nädala eest jääb rent maha, sest et kroonu kõrtsi kinni pannud ja ei ole Jaan Hansonil midagi Ottani käest nõuda.\n\nPeakohtumees: P. Kripson XXX\n\nKohtumees: P. Pedoson XXX\n\nMõiste sai kohtukäijatele kuulutatud T.S.R. §772-774 järele aastast 1860 ja õpus antud mis tähele panda tuleb kui keegi kõrgemat kohut nõuab, ning ei olnud Jaan Hanson rahul.\n\nKirjutaja: Chr Kapp &lt;allkiri&gt;\n\n14. Märtsil 1886 Kihelk. kohtuse saadetud.\n\n\n", "meta": {"origin_directory": "vallakohus_neljas/"}, "layers": [{"name": "gold_ner", "attributes": ["nertag"], "parent": null, "enveloping": null, "ambiguous": false, "serialisation_module": null, "meta": {}, "spans": [{"base_span": [1, 11], "annotations": [{"nertag": "PER"}]}, {"base_span": [44, 56], "annotations": [{"nertag": "PER"}]}, {"base_span": [99, 110], "annotations": [{"nertag": "PER"}]}, {"base_span": [470, 483], "annotations": [{"nertag": "PER"}]}, {"base_span": [527, 538], "annotations": [{"nertag": "PER"}]}, {"base_span": [571, 582], "annotations": [{"nertag": "PER"}]}, {"base_span": [767, 780], "annotations": [{"nertag": "PER"}]}, {"base_span": [788, 794], "annotations": [{"nertag": "PER"}]}, {"base_span": [823, 833], "annotations": [{"nertag": "PER"}]}, {"base_span": [850, 860], "annotations": [{"nertag": "PER"}]}, {"base_span": [903, 909], "annotations": [{"nertag": "MISC"}]}, {"base_span": [1022, 1033], "annotations": [{"nertag": "PER"}]}, {"base_span": [1053, 1061], "annotations": [{"nertag": "PER"}]}]}, {"name": "gold_wordner", "attributes": ["nertag"], "parent": null, "enveloping": null, "ambiguous": false, "serialisation_module": null, "meta": {}, "spans": [{"base_span": [1, 5], "annotations": [{"nertag": "B-PER"}]}, {"base_span": [6, 11], "annotations": [{"nertag": "I-PER"}]}, {"base_span": [12, 18], "annotations": [{"nertag": "O"}]}, {"base_span": [18, 19], "annotations": [{"nertag": "O"}]}, {"base_span": [20, 22], "annotations": [{"nertag": "O"}]}, {"base_span": [23, 28], "annotations": [{"nertag": "O"}]}, {"base_span": [29, 32], "annotations": [{"nertag": "O"}]}, {"base_span": [33, 43], "annotations": [{"nertag": "O"}]}, {"base_span": [44, 48], "annotations": [{"nertag": "B-PER"}]}, {"base_span": [49, 56], "annotations": [{"nertag": "I-PER"}]}, {"base_span": [57, 62], "annotations": [{"nertag": "O"}]}, {"base_span": [63, 69], "annotations": [{"nertag": "O"}]}, {"base_span": [70, 75], "annotations": [{"nertag": "O"}]}, {"base_span": [76, 81], "annotations": [{"nertag": "O"}]}, {"base_span": [82, 84], "annotations": [{"nertag": "O"}]}, {"base_span": [85, 88], "annotations": [{"nertag": "O"}]}, {"base_span": [88, 89], "annotations": [{"nertag": "O"}]}, {"base_span": [90, 92], "annotations": [{"nertag": "O"}]}, {"base_span": [93, 96], "annotations": [{"nertag": "O"}]}, {"base_span": [96, 97], "annotations": [{"nertag": "O"}]}, {"base_span": [99, 103], "annotations": [{"nertag": "B-PER"}]}, {"base_span": [104, 110], "annotations": [{"nertag": "I-PER"}]}, {"base_span": [111, 119], "annotations": [{"nertag": "O"}]}, {"base_span": [120, 125], "annotations": [{"nertag": "O"}]}, {"base_span": [126, 131], "annotations": [{"nertag": "O"}]}, {"base_span": [131, 132], "annotations": [{"nertag": "O"}]}, {"base_span": [133, 135], "annotations": [{"nertag": "O"}]}, {"base_span": [136, 141], "annotations": [{"nertag": "O"}]}, {"base_span": [142, 147], "annotations": [{"nertag": "O"}]}, {"base_span": [148, 153], "annotations": [{"nertag": "O"}]}, {"base_span": [154, 159], "annotations": [{"nertag": "O"}]}, {"base_span": [160, 165], "annotations": [{"nertag": "O"}]}, {"base_span": [166, 170], "annotations": [{"nertag": "O"}]}, {"base_span": [171, 174], "annotations": [{"nertag": "O"}]}, {"base_span": [175, 184], "annotations": [{"nertag": "O"}]}, {"base_span": [185, 189], "annotations": [{"nertag": "O"}]}, {"base_span": [190, 198], "annotations": [{"nertag": "O"}]}, {"base_span": [199, 204], "annotations": [{"nertag": "O"}]}, {"base_span": [204, 205], "annotations": [{"nertag": "O"}]}, {"base_span": [206, 209], "annotations": [{"nertag": "O"}]}, {"base_span": [210, 212], "annotations": [{"nertag": "O"}]}, {"base_span": [213, 221], "annotations": [{"nertag": "O"}]}, {"base_span": [222, 229], "annotations": [{"nertag": "O"}]}, {"base_span": [230, 234], "annotations": [{"nertag": "O"}]}, {"base_span": [235, 241], "annotations": [{"nertag": "O"}]}, {"base_span": [242, 247], "annotations": [{"nertag": "O"}]}, {"base_span": [248, 254], "annotations": [{"nertag": "O"}]}, {"base_span": [254, 255], "annotations": [{"nertag": "O"}]}, {"base_span": [256, 260], "annotations": [{"nertag": "O"}]}, {"base_span": [261, 263], "annotations": [{"nertag": "O"}]}, {"base_span": [264, 270], "annotations": [{"nertag": "O"}]}, {"base_span": [271, 276], "annotations": [{"nertag": "O"}]}, {"base_span": [277, 281], "annotations": [{"nertag": "O"}]}, {"base_span": [282, 292], "annotations": [{"nertag": "O"}]}, {"base_span": [293, 298], "annotations": [{"nertag": "O"}]}, {"base_span": [299, 301], "annotations": [{"nertag": "O"}]}, {"base_span": [302, 305], "annotations": [{"nertag": "O"}]}, {"base_span": [305, 306], "annotations": [{"nertag": "O"}]}, {"base_span": [307, 312], "annotations": [{"nertag": "O"}]}, {"base_span": [313, 317], "annotations": [{"nertag": "O"}]}, {"base_span": [318, 322], "annotations": [{"nertag": "O"}]}, {"base_span": [323, 326], "annotations": [{"nertag": "O"}]}, {"base_span": [327, 332], "annotations": [{"nertag": "O"}]}, {"base_span": [333, 338], "annotations": [{"nertag": "O"}]}, {"base_span": [339, 345], "annotations": [{"nertag": "O"}]}, {"base_span": [345, 346], "annotations": [{"nertag": "O"}]}, {"base_span": [347, 352], "annotations": [{"nertag": "O"}]}, {"base_span": [353, 357], "annotations": [{"nertag": "O"}]}, {"base_span": [358, 360], "annotations": [{"nertag": "O"}]}, {"base_span": [361, 366], "annotations": [{"nertag": "O"}]}, {"base_span": [367, 370], "annotations": [{"nertag": "O"}]}, {"base_span": [371, 376], "annotations": [{"nertag": "O"}]}, {"base_span": [376, 377], "annotations": [{"nertag": "O"}]}, {"base_span": [378, 385], "annotations": [{"nertag": "O"}]}, {"base_span": [386, 390], "annotations": [{"nertag": "O"}]}, {"base_span": [391, 394], "annotations": [{"nertag": "O"}]}, {"base_span": [395, 398], "annotations": [{"nertag": "O"}]}, {"base_span": [398, 399], "annotations": [{"nertag": "O"}]}, {"base_span": [400, 402], "annotations": [{"nertag": "O"}]}, {"base_span": [403, 406], "annotations": [{"nertag": "O"}]}, {"base_span": [406, 407], "annotations": [{"nertag": "O"}]}, {"base_span": [408, 413], "annotations": [{"nertag": "O"}]}, {"base_span": [414, 416], "annotations": [{"nertag": "O"}]}, {"base_span": [417, 424], "annotations": [{"nertag": "O"}]}, {"base_span": [424, 425], "annotations": [{"nertag": "O"}]}, {"base_span": [427, 433], "annotations": [{"nertag": "O"}]}, {"base_span": [433, 434], "annotations": [{"nertag": "O"}]}, {"base_span": [435, 437], "annotations": [{"nertag": "O"}]}, {"base_span": [438, 444], "annotations": [{"nertag": "O"}]}, {"base_span": [445, 450], "annotations": [{"nertag": "O"}]}, {"base_span": [451, 455], "annotations": [{"nertag": "O"}]}, {"base_span": [456, 459], "annotations": [{"nertag": "O"}]}, {"base_span": [460, 464], "annotations": [{"nertag": "O"}]}, {"base_span": [465, 469], "annotations": [{"nertag": "O"}]}, {"base_span": [470, 474], "annotations": [{"nertag": "B-PER"}]}, {"base_span": [475, 483], "annotations": [{"nertag": "I-PER"}]}, {"base_span": [484, 490], "annotations": [{"nertag": "O"}]}, {"base_span": [491, 498], "annotations": [{"nertag": "O"}]}, {"base_span": [499, 503], "annotations": [{"nertag": "O"}]}, {"base_span": [504, 509], "annotations": [{"nertag": "O"}]}, {"base_span": [510, 512], "annotations": [{"nertag": "O"}]}, {"base_span": [513, 516], "annotations": [{"nertag": "O"}]}, {"base_span": [517, 521], "annotations": [{"nertag": "O"}]}, {"base_span": [522, 526], "annotations": [{"nertag": "O"}]}, {"base_span": [527, 531], "annotations": [{"nertag": "B-PER"}]}, {"base_span": [532, 538], "annotations": [{"nertag": "I-PER"}]}, {"base_span": [539, 541], "annotations": [{"nertag": "O"}]}, {"base_span": [542, 548], "annotations": [{"nertag": "O"}]}, {"base_span": [549, 553], "annotations": [{"nertag": "O"}]}, {"base_span": [554, 557], "annotations": [{"nertag": "O"}]}, {"base_span": [558, 561], "annotations": [{"nertag": "O"}]}, {"base_span": [561, 562], "annotations": [{"nertag": "O"}]}, {"base_span": [563, 565], "annotations": [{"nertag": "O"}]}, {"base_span": [566, 569], "annotations": [{"nertag": "O"}]}, {"base_span": [569, 570], "annotations": [{"nertag": "O"}]}, {"base_span": [571, 575], "annotations": [{"nertag": "B-PER"}]}, {"base_span": [576, 582], "annotations": [{"nertag": "I-PER"}]}, {"base_span": [583, 588], "annotations": [{"nertag": "O"}]}, {"base_span": [589, 594], "annotations": [{"nertag": "O"}]}, {"base_span": [595, 601], "annotations": [{"nertag": "O"}]}, {"base_span": [601, 602], "annotations": [{"nertag": "O"}]}, {"base_span": [603, 605], "annotations": [{"nertag": "O"}]}, {"base_span": [606, 613], "annotations": [{"nertag": "O"}]}, {"base_span": [614, 617], "annotations": [{"nertag": "O"}]}, {"base_span": [618, 622], "annotations": [{"nertag": "O"}]}, {"base_span": [623, 626], "annotations": [{"nertag": "O"}]}, {"base_span": [627, 630], "annotations": [{"nertag": "O"}]}, {"base_span": [630, 631], "annotations": [{"nertag": "O"}]}, {"base_span": [632, 634], "annotations": [{"nertag": "O"}]}, {"base_span": [635, 638], "annotations": [{"nertag": "O"}]}, {"base_span": [638, 639], "annotations": [{"nertag": "O"}]}, {"base_span": [640, 651], "annotations": [{"nertag": "O"}]}, {"base_span": [651, 652], "annotations": [{"nertag": "O"}]}, {"base_span": [653, 657], "annotations": [{"nertag": "O"}]}, {"base_span": [658, 662], "annotations": [{"nertag": "O"}]}, {"base_span": [663, 667], "annotations": [{"nertag": "O"}]}, {"base_span": [668, 670], "annotations": [{"nertag": "O"}]}, {"base_span": [671, 674], "annotations": [{"nertag": "O"}]}, {"base_span": [674, 675], "annotations": [{"nertag": "O"}]}, {"base_span": [676, 678], "annotations": [{"nertag": "O"}]}, {"base_span": [679, 682], "annotations": [{"nertag": "O"}]}, {"base_span": [682, 683], "annotations": [{"nertag": "O"}]}, {"base_span": [684, 689], "annotations": [{"nertag": "O"}]}, {"base_span": [689, 690], "annotations": [{"nertag": "O"}]}, {"base_span": [691, 693], "annotations": [{"nertag": "O"}]}, {"base_span": [694, 700], "annotations": [{"nertag": "O"}]}, {"base_span": [701, 705], "annotations": [{"nertag": "O"}]}, {"base_span": [706, 710], "annotations": [{"nertag": "O"}]}, {"base_span": [711, 715], "annotations": [{"nertag": "O"}]}, {"base_span": [716, 720], "annotations": [{"nertag": "O"}]}, {"base_span": [720, 721], "annotations": [{"nertag": "O"}]}, {"base_span": [722, 726], "annotations": [{"nertag": "O"}]}, {"base_span": [727, 729], "annotations": [{"nertag": "O"}]}, {"base_span": [730, 736], "annotations": [{"nertag": "O"}]}, {"base_span": [737, 743], "annotations": [{"nertag": "O"}]}, {"base_span": [744, 749], "annotations": [{"nertag": "O"}]}, {"base_span": [750, 756], "annotations": [{"nertag": "O"}]}, {"base_span": [757, 759], "annotations": [{"nertag": "O"}]}, {"base_span": [760, 762], "annotations": [{"nertag": "O"}]}, {"base_span": [763, 766], "annotations": [{"nertag": "O"}]}, {"base_span": [767, 771], "annotations": [{"nertag": "B-PER"}]}, {"base_span": [772, 780], "annotations": [{"nertag": "I-PER"}]}, {"base_span": [781, 787], "annotations": [{"nertag": "O"}]}, {"base_span": [788, 794], "annotations": [{"nertag": "B-PER"}]}, {"base_span": [795, 800], "annotations": [{"nertag": "O"}]}, {"base_span": [801, 806], "annotations": [{"nertag": "O"}]}, {"base_span": [806, 807], "annotations": [{"nertag": "O"}]}, {"base_span": [809, 821], "annotations": [{"nertag": "O"}]}, {"base_span": [821, 822], "annotations": [{"nertag": "O"}]}, {"base_span": [823, 824], "annotations": [{"nertag": "B-PER"}]}, {"base_span": [824, 825], "annotations": [{"nertag": "I-PER"}]}, {"base_span": [826, 833], "annotations": [{"nertag": "I-PER"}]}, {"base_span": [834, 837], "annotations": [{"nertag": "O"}]}, {"base_span": [839, 848], "annotations": [{"nertag": "O"}]}, {"base_span": [848, 849], "annotations": [{"nertag": "O"}]}, {"base_span": [850, 851], "annotations": [{"nertag": "B-PER"}]}, {"base_span": [851, 852], "annotations": [{"nertag": "I-PER"}]}, {"base_span": [853, 860], "annotations": [{"nertag": "I-PER"}]}, {"base_span": [861, 864], "annotations": [{"nertag": "O"}]}, {"base_span": [866, 872], "annotations": [{"nertag": "O"}]}, {"base_span": [873, 876], "annotations": [{"nertag": "O"}]}, {"base_span": [877, 891], "annotations": [{"nertag": "O"}]}, {"base_span": [892, 902], "annotations": [{"nertag": "O"}]}, {"base_span": [903, 904], "annotations": [{"nertag": "B-MISC"}]}, {"base_span": [904, 905], "annotations": [{"nertag": "I-MISC"}]}, {"base_span": [905, 906], "annotations": [{"nertag": "I-MISC"}]}, {"base_span": [906, 907], "annotations": [{"nertag": "I-MISC"}]}, {"base_span": [907, 908], "annotations": [{"nertag": "I-MISC"}]}, {"base_span": [908, 909], "annotations": [{"nertag": "I-MISC"}]}, {"base_span": [910, 911], "annotations": [{"nertag": "O"}]}, {"base_span": [911, 914], "annotations": [{"nertag": "O"}]}, {"base_span": [914, 915], "annotations": [{"nertag": "O"}]}, {"base_span": [915, 918], "annotations": [{"nertag": "O"}]}, {"base_span": [919, 925], "annotations": [{"nertag": "O"}]}, {"base_span": [926, 933], "annotations": [{"nertag": "O"}]}, {"base_span": [934, 938], "annotations": [{"nertag": "O"}]}, {"base_span": [939, 941], "annotations": [{"nertag": "O"}]}, {"base_span": [942, 946], "annotations": [{"nertag": "O"}]}, {"base_span": [947, 952], "annotations": [{"nertag": "O"}]}, {"base_span": [953, 956], "annotations": [{"nertag": "O"}]}, {"base_span": [957, 963], "annotations": [{"nertag": "O"}]}, {"base_span": [964, 969], "annotations": [{"nertag": "O"}]}, {"base_span": [970, 975], "annotations": [{"nertag": "O"}]}, {"base_span": [976, 979], "annotations": [{"nertag": "O"}]}, {"base_span": [980, 985], "annotations": [{"nertag": "O"}]}, {"base_span": [986, 994], "annotations": [{"nertag": "O"}]}, {"base_span": [995, 1000], "annotations": [{"nertag": "O"}]}, {"base_span": [1001, 1006], "annotations": [{"nertag": "O"}]}, {"base_span": [1006, 1007], "annotations": [{"nertag": "O"}]}, {"base_span": [1008, 1012], "annotations": [{"nertag": "O"}]}, {"base_span": [1013, 1015], "annotations": [{"nertag": "O"}]}, {"base_span": [1016, 1021], "annotations": [{"nertag": "O"}]}, {"base_span": [1022, 1026], "annotations": [{"nertag": "B-PER"}]}, {"base_span": [1027, 1033], "annotations": [{"nertag": "I-PER"}]}, {"base_span": [1034, 1039], "annotations": [{"nertag": "O"}]}, {"base_span": [1039, 1040], "annotations": [{"nertag": "O"}]}, {"base_span": [1042, 1051], "annotations": [{"nertag": "O"}]}, {"base_span": [1051, 1052], "annotations": [{"nertag": "O"}]}, {"base_span": [1053, 1056], "annotations": [{"nertag": "B-PER"}]}, {"base_span": [1057, 1061], "annotations": [{"nertag": "I-PER"}]}, {"base_span": [1062, 1063], "annotations": [{"nertag": "O"}]}, {"base_span": [1063, 1065], "annotations": [{"nertag": "O"}]}, {"base_span": [1065, 1066], "annotations": [{"nertag": "O"}]}, {"base_span": [1066, 1073], "annotations": [{"nertag": "O"}]}, {"base_span": [1073, 1074], "annotations": [{"nertag": "O"}]}, {"base_span": [1074, 1076], "annotations": [{"nertag": "O"}]}, {"base_span": [1076, 1077], "annotations": [{"nertag": "O"}]}, {"base_span": [1079, 1082], "annotations": [{"nertag": "O"}]}, {"base_span": [1083, 1090], "annotations": [{"nertag": "O"}]}, {"base_span": [1091, 1095], "annotations": [{"nertag": "O"}]}, {"base_span": [1096, 1102], "annotations": [{"nertag": "O"}]}, {"base_span": [1102, 1103], "annotations": [{"nertag": "O"}]}, {"base_span": [1104, 1111], "annotations": [{"nertag": "O"}]}, {"base_span": [1112, 1120], "annotations": [{"nertag": "O"}]}, {"base_span": [1120, 1121], "annotations": [{"nertag": "O"}]}]}]}