{"text": "\nSelsamal pääwal 21 Mail. Juures istusid alnimetud kohtumehed.\n\nJohan Loor oli kogokonna kohtu ees Krop ja ütles: kohtumees on temaga siis ühes wargil käinud, kui tema Jakob Piirbergi heina wargusest midagi tiab, mispääle sai \n\nMõistetud: Johan Loor saab Kropi olemise eest kogokonna kohtu ees 3 ööks ja pääwaks kinni pantud.\n\nPeter Kripson+++ Peter Hendrikson+++ Hendrik Piirson+++ Kotta Wossmann+++ Peter Torg+++\n\nMõistus sai Johan Loorile T. S. R. . pärra a. 1860 paragrahv 772-774 kuulutud ja oli tema sellega rahul.\n\n\n", "meta": {"origin_directory": "vallakohus_neljas/"}, "layers": [{"name": "gold_ner", "attributes": ["nertag"], "parent": null, "enveloping": null, "ambiguous": false, "serialisation_module": null, "meta": {}, "spans": [{"base_span": [64, 74], "annotations": [{"nertag": "PER"}]}, {"base_span": [168, 183], "annotations": [{"nertag": "PER"}]}, {"base_span": [239, 249], "annotations": [{"nertag": "PER"}]}, {"base_span": [327, 340], "annotations": [{"nertag": "PER"}]}, {"base_span": [344, 360], "annotations": [{"nertag": "PER"}]}, {"base_span": [364, 379], "annotations": [{"nertag": "PER"}]}, {"base_span": [383, 397], "annotations": [{"nertag": "PER"}]}, {"base_span": [401, 411], "annotations": [{"nertag": "PER"}]}, {"base_span": [428, 441], "annotations": [{"nertag": "PER"}]}, {"base_span": [442, 450], "annotations": [{"nertag": "MISC"}]}]}, {"name": "gold_wordner", "attributes": ["nertag"], "parent": null, "enveloping": null, "ambiguous": false, "serialisation_module": null, "meta": {}, "spans": [{"base_span": [1, 9], "annotations": [{"nertag": "O"}]}, {"base_span": [10, 16], "annotations": [{"nertag": "O"}]}, {"base_span": [17, 19], "annotations": [{"nertag": "O"}]}, {"base_span": [20, 24], "annotations": [{"nertag": "O"}]}, {"base_span": [24, 25], "annotations": [{"nertag": "O"}]}, {"base_span": [26, 32], "annotations": [{"nertag": "O"}]}, {"base_span": [33, 40], "annotations": [{"nertag": "O"}]}, {"base_span": [41, 50], "annotations": [{"nertag": "O"}]}, {"base_span": [51, 61], "annotations": [{"nertag": "O"}]}, {"base_span": [61, 62], "annotations": [{"nertag": "O"}]}, {"base_span": [64, 69], "annotations": [{"nertag": "B-PER"}]}, {"base_span": [70, 74], "annotations": [{"nertag": "I-PER"}]}, {"base_span": [75, 78], "annotations": [{"nertag": "O"}]}, {"base_span": [79, 88], "annotations": [{"nertag": "O"}]}, {"base_span": [89, 94], "annotations": [{"nertag": "O"}]}, {"base_span": [95, 98], "annotations": [{"nertag": "O"}]}, {"base_span": [99, 103], "annotations": [{"nertag": "O"}]}, {"base_span": [104, 106], "annotations": [{"nertag": "O"}]}, {"base_span": [107, 112], "annotations": [{"nertag": "O"}]}, {"base_span": [112, 113], "annotations": [{"nertag": "O"}]}, {"base_span": [114, 123], "annotations": [{"nertag": "O"}]}, {"base_span": [124, 126], "annotations": [{"nertag": "O"}]}, {"base_span": [127, 133], "annotations": [{"nertag": "O"}]}, {"base_span": [134, 138], "annotations": [{"nertag": "O"}]}, {"base_span": [139, 143], "annotations": [{"nertag": "O"}]}, {"base_span": [144, 150], "annotations": [{"nertag": "O"}]}, {"base_span": [151, 157], "annotations": [{"nertag": "O"}]}, {"base_span": [157, 158], "annotations": [{"nertag": "O"}]}, {"base_span": [159, 162], "annotations": [{"nertag": "O"}]}, {"base_span": [163, 167], "annotations": [{"nertag": "O"}]}, {"base_span": [168, 173], "annotations": [{"nertag": "B-PER"}]}, {"base_span": [174, 183], "annotations": [{"nertag": "I-PER"}]}, {"base_span": [184, 189], "annotations": [{"nertag": "O"}]}, {"base_span": [190, 199], "annotations": [{"nertag": "O"}]}, {"base_span": [200, 206], "annotations": [{"nertag": "O"}]}, {"base_span": [207, 211], "annotations": [{"nertag": "O"}]}, {"base_span": [211, 212], "annotations": [{"nertag": "O"}]}, {"base_span": [213, 221], "annotations": [{"nertag": "O"}]}, {"base_span": [222, 225], "annotations": [{"nertag": "O"}]}, {"base_span": [228, 237], "annotations": [{"nertag": "O"}]}, {"base_span": [237, 238], "annotations": [{"nertag": "O"}]}, {"base_span": [239, 244], "annotations": [{"nertag": "B-PER"}]}, {"base_span": [245, 249], "annotations": [{"nertag": "I-PER"}]}, {"base_span": [250, 254], "annotations": [{"nertag": "O"}]}, {"base_span": [255, 260], "annotations": [{"nertag": "O"}]}, {"base_span": [261, 268], "annotations": [{"nertag": "O"}]}, {"base_span": [269, 273], "annotations": [{"nertag": "O"}]}, {"base_span": [274, 283], "annotations": [{"nertag": "O"}]}, {"base_span": [284, 289], "annotations": [{"nertag": "O"}]}, {"base_span": [290, 293], "annotations": [{"nertag": "O"}]}, {"base_span": [294, 295], "annotations": [{"nertag": "O"}]}, {"base_span": [296, 300], "annotations": [{"nertag": "O"}]}, {"base_span": [301, 303], "annotations": [{"nertag": "O"}]}, {"base_span": [304, 311], "annotations": [{"nertag": "O"}]}, {"base_span": [312, 317], "annotations": [{"nertag": "O"}]}, {"base_span": [318, 324], "annotations": [{"nertag": "O"}]}, {"base_span": [324, 325], "annotations": [{"nertag": "O"}]}, {"base_span": [327, 332], "annotations": [{"nertag": "B-PER"}]}, {"base_span": [333, 340], "annotations": [{"nertag": "I-PER"}]}, {"base_span": [340, 341], "annotations": [{"nertag": "O"}]}, {"base_span": [341, 342], "annotations": [{"nertag": "O"}]}, {"base_span": [342, 343], "annotations": [{"nertag": "O"}]}, {"base_span": [344, 349], "annotations": [{"nertag": "B-PER"}]}, {"base_span": [350, 360], "annotations": [{"nertag": "I-PER"}]}, {"base_span": [360, 361], "annotations": [{"nertag": "O"}]}, {"base_span": [361, 362], "annotations": [{"nertag": "O"}]}, {"base_span": [362, 363], "annotations": [{"nertag": "O"}]}, {"base_span": [364, 371], "annotations": [{"nertag": "B-PER"}]}, {"base_span": [372, 379], "annotations": [{"nertag": "I-PER"}]}, {"base_span": [379, 380], "annotations": [{"nertag": "O"}]}, {"base_span": [380, 381], "annotations": [{"nertag": "O"}]}, {"base_span": [381, 382], "annotations": [{"nertag": "O"}]}, {"base_span": [383, 388], "annotations": [{"nertag": "B-PER"}]}, {"base_span": [389, 397], "annotations": [{"nertag": "I-PER"}]}, {"base_span": [397, 398], "annotations": [{"nertag": "O"}]}, {"base_span": [398, 399], "annotations": [{"nertag": "O"}]}, {"base_span": [399, 400], "annotations": [{"nertag": "O"}]}, {"base_span": [401, 406], "annotations": [{"nertag": "B-PER"}]}, {"base_span": [407, 411], "annotations": [{"nertag": "I-PER"}]}, {"base_span": [411, 412], "annotations": [{"nertag": "O"}]}, {"base_span": [412, 413], "annotations": [{"nertag": "O"}]}, {"base_span": [413, 414], "annotations": [{"nertag": "O"}]}, {"base_span": [416, 423], "annotations": [{"nertag": "O"}]}, {"base_span": [424, 427], "annotations": [{"nertag": "O"}]}, {"base_span": [428, 433], "annotations": [{"nertag": "B-PER"}]}, {"base_span": [434, 441], "annotations": [{"nertag": "I-PER"}]}, {"base_span": [442, 443], "annotations": [{"nertag": "B-MISC"}]}, {"base_span": [443, 444], "annotations": [{"nertag": "I-MISC"}]}, {"base_span": [445, 446], "annotations": [{"nertag": "I-MISC"}]}, {"base_span": [446, 447], "annotations": [{"nertag": "I-MISC"}]}, {"base_span": [448, 449], "annotations": [{"nertag": "I-MISC"}]}, {"base_span": [449, 450], "annotations": [{"nertag": "I-MISC"}]}, {"base_span": [451, 452], "annotations": [{"nertag": "O"}]}, {"base_span": [453, 458], "annotations": [{"nertag": "O"}]}, {"base_span": [459, 460], "annotations": [{"nertag": "O"}]}, {"base_span": [460, 461], "annotations": [{"nertag": "O"}]}, {"base_span": [462, 466], "annotations": [{"nertag": "O"}]}, {"base_span": [467, 476], "annotations": [{"nertag": "O"}]}, {"base_span": [477, 480], "annotations": [{"nertag": "O"}]}, {"base_span": [480, 481], "annotations": [{"nertag": "O"}]}, {"base_span": [481, 484], "annotations": [{"nertag": "O"}]}, {"base_span": [485, 493], "annotations": [{"nertag": "O"}]}, {"base_span": [494, 496], "annotations": [{"nertag": "O"}]}, {"base_span": [497, 500], "annotations": [{"nertag": "O"}]}, {"base_span": [501, 505], "annotations": [{"nertag": "O"}]}, {"base_span": [506, 513], "annotations": [{"nertag": "O"}]}, {"base_span": [514, 519], "annotations": [{"nertag": "O"}]}, {"base_span": [519, 520], "annotations": [{"nertag": "O"}]}]}]}