{"text": "\nKeiserliku IV Tartu Kihelkonna kohtu eeskirja pääle 11. Julil 1883 N 4647 tuli ette Jaan Tätte Rasinalt ja kaibas kui koolnud Hindrik Tätte pärijate wöölmölder tähte ette näidates, et nimetatud pärijatel 161 rubl. 12 1/2 kop. Ahja wallawalitsuse käest saada on ja nõudis, et pärijad täieealiseks on saanud, seda raha kõige protsentitega ühtekokku 209 rubla 30 kop. kätte saada.\n\nWallawanem Jaan Loko wastutas selle pääle et temal seda raha maksa ei ole, sest et see kassaraamatusse sissekirjutatud ei ka walla laadikus leida ei ole.\n\nEndine wallawanem Jakob Nagel ütles wälja et tema ametiaea sees sellest rahast 41 rubl. 12 1/2 kop. sisse maksetud on saanud. See on walla laadikusse pantud. Et see summa kassaraamatusse üles tähentatud ei ole, ei ole mitte tema süüd, waid wõib aga endiste kirjutajate ooletuse läbi süüdinud olla. Tema arwates ei ole walla kassa mitte puudulik.\n\nEndine Ahjawalla kirjutaja C. Sauk ütles wälja, kui tema Ahjawalla kirjutaja ameti oma kätta wõtnud, ei ole tema seda Wõsmi Hindrik Tätte warandusest sisse maksetud raha kassaraamatusse mitte üleskirjutatud leidnud. Tema aea sees on 11 rubla 12 1/2 kop. sisse maksetud saanud mis ka walla laadiku pantud. Mis tarbis need endised summad pruugitud ehk kus nemad pantud saanud ei tea tema.\n\nMõiste: Endine wallawanem Jakob Nagel peab 209 rubl. 30 kop. kaheksa päiwa sees Hindrik Tätte pärijatele wälja maksma.\n\nKohtumees: Kusta Iwanthal XXX\n\nKohtumees: Mik Rebane\n\nKohtumees: Jaan Hansing\n\nKohtumees Peeter Hindrikson ja Jaan Moonson andsid oma otsuse seda wiisi protokolli, et iga üks wallawanem, kes seda raha wastu on wõtnud, oma jagu wastu wõetud raha kõiki protsentega Wõsmi pärijate hääks wälja peab maksma.\n\nKohtumees Peeter Hindrikson XXX\n\nMõiste sai T.S.R. järele aastast 1860 §772-774 kuulutatud ja õpus antud mis tähele tuleb panda kui keegi kõrgemal kohul nõuab ja ei olnud Jakob Nagel rahul.\n\nKirjutaja: Chr Kapp &lt;allkiri&gt;\n\n19 Nowbr. Kihelkonda sisse saadetud.\n\n\n", "meta": {"origin_directory": "vallakohus_kolmas/"}, "layers": [{"name": "gold_ner", "attributes": ["nertag"], "parent": null, "enveloping": null, "ambiguous": false, "serialisation_module": null, "meta": {}, "spans": [{"base_span": [1, 37], "annotations": [{"nertag": "ORG"}]}, {"base_span": [85, 95], "annotations": [{"nertag": "PER"}]}, {"base_span": [96, 104], "annotations": [{"nertag": "LOC"}]}, {"base_span": [127, 140], "annotations": [{"nertag": "PER"}]}, {"base_span": [227, 246], "annotations": [{"nertag": "ORG"}]}, {"base_span": [391, 400], "annotations": [{"nertag": "PER"}]}, {"base_span": [553, 564], "annotations": [{"nertag": "PER"}]}, {"base_span": [889, 898], "annotations": [{"nertag": "LOC_ORG"}]}, {"base_span": [909, 916], "annotations": [{"nertag": "PER"}]}, {"base_span": [939, 948], "annotations": [{"nertag": "LOC_ORG"}]}, {"base_span": [1000, 1005], "annotations": [{"nertag": "LOC_ORG"}]}, {"base_span": [1006, 1019], "annotations": [{"nertag": "PER"}]}, {"base_span": [1296, 1307], "annotations": [{"nertag": "PER"}]}, {"base_span": [1350, 1363], "annotations": [{"nertag": "PER"}]}, {"base_span": [1401, 1415], "annotations": [{"nertag": "PER"}]}, {"base_span": [1432, 1442], "annotations": [{"nertag": "PER"}]}, {"base_span": [1455, 1467], "annotations": [{"nertag": "PER"}]}, {"base_span": [1479, 1496], "annotations": [{"nertag": "PER"}]}, {"base_span": [1500, 1512], "annotations": [{"nertag": "PER"}]}, {"base_span": [1653, 1658], "annotations": [{"nertag": "LOC_ORG"}]}, {"base_span": [1704, 1721], "annotations": [{"nertag": "PER"}]}, {"base_span": [1738, 1744], "annotations": [{"nertag": "MISC"}]}, {"base_span": [1865, 1876], "annotations": [{"nertag": "PER"}]}, {"base_span": [1896, 1904], "annotations": [{"nertag": "PER"}]}]}, {"name": "gold_wordner", "attributes": ["nertag"], "parent": null, "enveloping": null, "ambiguous": false, "serialisation_module": null, "meta": {}, "spans": [{"base_span": [1, 11], "annotations": [{"nertag": "B-ORG"}]}, {"base_span": [12, 14], "annotations": [{"nertag": "I-ORG"}]}, {"base_span": [15, 20], "annotations": [{"nertag": "I-ORG"}]}, {"base_span": [21, 31], "annotations": [{"nertag": "I-ORG"}]}, {"base_span": [32, 37], "annotations": [{"nertag": "I-ORG"}]}, {"base_span": [38, 46], "annotations": [{"nertag": "O"}]}, {"base_span": [47, 52], "annotations": [{"nertag": "O"}]}, {"base_span": [53, 56], "annotations": [{"nertag": "O"}]}, {"base_span": [57, 62], "annotations": [{"nertag": "O"}]}, {"base_span": [63, 67], "annotations": [{"nertag": "O"}]}, {"base_span": [68, 69], "annotations": [{"nertag": "O"}]}, {"base_span": [70, 74], "annotations": [{"nertag": "O"}]}, {"base_span": [75, 79], "annotations": [{"nertag": "O"}]}, {"base_span": [80, 84], "annotations": [{"nertag": "O"}]}, {"base_span": [85, 89], "annotations": [{"nertag": "B-PER"}]}, {"base_span": [90, 95], "annotations": [{"nertag": "I-PER"}]}, {"base_span": [96, 104], "annotations": [{"nertag": "B-LOC"}]}, {"base_span": [105, 107], "annotations": [{"nertag": "O"}]}, {"base_span": [108, 114], "annotations": [{"nertag": "O"}]}, {"base_span": [115, 118], "annotations": [{"nertag": "O"}]}, {"base_span": [119, 126], "annotations": [{"nertag": "O"}]}, {"base_span": [127, 134], "annotations": [{"nertag": "B-PER"}]}, {"base_span": [135, 140], "annotations": [{"nertag": "I-PER"}]}, {"base_span": [141, 149], "annotations": [{"nertag": "O"}]}, {"base_span": [150, 160], "annotations": [{"nertag": "O"}]}, {"base_span": [161, 166], "annotations": [{"nertag": "O"}]}, {"base_span": [167, 171], "annotations": [{"nertag": "O"}]}, {"base_span": [172, 180], "annotations": [{"nertag": "O"}]}, {"base_span": [180, 181], "annotations": [{"nertag": "O"}]}, {"base_span": [182, 184], "annotations": [{"nertag": "O"}]}, {"base_span": [185, 194], "annotations": [{"nertag": "O"}]}, {"base_span": [195, 204], "annotations": [{"nertag": "O"}]}, {"base_span": [205, 208], "annotations": [{"nertag": "O"}]}, {"base_span": [209, 213], "annotations": [{"nertag": "O"}]}, {"base_span": [213, 214], "annotations": [{"nertag": "O"}]}, {"base_span": [215, 217], "annotations": [{"nertag": "O"}]}, {"base_span": [218, 219], "annotations": [{"nertag": "O"}]}, {"base_span": [219, 220], "annotations": [{"nertag": "O"}]}, {"base_span": [220, 221], "annotations": [{"nertag": "O"}]}, {"base_span": [222, 225], "annotations": [{"nertag": "O"}]}, {"base_span": [225, 226], "annotations": [{"nertag": "O"}]}, {"base_span": [227, 231], "annotations": [{"nertag": "B-ORG"}]}, {"base_span": [232, 246], "annotations": [{"nertag": "I-ORG"}]}, {"base_span": [247, 252], "annotations": [{"nertag": "O"}]}, {"base_span": [253, 258], "annotations": [{"nertag": "O"}]}, {"base_span": [259, 261], "annotations": [{"nertag": "O"}]}, {"base_span": [262, 264], "annotations": [{"nertag": "O"}]}, {"base_span": [265, 271], "annotations": [{"nertag": "O"}]}, {"base_span": [271, 272], "annotations": [{"nertag": "O"}]}, {"base_span": [273, 275], "annotations": [{"nertag": "O"}]}, {"base_span": [276, 283], "annotations": [{"nertag": "O"}]}, {"base_span": [284, 296], "annotations": [{"nertag": "O"}]}, {"base_span": [297, 299], "annotations": [{"nertag": "O"}]}, {"base_span": [300, 306], "annotations": [{"nertag": "O"}]}, {"base_span": [306, 307], "annotations": [{"nertag": "O"}]}, {"base_span": [308, 312], "annotations": [{"nertag": "O"}]}, {"base_span": [313, 317], "annotations": [{"nertag": "O"}]}, {"base_span": [318, 323], "annotations": [{"nertag": "O"}]}, {"base_span": [324, 337], "annotations": [{"nertag": "O"}]}, {"base_span": [338, 347], "annotations": [{"nertag": "O"}]}, {"base_span": [348, 351], "annotations": [{"nertag": "O"}]}, {"base_span": [352, 357], "annotations": [{"nertag": "O"}]}, {"base_span": [358, 360], "annotations": [{"nertag": "O"}]}, {"base_span": [361, 364], "annotations": [{"nertag": "O"}]}, {"base_span": [364, 365], "annotations": [{"nertag": "O"}]}, {"base_span": [366, 371], "annotations": [{"nertag": "O"}]}, {"base_span": [372, 377], "annotations": [{"nertag": "O"}]}, {"base_span": [377, 378], "annotations": [{"nertag": "O"}]}, {"base_span": [380, 390], "annotations": [{"nertag": "O"}]}, {"base_span": [391, 395], "annotations": [{"nertag": "B-PER"}]}, {"base_span": [396, 400], "annotations": [{"nertag": "I-PER"}]}, {"base_span": [401, 409], "annotations": [{"nertag": "O"}]}, {"base_span": [410, 415], "annotations": [{"nertag": "O"}]}, {"base_span": [416, 421], "annotations": [{"nertag": "O"}]}, {"base_span": [422, 424], "annotations": [{"nertag": "O"}]}, {"base_span": [425, 430], "annotations": [{"nertag": "O"}]}, {"base_span": [431, 435], "annotations": [{"nertag": "O"}]}, {"base_span": [436, 440], "annotations": [{"nertag": "O"}]}, {"base_span": [441, 446], "annotations": [{"nertag": "O"}]}, {"base_span": [447, 449], "annotations": [{"nertag": "O"}]}, {"base_span": [450, 453], "annotations": [{"nertag": "O"}]}, {"base_span": [453, 454], "annotations": [{"nertag": "O"}]}, {"base_span": [455, 459], "annotations": [{"nertag": "O"}]}, {"base_span": [460, 462], "annotations": [{"nertag": "O"}]}, {"base_span": [463, 466], "annotations": [{"nertag": "O"}]}, {"base_span": [467, 482], "annotations": [{"nertag": "O"}]}, {"base_span": [483, 498], "annotations": [{"nertag": "O"}]}, {"base_span": [499, 501], "annotations": [{"nertag": "O"}]}, {"base_span": [502, 504], "annotations": [{"nertag": "O"}]}, {"base_span": [505, 510], "annotations": [{"nertag": "O"}]}, {"base_span": [511, 519], "annotations": [{"nertag": "O"}]}, {"base_span": [520, 525], "annotations": [{"nertag": "O"}]}, {"base_span": [526, 528], "annotations": [{"nertag": "O"}]}, {"base_span": [529, 532], "annotations": [{"nertag": "O"}]}, {"base_span": [532, 533], "annotations": [{"nertag": "O"}]}, {"base_span": [535, 541], "annotations": [{"nertag": "O"}]}, {"base_span": [542, 552], "annotations": [{"nertag": "O"}]}, {"base_span": [553, 558], "annotations": [{"nertag": "B-PER"}]}, {"base_span": [559, 564], "annotations": [{"nertag": "I-PER"}]}, {"base_span": [565, 570], "annotations": [{"nertag": "O"}]}, {"base_span": [571, 576], "annotations": [{"nertag": "O"}]}, {"base_span": [577, 579], "annotations": [{"nertag": "O"}]}, {"base_span": [580, 584], "annotations": [{"nertag": "O"}]}, {"base_span": [585, 593], "annotations": [{"nertag": "O"}]}, {"base_span": [594, 598], "annotations": [{"nertag": "O"}]}, {"base_span": [599, 606], "annotations": [{"nertag": "O"}]}, {"base_span": [607, 613], "annotations": [{"nertag": "O"}]}, {"base_span": [614, 616], "annotations": [{"nertag": "O"}]}, {"base_span": [617, 621], "annotations": [{"nertag": "O"}]}, {"base_span": [621, 622], "annotations": [{"nertag": "O"}]}, {"base_span": [623, 625], "annotations": [{"nertag": "O"}]}, {"base_span": [626, 627], "annotations": [{"nertag": "O"}]}, {"base_span": [627, 628], "annotations": [{"nertag": "O"}]}, {"base_span": [628, 629], "annotations": [{"nertag": "O"}]}, {"base_span": [630, 633], "annotations": [{"nertag": "O"}]}, {"base_span": [633, 634], "annotations": [{"nertag": "O"}]}, {"base_span": [635, 640], "annotations": [{"nertag": "O"}]}, {"base_span": [641, 649], "annotations": [{"nertag": "O"}]}, {"base_span": [650, 652], "annotations": [{"nertag": "O"}]}, {"base_span": [653, 659], "annotations": [{"nertag": "O"}]}, {"base_span": [659, 660], "annotations": [{"nertag": "O"}]}, {"base_span": [661, 664], "annotations": [{"nertag": "O"}]}, {"base_span": [665, 667], "annotations": [{"nertag": "O"}]}, {"base_span": [668, 673], "annotations": [{"nertag": "O"}]}, {"base_span": [674, 684], "annotations": [{"nertag": "O"}]}, {"base_span": [685, 691], "annotations": [{"nertag": "O"}]}, {"base_span": [691, 692], "annotations": [{"nertag": "O"}]}, {"base_span": [693, 695], "annotations": [{"nertag": "O"}]}, {"base_span": [696, 699], "annotations": [{"nertag": "O"}]}, {"base_span": [700, 705], "annotations": [{"nertag": "O"}]}, {"base_span": [706, 721], "annotations": [{"nertag": "O"}]}, {"base_span": [722, 726], "annotations": [{"nertag": "O"}]}, {"base_span": [727, 737], "annotations": [{"nertag": "O"}]}, {"base_span": [738, 740], "annotations": [{"nertag": "O"}]}, {"base_span": [741, 744], "annotations": [{"nertag": "O"}]}, {"base_span": [744, 745], "annotations": [{"nertag": "O"}]}, {"base_span": [746, 748], "annotations": [{"nertag": "O"}]}, {"base_span": [749, 752], "annotations": [{"nertag": "O"}]}, {"base_span": [753, 758], "annotations": [{"nertag": "O"}]}, {"base_span": [759, 763], "annotations": [{"nertag": "O"}]}, {"base_span": [764, 768], "annotations": [{"nertag": "O"}]}, {"base_span": [768, 769], "annotations": [{"nertag": "O"}]}, {"base_span": [770, 774], "annotations": [{"nertag": "O"}]}, {"base_span": [775, 779], "annotations": [{"nertag": "O"}]}, {"base_span": [780, 783], "annotations": [{"nertag": "O"}]}, {"base_span": [784, 791], "annotations": [{"nertag": "O"}]}, {"base_span": [792, 803], "annotations": [{"nertag": "O"}]}, {"base_span": [804, 812], "annotations": [{"nertag": "O"}]}, {"base_span": [813, 817], "annotations": [{"nertag": "O"}]}, {"base_span": [818, 826], "annotations": [{"nertag": "O"}]}, {"base_span": [827, 831], "annotations": [{"nertag": "O"}]}, {"base_span": [831, 832], "annotations": [{"nertag": "O"}]}, {"base_span": [833, 837], "annotations": [{"nertag": "O"}]}, {"base_span": [838, 845], "annotations": [{"nertag": "O"}]}, {"base_span": [846, 848], "annotations": [{"nertag": "O"}]}, {"base_span": [849, 852], "annotations": [{"nertag": "O"}]}, {"base_span": [853, 858], "annotations": [{"nertag": "O"}]}, {"base_span": [859, 864], "annotations": [{"nertag": "O"}]}, {"base_span": [865, 870], "annotations": [{"nertag": "O"}]}, {"base_span": [871, 879], "annotations": [{"nertag": "O"}]}, {"base_span": [879, 880], "annotations": [{"nertag": "O"}]}, {"base_span": [882, 888], "annotations": [{"nertag": "O"}]}, {"base_span": [889, 898], "annotations": [{"nertag": "B-LOC_ORG"}]}, {"base_span": [899, 908], "annotations": [{"nertag": "O"}]}, {"base_span": [909, 910], "annotations": [{"nertag": "B-PER"}]}, {"base_span": [910, 911], "annotations": [{"nertag": "I-PER"}]}, {"base_span": [912, 916], "annotations": [{"nertag": "I-PER"}]}, {"base_span": [917, 922], "annotations": [{"nertag": "O"}]}, {"base_span": [923, 928], "annotations": [{"nertag": "O"}]}, {"base_span": [928, 929], "annotations": [{"nertag": "O"}]}, {"base_span": [930, 933], "annotations": [{"nertag": "O"}]}, {"base_span": [934, 938], "annotations": [{"nertag": "O"}]}, {"base_span": [939, 948], "annotations": [{"nertag": "B-LOC_ORG"}]}, {"base_span": [949, 958], "annotations": [{"nertag": "O"}]}, {"base_span": [959, 964], "annotations": [{"nertag": "O"}]}, {"base_span": [965, 968], "annotations": [{"nertag": "O"}]}, {"base_span": [969, 974], "annotations": [{"nertag": "O"}]}, {"base_span": [975, 981], "annotations": [{"nertag": "O"}]}, {"base_span": [981, 982], "annotations": [{"nertag": "O"}]}, {"base_span": [983, 985], "annotations": [{"nertag": "O"}]}, {"base_span": [986, 989], "annotations": [{"nertag": "O"}]}, {"base_span": [990, 994], "annotations": [{"nertag": "O"}]}, {"base_span": [995, 999], "annotations": [{"nertag": "O"}]}, {"base_span": [1000, 1005], "annotations": [{"nertag": "B-LOC_ORG"}]}, {"base_span": [1006, 1013], "annotations": [{"nertag": "B-PER"}]}, {"base_span": [1014, 1019], "annotations": [{"nertag": "I-PER"}]}, {"base_span": [1020, 1031], "annotations": [{"nertag": "O"}]}, {"base_span": [1032, 1037], "annotations": [{"nertag": "O"}]}, {"base_span": [1038, 1046], "annotations": [{"nertag": "O"}]}, {"base_span": [1047, 1051], "annotations": [{"nertag": "O"}]}, {"base_span": [1052, 1067], "annotations": [{"nertag": "O"}]}, {"base_span": [1068, 1073], "annotations": [{"nertag": "O"}]}, {"base_span": [1074, 1088], "annotations": [{"nertag": "O"}]}, {"base_span": [1089, 1096], "annotations": [{"nertag": "O"}]}, {"base_span": [1096, 1097], "annotations": [{"nertag": "O"}]}, {"base_span": [1098, 1102], "annotations": [{"nertag": "O"}]}, {"base_span": [1103, 1106], "annotations": [{"nertag": "O"}]}, {"base_span": [1107, 1111], "annotations": [{"nertag": "O"}]}, {"base_span": [1112, 1114], "annotations": [{"nertag": "O"}]}, {"base_span": [1115, 1117], "annotations": [{"nertag": "O"}]}, {"base_span": [1118, 1123], "annotations": [{"nertag": "O"}]}, {"base_span": [1124, 1126], "annotations": [{"nertag": "O"}]}, {"base_span": [1127, 1128], "annotations": [{"nertag": "O"}]}, {"base_span": [1128, 1129], "annotations": [{"nertag": "O"}]}, {"base_span": [1129, 1130], "annotations": [{"nertag": "O"}]}, {"base_span": [1131, 1134], "annotations": [{"nertag": "O"}]}, {"base_span": [1134, 1135], "annotations": [{"nertag": "O"}]}, {"base_span": [1136, 1141], "annotations": [{"nertag": "O"}]}, {"base_span": [1142, 1150], "annotations": [{"nertag": "O"}]}, {"base_span": [1151, 1157], "annotations": [{"nertag": "O"}]}, {"base_span": [1158, 1161], "annotations": [{"nertag": "O"}]}, {"base_span": [1162, 1164], "annotations": [{"nertag": "O"}]}, {"base_span": [1165, 1170], "annotations": [{"nertag": "O"}]}, {"base_span": [1171, 1178], "annotations": [{"nertag": "O"}]}, {"base_span": [1179, 1185], "annotations": [{"nertag": "O"}]}, {"base_span": [1185, 1186], "annotations": [{"nertag": "O"}]}, {"base_span": [1187, 1190], "annotations": [{"nertag": "O"}]}, {"base_span": [1191, 1197], "annotations": [{"nertag": "O"}]}, {"base_span": [1198, 1202], "annotations": [{"nertag": "O"}]}, {"base_span": [1203, 1210], "annotations": [{"nertag": "O"}]}, {"base_span": [1211, 1217], "annotations": [{"nertag": "O"}]}, {"base_span": [1218, 1227], "annotations": [{"nertag": "O"}]}, {"base_span": [1228, 1231], "annotations": [{"nertag": "O"}]}, {"base_span": [1232, 1235], "annotations": [{"nertag": "O"}]}, {"base_span": [1236, 1241], "annotations": [{"nertag": "O"}]}, {"base_span": [1242, 1248], "annotations": [{"nertag": "O"}]}, {"base_span": [1249, 1255], "annotations": [{"nertag": "O"}]}, {"base_span": [1256, 1258], "annotations": [{"nertag": "O"}]}, {"base_span": [1259, 1262], "annotations": [{"nertag": "O"}]}, {"base_span": [1263, 1267], "annotations": [{"nertag": "O"}]}, {"base_span": [1267, 1268], "annotations": [{"nertag": "O"}]}, {"base_span": [1270, 1276], "annotations": [{"nertag": "O"}]}, {"base_span": [1276, 1277], "annotations": [{"nertag": "O"}]}, {"base_span": [1278, 1284], "annotations": [{"nertag": "O"}]}, {"base_span": [1285, 1295], "annotations": [{"nertag": "O"}]}, {"base_span": [1296, 1301], "annotations": [{"nertag": "B-PER"}]}, {"base_span": [1302, 1307], "annotations": [{"nertag": "I-PER"}]}, {"base_span": [1308, 1312], "annotations": [{"nertag": "O"}]}, {"base_span": [1313, 1316], "annotations": [{"nertag": "O"}]}, {"base_span": [1317, 1321], "annotations": [{"nertag": "O"}]}, {"base_span": [1321, 1322], "annotations": [{"nertag": "O"}]}, {"base_span": [1323, 1325], "annotations": [{"nertag": "O"}]}, {"base_span": [1326, 1329], "annotations": [{"nertag": "O"}]}, {"base_span": [1329, 1330], "annotations": [{"nertag": "O"}]}, {"base_span": [1331, 1338], "annotations": [{"nertag": "O"}]}, {"base_span": [1339, 1344], "annotations": [{"nertag": "O"}]}, {"base_span": [1345, 1349], "annotations": [{"nertag": "O"}]}, {"base_span": [1350, 1357], "annotations": [{"nertag": "B-PER"}]}, {"base_span": [1358, 1363], "annotations": [{"nertag": "I-PER"}]}, {"base_span": [1364, 1374], "annotations": [{"nertag": "O"}]}, {"base_span": [1375, 1380], "annotations": [{"nertag": "O"}]}, {"base_span": [1381, 1387], "annotations": [{"nertag": "O"}]}, {"base_span": [1387, 1388], "annotations": [{"nertag": "O"}]}, {"base_span": [1390, 1399], "annotations": [{"nertag": "O"}]}, {"base_span": [1399, 1400], "annotations": [{"nertag": "O"}]}, {"base_span": [1401, 1406], "annotations": [{"nertag": "B-PER"}]}, {"base_span": [1407, 1415], "annotations": [{"nertag": "I-PER"}]}, {"base_span": [1416, 1419], "annotations": [{"nertag": "O"}]}, {"base_span": [1421, 1430], "annotations": [{"nertag": "O"}]}, {"base_span": [1430, 1431], "annotations": [{"nertag": "O"}]}, {"base_span": [1432, 1435], "annotations": [{"nertag": "B-PER"}]}, {"base_span": [1436, 1442], "annotations": [{"nertag": "I-PER"}]}, {"base_span": [1444, 1453], "annotations": [{"nertag": "O"}]}, {"base_span": [1453, 1454], "annotations": [{"nertag": "O"}]}, {"base_span": [1455, 1459], "annotations": [{"nertag": "B-PER"}]}, {"base_span": [1460, 1467], "annotations": [{"nertag": "I-PER"}]}, {"base_span": [1469, 1478], "annotations": [{"nertag": "O"}]}, {"base_span": [1479, 1485], "annotations": [{"nertag": "B-PER"}]}, {"base_span": [1486, 1496], "annotations": [{"nertag": "I-PER"}]}, {"base_span": [1497, 1499], "annotations": [{"nertag": "O"}]}, {"base_span": [1500, 1504], "annotations": [{"nertag": "B-PER"}]}, {"base_span": [1505, 1512], "annotations": [{"nertag": "I-PER"}]}, {"base_span": [1513, 1519], "annotations": [{"nertag": "O"}]}, {"base_span": [1520, 1523], "annotations": [{"nertag": "O"}]}, {"base_span": [1524, 1530], "annotations": [{"nertag": "O"}]}, {"base_span": [1531, 1535], "annotations": [{"nertag": "O"}]}, {"base_span": [1536, 1541], "annotations": [{"nertag": "O"}]}, {"base_span": [1542, 1552], "annotations": [{"nertag": "O"}]}, {"base_span": [1552, 1553], "annotations": [{"nertag": "O"}]}, {"base_span": [1554, 1556], "annotations": [{"nertag": "O"}]}, {"base_span": [1557, 1560], "annotations": [{"nertag": "O"}]}, {"base_span": [1561, 1564], "annotations": [{"nertag": "O"}]}, {"base_span": [1565, 1575], "annotations": [{"nertag": "O"}]}, {"base_span": [1575, 1576], "annotations": [{"nertag": "O"}]}, {"base_span": [1577, 1580], "annotations": [{"nertag": "O"}]}, {"base_span": [1581, 1585], "annotations": [{"nertag": "O"}]}, {"base_span": [1586, 1590], "annotations": [{"nertag": "O"}]}, {"base_span": [1591, 1596], "annotations": [{"nertag": "O"}]}, {"base_span": [1597, 1599], "annotations": [{"nertag": "O"}]}, {"base_span": [1600, 1606], "annotations": [{"nertag": "O"}]}, {"base_span": [1606, 1607], "annotations": [{"nertag": "O"}]}, {"base_span": [1608, 1611], "annotations": [{"nertag": "O"}]}, {"base_span": [1612, 1616], "annotations": [{"nertag": "O"}]}, {"base_span": [1617, 1622], "annotations": [{"nertag": "O"}]}, {"base_span": [1623, 1629], "annotations": [{"nertag": "O"}]}, {"base_span": [1630, 1634], "annotations": [{"nertag": "O"}]}, {"base_span": [1635, 1640], "annotations": [{"nertag": "O"}]}, {"base_span": [1641, 1652], "annotations": [{"nertag": "O"}]}, {"base_span": [1653, 1658], "annotations": [{"nertag": "B-LOC_ORG"}]}, {"base_span": [1659, 1667], "annotations": [{"nertag": "O"}]}, {"base_span": [1668, 1673], "annotations": [{"nertag": "O"}]}, {"base_span": [1674, 1679], "annotations": [{"nertag": "O"}]}, {"base_span": [1680, 1684], "annotations": [{"nertag": "O"}]}, {"base_span": [1685, 1691], "annotations": [{"nertag": "O"}]}, {"base_span": [1691, 1692], "annotations": [{"nertag": "O"}]}, {"base_span": [1694, 1703], "annotations": [{"nertag": "O"}]}, {"base_span": [1704, 1710], "annotations": [{"nertag": "B-PER"}]}, {"base_span": [1711, 1721], "annotations": [{"nertag": "I-PER"}]}, {"base_span": [1722, 1725], "annotations": [{"nertag": "O"}]}, {"base_span": [1727, 1733], "annotations": [{"nertag": "O"}]}, {"base_span": [1734, 1737], "annotations": [{"nertag": "O"}]}, {"base_span": [1738, 1739], "annotations": [{"nertag": "B-MISC"}]}, {"base_span": [1739, 1740], "annotations": [{"nertag": "I-MISC"}]}, {"base_span": [1740, 1741], "annotations": [{"nertag": "I-MISC"}]}, {"base_span": [1741, 1742], "annotations": [{"nertag": "I-MISC"}]}, {"base_span": [1742, 1743], "annotations": [{"nertag": "I-MISC"}]}, {"base_span": [1743, 1744], "annotations": [{"nertag": "I-MISC"}]}, {"base_span": [1745, 1751], "annotations": [{"nertag": "O"}]}, {"base_span": [1752, 1759], "annotations": [{"nertag": "O"}]}, {"base_span": [1760, 1764], "annotations": [{"nertag": "O"}]}, {"base_span": [1765, 1766], "annotations": [{"nertag": "O"}]}, {"base_span": [1766, 1769], "annotations": [{"nertag": "O"}]}, {"base_span": [1769, 1770], "annotations": [{"nertag": "O"}]}, {"base_span": [1770, 1773], "annotations": [{"nertag": "O"}]}, {"base_span": [1774, 1784], "annotations": [{"nertag": "O"}]}, {"base_span": [1785, 1787], "annotations": [{"nertag": "O"}]}, {"base_span": [1788, 1792], "annotations": [{"nertag": "O"}]}, {"base_span": [1793, 1798], "annotations": [{"nertag": "O"}]}, {"base_span": [1799, 1802], "annotations": [{"nertag": "O"}]}, {"base_span": [1803, 1809], "annotations": [{"nertag": "O"}]}, {"base_span": [1810, 1815], "annotations": [{"nertag": "O"}]}, {"base_span": [1816, 1821], "annotations": [{"nertag": "O"}]}, {"base_span": [1822, 1825], "annotations": [{"nertag": "O"}]}, {"base_span": [1826, 1831], "annotations": [{"nertag": "O"}]}, {"base_span": [1832, 1840], "annotations": [{"nertag": "O"}]}, {"base_span": [1841, 1846], "annotations": [{"nertag": "O"}]}, {"base_span": [1847, 1852], "annotations": [{"nertag": "O"}]}, {"base_span": [1853, 1855], "annotations": [{"nertag": "O"}]}, {"base_span": [1856, 1858], "annotations": [{"nertag": "O"}]}, {"base_span": [1859, 1864], "annotations": [{"nertag": "O"}]}, {"base_span": [1865, 1870], "annotations": [{"nertag": "B-PER"}]}, {"base_span": [1871, 1876], "annotations": [{"nertag": "I-PER"}]}, {"base_span": [1877, 1882], "annotations": [{"nertag": "O"}]}, {"base_span": [1882, 1883], "annotations": [{"nertag": "O"}]}, {"base_span": [1885, 1894], "annotations": [{"nertag": "O"}]}, {"base_span": [1894, 1895], "annotations": [{"nertag": "O"}]}, {"base_span": [1896, 1899], "annotations": [{"nertag": "B-PER"}]}, {"base_span": [1900, 1904], "annotations": [{"nertag": "I-PER"}]}, {"base_span": [1905, 1906], "annotations": [{"nertag": "O"}]}, {"base_span": [1906, 1908], "annotations": [{"nertag": "O"}]}, {"base_span": [1908, 1909], "annotations": [{"nertag": "O"}]}, {"base_span": [1909, 1916], "annotations": [{"nertag": "O"}]}, {"base_span": [1916, 1917], "annotations": [{"nertag": "O"}]}, {"base_span": [1917, 1919], "annotations": [{"nertag": "O"}]}, {"base_span": [1919, 1920], "annotations": [{"nertag": "O"}]}, {"base_span": [1922, 1924], "annotations": [{"nertag": "O"}]}, {"base_span": [1925, 1930], "annotations": [{"nertag": "O"}]}, {"base_span": [1930, 1931], "annotations": [{"nertag": "O"}]}, {"base_span": [1932, 1942], "annotations": [{"nertag": "O"}]}, {"base_span": [1943, 1948], "annotations": [{"nertag": "O"}]}, {"base_span": [1949, 1957], "annotations": [{"nertag": "O"}]}, {"base_span": [1957, 1958], "annotations": [{"nertag": "O"}]}]}]}