{"text": "\nEtte tulli Johhann Ots ja kaibas et temma naine kuddanu 80 künärd rõiwast Jaan Witkinale ja nõwwap läbbistiku 5 Kop kündre eest se om 4 Rbl.\n\nII hobbesega katte aasta sissen 30 päiwa tettü selle eest nõwwap 50 Kop. läbbistiku päiwa eest se om 15 Rbla. ja ollewat tunnistaja Karl Girbe ja Peter Silirowa ja Alexander Wohlstein.\n\nJaan Witkin ütles et ennamb ei olle Johann Ots naine kuddanu kui 3 pari willatsid pükse nink se olli minno peelde eest nink hobbese päiwi om enne 2 päiwa kündnü nink kui ka hainu weddama tulli selle eest saije ka mastus.\n\nOtsus:\n\nTunnistaja tõises kohtu päiwas ette kutsuda.\n\nPääkohtumees A. Wähhi [allkiri]\n\nKohtumees K. Lõhmus [allkiri]\n\nKohtumees Mihel Ugur [allkiri]\n\nKirjotaja Jõggewa\n\n\n", "meta": {"origin_directory": "vallakohus_neljas/"}, "layers": [{"name": "gold_ner", "attributes": ["nertag"], "parent": null, "enveloping": null, "ambiguous": false, "serialisation_module": null, "meta": {}, "spans": [{"base_span": [12, 23], "annotations": [{"nertag": "PER"}]}, {"base_span": [75, 89], "annotations": [{"nertag": "PER"}]}, {"base_span": [275, 285], "annotations": [{"nertag": "PER"}]}, {"base_span": [289, 303], "annotations": [{"nertag": "PER"}]}, {"base_span": [307, 326], "annotations": [{"nertag": "PER"}]}, {"base_span": [329, 340], "annotations": [{"nertag": "PER"}]}, {"base_span": [365, 375], "annotations": [{"nertag": "PER"}]}, {"base_span": [618, 626], "annotations": [{"nertag": "PER"}]}, {"base_span": [648, 657], "annotations": [{"nertag": "PER"}]}, {"base_span": [679, 689], "annotations": [{"nertag": "PER"}]}, {"base_span": [711, 718], "annotations": [{"nertag": "PER"}]}]}, {"name": "gold_wordner", "attributes": ["nertag"], "parent": null, "enveloping": null, "ambiguous": false, "serialisation_module": null, "meta": {}, "spans": [{"base_span": [1, 5], "annotations": [{"nertag": "O"}]}, {"base_span": [6, 11], "annotations": [{"nertag": "O"}]}, {"base_span": [12, 19], "annotations": [{"nertag": "B-PER"}]}, {"base_span": [20, 23], "annotations": [{"nertag": "I-PER"}]}, {"base_span": [24, 26], "annotations": [{"nertag": "O"}]}, {"base_span": [27, 33], "annotations": [{"nertag": "O"}]}, {"base_span": [34, 36], "annotations": [{"nertag": "O"}]}, {"base_span": [37, 42], "annotations": [{"nertag": "O"}]}, {"base_span": [43, 48], "annotations": [{"nertag": "O"}]}, {"base_span": [49, 56], "annotations": [{"nertag": "O"}]}, {"base_span": [57, 59], "annotations": [{"nertag": "O"}]}, {"base_span": [60, 66], "annotations": [{"nertag": "O"}]}, {"base_span": [67, 74], "annotations": [{"nertag": "O"}]}, {"base_span": [75, 79], "annotations": [{"nertag": "B-PER"}]}, {"base_span": [80, 89], "annotations": [{"nertag": "I-PER"}]}, {"base_span": [90, 92], "annotations": [{"nertag": "O"}]}, {"base_span": [93, 99], "annotations": [{"nertag": "O"}]}, {"base_span": [100, 110], "annotations": [{"nertag": "O"}]}, {"base_span": [111, 112], "annotations": [{"nertag": "O"}]}, {"base_span": [113, 116], "annotations": [{"nertag": "O"}]}, {"base_span": [117, 123], "annotations": [{"nertag": "O"}]}, {"base_span": [124, 128], "annotations": [{"nertag": "O"}]}, {"base_span": [129, 131], "annotations": [{"nertag": "O"}]}, {"base_span": [132, 134], "annotations": [{"nertag": "O"}]}, {"base_span": [135, 136], "annotations": [{"nertag": "O"}]}, {"base_span": [137, 140], "annotations": [{"nertag": "O"}]}, {"base_span": [140, 141], "annotations": [{"nertag": "O"}]}, {"base_span": [143, 145], "annotations": [{"nertag": "O"}]}, {"base_span": [146, 155], "annotations": [{"nertag": "O"}]}, {"base_span": [156, 161], "annotations": [{"nertag": "O"}]}, {"base_span": [162, 167], "annotations": [{"nertag": "O"}]}, {"base_span": [168, 174], "annotations": [{"nertag": "O"}]}, {"base_span": [175, 177], "annotations": [{"nertag": "O"}]}, {"base_span": [178, 183], "annotations": [{"nertag": "O"}]}, {"base_span": [184, 189], "annotations": [{"nertag": "O"}]}, {"base_span": [190, 195], "annotations": [{"nertag": "O"}]}, {"base_span": [196, 200], "annotations": [{"nertag": "O"}]}, {"base_span": [201, 207], "annotations": [{"nertag": "O"}]}, {"base_span": [208, 210], "annotations": [{"nertag": "O"}]}, {"base_span": [211, 214], "annotations": [{"nertag": "O"}]}, {"base_span": [214, 215], "annotations": [{"nertag": "O"}]}, {"base_span": [216, 226], "annotations": [{"nertag": "O"}]}, {"base_span": [227, 232], "annotations": [{"nertag": "O"}]}, {"base_span": [233, 237], "annotations": [{"nertag": "O"}]}, {"base_span": [238, 240], "annotations": [{"nertag": "O"}]}, {"base_span": [241, 243], "annotations": [{"nertag": "O"}]}, {"base_span": [244, 246], "annotations": [{"nertag": "O"}]}, {"base_span": [247, 251], "annotations": [{"nertag": "O"}]}, {"base_span": [251, 252], "annotations": [{"nertag": "O"}]}, {"base_span": [253, 255], "annotations": [{"nertag": "O"}]}, {"base_span": [256, 263], "annotations": [{"nertag": "O"}]}, {"base_span": [264, 274], "annotations": [{"nertag": "O"}]}, {"base_span": [275, 279], "annotations": [{"nertag": "B-PER"}]}, {"base_span": [280, 285], "annotations": [{"nertag": "I-PER"}]}, {"base_span": [286, 288], "annotations": [{"nertag": "O"}]}, {"base_span": [289, 294], "annotations": [{"nertag": "B-PER"}]}, {"base_span": [295, 303], "annotations": [{"nertag": "I-PER"}]}, {"base_span": [304, 306], "annotations": [{"nertag": "O"}]}, {"base_span": [307, 316], "annotations": [{"nertag": "B-PER"}]}, {"base_span": [317, 326], "annotations": [{"nertag": "I-PER"}]}, {"base_span": [326, 327], "annotations": [{"nertag": "O"}]}, {"base_span": [329, 333], "annotations": [{"nertag": "B-PER"}]}, {"base_span": [334, 340], "annotations": [{"nertag": "I-PER"}]}, {"base_span": [341, 346], "annotations": [{"nertag": "O"}]}, {"base_span": [347, 349], "annotations": [{"nertag": "O"}]}, {"base_span": [350, 356], "annotations": [{"nertag": "O"}]}, {"base_span": [357, 359], "annotations": [{"nertag": "O"}]}, {"base_span": [360, 364], "annotations": [{"nertag": "O"}]}, {"base_span": [365, 371], "annotations": [{"nertag": "B-PER"}]}, {"base_span": [372, 375], "annotations": [{"nertag": "I-PER"}]}, {"base_span": [376, 381], "annotations": [{"nertag": "O"}]}, {"base_span": [382, 389], "annotations": [{"nertag": "O"}]}, {"base_span": [390, 393], "annotations": [{"nertag": "O"}]}, {"base_span": [394, 395], "annotations": [{"nertag": "O"}]}, {"base_span": [396, 400], "annotations": [{"nertag": "O"}]}, {"base_span": [401, 410], "annotations": [{"nertag": "O"}]}, {"base_span": [411, 416], "annotations": [{"nertag": "O"}]}, {"base_span": [417, 421], "annotations": [{"nertag": "O"}]}, {"base_span": [422, 424], "annotations": [{"nertag": "O"}]}, {"base_span": [425, 429], "annotations": [{"nertag": "O"}]}, {"base_span": [430, 435], "annotations": [{"nertag": "O"}]}, {"base_span": [436, 442], "annotations": [{"nertag": "O"}]}, {"base_span": [443, 447], "annotations": [{"nertag": "O"}]}, {"base_span": [448, 452], "annotations": [{"nertag": "O"}]}, {"base_span": [453, 460], "annotations": [{"nertag": "O"}]}, {"base_span": [461, 466], "annotations": [{"nertag": "O"}]}, {"base_span": [467, 469], "annotations": [{"nertag": "O"}]}, {"base_span": [470, 474], "annotations": [{"nertag": "O"}]}, {"base_span": [475, 476], "annotations": [{"nertag": "O"}]}, {"base_span": [477, 482], "annotations": [{"nertag": "O"}]}, {"base_span": [483, 489], "annotations": [{"nertag": "O"}]}, {"base_span": [490, 494], "annotations": [{"nertag": "O"}]}, {"base_span": [495, 498], "annotations": [{"nertag": "O"}]}, {"base_span": [499, 501], "annotations": [{"nertag": "O"}]}, {"base_span": [502, 507], "annotations": [{"nertag": "O"}]}, {"base_span": [508, 515], "annotations": [{"nertag": "O"}]}, {"base_span": [516, 521], "annotations": [{"nertag": "O"}]}, {"base_span": [522, 527], "annotations": [{"nertag": "O"}]}, {"base_span": [528, 532], "annotations": [{"nertag": "O"}]}, {"base_span": [533, 538], "annotations": [{"nertag": "O"}]}, {"base_span": [539, 541], "annotations": [{"nertag": "O"}]}, {"base_span": [542, 548], "annotations": [{"nertag": "O"}]}, {"base_span": [548, 549], "annotations": [{"nertag": "O"}]}, {"base_span": [551, 556], "annotations": [{"nertag": "O"}]}, {"base_span": [556, 557], "annotations": [{"nertag": "O"}]}, {"base_span": [559, 569], "annotations": [{"nertag": "O"}]}, {"base_span": [570, 576], "annotations": [{"nertag": "O"}]}, {"base_span": [577, 582], "annotations": [{"nertag": "O"}]}, {"base_span": [583, 589], "annotations": [{"nertag": "O"}]}, {"base_span": [590, 594], "annotations": [{"nertag": "O"}]}, {"base_span": [595, 602], "annotations": [{"nertag": "O"}]}, {"base_span": [602, 603], "annotations": [{"nertag": "O"}]}, {"base_span": [605, 617], "annotations": [{"nertag": "O"}]}, {"base_span": [618, 619], "annotations": [{"nertag": "B-PER"}]}, {"base_span": [619, 620], "annotations": [{"nertag": "I-PER"}]}, {"base_span": [621, 626], "annotations": [{"nertag": "I-PER"}]}, {"base_span": [627, 628], "annotations": [{"nertag": "O"}]}, {"base_span": [628, 635], "annotations": [{"nertag": "O"}]}, {"base_span": [635, 636], "annotations": [{"nertag": "O"}]}, {"base_span": [638, 647], "annotations": [{"nertag": "O"}]}, {"base_span": [648, 649], "annotations": [{"nertag": "B-PER"}]}, {"base_span": [649, 650], "annotations": [{"nertag": "I-PER"}]}, {"base_span": [651, 657], "annotations": [{"nertag": "I-PER"}]}, {"base_span": [658, 659], "annotations": [{"nertag": "O"}]}, {"base_span": [659, 666], "annotations": [{"nertag": "O"}]}, {"base_span": [666, 667], "annotations": [{"nertag": "O"}]}, {"base_span": [669, 678], "annotations": [{"nertag": "O"}]}, {"base_span": [679, 684], "annotations": [{"nertag": "B-PER"}]}, {"base_span": [685, 689], "annotations": [{"nertag": "I-PER"}]}, {"base_span": [690, 691], "annotations": [{"nertag": "O"}]}, {"base_span": [691, 698], "annotations": [{"nertag": "O"}]}, {"base_span": [698, 699], "annotations": [{"nertag": "O"}]}, {"base_span": [701, 710], "annotations": [{"nertag": "O"}]}, {"base_span": [711, 718], "annotations": [{"nertag": "B-PER"}]}]}]}