{"text": "\nKaebas Peter Lepson minul wastas neli aastad tagasi Kusta Lepson saksama adra ära keda tema Kastre walda Peter Liimanni kätte ära oli wiinud. Kusta Lepson üttel, et tema om see adra warastanud ja lubas 5 rbl minule äramassa 1 korw porist liikus anda, mida tema nüid täitnud ei ole. Mina nõuan 5 rbl kahjutasumist.\n\nKusta Lepson and wastust mina ei tiia adrast ei ka lepingust midagi Jakob Lepson om minu wihamees ja Peter Lepson weli, tema saase muidugi minu wastu tunnistama.\n\nJakob Lepson and tunnistust: Mina olin lepingu man ja Kusta Lepson lubas küll Peter Lepsonile 5 rbl. ja 1 korw porist massa.\n\nMõistmine: Kuna Peter Lepson 4 aasta eest lepingu teinud mes kohe täitetud pidi saama ja Peter Lepson oma kaebust mitte 3 aasta joosul ette ei ole toonud sis mõistis kohus:\nOtsus: Peter Lepson nõudmine tühjas arwata ja et neil tõwelisi tunnistusi ei ole.\n\nSee otsus L.T.S § 773 ja 774 perra kuulutud.\n\nPeter Lepson palub suuremat kohut.\n\n\n", "meta": {"origin_directory": "vallakohus_kolmas/"}, "layers": [{"name": "gold_ner", "attributes": ["nertag"], "parent": null, "enveloping": null, "ambiguous": false, "serialisation_module": null, "meta": {}, "spans": [{"base_span": [8, 20], "annotations": [{"nertag": "PER"}]}, {"base_span": [53, 65], "annotations": [{"nertag": "PER"}]}, {"base_span": [66, 73], "annotations": [{"nertag": "LOC"}]}, {"base_span": [93, 105], "annotations": [{"nertag": "LOC_ORG"}]}, {"base_span": [106, 120], "annotations": [{"nertag": "PER"}]}, {"base_span": [143, 155], "annotations": [{"nertag": "PER"}]}, {"base_span": [316, 328], "annotations": [{"nertag": "PER"}]}, {"base_span": [384, 396], "annotations": [{"nertag": "PER"}]}, {"base_span": [417, 429], "annotations": [{"nertag": "PER"}]}, {"base_span": [479, 491], "annotations": [{"nertag": "PER"}]}, {"base_span": [533, 545], "annotations": [{"nertag": "PER"}]}, {"base_span": [557, 572], "annotations": [{"nertag": "PER"}]}, {"base_span": [621, 633], "annotations": [{"nertag": "PER"}]}, {"base_span": [694, 706], "annotations": [{"nertag": "PER"}]}, {"base_span": [785, 797], "annotations": [{"nertag": "PER"}]}, {"base_span": [871, 876], "annotations": [{"nertag": "MISC"}]}, {"base_span": [907, 919], "annotations": [{"nertag": "PER"}]}]}, {"name": "gold_wordner", "attributes": ["nertag"], "parent": null, "enveloping": null, "ambiguous": false, "serialisation_module": null, "meta": {}, "spans": [{"base_span": [1, 7], "annotations": [{"nertag": "O"}]}, {"base_span": [8, 13], "annotations": [{"nertag": "B-PER"}]}, {"base_span": [14, 20], "annotations": [{"nertag": "I-PER"}]}, {"base_span": [21, 26], "annotations": [{"nertag": "O"}]}, {"base_span": [27, 33], "annotations": [{"nertag": "O"}]}, {"base_span": [34, 38], "annotations": [{"nertag": "O"}]}, {"base_span": [39, 45], "annotations": [{"nertag": "O"}]}, {"base_span": [46, 52], "annotations": [{"nertag": "O"}]}, {"base_span": [53, 58], "annotations": [{"nertag": "B-PER"}]}, {"base_span": [59, 65], "annotations": [{"nertag": "I-PER"}]}, {"base_span": [66, 73], "annotations": [{"nertag": "B-LOC"}]}, {"base_span": [74, 78], "annotations": [{"nertag": "O"}]}, {"base_span": [79, 82], "annotations": [{"nertag": "O"}]}, {"base_span": [83, 87], "annotations": [{"nertag": "O"}]}, {"base_span": [88, 92], "annotations": [{"nertag": "O"}]}, {"base_span": [93, 99], "annotations": [{"nertag": "B-LOC_ORG"}]}, {"base_span": [100, 105], "annotations": [{"nertag": "I-LOC_ORG"}]}, {"base_span": [106, 111], "annotations": [{"nertag": "B-PER"}]}, {"base_span": [112, 120], "annotations": [{"nertag": "I-PER"}]}, {"base_span": [121, 126], "annotations": [{"nertag": "O"}]}, {"base_span": [127, 130], "annotations": [{"nertag": "O"}]}, {"base_span": [131, 134], "annotations": [{"nertag": "O"}]}, {"base_span": [135, 141], "annotations": [{"nertag": "O"}]}, {"base_span": [141, 142], "annotations": [{"nertag": "O"}]}, {"base_span": [143, 148], "annotations": [{"nertag": "B-PER"}]}, {"base_span": [149, 155], "annotations": [{"nertag": "I-PER"}]}, {"base_span": [156, 161], "annotations": [{"nertag": "O"}]}, {"base_span": [161, 162], "annotations": [{"nertag": "O"}]}, {"base_span": [163, 165], "annotations": [{"nertag": "O"}]}, {"base_span": [166, 170], "annotations": [{"nertag": "O"}]}, {"base_span": [171, 173], "annotations": [{"nertag": "O"}]}, {"base_span": [174, 177], "annotations": [{"nertag": "O"}]}, {"base_span": [178, 182], "annotations": [{"nertag": "O"}]}, {"base_span": [183, 193], "annotations": [{"nertag": "O"}]}, {"base_span": [194, 196], "annotations": [{"nertag": "O"}]}, {"base_span": [197, 202], "annotations": [{"nertag": "O"}]}, {"base_span": [203, 204], "annotations": [{"nertag": "O"}]}, {"base_span": [205, 208], "annotations": [{"nertag": "O"}]}, {"base_span": [209, 215], "annotations": [{"nertag": "O"}]}, {"base_span": [216, 224], "annotations": [{"nertag": "O"}]}, {"base_span": [225, 226], "annotations": [{"nertag": "O"}]}, {"base_span": [227, 231], "annotations": [{"nertag": "O"}]}, {"base_span": [232, 238], "annotations": [{"nertag": "O"}]}, {"base_span": [239, 245], "annotations": [{"nertag": "O"}]}, {"base_span": [246, 250], "annotations": [{"nertag": "O"}]}, {"base_span": [250, 251], "annotations": [{"nertag": "O"}]}, {"base_span": [252, 256], "annotations": [{"nertag": "O"}]}, {"base_span": [257, 261], "annotations": [{"nertag": "O"}]}, {"base_span": [262, 266], "annotations": [{"nertag": "O"}]}, {"base_span": [267, 274], "annotations": [{"nertag": "O"}]}, {"base_span": [275, 277], "annotations": [{"nertag": "O"}]}, {"base_span": [278, 281], "annotations": [{"nertag": "O"}]}, {"base_span": [281, 282], "annotations": [{"nertag": "O"}]}, {"base_span": [283, 287], "annotations": [{"nertag": "O"}]}, {"base_span": [288, 293], "annotations": [{"nertag": "O"}]}, {"base_span": [294, 295], "annotations": [{"nertag": "O"}]}, {"base_span": [296, 299], "annotations": [{"nertag": "O"}]}, {"base_span": [300, 313], "annotations": [{"nertag": "O"}]}, {"base_span": [313, 314], "annotations": [{"nertag": "O"}]}, {"base_span": [316, 321], "annotations": [{"nertag": "B-PER"}]}, {"base_span": [322, 328], "annotations": [{"nertag": "I-PER"}]}, {"base_span": [329, 332], "annotations": [{"nertag": "O"}]}, {"base_span": [333, 340], "annotations": [{"nertag": "O"}]}, {"base_span": [341, 345], "annotations": [{"nertag": "O"}]}, {"base_span": [346, 348], "annotations": [{"nertag": "O"}]}, {"base_span": [349, 353], "annotations": [{"nertag": "O"}]}, {"base_span": [354, 360], "annotations": [{"nertag": "O"}]}, {"base_span": [361, 363], "annotations": [{"nertag": "O"}]}, {"base_span": [364, 366], "annotations": [{"nertag": "O"}]}, {"base_span": [367, 376], "annotations": [{"nertag": "O"}]}, {"base_span": [377, 383], "annotations": [{"nertag": "O"}]}, {"base_span": [384, 389], "annotations": [{"nertag": "B-PER"}]}, {"base_span": [390, 396], "annotations": [{"nertag": "I-PER"}]}, {"base_span": [397, 399], "annotations": [{"nertag": "O"}]}, {"base_span": [400, 404], "annotations": [{"nertag": "O"}]}, {"base_span": [405, 413], "annotations": [{"nertag": "O"}]}, {"base_span": [414, 416], "annotations": [{"nertag": "O"}]}, {"base_span": [417, 422], "annotations": [{"nertag": "B-PER"}]}, {"base_span": [423, 429], "annotations": [{"nertag": "I-PER"}]}, {"base_span": [430, 434], "annotations": [{"nertag": "O"}]}, {"base_span": [434, 435], "annotations": [{"nertag": "O"}]}, {"base_span": [436, 440], "annotations": [{"nertag": "O"}]}, {"base_span": [441, 446], "annotations": [{"nertag": "O"}]}, {"base_span": [447, 454], "annotations": [{"nertag": "O"}]}, {"base_span": [455, 459], "annotations": [{"nertag": "O"}]}, {"base_span": [460, 465], "annotations": [{"nertag": "O"}]}, {"base_span": [466, 476], "annotations": [{"nertag": "O"}]}, {"base_span": [476, 477], "annotations": [{"nertag": "O"}]}, {"base_span": [479, 484], "annotations": [{"nertag": "B-PER"}]}, {"base_span": [485, 491], "annotations": [{"nertag": "I-PER"}]}, {"base_span": [492, 495], "annotations": [{"nertag": "O"}]}, {"base_span": [496, 506], "annotations": [{"nertag": "O"}]}, {"base_span": [506, 507], "annotations": [{"nertag": "O"}]}, {"base_span": [508, 512], "annotations": [{"nertag": "O"}]}, {"base_span": [513, 517], "annotations": [{"nertag": "O"}]}, {"base_span": [518, 525], "annotations": [{"nertag": "O"}]}, {"base_span": [526, 529], "annotations": [{"nertag": "O"}]}, {"base_span": [530, 532], "annotations": [{"nertag": "O"}]}, {"base_span": [533, 538], "annotations": [{"nertag": "B-PER"}]}, {"base_span": [539, 545], "annotations": [{"nertag": "I-PER"}]}, {"base_span": [546, 551], "annotations": [{"nertag": "O"}]}, {"base_span": [552, 556], "annotations": [{"nertag": "O"}]}, {"base_span": [557, 562], "annotations": [{"nertag": "B-PER"}]}, {"base_span": [563, 572], "annotations": [{"nertag": "I-PER"}]}, {"base_span": [573, 574], "annotations": [{"nertag": "O"}]}, {"base_span": [575, 578], "annotations": [{"nertag": "O"}]}, {"base_span": [578, 579], "annotations": [{"nertag": "O"}]}, {"base_span": [580, 582], "annotations": [{"nertag": "O"}]}, {"base_span": [583, 584], "annotations": [{"nertag": "O"}]}, {"base_span": [585, 589], "annotations": [{"nertag": "O"}]}, {"base_span": [590, 596], "annotations": [{"nertag": "O"}]}, {"base_span": [597, 602], "annotations": [{"nertag": "O"}]}, {"base_span": [602, 603], "annotations": [{"nertag": "O"}]}, {"base_span": [605, 614], "annotations": [{"nertag": "O"}]}, {"base_span": [614, 615], "annotations": [{"nertag": "O"}]}, {"base_span": [616, 620], "annotations": [{"nertag": "O"}]}, {"base_span": [621, 626], "annotations": [{"nertag": "B-PER"}]}, {"base_span": [627, 633], "annotations": [{"nertag": "I-PER"}]}, {"base_span": [634, 635], "annotations": [{"nertag": "O"}]}, {"base_span": [636, 641], "annotations": [{"nertag": "O"}]}, {"base_span": [642, 646], "annotations": [{"nertag": "O"}]}, {"base_span": [647, 654], "annotations": [{"nertag": "O"}]}, {"base_span": [655, 661], "annotations": [{"nertag": "O"}]}, {"base_span": [662, 665], "annotations": [{"nertag": "O"}]}, {"base_span": [666, 670], "annotations": [{"nertag": "O"}]}, {"base_span": [671, 679], "annotations": [{"nertag": "O"}]}, {"base_span": [680, 684], "annotations": [{"nertag": "O"}]}, {"base_span": [685, 690], "annotations": [{"nertag": "O"}]}, {"base_span": [691, 693], "annotations": [{"nertag": "O"}]}, {"base_span": [694, 699], "annotations": [{"nertag": "B-PER"}]}, {"base_span": [700, 706], "annotations": [{"nertag": "I-PER"}]}, {"base_span": [707, 710], "annotations": [{"nertag": "O"}]}, {"base_span": [711, 718], "annotations": [{"nertag": "O"}]}, {"base_span": [719, 724], "annotations": [{"nertag": "O"}]}, {"base_span": [725, 726], "annotations": [{"nertag": "O"}]}, {"base_span": [727, 732], "annotations": [{"nertag": "O"}]}, {"base_span": [733, 739], "annotations": [{"nertag": "O"}]}, {"base_span": [740, 744], "annotations": [{"nertag": "O"}]}, {"base_span": [745, 747], "annotations": [{"nertag": "O"}]}, {"base_span": [748, 751], "annotations": [{"nertag": "O"}]}, {"base_span": [752, 758], "annotations": [{"nertag": "O"}]}, {"base_span": [759, 762], "annotations": [{"nertag": "O"}]}, {"base_span": [763, 770], "annotations": [{"nertag": "O"}]}, {"base_span": [771, 776], "annotations": [{"nertag": "O"}]}, {"base_span": [776, 777], "annotations": [{"nertag": "O"}]}, {"base_span": [778, 783], "annotations": [{"nertag": "O"}]}, {"base_span": [783, 784], "annotations": [{"nertag": "O"}]}, {"base_span": [785, 790], "annotations": [{"nertag": "B-PER"}]}, {"base_span": [791, 797], "annotations": [{"nertag": "I-PER"}]}, {"base_span": [798, 806], "annotations": [{"nertag": "O"}]}, {"base_span": [807, 813], "annotations": [{"nertag": "O"}]}, {"base_span": [814, 820], "annotations": [{"nertag": "O"}]}, {"base_span": [821, 823], "annotations": [{"nertag": "O"}]}, {"base_span": [824, 826], "annotations": [{"nertag": "O"}]}, {"base_span": [827, 831], "annotations": [{"nertag": "O"}]}, {"base_span": [832, 840], "annotations": [{"nertag": "O"}]}, {"base_span": [841, 851], "annotations": [{"nertag": "O"}]}, {"base_span": [852, 854], "annotations": [{"nertag": "O"}]}, {"base_span": [855, 858], "annotations": [{"nertag": "O"}]}, {"base_span": [858, 859], "annotations": [{"nertag": "O"}]}, {"base_span": [861, 864], "annotations": [{"nertag": "O"}]}, {"base_span": [865, 870], "annotations": [{"nertag": "O"}]}, {"base_span": [871, 872], "annotations": [{"nertag": "B-MISC"}]}, {"base_span": [872, 873], "annotations": [{"nertag": "I-MISC"}]}, {"base_span": [873, 874], "annotations": [{"nertag": "I-MISC"}]}, {"base_span": [874, 875], "annotations": [{"nertag": "I-MISC"}]}, {"base_span": [875, 876], "annotations": [{"nertag": "I-MISC"}]}, {"base_span": [877, 878], "annotations": [{"nertag": "O"}]}, {"base_span": [879, 882], "annotations": [{"nertag": "O"}]}, {"base_span": [883, 885], "annotations": [{"nertag": "O"}]}, {"base_span": [886, 889], "annotations": [{"nertag": "O"}]}, {"base_span": [890, 895], "annotations": [{"nertag": "O"}]}, {"base_span": [896, 904], "annotations": [{"nertag": "O"}]}, {"base_span": [904, 905], "annotations": [{"nertag": "O"}]}, {"base_span": [907, 912], "annotations": [{"nertag": "B-PER"}]}, {"base_span": [913, 919], "annotations": [{"nertag": "I-PER"}]}, {"base_span": [920, 925], "annotations": [{"nertag": "O"}]}, {"base_span": [926, 934], "annotations": [{"nertag": "O"}]}, {"base_span": [935, 940], "annotations": [{"nertag": "O"}]}, {"base_span": [940, 941], "annotations": [{"nertag": "O"}]}]}]}