{"text": "\nEtte tulli Alexander Siegert ja kaibas et kõrtsimees Hindrik Erik ei massa temma poodi rehknudi 3 Rbl. 35 Cop. ja pallep kohhut sedda temmale wälja moista ja ollewat tunnistaja Friedrik Witkar.\n\nHindrik Erik ütles et sedda ollemi Siegertiga jo üts kõrd ärra selletanu et minna näütsi Siegertile sedda rehknuti ja ütli ärra et Friedrich Witkar om minnole 3 Rbl. 35 Cop. siin wõlgu nink massi se 75 Cop. ärra ja saije rehknud selges.\n\nAlexander Siegert ütles et minna massi se 75 Coip. ärra et minna nõwwa perrä kuis se assi om olnu.\n\nFriedrich Witkar Panikowitsast ütles wälja et Hindrik Erikel saije Siegerti podist 4 Rbla 10 Cop. eest kaupa ni kui rehknud näütap nink minna sadi temmale rehknud ütten Siegerti nimel et temma ka Siegerti kätte woip massa nink Erik om Siegertile tõtteste se rehknud wõlgu, ent mes minna Erikele wõlgu olle, sedda nõudge Erik minno käest.\n\nMoistet:\n\nHindrik Erik peap se 3 Rbl. 35 Cop. Alexander Siegertile ärra masma nink woip omma wõlga Friedrich Witkari käest nõuda.\n\nSe moistmine om §773 ja 774 perra kulutedu ja oppusleht wälja antu.\n\nPääkohtumees A. Wähhi [allkiri]\n\nKohtumees\n\nKohtumees Mihel Ugur [allkiri]\n\nKirjotaja Jõggewa\n\n\n", "meta": {"origin_directory": "vallakohus_kolmas/"}, "layers": [{"name": "gold_ner", "attributes": ["nertag"], "parent": null, "enveloping": null, "ambiguous": false, "serialisation_module": null, "meta": {}, "spans": [{"base_span": [12, 29], "annotations": [{"nertag": "PER"}]}, {"base_span": [54, 66], "annotations": [{"nertag": "PER"}]}, {"base_span": [178, 193], "annotations": [{"nertag": "PER"}]}, {"base_span": [196, 208], "annotations": [{"nertag": "PER"}]}, {"base_span": [231, 241], "annotations": [{"nertag": "PER"}]}, {"base_span": [285, 295], "annotations": [{"nertag": "PER"}]}, {"base_span": [327, 343], "annotations": [{"nertag": "PER"}]}, {"base_span": [434, 451], "annotations": [{"nertag": "PER"}]}, {"base_span": [534, 550], "annotations": [{"nertag": "PER"}]}, {"base_span": [551, 564], "annotations": [{"nertag": "LOC"}]}, {"base_span": [580, 594], "annotations": [{"nertag": "PER"}]}, {"base_span": [601, 609], "annotations": [{"nertag": "PER"}]}, {"base_span": [703, 711], "annotations": [{"nertag": "PER"}]}, {"base_span": [730, 738], "annotations": [{"nertag": "PER"}]}, {"base_span": [761, 765], "annotations": [{"nertag": "PER"}]}, {"base_span": [769, 779], "annotations": [{"nertag": "PER"}]}, {"base_span": [821, 828], "annotations": [{"nertag": "PER"}]}, {"base_span": [854, 858], "annotations": [{"nertag": "PER"}]}, {"base_span": [883, 895], "annotations": [{"nertag": "PER"}]}, {"base_span": [919, 939], "annotations": [{"nertag": "PER"}]}, {"base_span": [972, 989], "annotations": [{"nertag": "PER"}]}, {"base_span": [1086, 1094], "annotations": [{"nertag": "PER"}]}, {"base_span": [1127, 1137], "annotations": [{"nertag": "PER"}]}, {"base_span": [1159, 1166], "annotations": [{"nertag": "PER"}]}]}, {"name": "gold_wordner", "attributes": ["nertag"], "parent": null, "enveloping": null, "ambiguous": false, "serialisation_module": null, "meta": {}, "spans": [{"base_span": [1, 5], "annotations": [{"nertag": "O"}]}, {"base_span": [6, 11], "annotations": [{"nertag": "O"}]}, {"base_span": [12, 21], "annotations": [{"nertag": "B-PER"}]}, {"base_span": [22, 29], "annotations": [{"nertag": "I-PER"}]}, {"base_span": [30, 32], "annotations": [{"nertag": "O"}]}, {"base_span": [33, 39], "annotations": [{"nertag": "O"}]}, {"base_span": [40, 42], "annotations": [{"nertag": "O"}]}, {"base_span": [43, 53], "annotations": [{"nertag": "O"}]}, {"base_span": [54, 61], "annotations": [{"nertag": "B-PER"}]}, {"base_span": [62, 66], "annotations": [{"nertag": "I-PER"}]}, {"base_span": [67, 69], "annotations": [{"nertag": "O"}]}, {"base_span": [70, 75], "annotations": [{"nertag": "O"}]}, {"base_span": [76, 81], "annotations": [{"nertag": "O"}]}, {"base_span": [82, 87], "annotations": [{"nertag": "O"}]}, {"base_span": [88, 96], "annotations": [{"nertag": "O"}]}, {"base_span": [97, 98], "annotations": [{"nertag": "O"}]}, {"base_span": [99, 102], "annotations": [{"nertag": "O"}]}, {"base_span": [102, 103], "annotations": [{"nertag": "O"}]}, {"base_span": [104, 106], "annotations": [{"nertag": "O"}]}, {"base_span": [107, 110], "annotations": [{"nertag": "O"}]}, {"base_span": [110, 111], "annotations": [{"nertag": "O"}]}, {"base_span": [112, 114], "annotations": [{"nertag": "O"}]}, {"base_span": [115, 121], "annotations": [{"nertag": "O"}]}, {"base_span": [122, 128], "annotations": [{"nertag": "O"}]}, {"base_span": [129, 134], "annotations": [{"nertag": "O"}]}, {"base_span": [135, 142], "annotations": [{"nertag": "O"}]}, {"base_span": [143, 148], "annotations": [{"nertag": "O"}]}, {"base_span": [149, 155], "annotations": [{"nertag": "O"}]}, {"base_span": [156, 158], "annotations": [{"nertag": "O"}]}, {"base_span": [159, 166], "annotations": [{"nertag": "O"}]}, {"base_span": [167, 177], "annotations": [{"nertag": "O"}]}, {"base_span": [178, 186], "annotations": [{"nertag": "B-PER"}]}, {"base_span": [187, 193], "annotations": [{"nertag": "I-PER"}]}, {"base_span": [193, 194], "annotations": [{"nertag": "O"}]}, {"base_span": [196, 203], "annotations": [{"nertag": "B-PER"}]}, {"base_span": [204, 208], "annotations": [{"nertag": "I-PER"}]}, {"base_span": [209, 214], "annotations": [{"nertag": "O"}]}, {"base_span": [215, 217], "annotations": [{"nertag": "O"}]}, {"base_span": [218, 223], "annotations": [{"nertag": "O"}]}, {"base_span": [224, 230], "annotations": [{"nertag": "O"}]}, {"base_span": [231, 241], "annotations": [{"nertag": "B-PER"}]}, {"base_span": [242, 244], "annotations": [{"nertag": "O"}]}, {"base_span": [245, 248], "annotations": [{"nertag": "O"}]}, {"base_span": [249, 253], "annotations": [{"nertag": "O"}]}, {"base_span": [254, 258], "annotations": [{"nertag": "O"}]}, {"base_span": [259, 268], "annotations": [{"nertag": "O"}]}, {"base_span": [269, 271], "annotations": [{"nertag": "O"}]}, {"base_span": [272, 277], "annotations": [{"nertag": "O"}]}, {"base_span": [278, 284], "annotations": [{"nertag": "O"}]}, {"base_span": [285, 295], "annotations": [{"nertag": "B-PER"}]}, {"base_span": [296, 301], "annotations": [{"nertag": "O"}]}, {"base_span": [302, 310], "annotations": [{"nertag": "O"}]}, {"base_span": [311, 313], "annotations": [{"nertag": "O"}]}, {"base_span": [314, 318], "annotations": [{"nertag": "O"}]}, {"base_span": [319, 323], "annotations": [{"nertag": "O"}]}, {"base_span": [324, 326], "annotations": [{"nertag": "O"}]}, {"base_span": [327, 336], "annotations": [{"nertag": "B-PER"}]}, {"base_span": [337, 343], "annotations": [{"nertag": "I-PER"}]}, {"base_span": [344, 346], "annotations": [{"nertag": "O"}]}, {"base_span": [347, 354], "annotations": [{"nertag": "O"}]}, {"base_span": [355, 356], "annotations": [{"nertag": "O"}]}, {"base_span": [357, 360], "annotations": [{"nertag": "O"}]}, {"base_span": [360, 361], "annotations": [{"nertag": "O"}]}, {"base_span": [362, 364], "annotations": [{"nertag": "O"}]}, {"base_span": [365, 368], "annotations": [{"nertag": "O"}]}, {"base_span": [368, 369], "annotations": [{"nertag": "O"}]}, {"base_span": [370, 374], "annotations": [{"nertag": "O"}]}, {"base_span": [375, 380], "annotations": [{"nertag": "O"}]}, {"base_span": [381, 385], "annotations": [{"nertag": "O"}]}, {"base_span": [386, 391], "annotations": [{"nertag": "O"}]}, {"base_span": [392, 394], "annotations": [{"nertag": "O"}]}, {"base_span": [395, 397], "annotations": [{"nertag": "O"}]}, {"base_span": [398, 401], "annotations": [{"nertag": "O"}]}, {"base_span": [401, 402], "annotations": [{"nertag": "O"}]}, {"base_span": [403, 407], "annotations": [{"nertag": "O"}]}, {"base_span": [408, 410], "annotations": [{"nertag": "O"}]}, {"base_span": [411, 416], "annotations": [{"nertag": "O"}]}, {"base_span": [417, 424], "annotations": [{"nertag": "O"}]}, {"base_span": [425, 431], "annotations": [{"nertag": "O"}]}, {"base_span": [431, 432], "annotations": [{"nertag": "O"}]}, {"base_span": [434, 443], "annotations": [{"nertag": "B-PER"}]}, {"base_span": [444, 451], "annotations": [{"nertag": "I-PER"}]}, {"base_span": [452, 457], "annotations": [{"nertag": "O"}]}, {"base_span": [458, 460], "annotations": [{"nertag": "O"}]}, {"base_span": [461, 466], "annotations": [{"nertag": "O"}]}, {"base_span": [467, 472], "annotations": [{"nertag": "O"}]}, {"base_span": [473, 475], "annotations": [{"nertag": "O"}]}, {"base_span": [476, 478], "annotations": [{"nertag": "O"}]}, {"base_span": [479, 483], "annotations": [{"nertag": "O"}]}, {"base_span": [483, 484], "annotations": [{"nertag": "O"}]}, {"base_span": [485, 489], "annotations": [{"nertag": "O"}]}, {"base_span": [490, 492], "annotations": [{"nertag": "O"}]}, {"base_span": [493, 498], "annotations": [{"nertag": "O"}]}, {"base_span": [499, 504], "annotations": [{"nertag": "O"}]}, {"base_span": [505, 510], "annotations": [{"nertag": "O"}]}, {"base_span": [511, 515], "annotations": [{"nertag": "O"}]}, {"base_span": [516, 518], "annotations": [{"nertag": "O"}]}, {"base_span": [519, 523], "annotations": [{"nertag": "O"}]}, {"base_span": [524, 526], "annotations": [{"nertag": "O"}]}, {"base_span": [527, 531], "annotations": [{"nertag": "O"}]}, {"base_span": [531, 532], "annotations": [{"nertag": "O"}]}, {"base_span": [534, 543], "annotations": [{"nertag": "B-PER"}]}, {"base_span": [544, 550], "annotations": [{"nertag": "I-PER"}]}, {"base_span": [551, 564], "annotations": [{"nertag": "B-LOC"}]}, {"base_span": [565, 570], "annotations": [{"nertag": "O"}]}, {"base_span": [571, 576], "annotations": [{"nertag": "O"}]}, {"base_span": [577, 579], "annotations": [{"nertag": "O"}]}, {"base_span": [580, 587], "annotations": [{"nertag": "B-PER"}]}, {"base_span": [588, 594], "annotations": [{"nertag": "I-PER"}]}, {"base_span": [595, 600], "annotations": [{"nertag": "O"}]}, {"base_span": [601, 609], "annotations": [{"nertag": "B-PER"}]}, {"base_span": [610, 616], "annotations": [{"nertag": "O"}]}, {"base_span": [617, 618], "annotations": [{"nertag": "O"}]}, {"base_span": [619, 623], "annotations": [{"nertag": "O"}]}, {"base_span": [624, 626], "annotations": [{"nertag": "O"}]}, {"base_span": [627, 630], "annotations": [{"nertag": "O"}]}, {"base_span": [630, 631], "annotations": [{"nertag": "O"}]}, {"base_span": [632, 636], "annotations": [{"nertag": "O"}]}, {"base_span": [637, 642], "annotations": [{"nertag": "O"}]}, {"base_span": [643, 645], "annotations": [{"nertag": "O"}]}, {"base_span": [646, 649], "annotations": [{"nertag": "O"}]}, {"base_span": [650, 657], "annotations": [{"nertag": "O"}]}, {"base_span": [658, 664], "annotations": [{"nertag": "O"}]}, {"base_span": [665, 669], "annotations": [{"nertag": "O"}]}, {"base_span": [670, 675], "annotations": [{"nertag": "O"}]}, {"base_span": [676, 680], "annotations": [{"nertag": "O"}]}, {"base_span": [681, 688], "annotations": [{"nertag": "O"}]}, {"base_span": [689, 696], "annotations": [{"nertag": "O"}]}, {"base_span": [697, 702], "annotations": [{"nertag": "O"}]}, {"base_span": [703, 711], "annotations": [{"nertag": "B-PER"}]}, {"base_span": [712, 717], "annotations": [{"nertag": "O"}]}, {"base_span": [718, 720], "annotations": [{"nertag": "O"}]}, {"base_span": [721, 726], "annotations": [{"nertag": "O"}]}, {"base_span": [727, 729], "annotations": [{"nertag": "O"}]}, {"base_span": [730, 738], "annotations": [{"nertag": "B-PER"}]}, {"base_span": [739, 744], "annotations": [{"nertag": "O"}]}, {"base_span": [745, 749], "annotations": [{"nertag": "O"}]}, {"base_span": [750, 755], "annotations": [{"nertag": "O"}]}, {"base_span": [756, 760], "annotations": [{"nertag": "O"}]}, {"base_span": [761, 765], "annotations": [{"nertag": "B-PER"}]}, {"base_span": [766, 768], "annotations": [{"nertag": "O"}]}, {"base_span": [769, 779], "annotations": [{"nertag": "B-PER"}]}, {"base_span": [780, 788], "annotations": [{"nertag": "O"}]}, {"base_span": [789, 791], "annotations": [{"nertag": "O"}]}, {"base_span": [792, 799], "annotations": [{"nertag": "O"}]}, {"base_span": [800, 805], "annotations": [{"nertag": "O"}]}, {"base_span": [805, 806], "annotations": [{"nertag": "O"}]}, {"base_span": [807, 810], "annotations": [{"nertag": "O"}]}, {"base_span": [811, 814], "annotations": [{"nertag": "O"}]}, {"base_span": [815, 820], "annotations": [{"nertag": "O"}]}, {"base_span": [821, 828], "annotations": [{"nertag": "B-PER"}]}, {"base_span": [829, 834], "annotations": [{"nertag": "O"}]}, {"base_span": [835, 839], "annotations": [{"nertag": "O"}]}, {"base_span": [839, 840], "annotations": [{"nertag": "O"}]}, {"base_span": [841, 846], "annotations": [{"nertag": "O"}]}, {"base_span": [847, 853], "annotations": [{"nertag": "O"}]}, {"base_span": [854, 858], "annotations": [{"nertag": "B-PER"}]}, {"base_span": [859, 864], "annotations": [{"nertag": "O"}]}, {"base_span": [865, 870], "annotations": [{"nertag": "O"}]}, {"base_span": [870, 871], "annotations": [{"nertag": "O"}]}, {"base_span": [873, 880], "annotations": [{"nertag": "O"}]}, {"base_span": [880, 881], "annotations": [{"nertag": "O"}]}, {"base_span": [883, 890], "annotations": [{"nertag": "B-PER"}]}, {"base_span": [891, 895], "annotations": [{"nertag": "I-PER"}]}, {"base_span": [896, 900], "annotations": [{"nertag": "O"}]}, {"base_span": [901, 903], "annotations": [{"nertag": "O"}]}, {"base_span": [904, 905], "annotations": [{"nertag": "O"}]}, {"base_span": [906, 909], "annotations": [{"nertag": "O"}]}, {"base_span": [909, 910], "annotations": [{"nertag": "O"}]}, {"base_span": [911, 913], "annotations": [{"nertag": "O"}]}, {"base_span": [914, 917], "annotations": [{"nertag": "O"}]}, {"base_span": [917, 918], "annotations": [{"nertag": "O"}]}, {"base_span": [919, 928], "annotations": [{"nertag": "B-PER"}]}, {"base_span": [929, 939], "annotations": [{"nertag": "I-PER"}]}, {"base_span": [940, 944], "annotations": [{"nertag": "O"}]}, {"base_span": [945, 950], "annotations": [{"nertag": "O"}]}, {"base_span": [951, 955], "annotations": [{"nertag": "O"}]}, {"base_span": [956, 960], "annotations": [{"nertag": "O"}]}, {"base_span": [961, 965], "annotations": [{"nertag": "O"}]}, {"base_span": [966, 971], "annotations": [{"nertag": "O"}]}, {"base_span": [972, 981], "annotations": [{"nertag": "B-PER"}]}, {"base_span": [982, 989], "annotations": [{"nertag": "I-PER"}]}, {"base_span": [990, 995], "annotations": [{"nertag": "O"}]}, {"base_span": [996, 1001], "annotations": [{"nertag": "O"}]}, {"base_span": [1001, 1002], "annotations": [{"nertag": "O"}]}, {"base_span": [1004, 1006], "annotations": [{"nertag": "O"}]}, {"base_span": [1007, 1016], "annotations": [{"nertag": "O"}]}, {"base_span": [1017, 1019], "annotations": [{"nertag": "O"}]}, {"base_span": [1020, 1021], "annotations": [{"nertag": "O"}]}, {"base_span": [1021, 1024], "annotations": [{"nertag": "O"}]}, {"base_span": [1025, 1027], "annotations": [{"nertag": "O"}]}, {"base_span": [1028, 1031], "annotations": [{"nertag": "O"}]}, {"base_span": [1032, 1037], "annotations": [{"nertag": "O"}]}, {"base_span": [1038, 1046], "annotations": [{"nertag": "O"}]}, {"base_span": [1047, 1049], "annotations": [{"nertag": "O"}]}, {"base_span": [1050, 1059], "annotations": [{"nertag": "O"}]}, {"base_span": [1060, 1065], "annotations": [{"nertag": "O"}]}, {"base_span": [1066, 1070], "annotations": [{"nertag": "O"}]}, {"base_span": [1070, 1071], "annotations": [{"nertag": "O"}]}, {"base_span": [1073, 1085], "annotations": [{"nertag": "O"}]}, {"base_span": [1086, 1087], "annotations": [{"nertag": "B-PER"}]}, {"base_span": [1087, 1088], "annotations": [{"nertag": "I-PER"}]}, {"base_span": [1089, 1094], "annotations": [{"nertag": "I-PER"}]}, {"base_span": [1095, 1096], "annotations": [{"nertag": "O"}]}, {"base_span": [1096, 1103], "annotations": [{"nertag": "O"}]}, {"base_span": [1103, 1104], "annotations": [{"nertag": "O"}]}, {"base_span": [1106, 1115], "annotations": [{"nertag": "O"}]}, {"base_span": [1117, 1126], "annotations": [{"nertag": "O"}]}, {"base_span": [1127, 1132], "annotations": [{"nertag": "B-PER"}]}, {"base_span": [1133, 1137], "annotations": [{"nertag": "I-PER"}]}, {"base_span": [1138, 1139], "annotations": [{"nertag": "O"}]}, {"base_span": [1139, 1146], "annotations": [{"nertag": "O"}]}, {"base_span": [1146, 1147], "annotations": [{"nertag": "O"}]}, {"base_span": [1149, 1158], "annotations": [{"nertag": "O"}]}, {"base_span": [1159, 1166], "annotations": [{"nertag": "B-PER"}]}]}]}