{"text": "\nAndre Uggur ja Michel Uggur omma se Kima Zoppa tallo 16 taadrid suur, ütten ostnu ent nüüd tahtwa sedda maad piride läbbi poles ajada laska, nink leppiwa siin kohtu man nida kokko et Michel Uggur ajap pirid nink lassep Andre Ugguril een walid kumba tükki Andre tahhap ehk kumba poolt temma hendale wõttap, sääl sawat kuppitzat ülles pantus nink saap nida se maa poles jaetus nink nida ne pirid kinnitedus.\n\nMichel Uggur [allkiri]\n\nAndre Uggur [allkiri]\n\nPääkohtumees A. Wähhi [allkiri]\n\nKohtumees K. Lõhmus [allkiri]\n\nKohtumees Mihel Ugur [allkiri]\n\nKirjotaja Jõggewa\n\n\n", "meta": {"origin_directory": "vallakohus_neljas/"}, "layers": [{"name": "gold_ner", "attributes": ["nertag"], "parent": null, "enveloping": null, "ambiguous": false, "serialisation_module": null, "meta": {}, "spans": [{"base_span": [1, 12], "annotations": [{"nertag": "PER"}]}, {"base_span": [16, 28], "annotations": [{"nertag": "PER"}]}, {"base_span": [37, 41], "annotations": [{"nertag": "LOC"}]}, {"base_span": [42, 53], "annotations": [{"nertag": "LOC_ORG"}]}, {"base_span": [184, 196], "annotations": [{"nertag": "PER"}]}, {"base_span": [220, 233], "annotations": [{"nertag": "PER"}]}, {"base_span": [256, 261], "annotations": [{"nertag": "PER"}]}, {"base_span": [408, 420], "annotations": [{"nertag": "PER"}]}, {"base_span": [432, 443], "annotations": [{"nertag": "PER"}]}, {"base_span": [468, 476], "annotations": [{"nertag": "PER"}]}, {"base_span": [498, 507], "annotations": [{"nertag": "PER"}]}, {"base_span": [529, 539], "annotations": [{"nertag": "PER"}]}, {"base_span": [561, 568], "annotations": [{"nertag": "PER"}]}]}, {"name": "gold_wordner", "attributes": ["nertag"], "parent": null, "enveloping": null, "ambiguous": false, "serialisation_module": null, "meta": {}, "spans": [{"base_span": [1, 6], "annotations": [{"nertag": "B-PER"}]}, {"base_span": [7, 12], "annotations": [{"nertag": "I-PER"}]}, {"base_span": [13, 15], "annotations": [{"nertag": "O"}]}, {"base_span": [16, 22], "annotations": [{"nertag": "B-PER"}]}, {"base_span": [23, 28], "annotations": [{"nertag": "I-PER"}]}, {"base_span": [29, 33], "annotations": [{"nertag": "O"}]}, {"base_span": [34, 36], "annotations": [{"nertag": "O"}]}, {"base_span": [37, 41], "annotations": [{"nertag": "B-LOC"}]}, {"base_span": [42, 47], "annotations": [{"nertag": "B-LOC_ORG"}]}, {"base_span": [48, 53], "annotations": [{"nertag": "I-LOC_ORG"}]}, {"base_span": [54, 56], "annotations": [{"nertag": "O"}]}, {"base_span": [57, 64], "annotations": [{"nertag": "O"}]}, {"base_span": [65, 69], "annotations": [{"nertag": "O"}]}, {"base_span": [69, 70], "annotations": [{"nertag": "O"}]}, {"base_span": [71, 76], "annotations": [{"nertag": "O"}]}, {"base_span": [77, 82], "annotations": [{"nertag": "O"}]}, {"base_span": [83, 86], "annotations": [{"nertag": "O"}]}, {"base_span": [87, 91], "annotations": [{"nertag": "O"}]}, {"base_span": [92, 98], "annotations": [{"nertag": "O"}]}, {"base_span": [99, 104], "annotations": [{"nertag": "O"}]}, {"base_span": [105, 109], "annotations": [{"nertag": "O"}]}, {"base_span": [110, 116], "annotations": [{"nertag": "O"}]}, {"base_span": [117, 122], "annotations": [{"nertag": "O"}]}, {"base_span": [123, 128], "annotations": [{"nertag": "O"}]}, {"base_span": [129, 134], "annotations": [{"nertag": "O"}]}, {"base_span": [135, 140], "annotations": [{"nertag": "O"}]}, {"base_span": [140, 141], "annotations": [{"nertag": "O"}]}, {"base_span": [142, 146], "annotations": [{"nertag": "O"}]}, {"base_span": [147, 154], "annotations": [{"nertag": "O"}]}, {"base_span": [155, 159], "annotations": [{"nertag": "O"}]}, {"base_span": [160, 165], "annotations": [{"nertag": "O"}]}, {"base_span": [166, 169], "annotations": [{"nertag": "O"}]}, {"base_span": [170, 174], "annotations": [{"nertag": "O"}]}, {"base_span": [175, 180], "annotations": [{"nertag": "O"}]}, {"base_span": [181, 183], "annotations": [{"nertag": "O"}]}, {"base_span": [184, 190], "annotations": [{"nertag": "B-PER"}]}, {"base_span": [191, 196], "annotations": [{"nertag": "I-PER"}]}, {"base_span": [197, 201], "annotations": [{"nertag": "O"}]}, {"base_span": [202, 207], "annotations": [{"nertag": "O"}]}, {"base_span": [208, 212], "annotations": [{"nertag": "O"}]}, {"base_span": [213, 219], "annotations": [{"nertag": "O"}]}, {"base_span": [220, 225], "annotations": [{"nertag": "B-PER"}]}, {"base_span": [226, 233], "annotations": [{"nertag": "I-PER"}]}, {"base_span": [234, 237], "annotations": [{"nertag": "O"}]}, {"base_span": [238, 243], "annotations": [{"nertag": "O"}]}, {"base_span": [244, 249], "annotations": [{"nertag": "O"}]}, {"base_span": [250, 255], "annotations": [{"nertag": "O"}]}, {"base_span": [256, 261], "annotations": [{"nertag": "B-PER"}]}, {"base_span": [262, 268], "annotations": [{"nertag": "O"}]}, {"base_span": [269, 272], "annotations": [{"nertag": "O"}]}, {"base_span": [273, 278], "annotations": [{"nertag": "O"}]}, {"base_span": [279, 284], "annotations": [{"nertag": "O"}]}, {"base_span": [285, 290], "annotations": [{"nertag": "O"}]}, {"base_span": [291, 298], "annotations": [{"nertag": "O"}]}, {"base_span": [299, 305], "annotations": [{"nertag": "O"}]}, {"base_span": [305, 306], "annotations": [{"nertag": "O"}]}, {"base_span": [307, 311], "annotations": [{"nertag": "O"}]}, {"base_span": [312, 317], "annotations": [{"nertag": "O"}]}, {"base_span": [318, 327], "annotations": [{"nertag": "O"}]}, {"base_span": [328, 333], "annotations": [{"nertag": "O"}]}, {"base_span": [334, 340], "annotations": [{"nertag": "O"}]}, {"base_span": [341, 345], "annotations": [{"nertag": "O"}]}, {"base_span": [346, 350], "annotations": [{"nertag": "O"}]}, {"base_span": [351, 355], "annotations": [{"nertag": "O"}]}, {"base_span": [356, 358], "annotations": [{"nertag": "O"}]}, {"base_span": [359, 362], "annotations": [{"nertag": "O"}]}, {"base_span": [363, 368], "annotations": [{"nertag": "O"}]}, {"base_span": [369, 375], "annotations": [{"nertag": "O"}]}, {"base_span": [376, 380], "annotations": [{"nertag": "O"}]}, {"base_span": [381, 385], "annotations": [{"nertag": "O"}]}, {"base_span": [386, 388], "annotations": [{"nertag": "O"}]}, {"base_span": [389, 394], "annotations": [{"nertag": "O"}]}, {"base_span": [395, 405], "annotations": [{"nertag": "O"}]}, {"base_span": [405, 406], "annotations": [{"nertag": "O"}]}, {"base_span": [408, 414], "annotations": [{"nertag": "B-PER"}]}, {"base_span": [415, 420], "annotations": [{"nertag": "I-PER"}]}, {"base_span": [421, 422], "annotations": [{"nertag": "O"}]}, {"base_span": [422, 429], "annotations": [{"nertag": "O"}]}, {"base_span": [429, 430], "annotations": [{"nertag": "O"}]}, {"base_span": [432, 437], "annotations": [{"nertag": "B-PER"}]}, {"base_span": [438, 443], "annotations": [{"nertag": "I-PER"}]}, {"base_span": [444, 445], "annotations": [{"nertag": "O"}]}, {"base_span": [445, 452], "annotations": [{"nertag": "O"}]}, {"base_span": [452, 453], "annotations": [{"nertag": "O"}]}, {"base_span": [455, 467], "annotations": [{"nertag": "O"}]}, {"base_span": [468, 469], "annotations": [{"nertag": "B-PER"}]}, {"base_span": [469, 470], "annotations": [{"nertag": "I-PER"}]}, {"base_span": [471, 476], "annotations": [{"nertag": "I-PER"}]}, {"base_span": [477, 478], "annotations": [{"nertag": "O"}]}, {"base_span": [478, 485], "annotations": [{"nertag": "O"}]}, {"base_span": [485, 486], "annotations": [{"nertag": "O"}]}, {"base_span": [488, 497], "annotations": [{"nertag": "O"}]}, {"base_span": [498, 499], "annotations": [{"nertag": "B-PER"}]}, {"base_span": [499, 500], "annotations": [{"nertag": "I-PER"}]}, {"base_span": [501, 507], "annotations": [{"nertag": "I-PER"}]}, {"base_span": [508, 509], "annotations": [{"nertag": "O"}]}, {"base_span": [509, 516], "annotations": [{"nertag": "O"}]}, {"base_span": [516, 517], "annotations": [{"nertag": "O"}]}, {"base_span": [519, 528], "annotations": [{"nertag": "O"}]}, {"base_span": [529, 534], "annotations": [{"nertag": "B-PER"}]}, {"base_span": [535, 539], "annotations": [{"nertag": "I-PER"}]}, {"base_span": [540, 541], "annotations": [{"nertag": "O"}]}, {"base_span": [541, 548], "annotations": [{"nertag": "O"}]}, {"base_span": [548, 549], "annotations": [{"nertag": "O"}]}, {"base_span": [551, 560], "annotations": [{"nertag": "O"}]}, {"base_span": [561, 568], "annotations": [{"nertag": "B-PER"}]}]}]}