{"text": "\nEtte tulli Peter Witkin ja kaibas, et om Liso Pihurille 15 Rbl. raha lainanu, sest om tema kümme Rbl. ära saanu ja 5 Rbl. om tema weel saada ja nõud seda wälja mõista.\n\nLiso Uggur man saisja olli Karl Uggur ütles, et\n\npuhast raha om ära mastu                          5 Rbl.\n\nPulmega om tasa sanu                                4 Rbl.\n\nPõrsid om andnu 2 tükki                             2 Rbl.\n\nLina seemit 2 mõõtu maha külwnu se om  3 Rbl.\n\nKaaru 7 mõõtu külwnu s.o                           2 Rbl.\n\n                     Summa                                   16 Rbl.\n\nPeter Witkin ütles et\n\npuhast raha om tema saanu                       5 Rbl.\n\nPulmega tasa saanu                                    3 Rbl.\n\nPõrside eest tasa saanu                              1, 90 Kop.\n\nlina seemid olli mõõt külwetu ja kaaru 6 mõõtu, ent se olli ooduse eest külwetu.\n\nLiso Pihhur ütles, et tema om ka pesnu 7 nahka se om 1 Rbl. 40 Kop.\n\nPeter Witkin wastud selle pääle, et nahku ei ole pestu.\n\nMõistus:\n\n\"Peter Witkin kaibus tühjas arwatu, et Liso Pihhur kõige täwwelise protsendiga se wõlg ära om masnu.\"\n\nSe kohtu otsus om §773 ja 774 perra kuulutedu ja oppus leht wälja antu.\n\nPääkohtumees: K. Lõhmus [allkiri]\n\nKohtumees: T. Pilt [allkiri]\n\nKohtumees: Kal Gründhal [allkiri]\n\nKirj. asemel P. Normann\n\n\n", "meta": {"origin_directory": "vallakohus_teine/"}, "layers": [{"name": "gold_ner", "attributes": ["nertag"], "parent": null, "enveloping": null, "ambiguous": false, "serialisation_module": null, "meta": {}, "spans": [{"base_span": [12, 24], "annotations": [{"nertag": "PER"}]}, {"base_span": [42, 56], "annotations": [{"nertag": "PER"}]}, {"base_span": [170, 180], "annotations": [{"nertag": "PER"}]}, {"base_span": [197, 207], "annotations": [{"nertag": "PER"}]}, {"base_span": [573, 585], "annotations": [{"nertag": "PER"}]}, {"base_span": [861, 872], "annotations": [{"nertag": "PER"}]}, {"base_span": [930, 942], "annotations": [{"nertag": "PER"}]}, {"base_span": [998, 1010], "annotations": [{"nertag": "PER"}]}, {"base_span": [1036, 1047], "annotations": [{"nertag": "PER"}]}, {"base_span": [1187, 1196], "annotations": [{"nertag": "PER"}]}, {"base_span": [1219, 1226], "annotations": [{"nertag": "PER"}]}, {"base_span": [1249, 1261], "annotations": [{"nertag": "PER"}]}, {"base_span": [1286, 1296], "annotations": [{"nertag": "PER"}]}]}, {"name": "gold_wordner", "attributes": ["nertag"], "parent": null, "enveloping": null, "ambiguous": false, "serialisation_module": null, "meta": {}, "spans": [{"base_span": [1, 5], "annotations": [{"nertag": "O"}]}, {"base_span": [6, 11], "annotations": [{"nertag": "O"}]}, {"base_span": [12, 17], "annotations": [{"nertag": "B-PER"}]}, {"base_span": [18, 24], "annotations": [{"nertag": "I-PER"}]}, {"base_span": [25, 27], "annotations": [{"nertag": "O"}]}, {"base_span": [28, 34], "annotations": [{"nertag": "O"}]}, {"base_span": [34, 35], "annotations": [{"nertag": "O"}]}, {"base_span": [36, 38], "annotations": [{"nertag": "O"}]}, {"base_span": [39, 41], "annotations": [{"nertag": "O"}]}, {"base_span": [42, 46], "annotations": [{"nertag": "B-PER"}]}, {"base_span": [47, 56], "annotations": [{"nertag": "I-PER"}]}, {"base_span": [57, 59], "annotations": [{"nertag": "O"}]}, {"base_span": [60, 63], "annotations": [{"nertag": "O"}]}, {"base_span": [63, 64], "annotations": [{"nertag": "O"}]}, {"base_span": [65, 69], "annotations": [{"nertag": "O"}]}, {"base_span": [70, 77], "annotations": [{"nertag": "O"}]}, {"base_span": [77, 78], "annotations": [{"nertag": "O"}]}, {"base_span": [79, 83], "annotations": [{"nertag": "O"}]}, {"base_span": [84, 86], "annotations": [{"nertag": "O"}]}, {"base_span": [87, 91], "annotations": [{"nertag": "O"}]}, {"base_span": [92, 97], "annotations": [{"nertag": "O"}]}, {"base_span": [98, 101], "annotations": [{"nertag": "O"}]}, {"base_span": [101, 102], "annotations": [{"nertag": "O"}]}, {"base_span": [103, 106], "annotations": [{"nertag": "O"}]}, {"base_span": [107, 112], "annotations": [{"nertag": "O"}]}, {"base_span": [113, 115], "annotations": [{"nertag": "O"}]}, {"base_span": [116, 117], "annotations": [{"nertag": "O"}]}, {"base_span": [118, 121], "annotations": [{"nertag": "O"}]}, {"base_span": [121, 122], "annotations": [{"nertag": "O"}]}, {"base_span": [123, 125], "annotations": [{"nertag": "O"}]}, {"base_span": [126, 130], "annotations": [{"nertag": "O"}]}, {"base_span": [131, 135], "annotations": [{"nertag": "O"}]}, {"base_span": [136, 141], "annotations": [{"nertag": "O"}]}, {"base_span": [142, 144], "annotations": [{"nertag": "O"}]}, {"base_span": [145, 149], "annotations": [{"nertag": "O"}]}, {"base_span": [150, 154], "annotations": [{"nertag": "O"}]}, {"base_span": [155, 160], "annotations": [{"nertag": "O"}]}, {"base_span": [161, 167], "annotations": [{"nertag": "O"}]}, {"base_span": [167, 168], "annotations": [{"nertag": "O"}]}, {"base_span": [170, 174], "annotations": [{"nertag": "B-PER"}]}, {"base_span": [175, 180], "annotations": [{"nertag": "I-PER"}]}, {"base_span": [181, 184], "annotations": [{"nertag": "O"}]}, {"base_span": [185, 191], "annotations": [{"nertag": "O"}]}, {"base_span": [192, 196], "annotations": [{"nertag": "O"}]}, {"base_span": [197, 201], "annotations": [{"nertag": "B-PER"}]}, {"base_span": [202, 207], "annotations": [{"nertag": "I-PER"}]}, {"base_span": [208, 213], "annotations": [{"nertag": "O"}]}, {"base_span": [213, 214], "annotations": [{"nertag": "O"}]}, {"base_span": [215, 217], "annotations": [{"nertag": "O"}]}, {"base_span": [219, 225], "annotations": [{"nertag": "O"}]}, {"base_span": [226, 230], "annotations": [{"nertag": "O"}]}, {"base_span": [231, 233], "annotations": [{"nertag": "O"}]}, {"base_span": [234, 237], "annotations": [{"nertag": "O"}]}, {"base_span": [238, 243], "annotations": [{"nertag": "O"}]}, {"base_span": [269, 270], "annotations": [{"nertag": "O"}]}, {"base_span": [271, 274], "annotations": [{"nertag": "O"}]}, {"base_span": [274, 275], "annotations": [{"nertag": "O"}]}, {"base_span": [277, 284], "annotations": [{"nertag": "O"}]}, {"base_span": [285, 287], "annotations": [{"nertag": "O"}]}, {"base_span": [288, 292], "annotations": [{"nertag": "O"}]}, {"base_span": [293, 297], "annotations": [{"nertag": "O"}]}, {"base_span": [329, 330], "annotations": [{"nertag": "O"}]}, {"base_span": [331, 334], "annotations": [{"nertag": "O"}]}, {"base_span": [334, 335], "annotations": [{"nertag": "O"}]}, {"base_span": [337, 343], "annotations": [{"nertag": "O"}]}, {"base_span": [344, 346], "annotations": [{"nertag": "O"}]}, {"base_span": [347, 352], "annotations": [{"nertag": "O"}]}, {"base_span": [353, 354], "annotations": [{"nertag": "O"}]}, {"base_span": [355, 360], "annotations": [{"nertag": "O"}]}, {"base_span": [389, 390], "annotations": [{"nertag": "O"}]}, {"base_span": [391, 394], "annotations": [{"nertag": "O"}]}, {"base_span": [394, 395], "annotations": [{"nertag": "O"}]}, {"base_span": [397, 401], "annotations": [{"nertag": "O"}]}, {"base_span": [402, 408], "annotations": [{"nertag": "O"}]}, {"base_span": [409, 410], "annotations": [{"nertag": "O"}]}, {"base_span": [411, 416], "annotations": [{"nertag": "O"}]}, {"base_span": [417, 421], "annotations": [{"nertag": "O"}]}, {"base_span": [422, 428], "annotations": [{"nertag": "O"}]}, {"base_span": [429, 431], "annotations": [{"nertag": "O"}]}, {"base_span": [432, 434], "annotations": [{"nertag": "O"}]}, {"base_span": [436, 437], "annotations": [{"nertag": "O"}]}, {"base_span": [438, 441], "annotations": [{"nertag": "O"}]}, {"base_span": [441, 442], "annotations": [{"nertag": "O"}]}, {"base_span": [444, 449], "annotations": [{"nertag": "O"}]}, {"base_span": [450, 451], "annotations": [{"nertag": "O"}]}, {"base_span": [452, 457], "annotations": [{"nertag": "O"}]}, {"base_span": [458, 464], "annotations": [{"nertag": "O"}]}, {"base_span": [465, 466], "annotations": [{"nertag": "O"}]}, {"base_span": [466, 467], "annotations": [{"nertag": "O"}]}, {"base_span": [467, 468], "annotations": [{"nertag": "O"}]}, {"base_span": [495, 496], "annotations": [{"nertag": "O"}]}, {"base_span": [497, 500], "annotations": [{"nertag": "O"}]}, {"base_span": [500, 501], "annotations": [{"nertag": "O"}]}, {"base_span": [524, 529], "annotations": [{"nertag": "O"}]}, {"base_span": [564, 566], "annotations": [{"nertag": "O"}]}, {"base_span": [567, 570], "annotations": [{"nertag": "O"}]}, {"base_span": [570, 571], "annotations": [{"nertag": "O"}]}, {"base_span": [573, 578], "annotations": [{"nertag": "B-PER"}]}, {"base_span": [579, 585], "annotations": [{"nertag": "I-PER"}]}, {"base_span": [586, 591], "annotations": [{"nertag": "O"}]}, {"base_span": [592, 594], "annotations": [{"nertag": "O"}]}, {"base_span": [596, 602], "annotations": [{"nertag": "O"}]}, {"base_span": [603, 607], "annotations": [{"nertag": "O"}]}, {"base_span": [608, 610], "annotations": [{"nertag": "O"}]}, {"base_span": [611, 615], "annotations": [{"nertag": "O"}]}, {"base_span": [616, 621], "annotations": [{"nertag": "O"}]}, {"base_span": [644, 645], "annotations": [{"nertag": "O"}]}, {"base_span": [646, 649], "annotations": [{"nertag": "O"}]}, {"base_span": [649, 650], "annotations": [{"nertag": "O"}]}, {"base_span": [652, 659], "annotations": [{"nertag": "O"}]}, {"base_span": [660, 664], "annotations": [{"nertag": "O"}]}, {"base_span": [665, 670], "annotations": [{"nertag": "O"}]}, {"base_span": [706, 707], "annotations": [{"nertag": "O"}]}, {"base_span": [708, 711], "annotations": [{"nertag": "O"}]}, {"base_span": [711, 712], "annotations": [{"nertag": "O"}]}, {"base_span": [714, 721], "annotations": [{"nertag": "O"}]}, {"base_span": [722, 726], "annotations": [{"nertag": "O"}]}, {"base_span": [727, 731], "annotations": [{"nertag": "O"}]}, {"base_span": [732, 737], "annotations": [{"nertag": "O"}]}, {"base_span": [767, 768], "annotations": [{"nertag": "O"}]}, {"base_span": [768, 769], "annotations": [{"nertag": "O"}]}, {"base_span": [770, 772], "annotations": [{"nertag": "O"}]}, {"base_span": [773, 776], "annotations": [{"nertag": "O"}]}, {"base_span": [776, 777], "annotations": [{"nertag": "O"}]}, {"base_span": [779, 783], "annotations": [{"nertag": "O"}]}, {"base_span": [784, 790], "annotations": [{"nertag": "O"}]}, {"base_span": [791, 795], "annotations": [{"nertag": "O"}]}, {"base_span": [796, 800], "annotations": [{"nertag": "O"}]}, {"base_span": [801, 808], "annotations": [{"nertag": "O"}]}, {"base_span": [809, 811], "annotations": [{"nertag": "O"}]}, {"base_span": [812, 817], "annotations": [{"nertag": "O"}]}, {"base_span": [818, 819], "annotations": [{"nertag": "O"}]}, {"base_span": [820, 825], "annotations": [{"nertag": "O"}]}, {"base_span": [825, 826], "annotations": [{"nertag": "O"}]}, {"base_span": [827, 830], "annotations": [{"nertag": "O"}]}, {"base_span": [831, 833], "annotations": [{"nertag": "O"}]}, {"base_span": [834, 838], "annotations": [{"nertag": "O"}]}, {"base_span": [839, 845], "annotations": [{"nertag": "O"}]}, {"base_span": [846, 850], "annotations": [{"nertag": "O"}]}, {"base_span": [851, 858], "annotations": [{"nertag": "O"}]}, {"base_span": [858, 859], "annotations": [{"nertag": "O"}]}, {"base_span": [861, 865], "annotations": [{"nertag": "B-PER"}]}, {"base_span": [866, 872], "annotations": [{"nertag": "I-PER"}]}, {"base_span": [873, 878], "annotations": [{"nertag": "O"}]}, {"base_span": [878, 879], "annotations": [{"nertag": "O"}]}, {"base_span": [880, 882], "annotations": [{"nertag": "O"}]}, {"base_span": [883, 887], "annotations": [{"nertag": "O"}]}, {"base_span": [888, 890], "annotations": [{"nertag": "O"}]}, {"base_span": [891, 893], "annotations": [{"nertag": "O"}]}, {"base_span": [894, 899], "annotations": [{"nertag": "O"}]}, {"base_span": [900, 901], "annotations": [{"nertag": "O"}]}, {"base_span": [902, 907], "annotations": [{"nertag": "O"}]}, {"base_span": [908, 910], "annotations": [{"nertag": "O"}]}, {"base_span": [911, 913], "annotations": [{"nertag": "O"}]}, {"base_span": [914, 915], "annotations": [{"nertag": "O"}]}, {"base_span": [916, 919], "annotations": [{"nertag": "O"}]}, {"base_span": [919, 920], "annotations": [{"nertag": "O"}]}, {"base_span": [921, 923], "annotations": [{"nertag": "O"}]}, {"base_span": [924, 927], "annotations": [{"nertag": "O"}]}, {"base_span": [927, 928], "annotations": [{"nertag": "O"}]}, {"base_span": [930, 935], "annotations": [{"nertag": "B-PER"}]}, {"base_span": [936, 942], "annotations": [{"nertag": "I-PER"}]}, {"base_span": [943, 949], "annotations": [{"nertag": "O"}]}, {"base_span": [950, 955], "annotations": [{"nertag": "O"}]}, {"base_span": [956, 961], "annotations": [{"nertag": "O"}]}, {"base_span": [961, 962], "annotations": [{"nertag": "O"}]}, {"base_span": [963, 965], "annotations": [{"nertag": "O"}]}, {"base_span": [966, 971], "annotations": [{"nertag": "O"}]}, {"base_span": [972, 974], "annotations": [{"nertag": "O"}]}, {"base_span": [975, 978], "annotations": [{"nertag": "O"}]}, {"base_span": [979, 984], "annotations": [{"nertag": "O"}]}, {"base_span": [984, 985], "annotations": [{"nertag": "O"}]}, {"base_span": [987, 994], "annotations": [{"nertag": "O"}]}, {"base_span": [994, 995], "annotations": [{"nertag": "O"}]}, {"base_span": [997, 998], "annotations": [{"nertag": "O"}]}, {"base_span": [998, 1003], "annotations": [{"nertag": "B-PER"}]}, {"base_span": [1004, 1010], "annotations": [{"nertag": "I-PER"}]}, {"base_span": [1011, 1017], "annotations": [{"nertag": "O"}]}, {"base_span": [1018, 1024], "annotations": [{"nertag": "O"}]}, {"base_span": [1025, 1031], "annotations": [{"nertag": "O"}]}, {"base_span": [1031, 1032], "annotations": [{"nertag": "O"}]}, {"base_span": [1033, 1035], "annotations": [{"nertag": "O"}]}, {"base_span": [1036, 1040], "annotations": [{"nertag": "B-PER"}]}, {"base_span": [1041, 1047], "annotations": [{"nertag": "I-PER"}]}, {"base_span": [1048, 1053], "annotations": [{"nertag": "O"}]}, {"base_span": [1054, 1063], "annotations": [{"nertag": "O"}]}, {"base_span": [1064, 1075], "annotations": [{"nertag": "O"}]}, {"base_span": [1076, 1078], "annotations": [{"nertag": "O"}]}, {"base_span": [1079, 1083], "annotations": [{"nertag": "O"}]}, {"base_span": [1084, 1087], "annotations": [{"nertag": "O"}]}, {"base_span": [1088, 1090], "annotations": [{"nertag": "O"}]}, {"base_span": [1091, 1096], "annotations": [{"nertag": "O"}]}, {"base_span": [1096, 1097], "annotations": [{"nertag": "O"}]}, {"base_span": [1097, 1098], "annotations": [{"nertag": "O"}]}, {"base_span": [1100, 1102], "annotations": [{"nertag": "O"}]}, {"base_span": [1103, 1108], "annotations": [{"nertag": "O"}]}, {"base_span": [1109, 1114], "annotations": [{"nertag": "O"}]}, {"base_span": [1115, 1117], "annotations": [{"nertag": "O"}]}, {"base_span": [1118, 1119], "annotations": [{"nertag": "O"}]}, {"base_span": [1119, 1122], "annotations": [{"nertag": "O"}]}, {"base_span": [1123, 1125], "annotations": [{"nertag": "O"}]}, {"base_span": [1126, 1129], "annotations": [{"nertag": "O"}]}, {"base_span": [1130, 1135], "annotations": [{"nertag": "O"}]}, {"base_span": [1136, 1145], "annotations": [{"nertag": "O"}]}, {"base_span": [1146, 1148], "annotations": [{"nertag": "O"}]}, {"base_span": [1149, 1154], "annotations": [{"nertag": "O"}]}, {"base_span": [1155, 1159], "annotations": [{"nertag": "O"}]}, {"base_span": [1160, 1165], "annotations": [{"nertag": "O"}]}, {"base_span": [1166, 1170], "annotations": [{"nertag": "O"}]}, {"base_span": [1170, 1171], "annotations": [{"nertag": "O"}]}, {"base_span": [1173, 1185], "annotations": [{"nertag": "O"}]}, {"base_span": [1185, 1186], "annotations": [{"nertag": "O"}]}, {"base_span": [1187, 1188], "annotations": [{"nertag": "B-PER"}]}, {"base_span": [1188, 1189], "annotations": [{"nertag": "I-PER"}]}, {"base_span": [1190, 1196], "annotations": [{"nertag": "I-PER"}]}, {"base_span": [1197, 1198], "annotations": [{"nertag": "O"}]}, {"base_span": [1198, 1205], "annotations": [{"nertag": "O"}]}, {"base_span": [1205, 1206], "annotations": [{"nertag": "O"}]}, {"base_span": [1208, 1217], "annotations": [{"nertag": "O"}]}, {"base_span": [1217, 1218], "annotations": [{"nertag": "O"}]}, {"base_span": [1219, 1220], "annotations": [{"nertag": "B-PER"}]}, {"base_span": [1220, 1221], "annotations": [{"nertag": "I-PER"}]}, {"base_span": [1222, 1226], "annotations": [{"nertag": "I-PER"}]}, {"base_span": [1227, 1228], "annotations": [{"nertag": "O"}]}, {"base_span": [1228, 1235], "annotations": [{"nertag": "O"}]}, {"base_span": [1235, 1236], "annotations": [{"nertag": "O"}]}, {"base_span": [1238, 1247], "annotations": [{"nertag": "O"}]}, {"base_span": [1247, 1248], "annotations": [{"nertag": "O"}]}, {"base_span": [1249, 1252], "annotations": [{"nertag": "B-PER"}]}, {"base_span": [1253, 1261], "annotations": [{"nertag": "I-PER"}]}, {"base_span": [1262, 1263], "annotations": [{"nertag": "O"}]}, {"base_span": [1263, 1270], "annotations": [{"nertag": "O"}]}, {"base_span": [1270, 1271], "annotations": [{"nertag": "O"}]}, {"base_span": [1273, 1277], "annotations": [{"nertag": "O"}]}, {"base_span": [1277, 1278], "annotations": [{"nertag": "O"}]}, {"base_span": [1279, 1285], "annotations": [{"nertag": "O"}]}, {"base_span": [1286, 1287], "annotations": [{"nertag": "B-PER"}]}, {"base_span": [1287, 1288], "annotations": [{"nertag": "I-PER"}]}, {"base_span": [1289, 1296], "annotations": [{"nertag": "I-PER"}]}]}]}