{"text": "\nEtte tulli Patratsnik Trofim ja kaibas sullane Abram Kikkas ollewat tedda pesnud ja nõwwap 15 rubla nink ollewat tunnistaja Jaan Russ. Abram Kikkas ütles et Padratsnik tahtse minno puga lüwwa nink leije ka minno jo russikaga ja wõtti sis kiwwi ja leije minno kiwwiga nink sis wõtti minna käe kinni. Tunnistaja Jaan Russ ütles wälja et kui minna näije sis seisewa tõinetõist rinnust kini ent lömist ei olle minna nännu.\n\nMõistet: Et tunnistust ei ole, om se kohhus Trofimi kaibust tühjas arwanu.\n\nSe mõistmine om § 773 ja 774 perra kulutedu.\n\nPääkohtumees Jürri Waldmann\n\nKohtumees Tannil Oinas\n\nKohtumees Tannil Purge\n\nKirjotaja /Jõggewa/\n\nWälja sanu sel 1 Webr. 1880.\n\n\n", "meta": {"origin_directory": "vallakohus_neljas/"}, "layers": [{"name": "gold_ner", "attributes": ["nertag"], "parent": null, "enveloping": null, "ambiguous": false, "serialisation_module": null, "meta": {}, "spans": [{"base_span": [23, 29], "annotations": [{"nertag": "PER"}]}, {"base_span": [48, 60], "annotations": [{"nertag": "PER"}]}, {"base_span": [125, 134], "annotations": [{"nertag": "PER"}]}, {"base_span": [136, 148], "annotations": [{"nertag": "PER"}]}, {"base_span": [311, 320], "annotations": [{"nertag": "PER"}]}, {"base_span": [465, 472], "annotations": [{"nertag": "PER"}]}, {"base_span": [556, 570], "annotations": [{"nertag": "PER"}]}, {"base_span": [582, 594], "annotations": [{"nertag": "PER"}]}, {"base_span": [606, 618], "annotations": [{"nertag": "PER"}]}, {"base_span": [631, 638], "annotations": [{"nertag": "PER"}]}]}, {"name": "gold_wordner", "attributes": ["nertag"], "parent": null, "enveloping": null, "ambiguous": false, "serialisation_module": null, "meta": {}, "spans": [{"base_span": [1, 5], "annotations": [{"nertag": "O"}]}, {"base_span": [6, 11], "annotations": [{"nertag": "O"}]}, {"base_span": [12, 22], "annotations": [{"nertag": "O"}]}, {"base_span": [23, 29], "annotations": [{"nertag": "B-PER"}]}, {"base_span": [30, 32], "annotations": [{"nertag": "O"}]}, {"base_span": [33, 39], "annotations": [{"nertag": "O"}]}, {"base_span": [40, 47], "annotations": [{"nertag": "O"}]}, {"base_span": [48, 53], "annotations": [{"nertag": "B-PER"}]}, {"base_span": [54, 60], "annotations": [{"nertag": "I-PER"}]}, {"base_span": [61, 68], "annotations": [{"nertag": "O"}]}, {"base_span": [69, 74], "annotations": [{"nertag": "O"}]}, {"base_span": [75, 81], "annotations": [{"nertag": "O"}]}, {"base_span": [82, 84], "annotations": [{"nertag": "O"}]}, {"base_span": [85, 91], "annotations": [{"nertag": "O"}]}, {"base_span": [92, 94], "annotations": [{"nertag": "O"}]}, {"base_span": [95, 100], "annotations": [{"nertag": "O"}]}, {"base_span": [101, 105], "annotations": [{"nertag": "O"}]}, {"base_span": [106, 113], "annotations": [{"nertag": "O"}]}, {"base_span": [114, 124], "annotations": [{"nertag": "O"}]}, {"base_span": [125, 129], "annotations": [{"nertag": "B-PER"}]}, {"base_span": [130, 134], "annotations": [{"nertag": "I-PER"}]}, {"base_span": [134, 135], "annotations": [{"nertag": "O"}]}, {"base_span": [136, 141], "annotations": [{"nertag": "B-PER"}]}, {"base_span": [142, 148], "annotations": [{"nertag": "I-PER"}]}, {"base_span": [149, 154], "annotations": [{"nertag": "O"}]}, {"base_span": [155, 157], "annotations": [{"nertag": "O"}]}, {"base_span": [158, 168], "annotations": [{"nertag": "O"}]}, {"base_span": [169, 175], "annotations": [{"nertag": "O"}]}, {"base_span": [176, 181], "annotations": [{"nertag": "O"}]}, {"base_span": [182, 186], "annotations": [{"nertag": "O"}]}, {"base_span": [187, 192], "annotations": [{"nertag": "O"}]}, {"base_span": [193, 197], "annotations": [{"nertag": "O"}]}, {"base_span": [198, 203], "annotations": [{"nertag": "O"}]}, {"base_span": [204, 206], "annotations": [{"nertag": "O"}]}, {"base_span": [207, 212], "annotations": [{"nertag": "O"}]}, {"base_span": [213, 215], "annotations": [{"nertag": "O"}]}, {"base_span": [216, 225], "annotations": [{"nertag": "O"}]}, {"base_span": [226, 228], "annotations": [{"nertag": "O"}]}, {"base_span": [229, 234], "annotations": [{"nertag": "O"}]}, {"base_span": [235, 238], "annotations": [{"nertag": "O"}]}, {"base_span": [239, 244], "annotations": [{"nertag": "O"}]}, {"base_span": [245, 247], "annotations": [{"nertag": "O"}]}, {"base_span": [248, 253], "annotations": [{"nertag": "O"}]}, {"base_span": [254, 259], "annotations": [{"nertag": "O"}]}, {"base_span": [260, 267], "annotations": [{"nertag": "O"}]}, {"base_span": [268, 272], "annotations": [{"nertag": "O"}]}, {"base_span": [273, 276], "annotations": [{"nertag": "O"}]}, {"base_span": [277, 282], "annotations": [{"nertag": "O"}]}, {"base_span": [283, 288], "annotations": [{"nertag": "O"}]}, {"base_span": [289, 292], "annotations": [{"nertag": "O"}]}, {"base_span": [293, 298], "annotations": [{"nertag": "O"}]}, {"base_span": [298, 299], "annotations": [{"nertag": "O"}]}, {"base_span": [300, 310], "annotations": [{"nertag": "O"}]}, {"base_span": [311, 315], "annotations": [{"nertag": "B-PER"}]}, {"base_span": [316, 320], "annotations": [{"nertag": "I-PER"}]}, {"base_span": [321, 326], "annotations": [{"nertag": "O"}]}, {"base_span": [327, 332], "annotations": [{"nertag": "O"}]}, {"base_span": [333, 335], "annotations": [{"nertag": "O"}]}, {"base_span": [336, 339], "annotations": [{"nertag": "O"}]}, {"base_span": [340, 345], "annotations": [{"nertag": "O"}]}, {"base_span": [346, 351], "annotations": [{"nertag": "O"}]}, {"base_span": [352, 355], "annotations": [{"nertag": "O"}]}, {"base_span": [356, 363], "annotations": [{"nertag": "O"}]}, {"base_span": [364, 374], "annotations": [{"nertag": "O"}]}, {"base_span": [375, 382], "annotations": [{"nertag": "O"}]}, {"base_span": [383, 387], "annotations": [{"nertag": "O"}]}, {"base_span": [388, 391], "annotations": [{"nertag": "O"}]}, {"base_span": [392, 398], "annotations": [{"nertag": "O"}]}, {"base_span": [399, 401], "annotations": [{"nertag": "O"}]}, {"base_span": [402, 406], "annotations": [{"nertag": "O"}]}, {"base_span": [407, 412], "annotations": [{"nertag": "O"}]}, {"base_span": [413, 418], "annotations": [{"nertag": "O"}]}, {"base_span": [418, 419], "annotations": [{"nertag": "O"}]}, {"base_span": [421, 428], "annotations": [{"nertag": "O"}]}, {"base_span": [428, 429], "annotations": [{"nertag": "O"}]}, {"base_span": [430, 432], "annotations": [{"nertag": "O"}]}, {"base_span": [433, 443], "annotations": [{"nertag": "O"}]}, {"base_span": [444, 446], "annotations": [{"nertag": "O"}]}, {"base_span": [447, 450], "annotations": [{"nertag": "O"}]}, {"base_span": [450, 451], "annotations": [{"nertag": "O"}]}, {"base_span": [452, 454], "annotations": [{"nertag": "O"}]}, {"base_span": [455, 457], "annotations": [{"nertag": "O"}]}, {"base_span": [458, 464], "annotations": [{"nertag": "O"}]}, {"base_span": [465, 472], "annotations": [{"nertag": "B-PER"}]}, {"base_span": [473, 480], "annotations": [{"nertag": "O"}]}, {"base_span": [481, 487], "annotations": [{"nertag": "O"}]}, {"base_span": [488, 494], "annotations": [{"nertag": "O"}]}, {"base_span": [494, 495], "annotations": [{"nertag": "O"}]}, {"base_span": [497, 499], "annotations": [{"nertag": "O"}]}, {"base_span": [500, 509], "annotations": [{"nertag": "O"}]}, {"base_span": [510, 512], "annotations": [{"nertag": "O"}]}, {"base_span": [513, 514], "annotations": [{"nertag": "O"}]}, {"base_span": [515, 518], "annotations": [{"nertag": "O"}]}, {"base_span": [519, 521], "annotations": [{"nertag": "O"}]}, {"base_span": [522, 525], "annotations": [{"nertag": "O"}]}, {"base_span": [526, 531], "annotations": [{"nertag": "O"}]}, {"base_span": [532, 540], "annotations": [{"nertag": "O"}]}, {"base_span": [540, 541], "annotations": [{"nertag": "O"}]}, {"base_span": [543, 555], "annotations": [{"nertag": "O"}]}, {"base_span": [556, 561], "annotations": [{"nertag": "B-PER"}]}, {"base_span": [562, 570], "annotations": [{"nertag": "I-PER"}]}, {"base_span": [572, 581], "annotations": [{"nertag": "O"}]}, {"base_span": [582, 588], "annotations": [{"nertag": "B-PER"}]}, {"base_span": [589, 594], "annotations": [{"nertag": "I-PER"}]}, {"base_span": [596, 605], "annotations": [{"nertag": "O"}]}, {"base_span": [606, 612], "annotations": [{"nertag": "B-PER"}]}, {"base_span": [613, 618], "annotations": [{"nertag": "I-PER"}]}, {"base_span": [620, 629], "annotations": [{"nertag": "O"}]}, {"base_span": [630, 631], "annotations": [{"nertag": "O"}]}, {"base_span": [631, 638], "annotations": [{"nertag": "B-PER"}]}, {"base_span": [638, 639], "annotations": [{"nertag": "O"}]}, {"base_span": [641, 646], "annotations": [{"nertag": "O"}]}, {"base_span": [647, 651], "annotations": [{"nertag": "O"}]}, {"base_span": [652, 655], "annotations": [{"nertag": "O"}]}, {"base_span": [656, 657], "annotations": [{"nertag": "O"}]}, {"base_span": [658, 662], "annotations": [{"nertag": "O"}]}, {"base_span": [662, 663], "annotations": [{"nertag": "O"}]}, {"base_span": [664, 669], "annotations": [{"nertag": "O"}]}]}]}