{"text": "\nKahkwal sel 18 Märzil 1868.\n\nEtte tulli Jakob Hüssi naine Marri ja ütel, et sel 5tal Januaril s.a. om temma mõisa perre tarre man röa jahhu maan leidnu, ja se jahhu tee om treppi piddu ülles lännu ni kauwa kui Writs Parmani tarre ja Writs Parmani welli Jakob om ka neid jahhu kaenu ja ütelnu, et ne selge röa jahhu omma ja om weel omma sõssart wandma nakanu ja ütelnu, kos teije neid jahhu ollete winu.\n\nEtte tulli kubbijas Jürri Lindok ja ütel, et temma ka neid jahhu kaenu olli mes sääl maan olli ollu, et ne selge röa jahhu ollu ja om ka wallitseijale ütelnu, ja perrast Writs Parmani käest küssinu kost temma ne jahhu olli saanu, Writs om ütelnu, et temma allast weske mant põlle pääle pandma, ja Jürri ütel, et temma suuga neid jahhu maitsnu olli et ne selge röa jahhu olluwa.\n\nHendrik Leppind ütel, et Writs Parman om temma käest küssinu kas tarre man lärmi kulit, ja ütelnu minna tõin kül 1/3 wak ossa põllega weske mant, ja ülle põlle werde olli jakku mahha lännu.\n\nKa ütel Hendrik Leppind, et Writs Parman om Dezembri kuul wiinakoa mant kartohwlit põllega henda tarre mannu winu ja sedda om Mihkel Hanson ka nännu.\n\nEtte tulli Gusta Leppind ja ütel, et Dezembri kuul om tedda Writs Parmaniga piretusega Meeksi mõisa sadetu sis om Writs Suure Wirksu külla kohhal hamile mulgu sisse tennu ja säält Kuuksi lännuwa ja sääl jonuwa, sis Puskimäele sääl ka jonuwa ja säält õdagus Meeksi jõudnuwa kui jo pimme om ollu. Aidamees om kül leidnu, et ham om ligge ollu, ent ei olle pimmega mulgu ülles leidnu.\n\nKa kaiwas Mihkel Runing, et Writs Parman minnewa suwwel Tartu linan ütte penni kotti ajanu ja ärra warrastanu.\n\nKubbijas Jürri Lindok kaiwas weel, et Writs Parman om tedda se süggisi pä weddamise man (pesnu) lönu ni et suust ja ninnast werri wälja om tullu, Jürri om tahdnu kohtu ette tulla ent wallitseja ei olle (lasknu) aiga andnu.\n\nTunistaja Hendrik Leppind ütel, et nemma om päid weddanu ja Writsil om hobbene ollu pikkalt ette pantu ja kubbijas om Writsi tõrrelnu ja kui rehhe mannu om jäänuwa om, sis om kubbijas Writsi õllast tõmmanu ja ütelnu, minne töö mannu, sis om Writs kubbijale ni lõiganu, et suust ja nõnnast werri wälja om tullu, ja kui weel kõrda om lönu, sis om kubbijas mahha saddanu.\n\nTunistaja Gusta Leppind ütel ka ni samma kui jo Hendrik kõnnelnu olli.\n\nEt kaibaja kohtu es otsi jä se assi saisma\n\n\n", "meta": {"origin_directory": "vallakohus_neljas/"}, "layers": [{"name": "gold_ner", "attributes": ["nertag"], "parent": null, "enveloping": null, "ambiguous": false, "serialisation_module": null, "meta": {}, "spans": [{"base_span": [1, 8], "annotations": [{"nertag": "LOC"}]}, {"base_span": [41, 52], "annotations": [{"nertag": "PER"}]}, {"base_span": [59, 64], "annotations": [{"nertag": "PER"}]}, {"base_span": [211, 224], "annotations": [{"nertag": "PER"}]}, {"base_span": [234, 247], "annotations": [{"nertag": "PER"}]}, {"base_span": [254, 259], "annotations": [{"nertag": "PER"}]}, {"base_span": [425, 437], "annotations": [{"nertag": "PER"}]}, {"base_span": [575, 588], "annotations": [{"nertag": "PER"}]}, {"base_span": [635, 640], "annotations": [{"nertag": "PER"}]}, {"base_span": [702, 707], "annotations": [{"nertag": "PER"}]}, {"base_span": [784, 799], "annotations": [{"nertag": "PER"}]}, {"base_span": [809, 821], "annotations": [{"nertag": "PER"}]}, {"base_span": [983, 998], "annotations": [{"nertag": "PER"}]}, {"base_span": [1003, 1015], "annotations": [{"nertag": "PER"}]}, {"base_span": [1101, 1114], "annotations": [{"nertag": "PER"}]}, {"base_span": [1137, 1150], "annotations": [{"nertag": "PER"}]}, {"base_span": [1186, 1201], "annotations": [{"nertag": "PER"}]}, {"base_span": [1213, 1225], "annotations": [{"nertag": "LOC_ORG"}]}, {"base_span": [1240, 1245], "annotations": [{"nertag": "PER"}]}, {"base_span": [1246, 1264], "annotations": [{"nertag": "LOC_ORG"}]}, {"base_span": [1306, 1312], "annotations": [{"nertag": "LOC"}]}, {"base_span": [1341, 1351], "annotations": [{"nertag": "LOC"}]}, {"base_span": [1383, 1389], "annotations": [{"nertag": "LOC_ORG"}]}, {"base_span": [1518, 1531], "annotations": [{"nertag": "PER"}]}, {"base_span": [1536, 1548], "annotations": [{"nertag": "PER"}]}, {"base_span": [1564, 1575], "annotations": [{"nertag": "LOC_ORG"}]}, {"base_span": [1629, 1641], "annotations": [{"nertag": "PER"}]}, {"base_span": [1658, 1670], "annotations": [{"nertag": "PER"}]}, {"base_span": [1766, 1771], "annotations": [{"nertag": "PER"}]}, {"base_span": [1854, 1869], "annotations": [{"nertag": "PER"}]}, {"base_span": [1904, 1911], "annotations": [{"nertag": "PER"}]}, {"base_span": [1962, 1968], "annotations": [{"nertag": "PER"}]}, {"base_span": [2028, 2034], "annotations": [{"nertag": "PER"}]}, {"base_span": [2085, 2090], "annotations": [{"nertag": "PER"}]}, {"base_span": [2224, 2237], "annotations": [{"nertag": "PER"}]}, {"base_span": [2262, 2269], "annotations": [{"nertag": "PER"}]}]}, {"name": "gold_wordner", "attributes": ["nertag"], "parent": null, "enveloping": null, "ambiguous": false, "serialisation_module": null, "meta": {}, "spans": [{"base_span": [1, 8], "annotations": [{"nertag": "B-LOC"}]}, {"base_span": [9, 12], "annotations": [{"nertag": "O"}]}, {"base_span": [13, 15], "annotations": [{"nertag": "O"}]}, {"base_span": [16, 22], "annotations": [{"nertag": "O"}]}, {"base_span": [23, 28], "annotations": [{"nertag": "O"}]}, {"base_span": [30, 34], "annotations": [{"nertag": "O"}]}, {"base_span": [35, 40], "annotations": [{"nertag": "O"}]}, {"base_span": [41, 46], "annotations": [{"nertag": "B-PER"}]}, {"base_span": [47, 52], "annotations": [{"nertag": "I-PER"}]}, {"base_span": [53, 58], "annotations": [{"nertag": "O"}]}, {"base_span": [59, 64], "annotations": [{"nertag": "B-PER"}]}, {"base_span": [65, 67], "annotations": [{"nertag": "O"}]}, {"base_span": [68, 72], "annotations": [{"nertag": "O"}]}, {"base_span": [72, 73], "annotations": [{"nertag": "O"}]}, {"base_span": [74, 76], "annotations": [{"nertag": "O"}]}, {"base_span": [77, 80], "annotations": [{"nertag": "O"}]}, {"base_span": [81, 85], "annotations": [{"nertag": "O"}]}, {"base_span": [86, 94], "annotations": [{"nertag": "O"}]}, {"base_span": [95, 96], "annotations": [{"nertag": "O"}]}, {"base_span": [96, 97], "annotations": [{"nertag": "O"}]}, {"base_span": [97, 98], "annotations": [{"nertag": "O"}]}, {"base_span": [98, 99], "annotations": [{"nertag": "O"}]}, {"base_span": [100, 102], "annotations": [{"nertag": "O"}]}, {"base_span": [103, 108], "annotations": [{"nertag": "O"}]}, {"base_span": [109, 114], "annotations": [{"nertag": "O"}]}, {"base_span": [115, 120], "annotations": [{"nertag": "O"}]}, {"base_span": [121, 126], "annotations": [{"nertag": "O"}]}, {"base_span": [127, 130], "annotations": [{"nertag": "O"}]}, {"base_span": [131, 134], "annotations": [{"nertag": "O"}]}, {"base_span": [135, 140], "annotations": [{"nertag": "O"}]}, {"base_span": [141, 145], "annotations": [{"nertag": "O"}]}, {"base_span": [146, 152], "annotations": [{"nertag": "O"}]}, {"base_span": [152, 153], "annotations": [{"nertag": "O"}]}, {"base_span": [154, 156], "annotations": [{"nertag": "O"}]}, {"base_span": [157, 159], "annotations": [{"nertag": "O"}]}, {"base_span": [160, 165], "annotations": [{"nertag": "O"}]}, {"base_span": [166, 169], "annotations": [{"nertag": "O"}]}, {"base_span": [170, 172], "annotations": [{"nertag": "O"}]}, {"base_span": [173, 179], "annotations": [{"nertag": "O"}]}, {"base_span": [180, 185], "annotations": [{"nertag": "O"}]}, {"base_span": [186, 191], "annotations": [{"nertag": "O"}]}, {"base_span": [192, 197], "annotations": [{"nertag": "O"}]}, {"base_span": [198, 200], "annotations": [{"nertag": "O"}]}, {"base_span": [201, 206], "annotations": [{"nertag": "O"}]}, {"base_span": [207, 210], "annotations": [{"nertag": "O"}]}, {"base_span": [211, 216], "annotations": [{"nertag": "B-PER"}]}, {"base_span": [217, 224], "annotations": [{"nertag": "I-PER"}]}, {"base_span": [225, 230], "annotations": [{"nertag": "O"}]}, {"base_span": [231, 233], "annotations": [{"nertag": "O"}]}, {"base_span": [234, 239], "annotations": [{"nertag": "B-PER"}]}, {"base_span": [240, 247], "annotations": [{"nertag": "I-PER"}]}, {"base_span": [248, 253], "annotations": [{"nertag": "O"}]}, {"base_span": [254, 259], "annotations": [{"nertag": "B-PER"}]}, {"base_span": [260, 262], "annotations": [{"nertag": "O"}]}, {"base_span": [263, 265], "annotations": [{"nertag": "O"}]}, {"base_span": [266, 270], "annotations": [{"nertag": "O"}]}, {"base_span": [271, 276], "annotations": [{"nertag": "O"}]}, {"base_span": [277, 282], "annotations": [{"nertag": "O"}]}, {"base_span": [283, 285], "annotations": [{"nertag": "O"}]}, {"base_span": [286, 292], "annotations": [{"nertag": "O"}]}, {"base_span": [292, 293], "annotations": [{"nertag": "O"}]}, {"base_span": [294, 296], "annotations": [{"nertag": "O"}]}, {"base_span": [297, 299], "annotations": [{"nertag": "O"}]}, {"base_span": [300, 305], "annotations": [{"nertag": "O"}]}, {"base_span": [306, 309], "annotations": [{"nertag": "O"}]}, {"base_span": [310, 315], "annotations": [{"nertag": "O"}]}, {"base_span": [316, 320], "annotations": [{"nertag": "O"}]}, {"base_span": [321, 323], "annotations": [{"nertag": "O"}]}, {"base_span": [324, 326], "annotations": [{"nertag": "O"}]}, {"base_span": [327, 331], "annotations": [{"nertag": "O"}]}, {"base_span": [332, 336], "annotations": [{"nertag": "O"}]}, {"base_span": [337, 344], "annotations": [{"nertag": "O"}]}, {"base_span": [345, 351], "annotations": [{"nertag": "O"}]}, {"base_span": [352, 358], "annotations": [{"nertag": "O"}]}, {"base_span": [359, 361], "annotations": [{"nertag": "O"}]}, {"base_span": [362, 368], "annotations": [{"nertag": "O"}]}, {"base_span": [368, 369], "annotations": [{"nertag": "O"}]}, {"base_span": [370, 373], "annotations": [{"nertag": "O"}]}, {"base_span": [374, 379], "annotations": [{"nertag": "O"}]}, {"base_span": [380, 384], "annotations": [{"nertag": "O"}]}, {"base_span": [385, 390], "annotations": [{"nertag": "O"}]}, {"base_span": [391, 397], "annotations": [{"nertag": "O"}]}, {"base_span": [398, 402], "annotations": [{"nertag": "O"}]}, {"base_span": [402, 403], "annotations": [{"nertag": "O"}]}, {"base_span": [405, 409], "annotations": [{"nertag": "O"}]}, {"base_span": [410, 415], "annotations": [{"nertag": "O"}]}, {"base_span": [416, 424], "annotations": [{"nertag": "O"}]}, {"base_span": [425, 430], "annotations": [{"nertag": "B-PER"}]}, {"base_span": [431, 437], "annotations": [{"nertag": "I-PER"}]}, {"base_span": [438, 440], "annotations": [{"nertag": "O"}]}, {"base_span": [441, 445], "annotations": [{"nertag": "O"}]}, {"base_span": [445, 446], "annotations": [{"nertag": "O"}]}, {"base_span": [447, 449], "annotations": [{"nertag": "O"}]}, {"base_span": [450, 455], "annotations": [{"nertag": "O"}]}, {"base_span": [456, 458], "annotations": [{"nertag": "O"}]}, {"base_span": [459, 463], "annotations": [{"nertag": "O"}]}, {"base_span": [464, 469], "annotations": [{"nertag": "O"}]}, {"base_span": [470, 475], "annotations": [{"nertag": "O"}]}, {"base_span": [476, 480], "annotations": [{"nertag": "O"}]}, {"base_span": [481, 484], "annotations": [{"nertag": "O"}]}, {"base_span": [485, 489], "annotations": [{"nertag": "O"}]}, {"base_span": [490, 494], "annotations": [{"nertag": "O"}]}, {"base_span": [495, 499], "annotations": [{"nertag": "O"}]}, {"base_span": [500, 504], "annotations": [{"nertag": "O"}]}, {"base_span": [504, 505], "annotations": [{"nertag": "O"}]}, {"base_span": [506, 508], "annotations": [{"nertag": "O"}]}, {"base_span": [509, 511], "annotations": [{"nertag": "O"}]}, {"base_span": [512, 517], "annotations": [{"nertag": "O"}]}, {"base_span": [518, 521], "annotations": [{"nertag": "O"}]}, {"base_span": [522, 527], "annotations": [{"nertag": "O"}]}, {"base_span": [528, 532], "annotations": [{"nertag": "O"}]}, {"base_span": [533, 535], "annotations": [{"nertag": "O"}]}, {"base_span": [536, 538], "annotations": [{"nertag": "O"}]}, {"base_span": [539, 541], "annotations": [{"nertag": "O"}]}, {"base_span": [542, 555], "annotations": [{"nertag": "O"}]}, {"base_span": [556, 562], "annotations": [{"nertag": "O"}]}, {"base_span": [562, 563], "annotations": [{"nertag": "O"}]}, {"base_span": [564, 566], "annotations": [{"nertag": "O"}]}, {"base_span": [567, 574], "annotations": [{"nertag": "O"}]}, {"base_span": [575, 580], "annotations": [{"nertag": "B-PER"}]}, {"base_span": [581, 588], "annotations": [{"nertag": "I-PER"}]}, {"base_span": [589, 594], "annotations": [{"nertag": "O"}]}, {"base_span": [595, 602], "annotations": [{"nertag": "O"}]}, {"base_span": [603, 607], "annotations": [{"nertag": "O"}]}, {"base_span": [608, 613], "annotations": [{"nertag": "O"}]}, {"base_span": [614, 616], "annotations": [{"nertag": "O"}]}, {"base_span": [617, 622], "annotations": [{"nertag": "O"}]}, {"base_span": [623, 627], "annotations": [{"nertag": "O"}]}, {"base_span": [628, 633], "annotations": [{"nertag": "O"}]}, {"base_span": [633, 634], "annotations": [{"nertag": "O"}]}, {"base_span": [635, 640], "annotations": [{"nertag": "B-PER"}]}, {"base_span": [641, 643], "annotations": [{"nertag": "O"}]}, {"base_span": [644, 650], "annotations": [{"nertag": "O"}]}, {"base_span": [650, 651], "annotations": [{"nertag": "O"}]}, {"base_span": [652, 654], "annotations": [{"nertag": "O"}]}, {"base_span": [655, 660], "annotations": [{"nertag": "O"}]}, {"base_span": [661, 667], "annotations": [{"nertag": "O"}]}, {"base_span": [668, 673], "annotations": [{"nertag": "O"}]}, {"base_span": [674, 678], "annotations": [{"nertag": "O"}]}, {"base_span": [679, 684], "annotations": [{"nertag": "O"}]}, {"base_span": [685, 690], "annotations": [{"nertag": "O"}]}, {"base_span": [691, 697], "annotations": [{"nertag": "O"}]}, {"base_span": [697, 698], "annotations": [{"nertag": "O"}]}, {"base_span": [699, 701], "annotations": [{"nertag": "O"}]}, {"base_span": [702, 707], "annotations": [{"nertag": "B-PER"}]}, {"base_span": [708, 712], "annotations": [{"nertag": "O"}]}, {"base_span": [712, 713], "annotations": [{"nertag": "O"}]}, {"base_span": [714, 716], "annotations": [{"nertag": "O"}]}, {"base_span": [717, 722], "annotations": [{"nertag": "O"}]}, {"base_span": [723, 728], "annotations": [{"nertag": "O"}]}, {"base_span": [729, 733], "annotations": [{"nertag": "O"}]}, {"base_span": [734, 739], "annotations": [{"nertag": "O"}]}, {"base_span": [740, 747], "annotations": [{"nertag": "O"}]}, {"base_span": [748, 752], "annotations": [{"nertag": "O"}]}, {"base_span": [753, 755], "annotations": [{"nertag": "O"}]}, {"base_span": [756, 758], "annotations": [{"nertag": "O"}]}, {"base_span": [759, 764], "annotations": [{"nertag": "O"}]}, {"base_span": [765, 768], "annotations": [{"nertag": "O"}]}, {"base_span": [769, 774], "annotations": [{"nertag": "O"}]}, {"base_span": [775, 781], "annotations": [{"nertag": "O"}]}, {"base_span": [781, 782], "annotations": [{"nertag": "O"}]}, {"base_span": [784, 791], "annotations": [{"nertag": "B-PER"}]}, {"base_span": [792, 799], "annotations": [{"nertag": "I-PER"}]}, {"base_span": [800, 804], "annotations": [{"nertag": "O"}]}, {"base_span": [804, 805], "annotations": [{"nertag": "O"}]}, {"base_span": [806, 808], "annotations": [{"nertag": "O"}]}, {"base_span": [809, 814], "annotations": [{"nertag": "B-PER"}]}, {"base_span": [815, 821], "annotations": [{"nertag": "I-PER"}]}, {"base_span": [822, 824], "annotations": [{"nertag": "O"}]}, {"base_span": [825, 830], "annotations": [{"nertag": "O"}]}, {"base_span": [831, 836], "annotations": [{"nertag": "O"}]}, {"base_span": [837, 844], "annotations": [{"nertag": "O"}]}, {"base_span": [845, 848], "annotations": [{"nertag": "O"}]}, {"base_span": [849, 854], "annotations": [{"nertag": "O"}]}, {"base_span": [855, 858], "annotations": [{"nertag": "O"}]}, {"base_span": [859, 864], "annotations": [{"nertag": "O"}]}, {"base_span": [865, 870], "annotations": [{"nertag": "O"}]}, {"base_span": [870, 871], "annotations": [{"nertag": "O"}]}, {"base_span": [872, 874], "annotations": [{"nertag": "O"}]}, {"base_span": [875, 881], "annotations": [{"nertag": "O"}]}, {"base_span": [882, 887], "annotations": [{"nertag": "O"}]}, {"base_span": [888, 892], "annotations": [{"nertag": "O"}]}, {"base_span": [893, 896], "annotations": [{"nertag": "O"}]}, {"base_span": [897, 898], "annotations": [{"nertag": "O"}]}, {"base_span": [898, 899], "annotations": [{"nertag": "O"}]}, {"base_span": [899, 900], "annotations": [{"nertag": "O"}]}, {"base_span": [901, 904], "annotations": [{"nertag": "O"}]}, {"base_span": [905, 909], "annotations": [{"nertag": "O"}]}, {"base_span": [910, 917], "annotations": [{"nertag": "O"}]}, {"base_span": [918, 923], "annotations": [{"nertag": "O"}]}, {"base_span": [924, 928], "annotations": [{"nertag": "O"}]}, {"base_span": [928, 929], "annotations": [{"nertag": "O"}]}, {"base_span": [930, 932], "annotations": [{"nertag": "O"}]}, {"base_span": [933, 937], "annotations": [{"nertag": "O"}]}, {"base_span": [938, 943], "annotations": [{"nertag": "O"}]}, {"base_span": [944, 949], "annotations": [{"nertag": "O"}]}, {"base_span": [950, 954], "annotations": [{"nertag": "O"}]}, {"base_span": [955, 960], "annotations": [{"nertag": "O"}]}, {"base_span": [961, 966], "annotations": [{"nertag": "O"}]}, {"base_span": [967, 972], "annotations": [{"nertag": "O"}]}, {"base_span": [972, 973], "annotations": [{"nertag": "O"}]}, {"base_span": [975, 977], "annotations": [{"nertag": "O"}]}, {"base_span": [978, 982], "annotations": [{"nertag": "O"}]}, {"base_span": [983, 990], "annotations": [{"nertag": "B-PER"}]}, {"base_span": [991, 998], "annotations": [{"nertag": "I-PER"}]}, {"base_span": [998, 999], "annotations": [{"nertag": "O"}]}, {"base_span": [1000, 1002], "annotations": [{"nertag": "O"}]}, {"base_span": [1003, 1008], "annotations": [{"nertag": "B-PER"}]}, {"base_span": [1009, 1015], "annotations": [{"nertag": "I-PER"}]}, {"base_span": [1016, 1018], "annotations": [{"nertag": "O"}]}, {"base_span": [1019, 1027], "annotations": [{"nertag": "O"}]}, {"base_span": [1028, 1032], "annotations": [{"nertag": "O"}]}, {"base_span": [1033, 1041], "annotations": [{"nertag": "O"}]}, {"base_span": [1042, 1046], "annotations": [{"nertag": "O"}]}, {"base_span": [1047, 1057], "annotations": [{"nertag": "O"}]}, {"base_span": [1058, 1065], "annotations": [{"nertag": "O"}]}, {"base_span": [1066, 1071], "annotations": [{"nertag": "O"}]}, {"base_span": [1072, 1077], "annotations": [{"nertag": "O"}]}, {"base_span": [1078, 1083], "annotations": [{"nertag": "O"}]}, {"base_span": [1084, 1088], "annotations": [{"nertag": "O"}]}, {"base_span": [1089, 1091], "annotations": [{"nertag": "O"}]}, {"base_span": [1092, 1097], "annotations": [{"nertag": "O"}]}, {"base_span": [1098, 1100], "annotations": [{"nertag": "O"}]}, {"base_span": [1101, 1107], "annotations": [{"nertag": "B-PER"}]}, {"base_span": [1108, 1114], "annotations": [{"nertag": "I-PER"}]}, {"base_span": [1115, 1117], "annotations": [{"nertag": "O"}]}, {"base_span": [1118, 1123], "annotations": [{"nertag": "O"}]}, {"base_span": [1123, 1124], "annotations": [{"nertag": "O"}]}, {"base_span": [1126, 1130], "annotations": [{"nertag": "O"}]}, {"base_span": [1131, 1136], "annotations": [{"nertag": "O"}]}, {"base_span": [1137, 1142], "annotations": [{"nertag": "B-PER"}]}, {"base_span": [1143, 1150], "annotations": [{"nertag": "I-PER"}]}, {"base_span": [1151, 1153], "annotations": [{"nertag": "O"}]}, {"base_span": [1154, 1158], "annotations": [{"nertag": "O"}]}, {"base_span": [1158, 1159], "annotations": [{"nertag": "O"}]}, {"base_span": [1160, 1162], "annotations": [{"nertag": "O"}]}, {"base_span": [1163, 1171], "annotations": [{"nertag": "O"}]}, {"base_span": [1172, 1176], "annotations": [{"nertag": "O"}]}, {"base_span": [1177, 1179], "annotations": [{"nertag": "O"}]}, {"base_span": [1180, 1185], "annotations": [{"nertag": "O"}]}, {"base_span": [1186, 1191], "annotations": [{"nertag": "B-PER"}]}, {"base_span": [1192, 1201], "annotations": [{"nertag": "I-PER"}]}, {"base_span": [1202, 1212], "annotations": [{"nertag": "O"}]}, {"base_span": [1213, 1219], "annotations": [{"nertag": "B-LOC_ORG"}]}, {"base_span": [1220, 1225], "annotations": [{"nertag": "I-LOC_ORG"}]}, {"base_span": [1226, 1232], "annotations": [{"nertag": "O"}]}, {"base_span": [1233, 1236], "annotations": [{"nertag": "O"}]}, {"base_span": [1237, 1239], "annotations": [{"nertag": "O"}]}, {"base_span": [1240, 1245], "annotations": [{"nertag": "B-PER"}]}, {"base_span": [1246, 1251], "annotations": [{"nertag": "B-LOC_ORG"}]}, {"base_span": [1252, 1258], "annotations": [{"nertag": "I-LOC_ORG"}]}, {"base_span": [1259, 1264], "annotations": [{"nertag": "I-LOC_ORG"}]}, {"base_span": [1265, 1271], "annotations": [{"nertag": "O"}]}, {"base_span": [1272, 1278], "annotations": [{"nertag": "O"}]}, {"base_span": [1279, 1284], "annotations": [{"nertag": "O"}]}, {"base_span": [1285, 1290], "annotations": [{"nertag": "O"}]}, {"base_span": [1291, 1296], "annotations": [{"nertag": "O"}]}, {"base_span": [1297, 1299], "annotations": [{"nertag": "O"}]}, {"base_span": [1300, 1305], "annotations": [{"nertag": "O"}]}, {"base_span": [1306, 1312], "annotations": [{"nertag": "B-LOC"}]}, {"base_span": [1313, 1320], "annotations": [{"nertag": "O"}]}, {"base_span": [1321, 1323], "annotations": [{"nertag": "O"}]}, {"base_span": [1324, 1328], "annotations": [{"nertag": "O"}]}, {"base_span": [1329, 1335], "annotations": [{"nertag": "O"}]}, {"base_span": [1335, 1336], "annotations": [{"nertag": "O"}]}, {"base_span": [1337, 1340], "annotations": [{"nertag": "O"}]}, {"base_span": [1341, 1351], "annotations": [{"nertag": "B-LOC"}]}, {"base_span": [1352, 1356], "annotations": [{"nertag": "O"}]}, {"base_span": [1357, 1359], "annotations": [{"nertag": "O"}]}, {"base_span": [1360, 1366], "annotations": [{"nertag": "O"}]}, {"base_span": [1367, 1369], "annotations": [{"nertag": "O"}]}, {"base_span": [1370, 1375], "annotations": [{"nertag": "O"}]}, {"base_span": [1376, 1382], "annotations": [{"nertag": "O"}]}, {"base_span": [1383, 1389], "annotations": [{"nertag": "B-LOC_ORG"}]}, {"base_span": [1390, 1398], "annotations": [{"nertag": "O"}]}, {"base_span": [1399, 1402], "annotations": [{"nertag": "O"}]}, {"base_span": [1403, 1405], "annotations": [{"nertag": "O"}]}, {"base_span": [1406, 1411], "annotations": [{"nertag": "O"}]}, {"base_span": [1412, 1414], "annotations": [{"nertag": "O"}]}, {"base_span": [1415, 1419], "annotations": [{"nertag": "O"}]}, {"base_span": [1419, 1420], "annotations": [{"nertag": "O"}]}, {"base_span": [1421, 1429], "annotations": [{"nertag": "O"}]}, {"base_span": [1430, 1432], "annotations": [{"nertag": "O"}]}, {"base_span": [1433, 1436], "annotations": [{"nertag": "O"}]}, {"base_span": [1437, 1443], "annotations": [{"nertag": "O"}]}, {"base_span": [1443, 1444], "annotations": [{"nertag": "O"}]}, {"base_span": [1445, 1447], "annotations": [{"nertag": "O"}]}, {"base_span": [1448, 1451], "annotations": [{"nertag": "O"}]}, {"base_span": [1452, 1454], "annotations": [{"nertag": "O"}]}, {"base_span": [1455, 1460], "annotations": [{"nertag": "O"}]}, {"base_span": [1461, 1465], "annotations": [{"nertag": "O"}]}, {"base_span": [1465, 1466], "annotations": [{"nertag": "O"}]}, {"base_span": [1467, 1470], "annotations": [{"nertag": "O"}]}, {"base_span": [1471, 1473], "annotations": [{"nertag": "O"}]}, {"base_span": [1474, 1478], "annotations": [{"nertag": "O"}]}, {"base_span": [1479, 1486], "annotations": [{"nertag": "O"}]}, {"base_span": [1487, 1492], "annotations": [{"nertag": "O"}]}, {"base_span": [1493, 1498], "annotations": [{"nertag": "O"}]}, {"base_span": [1499, 1505], "annotations": [{"nertag": "O"}]}, {"base_span": [1505, 1506], "annotations": [{"nertag": "O"}]}, {"base_span": [1508, 1510], "annotations": [{"nertag": "O"}]}, {"base_span": [1511, 1517], "annotations": [{"nertag": "O"}]}, {"base_span": [1518, 1524], "annotations": [{"nertag": "B-PER"}]}, {"base_span": [1525, 1531], "annotations": [{"nertag": "I-PER"}]}, {"base_span": [1531, 1532], "annotations": [{"nertag": "O"}]}, {"base_span": [1533, 1535], "annotations": [{"nertag": "O"}]}, {"base_span": [1536, 1541], "annotations": [{"nertag": "B-PER"}]}, {"base_span": [1542, 1548], "annotations": [{"nertag": "I-PER"}]}, {"base_span": [1549, 1556], "annotations": [{"nertag": "O"}]}, {"base_span": [1557, 1563], "annotations": [{"nertag": "O"}]}, {"base_span": [1564, 1569], "annotations": [{"nertag": "B-LOC_ORG"}]}, {"base_span": [1570, 1575], "annotations": [{"nertag": "I-LOC_ORG"}]}, {"base_span": [1576, 1580], "annotations": [{"nertag": "O"}]}, {"base_span": [1581, 1586], "annotations": [{"nertag": "O"}]}, {"base_span": [1587, 1592], "annotations": [{"nertag": "O"}]}, {"base_span": [1593, 1598], "annotations": [{"nertag": "O"}]}, {"base_span": [1599, 1601], "annotations": [{"nertag": "O"}]}, {"base_span": [1602, 1606], "annotations": [{"nertag": "O"}]}, {"base_span": [1607, 1617], "annotations": [{"nertag": "O"}]}, {"base_span": [1617, 1618], "annotations": [{"nertag": "O"}]}, {"base_span": [1620, 1628], "annotations": [{"nertag": "O"}]}, {"base_span": [1629, 1634], "annotations": [{"nertag": "B-PER"}]}, {"base_span": [1635, 1641], "annotations": [{"nertag": "I-PER"}]}, {"base_span": [1642, 1648], "annotations": [{"nertag": "O"}]}, {"base_span": [1649, 1653], "annotations": [{"nertag": "O"}]}, {"base_span": [1653, 1654], "annotations": [{"nertag": "O"}]}, {"base_span": [1655, 1657], "annotations": [{"nertag": "O"}]}, {"base_span": [1658, 1663], "annotations": [{"nertag": "B-PER"}]}, {"base_span": [1664, 1670], "annotations": [{"nertag": "I-PER"}]}, {"base_span": [1671, 1673], "annotations": [{"nertag": "O"}]}, {"base_span": [1674, 1679], "annotations": [{"nertag": "O"}]}, {"base_span": [1680, 1682], "annotations": [{"nertag": "O"}]}, {"base_span": [1683, 1690], "annotations": [{"nertag": "O"}]}, {"base_span": [1691, 1693], "annotations": [{"nertag": "O"}]}, {"base_span": [1694, 1703], "annotations": [{"nertag": "O"}]}, {"base_span": [1704, 1707], "annotations": [{"nertag": "O"}]}, {"base_span": [1708, 1709], "annotations": [{"nertag": "O"}]}, {"base_span": [1709, 1714], "annotations": [{"nertag": "O"}]}, {"base_span": [1714, 1715], "annotations": [{"nertag": "O"}]}, {"base_span": [1716, 1720], "annotations": [{"nertag": "O"}]}, {"base_span": [1721, 1723], "annotations": [{"nertag": "O"}]}, {"base_span": [1724, 1726], "annotations": [{"nertag": "O"}]}, {"base_span": [1727, 1732], "annotations": [{"nertag": "O"}]}, {"base_span": [1733, 1735], "annotations": [{"nertag": "O"}]}, {"base_span": [1736, 1743], "annotations": [{"nertag": "O"}]}, {"base_span": [1744, 1749], "annotations": [{"nertag": "O"}]}, {"base_span": [1750, 1755], "annotations": [{"nertag": "O"}]}, {"base_span": [1756, 1758], "annotations": [{"nertag": "O"}]}, {"base_span": [1759, 1764], "annotations": [{"nertag": "O"}]}, {"base_span": [1764, 1765], "annotations": [{"nertag": "O"}]}, {"base_span": [1766, 1771], "annotations": [{"nertag": "B-PER"}]}, {"base_span": [1772, 1774], "annotations": [{"nertag": "O"}]}, {"base_span": [1775, 1781], "annotations": [{"nertag": "O"}]}, {"base_span": [1782, 1787], "annotations": [{"nertag": "O"}]}, {"base_span": [1788, 1792], "annotations": [{"nertag": "O"}]}, {"base_span": [1793, 1798], "annotations": [{"nertag": "O"}]}, {"base_span": [1799, 1802], "annotations": [{"nertag": "O"}]}, {"base_span": [1803, 1813], "annotations": [{"nertag": "O"}]}, {"base_span": [1814, 1816], "annotations": [{"nertag": "O"}]}, {"base_span": [1817, 1821], "annotations": [{"nertag": "O"}]}, {"base_span": [1822, 1823], "annotations": [{"nertag": "O"}]}, {"base_span": [1823, 1829], "annotations": [{"nertag": "O"}]}, {"base_span": [1829, 1830], "annotations": [{"nertag": "O"}]}, {"base_span": [1831, 1835], "annotations": [{"nertag": "O"}]}, {"base_span": [1836, 1841], "annotations": [{"nertag": "O"}]}, {"base_span": [1841, 1842], "annotations": [{"nertag": "O"}]}, {"base_span": [1844, 1853], "annotations": [{"nertag": "O"}]}, {"base_span": [1854, 1861], "annotations": [{"nertag": "B-PER"}]}, {"base_span": [1862, 1869], "annotations": [{"nertag": "I-PER"}]}, {"base_span": [1870, 1874], "annotations": [{"nertag": "O"}]}, {"base_span": [1874, 1875], "annotations": [{"nertag": "O"}]}, {"base_span": [1876, 1878], "annotations": [{"nertag": "O"}]}, {"base_span": [1879, 1884], "annotations": [{"nertag": "O"}]}, {"base_span": [1885, 1887], "annotations": [{"nertag": "O"}]}, {"base_span": [1888, 1892], "annotations": [{"nertag": "O"}]}, {"base_span": [1893, 1900], "annotations": [{"nertag": "O"}]}, {"base_span": [1901, 1903], "annotations": [{"nertag": "O"}]}, {"base_span": [1904, 1911], "annotations": [{"nertag": "B-PER"}]}, {"base_span": [1912, 1914], "annotations": [{"nertag": "O"}]}, {"base_span": [1915, 1922], "annotations": [{"nertag": "O"}]}, {"base_span": [1923, 1927], "annotations": [{"nertag": "O"}]}, {"base_span": [1928, 1935], "annotations": [{"nertag": "O"}]}, {"base_span": [1936, 1940], "annotations": [{"nertag": "O"}]}, {"base_span": [1941, 1946], "annotations": [{"nertag": "O"}]}, {"base_span": [1947, 1949], "annotations": [{"nertag": "O"}]}, {"base_span": [1950, 1958], "annotations": [{"nertag": "O"}]}, {"base_span": [1959, 1961], "annotations": [{"nertag": "O"}]}, {"base_span": [1962, 1968], "annotations": [{"nertag": "B-PER"}]}, {"base_span": [1969, 1977], "annotations": [{"nertag": "O"}]}, {"base_span": [1978, 1980], "annotations": [{"nertag": "O"}]}, {"base_span": [1981, 1984], "annotations": [{"nertag": "O"}]}, {"base_span": [1985, 1990], "annotations": [{"nertag": "O"}]}, {"base_span": [1991, 1996], "annotations": [{"nertag": "O"}]}, {"base_span": [1997, 1999], "annotations": [{"nertag": "O"}]}, {"base_span": [2000, 2007], "annotations": [{"nertag": "O"}]}, {"base_span": [2008, 2010], "annotations": [{"nertag": "O"}]}, {"base_span": [2010, 2011], "annotations": [{"nertag": "O"}]}, {"base_span": [2012, 2015], "annotations": [{"nertag": "O"}]}, {"base_span": [2016, 2018], "annotations": [{"nertag": "O"}]}, {"base_span": [2019, 2027], "annotations": [{"nertag": "O"}]}, {"base_span": [2028, 2034], "annotations": [{"nertag": "B-PER"}]}, {"base_span": [2035, 2041], "annotations": [{"nertag": "O"}]}, {"base_span": [2042, 2049], "annotations": [{"nertag": "O"}]}, {"base_span": [2050, 2052], "annotations": [{"nertag": "O"}]}, {"base_span": [2053, 2059], "annotations": [{"nertag": "O"}]}, {"base_span": [2059, 2060], "annotations": [{"nertag": "O"}]}, {"base_span": [2061, 2066], "annotations": [{"nertag": "O"}]}, {"base_span": [2067, 2070], "annotations": [{"nertag": "O"}]}, {"base_span": [2071, 2076], "annotations": [{"nertag": "O"}]}, {"base_span": [2076, 2077], "annotations": [{"nertag": "O"}]}, {"base_span": [2078, 2081], "annotations": [{"nertag": "O"}]}, {"base_span": [2082, 2084], "annotations": [{"nertag": "O"}]}, {"base_span": [2085, 2090], "annotations": [{"nertag": "B-PER"}]}, {"base_span": [2091, 2100], "annotations": [{"nertag": "O"}]}, {"base_span": [2101, 2103], "annotations": [{"nertag": "O"}]}, {"base_span": [2104, 2111], "annotations": [{"nertag": "O"}]}, {"base_span": [2111, 2112], "annotations": [{"nertag": "O"}]}, {"base_span": [2113, 2115], "annotations": [{"nertag": "O"}]}, {"base_span": [2116, 2121], "annotations": [{"nertag": "O"}]}, {"base_span": [2122, 2124], "annotations": [{"nertag": "O"}]}, {"base_span": [2125, 2132], "annotations": [{"nertag": "O"}]}, {"base_span": [2133, 2138], "annotations": [{"nertag": "O"}]}, {"base_span": [2139, 2144], "annotations": [{"nertag": "O"}]}, {"base_span": [2145, 2147], "annotations": [{"nertag": "O"}]}, {"base_span": [2148, 2153], "annotations": [{"nertag": "O"}]}, {"base_span": [2153, 2154], "annotations": [{"nertag": "O"}]}, {"base_span": [2155, 2157], "annotations": [{"nertag": "O"}]}, {"base_span": [2158, 2161], "annotations": [{"nertag": "O"}]}, {"base_span": [2162, 2166], "annotations": [{"nertag": "O"}]}, {"base_span": [2167, 2172], "annotations": [{"nertag": "O"}]}, {"base_span": [2173, 2175], "annotations": [{"nertag": "O"}]}, {"base_span": [2176, 2180], "annotations": [{"nertag": "O"}]}, {"base_span": [2180, 2181], "annotations": [{"nertag": "O"}]}, {"base_span": [2182, 2185], "annotations": [{"nertag": "O"}]}, {"base_span": [2186, 2188], "annotations": [{"nertag": "O"}]}, {"base_span": [2189, 2197], "annotations": [{"nertag": "O"}]}, {"base_span": [2198, 2203], "annotations": [{"nertag": "O"}]}, {"base_span": [2204, 2211], "annotations": [{"nertag": "O"}]}, {"base_span": [2211, 2212], "annotations": [{"nertag": "O"}]}, {"base_span": [2214, 2223], "annotations": [{"nertag": "O"}]}, {"base_span": [2224, 2229], "annotations": [{"nertag": "B-PER"}]}, {"base_span": [2230, 2237], "annotations": [{"nertag": "I-PER"}]}, {"base_span": [2238, 2242], "annotations": [{"nertag": "O"}]}, {"base_span": [2243, 2245], "annotations": [{"nertag": "O"}]}, {"base_span": [2246, 2248], "annotations": [{"nertag": "O"}]}, {"base_span": [2249, 2254], "annotations": [{"nertag": "O"}]}, {"base_span": [2255, 2258], "annotations": [{"nertag": "O"}]}, {"base_span": [2259, 2261], "annotations": [{"nertag": "O"}]}, {"base_span": [2262, 2269], "annotations": [{"nertag": "B-PER"}]}, {"base_span": [2270, 2278], "annotations": [{"nertag": "O"}]}, {"base_span": [2279, 2283], "annotations": [{"nertag": "O"}]}, {"base_span": [2283, 2284], "annotations": [{"nertag": "O"}]}, {"base_span": [2286, 2288], "annotations": [{"nertag": "O"}]}, {"base_span": [2289, 2296], "annotations": [{"nertag": "O"}]}, {"base_span": [2297, 2302], "annotations": [{"nertag": "O"}]}, {"base_span": [2303, 2305], "annotations": [{"nertag": "O"}]}, {"base_span": [2306, 2310], "annotations": [{"nertag": "O"}]}, {"base_span": [2311, 2313], "annotations": [{"nertag": "O"}]}, {"base_span": [2314, 2316], "annotations": [{"nertag": "O"}]}, {"base_span": [2317, 2321], "annotations": [{"nertag": "O"}]}, {"base_span": [2322, 2328], "annotations": [{"nertag": "O"}]}]}]}