{"text": "\nKaiserlikko  Willandi silla kohto kaesso peale peawat 24mal selle kuust sadik olstre walla peale 6 Soldadet korteresama pantat ja 15 Krono hobbostele karja ehk soedamaed sama antut, sai sies selle ülle nau peetut ja\n\nKaesti: Et ne hobbosed ja mehhed sel wisil sawat jaggatut et\n\nJurrimatsi\n   Jaan Lanel\n   1 mees ja\n   3 hobbosed\n  \n\n  \"\n   Andres Pertma\n   1 \"  \"\n   3  \"\n  \n\nKoigo\n   Jaan Koik\n   1 \"  \"\n   3  \"\n  \n\nWeske\n   Johan Ritson\n   1 \"  \"\n   3  \"\n  \n\n  \"\n   Peter Wesk\n   1 \"  \"\n   \n  \n\nKumpose\n   Peter Jaanson\n   1 \"  \"\n   \n  \n\npeawat körtere wötma ja soedamad hobbostele juhhatama, kui nemad agga kanemene seia seisma saiwat peawat 4 naedala perast teiste tallote sisse sama pantut.\n\nSoldatil peab Kohto kaesso järrel enda leib ollema, körwalest on neil agga sealt anda kus and körteres on. On agga nende perremestel ley on hobbosete karjamad anda ja Soldatele körwalest, peab sees körwalest nende tallote pealt kus karjamad ei olle kokko sama woetut ja nendele keta anda kus ne Soldatid korteres on.\n\nJohan Moks +++\n\nPea kohtomees\n\n\n", "meta": {"origin_directory": "vallakohus_teine/"}, "layers": [{"name": "gold_ner", "attributes": ["nertag"], "parent": null, "enveloping": null, "ambiguous": false, "serialisation_module": null, "meta": {}, "spans": [{"base_span": [1, 34], "annotations": [{"nertag": "ORG"}]}, {"base_span": [79, 91], "annotations": [{"nertag": "LOC_ORG"}]}, {"base_span": [280, 290], "annotations": [{"nertag": "LOC_ORG"}]}, {"base_span": [294, 304], "annotations": [{"nertag": "PER"}]}, {"base_span": [343, 356], "annotations": [{"nertag": "PER"}]}, {"base_span": [379, 384], "annotations": [{"nertag": "LOC_ORG"}]}, {"base_span": [388, 397], "annotations": [{"nertag": "PER"}]}, {"base_span": [420, 425], "annotations": [{"nertag": "LOC_ORG"}]}, {"base_span": [429, 441], "annotations": [{"nertag": "PER"}]}, {"base_span": [471, 481], "annotations": [{"nertag": "PER"}]}, {"base_span": [500, 507], "annotations": [{"nertag": "LOC_ORG"}]}, {"base_span": [511, 524], "annotations": [{"nertag": "PER"}]}, {"base_span": [1018, 1028], "annotations": [{"nertag": "PER"}]}]}, {"name": "gold_wordner", "attributes": ["nertag"], "parent": null, "enveloping": null, "ambiguous": false, "serialisation_module": null, "meta": {}, "spans": [{"base_span": [1, 12], "annotations": [{"nertag": "B-ORG"}]}, {"base_span": [14, 22], "annotations": [{"nertag": "I-ORG"}]}, {"base_span": [23, 28], "annotations": [{"nertag": "I-ORG"}]}, {"base_span": [29, 34], "annotations": [{"nertag": "I-ORG"}]}, {"base_span": [35, 41], "annotations": [{"nertag": "O"}]}, {"base_span": [42, 47], "annotations": [{"nertag": "O"}]}, {"base_span": [48, 54], "annotations": [{"nertag": "O"}]}, {"base_span": [55, 60], "annotations": [{"nertag": "O"}]}, {"base_span": [61, 66], "annotations": [{"nertag": "O"}]}, {"base_span": [67, 72], "annotations": [{"nertag": "O"}]}, {"base_span": [73, 78], "annotations": [{"nertag": "O"}]}, {"base_span": [79, 85], "annotations": [{"nertag": "B-LOC_ORG"}]}, {"base_span": [86, 91], "annotations": [{"nertag": "I-LOC_ORG"}]}, {"base_span": [92, 97], "annotations": [{"nertag": "O"}]}, {"base_span": [98, 99], "annotations": [{"nertag": "O"}]}, {"base_span": [100, 108], "annotations": [{"nertag": "O"}]}, {"base_span": [109, 120], "annotations": [{"nertag": "O"}]}, {"base_span": [121, 127], "annotations": [{"nertag": "O"}]}, {"base_span": [128, 130], "annotations": [{"nertag": "O"}]}, {"base_span": [131, 133], "annotations": [{"nertag": "O"}]}, {"base_span": [134, 139], "annotations": [{"nertag": "O"}]}, {"base_span": [140, 150], "annotations": [{"nertag": "O"}]}, {"base_span": [151, 156], "annotations": [{"nertag": "O"}]}, {"base_span": [157, 160], "annotations": [{"nertag": "O"}]}, {"base_span": [161, 170], "annotations": [{"nertag": "O"}]}, {"base_span": [171, 175], "annotations": [{"nertag": "O"}]}, {"base_span": [176, 181], "annotations": [{"nertag": "O"}]}, {"base_span": [181, 182], "annotations": [{"nertag": "O"}]}, {"base_span": [183, 186], "annotations": [{"nertag": "O"}]}, {"base_span": [187, 191], "annotations": [{"nertag": "O"}]}, {"base_span": [192, 197], "annotations": [{"nertag": "O"}]}, {"base_span": [198, 202], "annotations": [{"nertag": "O"}]}, {"base_span": [203, 206], "annotations": [{"nertag": "O"}]}, {"base_span": [207, 213], "annotations": [{"nertag": "O"}]}, {"base_span": [214, 216], "annotations": [{"nertag": "O"}]}, {"base_span": [218, 224], "annotations": [{"nertag": "O"}]}, {"base_span": [224, 225], "annotations": [{"nertag": "O"}]}, {"base_span": [226, 228], "annotations": [{"nertag": "O"}]}, {"base_span": [229, 231], "annotations": [{"nertag": "O"}]}, {"base_span": [232, 240], "annotations": [{"nertag": "O"}]}, {"base_span": [241, 243], "annotations": [{"nertag": "O"}]}, {"base_span": [244, 250], "annotations": [{"nertag": "O"}]}, {"base_span": [251, 254], "annotations": [{"nertag": "O"}]}, {"base_span": [255, 260], "annotations": [{"nertag": "O"}]}, {"base_span": [261, 266], "annotations": [{"nertag": "O"}]}, {"base_span": [267, 275], "annotations": [{"nertag": "O"}]}, {"base_span": [276, 278], "annotations": [{"nertag": "O"}]}, {"base_span": [280, 290], "annotations": [{"nertag": "B-LOC_ORG"}]}, {"base_span": [294, 298], "annotations": [{"nertag": "B-PER"}]}, {"base_span": [299, 304], "annotations": [{"nertag": "I-PER"}]}, {"base_span": [308, 309], "annotations": [{"nertag": "O"}]}, {"base_span": [310, 314], "annotations": [{"nertag": "O"}]}, {"base_span": [315, 317], "annotations": [{"nertag": "O"}]}, {"base_span": [321, 322], "annotations": [{"nertag": "O"}]}, {"base_span": [323, 331], "annotations": [{"nertag": "O"}]}, {"base_span": [338, 339], "annotations": [{"nertag": "O"}]}, {"base_span": [343, 349], "annotations": [{"nertag": "B-PER"}]}, {"base_span": [350, 356], "annotations": [{"nertag": "I-PER"}]}, {"base_span": [360, 361], "annotations": [{"nertag": "O"}]}, {"base_span": [362, 363], "annotations": [{"nertag": "O"}]}, {"base_span": [365, 366], "annotations": [{"nertag": "O"}]}, {"base_span": [370, 371], "annotations": [{"nertag": "O"}]}, {"base_span": [373, 374], "annotations": [{"nertag": "O"}]}, {"base_span": [379, 384], "annotations": [{"nertag": "B-LOC_ORG"}]}, {"base_span": [388, 392], "annotations": [{"nertag": "B-PER"}]}, {"base_span": [393, 397], "annotations": [{"nertag": "I-PER"}]}, {"base_span": [401, 402], "annotations": [{"nertag": "O"}]}, {"base_span": [403, 404], "annotations": [{"nertag": "O"}]}, {"base_span": [406, 407], "annotations": [{"nertag": "O"}]}, {"base_span": [411, 412], "annotations": [{"nertag": "O"}]}, {"base_span": [414, 415], "annotations": [{"nertag": "O"}]}, {"base_span": [420, 425], "annotations": [{"nertag": "B-LOC_ORG"}]}, {"base_span": [429, 434], "annotations": [{"nertag": "B-PER"}]}, {"base_span": [435, 441], "annotations": [{"nertag": "I-PER"}]}, {"base_span": [445, 446], "annotations": [{"nertag": "O"}]}, {"base_span": [447, 448], "annotations": [{"nertag": "O"}]}, {"base_span": [450, 451], "annotations": [{"nertag": "O"}]}, {"base_span": [455, 456], "annotations": [{"nertag": "O"}]}, {"base_span": [458, 459], "annotations": [{"nertag": "O"}]}, {"base_span": [466, 467], "annotations": [{"nertag": "O"}]}, {"base_span": [471, 476], "annotations": [{"nertag": "B-PER"}]}, {"base_span": [477, 481], "annotations": [{"nertag": "I-PER"}]}, {"base_span": [485, 486], "annotations": [{"nertag": "O"}]}, {"base_span": [487, 488], "annotations": [{"nertag": "O"}]}, {"base_span": [490, 491], "annotations": [{"nertag": "O"}]}, {"base_span": [500, 507], "annotations": [{"nertag": "B-LOC_ORG"}]}, {"base_span": [511, 516], "annotations": [{"nertag": "B-PER"}]}, {"base_span": [517, 524], "annotations": [{"nertag": "I-PER"}]}, {"base_span": [528, 529], "annotations": [{"nertag": "O"}]}, {"base_span": [530, 531], "annotations": [{"nertag": "O"}]}, {"base_span": [533, 534], "annotations": [{"nertag": "O"}]}, {"base_span": [543, 549], "annotations": [{"nertag": "O"}]}, {"base_span": [550, 557], "annotations": [{"nertag": "O"}]}, {"base_span": [558, 563], "annotations": [{"nertag": "O"}]}, {"base_span": [564, 566], "annotations": [{"nertag": "O"}]}, {"base_span": [567, 575], "annotations": [{"nertag": "O"}]}, {"base_span": [576, 586], "annotations": [{"nertag": "O"}]}, {"base_span": [587, 596], "annotations": [{"nertag": "O"}]}, {"base_span": [596, 597], "annotations": [{"nertag": "O"}]}, {"base_span": [598, 601], "annotations": [{"nertag": "O"}]}, {"base_span": [602, 607], "annotations": [{"nertag": "O"}]}, {"base_span": [608, 612], "annotations": [{"nertag": "O"}]}, {"base_span": [613, 621], "annotations": [{"nertag": "O"}]}, {"base_span": [622, 626], "annotations": [{"nertag": "O"}]}, {"base_span": [627, 633], "annotations": [{"nertag": "O"}]}, {"base_span": [634, 640], "annotations": [{"nertag": "O"}]}, {"base_span": [641, 647], "annotations": [{"nertag": "O"}]}, {"base_span": [648, 649], "annotations": [{"nertag": "O"}]}, {"base_span": [650, 657], "annotations": [{"nertag": "O"}]}, {"base_span": [658, 664], "annotations": [{"nertag": "O"}]}, {"base_span": [665, 671], "annotations": [{"nertag": "O"}]}, {"base_span": [672, 679], "annotations": [{"nertag": "O"}]}, {"base_span": [680, 685], "annotations": [{"nertag": "O"}]}, {"base_span": [686, 690], "annotations": [{"nertag": "O"}]}, {"base_span": [691, 697], "annotations": [{"nertag": "O"}]}, {"base_span": [697, 698], "annotations": [{"nertag": "O"}]}, {"base_span": [700, 708], "annotations": [{"nertag": "O"}]}, {"base_span": [709, 713], "annotations": [{"nertag": "O"}]}, {"base_span": [714, 719], "annotations": [{"nertag": "O"}]}, {"base_span": [720, 726], "annotations": [{"nertag": "O"}]}, {"base_span": [727, 733], "annotations": [{"nertag": "O"}]}, {"base_span": [734, 738], "annotations": [{"nertag": "O"}]}, {"base_span": [739, 743], "annotations": [{"nertag": "O"}]}, {"base_span": [744, 750], "annotations": [{"nertag": "O"}]}, {"base_span": [750, 751], "annotations": [{"nertag": "O"}]}, {"base_span": [752, 761], "annotations": [{"nertag": "O"}]}, {"base_span": [762, 764], "annotations": [{"nertag": "O"}]}, {"base_span": [765, 769], "annotations": [{"nertag": "O"}]}, {"base_span": [770, 774], "annotations": [{"nertag": "O"}]}, {"base_span": [775, 780], "annotations": [{"nertag": "O"}]}, {"base_span": [781, 785], "annotations": [{"nertag": "O"}]}, {"base_span": [786, 789], "annotations": [{"nertag": "O"}]}, {"base_span": [790, 793], "annotations": [{"nertag": "O"}]}, {"base_span": [794, 802], "annotations": [{"nertag": "O"}]}, {"base_span": [803, 805], "annotations": [{"nertag": "O"}]}, {"base_span": [805, 806], "annotations": [{"nertag": "O"}]}, {"base_span": [807, 809], "annotations": [{"nertag": "O"}]}, {"base_span": [810, 814], "annotations": [{"nertag": "O"}]}, {"base_span": [815, 820], "annotations": [{"nertag": "O"}]}, {"base_span": [821, 832], "annotations": [{"nertag": "O"}]}, {"base_span": [833, 836], "annotations": [{"nertag": "O"}]}, {"base_span": [837, 839], "annotations": [{"nertag": "O"}]}, {"base_span": [840, 849], "annotations": [{"nertag": "O"}]}, {"base_span": [850, 858], "annotations": [{"nertag": "O"}]}, {"base_span": [859, 863], "annotations": [{"nertag": "O"}]}, {"base_span": [864, 866], "annotations": [{"nertag": "O"}]}, {"base_span": [867, 876], "annotations": [{"nertag": "O"}]}, {"base_span": [877, 886], "annotations": [{"nertag": "O"}]}, {"base_span": [886, 887], "annotations": [{"nertag": "O"}]}, {"base_span": [888, 892], "annotations": [{"nertag": "O"}]}, {"base_span": [893, 897], "annotations": [{"nertag": "O"}]}, {"base_span": [898, 907], "annotations": [{"nertag": "O"}]}, {"base_span": [908, 913], "annotations": [{"nertag": "O"}]}, {"base_span": [914, 921], "annotations": [{"nertag": "O"}]}, {"base_span": [922, 927], "annotations": [{"nertag": "O"}]}, {"base_span": [928, 931], "annotations": [{"nertag": "O"}]}, {"base_span": [932, 940], "annotations": [{"nertag": "O"}]}, {"base_span": [941, 943], "annotations": [{"nertag": "O"}]}, {"base_span": [944, 948], "annotations": [{"nertag": "O"}]}, {"base_span": [949, 954], "annotations": [{"nertag": "O"}]}, {"base_span": [955, 959], "annotations": [{"nertag": "O"}]}, {"base_span": [960, 966], "annotations": [{"nertag": "O"}]}, {"base_span": [967, 969], "annotations": [{"nertag": "O"}]}, {"base_span": [970, 977], "annotations": [{"nertag": "O"}]}, {"base_span": [978, 982], "annotations": [{"nertag": "O"}]}, {"base_span": [983, 987], "annotations": [{"nertag": "O"}]}, {"base_span": [988, 991], "annotations": [{"nertag": "O"}]}, {"base_span": [992, 994], "annotations": [{"nertag": "O"}]}, {"base_span": [995, 1003], "annotations": [{"nertag": "O"}]}, {"base_span": [1004, 1012], "annotations": [{"nertag": "O"}]}, {"base_span": [1013, 1015], "annotations": [{"nertag": "O"}]}, {"base_span": [1015, 1016], "annotations": [{"nertag": "O"}]}, {"base_span": [1018, 1023], "annotations": [{"nertag": "B-PER"}]}, {"base_span": [1024, 1028], "annotations": [{"nertag": "I-PER"}]}, {"base_span": [1029, 1030], "annotations": [{"nertag": "O"}]}, {"base_span": [1030, 1031], "annotations": [{"nertag": "O"}]}, {"base_span": [1031, 1032], "annotations": [{"nertag": "O"}]}, {"base_span": [1034, 1037], "annotations": [{"nertag": "O"}]}, {"base_span": [1038, 1047], "annotations": [{"nertag": "O"}]}]}]}