{"text": "\nKaibab Kai Mührsepp et Joseph Mühr kirriko wallast on temma tüttar peksnud pitsawarrega, ja olli palju aiged teinud keik katk ja werritses lönud.\n\nKohtumees Andres Reinert on nainud, et se laps waega liga pekstud olli keigelt poolt kus opid ollid käunud olli keik sinnitsed ja werritsed.\n\nWastutab Joseph Mühr et Kai Mührseppi laps on temma laps peksnud ja porriga su kokko marinud, se perrast on temma sedda laps peksnud.\n\nKohhus on moistnud, et Joseph Mühr maksab 50 kop. höb ja saab 15 witsa lokid.\n\nMart Weinglas XXX\n\nMart Hundt XXX\n\nMart Joseph XXX\n\n\n", "meta": {"origin_directory": "vallakohus_neljas/"}, "layers": [{"name": "gold_ner", "attributes": ["nertag"], "parent": null, "enveloping": null, "ambiguous": false, "serialisation_module": null, "meta": {}, "spans": [{"base_span": [8, 20], "annotations": [{"nertag": "PER"}]}, {"base_span": [24, 35], "annotations": [{"nertag": "PER"}]}, {"base_span": [158, 172], "annotations": [{"nertag": "PER"}]}, {"base_span": [299, 310], "annotations": [{"nertag": "PER"}]}, {"base_span": [314, 327], "annotations": [{"nertag": "PER"}]}, {"base_span": [448, 459], "annotations": [{"nertag": "PER"}]}, {"base_span": [504, 517], "annotations": [{"nertag": "PER"}]}, {"base_span": [523, 533], "annotations": [{"nertag": "PER"}]}, {"base_span": [539, 550], "annotations": [{"nertag": "PER"}]}]}, {"name": "gold_wordner", "attributes": ["nertag"], "parent": null, "enveloping": null, "ambiguous": false, "serialisation_module": null, "meta": {}, "spans": [{"base_span": [1, 7], "annotations": [{"nertag": "O"}]}, {"base_span": [8, 11], "annotations": [{"nertag": "B-PER"}]}, {"base_span": [12, 20], "annotations": [{"nertag": "I-PER"}]}, {"base_span": [21, 23], "annotations": [{"nertag": "O"}]}, {"base_span": [24, 30], "annotations": [{"nertag": "B-PER"}]}, {"base_span": [31, 35], "annotations": [{"nertag": "I-PER"}]}, {"base_span": [36, 43], "annotations": [{"nertag": "O"}]}, {"base_span": [44, 51], "annotations": [{"nertag": "O"}]}, {"base_span": [52, 54], "annotations": [{"nertag": "O"}]}, {"base_span": [55, 60], "annotations": [{"nertag": "O"}]}, {"base_span": [61, 67], "annotations": [{"nertag": "O"}]}, {"base_span": [68, 75], "annotations": [{"nertag": "O"}]}, {"base_span": [76, 88], "annotations": [{"nertag": "O"}]}, {"base_span": [88, 89], "annotations": [{"nertag": "O"}]}, {"base_span": [90, 92], "annotations": [{"nertag": "O"}]}, {"base_span": [93, 97], "annotations": [{"nertag": "O"}]}, {"base_span": [98, 103], "annotations": [{"nertag": "O"}]}, {"base_span": [104, 109], "annotations": [{"nertag": "O"}]}, {"base_span": [110, 116], "annotations": [{"nertag": "O"}]}, {"base_span": [117, 121], "annotations": [{"nertag": "O"}]}, {"base_span": [122, 126], "annotations": [{"nertag": "O"}]}, {"base_span": [127, 129], "annotations": [{"nertag": "O"}]}, {"base_span": [130, 139], "annotations": [{"nertag": "O"}]}, {"base_span": [140, 145], "annotations": [{"nertag": "O"}]}, {"base_span": [145, 146], "annotations": [{"nertag": "O"}]}, {"base_span": [148, 157], "annotations": [{"nertag": "O"}]}, {"base_span": [158, 164], "annotations": [{"nertag": "B-PER"}]}, {"base_span": [165, 172], "annotations": [{"nertag": "I-PER"}]}, {"base_span": [173, 175], "annotations": [{"nertag": "O"}]}, {"base_span": [176, 182], "annotations": [{"nertag": "O"}]}, {"base_span": [182, 183], "annotations": [{"nertag": "O"}]}, {"base_span": [184, 186], "annotations": [{"nertag": "O"}]}, {"base_span": [187, 189], "annotations": [{"nertag": "O"}]}, {"base_span": [190, 194], "annotations": [{"nertag": "O"}]}, {"base_span": [195, 200], "annotations": [{"nertag": "O"}]}, {"base_span": [201, 205], "annotations": [{"nertag": "O"}]}, {"base_span": [206, 213], "annotations": [{"nertag": "O"}]}, {"base_span": [214, 218], "annotations": [{"nertag": "O"}]}, {"base_span": [219, 226], "annotations": [{"nertag": "O"}]}, {"base_span": [227, 232], "annotations": [{"nertag": "O"}]}, {"base_span": [233, 236], "annotations": [{"nertag": "O"}]}, {"base_span": [237, 241], "annotations": [{"nertag": "O"}]}, {"base_span": [242, 247], "annotations": [{"nertag": "O"}]}, {"base_span": [248, 254], "annotations": [{"nertag": "O"}]}, {"base_span": [255, 259], "annotations": [{"nertag": "O"}]}, {"base_span": [260, 264], "annotations": [{"nertag": "O"}]}, {"base_span": [265, 274], "annotations": [{"nertag": "O"}]}, {"base_span": [275, 277], "annotations": [{"nertag": "O"}]}, {"base_span": [278, 287], "annotations": [{"nertag": "O"}]}, {"base_span": [287, 288], "annotations": [{"nertag": "O"}]}, {"base_span": [290, 298], "annotations": [{"nertag": "O"}]}, {"base_span": [299, 305], "annotations": [{"nertag": "B-PER"}]}, {"base_span": [306, 310], "annotations": [{"nertag": "I-PER"}]}, {"base_span": [311, 313], "annotations": [{"nertag": "O"}]}, {"base_span": [314, 317], "annotations": [{"nertag": "B-PER"}]}, {"base_span": [318, 327], "annotations": [{"nertag": "I-PER"}]}, {"base_span": [328, 332], "annotations": [{"nertag": "O"}]}, {"base_span": [333, 335], "annotations": [{"nertag": "O"}]}, {"base_span": [336, 341], "annotations": [{"nertag": "O"}]}, {"base_span": [342, 346], "annotations": [{"nertag": "O"}]}, {"base_span": [347, 354], "annotations": [{"nertag": "O"}]}, {"base_span": [355, 357], "annotations": [{"nertag": "O"}]}, {"base_span": [358, 365], "annotations": [{"nertag": "O"}]}, {"base_span": [366, 368], "annotations": [{"nertag": "O"}]}, {"base_span": [369, 374], "annotations": [{"nertag": "O"}]}, {"base_span": [375, 382], "annotations": [{"nertag": "O"}]}, {"base_span": [382, 383], "annotations": [{"nertag": "O"}]}, {"base_span": [384, 386], "annotations": [{"nertag": "O"}]}, {"base_span": [387, 394], "annotations": [{"nertag": "O"}]}, {"base_span": [395, 397], "annotations": [{"nertag": "O"}]}, {"base_span": [398, 403], "annotations": [{"nertag": "O"}]}, {"base_span": [404, 409], "annotations": [{"nertag": "O"}]}, {"base_span": [410, 414], "annotations": [{"nertag": "O"}]}, {"base_span": [415, 422], "annotations": [{"nertag": "O"}]}, {"base_span": [422, 423], "annotations": [{"nertag": "O"}]}, {"base_span": [425, 431], "annotations": [{"nertag": "O"}]}, {"base_span": [432, 434], "annotations": [{"nertag": "O"}]}, {"base_span": [435, 443], "annotations": [{"nertag": "O"}]}, {"base_span": [443, 444], "annotations": [{"nertag": "O"}]}, {"base_span": [445, 447], "annotations": [{"nertag": "O"}]}, {"base_span": [448, 454], "annotations": [{"nertag": "B-PER"}]}, {"base_span": [455, 459], "annotations": [{"nertag": "I-PER"}]}, {"base_span": [460, 466], "annotations": [{"nertag": "O"}]}, {"base_span": [467, 469], "annotations": [{"nertag": "O"}]}, {"base_span": [470, 473], "annotations": [{"nertag": "O"}]}, {"base_span": [473, 474], "annotations": [{"nertag": "O"}]}, {"base_span": [475, 478], "annotations": [{"nertag": "O"}]}, {"base_span": [479, 481], "annotations": [{"nertag": "O"}]}, {"base_span": [482, 486], "annotations": [{"nertag": "O"}]}, {"base_span": [487, 489], "annotations": [{"nertag": "O"}]}, {"base_span": [490, 495], "annotations": [{"nertag": "O"}]}, {"base_span": [496, 501], "annotations": [{"nertag": "O"}]}, {"base_span": [501, 502], "annotations": [{"nertag": "O"}]}, {"base_span": [504, 508], "annotations": [{"nertag": "B-PER"}]}, {"base_span": [509, 517], "annotations": [{"nertag": "I-PER"}]}, {"base_span": [518, 521], "annotations": [{"nertag": "O"}]}, {"base_span": [523, 527], "annotations": [{"nertag": "B-PER"}]}, {"base_span": [528, 533], "annotations": [{"nertag": "I-PER"}]}, {"base_span": [534, 537], "annotations": [{"nertag": "O"}]}, {"base_span": [539, 543], "annotations": [{"nertag": "B-PER"}]}, {"base_span": [544, 550], "annotations": [{"nertag": "I-PER"}]}, {"base_span": [551, 554], "annotations": [{"nertag": "O"}]}]}]}