{"text": "Protokolli põhjusel 19 Aprillist s.a. N79 olid kohtu ette ilmunud Peter Ojas ja Hans Käär kui sai neile tunnistuse wälja ütelused ette loetud ja et kumbgil enam tunnistust anda ei olnud, sai Otsus. Et see nõudmise asi juba ammu ülekümne aasta wana on ja et see Peter Ojaste õe raha olnud siis Hans KäärOjassele annud kui on kas Peter Ojasse õde sest summast osalt oma wennale lubanud ja et õde ilma pärandajateta ärasurnud, kui on ka Hans Käär sest summast üle poole omale saanud saab tema oma nõudmisega rahule sunnitud. See otsus sai kohtu käijatel kuulutud ja nõudis Hans Käär edasi kaebamise tähte mis temale ka wälja antud sai. Pääkohtumees: Andres Ekbaum [allkiri] Kohtumees: Peter Bergmann [allkiri] Kohtumees: Hans Glükk [allkiri] Kirjutaja: [allkiri]\n\"\n", "meta": {"origin_directory": "vallakohus_esimene/"}, "layers": [{"name": "gold_ner", "attributes": ["nertag"], "parent": null, "enveloping": null, "ambiguous": false, "serialisation_module": null, "meta": {}, "spans": [{"base_span": [66, 76], "annotations": [{"nertag": "PER"}]}, {"base_span": [80, 89], "annotations": [{"nertag": "PER"}]}, {"base_span": [261, 273], "annotations": [{"nertag": "PER"}]}, {"base_span": [293, 302], "annotations": [{"nertag": "PER"}]}, {"base_span": [302, 310], "annotations": [{"nertag": "PER"}]}, {"base_span": [328, 340], "annotations": [{"nertag": "PER"}]}, {"base_span": [434, 443], "annotations": [{"nertag": "PER"}]}, {"base_span": [570, 579], "annotations": [{"nertag": "PER"}]}, {"base_span": [647, 660], "annotations": [{"nertag": "PER"}]}, {"base_span": [682, 696], "annotations": [{"nertag": "PER"}]}, {"base_span": [718, 728], "annotations": [{"nertag": "PER"}]}]}, {"name": "gold_wordner", "attributes": ["nertag"], "parent": null, "enveloping": null, "ambiguous": false, "serialisation_module": null, "meta": {}, "spans": [{"base_span": [0, 10], "annotations": [{"nertag": "O"}]}, {"base_span": [11, 19], "annotations": [{"nertag": "O"}]}, {"base_span": [20, 22], "annotations": [{"nertag": "O"}]}, {"base_span": [23, 32], "annotations": [{"nertag": "O"}]}, {"base_span": [33, 34], "annotations": [{"nertag": "O"}]}, {"base_span": [34, 35], "annotations": [{"nertag": "O"}]}, {"base_span": [35, 36], "annotations": [{"nertag": "O"}]}, {"base_span": [36, 37], "annotations": [{"nertag": "O"}]}, {"base_span": [38, 41], "annotations": [{"nertag": "O"}]}, {"base_span": [42, 46], "annotations": [{"nertag": "O"}]}, {"base_span": [47, 52], "annotations": [{"nertag": "O"}]}, {"base_span": [53, 57], "annotations": [{"nertag": "O"}]}, {"base_span": [58, 65], "annotations": [{"nertag": "O"}]}, {"base_span": [66, 71], "annotations": [{"nertag": "B-PER"}]}, {"base_span": [72, 76], "annotations": [{"nertag": "I-PER"}]}, {"base_span": [77, 79], "annotations": [{"nertag": "O"}]}, {"base_span": [80, 84], "annotations": [{"nertag": "B-PER"}]}, {"base_span": [85, 89], "annotations": [{"nertag": "I-PER"}]}, {"base_span": [90, 93], "annotations": [{"nertag": "O"}]}, {"base_span": [94, 97], "annotations": [{"nertag": "O"}]}, {"base_span": [98, 103], "annotations": [{"nertag": "O"}]}, {"base_span": [104, 114], "annotations": [{"nertag": "O"}]}, {"base_span": [115, 120], "annotations": [{"nertag": "O"}]}, {"base_span": [121, 129], "annotations": [{"nertag": "O"}]}, {"base_span": [130, 134], "annotations": [{"nertag": "O"}]}, {"base_span": [135, 141], "annotations": [{"nertag": "O"}]}, {"base_span": [142, 144], "annotations": [{"nertag": "O"}]}, {"base_span": [145, 147], "annotations": [{"nertag": "O"}]}, {"base_span": [148, 155], "annotations": [{"nertag": "O"}]}, {"base_span": [156, 160], "annotations": [{"nertag": "O"}]}, {"base_span": [161, 171], "annotations": [{"nertag": "O"}]}, {"base_span": [172, 176], "annotations": [{"nertag": "O"}]}, {"base_span": [177, 179], "annotations": [{"nertag": "O"}]}, {"base_span": [180, 185], "annotations": [{"nertag": "O"}]}, {"base_span": [185, 186], "annotations": [{"nertag": "O"}]}, {"base_span": [187, 190], "annotations": [{"nertag": "O"}]}, {"base_span": [191, 196], "annotations": [{"nertag": "O"}]}, {"base_span": [196, 197], "annotations": [{"nertag": "O"}]}, {"base_span": [198, 200], "annotations": [{"nertag": "O"}]}, {"base_span": [201, 204], "annotations": [{"nertag": "O"}]}, {"base_span": [205, 213], "annotations": [{"nertag": "O"}]}, {"base_span": [214, 217], "annotations": [{"nertag": "O"}]}, {"base_span": [218, 222], "annotations": [{"nertag": "O"}]}, {"base_span": [223, 227], "annotations": [{"nertag": "O"}]}, {"base_span": [228, 236], "annotations": [{"nertag": "O"}]}, {"base_span": [237, 242], "annotations": [{"nertag": "O"}]}, {"base_span": [243, 247], "annotations": [{"nertag": "O"}]}, {"base_span": [248, 250], "annotations": [{"nertag": "O"}]}, {"base_span": [251, 253], "annotations": [{"nertag": "O"}]}, {"base_span": [254, 256], "annotations": [{"nertag": "O"}]}, {"base_span": [257, 260], "annotations": [{"nertag": "O"}]}, {"base_span": [261, 266], "annotations": [{"nertag": "B-PER"}]}, {"base_span": [267, 273], "annotations": [{"nertag": "I-PER"}]}, {"base_span": [274, 276], "annotations": [{"nertag": "O"}]}, {"base_span": [277, 281], "annotations": [{"nertag": "O"}]}, {"base_span": [282, 287], "annotations": [{"nertag": "O"}]}, {"base_span": [288, 292], "annotations": [{"nertag": "O"}]}, {"base_span": [293, 297], "annotations": [{"nertag": "B-PER"}]}, {"base_span": [298, 302], "annotations": [{"nertag": "I-PER"}]}, {"base_span": [302, 310], "annotations": [{"nertag": "B-PER"}]}, {"base_span": [311, 316], "annotations": [{"nertag": "O"}]}, {"base_span": [317, 320], "annotations": [{"nertag": "O"}]}, {"base_span": [321, 323], "annotations": [{"nertag": "O"}]}, {"base_span": [324, 327], "annotations": [{"nertag": "O"}]}, {"base_span": [328, 333], "annotations": [{"nertag": "B-PER"}]}, {"base_span": [334, 340], "annotations": [{"nertag": "I-PER"}]}, {"base_span": [341, 344], "annotations": [{"nertag": "O"}]}, {"base_span": [345, 349], "annotations": [{"nertag": "O"}]}, {"base_span": [350, 357], "annotations": [{"nertag": "O"}]}, {"base_span": [358, 363], "annotations": [{"nertag": "O"}]}, {"base_span": [364, 367], "annotations": [{"nertag": "O"}]}, {"base_span": [368, 375], "annotations": [{"nertag": "O"}]}, {"base_span": [376, 383], "annotations": [{"nertag": "O"}]}, {"base_span": [384, 386], "annotations": [{"nertag": "O"}]}, {"base_span": [387, 389], "annotations": [{"nertag": "O"}]}, {"base_span": [390, 393], "annotations": [{"nertag": "O"}]}, {"base_span": [394, 398], "annotations": [{"nertag": "O"}]}, {"base_span": [399, 412], "annotations": [{"nertag": "O"}]}, {"base_span": [413, 422], "annotations": [{"nertag": "O"}]}, {"base_span": [422, 423], "annotations": [{"nertag": "O"}]}, {"base_span": [424, 427], "annotations": [{"nertag": "O"}]}, {"base_span": [428, 430], "annotations": [{"nertag": "O"}]}, {"base_span": [431, 433], "annotations": [{"nertag": "O"}]}, {"base_span": [434, 438], "annotations": [{"nertag": "B-PER"}]}, {"base_span": [439, 443], "annotations": [{"nertag": "I-PER"}]}, {"base_span": [444, 448], "annotations": [{"nertag": "O"}]}, {"base_span": [449, 456], "annotations": [{"nertag": "O"}]}, {"base_span": [457, 460], "annotations": [{"nertag": "O"}]}, {"base_span": [461, 466], "annotations": [{"nertag": "O"}]}, {"base_span": [467, 472], "annotations": [{"nertag": "O"}]}, {"base_span": [473, 479], "annotations": [{"nertag": "O"}]}, {"base_span": [480, 484], "annotations": [{"nertag": "O"}]}, {"base_span": [485, 489], "annotations": [{"nertag": "O"}]}, {"base_span": [490, 493], "annotations": [{"nertag": "O"}]}, {"base_span": [494, 504], "annotations": [{"nertag": "O"}]}, {"base_span": [505, 511], "annotations": [{"nertag": "O"}]}, {"base_span": [512, 520], "annotations": [{"nertag": "O"}]}, {"base_span": [520, 521], "annotations": [{"nertag": "O"}]}, {"base_span": [522, 525], "annotations": [{"nertag": "O"}]}, {"base_span": [526, 531], "annotations": [{"nertag": "O"}]}, {"base_span": [532, 535], "annotations": [{"nertag": "O"}]}, {"base_span": [536, 541], "annotations": [{"nertag": "O"}]}, {"base_span": [542, 550], "annotations": [{"nertag": "O"}]}, {"base_span": [551, 559], "annotations": [{"nertag": "O"}]}, {"base_span": [560, 562], "annotations": [{"nertag": "O"}]}, {"base_span": [563, 569], "annotations": [{"nertag": "O"}]}, {"base_span": [570, 574], "annotations": [{"nertag": "B-PER"}]}, {"base_span": [575, 579], "annotations": [{"nertag": "I-PER"}]}, {"base_span": [580, 585], "annotations": [{"nertag": "O"}]}, {"base_span": [586, 595], "annotations": [{"nertag": "O"}]}, {"base_span": [596, 601], "annotations": [{"nertag": "O"}]}, {"base_span": [602, 605], "annotations": [{"nertag": "O"}]}, {"base_span": [606, 612], "annotations": [{"nertag": "O"}]}, {"base_span": [613, 615], "annotations": [{"nertag": "O"}]}, {"base_span": [616, 621], "annotations": [{"nertag": "O"}]}, {"base_span": [622, 627], "annotations": [{"nertag": "O"}]}, {"base_span": [628, 631], "annotations": [{"nertag": "O"}]}, {"base_span": [631, 632], "annotations": [{"nertag": "O"}]}, {"base_span": [633, 645], "annotations": [{"nertag": "O"}]}, {"base_span": [645, 646], "annotations": [{"nertag": "O"}]}, {"base_span": [647, 653], "annotations": [{"nertag": "B-PER"}]}, {"base_span": [654, 660], "annotations": [{"nertag": "I-PER"}]}, {"base_span": [661, 662], "annotations": [{"nertag": "O"}]}, {"base_span": [662, 669], "annotations": [{"nertag": "O"}]}, {"base_span": [669, 670], "annotations": [{"nertag": "O"}]}, {"base_span": [671, 680], "annotations": [{"nertag": "O"}]}, {"base_span": [680, 681], "annotations": [{"nertag": "O"}]}, {"base_span": [682, 687], "annotations": [{"nertag": "B-PER"}]}, {"base_span": [688, 696], "annotations": [{"nertag": "I-PER"}]}, {"base_span": [697, 698], "annotations": [{"nertag": "O"}]}, {"base_span": [698, 705], "annotations": [{"nertag": "O"}]}, {"base_span": [705, 706], "annotations": [{"nertag": "O"}]}, {"base_span": [707, 716], "annotations": [{"nertag": "O"}]}, {"base_span": [716, 717], "annotations": [{"nertag": "O"}]}, {"base_span": [718, 722], "annotations": [{"nertag": "B-PER"}]}, {"base_span": [723, 728], "annotations": [{"nertag": "I-PER"}]}, {"base_span": [729, 730], "annotations": [{"nertag": "O"}]}, {"base_span": [730, 737], "annotations": [{"nertag": "O"}]}, {"base_span": [737, 738], "annotations": [{"nertag": "O"}]}, {"base_span": [739, 748], "annotations": [{"nertag": "O"}]}, {"base_span": [748, 749], "annotations": [{"nertag": "O"}]}, {"base_span": [750, 751], "annotations": [{"nertag": "O"}]}, {"base_span": [751, 758], "annotations": [{"nertag": "O"}]}, {"base_span": [758, 759], "annotations": [{"nertag": "O"}]}, {"base_span": [760, 761], "annotations": [{"nertag": "O"}]}]}]}