{"text": "\nTulli koggokonna kohto ette Annuse perrenaene Ann Jakobson ja andis üllesse, et temma tahta teistkorda ennast abbiellusse anda ja omma lastele parrandust üllesse panna: ja sawad nimmelt:\n\n1. poeg Jakob 13 aastad wana:\n\n1 hobbune\n   50 rubla\n  \n\n1 lehm\n   20-\n  \n\n1 wanker\n   10-\n  \n\n1 saan\n   3-\n  \n\n1 lammas\n   1-50Kp\n  \n\n1 sigga\n   1-50-\n  \n\n=\n   86 rubl.\n  \n\n2.poeg Josep 6 aastad:\n\n1 hobbune\n   50 rubla\n  \n\n1 lehm\n   20-\n  \n\n1 lammas\n   1-50Kp\n  \n\n1 sigga\n   1-50Kp\n  \n\n=\n   73.\n  \n\n3.Tüttar Tio:\n\n1 lehm\n   20 rubla\n  \n\n1 lammas\n   1½ rubla\n  \n\n1 sigga\n   1½ rubla\n  \n\n=\n   23.\n  \n\nemma Annele jäb wölla maksmiseks\n\n2 lehma\n   40 rubla\n  \n\n1 hobbune\n   30 rubla\n  \n\n2 lehma\n   40-\n  \n\n3 lammast\n   5 rubla\n  \n\n=\n   115.\n  \n\nSumma\n   297 rubla\n  \n\n\n", "meta": {"origin_directory": "vallakohus_neljas/"}, "layers": [{"name": "gold_ner", "attributes": ["nertag"], "parent": null, "enveloping": null, "ambiguous": false, "serialisation_module": null, "meta": {}, "spans": [{"base_span": [29, 35], "annotations": [{"nertag": "LOC_ORG"}]}, {"base_span": [47, 59], "annotations": [{"nertag": "PER"}]}, {"base_span": [197, 202], "annotations": [{"nertag": "PER"}]}, {"base_span": [370, 375], "annotations": [{"nertag": "PER"}]}, {"base_span": [498, 501], "annotations": [{"nertag": "PER"}]}, {"base_span": [594, 600], "annotations": [{"nertag": "PER"}]}]}, {"name": "gold_wordner", "attributes": ["nertag"], "parent": null, "enveloping": null, "ambiguous": false, "serialisation_module": null, "meta": {}, "spans": [{"base_span": [1, 6], "annotations": [{"nertag": "O"}]}, {"base_span": [7, 17], "annotations": [{"nertag": "O"}]}, {"base_span": [18, 23], "annotations": [{"nertag": "O"}]}, {"base_span": [24, 28], "annotations": [{"nertag": "O"}]}, {"base_span": [29, 35], "annotations": [{"nertag": "B-LOC_ORG"}]}, {"base_span": [36, 46], "annotations": [{"nertag": "O"}]}, {"base_span": [47, 50], "annotations": [{"nertag": "B-PER"}]}, {"base_span": [51, 59], "annotations": [{"nertag": "I-PER"}]}, {"base_span": [60, 62], "annotations": [{"nertag": "O"}]}, {"base_span": [63, 68], "annotations": [{"nertag": "O"}]}, {"base_span": [69, 76], "annotations": [{"nertag": "O"}]}, {"base_span": [76, 77], "annotations": [{"nertag": "O"}]}, {"base_span": [78, 80], "annotations": [{"nertag": "O"}]}, {"base_span": [81, 86], "annotations": [{"nertag": "O"}]}, {"base_span": [87, 92], "annotations": [{"nertag": "O"}]}, {"base_span": [93, 103], "annotations": [{"nertag": "O"}]}, {"base_span": [104, 110], "annotations": [{"nertag": "O"}]}, {"base_span": [111, 122], "annotations": [{"nertag": "O"}]}, {"base_span": [123, 127], "annotations": [{"nertag": "O"}]}, {"base_span": [128, 130], "annotations": [{"nertag": "O"}]}, {"base_span": [131, 135], "annotations": [{"nertag": "O"}]}, {"base_span": [136, 143], "annotations": [{"nertag": "O"}]}, {"base_span": [144, 154], "annotations": [{"nertag": "O"}]}, {"base_span": [155, 162], "annotations": [{"nertag": "O"}]}, {"base_span": [163, 168], "annotations": [{"nertag": "O"}]}, {"base_span": [168, 169], "annotations": [{"nertag": "O"}]}, {"base_span": [170, 172], "annotations": [{"nertag": "O"}]}, {"base_span": [173, 178], "annotations": [{"nertag": "O"}]}, {"base_span": [179, 186], "annotations": [{"nertag": "O"}]}, {"base_span": [186, 187], "annotations": [{"nertag": "O"}]}, {"base_span": [189, 191], "annotations": [{"nertag": "O"}]}, {"base_span": [192, 196], "annotations": [{"nertag": "O"}]}, {"base_span": [197, 202], "annotations": [{"nertag": "B-PER"}]}, {"base_span": [203, 205], "annotations": [{"nertag": "O"}]}, {"base_span": [206, 212], "annotations": [{"nertag": "O"}]}, {"base_span": [213, 217], "annotations": [{"nertag": "O"}]}, {"base_span": [217, 218], "annotations": [{"nertag": "O"}]}, {"base_span": [220, 221], "annotations": [{"nertag": "O"}]}, {"base_span": [222, 229], "annotations": [{"nertag": "O"}]}, {"base_span": [233, 235], "annotations": [{"nertag": "O"}]}, {"base_span": [236, 241], "annotations": [{"nertag": "O"}]}, {"base_span": [246, 247], "annotations": [{"nertag": "O"}]}, {"base_span": [248, 252], "annotations": [{"nertag": "O"}]}, {"base_span": [256, 258], "annotations": [{"nertag": "O"}]}, {"base_span": [258, 259], "annotations": [{"nertag": "O"}]}, {"base_span": [264, 265], "annotations": [{"nertag": "O"}]}, {"base_span": [266, 272], "annotations": [{"nertag": "O"}]}, {"base_span": [276, 278], "annotations": [{"nertag": "O"}]}, {"base_span": [278, 279], "annotations": [{"nertag": "O"}]}, {"base_span": [284, 285], "annotations": [{"nertag": "O"}]}, {"base_span": [286, 290], "annotations": [{"nertag": "O"}]}, {"base_span": [294, 295], "annotations": [{"nertag": "O"}]}, {"base_span": [295, 296], "annotations": [{"nertag": "O"}]}, {"base_span": [301, 302], "annotations": [{"nertag": "O"}]}, {"base_span": [303, 309], "annotations": [{"nertag": "O"}]}, {"base_span": [313, 314], "annotations": [{"nertag": "O"}]}, {"base_span": [314, 315], "annotations": [{"nertag": "O"}]}, {"base_span": [315, 319], "annotations": [{"nertag": "O"}]}, {"base_span": [324, 325], "annotations": [{"nertag": "O"}]}, {"base_span": [326, 331], "annotations": [{"nertag": "O"}]}, {"base_span": [335, 336], "annotations": [{"nertag": "O"}]}, {"base_span": [336, 337], "annotations": [{"nertag": "O"}]}, {"base_span": [337, 339], "annotations": [{"nertag": "O"}]}, {"base_span": [339, 340], "annotations": [{"nertag": "O"}]}, {"base_span": [345, 346], "annotations": [{"nertag": "O"}]}, {"base_span": [350, 352], "annotations": [{"nertag": "O"}]}, {"base_span": [353, 357], "annotations": [{"nertag": "O"}]}, {"base_span": [357, 358], "annotations": [{"nertag": "O"}]}, {"base_span": [363, 365], "annotations": [{"nertag": "O"}]}, {"base_span": [365, 369], "annotations": [{"nertag": "O"}]}, {"base_span": [370, 375], "annotations": [{"nertag": "B-PER"}]}, {"base_span": [376, 377], "annotations": [{"nertag": "O"}]}, {"base_span": [378, 384], "annotations": [{"nertag": "O"}]}, {"base_span": [384, 385], "annotations": [{"nertag": "O"}]}, {"base_span": [387, 388], "annotations": [{"nertag": "O"}]}, {"base_span": [389, 396], "annotations": [{"nertag": "O"}]}, {"base_span": [400, 402], "annotations": [{"nertag": "O"}]}, {"base_span": [403, 408], "annotations": [{"nertag": "O"}]}, {"base_span": [413, 414], "annotations": [{"nertag": "O"}]}, {"base_span": [415, 419], "annotations": [{"nertag": "O"}]}, {"base_span": [423, 425], "annotations": [{"nertag": "O"}]}, {"base_span": [425, 426], "annotations": [{"nertag": "O"}]}, {"base_span": [431, 432], "annotations": [{"nertag": "O"}]}, {"base_span": [433, 439], "annotations": [{"nertag": "O"}]}, {"base_span": [443, 444], "annotations": [{"nertag": "O"}]}, {"base_span": [444, 445], "annotations": [{"nertag": "O"}]}, {"base_span": [445, 449], "annotations": [{"nertag": "O"}]}, {"base_span": [454, 455], "annotations": [{"nertag": "O"}]}, {"base_span": [456, 461], "annotations": [{"nertag": "O"}]}, {"base_span": [465, 466], "annotations": [{"nertag": "O"}]}, {"base_span": [466, 467], "annotations": [{"nertag": "O"}]}, {"base_span": [467, 471], "annotations": [{"nertag": "O"}]}, {"base_span": [476, 477], "annotations": [{"nertag": "O"}]}, {"base_span": [481, 484], "annotations": [{"nertag": "O"}]}, {"base_span": [489, 491], "annotations": [{"nertag": "O"}]}, {"base_span": [491, 497], "annotations": [{"nertag": "O"}]}, {"base_span": [498, 501], "annotations": [{"nertag": "B-PER"}]}, {"base_span": [501, 502], "annotations": [{"nertag": "O"}]}, {"base_span": [504, 505], "annotations": [{"nertag": "O"}]}, {"base_span": [506, 510], "annotations": [{"nertag": "O"}]}, {"base_span": [514, 516], "annotations": [{"nertag": "O"}]}, {"base_span": [517, 522], "annotations": [{"nertag": "O"}]}, {"base_span": [527, 528], "annotations": [{"nertag": "O"}]}, {"base_span": [529, 535], "annotations": [{"nertag": "O"}]}, {"base_span": [539, 541], "annotations": [{"nertag": "O"}]}, {"base_span": [542, 547], "annotations": [{"nertag": "O"}]}, {"base_span": [552, 553], "annotations": [{"nertag": "O"}]}, {"base_span": [554, 559], "annotations": [{"nertag": "O"}]}, {"base_span": [563, 565], "annotations": [{"nertag": "O"}]}, {"base_span": [566, 571], "annotations": [{"nertag": "O"}]}, {"base_span": [576, 577], "annotations": [{"nertag": "O"}]}, {"base_span": [581, 584], "annotations": [{"nertag": "O"}]}, {"base_span": [589, 593], "annotations": [{"nertag": "O"}]}, {"base_span": [594, 600], "annotations": [{"nertag": "B-PER"}]}, {"base_span": [601, 604], "annotations": [{"nertag": "O"}]}, {"base_span": [605, 610], "annotations": [{"nertag": "O"}]}, {"base_span": [611, 621], "annotations": [{"nertag": "O"}]}, {"base_span": [623, 624], "annotations": [{"nertag": "O"}]}, {"base_span": [625, 630], "annotations": [{"nertag": "O"}]}, {"base_span": [634, 636], "annotations": [{"nertag": "O"}]}, {"base_span": [637, 642], "annotations": [{"nertag": "O"}]}, {"base_span": [647, 648], "annotations": [{"nertag": "O"}]}, {"base_span": [649, 656], "annotations": [{"nertag": "O"}]}, {"base_span": [660, 662], "annotations": [{"nertag": "O"}]}, {"base_span": [663, 668], "annotations": [{"nertag": "O"}]}, {"base_span": [673, 674], "annotations": [{"nertag": "O"}]}, {"base_span": [675, 680], "annotations": [{"nertag": "O"}]}, {"base_span": [684, 686], "annotations": [{"nertag": "O"}]}, {"base_span": [686, 687], "annotations": [{"nertag": "O"}]}, {"base_span": [692, 693], "annotations": [{"nertag": "O"}]}, {"base_span": [694, 701], "annotations": [{"nertag": "O"}]}, {"base_span": [705, 706], "annotations": [{"nertag": "O"}]}, {"base_span": [707, 712], "annotations": [{"nertag": "O"}]}, {"base_span": [717, 718], "annotations": [{"nertag": "O"}]}, {"base_span": [722, 726], "annotations": [{"nertag": "O"}]}, {"base_span": [731, 736], "annotations": [{"nertag": "O"}]}, {"base_span": [740, 743], "annotations": [{"nertag": "O"}]}, {"base_span": [744, 749], "annotations": [{"nertag": "O"}]}]}]}