{"text": "\n Tänna on Painaste walla ja Sosaare wallakirjotaja Wilhelm Sturmi wahhel se kontrakt tehtud:\n\nWilhelm Sturm wõttab Painaste walla kirjotus omma peale ja nimmelt sel sammal kombel kuidas senni ajani nende tallitus Woisekol on olnud, ja saab selle tallitusse eest egga aasta 13 Rubla palka.\n\n3 Rubla maja üüri ja üks rubla kassaka palka, peale sedda saab W. Sturm ue wamilia ramatu kokku seadi misse eest 5 Rbl. Aasta hakkab 23. Aprilil 1874. ja on se kaup ni pikka aja peale tehtud kunni kauplejat ühhe teisega agga rahhul on ja läbbi sawad.\n\nWallawannem: Mangol Essenson xxx\n\nNõumees: Hans Kimmel xxx\n\nPeakohtomees: Jaak Kukkemilk xxx\n\nKohtomees: Ado Perk xxx\n\n\" Jaak Pajomäggi xxx\n\n\n", "meta": {"origin_directory": "vallakohus_kolmas/"}, "layers": [{"name": "gold_ner", "attributes": ["nertag"], "parent": null, "enveloping": null, "ambiguous": false, "serialisation_module": null, "meta": {}, "spans": [{"base_span": [11, 25], "annotations": [{"nertag": "LOC_ORG"}]}, {"base_span": [29, 36], "annotations": [{"nertag": "LOC_ORG"}]}, {"base_span": [52, 66], "annotations": [{"nertag": "PER"}]}, {"base_span": [95, 108], "annotations": [{"nertag": "PER"}]}, {"base_span": [116, 130], "annotations": [{"nertag": "LOC_ORG"}]}, {"base_span": [214, 222], "annotations": [{"nertag": "LOC"}]}, {"base_span": [354, 362], "annotations": [{"nertag": "PER"}]}, {"base_span": [556, 571], "annotations": [{"nertag": "PER"}]}, {"base_span": [586, 597], "annotations": [{"nertag": "PER"}]}, {"base_span": [617, 631], "annotations": [{"nertag": "PER"}]}, {"base_span": [648, 656], "annotations": [{"nertag": "PER"}]}, {"base_span": [664, 678], "annotations": [{"nertag": "PER"}]}]}, {"name": "gold_wordner", "attributes": ["nertag"], "parent": null, "enveloping": null, "ambiguous": false, "serialisation_module": null, "meta": {}, "spans": [{"base_span": [2, 7], "annotations": [{"nertag": "O"}]}, {"base_span": [8, 10], "annotations": [{"nertag": "O"}]}, {"base_span": [11, 19], "annotations": [{"nertag": "B-LOC_ORG"}]}, {"base_span": [20, 25], "annotations": [{"nertag": "I-LOC_ORG"}]}, {"base_span": [26, 28], "annotations": [{"nertag": "O"}]}, {"base_span": [29, 36], "annotations": [{"nertag": "B-LOC_ORG"}]}, {"base_span": [37, 51], "annotations": [{"nertag": "O"}]}, {"base_span": [52, 59], "annotations": [{"nertag": "B-PER"}]}, {"base_span": [60, 66], "annotations": [{"nertag": "I-PER"}]}, {"base_span": [67, 73], "annotations": [{"nertag": "O"}]}, {"base_span": [74, 76], "annotations": [{"nertag": "O"}]}, {"base_span": [77, 85], "annotations": [{"nertag": "O"}]}, {"base_span": [86, 92], "annotations": [{"nertag": "O"}]}, {"base_span": [92, 93], "annotations": [{"nertag": "O"}]}, {"base_span": [95, 102], "annotations": [{"nertag": "B-PER"}]}, {"base_span": [103, 108], "annotations": [{"nertag": "I-PER"}]}, {"base_span": [109, 115], "annotations": [{"nertag": "O"}]}, {"base_span": [116, 124], "annotations": [{"nertag": "B-LOC_ORG"}]}, {"base_span": [125, 130], "annotations": [{"nertag": "I-LOC_ORG"}]}, {"base_span": [131, 139], "annotations": [{"nertag": "O"}]}, {"base_span": [140, 144], "annotations": [{"nertag": "O"}]}, {"base_span": [145, 150], "annotations": [{"nertag": "O"}]}, {"base_span": [151, 153], "annotations": [{"nertag": "O"}]}, {"base_span": [154, 161], "annotations": [{"nertag": "O"}]}, {"base_span": [162, 165], "annotations": [{"nertag": "O"}]}, {"base_span": [166, 172], "annotations": [{"nertag": "O"}]}, {"base_span": [173, 179], "annotations": [{"nertag": "O"}]}, {"base_span": [180, 186], "annotations": [{"nertag": "O"}]}, {"base_span": [187, 192], "annotations": [{"nertag": "O"}]}, {"base_span": [193, 198], "annotations": [{"nertag": "O"}]}, {"base_span": [199, 204], "annotations": [{"nertag": "O"}]}, {"base_span": [205, 213], "annotations": [{"nertag": "O"}]}, {"base_span": [214, 222], "annotations": [{"nertag": "B-LOC"}]}, {"base_span": [223, 225], "annotations": [{"nertag": "O"}]}, {"base_span": [226, 231], "annotations": [{"nertag": "O"}]}, {"base_span": [231, 232], "annotations": [{"nertag": "O"}]}, {"base_span": [233, 235], "annotations": [{"nertag": "O"}]}, {"base_span": [236, 240], "annotations": [{"nertag": "O"}]}, {"base_span": [241, 246], "annotations": [{"nertag": "O"}]}, {"base_span": [247, 257], "annotations": [{"nertag": "O"}]}, {"base_span": [258, 262], "annotations": [{"nertag": "O"}]}, {"base_span": [263, 267], "annotations": [{"nertag": "O"}]}, {"base_span": [268, 273], "annotations": [{"nertag": "O"}]}, {"base_span": [274, 276], "annotations": [{"nertag": "O"}]}, {"base_span": [277, 282], "annotations": [{"nertag": "O"}]}, {"base_span": [283, 288], "annotations": [{"nertag": "O"}]}, {"base_span": [288, 289], "annotations": [{"nertag": "O"}]}, {"base_span": [291, 292], "annotations": [{"nertag": "O"}]}, {"base_span": [293, 298], "annotations": [{"nertag": "O"}]}, {"base_span": [299, 303], "annotations": [{"nertag": "O"}]}, {"base_span": [304, 308], "annotations": [{"nertag": "O"}]}, {"base_span": [309, 311], "annotations": [{"nertag": "O"}]}, {"base_span": [312, 315], "annotations": [{"nertag": "O"}]}, {"base_span": [316, 321], "annotations": [{"nertag": "O"}]}, {"base_span": [322, 329], "annotations": [{"nertag": "O"}]}, {"base_span": [330, 335], "annotations": [{"nertag": "O"}]}, {"base_span": [335, 336], "annotations": [{"nertag": "O"}]}, {"base_span": [337, 342], "annotations": [{"nertag": "O"}]}, {"base_span": [343, 348], "annotations": [{"nertag": "O"}]}, {"base_span": [349, 353], "annotations": [{"nertag": "O"}]}, {"base_span": [354, 355], "annotations": [{"nertag": "B-PER"}]}, {"base_span": [355, 356], "annotations": [{"nertag": "I-PER"}]}, {"base_span": [357, 362], "annotations": [{"nertag": "I-PER"}]}, {"base_span": [363, 365], "annotations": [{"nertag": "O"}]}, {"base_span": [366, 373], "annotations": [{"nertag": "O"}]}, {"base_span": [374, 380], "annotations": [{"nertag": "O"}]}, {"base_span": [381, 386], "annotations": [{"nertag": "O"}]}, {"base_span": [387, 392], "annotations": [{"nertag": "O"}]}, {"base_span": [393, 398], "annotations": [{"nertag": "O"}]}, {"base_span": [399, 403], "annotations": [{"nertag": "O"}]}, {"base_span": [404, 405], "annotations": [{"nertag": "O"}]}, {"base_span": [406, 409], "annotations": [{"nertag": "O"}]}, {"base_span": [409, 410], "annotations": [{"nertag": "O"}]}, {"base_span": [411, 416], "annotations": [{"nertag": "O"}]}, {"base_span": [417, 423], "annotations": [{"nertag": "O"}]}, {"base_span": [424, 427], "annotations": [{"nertag": "O"}]}, {"base_span": [428, 435], "annotations": [{"nertag": "O"}]}, {"base_span": [436, 441], "annotations": [{"nertag": "O"}]}, {"base_span": [442, 444], "annotations": [{"nertag": "O"}]}, {"base_span": [445, 447], "annotations": [{"nertag": "O"}]}, {"base_span": [448, 450], "annotations": [{"nertag": "O"}]}, {"base_span": [451, 455], "annotations": [{"nertag": "O"}]}, {"base_span": [456, 458], "annotations": [{"nertag": "O"}]}, {"base_span": [459, 464], "annotations": [{"nertag": "O"}]}, {"base_span": [465, 468], "annotations": [{"nertag": "O"}]}, {"base_span": [469, 474], "annotations": [{"nertag": "O"}]}, {"base_span": [475, 481], "annotations": [{"nertag": "O"}]}, {"base_span": [482, 487], "annotations": [{"nertag": "O"}]}, {"base_span": [488, 497], "annotations": [{"nertag": "O"}]}, {"base_span": [498, 502], "annotations": [{"nertag": "O"}]}, {"base_span": [503, 510], "annotations": [{"nertag": "O"}]}, {"base_span": [511, 515], "annotations": [{"nertag": "O"}]}, {"base_span": [516, 522], "annotations": [{"nertag": "O"}]}, {"base_span": [523, 525], "annotations": [{"nertag": "O"}]}, {"base_span": [526, 528], "annotations": [{"nertag": "O"}]}, {"base_span": [529, 534], "annotations": [{"nertag": "O"}]}, {"base_span": [535, 540], "annotations": [{"nertag": "O"}]}, {"base_span": [540, 541], "annotations": [{"nertag": "O"}]}, {"base_span": [543, 554], "annotations": [{"nertag": "O"}]}, {"base_span": [554, 555], "annotations": [{"nertag": "O"}]}, {"base_span": [556, 562], "annotations": [{"nertag": "B-PER"}]}, {"base_span": [563, 571], "annotations": [{"nertag": "I-PER"}]}, {"base_span": [572, 575], "annotations": [{"nertag": "O"}]}, {"base_span": [577, 584], "annotations": [{"nertag": "O"}]}, {"base_span": [584, 585], "annotations": [{"nertag": "O"}]}, {"base_span": [586, 590], "annotations": [{"nertag": "B-PER"}]}, {"base_span": [591, 597], "annotations": [{"nertag": "I-PER"}]}, {"base_span": [598, 601], "annotations": [{"nertag": "O"}]}, {"base_span": [603, 615], "annotations": [{"nertag": "O"}]}, {"base_span": [615, 616], "annotations": [{"nertag": "O"}]}, {"base_span": [617, 621], "annotations": [{"nertag": "B-PER"}]}, {"base_span": [622, 631], "annotations": [{"nertag": "I-PER"}]}, {"base_span": [632, 635], "annotations": [{"nertag": "O"}]}, {"base_span": [637, 646], "annotations": [{"nertag": "O"}]}, {"base_span": [646, 647], "annotations": [{"nertag": "O"}]}, {"base_span": [648, 651], "annotations": [{"nertag": "B-PER"}]}, {"base_span": [652, 656], "annotations": [{"nertag": "I-PER"}]}, {"base_span": [657, 660], "annotations": [{"nertag": "O"}]}, {"base_span": [662, 663], "annotations": [{"nertag": "O"}]}, {"base_span": [664, 668], "annotations": [{"nertag": "B-PER"}]}, {"base_span": [669, 678], "annotations": [{"nertag": "I-PER"}]}, {"base_span": [679, 682], "annotations": [{"nertag": "O"}]}]}]}