{"text": "\nLepping.\n\nAstusiwad kohtu ette lesk Ewa Hansel ja tema p Peter Hansel Adawere wallast ja palusiwad maha kirjutada, lesk Ewa Hansel müüb oma sauna saja rubla eest millest juba nelikümmend rbl kätte saanud oma pojale Peter Hanselile ära selle tingimisega, et poeg teda siis toidab seni kaua kui te elab, nimetatud saun on Adawere wallas Kaera talus Hans Okase päralt olewa maa peal.\n\nPeter Hansel /allkiri/\n\nLesk Ewa Hansel palwe peale allakirjutanud Juhan Lippur /allkiri/.\n\nLeping sai pooldele ette loetud nende poolt rahulolemisega alla kirjutatud ja kohtu poolt kinnitatud.\n\nLepingu tegijad oliwad kohtule tuntud.\n\nEesistnik H. Sakjas /allkiri/\n\nKohtumees M. Lettens /allkiri/\n\nKohtumees Ado Roosmann /allkiri/\n\nKirjutaja Ernst Türk /allkiri/\n\n\n", "meta": {"origin_directory": "vallakohus_neljas/"}, "layers": [{"name": "gold_ner", "attributes": ["nertag"], "parent": null, "enveloping": null, "ambiguous": false, "serialisation_module": null, "meta": {}, "spans": [{"base_span": [37, 47], "annotations": [{"nertag": "PER"}]}, {"base_span": [58, 70], "annotations": [{"nertag": "PER"}]}, {"base_span": [71, 86], "annotations": [{"nertag": "LOC_ORG"}]}, {"base_span": [121, 131], "annotations": [{"nertag": "PER"}]}, {"base_span": [216, 231], "annotations": [{"nertag": "PER"}]}, {"base_span": [321, 335], "annotations": [{"nertag": "LOC_ORG"}]}, {"base_span": [336, 347], "annotations": [{"nertag": "LOC_ORG"}]}, {"base_span": [348, 358], "annotations": [{"nertag": "PER"}]}, {"base_span": [383, 395], "annotations": [{"nertag": "PER"}]}, {"base_span": [412, 422], "annotations": [{"nertag": "PER"}]}, {"base_span": [450, 462], "annotations": [{"nertag": "PER"}]}, {"base_span": [628, 637], "annotations": [{"nertag": "PER"}]}, {"base_span": [659, 669], "annotations": [{"nertag": "PER"}]}, {"base_span": [691, 703], "annotations": [{"nertag": "PER"}]}, {"base_span": [725, 735], "annotations": [{"nertag": "PER"}]}]}, {"name": "gold_wordner", "attributes": ["nertag"], "parent": null, "enveloping": null, "ambiguous": false, "serialisation_module": null, "meta": {}, "spans": [{"base_span": [1, 8], "annotations": [{"nertag": "O"}]}, {"base_span": [8, 9], "annotations": [{"nertag": "O"}]}, {"base_span": [11, 20], "annotations": [{"nertag": "O"}]}, {"base_span": [21, 26], "annotations": [{"nertag": "O"}]}, {"base_span": [27, 31], "annotations": [{"nertag": "O"}]}, {"base_span": [32, 36], "annotations": [{"nertag": "O"}]}, {"base_span": [37, 40], "annotations": [{"nertag": "B-PER"}]}, {"base_span": [41, 47], "annotations": [{"nertag": "I-PER"}]}, {"base_span": [48, 50], "annotations": [{"nertag": "O"}]}, {"base_span": [51, 55], "annotations": [{"nertag": "O"}]}, {"base_span": [56, 57], "annotations": [{"nertag": "O"}]}, {"base_span": [58, 63], "annotations": [{"nertag": "B-PER"}]}, {"base_span": [64, 70], "annotations": [{"nertag": "I-PER"}]}, {"base_span": [71, 78], "annotations": [{"nertag": "B-LOC_ORG"}]}, {"base_span": [79, 86], "annotations": [{"nertag": "I-LOC_ORG"}]}, {"base_span": [87, 89], "annotations": [{"nertag": "O"}]}, {"base_span": [90, 99], "annotations": [{"nertag": "O"}]}, {"base_span": [100, 104], "annotations": [{"nertag": "O"}]}, {"base_span": [105, 114], "annotations": [{"nertag": "O"}]}, {"base_span": [114, 115], "annotations": [{"nertag": "O"}]}, {"base_span": [116, 120], "annotations": [{"nertag": "O"}]}, {"base_span": [121, 124], "annotations": [{"nertag": "B-PER"}]}, {"base_span": [125, 131], "annotations": [{"nertag": "I-PER"}]}, {"base_span": [132, 136], "annotations": [{"nertag": "O"}]}, {"base_span": [137, 140], "annotations": [{"nertag": "O"}]}, {"base_span": [141, 146], "annotations": [{"nertag": "O"}]}, {"base_span": [147, 151], "annotations": [{"nertag": "O"}]}, {"base_span": [152, 157], "annotations": [{"nertag": "O"}]}, {"base_span": [158, 162], "annotations": [{"nertag": "O"}]}, {"base_span": [163, 170], "annotations": [{"nertag": "O"}]}, {"base_span": [171, 175], "annotations": [{"nertag": "O"}]}, {"base_span": [176, 187], "annotations": [{"nertag": "O"}]}, {"base_span": [188, 191], "annotations": [{"nertag": "O"}]}, {"base_span": [192, 197], "annotations": [{"nertag": "O"}]}, {"base_span": [198, 204], "annotations": [{"nertag": "O"}]}, {"base_span": [205, 208], "annotations": [{"nertag": "O"}]}, {"base_span": [209, 215], "annotations": [{"nertag": "O"}]}, {"base_span": [216, 221], "annotations": [{"nertag": "B-PER"}]}, {"base_span": [222, 231], "annotations": [{"nertag": "I-PER"}]}, {"base_span": [232, 235], "annotations": [{"nertag": "O"}]}, {"base_span": [236, 241], "annotations": [{"nertag": "O"}]}, {"base_span": [242, 253], "annotations": [{"nertag": "O"}]}, {"base_span": [253, 254], "annotations": [{"nertag": "O"}]}, {"base_span": [255, 257], "annotations": [{"nertag": "O"}]}, {"base_span": [258, 262], "annotations": [{"nertag": "O"}]}, {"base_span": [263, 267], "annotations": [{"nertag": "O"}]}, {"base_span": [268, 272], "annotations": [{"nertag": "O"}]}, {"base_span": [273, 279], "annotations": [{"nertag": "O"}]}, {"base_span": [280, 284], "annotations": [{"nertag": "O"}]}, {"base_span": [285, 289], "annotations": [{"nertag": "O"}]}, {"base_span": [290, 293], "annotations": [{"nertag": "O"}]}, {"base_span": [294, 296], "annotations": [{"nertag": "O"}]}, {"base_span": [297, 301], "annotations": [{"nertag": "O"}]}, {"base_span": [301, 302], "annotations": [{"nertag": "O"}]}, {"base_span": [303, 312], "annotations": [{"nertag": "O"}]}, {"base_span": [313, 317], "annotations": [{"nertag": "O"}]}, {"base_span": [318, 320], "annotations": [{"nertag": "O"}]}, {"base_span": [321, 328], "annotations": [{"nertag": "B-LOC_ORG"}]}, {"base_span": [329, 335], "annotations": [{"nertag": "I-LOC_ORG"}]}, {"base_span": [336, 341], "annotations": [{"nertag": "B-LOC_ORG"}]}, {"base_span": [342, 347], "annotations": [{"nertag": "I-LOC_ORG"}]}, {"base_span": [348, 352], "annotations": [{"nertag": "B-PER"}]}, {"base_span": [353, 358], "annotations": [{"nertag": "I-PER"}]}, {"base_span": [359, 365], "annotations": [{"nertag": "O"}]}, {"base_span": [366, 371], "annotations": [{"nertag": "O"}]}, {"base_span": [372, 375], "annotations": [{"nertag": "O"}]}, {"base_span": [376, 380], "annotations": [{"nertag": "O"}]}, {"base_span": [380, 381], "annotations": [{"nertag": "O"}]}, {"base_span": [383, 388], "annotations": [{"nertag": "B-PER"}]}, {"base_span": [389, 395], "annotations": [{"nertag": "I-PER"}]}, {"base_span": [396, 397], "annotations": [{"nertag": "O"}]}, {"base_span": [397, 404], "annotations": [{"nertag": "O"}]}, {"base_span": [404, 405], "annotations": [{"nertag": "O"}]}, {"base_span": [407, 411], "annotations": [{"nertag": "O"}]}, {"base_span": [412, 415], "annotations": [{"nertag": "B-PER"}]}, {"base_span": [416, 422], "annotations": [{"nertag": "I-PER"}]}, {"base_span": [423, 428], "annotations": [{"nertag": "O"}]}, {"base_span": [429, 434], "annotations": [{"nertag": "O"}]}, {"base_span": [435, 449], "annotations": [{"nertag": "O"}]}, {"base_span": [450, 455], "annotations": [{"nertag": "B-PER"}]}, {"base_span": [456, 462], "annotations": [{"nertag": "I-PER"}]}, {"base_span": [463, 464], "annotations": [{"nertag": "O"}]}, {"base_span": [464, 471], "annotations": [{"nertag": "O"}]}, {"base_span": [471, 472], "annotations": [{"nertag": "O"}]}, {"base_span": [472, 473], "annotations": [{"nertag": "O"}]}, {"base_span": [475, 481], "annotations": [{"nertag": "O"}]}, {"base_span": [482, 485], "annotations": [{"nertag": "O"}]}, {"base_span": [486, 494], "annotations": [{"nertag": "O"}]}, {"base_span": [495, 499], "annotations": [{"nertag": "O"}]}, {"base_span": [500, 506], "annotations": [{"nertag": "O"}]}, {"base_span": [507, 512], "annotations": [{"nertag": "O"}]}, {"base_span": [513, 518], "annotations": [{"nertag": "O"}]}, {"base_span": [519, 533], "annotations": [{"nertag": "O"}]}, {"base_span": [534, 538], "annotations": [{"nertag": "O"}]}, {"base_span": [539, 549], "annotations": [{"nertag": "O"}]}, {"base_span": [550, 552], "annotations": [{"nertag": "O"}]}, {"base_span": [553, 558], "annotations": [{"nertag": "O"}]}, {"base_span": [559, 564], "annotations": [{"nertag": "O"}]}, {"base_span": [565, 575], "annotations": [{"nertag": "O"}]}, {"base_span": [575, 576], "annotations": [{"nertag": "O"}]}, {"base_span": [578, 585], "annotations": [{"nertag": "O"}]}, {"base_span": [586, 593], "annotations": [{"nertag": "O"}]}, {"base_span": [594, 600], "annotations": [{"nertag": "O"}]}, {"base_span": [601, 608], "annotations": [{"nertag": "O"}]}, {"base_span": [609, 615], "annotations": [{"nertag": "O"}]}, {"base_span": [615, 616], "annotations": [{"nertag": "O"}]}, {"base_span": [618, 627], "annotations": [{"nertag": "O"}]}, {"base_span": [628, 629], "annotations": [{"nertag": "B-PER"}]}, {"base_span": [629, 630], "annotations": [{"nertag": "I-PER"}]}, {"base_span": [631, 637], "annotations": [{"nertag": "I-PER"}]}, {"base_span": [638, 639], "annotations": [{"nertag": "O"}]}, {"base_span": [639, 646], "annotations": [{"nertag": "O"}]}, {"base_span": [646, 647], "annotations": [{"nertag": "O"}]}, {"base_span": [649, 658], "annotations": [{"nertag": "O"}]}, {"base_span": [659, 660], "annotations": [{"nertag": "B-PER"}]}, {"base_span": [660, 661], "annotations": [{"nertag": "I-PER"}]}, {"base_span": [662, 669], "annotations": [{"nertag": "I-PER"}]}, {"base_span": [670, 671], "annotations": [{"nertag": "O"}]}, {"base_span": [671, 678], "annotations": [{"nertag": "O"}]}, {"base_span": [678, 679], "annotations": [{"nertag": "O"}]}, {"base_span": [681, 690], "annotations": [{"nertag": "O"}]}, {"base_span": [691, 694], "annotations": [{"nertag": "B-PER"}]}, {"base_span": [695, 703], "annotations": [{"nertag": "I-PER"}]}, {"base_span": [704, 705], "annotations": [{"nertag": "O"}]}, {"base_span": [705, 712], "annotations": [{"nertag": "O"}]}, {"base_span": [712, 713], "annotations": [{"nertag": "O"}]}, {"base_span": [715, 724], "annotations": [{"nertag": "O"}]}, {"base_span": [725, 730], "annotations": [{"nertag": "B-PER"}]}, {"base_span": [731, 735], "annotations": [{"nertag": "I-PER"}]}, {"base_span": [736, 737], "annotations": [{"nertag": "O"}]}, {"base_span": [737, 744], "annotations": [{"nertag": "O"}]}, {"base_span": [744, 745], "annotations": [{"nertag": "O"}]}]}]}