{"text": "\nCodem.\n\nKohtus toodi Jaak Põllusaar, ja sai temmale ette\n\npantud kuddas temma tohhib moisa pealt 1 waat\n\nja 2 seddolkad rihma ja Leiro Hanso Tonnise käest 2-hed\n\nohjad warrastada, ja mis headda on tedda ajanud sedda tegge-\n\nma, mis peale Jaak Põllusaar utles, et temmal põlle ennamb\n\nkeddagi süija olnud.\n\nse peal sai moistetud\n\ntemma saap nüüd 24 tunnis keldrespantud ja kui\n\nweel üks kord peas temmast wargust ette tullema sis\n\nsaap üht Keiserliko Sillakohhust pallutud, keige kõwwem-\n\nba trahwi alla temma tõmmata.-\n\n                                                            Pea Kohtomees Tõnnis Tõllasep\n\n                                                                                                         XXX\n\n\n", "meta": {"origin_directory": "vallakohus_neljas/"}, "layers": [{"name": "gold_ner", "attributes": ["nertag"], "parent": null, "enveloping": null, "ambiguous": false, "serialisation_module": null, "meta": {}, "spans": [{"base_span": [22, 36], "annotations": [{"nertag": "PER"}]}, {"base_span": [130, 141], "annotations": [{"nertag": "LOC_ORG"}]}, {"base_span": [142, 149], "annotations": [{"nertag": "PER"}]}, {"base_span": [239, 253], "annotations": [{"nertag": "PER"}]}, {"base_span": [595, 610], "annotations": [{"nertag": "PER"}]}]}, {"name": "gold_wordner", "attributes": ["nertag"], "parent": null, "enveloping": null, "ambiguous": false, "serialisation_module": null, "meta": {}, "spans": [{"base_span": [1, 6], "annotations": [{"nertag": "O"}]}, {"base_span": [6, 7], "annotations": [{"nertag": "O"}]}, {"base_span": [9, 15], "annotations": [{"nertag": "O"}]}, {"base_span": [16, 21], "annotations": [{"nertag": "O"}]}, {"base_span": [22, 26], "annotations": [{"nertag": "B-PER"}]}, {"base_span": [27, 36], "annotations": [{"nertag": "I-PER"}]}, {"base_span": [36, 37], "annotations": [{"nertag": "O"}]}, {"base_span": [38, 40], "annotations": [{"nertag": "O"}]}, {"base_span": [41, 44], "annotations": [{"nertag": "O"}]}, {"base_span": [45, 52], "annotations": [{"nertag": "O"}]}, {"base_span": [53, 57], "annotations": [{"nertag": "O"}]}, {"base_span": [59, 65], "annotations": [{"nertag": "O"}]}, {"base_span": [66, 72], "annotations": [{"nertag": "O"}]}, {"base_span": [73, 78], "annotations": [{"nertag": "O"}]}, {"base_span": [79, 85], "annotations": [{"nertag": "O"}]}, {"base_span": [86, 91], "annotations": [{"nertag": "O"}]}, {"base_span": [92, 97], "annotations": [{"nertag": "O"}]}, {"base_span": [98, 99], "annotations": [{"nertag": "O"}]}, {"base_span": [100, 104], "annotations": [{"nertag": "O"}]}, {"base_span": [106, 108], "annotations": [{"nertag": "O"}]}, {"base_span": [109, 110], "annotations": [{"nertag": "O"}]}, {"base_span": [111, 120], "annotations": [{"nertag": "O"}]}, {"base_span": [121, 126], "annotations": [{"nertag": "O"}]}, {"base_span": [127, 129], "annotations": [{"nertag": "O"}]}, {"base_span": [130, 135], "annotations": [{"nertag": "B-LOC_ORG"}]}, {"base_span": [136, 141], "annotations": [{"nertag": "I-LOC_ORG"}]}, {"base_span": [142, 149], "annotations": [{"nertag": "B-PER"}]}, {"base_span": [150, 155], "annotations": [{"nertag": "O"}]}, {"base_span": [156, 157], "annotations": [{"nertag": "O"}]}, {"base_span": [157, 158], "annotations": [{"nertag": "O"}]}, {"base_span": [158, 161], "annotations": [{"nertag": "O"}]}, {"base_span": [163, 168], "annotations": [{"nertag": "O"}]}, {"base_span": [169, 179], "annotations": [{"nertag": "O"}]}, {"base_span": [179, 180], "annotations": [{"nertag": "O"}]}, {"base_span": [181, 183], "annotations": [{"nertag": "O"}]}, {"base_span": [184, 187], "annotations": [{"nertag": "O"}]}, {"base_span": [188, 194], "annotations": [{"nertag": "O"}]}, {"base_span": [195, 197], "annotations": [{"nertag": "O"}]}, {"base_span": [198, 203], "annotations": [{"nertag": "O"}]}, {"base_span": [204, 210], "annotations": [{"nertag": "O"}]}, {"base_span": [211, 216], "annotations": [{"nertag": "O"}]}, {"base_span": [217, 222], "annotations": [{"nertag": "O"}]}, {"base_span": [222, 223], "annotations": [{"nertag": "O"}]}, {"base_span": [225, 227], "annotations": [{"nertag": "O"}]}, {"base_span": [227, 228], "annotations": [{"nertag": "O"}]}, {"base_span": [229, 232], "annotations": [{"nertag": "O"}]}, {"base_span": [233, 238], "annotations": [{"nertag": "O"}]}, {"base_span": [239, 243], "annotations": [{"nertag": "B-PER"}]}, {"base_span": [244, 253], "annotations": [{"nertag": "I-PER"}]}, {"base_span": [254, 259], "annotations": [{"nertag": "O"}]}, {"base_span": [259, 260], "annotations": [{"nertag": "O"}]}, {"base_span": [261, 263], "annotations": [{"nertag": "O"}]}, {"base_span": [264, 270], "annotations": [{"nertag": "O"}]}, {"base_span": [271, 276], "annotations": [{"nertag": "O"}]}, {"base_span": [277, 283], "annotations": [{"nertag": "O"}]}, {"base_span": [285, 292], "annotations": [{"nertag": "O"}]}, {"base_span": [293, 298], "annotations": [{"nertag": "O"}]}, {"base_span": [299, 304], "annotations": [{"nertag": "O"}]}, {"base_span": [304, 305], "annotations": [{"nertag": "O"}]}, {"base_span": [307, 309], "annotations": [{"nertag": "O"}]}, {"base_span": [310, 314], "annotations": [{"nertag": "O"}]}, {"base_span": [315, 318], "annotations": [{"nertag": "O"}]}, {"base_span": [319, 328], "annotations": [{"nertag": "O"}]}, {"base_span": [330, 335], "annotations": [{"nertag": "O"}]}, {"base_span": [336, 340], "annotations": [{"nertag": "O"}]}, {"base_span": [341, 345], "annotations": [{"nertag": "O"}]}, {"base_span": [346, 348], "annotations": [{"nertag": "O"}]}, {"base_span": [349, 355], "annotations": [{"nertag": "O"}]}, {"base_span": [356, 369], "annotations": [{"nertag": "O"}]}, {"base_span": [370, 372], "annotations": [{"nertag": "O"}]}, {"base_span": [373, 376], "annotations": [{"nertag": "O"}]}, {"base_span": [378, 382], "annotations": [{"nertag": "O"}]}, {"base_span": [383, 386], "annotations": [{"nertag": "O"}]}, {"base_span": [387, 391], "annotations": [{"nertag": "O"}]}, {"base_span": [392, 396], "annotations": [{"nertag": "O"}]}, {"base_span": [397, 404], "annotations": [{"nertag": "O"}]}, {"base_span": [405, 412], "annotations": [{"nertag": "O"}]}, {"base_span": [413, 417], "annotations": [{"nertag": "O"}]}, {"base_span": [418, 425], "annotations": [{"nertag": "O"}]}, {"base_span": [426, 429], "annotations": [{"nertag": "O"}]}, {"base_span": [431, 435], "annotations": [{"nertag": "O"}]}, {"base_span": [436, 439], "annotations": [{"nertag": "O"}]}, {"base_span": [440, 450], "annotations": [{"nertag": "O"}]}, {"base_span": [451, 463], "annotations": [{"nertag": "O"}]}, {"base_span": [464, 472], "annotations": [{"nertag": "O"}]}, {"base_span": [472, 473], "annotations": [{"nertag": "O"}]}, {"base_span": [474, 479], "annotations": [{"nertag": "O"}]}, {"base_span": [480, 486], "annotations": [{"nertag": "O"}]}, {"base_span": [486, 487], "annotations": [{"nertag": "O"}]}, {"base_span": [489, 491], "annotations": [{"nertag": "O"}]}, {"base_span": [492, 498], "annotations": [{"nertag": "O"}]}, {"base_span": [499, 503], "annotations": [{"nertag": "O"}]}, {"base_span": [504, 509], "annotations": [{"nertag": "O"}]}, {"base_span": [510, 517], "annotations": [{"nertag": "O"}]}, {"base_span": [517, 518], "annotations": [{"nertag": "O"}]}, {"base_span": [518, 519], "annotations": [{"nertag": "O"}]}, {"base_span": [581, 584], "annotations": [{"nertag": "O"}]}, {"base_span": [585, 594], "annotations": [{"nertag": "O"}]}, {"base_span": [595, 601], "annotations": [{"nertag": "B-PER"}]}, {"base_span": [602, 610], "annotations": [{"nertag": "I-PER"}]}, {"base_span": [717, 720], "annotations": [{"nertag": "O"}]}]}]}