{"text": "\nHans Wolt tõstis kaebtust et olema temal ösel 30/31 Augustil üks linnopuu ajast äravarastud 40 Rubla wärt ja olema nüid selle tühja puu Mudiste peremehe Mart Läne aidast üleseleidnud; ka olema Mudiste poisi Jürri Kuld wana pitk kuub magusaga olnud ja teise poisil Jaan Sik palle paistetanud wist mesilase nõelamisest; palub nüid kohut asja ülekulata\n\nKohtumees Jakob Peters seletas, et olema Mart Läne selle puu tühjalt oma metsast leidnud ütelnud olema ja kui tema esimest korda poisi riited läbi vatanud on Jürri Kuld selle wana kub ärasalganud ja pärast kui leidnud, selle kuel üks magusa märk külges olnud, keda ka nüüd kohtule ettenäitas, ja kohtuliikmete poolest se magusa märk kue sees õigeks arwatud sai\n\nEllo Läne tunnistas, et olema tema kolmapäew omiku kuiwad kärjed Mudiste metsast leidnud ja ka se tühi magusapuu püstiseisnud, tema siis need kärjed oma rättiku sissepannud ja koduwiinud\n\nMart Kui... tunnistas kuulnud kui Kai Läne räkinud ei tea kes need mesikäppad on, sest laupäev käitud meie poiste kuube nusutamas.\n\nMudiste peremees Mart Läne vastas, et olema tema Ello Läne räkimise järel selle tühja linnopuu oma metsast wäljatonud, mis ka keik tema perre näinud ja poisid seda siis koduwia awitanud ja selle leidmise üle kõrtsi juurde teadust saatnud. Seda küll mitte tähele pannud ei ole, missugune kuub Jürri Kullal selkorral selgas olnud\n\nJürri Kuld vastas, et olema Mart Läne ennemalt selle puu üksi metsast wäljatonud ja siis teda wäljapealt abiks kutsunud kandma, mis tühi olnud; muud tema sellest asjast mitte midagi ei teadma. Sellest pitka kue plekist midagid ei tea, ja seda vana kuube ka esite kohtumehele ei ole näidata mõistnud ega teadnud\n\nMarri Nano andis tunnistust mitte tähele panna mis kuub Jürri Kullal sekord selgas olnud, kui peremehele abiks läinud seda linno puud kandma. Ka läinud tema selle linno puu jurde, kui peremees seda lepikust väljatonud, ja näinud et puu tühi ja mõned surnud mesilased sees\n\nMall Tikkut ja Ann Mudist tunnistasid sedasama ja mitte ei mäletama mis rie Jürril Kullal sekord selgas olnud\n\n\n", "meta": {"origin_directory": "vallakohus_kolmas/"}, "layers": [{"name": "gold_ner", "attributes": ["nertag"], "parent": null, "enveloping": null, "ambiguous": false, "serialisation_module": null, "meta": {}, "spans": [{"base_span": [1, 10], "annotations": [{"nertag": "PER"}]}, {"base_span": [137, 144], "annotations": [{"nertag": "LOC_ORG"}]}, {"base_span": [154, 163], "annotations": [{"nertag": "PER"}]}, {"base_span": [194, 201], "annotations": [{"nertag": "LOC_ORG"}]}, {"base_span": [208, 218], "annotations": [{"nertag": "PER"}]}, {"base_span": [265, 273], "annotations": [{"nertag": "PER"}]}, {"base_span": [362, 374], "annotations": [{"nertag": "PER"}]}, {"base_span": [393, 402], "annotations": [{"nertag": "PER"}]}, {"base_span": [510, 520], "annotations": [{"nertag": "PER"}]}, {"base_span": [714, 723], "annotations": [{"nertag": "PER"}]}, {"base_span": [779, 794], "annotations": [{"nertag": "LOC"}]}, {"base_span": [902, 913], "annotations": [{"nertag": "PER"}]}, {"base_span": [936, 944], "annotations": [{"nertag": "PER"}]}, {"base_span": [1034, 1041], "annotations": [{"nertag": "LOC_ORG"}]}, {"base_span": [1051, 1060], "annotations": [{"nertag": "PER"}]}, {"base_span": [1083, 1092], "annotations": [{"nertag": "PER"}]}, {"base_span": [1326, 1338], "annotations": [{"nertag": "PER"}]}, {"base_span": [1363, 1373], "annotations": [{"nertag": "PER"}]}, {"base_span": [1391, 1400], "annotations": [{"nertag": "PER"}]}, {"base_span": [1675, 1685], "annotations": [{"nertag": "PER"}]}, {"base_span": [1731, 1743], "annotations": [{"nertag": "PER"}]}, {"base_span": [1948, 1959], "annotations": [{"nertag": "PER"}]}, {"base_span": [1963, 1973], "annotations": [{"nertag": "PER"}]}, {"base_span": [2024, 2037], "annotations": [{"nertag": "PER"}]}]}, {"name": "gold_wordner", "attributes": ["nertag"], "parent": null, "enveloping": null, "ambiguous": false, "serialisation_module": null, "meta": {}, "spans": [{"base_span": [1, 5], "annotations": [{"nertag": "B-PER"}]}, {"base_span": [6, 10], "annotations": [{"nertag": "I-PER"}]}, {"base_span": [11, 17], "annotations": [{"nertag": "O"}]}, {"base_span": [18, 26], "annotations": [{"nertag": "O"}]}, {"base_span": [27, 29], "annotations": [{"nertag": "O"}]}, {"base_span": [30, 35], "annotations": [{"nertag": "O"}]}, {"base_span": [36, 41], "annotations": [{"nertag": "O"}]}, {"base_span": [42, 46], "annotations": [{"nertag": "O"}]}, {"base_span": [47, 49], "annotations": [{"nertag": "O"}]}, {"base_span": [49, 50], "annotations": [{"nertag": "O"}]}, {"base_span": [50, 52], "annotations": [{"nertag": "O"}]}, {"base_span": [53, 61], "annotations": [{"nertag": "O"}]}, {"base_span": [62, 65], "annotations": [{"nertag": "O"}]}, {"base_span": [66, 74], "annotations": [{"nertag": "O"}]}, {"base_span": [75, 80], "annotations": [{"nertag": "O"}]}, {"base_span": [81, 92], "annotations": [{"nertag": "O"}]}, {"base_span": [93, 95], "annotations": [{"nertag": "O"}]}, {"base_span": [96, 101], "annotations": [{"nertag": "O"}]}, {"base_span": [102, 106], "annotations": [{"nertag": "O"}]}, {"base_span": [107, 109], "annotations": [{"nertag": "O"}]}, {"base_span": [110, 115], "annotations": [{"nertag": "O"}]}, {"base_span": [116, 120], "annotations": [{"nertag": "O"}]}, {"base_span": [121, 126], "annotations": [{"nertag": "O"}]}, {"base_span": [127, 132], "annotations": [{"nertag": "O"}]}, {"base_span": [133, 136], "annotations": [{"nertag": "O"}]}, {"base_span": [137, 144], "annotations": [{"nertag": "B-LOC_ORG"}]}, {"base_span": [145, 153], "annotations": [{"nertag": "O"}]}, {"base_span": [154, 158], "annotations": [{"nertag": "B-PER"}]}, {"base_span": [159, 163], "annotations": [{"nertag": "I-PER"}]}, {"base_span": [164, 170], "annotations": [{"nertag": "O"}]}, {"base_span": [171, 183], "annotations": [{"nertag": "O"}]}, {"base_span": [183, 184], "annotations": [{"nertag": "O"}]}, {"base_span": [185, 187], "annotations": [{"nertag": "O"}]}, {"base_span": [188, 193], "annotations": [{"nertag": "O"}]}, {"base_span": [194, 201], "annotations": [{"nertag": "B-LOC_ORG"}]}, {"base_span": [202, 207], "annotations": [{"nertag": "O"}]}, {"base_span": [208, 213], "annotations": [{"nertag": "B-PER"}]}, {"base_span": [214, 218], "annotations": [{"nertag": "I-PER"}]}, {"base_span": [219, 223], "annotations": [{"nertag": "O"}]}, {"base_span": [224, 228], "annotations": [{"nertag": "O"}]}, {"base_span": [229, 233], "annotations": [{"nertag": "O"}]}, {"base_span": [234, 242], "annotations": [{"nertag": "O"}]}, {"base_span": [243, 248], "annotations": [{"nertag": "O"}]}, {"base_span": [249, 251], "annotations": [{"nertag": "O"}]}, {"base_span": [252, 257], "annotations": [{"nertag": "O"}]}, {"base_span": [258, 264], "annotations": [{"nertag": "O"}]}, {"base_span": [265, 269], "annotations": [{"nertag": "B-PER"}]}, {"base_span": [270, 273], "annotations": [{"nertag": "I-PER"}]}, {"base_span": [274, 279], "annotations": [{"nertag": "O"}]}, {"base_span": [280, 291], "annotations": [{"nertag": "O"}]}, {"base_span": [292, 296], "annotations": [{"nertag": "O"}]}, {"base_span": [297, 305], "annotations": [{"nertag": "O"}]}, {"base_span": [306, 317], "annotations": [{"nertag": "O"}]}, {"base_span": [317, 318], "annotations": [{"nertag": "O"}]}, {"base_span": [319, 324], "annotations": [{"nertag": "O"}]}, {"base_span": [325, 329], "annotations": [{"nertag": "O"}]}, {"base_span": [330, 335], "annotations": [{"nertag": "O"}]}, {"base_span": [336, 340], "annotations": [{"nertag": "O"}]}, {"base_span": [341, 350], "annotations": [{"nertag": "O"}]}, {"base_span": [352, 361], "annotations": [{"nertag": "O"}]}, {"base_span": [362, 367], "annotations": [{"nertag": "B-PER"}]}, {"base_span": [368, 374], "annotations": [{"nertag": "I-PER"}]}, {"base_span": [375, 382], "annotations": [{"nertag": "O"}]}, {"base_span": [382, 383], "annotations": [{"nertag": "O"}]}, {"base_span": [384, 386], "annotations": [{"nertag": "O"}]}, {"base_span": [387, 392], "annotations": [{"nertag": "O"}]}, {"base_span": [393, 397], "annotations": [{"nertag": "B-PER"}]}, {"base_span": [398, 402], "annotations": [{"nertag": "I-PER"}]}, {"base_span": [403, 408], "annotations": [{"nertag": "O"}]}, {"base_span": [409, 412], "annotations": [{"nertag": "O"}]}, {"base_span": [413, 420], "annotations": [{"nertag": "O"}]}, {"base_span": [421, 424], "annotations": [{"nertag": "O"}]}, {"base_span": [425, 432], "annotations": [{"nertag": "O"}]}, {"base_span": [433, 440], "annotations": [{"nertag": "O"}]}, {"base_span": [441, 448], "annotations": [{"nertag": "O"}]}, {"base_span": [449, 454], "annotations": [{"nertag": "O"}]}, {"base_span": [455, 457], "annotations": [{"nertag": "O"}]}, {"base_span": [458, 461], "annotations": [{"nertag": "O"}]}, {"base_span": [462, 466], "annotations": [{"nertag": "O"}]}, {"base_span": [467, 474], "annotations": [{"nertag": "O"}]}, {"base_span": [475, 480], "annotations": [{"nertag": "O"}]}, {"base_span": [481, 486], "annotations": [{"nertag": "O"}]}, {"base_span": [487, 493], "annotations": [{"nertag": "O"}]}, {"base_span": [494, 498], "annotations": [{"nertag": "O"}]}, {"base_span": [499, 506], "annotations": [{"nertag": "O"}]}, {"base_span": [507, 509], "annotations": [{"nertag": "O"}]}, {"base_span": [510, 515], "annotations": [{"nertag": "B-PER"}]}, {"base_span": [516, 520], "annotations": [{"nertag": "I-PER"}]}, {"base_span": [521, 526], "annotations": [{"nertag": "O"}]}, {"base_span": [527, 531], "annotations": [{"nertag": "O"}]}, {"base_span": [532, 535], "annotations": [{"nertag": "O"}]}, {"base_span": [536, 547], "annotations": [{"nertag": "O"}]}, {"base_span": [548, 550], "annotations": [{"nertag": "O"}]}, {"base_span": [551, 557], "annotations": [{"nertag": "O"}]}, {"base_span": [558, 561], "annotations": [{"nertag": "O"}]}, {"base_span": [562, 569], "annotations": [{"nertag": "O"}]}, {"base_span": [569, 570], "annotations": [{"nertag": "O"}]}, {"base_span": [571, 576], "annotations": [{"nertag": "O"}]}, {"base_span": [577, 581], "annotations": [{"nertag": "O"}]}, {"base_span": [582, 585], "annotations": [{"nertag": "O"}]}, {"base_span": [586, 592], "annotations": [{"nertag": "O"}]}, {"base_span": [593, 597], "annotations": [{"nertag": "O"}]}, {"base_span": [598, 604], "annotations": [{"nertag": "O"}]}, {"base_span": [605, 610], "annotations": [{"nertag": "O"}]}, {"base_span": [610, 611], "annotations": [{"nertag": "O"}]}, {"base_span": [612, 616], "annotations": [{"nertag": "O"}]}, {"base_span": [617, 619], "annotations": [{"nertag": "O"}]}, {"base_span": [620, 624], "annotations": [{"nertag": "O"}]}, {"base_span": [625, 632], "annotations": [{"nertag": "O"}]}, {"base_span": [633, 643], "annotations": [{"nertag": "O"}]}, {"base_span": [643, 644], "annotations": [{"nertag": "O"}]}, {"base_span": [645, 647], "annotations": [{"nertag": "O"}]}, {"base_span": [648, 661], "annotations": [{"nertag": "O"}]}, {"base_span": [662, 669], "annotations": [{"nertag": "O"}]}, {"base_span": [670, 672], "annotations": [{"nertag": "O"}]}, {"base_span": [673, 679], "annotations": [{"nertag": "O"}]}, {"base_span": [680, 684], "annotations": [{"nertag": "O"}]}, {"base_span": [685, 688], "annotations": [{"nertag": "O"}]}, {"base_span": [689, 693], "annotations": [{"nertag": "O"}]}, {"base_span": [694, 700], "annotations": [{"nertag": "O"}]}, {"base_span": [701, 708], "annotations": [{"nertag": "O"}]}, {"base_span": [709, 712], "annotations": [{"nertag": "O"}]}, {"base_span": [714, 718], "annotations": [{"nertag": "B-PER"}]}, {"base_span": [719, 723], "annotations": [{"nertag": "I-PER"}]}, {"base_span": [724, 733], "annotations": [{"nertag": "O"}]}, {"base_span": [733, 734], "annotations": [{"nertag": "O"}]}, {"base_span": [735, 737], "annotations": [{"nertag": "O"}]}, {"base_span": [738, 743], "annotations": [{"nertag": "O"}]}, {"base_span": [744, 748], "annotations": [{"nertag": "O"}]}, {"base_span": [749, 758], "annotations": [{"nertag": "O"}]}, {"base_span": [759, 764], "annotations": [{"nertag": "O"}]}, {"base_span": [765, 771], "annotations": [{"nertag": "O"}]}, {"base_span": [772, 778], "annotations": [{"nertag": "O"}]}, {"base_span": [779, 786], "annotations": [{"nertag": "B-LOC"}]}, {"base_span": [787, 794], "annotations": [{"nertag": "I-LOC"}]}, {"base_span": [795, 802], "annotations": [{"nertag": "O"}]}, {"base_span": [803, 805], "annotations": [{"nertag": "O"}]}, {"base_span": [806, 808], "annotations": [{"nertag": "O"}]}, {"base_span": [809, 811], "annotations": [{"nertag": "O"}]}, {"base_span": [812, 816], "annotations": [{"nertag": "O"}]}, {"base_span": [817, 826], "annotations": [{"nertag": "O"}]}, {"base_span": [827, 839], "annotations": [{"nertag": "O"}]}, {"base_span": [839, 840], "annotations": [{"nertag": "O"}]}, {"base_span": [841, 845], "annotations": [{"nertag": "O"}]}, {"base_span": [846, 850], "annotations": [{"nertag": "O"}]}, {"base_span": [851, 855], "annotations": [{"nertag": "O"}]}, {"base_span": [856, 862], "annotations": [{"nertag": "O"}]}, {"base_span": [863, 866], "annotations": [{"nertag": "O"}]}, {"base_span": [867, 874], "annotations": [{"nertag": "O"}]}, {"base_span": [875, 886], "annotations": [{"nertag": "O"}]}, {"base_span": [887, 889], "annotations": [{"nertag": "O"}]}, {"base_span": [890, 900], "annotations": [{"nertag": "O"}]}, {"base_span": [902, 906], "annotations": [{"nertag": "B-PER"}]}, {"base_span": [907, 910], "annotations": [{"nertag": "I-PER"}]}, {"base_span": [910, 913], "annotations": [{"nertag": "I-PER"}]}, {"base_span": [914, 923], "annotations": [{"nertag": "O"}]}, {"base_span": [924, 931], "annotations": [{"nertag": "O"}]}, {"base_span": [932, 935], "annotations": [{"nertag": "O"}]}, {"base_span": [936, 939], "annotations": [{"nertag": "B-PER"}]}, {"base_span": [940, 944], "annotations": [{"nertag": "I-PER"}]}, {"base_span": [945, 952], "annotations": [{"nertag": "O"}]}, {"base_span": [953, 955], "annotations": [{"nertag": "O"}]}, {"base_span": [956, 959], "annotations": [{"nertag": "O"}]}, {"base_span": [960, 963], "annotations": [{"nertag": "O"}]}, {"base_span": [964, 968], "annotations": [{"nertag": "O"}]}, {"base_span": [969, 979], "annotations": [{"nertag": "O"}]}, {"base_span": [980, 982], "annotations": [{"nertag": "O"}]}, {"base_span": [982, 983], "annotations": [{"nertag": "O"}]}, {"base_span": [984, 988], "annotations": [{"nertag": "O"}]}, {"base_span": [989, 996], "annotations": [{"nertag": "O"}]}, {"base_span": [997, 1003], "annotations": [{"nertag": "O"}]}, {"base_span": [1004, 1008], "annotations": [{"nertag": "O"}]}, {"base_span": [1009, 1015], "annotations": [{"nertag": "O"}]}, {"base_span": [1016, 1021], "annotations": [{"nertag": "O"}]}, {"base_span": [1022, 1031], "annotations": [{"nertag": "O"}]}, {"base_span": [1031, 1032], "annotations": [{"nertag": "O"}]}, {"base_span": [1034, 1041], "annotations": [{"nertag": "B-LOC_ORG"}]}, {"base_span": [1042, 1050], "annotations": [{"nertag": "O"}]}, {"base_span": [1051, 1055], "annotations": [{"nertag": "B-PER"}]}, {"base_span": [1056, 1060], "annotations": [{"nertag": "I-PER"}]}, {"base_span": [1061, 1067], "annotations": [{"nertag": "O"}]}, {"base_span": [1067, 1068], "annotations": [{"nertag": "O"}]}, {"base_span": [1069, 1071], "annotations": [{"nertag": "O"}]}, {"base_span": [1072, 1077], "annotations": [{"nertag": "O"}]}, {"base_span": [1078, 1082], "annotations": [{"nertag": "O"}]}, {"base_span": [1083, 1087], "annotations": [{"nertag": "B-PER"}]}, {"base_span": [1088, 1092], "annotations": [{"nertag": "I-PER"}]}, {"base_span": [1093, 1101], "annotations": [{"nertag": "O"}]}, {"base_span": [1102, 1107], "annotations": [{"nertag": "O"}]}, {"base_span": [1108, 1113], "annotations": [{"nertag": "O"}]}, {"base_span": [1114, 1119], "annotations": [{"nertag": "O"}]}, {"base_span": [1120, 1128], "annotations": [{"nertag": "O"}]}, {"base_span": [1129, 1132], "annotations": [{"nertag": "O"}]}, {"base_span": [1133, 1140], "annotations": [{"nertag": "O"}]}, {"base_span": [1141, 1151], "annotations": [{"nertag": "O"}]}, {"base_span": [1151, 1152], "annotations": [{"nertag": "O"}]}, {"base_span": [1153, 1156], "annotations": [{"nertag": "O"}]}, {"base_span": [1157, 1159], "annotations": [{"nertag": "O"}]}, {"base_span": [1160, 1164], "annotations": [{"nertag": "O"}]}, {"base_span": [1165, 1169], "annotations": [{"nertag": "O"}]}, {"base_span": [1170, 1175], "annotations": [{"nertag": "O"}]}, {"base_span": [1176, 1182], "annotations": [{"nertag": "O"}]}, {"base_span": [1183, 1185], "annotations": [{"nertag": "O"}]}, {"base_span": [1186, 1192], "annotations": [{"nertag": "O"}]}, {"base_span": [1193, 1197], "annotations": [{"nertag": "O"}]}, {"base_span": [1198, 1202], "annotations": [{"nertag": "O"}]}, {"base_span": [1203, 1210], "annotations": [{"nertag": "O"}]}, {"base_span": [1211, 1219], "annotations": [{"nertag": "O"}]}, {"base_span": [1220, 1222], "annotations": [{"nertag": "O"}]}, {"base_span": [1223, 1228], "annotations": [{"nertag": "O"}]}, {"base_span": [1229, 1237], "annotations": [{"nertag": "O"}]}, {"base_span": [1238, 1241], "annotations": [{"nertag": "O"}]}, {"base_span": [1242, 1248], "annotations": [{"nertag": "O"}]}, {"base_span": [1249, 1255], "annotations": [{"nertag": "O"}]}, {"base_span": [1256, 1263], "annotations": [{"nertag": "O"}]}, {"base_span": [1264, 1271], "annotations": [{"nertag": "O"}]}, {"base_span": [1271, 1272], "annotations": [{"nertag": "O"}]}, {"base_span": [1273, 1277], "annotations": [{"nertag": "O"}]}, {"base_span": [1278, 1282], "annotations": [{"nertag": "O"}]}, {"base_span": [1283, 1288], "annotations": [{"nertag": "O"}]}, {"base_span": [1289, 1295], "annotations": [{"nertag": "O"}]}, {"base_span": [1296, 1302], "annotations": [{"nertag": "O"}]}, {"base_span": [1303, 1305], "annotations": [{"nertag": "O"}]}, {"base_span": [1306, 1309], "annotations": [{"nertag": "O"}]}, {"base_span": [1309, 1310], "annotations": [{"nertag": "O"}]}, {"base_span": [1311, 1320], "annotations": [{"nertag": "O"}]}, {"base_span": [1321, 1325], "annotations": [{"nertag": "O"}]}, {"base_span": [1326, 1331], "annotations": [{"nertag": "B-PER"}]}, {"base_span": [1332, 1338], "annotations": [{"nertag": "I-PER"}]}, {"base_span": [1339, 1348], "annotations": [{"nertag": "O"}]}, {"base_span": [1349, 1355], "annotations": [{"nertag": "O"}]}, {"base_span": [1356, 1361], "annotations": [{"nertag": "O"}]}, {"base_span": [1363, 1368], "annotations": [{"nertag": "B-PER"}]}, {"base_span": [1369, 1373], "annotations": [{"nertag": "I-PER"}]}, {"base_span": [1374, 1380], "annotations": [{"nertag": "O"}]}, {"base_span": [1380, 1381], "annotations": [{"nertag": "O"}]}, {"base_span": [1382, 1384], "annotations": [{"nertag": "O"}]}, {"base_span": [1385, 1390], "annotations": [{"nertag": "O"}]}, {"base_span": [1391, 1395], "annotations": [{"nertag": "B-PER"}]}, {"base_span": [1396, 1400], "annotations": [{"nertag": "I-PER"}]}, {"base_span": [1401, 1409], "annotations": [{"nertag": "O"}]}, {"base_span": [1410, 1415], "annotations": [{"nertag": "O"}]}, {"base_span": [1416, 1419], "annotations": [{"nertag": "O"}]}, {"base_span": [1420, 1424], "annotations": [{"nertag": "O"}]}, {"base_span": [1425, 1432], "annotations": [{"nertag": "O"}]}, {"base_span": [1433, 1443], "annotations": [{"nertag": "O"}]}, {"base_span": [1444, 1446], "annotations": [{"nertag": "O"}]}, {"base_span": [1447, 1451], "annotations": [{"nertag": "O"}]}, {"base_span": [1452, 1456], "annotations": [{"nertag": "O"}]}, {"base_span": [1457, 1467], "annotations": [{"nertag": "O"}]}, {"base_span": [1468, 1473], "annotations": [{"nertag": "O"}]}, {"base_span": [1474, 1482], "annotations": [{"nertag": "O"}]}, {"base_span": [1483, 1489], "annotations": [{"nertag": "O"}]}, {"base_span": [1489, 1490], "annotations": [{"nertag": "O"}]}, {"base_span": [1491, 1494], "annotations": [{"nertag": "O"}]}, {"base_span": [1495, 1499], "annotations": [{"nertag": "O"}]}, {"base_span": [1500, 1505], "annotations": [{"nertag": "O"}]}, {"base_span": [1505, 1506], "annotations": [{"nertag": "O"}]}, {"base_span": [1507, 1511], "annotations": [{"nertag": "O"}]}, {"base_span": [1512, 1516], "annotations": [{"nertag": "O"}]}, {"base_span": [1517, 1524], "annotations": [{"nertag": "O"}]}, {"base_span": [1525, 1531], "annotations": [{"nertag": "O"}]}, {"base_span": [1532, 1537], "annotations": [{"nertag": "O"}]}, {"base_span": [1538, 1544], "annotations": [{"nertag": "O"}]}, {"base_span": [1545, 1547], "annotations": [{"nertag": "O"}]}, {"base_span": [1548, 1554], "annotations": [{"nertag": "O"}]}, {"base_span": [1554, 1555], "annotations": [{"nertag": "O"}]}, {"base_span": [1556, 1563], "annotations": [{"nertag": "O"}]}, {"base_span": [1564, 1569], "annotations": [{"nertag": "O"}]}, {"base_span": [1570, 1573], "annotations": [{"nertag": "O"}]}, {"base_span": [1574, 1581], "annotations": [{"nertag": "O"}]}, {"base_span": [1582, 1589], "annotations": [{"nertag": "O"}]}, {"base_span": [1590, 1592], "annotations": [{"nertag": "O"}]}, {"base_span": [1593, 1596], "annotations": [{"nertag": "O"}]}, {"base_span": [1596, 1597], "annotations": [{"nertag": "O"}]}, {"base_span": [1598, 1600], "annotations": [{"nertag": "O"}]}, {"base_span": [1601, 1605], "annotations": [{"nertag": "O"}]}, {"base_span": [1606, 1610], "annotations": [{"nertag": "O"}]}, {"base_span": [1611, 1616], "annotations": [{"nertag": "O"}]}, {"base_span": [1617, 1619], "annotations": [{"nertag": "O"}]}, {"base_span": [1620, 1625], "annotations": [{"nertag": "O"}]}, {"base_span": [1626, 1637], "annotations": [{"nertag": "O"}]}, {"base_span": [1638, 1640], "annotations": [{"nertag": "O"}]}, {"base_span": [1641, 1644], "annotations": [{"nertag": "O"}]}, {"base_span": [1645, 1652], "annotations": [{"nertag": "O"}]}, {"base_span": [1653, 1661], "annotations": [{"nertag": "O"}]}, {"base_span": [1662, 1665], "annotations": [{"nertag": "O"}]}, {"base_span": [1666, 1673], "annotations": [{"nertag": "O"}]}, {"base_span": [1675, 1680], "annotations": [{"nertag": "B-PER"}]}, {"base_span": [1681, 1685], "annotations": [{"nertag": "I-PER"}]}, {"base_span": [1686, 1691], "annotations": [{"nertag": "O"}]}, {"base_span": [1692, 1702], "annotations": [{"nertag": "O"}]}, {"base_span": [1703, 1708], "annotations": [{"nertag": "O"}]}, {"base_span": [1709, 1715], "annotations": [{"nertag": "O"}]}, {"base_span": [1716, 1721], "annotations": [{"nertag": "O"}]}, {"base_span": [1722, 1725], "annotations": [{"nertag": "O"}]}, {"base_span": [1726, 1730], "annotations": [{"nertag": "O"}]}, {"base_span": [1731, 1736], "annotations": [{"nertag": "B-PER"}]}, {"base_span": [1737, 1743], "annotations": [{"nertag": "I-PER"}]}, {"base_span": [1744, 1750], "annotations": [{"nertag": "O"}]}, {"base_span": [1751, 1757], "annotations": [{"nertag": "O"}]}, {"base_span": [1758, 1763], "annotations": [{"nertag": "O"}]}, {"base_span": [1763, 1764], "annotations": [{"nertag": "O"}]}, {"base_span": [1765, 1768], "annotations": [{"nertag": "O"}]}, {"base_span": [1769, 1779], "annotations": [{"nertag": "O"}]}, {"base_span": [1780, 1785], "annotations": [{"nertag": "O"}]}, {"base_span": [1786, 1792], "annotations": [{"nertag": "O"}]}, {"base_span": [1793, 1797], "annotations": [{"nertag": "O"}]}, {"base_span": [1798, 1803], "annotations": [{"nertag": "O"}]}, {"base_span": [1804, 1808], "annotations": [{"nertag": "O"}]}, {"base_span": [1809, 1815], "annotations": [{"nertag": "O"}]}, {"base_span": [1815, 1816], "annotations": [{"nertag": "O"}]}, {"base_span": [1817, 1819], "annotations": [{"nertag": "O"}]}, {"base_span": [1820, 1826], "annotations": [{"nertag": "O"}]}, {"base_span": [1827, 1831], "annotations": [{"nertag": "O"}]}, {"base_span": [1832, 1837], "annotations": [{"nertag": "O"}]}, {"base_span": [1838, 1843], "annotations": [{"nertag": "O"}]}, {"base_span": [1844, 1847], "annotations": [{"nertag": "O"}]}, {"base_span": [1848, 1853], "annotations": [{"nertag": "O"}]}, {"base_span": [1853, 1854], "annotations": [{"nertag": "O"}]}, {"base_span": [1855, 1858], "annotations": [{"nertag": "O"}]}, {"base_span": [1859, 1867], "annotations": [{"nertag": "O"}]}, {"base_span": [1868, 1872], "annotations": [{"nertag": "O"}]}, {"base_span": [1873, 1881], "annotations": [{"nertag": "O"}]}, {"base_span": [1882, 1892], "annotations": [{"nertag": "O"}]}, {"base_span": [1892, 1893], "annotations": [{"nertag": "O"}]}, {"base_span": [1894, 1896], "annotations": [{"nertag": "O"}]}, {"base_span": [1897, 1903], "annotations": [{"nertag": "O"}]}, {"base_span": [1904, 1906], "annotations": [{"nertag": "O"}]}, {"base_span": [1907, 1910], "annotations": [{"nertag": "O"}]}, {"base_span": [1911, 1915], "annotations": [{"nertag": "O"}]}, {"base_span": [1916, 1918], "annotations": [{"nertag": "O"}]}, {"base_span": [1919, 1924], "annotations": [{"nertag": "O"}]}, {"base_span": [1925, 1931], "annotations": [{"nertag": "O"}]}, {"base_span": [1932, 1941], "annotations": [{"nertag": "O"}]}, {"base_span": [1942, 1946], "annotations": [{"nertag": "O"}]}, {"base_span": [1948, 1952], "annotations": [{"nertag": "B-PER"}]}, {"base_span": [1953, 1959], "annotations": [{"nertag": "I-PER"}]}, {"base_span": [1960, 1962], "annotations": [{"nertag": "O"}]}, {"base_span": [1963, 1966], "annotations": [{"nertag": "B-PER"}]}, {"base_span": [1967, 1973], "annotations": [{"nertag": "I-PER"}]}, {"base_span": [1974, 1985], "annotations": [{"nertag": "O"}]}, {"base_span": [1986, 1994], "annotations": [{"nertag": "O"}]}, {"base_span": [1995, 1997], "annotations": [{"nertag": "O"}]}, {"base_span": [1998, 2003], "annotations": [{"nertag": "O"}]}, {"base_span": [2004, 2006], "annotations": [{"nertag": "O"}]}, {"base_span": [2007, 2015], "annotations": [{"nertag": "O"}]}, {"base_span": [2016, 2019], "annotations": [{"nertag": "O"}]}, {"base_span": [2020, 2023], "annotations": [{"nertag": "O"}]}, {"base_span": [2024, 2030], "annotations": [{"nertag": "B-PER"}]}, {"base_span": [2031, 2037], "annotations": [{"nertag": "I-PER"}]}, {"base_span": [2038, 2044], "annotations": [{"nertag": "O"}]}, {"base_span": [2045, 2051], "annotations": [{"nertag": "O"}]}, {"base_span": [2052, 2057], "annotations": [{"nertag": "O"}]}]}]}