{"text": "Addawere kogukonna kohus sell 25. Mail 1890.\nKoos oliwad peakohtomees Hans Kors, kohtumehed Aleksander Pedriks, Mihkel Arming.\nTulid kohtu ette Aleksander Kokkus, Jaan Sander ja Lusika talu ostja Ado Tamm. Palusid maha kirjutada et Alekander Kokkus on 50 rub, wõlast Jaan Sander käest kätte saanud ja 100 rubla wõttab Ado Tamm oma peale tasuda mis 25 Mail 1891 ära maksma saab ja kirjutasid seia alla omma nimed.\nAdo Tamm /kolm risti/, Aleksander Kokkus /allkiri/, Jaan Sander /kolm risti/\nPeakohtomees Hans Kors /allkri/\nKohtomees Aleksander Pedriks /allkiri/, Mihkel Arming /allkiri/\n\n", "meta": {"origin_directory": "vallakohus_esimene/"}, "layers": [{"name": "gold_ner", "attributes": ["nertag"], "parent": null, "enveloping": null, "ambiguous": false, "serialisation_module": null, "meta": {}, "spans": [{"base_span": [0, 24], "annotations": [{"nertag": "ORG"}]}, {"base_span": [70, 79], "annotations": [{"nertag": "PER"}]}, {"base_span": [92, 110], "annotations": [{"nertag": "PER"}]}, {"base_span": [112, 125], "annotations": [{"nertag": "PER"}]}, {"base_span": [144, 161], "annotations": [{"nertag": "PER"}]}, {"base_span": [163, 174], "annotations": [{"nertag": "PER"}]}, {"base_span": [178, 189], "annotations": [{"nertag": "LOC_ORG"}]}, {"base_span": [196, 204], "annotations": [{"nertag": "PER"}]}, {"base_span": [232, 248], "annotations": [{"nertag": "PER"}]}, {"base_span": [267, 278], "annotations": [{"nertag": "PER"}]}, {"base_span": [318, 326], "annotations": [{"nertag": "PER"}]}, {"base_span": [413, 421], "annotations": [{"nertag": "PER"}]}, {"base_span": [436, 453], "annotations": [{"nertag": "PER"}]}, {"base_span": [465, 476], "annotations": [{"nertag": "PER"}]}, {"base_span": [503, 512], "annotations": [{"nertag": "PER"}]}, {"base_span": [532, 550], "annotations": [{"nertag": "PER"}]}, {"base_span": [562, 575], "annotations": [{"nertag": "PER"}]}]}, {"name": "gold_wordner", "attributes": ["nertag"], "parent": null, "enveloping": null, "ambiguous": false, "serialisation_module": null, "meta": {}, "spans": [{"base_span": [0, 8], "annotations": [{"nertag": "B-ORG"}]}, {"base_span": [9, 18], "annotations": [{"nertag": "I-ORG"}]}, {"base_span": [19, 24], "annotations": [{"nertag": "I-ORG"}]}, {"base_span": [25, 29], "annotations": [{"nertag": "O"}]}, {"base_span": [30, 33], "annotations": [{"nertag": "O"}]}, {"base_span": [34, 38], "annotations": [{"nertag": "O"}]}, {"base_span": [39, 44], "annotations": [{"nertag": "O"}]}, {"base_span": [45, 49], "annotations": [{"nertag": "O"}]}, {"base_span": [50, 56], "annotations": [{"nertag": "O"}]}, {"base_span": [57, 69], "annotations": [{"nertag": "O"}]}, {"base_span": [70, 74], "annotations": [{"nertag": "B-PER"}]}, {"base_span": [75, 79], "annotations": [{"nertag": "I-PER"}]}, {"base_span": [79, 80], "annotations": [{"nertag": "O"}]}, {"base_span": [81, 91], "annotations": [{"nertag": "O"}]}, {"base_span": [92, 102], "annotations": [{"nertag": "B-PER"}]}, {"base_span": [103, 110], "annotations": [{"nertag": "I-PER"}]}, {"base_span": [110, 111], "annotations": [{"nertag": "O"}]}, {"base_span": [112, 118], "annotations": [{"nertag": "B-PER"}]}, {"base_span": [119, 125], "annotations": [{"nertag": "I-PER"}]}, {"base_span": [125, 126], "annotations": [{"nertag": "O"}]}, {"base_span": [127, 132], "annotations": [{"nertag": "O"}]}, {"base_span": [133, 138], "annotations": [{"nertag": "O"}]}, {"base_span": [139, 143], "annotations": [{"nertag": "O"}]}, {"base_span": [144, 154], "annotations": [{"nertag": "B-PER"}]}, {"base_span": [155, 161], "annotations": [{"nertag": "I-PER"}]}, {"base_span": [161, 162], "annotations": [{"nertag": "O"}]}, {"base_span": [163, 167], "annotations": [{"nertag": "B-PER"}]}, {"base_span": [168, 174], "annotations": [{"nertag": "I-PER"}]}, {"base_span": [175, 177], "annotations": [{"nertag": "O"}]}, {"base_span": [178, 184], "annotations": [{"nertag": "B-LOC_ORG"}]}, {"base_span": [185, 189], "annotations": [{"nertag": "I-LOC_ORG"}]}, {"base_span": [190, 195], "annotations": [{"nertag": "O"}]}, {"base_span": [196, 199], "annotations": [{"nertag": "B-PER"}]}, {"base_span": [200, 204], "annotations": [{"nertag": "I-PER"}]}, {"base_span": [204, 205], "annotations": [{"nertag": "O"}]}, {"base_span": [206, 213], "annotations": [{"nertag": "O"}]}, {"base_span": [214, 218], "annotations": [{"nertag": "O"}]}, {"base_span": [219, 228], "annotations": [{"nertag": "O"}]}, {"base_span": [229, 231], "annotations": [{"nertag": "O"}]}, {"base_span": [232, 241], "annotations": [{"nertag": "B-PER"}]}, {"base_span": [242, 248], "annotations": [{"nertag": "I-PER"}]}, {"base_span": [249, 251], "annotations": [{"nertag": "O"}]}, {"base_span": [252, 254], "annotations": [{"nertag": "O"}]}, {"base_span": [255, 258], "annotations": [{"nertag": "O"}]}, {"base_span": [258, 259], "annotations": [{"nertag": "O"}]}, {"base_span": [260, 266], "annotations": [{"nertag": "O"}]}, {"base_span": [267, 271], "annotations": [{"nertag": "B-PER"}]}, {"base_span": [272, 278], "annotations": [{"nertag": "I-PER"}]}, {"base_span": [279, 284], "annotations": [{"nertag": "O"}]}, {"base_span": [285, 290], "annotations": [{"nertag": "O"}]}, {"base_span": [291, 297], "annotations": [{"nertag": "O"}]}, {"base_span": [298, 300], "annotations": [{"nertag": "O"}]}, {"base_span": [301, 304], "annotations": [{"nertag": "O"}]}, {"base_span": [305, 310], "annotations": [{"nertag": "O"}]}, {"base_span": [311, 317], "annotations": [{"nertag": "O"}]}, {"base_span": [318, 321], "annotations": [{"nertag": "B-PER"}]}, {"base_span": [322, 326], "annotations": [{"nertag": "I-PER"}]}, {"base_span": [327, 330], "annotations": [{"nertag": "O"}]}, {"base_span": [331, 336], "annotations": [{"nertag": "O"}]}, {"base_span": [337, 343], "annotations": [{"nertag": "O"}]}, {"base_span": [344, 347], "annotations": [{"nertag": "O"}]}, {"base_span": [348, 350], "annotations": [{"nertag": "O"}]}, {"base_span": [351, 355], "annotations": [{"nertag": "O"}]}, {"base_span": [356, 360], "annotations": [{"nertag": "O"}]}, {"base_span": [361, 364], "annotations": [{"nertag": "O"}]}, {"base_span": [365, 371], "annotations": [{"nertag": "O"}]}, {"base_span": [372, 376], "annotations": [{"nertag": "O"}]}, {"base_span": [377, 379], "annotations": [{"nertag": "O"}]}, {"base_span": [380, 390], "annotations": [{"nertag": "O"}]}, {"base_span": [391, 395], "annotations": [{"nertag": "O"}]}, {"base_span": [396, 400], "annotations": [{"nertag": "O"}]}, {"base_span": [401, 405], "annotations": [{"nertag": "O"}]}, {"base_span": [406, 411], "annotations": [{"nertag": "O"}]}, {"base_span": [411, 412], "annotations": [{"nertag": "O"}]}, {"base_span": [413, 416], "annotations": [{"nertag": "B-PER"}]}, {"base_span": [417, 421], "annotations": [{"nertag": "I-PER"}]}, {"base_span": [422, 423], "annotations": [{"nertag": "O"}]}, {"base_span": [423, 427], "annotations": [{"nertag": "O"}]}, {"base_span": [428, 433], "annotations": [{"nertag": "O"}]}, {"base_span": [433, 434], "annotations": [{"nertag": "O"}]}, {"base_span": [434, 435], "annotations": [{"nertag": "O"}]}, {"base_span": [436, 446], "annotations": [{"nertag": "B-PER"}]}, {"base_span": [447, 453], "annotations": [{"nertag": "I-PER"}]}, {"base_span": [454, 455], "annotations": [{"nertag": "O"}]}, {"base_span": [455, 462], "annotations": [{"nertag": "O"}]}, {"base_span": [462, 463], "annotations": [{"nertag": "O"}]}, {"base_span": [463, 464], "annotations": [{"nertag": "O"}]}, {"base_span": [465, 469], "annotations": [{"nertag": "B-PER"}]}, {"base_span": [470, 476], "annotations": [{"nertag": "I-PER"}]}, {"base_span": [477, 478], "annotations": [{"nertag": "O"}]}, {"base_span": [478, 482], "annotations": [{"nertag": "O"}]}, {"base_span": [483, 488], "annotations": [{"nertag": "O"}]}, {"base_span": [488, 489], "annotations": [{"nertag": "O"}]}, {"base_span": [490, 502], "annotations": [{"nertag": "O"}]}, {"base_span": [503, 507], "annotations": [{"nertag": "B-PER"}]}, {"base_span": [508, 512], "annotations": [{"nertag": "I-PER"}]}, {"base_span": [513, 514], "annotations": [{"nertag": "O"}]}, {"base_span": [514, 520], "annotations": [{"nertag": "O"}]}, {"base_span": [520, 521], "annotations": [{"nertag": "O"}]}, {"base_span": [522, 531], "annotations": [{"nertag": "O"}]}, {"base_span": [532, 542], "annotations": [{"nertag": "B-PER"}]}, {"base_span": [543, 550], "annotations": [{"nertag": "I-PER"}]}, {"base_span": [551, 552], "annotations": [{"nertag": "O"}]}, {"base_span": [552, 559], "annotations": [{"nertag": "O"}]}, {"base_span": [559, 560], "annotations": [{"nertag": "O"}]}, {"base_span": [560, 561], "annotations": [{"nertag": "O"}]}, {"base_span": [562, 568], "annotations": [{"nertag": "B-PER"}]}, {"base_span": [569, 575], "annotations": [{"nertag": "I-PER"}]}, {"base_span": [576, 577], "annotations": [{"nertag": "O"}]}, {"base_span": [577, 584], "annotations": [{"nertag": "O"}]}, {"base_span": [584, 585], "annotations": [{"nertag": "O"}]}]}]}