{"text": "\nEtte astus harja wennelane Mihhkel Sthwanu ja kaebas, et temma on Kiwitoperres ömaial olnud 22 Oktobril ja perre tüdruk on tema kauba kastist üks pölle täis riet ärra warrastand,.-agga , etsel kohto päwal wennelasel keddagi tunnid meest ei olnud, ei wöinud kohhus ühtigi möista, ja tütruk Maria Loosberg tunnistab, et temma ei olle wennelasse kauba kastise putund, waid omma asseme peal rahholist maggand. Kaebus on tühjaks moistetud.\n\nPeawannem Maddis Rusalep körwamehhed Kristjan Uhkiuri Juhhan Harmans\n\n\n", "meta": {"origin_directory": "vallakohus_neljas/"}, "layers": [{"name": "gold_ner", "attributes": ["nertag"], "parent": null, "enveloping": null, "ambiguous": false, "serialisation_module": null, "meta": {}, "spans": [{"base_span": [28, 43], "annotations": [{"nertag": "PER"}]}, {"base_span": [67, 79], "annotations": [{"nertag": "LOC_ORG"}]}, {"base_span": [290, 304], "annotations": [{"nertag": "PER"}]}, {"base_span": [447, 461], "annotations": [{"nertag": "PER"}]}, {"base_span": [474, 490], "annotations": [{"nertag": "PER"}]}, {"base_span": [491, 505], "annotations": [{"nertag": "PER"}]}]}, {"name": "gold_wordner", "attributes": ["nertag"], "parent": null, "enveloping": null, "ambiguous": false, "serialisation_module": null, "meta": {}, "spans": [{"base_span": [1, 5], "annotations": [{"nertag": "O"}]}, {"base_span": [6, 11], "annotations": [{"nertag": "O"}]}, {"base_span": [12, 17], "annotations": [{"nertag": "O"}]}, {"base_span": [18, 27], "annotations": [{"nertag": "O"}]}, {"base_span": [28, 35], "annotations": [{"nertag": "B-PER"}]}, {"base_span": [36, 43], "annotations": [{"nertag": "I-PER"}]}, {"base_span": [44, 46], "annotations": [{"nertag": "O"}]}, {"base_span": [47, 53], "annotations": [{"nertag": "O"}]}, {"base_span": [53, 54], "annotations": [{"nertag": "O"}]}, {"base_span": [55, 57], "annotations": [{"nertag": "O"}]}, {"base_span": [58, 63], "annotations": [{"nertag": "O"}]}, {"base_span": [64, 66], "annotations": [{"nertag": "O"}]}, {"base_span": [67, 79], "annotations": [{"nertag": "B-LOC_ORG"}]}, {"base_span": [80, 86], "annotations": [{"nertag": "O"}]}, {"base_span": [87, 92], "annotations": [{"nertag": "O"}]}, {"base_span": [93, 95], "annotations": [{"nertag": "O"}]}, {"base_span": [96, 104], "annotations": [{"nertag": "O"}]}, {"base_span": [105, 107], "annotations": [{"nertag": "O"}]}, {"base_span": [108, 113], "annotations": [{"nertag": "O"}]}, {"base_span": [114, 120], "annotations": [{"nertag": "O"}]}, {"base_span": [121, 123], "annotations": [{"nertag": "O"}]}, {"base_span": [124, 128], "annotations": [{"nertag": "O"}]}, {"base_span": [129, 134], "annotations": [{"nertag": "O"}]}, {"base_span": [135, 142], "annotations": [{"nertag": "O"}]}, {"base_span": [143, 146], "annotations": [{"nertag": "O"}]}, {"base_span": [147, 152], "annotations": [{"nertag": "O"}]}, {"base_span": [153, 157], "annotations": [{"nertag": "O"}]}, {"base_span": [158, 162], "annotations": [{"nertag": "O"}]}, {"base_span": [163, 167], "annotations": [{"nertag": "O"}]}, {"base_span": [168, 178], "annotations": [{"nertag": "O"}]}, {"base_span": [178, 179], "annotations": [{"nertag": "O"}]}, {"base_span": [179, 180], "annotations": [{"nertag": "O"}]}, {"base_span": [180, 181], "annotations": [{"nertag": "O"}]}, {"base_span": [181, 185], "annotations": [{"nertag": "O"}]}, {"base_span": [186, 187], "annotations": [{"nertag": "O"}]}, {"base_span": [188, 193], "annotations": [{"nertag": "O"}]}, {"base_span": [194, 199], "annotations": [{"nertag": "O"}]}, {"base_span": [200, 205], "annotations": [{"nertag": "O"}]}, {"base_span": [206, 216], "annotations": [{"nertag": "O"}]}, {"base_span": [217, 224], "annotations": [{"nertag": "O"}]}, {"base_span": [225, 231], "annotations": [{"nertag": "O"}]}, {"base_span": [232, 237], "annotations": [{"nertag": "O"}]}, {"base_span": [238, 240], "annotations": [{"nertag": "O"}]}, {"base_span": [241, 246], "annotations": [{"nertag": "O"}]}, {"base_span": [246, 247], "annotations": [{"nertag": "O"}]}, {"base_span": [248, 250], "annotations": [{"nertag": "O"}]}, {"base_span": [251, 257], "annotations": [{"nertag": "O"}]}, {"base_span": [258, 264], "annotations": [{"nertag": "O"}]}, {"base_span": [265, 271], "annotations": [{"nertag": "O"}]}, {"base_span": [272, 278], "annotations": [{"nertag": "O"}]}, {"base_span": [278, 279], "annotations": [{"nertag": "O"}]}, {"base_span": [280, 282], "annotations": [{"nertag": "O"}]}, {"base_span": [283, 289], "annotations": [{"nertag": "O"}]}, {"base_span": [290, 295], "annotations": [{"nertag": "B-PER"}]}, {"base_span": [296, 304], "annotations": [{"nertag": "I-PER"}]}, {"base_span": [305, 314], "annotations": [{"nertag": "O"}]}, {"base_span": [314, 315], "annotations": [{"nertag": "O"}]}, {"base_span": [316, 318], "annotations": [{"nertag": "O"}]}, {"base_span": [319, 324], "annotations": [{"nertag": "O"}]}, {"base_span": [325, 327], "annotations": [{"nertag": "O"}]}, {"base_span": [328, 332], "annotations": [{"nertag": "O"}]}, {"base_span": [333, 343], "annotations": [{"nertag": "O"}]}, {"base_span": [344, 349], "annotations": [{"nertag": "O"}]}, {"base_span": [350, 357], "annotations": [{"nertag": "O"}]}, {"base_span": [358, 364], "annotations": [{"nertag": "O"}]}, {"base_span": [364, 365], "annotations": [{"nertag": "O"}]}, {"base_span": [366, 370], "annotations": [{"nertag": "O"}]}, {"base_span": [371, 375], "annotations": [{"nertag": "O"}]}, {"base_span": [376, 382], "annotations": [{"nertag": "O"}]}, {"base_span": [383, 387], "annotations": [{"nertag": "O"}]}, {"base_span": [388, 397], "annotations": [{"nertag": "O"}]}, {"base_span": [398, 405], "annotations": [{"nertag": "O"}]}, {"base_span": [405, 406], "annotations": [{"nertag": "O"}]}, {"base_span": [407, 413], "annotations": [{"nertag": "O"}]}, {"base_span": [414, 416], "annotations": [{"nertag": "O"}]}, {"base_span": [417, 424], "annotations": [{"nertag": "O"}]}, {"base_span": [425, 434], "annotations": [{"nertag": "O"}]}, {"base_span": [434, 435], "annotations": [{"nertag": "O"}]}, {"base_span": [437, 446], "annotations": [{"nertag": "O"}]}, {"base_span": [447, 453], "annotations": [{"nertag": "B-PER"}]}, {"base_span": [454, 461], "annotations": [{"nertag": "I-PER"}]}, {"base_span": [462, 473], "annotations": [{"nertag": "O"}]}, {"base_span": [474, 482], "annotations": [{"nertag": "B-PER"}]}, {"base_span": [483, 490], "annotations": [{"nertag": "I-PER"}]}, {"base_span": [491, 497], "annotations": [{"nertag": "B-PER"}]}, {"base_span": [498, 505], "annotations": [{"nertag": "I-PER"}]}]}]}