{"text": "Kohtu ette astus mitme käsuandmise järel Mats Ilistroon, kellel juba protokollis N.11 sel 11.Mai kp 1885 trahwi on mõisdetud, aga kohtu otsus tema poolt senni ajani weel täiesti täidetud ei olnud.\nTemalt sai küsitud: Mikspärast sa mitme käsu wastu oled pannud ja ei ole oma mõisdetud trahwi ennemalt tulnud ära maksma? Ilistroon wastas: Tallitaja põle mulle ise enne seda käsku annud et ma kohtusse pidin tulema ega tea ka, miskid tegemist kohtuga olewat. See 2 rbl. mis mul maksmata jäi ei maksa ma sellepärast mitte ära, et Jaan Wiirunil mulle 2 rbl. maksta on mis ma sel aal ta kätte antsin kui Põllumeeste seltsi asutamisest räägiti - et oma nime ka üles kirjutada lasta aga et sest kedagi põle tulnud, peab Jaan Wiirun (kohtu wanem) see 2 rbl, mis mul maksmata jäi ise minu ette wõlga maksma nagu ma talle see kord joo ütlesin.\nMats Ilistroon oli täieste purjus peaga kohtu ette astunud.\nKohus mõistis Mats Ilistroomile sellepärast, et mitme käsu wastu on pannud ja joobnud peaga kohtu ette astus 2 rbl. hõbedat trahwi ja et ta ka Tallitaja käsu wastu on pannud ja ei ole mite oma kroonu ja kog. maksusi tahtnud ära maksta 1 rbl. hõb. sellepärast trahwi ja see trahw mis protokollis N.11 sel 11. Mai kp. 1885 maksmata jäenud 2 rbl. hõb. ära tasuma peab.\nKohtu otsus sai Ilistroonile ette luetud ja temale ööldud, et kui sul Wiiruni käest saada on ja selle üle tunnistust tuua wõid, siis sa tema üle kohtus kaebada aga mitte omasüi eest mõisdetud trahwi tema peale lükkata, et seda sinu eest maksma peab.\nSellega oli Ilistroon rahul, maksis oma muist trahwi 3. rbl. ära ja et tal raha enam juures ei olnud jäi 2 rbl. tulewa kohtu päewaks ära maksta.\nSellega sai kohus lõpetatud.\nKohtuwanema asemik: Toomas Rassohn +++\nkohtu körwamehed: Mart Pauls +++, Pearn Luige +++\nKirjutaja: J. Kristal\nKohtu mõistus täidetud. Ilistroon maksis 3 rbl hõb. kohe ära ja 2 rbl. 8. Weebruar ära.\n\n\n\"\n", "meta": {"origin_directory": "vallakohus_esimene/"}, "layers": [{"name": "gold_ner", "attributes": ["nertag"], "parent": null, "enveloping": null, "ambiguous": false, "serialisation_module": null, "meta": {}, "spans": [{"base_span": [41, 55], "annotations": [{"nertag": "PER"}]}, {"base_span": [319, 328], "annotations": [{"nertag": "PER"}]}, {"base_span": [526, 539], "annotations": [{"nertag": "PER"}]}, {"base_span": [598, 616], "annotations": [{"nertag": "ORG"}]}, {"base_span": [712, 723], "annotations": [{"nertag": "PER"}]}, {"base_span": [833, 847], "annotations": [{"nertag": "PER"}]}, {"base_span": [907, 924], "annotations": [{"nertag": "PER"}]}, {"base_span": [1275, 1287], "annotations": [{"nertag": "PER"}]}, {"base_span": [1329, 1336], "annotations": [{"nertag": "PER"}]}, {"base_span": [1521, 1530], "annotations": [{"nertag": "PER"}]}, {"base_span": [1703, 1717], "annotations": [{"nertag": "PER"}]}, {"base_span": [1740, 1750], "annotations": [{"nertag": "PER"}]}, {"base_span": [1756, 1767], "annotations": [{"nertag": "PER"}]}, {"base_span": [1783, 1793], "annotations": [{"nertag": "PER"}]}, {"base_span": [1818, 1827], "annotations": [{"nertag": "PER"}]}]}, {"name": "gold_wordner", "attributes": ["nertag"], "parent": null, "enveloping": null, "ambiguous": false, "serialisation_module": null, "meta": {}, "spans": [{"base_span": [0, 5], "annotations": [{"nertag": "O"}]}, {"base_span": [6, 10], "annotations": [{"nertag": "O"}]}, {"base_span": [11, 16], "annotations": [{"nertag": "O"}]}, {"base_span": [17, 22], "annotations": [{"nertag": "O"}]}, {"base_span": [23, 34], "annotations": [{"nertag": "O"}]}, {"base_span": [35, 40], "annotations": [{"nertag": "O"}]}, {"base_span": [41, 45], "annotations": [{"nertag": "B-PER"}]}, {"base_span": [46, 55], "annotations": [{"nertag": "I-PER"}]}, {"base_span": [55, 56], "annotations": [{"nertag": "O"}]}, {"base_span": [57, 63], "annotations": [{"nertag": "O"}]}, {"base_span": [64, 68], "annotations": [{"nertag": "O"}]}, {"base_span": [69, 80], "annotations": [{"nertag": "O"}]}, {"base_span": [81, 82], "annotations": [{"nertag": "O"}]}, {"base_span": [82, 83], "annotations": [{"nertag": "O"}]}, {"base_span": [83, 85], "annotations": [{"nertag": "O"}]}, {"base_span": [86, 89], "annotations": [{"nertag": "O"}]}, {"base_span": [90, 93], "annotations": [{"nertag": "O"}]}, {"base_span": [93, 96], "annotations": [{"nertag": "O"}]}, {"base_span": [97, 99], "annotations": [{"nertag": "O"}]}, {"base_span": [100, 104], "annotations": [{"nertag": "O"}]}, {"base_span": [105, 111], "annotations": [{"nertag": "O"}]}, {"base_span": [112, 114], "annotations": [{"nertag": "O"}]}, {"base_span": [115, 124], "annotations": [{"nertag": "O"}]}, {"base_span": [124, 125], "annotations": [{"nertag": "O"}]}, {"base_span": [126, 129], "annotations": [{"nertag": "O"}]}, {"base_span": [130, 135], "annotations": [{"nertag": "O"}]}, {"base_span": [136, 141], "annotations": [{"nertag": "O"}]}, {"base_span": [142, 146], "annotations": [{"nertag": "O"}]}, {"base_span": [147, 152], "annotations": [{"nertag": "O"}]}, {"base_span": [153, 158], "annotations": [{"nertag": "O"}]}, {"base_span": [159, 164], "annotations": [{"nertag": "O"}]}, {"base_span": [165, 169], "annotations": [{"nertag": "O"}]}, {"base_span": [170, 177], "annotations": [{"nertag": "O"}]}, {"base_span": [178, 186], "annotations": [{"nertag": "O"}]}, {"base_span": [187, 189], "annotations": [{"nertag": "O"}]}, {"base_span": [190, 195], "annotations": [{"nertag": "O"}]}, {"base_span": [195, 196], "annotations": [{"nertag": "O"}]}, {"base_span": [197, 203], "annotations": [{"nertag": "O"}]}, {"base_span": [204, 207], "annotations": [{"nertag": "O"}]}, {"base_span": [208, 215], "annotations": [{"nertag": "O"}]}, {"base_span": [215, 216], "annotations": [{"nertag": "O"}]}, {"base_span": [217, 227], "annotations": [{"nertag": "O"}]}, {"base_span": [228, 230], "annotations": [{"nertag": "O"}]}, {"base_span": [231, 236], "annotations": [{"nertag": "O"}]}, {"base_span": [237, 241], "annotations": [{"nertag": "O"}]}, {"base_span": [242, 247], "annotations": [{"nertag": "O"}]}, {"base_span": [248, 252], "annotations": [{"nertag": "O"}]}, {"base_span": [253, 259], "annotations": [{"nertag": "O"}]}, {"base_span": [260, 262], "annotations": [{"nertag": "O"}]}, {"base_span": [263, 265], "annotations": [{"nertag": "O"}]}, {"base_span": [266, 269], "annotations": [{"nertag": "O"}]}, {"base_span": [270, 273], "annotations": [{"nertag": "O"}]}, {"base_span": [274, 283], "annotations": [{"nertag": "O"}]}, {"base_span": [284, 290], "annotations": [{"nertag": "O"}]}, {"base_span": [291, 299], "annotations": [{"nertag": "O"}]}, {"base_span": [300, 306], "annotations": [{"nertag": "O"}]}, {"base_span": [307, 310], "annotations": [{"nertag": "O"}]}, {"base_span": [311, 317], "annotations": [{"nertag": "O"}]}, {"base_span": [317, 318], "annotations": [{"nertag": "O"}]}, {"base_span": [319, 328], "annotations": [{"nertag": "B-PER"}]}, {"base_span": [329, 335], "annotations": [{"nertag": "O"}]}, {"base_span": [335, 336], "annotations": [{"nertag": "O"}]}, {"base_span": [337, 346], "annotations": [{"nertag": "O"}]}, {"base_span": [347, 351], "annotations": [{"nertag": "O"}]}, {"base_span": [352, 357], "annotations": [{"nertag": "O"}]}, {"base_span": [358, 361], "annotations": [{"nertag": "O"}]}, {"base_span": [362, 366], "annotations": [{"nertag": "O"}]}, {"base_span": [367, 371], "annotations": [{"nertag": "O"}]}, {"base_span": [372, 377], "annotations": [{"nertag": "O"}]}, {"base_span": [378, 383], "annotations": [{"nertag": "O"}]}, {"base_span": [384, 386], "annotations": [{"nertag": "O"}]}, {"base_span": [387, 389], "annotations": [{"nertag": "O"}]}, {"base_span": [390, 398], "annotations": [{"nertag": "O"}]}, {"base_span": [399, 404], "annotations": [{"nertag": "O"}]}, {"base_span": [405, 411], "annotations": [{"nertag": "O"}]}, {"base_span": [412, 415], "annotations": [{"nertag": "O"}]}, {"base_span": [416, 419], "annotations": [{"nertag": "O"}]}, {"base_span": [420, 422], "annotations": [{"nertag": "O"}]}, {"base_span": [422, 423], "annotations": [{"nertag": "O"}]}, {"base_span": [424, 430], "annotations": [{"nertag": "O"}]}, {"base_span": [431, 439], "annotations": [{"nertag": "O"}]}, {"base_span": [440, 447], "annotations": [{"nertag": "O"}]}, {"base_span": [448, 454], "annotations": [{"nertag": "O"}]}, {"base_span": [454, 455], "annotations": [{"nertag": "O"}]}, {"base_span": [456, 459], "annotations": [{"nertag": "O"}]}, {"base_span": [460, 461], "annotations": [{"nertag": "O"}]}, {"base_span": [462, 465], "annotations": [{"nertag": "O"}]}, {"base_span": [465, 466], "annotations": [{"nertag": "O"}]}, {"base_span": [467, 470], "annotations": [{"nertag": "O"}]}, {"base_span": [471, 474], "annotations": [{"nertag": "O"}]}, {"base_span": [475, 483], "annotations": [{"nertag": "O"}]}, {"base_span": [484, 487], "annotations": [{"nertag": "O"}]}, {"base_span": [488, 490], "annotations": [{"nertag": "O"}]}, {"base_span": [491, 496], "annotations": [{"nertag": "O"}]}, {"base_span": [497, 499], "annotations": [{"nertag": "O"}]}, {"base_span": [500, 511], "annotations": [{"nertag": "O"}]}, {"base_span": [512, 517], "annotations": [{"nertag": "O"}]}, {"base_span": [518, 521], "annotations": [{"nertag": "O"}]}, {"base_span": [521, 522], "annotations": [{"nertag": "O"}]}, {"base_span": [523, 525], "annotations": [{"nertag": "O"}]}, {"base_span": [526, 530], "annotations": [{"nertag": "B-PER"}]}, {"base_span": [531, 539], "annotations": [{"nertag": "I-PER"}]}, {"base_span": [540, 545], "annotations": [{"nertag": "O"}]}, {"base_span": [546, 547], "annotations": [{"nertag": "O"}]}, {"base_span": [548, 551], "annotations": [{"nertag": "O"}]}, {"base_span": [551, 552], "annotations": [{"nertag": "O"}]}, {"base_span": [553, 559], "annotations": [{"nertag": "O"}]}, {"base_span": [560, 562], "annotations": [{"nertag": "O"}]}, {"base_span": [563, 566], "annotations": [{"nertag": "O"}]}, {"base_span": [567, 569], "annotations": [{"nertag": "O"}]}, {"base_span": [570, 573], "annotations": [{"nertag": "O"}]}, {"base_span": [574, 577], "annotations": [{"nertag": "O"}]}, {"base_span": [578, 580], "annotations": [{"nertag": "O"}]}, {"base_span": [581, 586], "annotations": [{"nertag": "O"}]}, {"base_span": [587, 593], "annotations": [{"nertag": "O"}]}, {"base_span": [594, 597], "annotations": [{"nertag": "O"}]}, {"base_span": [598, 609], "annotations": [{"nertag": "B-ORG"}]}, {"base_span": [610, 616], "annotations": [{"nertag": "I-ORG"}]}, {"base_span": [617, 628], "annotations": [{"nertag": "O"}]}, {"base_span": [629, 636], "annotations": [{"nertag": "O"}]}, {"base_span": [637, 638], "annotations": [{"nertag": "O"}]}, {"base_span": [639, 641], "annotations": [{"nertag": "O"}]}, {"base_span": [642, 645], "annotations": [{"nertag": "O"}]}, {"base_span": [646, 650], "annotations": [{"nertag": "O"}]}, {"base_span": [651, 653], "annotations": [{"nertag": "O"}]}, {"base_span": [654, 658], "annotations": [{"nertag": "O"}]}, {"base_span": [659, 668], "annotations": [{"nertag": "O"}]}, {"base_span": [669, 674], "annotations": [{"nertag": "O"}]}, {"base_span": [675, 678], "annotations": [{"nertag": "O"}]}, {"base_span": [679, 681], "annotations": [{"nertag": "O"}]}, {"base_span": [682, 686], "annotations": [{"nertag": "O"}]}, {"base_span": [687, 693], "annotations": [{"nertag": "O"}]}, {"base_span": [694, 698], "annotations": [{"nertag": "O"}]}, {"base_span": [699, 705], "annotations": [{"nertag": "O"}]}, {"base_span": [705, 706], "annotations": [{"nertag": "O"}]}, {"base_span": [707, 711], "annotations": [{"nertag": "O"}]}, {"base_span": [712, 716], "annotations": [{"nertag": "B-PER"}]}, {"base_span": [717, 723], "annotations": [{"nertag": "I-PER"}]}, {"base_span": [724, 725], "annotations": [{"nertag": "O"}]}, {"base_span": [725, 730], "annotations": [{"nertag": "O"}]}, {"base_span": [731, 736], "annotations": [{"nertag": "O"}]}, {"base_span": [736, 737], "annotations": [{"nertag": "O"}]}, {"base_span": [738, 741], "annotations": [{"nertag": "O"}]}, {"base_span": [742, 743], "annotations": [{"nertag": "O"}]}, {"base_span": [744, 747], "annotations": [{"nertag": "O"}]}, {"base_span": [747, 748], "annotations": [{"nertag": "O"}]}, {"base_span": [749, 752], "annotations": [{"nertag": "O"}]}, {"base_span": [753, 756], "annotations": [{"nertag": "O"}]}, {"base_span": [757, 765], "annotations": [{"nertag": "O"}]}, {"base_span": [766, 769], "annotations": [{"nertag": "O"}]}, {"base_span": [770, 773], "annotations": [{"nertag": "O"}]}, {"base_span": [774, 778], "annotations": [{"nertag": "O"}]}, {"base_span": [779, 783], "annotations": [{"nertag": "O"}]}, {"base_span": [784, 789], "annotations": [{"nertag": "O"}]}, {"base_span": [790, 796], "annotations": [{"nertag": "O"}]}, {"base_span": [797, 801], "annotations": [{"nertag": "O"}]}, {"base_span": [802, 804], "annotations": [{"nertag": "O"}]}, {"base_span": [805, 810], "annotations": [{"nertag": "O"}]}, {"base_span": [811, 814], "annotations": [{"nertag": "O"}]}, {"base_span": [815, 819], "annotations": [{"nertag": "O"}]}, {"base_span": [820, 823], "annotations": [{"nertag": "O"}]}, {"base_span": [824, 831], "annotations": [{"nertag": "O"}]}, {"base_span": [831, 832], "annotations": [{"nertag": "O"}]}, {"base_span": [833, 837], "annotations": [{"nertag": "B-PER"}]}, {"base_span": [838, 847], "annotations": [{"nertag": "I-PER"}]}, {"base_span": [848, 851], "annotations": [{"nertag": "O"}]}, {"base_span": [852, 859], "annotations": [{"nertag": "O"}]}, {"base_span": [860, 866], "annotations": [{"nertag": "O"}]}, {"base_span": [867, 872], "annotations": [{"nertag": "O"}]}, {"base_span": [873, 878], "annotations": [{"nertag": "O"}]}, {"base_span": [879, 883], "annotations": [{"nertag": "O"}]}, {"base_span": [884, 891], "annotations": [{"nertag": "O"}]}, {"base_span": [891, 892], "annotations": [{"nertag": "O"}]}, {"base_span": [893, 898], "annotations": [{"nertag": "O"}]}, {"base_span": [899, 906], "annotations": [{"nertag": "O"}]}, {"base_span": [907, 911], "annotations": [{"nertag": "B-PER"}]}, {"base_span": [912, 924], "annotations": [{"nertag": "I-PER"}]}, {"base_span": [925, 936], "annotations": [{"nertag": "O"}]}, {"base_span": [936, 937], "annotations": [{"nertag": "O"}]}, {"base_span": [938, 940], "annotations": [{"nertag": "O"}]}, {"base_span": [941, 946], "annotations": [{"nertag": "O"}]}, {"base_span": [947, 951], "annotations": [{"nertag": "O"}]}, {"base_span": [952, 957], "annotations": [{"nertag": "O"}]}, {"base_span": [958, 960], "annotations": [{"nertag": "O"}]}, {"base_span": [961, 967], "annotations": [{"nertag": "O"}]}, {"base_span": [968, 970], "annotations": [{"nertag": "O"}]}, {"base_span": [971, 978], "annotations": [{"nertag": "O"}]}, {"base_span": [979, 984], "annotations": [{"nertag": "O"}]}, {"base_span": [985, 990], "annotations": [{"nertag": "O"}]}, {"base_span": [991, 995], "annotations": [{"nertag": "O"}]}, {"base_span": [996, 1001], "annotations": [{"nertag": "O"}]}, {"base_span": [1002, 1003], "annotations": [{"nertag": "O"}]}, {"base_span": [1004, 1007], "annotations": [{"nertag": "O"}]}, {"base_span": [1007, 1008], "annotations": [{"nertag": "O"}]}, {"base_span": [1009, 1016], "annotations": [{"nertag": "O"}]}, {"base_span": [1017, 1023], "annotations": [{"nertag": "O"}]}, {"base_span": [1024, 1026], "annotations": [{"nertag": "O"}]}, {"base_span": [1027, 1029], "annotations": [{"nertag": "O"}]}, {"base_span": [1030, 1032], "annotations": [{"nertag": "O"}]}, {"base_span": [1033, 1035], "annotations": [{"nertag": "O"}]}, {"base_span": [1036, 1045], "annotations": [{"nertag": "O"}]}, {"base_span": [1046, 1050], "annotations": [{"nertag": "O"}]}, {"base_span": [1051, 1056], "annotations": [{"nertag": "O"}]}, {"base_span": [1057, 1059], "annotations": [{"nertag": "O"}]}, {"base_span": [1060, 1066], "annotations": [{"nertag": "O"}]}, {"base_span": [1067, 1069], "annotations": [{"nertag": "O"}]}, {"base_span": [1070, 1072], "annotations": [{"nertag": "O"}]}, {"base_span": [1073, 1076], "annotations": [{"nertag": "O"}]}, {"base_span": [1077, 1081], "annotations": [{"nertag": "O"}]}, {"base_span": [1082, 1085], "annotations": [{"nertag": "O"}]}, {"base_span": [1086, 1092], "annotations": [{"nertag": "O"}]}, {"base_span": [1093, 1095], "annotations": [{"nertag": "O"}]}, {"base_span": [1096, 1099], "annotations": [{"nertag": "O"}]}, {"base_span": [1099, 1100], "annotations": [{"nertag": "O"}]}, {"base_span": [1101, 1108], "annotations": [{"nertag": "O"}]}, {"base_span": [1109, 1116], "annotations": [{"nertag": "O"}]}, {"base_span": [1117, 1120], "annotations": [{"nertag": "O"}]}, {"base_span": [1121, 1127], "annotations": [{"nertag": "O"}]}, {"base_span": [1128, 1129], "annotations": [{"nertag": "O"}]}, {"base_span": [1130, 1133], "annotations": [{"nertag": "O"}]}, {"base_span": [1133, 1134], "annotations": [{"nertag": "O"}]}, {"base_span": [1135, 1138], "annotations": [{"nertag": "O"}]}, {"base_span": [1138, 1139], "annotations": [{"nertag": "O"}]}, {"base_span": [1140, 1151], "annotations": [{"nertag": "O"}]}, {"base_span": [1152, 1158], "annotations": [{"nertag": "O"}]}, {"base_span": [1159, 1161], "annotations": [{"nertag": "O"}]}, {"base_span": [1162, 1165], "annotations": [{"nertag": "O"}]}, {"base_span": [1166, 1171], "annotations": [{"nertag": "O"}]}, {"base_span": [1172, 1175], "annotations": [{"nertag": "O"}]}, {"base_span": [1176, 1187], "annotations": [{"nertag": "O"}]}, {"base_span": [1188, 1189], "annotations": [{"nertag": "O"}]}, {"base_span": [1189, 1190], "annotations": [{"nertag": "O"}]}, {"base_span": [1190, 1192], "annotations": [{"nertag": "O"}]}, {"base_span": [1193, 1196], "annotations": [{"nertag": "O"}]}, {"base_span": [1197, 1200], "annotations": [{"nertag": "O"}]}, {"base_span": [1201, 1204], "annotations": [{"nertag": "O"}]}, {"base_span": [1205, 1207], "annotations": [{"nertag": "O"}]}, {"base_span": [1207, 1208], "annotations": [{"nertag": "O"}]}, {"base_span": [1209, 1213], "annotations": [{"nertag": "O"}]}, {"base_span": [1214, 1222], "annotations": [{"nertag": "O"}]}, {"base_span": [1223, 1229], "annotations": [{"nertag": "O"}]}, {"base_span": [1230, 1231], "annotations": [{"nertag": "O"}]}, {"base_span": [1232, 1235], "annotations": [{"nertag": "O"}]}, {"base_span": [1235, 1236], "annotations": [{"nertag": "O"}]}, {"base_span": [1237, 1240], "annotations": [{"nertag": "O"}]}, {"base_span": [1240, 1241], "annotations": [{"nertag": "O"}]}, {"base_span": [1242, 1245], "annotations": [{"nertag": "O"}]}, {"base_span": [1246, 1252], "annotations": [{"nertag": "O"}]}, {"base_span": [1253, 1257], "annotations": [{"nertag": "O"}]}, {"base_span": [1257, 1258], "annotations": [{"nertag": "O"}]}, {"base_span": [1259, 1264], "annotations": [{"nertag": "O"}]}, {"base_span": [1265, 1270], "annotations": [{"nertag": "O"}]}, {"base_span": [1271, 1274], "annotations": [{"nertag": "O"}]}, {"base_span": [1275, 1287], "annotations": [{"nertag": "B-PER"}]}, {"base_span": [1288, 1292], "annotations": [{"nertag": "O"}]}, {"base_span": [1293, 1299], "annotations": [{"nertag": "O"}]}, {"base_span": [1300, 1302], "annotations": [{"nertag": "O"}]}, {"base_span": [1303, 1309], "annotations": [{"nertag": "O"}]}, {"base_span": [1310, 1316], "annotations": [{"nertag": "O"}]}, {"base_span": [1316, 1317], "annotations": [{"nertag": "O"}]}, {"base_span": [1318, 1320], "annotations": [{"nertag": "O"}]}, {"base_span": [1321, 1324], "annotations": [{"nertag": "O"}]}, {"base_span": [1325, 1328], "annotations": [{"nertag": "O"}]}, {"base_span": [1329, 1336], "annotations": [{"nertag": "B-PER"}]}, {"base_span": [1337, 1342], "annotations": [{"nertag": "O"}]}, {"base_span": [1343, 1348], "annotations": [{"nertag": "O"}]}, {"base_span": [1349, 1351], "annotations": [{"nertag": "O"}]}, {"base_span": [1352, 1354], "annotations": [{"nertag": "O"}]}, {"base_span": [1355, 1360], "annotations": [{"nertag": "O"}]}, {"base_span": [1361, 1364], "annotations": [{"nertag": "O"}]}, {"base_span": [1365, 1375], "annotations": [{"nertag": "O"}]}, {"base_span": [1376, 1380], "annotations": [{"nertag": "O"}]}, {"base_span": [1381, 1385], "annotations": [{"nertag": "O"}]}, {"base_span": [1385, 1386], "annotations": [{"nertag": "O"}]}, {"base_span": [1387, 1391], "annotations": [{"nertag": "O"}]}, {"base_span": [1392, 1394], "annotations": [{"nertag": "O"}]}, {"base_span": [1395, 1399], "annotations": [{"nertag": "O"}]}, {"base_span": [1400, 1403], "annotations": [{"nertag": "O"}]}, {"base_span": [1404, 1410], "annotations": [{"nertag": "O"}]}, {"base_span": [1411, 1418], "annotations": [{"nertag": "O"}]}, {"base_span": [1419, 1422], "annotations": [{"nertag": "O"}]}, {"base_span": [1423, 1428], "annotations": [{"nertag": "O"}]}, {"base_span": [1429, 1435], "annotations": [{"nertag": "O"}]}, {"base_span": [1436, 1440], "annotations": [{"nertag": "O"}]}, {"base_span": [1441, 1450], "annotations": [{"nertag": "O"}]}, {"base_span": [1451, 1457], "annotations": [{"nertag": "O"}]}, {"base_span": [1458, 1462], "annotations": [{"nertag": "O"}]}, {"base_span": [1463, 1468], "annotations": [{"nertag": "O"}]}, {"base_span": [1469, 1476], "annotations": [{"nertag": "O"}]}, {"base_span": [1476, 1477], "annotations": [{"nertag": "O"}]}, {"base_span": [1478, 1480], "annotations": [{"nertag": "O"}]}, {"base_span": [1481, 1485], "annotations": [{"nertag": "O"}]}, {"base_span": [1486, 1490], "annotations": [{"nertag": "O"}]}, {"base_span": [1491, 1495], "annotations": [{"nertag": "O"}]}, {"base_span": [1496, 1502], "annotations": [{"nertag": "O"}]}, {"base_span": [1503, 1507], "annotations": [{"nertag": "O"}]}, {"base_span": [1507, 1508], "annotations": [{"nertag": "O"}]}, {"base_span": [1509, 1516], "annotations": [{"nertag": "O"}]}, {"base_span": [1517, 1520], "annotations": [{"nertag": "O"}]}, {"base_span": [1521, 1530], "annotations": [{"nertag": "B-PER"}]}, {"base_span": [1531, 1536], "annotations": [{"nertag": "O"}]}, {"base_span": [1536, 1537], "annotations": [{"nertag": "O"}]}, {"base_span": [1538, 1544], "annotations": [{"nertag": "O"}]}, {"base_span": [1545, 1548], "annotations": [{"nertag": "O"}]}, {"base_span": [1549, 1554], "annotations": [{"nertag": "O"}]}, {"base_span": [1555, 1561], "annotations": [{"nertag": "O"}]}, {"base_span": [1562, 1564], "annotations": [{"nertag": "O"}]}, {"base_span": [1565, 1568], "annotations": [{"nertag": "O"}]}, {"base_span": [1568, 1569], "annotations": [{"nertag": "O"}]}, {"base_span": [1570, 1573], "annotations": [{"nertag": "O"}]}, {"base_span": [1574, 1576], "annotations": [{"nertag": "O"}]}, {"base_span": [1577, 1579], "annotations": [{"nertag": "O"}]}, {"base_span": [1580, 1583], "annotations": [{"nertag": "O"}]}, {"base_span": [1584, 1588], "annotations": [{"nertag": "O"}]}, {"base_span": [1589, 1593], "annotations": [{"nertag": "O"}]}, {"base_span": [1594, 1600], "annotations": [{"nertag": "O"}]}, {"base_span": [1601, 1603], "annotations": [{"nertag": "O"}]}, {"base_span": [1604, 1609], "annotations": [{"nertag": "O"}]}, {"base_span": [1610, 1613], "annotations": [{"nertag": "O"}]}, {"base_span": [1614, 1615], "annotations": [{"nertag": "O"}]}, {"base_span": [1616, 1619], "annotations": [{"nertag": "O"}]}, {"base_span": [1619, 1620], "annotations": [{"nertag": "O"}]}, {"base_span": [1621, 1627], "annotations": [{"nertag": "O"}]}, {"base_span": [1628, 1633], "annotations": [{"nertag": "O"}]}, {"base_span": [1634, 1641], "annotations": [{"nertag": "O"}]}, {"base_span": [1642, 1645], "annotations": [{"nertag": "O"}]}, {"base_span": [1646, 1652], "annotations": [{"nertag": "O"}]}, {"base_span": [1652, 1653], "annotations": [{"nertag": "O"}]}, {"base_span": [1654, 1661], "annotations": [{"nertag": "O"}]}, {"base_span": [1662, 1665], "annotations": [{"nertag": "O"}]}, {"base_span": [1666, 1671], "annotations": [{"nertag": "O"}]}, {"base_span": [1672, 1681], "annotations": [{"nertag": "O"}]}, {"base_span": [1681, 1682], "annotations": [{"nertag": "O"}]}, {"base_span": [1683, 1694], "annotations": [{"nertag": "O"}]}, {"base_span": [1695, 1701], "annotations": [{"nertag": "O"}]}, {"base_span": [1701, 1702], "annotations": [{"nertag": "O"}]}, {"base_span": [1703, 1709], "annotations": [{"nertag": "B-PER"}]}, {"base_span": [1710, 1717], "annotations": [{"nertag": "I-PER"}]}, {"base_span": [1718, 1719], "annotations": [{"nertag": "O"}]}, {"base_span": [1719, 1720], "annotations": [{"nertag": "O"}]}, {"base_span": [1720, 1721], "annotations": [{"nertag": "O"}]}, {"base_span": [1722, 1727], "annotations": [{"nertag": "O"}]}, {"base_span": [1728, 1738], "annotations": [{"nertag": "O"}]}, {"base_span": [1738, 1739], "annotations": [{"nertag": "O"}]}, {"base_span": [1740, 1744], "annotations": [{"nertag": "B-PER"}]}, {"base_span": [1745, 1750], "annotations": [{"nertag": "I-PER"}]}, {"base_span": [1751, 1752], "annotations": [{"nertag": "O"}]}, {"base_span": [1752, 1753], "annotations": [{"nertag": "O"}]}, {"base_span": [1753, 1754], "annotations": [{"nertag": "O"}]}, {"base_span": [1754, 1755], "annotations": [{"nertag": "O"}]}, {"base_span": [1756, 1761], "annotations": [{"nertag": "B-PER"}]}, {"base_span": [1762, 1767], "annotations": [{"nertag": "I-PER"}]}, {"base_span": [1768, 1769], "annotations": [{"nertag": "O"}]}, {"base_span": [1769, 1770], "annotations": [{"nertag": "O"}]}, {"base_span": [1770, 1771], "annotations": [{"nertag": "O"}]}, {"base_span": [1772, 1781], "annotations": [{"nertag": "O"}]}, {"base_span": [1781, 1782], "annotations": [{"nertag": "O"}]}, {"base_span": [1783, 1784], "annotations": [{"nertag": "B-PER"}]}, {"base_span": [1784, 1785], "annotations": [{"nertag": "I-PER"}]}, {"base_span": [1786, 1793], "annotations": [{"nertag": "I-PER"}]}, {"base_span": [1794, 1799], "annotations": [{"nertag": "O"}]}, {"base_span": [1800, 1807], "annotations": [{"nertag": "O"}]}, {"base_span": [1808, 1816], "annotations": [{"nertag": "O"}]}, {"base_span": [1816, 1817], "annotations": [{"nertag": "O"}]}, {"base_span": [1818, 1827], "annotations": [{"nertag": "B-PER"}]}, {"base_span": [1828, 1834], "annotations": [{"nertag": "O"}]}, {"base_span": [1835, 1836], "annotations": [{"nertag": "O"}]}, {"base_span": [1837, 1840], "annotations": [{"nertag": "O"}]}, {"base_span": [1841, 1844], "annotations": [{"nertag": "O"}]}, {"base_span": [1844, 1845], "annotations": [{"nertag": "O"}]}, {"base_span": [1846, 1850], "annotations": [{"nertag": "O"}]}, {"base_span": [1851, 1854], "annotations": [{"nertag": "O"}]}, {"base_span": [1855, 1857], "annotations": [{"nertag": "O"}]}, {"base_span": [1858, 1859], "annotations": [{"nertag": "O"}]}, {"base_span": [1860, 1863], "annotations": [{"nertag": "O"}]}, {"base_span": [1863, 1864], "annotations": [{"nertag": "O"}]}, {"base_span": [1865, 1867], "annotations": [{"nertag": "O"}]}, {"base_span": [1868, 1876], "annotations": [{"nertag": "O"}]}, {"base_span": [1877, 1880], "annotations": [{"nertag": "O"}]}, {"base_span": [1880, 1881], "annotations": [{"nertag": "O"}]}, {"base_span": [1884, 1885], "annotations": [{"nertag": "O"}]}]}]}