{"text": "\nKohtukorra pärrast ollid Rawwila ja Palwerr walla kohtusse walla hones kokku tulnud:Kohto wannem Juhhan Suursild Kohto käemehhed Juhhan Kant Hans Härg  Kirjotaja H.Siimson\n\nWabbatmees Hinrek Loik kaebab:Kuivajõe laada aial on temma Kiisa Kõrtsu jures hobbust wahhtanud ja 20 rubla pealis rahha sanud.Kui tuppa liiku läinud wõtma,on temma selle rahha,2 kümne rublst pabberi omma kõrwa kõrtso laua peale pannud,kui liigu rahha makstud sanud põlle sedda meelegi tulnud. Kui laada peal waia leidnud on Kiisale taggasi läinud,otsima ja Mart Wurma Palwerremees Paunkülla karjane,kes essite seal olnud ja siis ka senna tulnud,öölnud:egga se rahha kadduma põlle sanud,üks teie omma meestest wõttis sedda ärra ja panni omma tasko,kül sa saad kätte,kui nad järrelle tullewad;agga põlle mitte üttelnud,missuggune mees se olli.8sa mehhega on nemmad seal olnud.Teine hommiko öölnud:Uetoa Hans wõttis selle rahha ja pani omma kotti.Ja temma on Uetoa Hans Jamo käest sedda küssinud,see öölda:Temma on omma rahha omma kotti pannud ja temma rahhast temma ei teada mitte.Tõnno Tael tunnistab:Kui nemmad Loikuga laadalt taggasi tulnud rahha otsima,on Mart Wurma nende wahhetamist küssinud ja et Loik öölnud rahha kaddunud ollema,on Wurma öölnud:rahha on teise mehhe käes,teie omma mehhed wõtsid rahha ärra,lass nad tullewad kokko ja saad omma rahha kätte,agga põlle mitte temma kuuldes öölnud,kes wõttis.Mart Wurma ei tahha agga kohtu ees middagi tunnistada,ütleb,temma ei mälleta mis temma räkinud,egga tea keddagi ei rahha wõtmist egga näggemist.Selle peale sai Wurma wangi puuri kinni pandud,et temma nüüd wabbandab ja nisuggust tühja juttu teinud,kunni tunnistuse mehhed ette tullewad kelle kuuldes ta räkinud.Hans Jamo tunnistab:Temma on Kiisal wiina wõtnud ja omma härja rahha omma kotti pannud,pärrast kui teised hobbusid ollid wahhetanud se on kesknäddala hommiko,teisel laada päwal olnud,ja temma on näinud kui Loik essite pealis rahha omma kotti pannud ja ka kui Loik liiguks õllut ja mõddu wõtnud,agga rahha maksmist põlle temma näinud.Hinrek Loik tunnistab:Pealt kuulmas on olnud kui Wurma räkinud et Jamo rahha laua pealt wõtnud:Tõnno Manso ja Hinrek Traat Palwerrest ja Mik Pranno ja Kõrtsi pois Karel Billa Paunküllast ja Wurma põlle siis mitte joobnud olnud.Hans Jamo nõuab õigust miks temma peale nisuggune tühhi jut tõstetud ja tedda warga nimme alla pandud.Kohhus mõistis:Wurma jäeb puri kinni kunni pealt kuuljad ette tullewad ja sai Loiko ja Jamole ööldud et peawad esmaspäew 6mal oktobril ueste ette tullema.\n\n\n", "meta": {"origin_directory": "vallakohus_teine/"}, "layers": [{"name": "gold_ner", "attributes": ["nertag"], "parent": null, "enveloping": null, "ambiguous": false, "serialisation_module": null, "meta": {}, "spans": [{"base_span": [26, 59], "annotations": [{"nertag": "ORG"}]}, {"base_span": [98, 113], "annotations": [{"nertag": "PER"}]}, {"base_span": [130, 141], "annotations": [{"nertag": "PER"}]}, {"base_span": [142, 151], "annotations": [{"nertag": "PER"}]}, {"base_span": [163, 172], "annotations": [{"nertag": "PER"}]}, {"base_span": [185, 196], "annotations": [{"nertag": "PER"}]}, {"base_span": [204, 218], "annotations": [{"nertag": "MISC"}]}, {"base_span": [233, 245], "annotations": [{"nertag": "LOC_ORG"}]}, {"base_span": [499, 506], "annotations": [{"nertag": "LOC"}]}, {"base_span": [532, 542], "annotations": [{"nertag": "PER"}]}, {"base_span": [543, 555], "annotations": [{"nertag": "MISC"}]}, {"base_span": [556, 565], "annotations": [{"nertag": "LOC_ORG"}]}, {"base_span": [870, 875], "annotations": [{"nertag": "LOC_ORG"}]}, {"base_span": [876, 880], "annotations": [{"nertag": "PER"}]}, {"base_span": [931, 936], "annotations": [{"nertag": "LOC_ORG"}]}, {"base_span": [937, 946], "annotations": [{"nertag": "PER"}]}, {"base_span": [1054, 1064], "annotations": [{"nertag": "PER"}]}, {"base_span": [1086, 1093], "annotations": [{"nertag": "PER"}]}, {"base_span": [1133, 1143], "annotations": [{"nertag": "PER"}]}, {"base_span": [1177, 1181], "annotations": [{"nertag": "PER"}]}, {"base_span": [1214, 1219], "annotations": [{"nertag": "PER"}]}, {"base_span": [1386, 1396], "annotations": [{"nertag": "PER"}]}, {"base_span": [1546, 1551], "annotations": [{"nertag": "PER"}]}, {"base_span": [1696, 1705], "annotations": [{"nertag": "PER"}]}, {"base_span": [1725, 1731], "annotations": [{"nertag": "LOC"}]}, {"base_span": [1902, 1906], "annotations": [{"nertag": "PER"}]}, {"base_span": [1955, 1959], "annotations": [{"nertag": "PER"}]}, {"base_span": [2029, 2040], "annotations": [{"nertag": "PER"}]}, {"base_span": [2078, 2083], "annotations": [{"nertag": "PER"}]}, {"base_span": [2095, 2099], "annotations": [{"nertag": "PER"}]}, {"base_span": [2124, 2135], "annotations": [{"nertag": "PER"}]}, {"base_span": [2139, 2151], "annotations": [{"nertag": "PER"}]}, {"base_span": [2152, 2162], "annotations": [{"nertag": "LOC"}]}, {"base_span": [2166, 2176], "annotations": [{"nertag": "PER"}]}, {"base_span": [2192, 2203], "annotations": [{"nertag": "PER"}]}, {"base_span": [2204, 2215], "annotations": [{"nertag": "LOC"}]}, {"base_span": [2219, 2224], "annotations": [{"nertag": "PER"}]}, {"base_span": [2256, 2265], "annotations": [{"nertag": "PER"}]}, {"base_span": [2373, 2378], "annotations": [{"nertag": "PER"}]}, {"base_span": [2436, 2441], "annotations": [{"nertag": "PER"}]}, {"base_span": [2445, 2451], "annotations": [{"nertag": "PER"}]}]}, {"name": "gold_wordner", "attributes": ["nertag"], "parent": null, "enveloping": null, "ambiguous": false, "serialisation_module": null, "meta": {}, "spans": [{"base_span": [1, 11], "annotations": [{"nertag": "O"}]}, {"base_span": [12, 19], "annotations": [{"nertag": "O"}]}, {"base_span": [20, 25], "annotations": [{"nertag": "O"}]}, {"base_span": [26, 33], "annotations": [{"nertag": "B-ORG"}]}, {"base_span": [34, 36], "annotations": [{"nertag": "I-ORG"}]}, {"base_span": [37, 44], "annotations": [{"nertag": "I-ORG"}]}, {"base_span": [45, 50], "annotations": [{"nertag": "I-ORG"}]}, {"base_span": [51, 59], "annotations": [{"nertag": "I-ORG"}]}, {"base_span": [60, 65], "annotations": [{"nertag": "O"}]}, {"base_span": [66, 71], "annotations": [{"nertag": "O"}]}, {"base_span": [72, 77], "annotations": [{"nertag": "O"}]}, {"base_span": [78, 84], "annotations": [{"nertag": "O"}]}, {"base_span": [84, 85], "annotations": [{"nertag": "O"}]}, {"base_span": [85, 90], "annotations": [{"nertag": "O"}]}, {"base_span": [91, 97], "annotations": [{"nertag": "O"}]}, {"base_span": [98, 104], "annotations": [{"nertag": "B-PER"}]}, {"base_span": [105, 113], "annotations": [{"nertag": "I-PER"}]}, {"base_span": [114, 119], "annotations": [{"nertag": "O"}]}, {"base_span": [120, 129], "annotations": [{"nertag": "O"}]}, {"base_span": [130, 136], "annotations": [{"nertag": "B-PER"}]}, {"base_span": [137, 141], "annotations": [{"nertag": "I-PER"}]}, {"base_span": [142, 146], "annotations": [{"nertag": "B-PER"}]}, {"base_span": [147, 151], "annotations": [{"nertag": "I-PER"}]}, {"base_span": [153, 162], "annotations": [{"nertag": "O"}]}, {"base_span": [163, 164], "annotations": [{"nertag": "B-PER"}]}, {"base_span": [164, 165], "annotations": [{"nertag": "I-PER"}]}, {"base_span": [165, 172], "annotations": [{"nertag": "I-PER"}]}, {"base_span": [174, 184], "annotations": [{"nertag": "O"}]}, {"base_span": [185, 191], "annotations": [{"nertag": "B-PER"}]}, {"base_span": [192, 196], "annotations": [{"nertag": "I-PER"}]}, {"base_span": [197, 203], "annotations": [{"nertag": "O"}]}, {"base_span": [203, 204], "annotations": [{"nertag": "O"}]}, {"base_span": [204, 212], "annotations": [{"nertag": "B-MISC"}]}, {"base_span": [213, 218], "annotations": [{"nertag": "I-MISC"}]}, {"base_span": [219, 223], "annotations": [{"nertag": "O"}]}, {"base_span": [224, 226], "annotations": [{"nertag": "O"}]}, {"base_span": [227, 232], "annotations": [{"nertag": "O"}]}, {"base_span": [233, 238], "annotations": [{"nertag": "B-LOC_ORG"}]}, {"base_span": [239, 245], "annotations": [{"nertag": "I-LOC_ORG"}]}, {"base_span": [246, 251], "annotations": [{"nertag": "O"}]}, {"base_span": [252, 259], "annotations": [{"nertag": "O"}]}, {"base_span": [260, 269], "annotations": [{"nertag": "O"}]}, {"base_span": [270, 272], "annotations": [{"nertag": "O"}]}, {"base_span": [273, 275], "annotations": [{"nertag": "O"}]}, {"base_span": [276, 281], "annotations": [{"nertag": "O"}]}, {"base_span": [282, 288], "annotations": [{"nertag": "O"}]}, {"base_span": [289, 294], "annotations": [{"nertag": "O"}]}, {"base_span": [295, 300], "annotations": [{"nertag": "O"}]}, {"base_span": [300, 301], "annotations": [{"nertag": "O"}]}, {"base_span": [301, 304], "annotations": [{"nertag": "O"}]}, {"base_span": [305, 310], "annotations": [{"nertag": "O"}]}, {"base_span": [311, 316], "annotations": [{"nertag": "O"}]}, {"base_span": [317, 323], "annotations": [{"nertag": "O"}]}, {"base_span": [324, 329], "annotations": [{"nertag": "O"}]}, {"base_span": [329, 330], "annotations": [{"nertag": "O"}]}, {"base_span": [330, 332], "annotations": [{"nertag": "O"}]}, {"base_span": [333, 338], "annotations": [{"nertag": "O"}]}, {"base_span": [339, 344], "annotations": [{"nertag": "O"}]}, {"base_span": [345, 350], "annotations": [{"nertag": "O"}]}, {"base_span": [350, 351], "annotations": [{"nertag": "O"}]}, {"base_span": [351, 352], "annotations": [{"nertag": "O"}]}, {"base_span": [353, 358], "annotations": [{"nertag": "O"}]}, {"base_span": [359, 365], "annotations": [{"nertag": "O"}]}, {"base_span": [366, 373], "annotations": [{"nertag": "O"}]}, {"base_span": [374, 378], "annotations": [{"nertag": "O"}]}, {"base_span": [379, 384], "annotations": [{"nertag": "O"}]}, {"base_span": [385, 391], "annotations": [{"nertag": "O"}]}, {"base_span": [392, 396], "annotations": [{"nertag": "O"}]}, {"base_span": [397, 402], "annotations": [{"nertag": "O"}]}, {"base_span": [403, 409], "annotations": [{"nertag": "O"}]}, {"base_span": [409, 410], "annotations": [{"nertag": "O"}]}, {"base_span": [410, 413], "annotations": [{"nertag": "O"}]}, {"base_span": [414, 419], "annotations": [{"nertag": "O"}]}, {"base_span": [420, 425], "annotations": [{"nertag": "O"}]}, {"base_span": [426, 433], "annotations": [{"nertag": "O"}]}, {"base_span": [434, 439], "annotations": [{"nertag": "O"}]}, {"base_span": [440, 445], "annotations": [{"nertag": "O"}]}, {"base_span": [446, 451], "annotations": [{"nertag": "O"}]}, {"base_span": [452, 459], "annotations": [{"nertag": "O"}]}, {"base_span": [460, 466], "annotations": [{"nertag": "O"}]}, {"base_span": [466, 467], "annotations": [{"nertag": "O"}]}, {"base_span": [468, 471], "annotations": [{"nertag": "O"}]}, {"base_span": [472, 477], "annotations": [{"nertag": "O"}]}, {"base_span": [478, 482], "annotations": [{"nertag": "O"}]}, {"base_span": [483, 487], "annotations": [{"nertag": "O"}]}, {"base_span": [488, 495], "annotations": [{"nertag": "O"}]}, {"base_span": [496, 498], "annotations": [{"nertag": "O"}]}, {"base_span": [499, 506], "annotations": [{"nertag": "B-LOC"}]}, {"base_span": [507, 514], "annotations": [{"nertag": "O"}]}, {"base_span": [515, 521], "annotations": [{"nertag": "O"}]}, {"base_span": [521, 522], "annotations": [{"nertag": "O"}]}, {"base_span": [522, 528], "annotations": [{"nertag": "O"}]}, {"base_span": [529, 531], "annotations": [{"nertag": "O"}]}, {"base_span": [532, 536], "annotations": [{"nertag": "B-PER"}]}, {"base_span": [537, 542], "annotations": [{"nertag": "I-PER"}]}, {"base_span": [543, 555], "annotations": [{"nertag": "B-MISC"}]}, {"base_span": [556, 565], "annotations": [{"nertag": "B-LOC_ORG"}]}, {"base_span": [566, 573], "annotations": [{"nertag": "O"}]}, {"base_span": [573, 574], "annotations": [{"nertag": "O"}]}, {"base_span": [574, 577], "annotations": [{"nertag": "O"}]}, {"base_span": [578, 584], "annotations": [{"nertag": "O"}]}, {"base_span": [585, 589], "annotations": [{"nertag": "O"}]}, {"base_span": [590, 595], "annotations": [{"nertag": "O"}]}, {"base_span": [596, 598], "annotations": [{"nertag": "O"}]}, {"base_span": [599, 603], "annotations": [{"nertag": "O"}]}, {"base_span": [604, 606], "annotations": [{"nertag": "O"}]}, {"base_span": [607, 612], "annotations": [{"nertag": "O"}]}, {"base_span": [613, 619], "annotations": [{"nertag": "O"}]}, {"base_span": [619, 620], "annotations": [{"nertag": "O"}]}, {"base_span": [620, 626], "annotations": [{"nertag": "O"}]}, {"base_span": [626, 627], "annotations": [{"nertag": "O"}]}, {"base_span": [627, 631], "annotations": [{"nertag": "O"}]}, {"base_span": [632, 634], "annotations": [{"nertag": "O"}]}, {"base_span": [635, 640], "annotations": [{"nertag": "O"}]}, {"base_span": [641, 648], "annotations": [{"nertag": "O"}]}, {"base_span": [649, 654], "annotations": [{"nertag": "O"}]}, {"base_span": [655, 660], "annotations": [{"nertag": "O"}]}, {"base_span": [660, 661], "annotations": [{"nertag": "O"}]}, {"base_span": [661, 664], "annotations": [{"nertag": "O"}]}, {"base_span": [665, 669], "annotations": [{"nertag": "O"}]}, {"base_span": [670, 674], "annotations": [{"nertag": "O"}]}, {"base_span": [675, 683], "annotations": [{"nertag": "O"}]}, {"base_span": [684, 690], "annotations": [{"nertag": "O"}]}, {"base_span": [691, 696], "annotations": [{"nertag": "O"}]}, {"base_span": [697, 701], "annotations": [{"nertag": "O"}]}, {"base_span": [702, 704], "annotations": [{"nertag": "O"}]}, {"base_span": [705, 710], "annotations": [{"nertag": "O"}]}, {"base_span": [711, 715], "annotations": [{"nertag": "O"}]}, {"base_span": [716, 721], "annotations": [{"nertag": "O"}]}, {"base_span": [721, 722], "annotations": [{"nertag": "O"}]}, {"base_span": [722, 725], "annotations": [{"nertag": "O"}]}, {"base_span": [726, 728], "annotations": [{"nertag": "O"}]}, {"base_span": [729, 733], "annotations": [{"nertag": "O"}]}, {"base_span": [734, 739], "annotations": [{"nertag": "O"}]}, {"base_span": [739, 740], "annotations": [{"nertag": "O"}]}, {"base_span": [740, 743], "annotations": [{"nertag": "O"}]}, {"base_span": [744, 747], "annotations": [{"nertag": "O"}]}, {"base_span": [748, 756], "annotations": [{"nertag": "O"}]}, {"base_span": [757, 765], "annotations": [{"nertag": "O"}]}, {"base_span": [765, 766], "annotations": [{"nertag": "O"}]}, {"base_span": [766, 770], "annotations": [{"nertag": "O"}]}, {"base_span": [771, 776], "annotations": [{"nertag": "O"}]}, {"base_span": [777, 782], "annotations": [{"nertag": "O"}]}, {"base_span": [783, 791], "annotations": [{"nertag": "O"}]}, {"base_span": [791, 792], "annotations": [{"nertag": "O"}]}, {"base_span": [792, 802], "annotations": [{"nertag": "O"}]}, {"base_span": [803, 807], "annotations": [{"nertag": "O"}]}, {"base_span": [808, 810], "annotations": [{"nertag": "O"}]}, {"base_span": [811, 815], "annotations": [{"nertag": "O"}]}, {"base_span": [815, 816], "annotations": [{"nertag": "O"}]}, {"base_span": [816, 819], "annotations": [{"nertag": "O"}]}, {"base_span": [820, 827], "annotations": [{"nertag": "O"}]}, {"base_span": [828, 830], "annotations": [{"nertag": "O"}]}, {"base_span": [831, 837], "annotations": [{"nertag": "O"}]}, {"base_span": [838, 842], "annotations": [{"nertag": "O"}]}, {"base_span": [843, 848], "annotations": [{"nertag": "O"}]}, {"base_span": [848, 849], "annotations": [{"nertag": "O"}]}, {"base_span": [849, 854], "annotations": [{"nertag": "O"}]}, {"base_span": [855, 862], "annotations": [{"nertag": "O"}]}, {"base_span": [863, 869], "annotations": [{"nertag": "O"}]}, {"base_span": [869, 870], "annotations": [{"nertag": "O"}]}, {"base_span": [870, 875], "annotations": [{"nertag": "B-LOC_ORG"}]}, {"base_span": [876, 880], "annotations": [{"nertag": "B-PER"}]}, {"base_span": [881, 887], "annotations": [{"nertag": "O"}]}, {"base_span": [888, 893], "annotations": [{"nertag": "O"}]}, {"base_span": [894, 899], "annotations": [{"nertag": "O"}]}, {"base_span": [900, 902], "annotations": [{"nertag": "O"}]}, {"base_span": [903, 907], "annotations": [{"nertag": "O"}]}, {"base_span": [908, 912], "annotations": [{"nertag": "O"}]}, {"base_span": [913, 918], "annotations": [{"nertag": "O"}]}, {"base_span": [918, 919], "annotations": [{"nertag": "O"}]}, {"base_span": [919, 921], "annotations": [{"nertag": "O"}]}, {"base_span": [922, 927], "annotations": [{"nertag": "O"}]}, {"base_span": [928, 930], "annotations": [{"nertag": "O"}]}, {"base_span": [931, 936], "annotations": [{"nertag": "B-LOC_ORG"}]}, {"base_span": [937, 941], "annotations": [{"nertag": "B-PER"}]}, {"base_span": [942, 946], "annotations": [{"nertag": "I-PER"}]}, {"base_span": [947, 952], "annotations": [{"nertag": "O"}]}, {"base_span": [953, 958], "annotations": [{"nertag": "O"}]}, {"base_span": [959, 967], "annotations": [{"nertag": "O"}]}, {"base_span": [967, 968], "annotations": [{"nertag": "O"}]}, {"base_span": [968, 971], "annotations": [{"nertag": "O"}]}, {"base_span": [972, 977], "annotations": [{"nertag": "O"}]}, {"base_span": [977, 978], "annotations": [{"nertag": "O"}]}, {"base_span": [978, 983], "annotations": [{"nertag": "O"}]}, {"base_span": [984, 986], "annotations": [{"nertag": "O"}]}, {"base_span": [987, 991], "annotations": [{"nertag": "O"}]}, {"base_span": [992, 997], "annotations": [{"nertag": "O"}]}, {"base_span": [998, 1002], "annotations": [{"nertag": "O"}]}, {"base_span": [1003, 1008], "annotations": [{"nertag": "O"}]}, {"base_span": [1009, 1015], "annotations": [{"nertag": "O"}]}, {"base_span": [1016, 1018], "annotations": [{"nertag": "O"}]}, {"base_span": [1019, 1024], "annotations": [{"nertag": "O"}]}, {"base_span": [1025, 1032], "annotations": [{"nertag": "O"}]}, {"base_span": [1033, 1038], "annotations": [{"nertag": "O"}]}, {"base_span": [1039, 1041], "annotations": [{"nertag": "O"}]}, {"base_span": [1042, 1047], "annotations": [{"nertag": "O"}]}, {"base_span": [1048, 1053], "annotations": [{"nertag": "O"}]}, {"base_span": [1053, 1054], "annotations": [{"nertag": "O"}]}, {"base_span": [1054, 1059], "annotations": [{"nertag": "B-PER"}]}, {"base_span": [1060, 1064], "annotations": [{"nertag": "I-PER"}]}, {"base_span": [1065, 1074], "annotations": [{"nertag": "O"}]}, {"base_span": [1074, 1075], "annotations": [{"nertag": "O"}]}, {"base_span": [1075, 1078], "annotations": [{"nertag": "O"}]}, {"base_span": [1079, 1085], "annotations": [{"nertag": "O"}]}, {"base_span": [1086, 1093], "annotations": [{"nertag": "B-PER"}]}, {"base_span": [1094, 1101], "annotations": [{"nertag": "O"}]}, {"base_span": [1102, 1109], "annotations": [{"nertag": "O"}]}, {"base_span": [1110, 1116], "annotations": [{"nertag": "O"}]}, {"base_span": [1117, 1122], "annotations": [{"nertag": "O"}]}, {"base_span": [1123, 1129], "annotations": [{"nertag": "O"}]}, {"base_span": [1129, 1130], "annotations": [{"nertag": "O"}]}, {"base_span": [1130, 1132], "annotations": [{"nertag": "O"}]}, {"base_span": [1133, 1137], "annotations": [{"nertag": "B-PER"}]}, {"base_span": [1138, 1143], "annotations": [{"nertag": "I-PER"}]}, {"base_span": [1144, 1149], "annotations": [{"nertag": "O"}]}, {"base_span": [1150, 1161], "annotations": [{"nertag": "O"}]}, {"base_span": [1162, 1170], "annotations": [{"nertag": "O"}]}, {"base_span": [1171, 1173], "annotations": [{"nertag": "O"}]}, {"base_span": [1174, 1176], "annotations": [{"nertag": "O"}]}, {"base_span": [1177, 1181], "annotations": [{"nertag": "B-PER"}]}, {"base_span": [1182, 1188], "annotations": [{"nertag": "O"}]}, {"base_span": [1189, 1194], "annotations": [{"nertag": "O"}]}, {"base_span": [1195, 1203], "annotations": [{"nertag": "O"}]}, {"base_span": [1204, 1210], "annotations": [{"nertag": "O"}]}, {"base_span": [1210, 1211], "annotations": [{"nertag": "O"}]}, {"base_span": [1211, 1213], "annotations": [{"nertag": "O"}]}, {"base_span": [1214, 1219], "annotations": [{"nertag": "B-PER"}]}, {"base_span": [1220, 1226], "annotations": [{"nertag": "O"}]}, {"base_span": [1226, 1227], "annotations": [{"nertag": "O"}]}, {"base_span": [1227, 1232], "annotations": [{"nertag": "O"}]}, {"base_span": [1233, 1235], "annotations": [{"nertag": "O"}]}, {"base_span": [1236, 1241], "annotations": [{"nertag": "O"}]}, {"base_span": [1242, 1247], "annotations": [{"nertag": "O"}]}, {"base_span": [1248, 1252], "annotations": [{"nertag": "O"}]}, {"base_span": [1252, 1253], "annotations": [{"nertag": "O"}]}, {"base_span": [1253, 1257], "annotations": [{"nertag": "O"}]}, {"base_span": [1258, 1262], "annotations": [{"nertag": "O"}]}, {"base_span": [1263, 1269], "annotations": [{"nertag": "O"}]}, {"base_span": [1270, 1276], "annotations": [{"nertag": "O"}]}, {"base_span": [1277, 1282], "annotations": [{"nertag": "O"}]}, {"base_span": [1283, 1287], "annotations": [{"nertag": "O"}]}, {"base_span": [1287, 1288], "annotations": [{"nertag": "O"}]}, {"base_span": [1288, 1292], "annotations": [{"nertag": "O"}]}, {"base_span": [1293, 1296], "annotations": [{"nertag": "O"}]}, {"base_span": [1297, 1305], "annotations": [{"nertag": "O"}]}, {"base_span": [1306, 1311], "annotations": [{"nertag": "O"}]}, {"base_span": [1312, 1314], "annotations": [{"nertag": "O"}]}, {"base_span": [1315, 1319], "annotations": [{"nertag": "O"}]}, {"base_span": [1320, 1324], "annotations": [{"nertag": "O"}]}, {"base_span": [1325, 1330], "annotations": [{"nertag": "O"}]}, {"base_span": [1331, 1336], "annotations": [{"nertag": "O"}]}, {"base_span": [1336, 1337], "annotations": [{"nertag": "O"}]}, {"base_span": [1337, 1341], "annotations": [{"nertag": "O"}]}, {"base_span": [1342, 1347], "annotations": [{"nertag": "O"}]}, {"base_span": [1348, 1353], "annotations": [{"nertag": "O"}]}, {"base_span": [1354, 1359], "annotations": [{"nertag": "O"}]}, {"base_span": [1360, 1367], "annotations": [{"nertag": "O"}]}, {"base_span": [1368, 1374], "annotations": [{"nertag": "O"}]}, {"base_span": [1374, 1375], "annotations": [{"nertag": "O"}]}, {"base_span": [1375, 1378], "annotations": [{"nertag": "O"}]}, {"base_span": [1379, 1385], "annotations": [{"nertag": "O"}]}, {"base_span": [1385, 1386], "annotations": [{"nertag": "O"}]}, {"base_span": [1386, 1390], "annotations": [{"nertag": "B-PER"}]}, {"base_span": [1391, 1396], "annotations": [{"nertag": "I-PER"}]}, {"base_span": [1397, 1399], "annotations": [{"nertag": "O"}]}, {"base_span": [1400, 1405], "annotations": [{"nertag": "O"}]}, {"base_span": [1406, 1410], "annotations": [{"nertag": "O"}]}, {"base_span": [1411, 1416], "annotations": [{"nertag": "O"}]}, {"base_span": [1417, 1420], "annotations": [{"nertag": "O"}]}, {"base_span": [1421, 1428], "annotations": [{"nertag": "O"}]}, {"base_span": [1429, 1439], "annotations": [{"nertag": "O"}]}, {"base_span": [1439, 1440], "annotations": [{"nertag": "O"}]}, {"base_span": [1440, 1445], "annotations": [{"nertag": "O"}]}, {"base_span": [1445, 1446], "annotations": [{"nertag": "O"}]}, {"base_span": [1446, 1451], "annotations": [{"nertag": "O"}]}, {"base_span": [1452, 1454], "annotations": [{"nertag": "O"}]}, {"base_span": [1455, 1462], "annotations": [{"nertag": "O"}]}, {"base_span": [1463, 1466], "annotations": [{"nertag": "O"}]}, {"base_span": [1467, 1472], "annotations": [{"nertag": "O"}]}, {"base_span": [1473, 1480], "annotations": [{"nertag": "O"}]}, {"base_span": [1480, 1481], "annotations": [{"nertag": "O"}]}, {"base_span": [1481, 1485], "annotations": [{"nertag": "O"}]}, {"base_span": [1486, 1489], "annotations": [{"nertag": "O"}]}, {"base_span": [1490, 1497], "annotations": [{"nertag": "O"}]}, {"base_span": [1498, 1500], "annotations": [{"nertag": "O"}]}, {"base_span": [1501, 1506], "annotations": [{"nertag": "O"}]}, {"base_span": [1507, 1514], "annotations": [{"nertag": "O"}]}, {"base_span": [1515, 1519], "annotations": [{"nertag": "O"}]}, {"base_span": [1520, 1529], "annotations": [{"nertag": "O"}]}, {"base_span": [1529, 1530], "annotations": [{"nertag": "O"}]}, {"base_span": [1530, 1535], "annotations": [{"nertag": "O"}]}, {"base_span": [1536, 1541], "annotations": [{"nertag": "O"}]}, {"base_span": [1542, 1545], "annotations": [{"nertag": "O"}]}, {"base_span": [1546, 1551], "annotations": [{"nertag": "B-PER"}]}, {"base_span": [1552, 1557], "annotations": [{"nertag": "O"}]}, {"base_span": [1558, 1563], "annotations": [{"nertag": "O"}]}, {"base_span": [1564, 1569], "annotations": [{"nertag": "O"}]}, {"base_span": [1570, 1576], "annotations": [{"nertag": "O"}]}, {"base_span": [1576, 1577], "annotations": [{"nertag": "O"}]}, {"base_span": [1577, 1579], "annotations": [{"nertag": "O"}]}, {"base_span": [1580, 1585], "annotations": [{"nertag": "O"}]}, {"base_span": [1586, 1590], "annotations": [{"nertag": "O"}]}, {"base_span": [1591, 1600], "annotations": [{"nertag": "O"}]}, {"base_span": [1601, 1603], "annotations": [{"nertag": "O"}]}, {"base_span": [1604, 1613], "annotations": [{"nertag": "O"}]}, {"base_span": [1614, 1619], "annotations": [{"nertag": "O"}]}, {"base_span": [1620, 1625], "annotations": [{"nertag": "O"}]}, {"base_span": [1626, 1632], "annotations": [{"nertag": "O"}]}, {"base_span": [1632, 1633], "annotations": [{"nertag": "O"}]}, {"base_span": [1633, 1638], "annotations": [{"nertag": "O"}]}, {"base_span": [1639, 1649], "annotations": [{"nertag": "O"}]}, {"base_span": [1650, 1656], "annotations": [{"nertag": "O"}]}, {"base_span": [1657, 1661], "annotations": [{"nertag": "O"}]}, {"base_span": [1662, 1670], "annotations": [{"nertag": "O"}]}, {"base_span": [1671, 1676], "annotations": [{"nertag": "O"}]}, {"base_span": [1677, 1684], "annotations": [{"nertag": "O"}]}, {"base_span": [1685, 1687], "annotations": [{"nertag": "O"}]}, {"base_span": [1688, 1695], "annotations": [{"nertag": "O"}]}, {"base_span": [1695, 1696], "annotations": [{"nertag": "O"}]}, {"base_span": [1696, 1700], "annotations": [{"nertag": "B-PER"}]}, {"base_span": [1701, 1705], "annotations": [{"nertag": "I-PER"}]}, {"base_span": [1706, 1715], "annotations": [{"nertag": "O"}]}, {"base_span": [1715, 1716], "annotations": [{"nertag": "O"}]}, {"base_span": [1716, 1721], "annotations": [{"nertag": "O"}]}, {"base_span": [1722, 1724], "annotations": [{"nertag": "O"}]}, {"base_span": [1725, 1731], "annotations": [{"nertag": "B-LOC"}]}, {"base_span": [1732, 1737], "annotations": [{"nertag": "O"}]}, {"base_span": [1738, 1744], "annotations": [{"nertag": "O"}]}, {"base_span": [1745, 1747], "annotations": [{"nertag": "O"}]}, {"base_span": [1748, 1752], "annotations": [{"nertag": "O"}]}, {"base_span": [1753, 1758], "annotations": [{"nertag": "O"}]}, {"base_span": [1759, 1764], "annotations": [{"nertag": "O"}]}, {"base_span": [1765, 1769], "annotations": [{"nertag": "O"}]}, {"base_span": [1770, 1775], "annotations": [{"nertag": "O"}]}, {"base_span": [1776, 1782], "annotations": [{"nertag": "O"}]}, {"base_span": [1782, 1783], "annotations": [{"nertag": "O"}]}, {"base_span": [1783, 1790], "annotations": [{"nertag": "O"}]}, {"base_span": [1791, 1794], "annotations": [{"nertag": "O"}]}, {"base_span": [1795, 1801], "annotations": [{"nertag": "O"}]}, {"base_span": [1802, 1810], "annotations": [{"nertag": "O"}]}, {"base_span": [1811, 1816], "annotations": [{"nertag": "O"}]}, {"base_span": [1817, 1827], "annotations": [{"nertag": "O"}]}, {"base_span": [1828, 1830], "annotations": [{"nertag": "O"}]}, {"base_span": [1831, 1833], "annotations": [{"nertag": "O"}]}, {"base_span": [1834, 1845], "annotations": [{"nertag": "O"}]}, {"base_span": [1846, 1853], "annotations": [{"nertag": "O"}]}, {"base_span": [1853, 1854], "annotations": [{"nertag": "O"}]}, {"base_span": [1854, 1860], "annotations": [{"nertag": "O"}]}, {"base_span": [1861, 1866], "annotations": [{"nertag": "O"}]}, {"base_span": [1867, 1872], "annotations": [{"nertag": "O"}]}, {"base_span": [1873, 1878], "annotations": [{"nertag": "O"}]}, {"base_span": [1878, 1879], "annotations": [{"nertag": "O"}]}, {"base_span": [1879, 1881], "annotations": [{"nertag": "O"}]}, {"base_span": [1882, 1887], "annotations": [{"nertag": "O"}]}, {"base_span": [1888, 1890], "annotations": [{"nertag": "O"}]}, {"base_span": [1891, 1897], "annotations": [{"nertag": "O"}]}, {"base_span": [1898, 1901], "annotations": [{"nertag": "O"}]}, {"base_span": [1902, 1906], "annotations": [{"nertag": "B-PER"}]}, {"base_span": [1907, 1913], "annotations": [{"nertag": "O"}]}, {"base_span": [1914, 1920], "annotations": [{"nertag": "O"}]}, {"base_span": [1921, 1926], "annotations": [{"nertag": "O"}]}, {"base_span": [1927, 1931], "annotations": [{"nertag": "O"}]}, {"base_span": [1932, 1937], "annotations": [{"nertag": "O"}]}, {"base_span": [1938, 1944], "annotations": [{"nertag": "O"}]}, {"base_span": [1945, 1947], "annotations": [{"nertag": "O"}]}, {"base_span": [1948, 1950], "annotations": [{"nertag": "O"}]}, {"base_span": [1951, 1954], "annotations": [{"nertag": "O"}]}, {"base_span": [1955, 1959], "annotations": [{"nertag": "B-PER"}]}, {"base_span": [1960, 1967], "annotations": [{"nertag": "O"}]}, {"base_span": [1968, 1973], "annotations": [{"nertag": "O"}]}, {"base_span": [1974, 1976], "annotations": [{"nertag": "O"}]}, {"base_span": [1977, 1982], "annotations": [{"nertag": "O"}]}, {"base_span": [1983, 1989], "annotations": [{"nertag": "O"}]}, {"base_span": [1989, 1990], "annotations": [{"nertag": "O"}]}, {"base_span": [1990, 1994], "annotations": [{"nertag": "O"}]}, {"base_span": [1995, 2000], "annotations": [{"nertag": "O"}]}, {"base_span": [2001, 2009], "annotations": [{"nertag": "O"}]}, {"base_span": [2010, 2015], "annotations": [{"nertag": "O"}]}, {"base_span": [2016, 2021], "annotations": [{"nertag": "O"}]}, {"base_span": [2022, 2028], "annotations": [{"nertag": "O"}]}, {"base_span": [2028, 2029], "annotations": [{"nertag": "O"}]}, {"base_span": [2029, 2035], "annotations": [{"nertag": "B-PER"}]}, {"base_span": [2036, 2040], "annotations": [{"nertag": "I-PER"}]}, {"base_span": [2041, 2050], "annotations": [{"nertag": "O"}]}, {"base_span": [2050, 2051], "annotations": [{"nertag": "O"}]}, {"base_span": [2051, 2056], "annotations": [{"nertag": "O"}]}, {"base_span": [2057, 2064], "annotations": [{"nertag": "O"}]}, {"base_span": [2065, 2067], "annotations": [{"nertag": "O"}]}, {"base_span": [2068, 2073], "annotations": [{"nertag": "O"}]}, {"base_span": [2074, 2077], "annotations": [{"nertag": "O"}]}, {"base_span": [2078, 2083], "annotations": [{"nertag": "B-PER"}]}, {"base_span": [2084, 2091], "annotations": [{"nertag": "O"}]}, {"base_span": [2092, 2094], "annotations": [{"nertag": "O"}]}, {"base_span": [2095, 2099], "annotations": [{"nertag": "B-PER"}]}, {"base_span": [2100, 2105], "annotations": [{"nertag": "O"}]}, {"base_span": [2106, 2110], "annotations": [{"nertag": "O"}]}, {"base_span": [2111, 2116], "annotations": [{"nertag": "O"}]}, {"base_span": [2117, 2123], "annotations": [{"nertag": "O"}]}, {"base_span": [2123, 2124], "annotations": [{"nertag": "O"}]}, {"base_span": [2124, 2129], "annotations": [{"nertag": "B-PER"}]}, {"base_span": [2130, 2135], "annotations": [{"nertag": "I-PER"}]}, {"base_span": [2136, 2138], "annotations": [{"nertag": "O"}]}, {"base_span": [2139, 2145], "annotations": [{"nertag": "B-PER"}]}, {"base_span": [2146, 2151], "annotations": [{"nertag": "I-PER"}]}, {"base_span": [2152, 2162], "annotations": [{"nertag": "B-LOC"}]}, {"base_span": [2163, 2165], "annotations": [{"nertag": "O"}]}, {"base_span": [2166, 2169], "annotations": [{"nertag": "B-PER"}]}, {"base_span": [2170, 2176], "annotations": [{"nertag": "I-PER"}]}, {"base_span": [2177, 2179], "annotations": [{"nertag": "O"}]}, {"base_span": [2180, 2186], "annotations": [{"nertag": "O"}]}, {"base_span": [2187, 2191], "annotations": [{"nertag": "O"}]}, {"base_span": [2192, 2197], "annotations": [{"nertag": "B-PER"}]}, {"base_span": [2198, 2203], "annotations": [{"nertag": "I-PER"}]}, {"base_span": [2204, 2215], "annotations": [{"nertag": "B-LOC"}]}, {"base_span": [2216, 2218], "annotations": [{"nertag": "O"}]}, {"base_span": [2219, 2224], "annotations": [{"nertag": "B-PER"}]}, {"base_span": [2225, 2230], "annotations": [{"nertag": "O"}]}, {"base_span": [2231, 2235], "annotations": [{"nertag": "O"}]}, {"base_span": [2236, 2241], "annotations": [{"nertag": "O"}]}, {"base_span": [2242, 2249], "annotations": [{"nertag": "O"}]}, {"base_span": [2250, 2255], "annotations": [{"nertag": "O"}]}, {"base_span": [2255, 2256], "annotations": [{"nertag": "O"}]}, {"base_span": [2256, 2260], "annotations": [{"nertag": "B-PER"}]}, {"base_span": [2261, 2265], "annotations": [{"nertag": "I-PER"}]}, {"base_span": [2266, 2271], "annotations": [{"nertag": "O"}]}, {"base_span": [2272, 2278], "annotations": [{"nertag": "O"}]}, {"base_span": [2279, 2283], "annotations": [{"nertag": "O"}]}, {"base_span": [2284, 2289], "annotations": [{"nertag": "O"}]}, {"base_span": [2290, 2295], "annotations": [{"nertag": "O"}]}, {"base_span": [2296, 2305], "annotations": [{"nertag": "O"}]}, {"base_span": [2306, 2311], "annotations": [{"nertag": "O"}]}, {"base_span": [2312, 2315], "annotations": [{"nertag": "O"}]}, {"base_span": [2316, 2324], "annotations": [{"nertag": "O"}]}, {"base_span": [2325, 2327], "annotations": [{"nertag": "O"}]}, {"base_span": [2328, 2333], "annotations": [{"nertag": "O"}]}, {"base_span": [2334, 2339], "annotations": [{"nertag": "O"}]}, {"base_span": [2340, 2345], "annotations": [{"nertag": "O"}]}, {"base_span": [2346, 2350], "annotations": [{"nertag": "O"}]}, {"base_span": [2351, 2357], "annotations": [{"nertag": "O"}]}, {"base_span": [2357, 2358], "annotations": [{"nertag": "O"}]}, {"base_span": [2358, 2364], "annotations": [{"nertag": "O"}]}, {"base_span": [2365, 2372], "annotations": [{"nertag": "O"}]}, {"base_span": [2372, 2373], "annotations": [{"nertag": "O"}]}, {"base_span": [2373, 2378], "annotations": [{"nertag": "B-PER"}]}, {"base_span": [2379, 2383], "annotations": [{"nertag": "O"}]}, {"base_span": [2384, 2388], "annotations": [{"nertag": "O"}]}, {"base_span": [2389, 2394], "annotations": [{"nertag": "O"}]}, {"base_span": [2395, 2400], "annotations": [{"nertag": "O"}]}, {"base_span": [2401, 2406], "annotations": [{"nertag": "O"}]}, {"base_span": [2407, 2414], "annotations": [{"nertag": "O"}]}, {"base_span": [2415, 2419], "annotations": [{"nertag": "O"}]}, {"base_span": [2420, 2428], "annotations": [{"nertag": "O"}]}, {"base_span": [2429, 2431], "annotations": [{"nertag": "O"}]}, {"base_span": [2432, 2435], "annotations": [{"nertag": "O"}]}, {"base_span": [2436, 2441], "annotations": [{"nertag": "B-PER"}]}, {"base_span": [2442, 2444], "annotations": [{"nertag": "O"}]}, {"base_span": [2445, 2451], "annotations": [{"nertag": "B-PER"}]}, {"base_span": [2452, 2458], "annotations": [{"nertag": "O"}]}, {"base_span": [2459, 2461], "annotations": [{"nertag": "O"}]}, {"base_span": [2462, 2468], "annotations": [{"nertag": "O"}]}, {"base_span": [2469, 2478], "annotations": [{"nertag": "O"}]}, {"base_span": [2479, 2483], "annotations": [{"nertag": "O"}]}, {"base_span": [2484, 2492], "annotations": [{"nertag": "O"}]}, {"base_span": [2493, 2498], "annotations": [{"nertag": "O"}]}, {"base_span": [2499, 2503], "annotations": [{"nertag": "O"}]}, {"base_span": [2504, 2511], "annotations": [{"nertag": "O"}]}, {"base_span": [2511, 2512], "annotations": [{"nertag": "O"}]}]}]}