{"text": "Mai Laose Jaani naene kaebab:Kaddaka perrenaene on temma tütre aasta eest ommale tüdrukuks kaubelnud,lubbanud täie palga anda ja willase rättiko tehha ja ka leeritada,ja kanna eest 1 rubla rahha anda.Nüüd põlle leeritanud,egga keiki palka kätte annud,wõtnud taggasi 1 willo,2 künart linnast ja 2 künart takust riet ja pool kuube.Kaddaka perrenaene Marri Nael tunnistab:Kaup olnud 10 künart linnast ja 10 künart takkust riet agga nüüd tüdruk nõuda 12 künart kumbagi,willane rättik on pitkema teenistuse aia kui ühe aasta peale lubbatud,leeritamine on saanud lubbatud,agga tüdruku wannemad põlle tahtnud on isse leeritanud,tüdruk on essite willad küssinud,ja saanud antud,pärrast willad taggasi toonud,et tahab riide saada,agga rie olla alles teggemata,ja kanna eest rahha ei olle mitte lubbatud,tüdrukul on selle eest peale kauba linnad maas olnud.Ja lubab kui rie walmis saab selle poole kue jaggo riet anda ja ka need 2 küünart kumbagi riet mis weel juure nõutakse.\n\n", "meta": {"origin_directory": "vallakohus_neljas/"}, "layers": [{"name": "gold_ner", "attributes": ["nertag"], "parent": null, "enveloping": null, "ambiguous": false, "serialisation_module": null, "meta": {}, "spans": [{"base_span": [0, 3], "annotations": [{"nertag": "PER"}]}, {"base_span": [4, 9], "annotations": [{"nertag": "LOC_ORG"}]}, {"base_span": [10, 15], "annotations": [{"nertag": "PER"}]}, {"base_span": [29, 36], "annotations": [{"nertag": "LOC_ORG"}]}, {"base_span": [329, 336], "annotations": [{"nertag": "LOC_ORG"}]}, {"base_span": [348, 358], "annotations": [{"nertag": "PER"}]}]}, {"name": "gold_wordner", "attributes": ["nertag"], "parent": null, "enveloping": null, "ambiguous": false, "serialisation_module": null, "meta": {}, "spans": [{"base_span": [0, 3], "annotations": [{"nertag": "B-PER"}]}, {"base_span": [4, 9], "annotations": [{"nertag": "B-LOC_ORG"}]}, {"base_span": [10, 15], "annotations": [{"nertag": "B-PER"}]}, {"base_span": [16, 21], "annotations": [{"nertag": "O"}]}, {"base_span": [22, 28], "annotations": [{"nertag": "O"}]}, {"base_span": [28, 29], "annotations": [{"nertag": "O"}]}, {"base_span": [29, 36], "annotations": [{"nertag": "B-LOC_ORG"}]}, {"base_span": [37, 47], "annotations": [{"nertag": "O"}]}, {"base_span": [48, 50], "annotations": [{"nertag": "O"}]}, {"base_span": [51, 56], "annotations": [{"nertag": "O"}]}, {"base_span": [57, 62], "annotations": [{"nertag": "O"}]}, {"base_span": [63, 68], "annotations": [{"nertag": "O"}]}, {"base_span": [69, 73], "annotations": [{"nertag": "O"}]}, {"base_span": [74, 80], "annotations": [{"nertag": "O"}]}, {"base_span": [81, 90], "annotations": [{"nertag": "O"}]}, {"base_span": [91, 100], "annotations": [{"nertag": "O"}]}, {"base_span": [100, 101], "annotations": [{"nertag": "O"}]}, {"base_span": [101, 109], "annotations": [{"nertag": "O"}]}, {"base_span": [110, 114], "annotations": [{"nertag": "O"}]}, {"base_span": [115, 120], "annotations": [{"nertag": "O"}]}, {"base_span": [121, 125], "annotations": [{"nertag": "O"}]}, {"base_span": [126, 128], "annotations": [{"nertag": "O"}]}, {"base_span": [129, 136], "annotations": [{"nertag": "O"}]}, {"base_span": [137, 144], "annotations": [{"nertag": "O"}]}, {"base_span": [145, 150], "annotations": [{"nertag": "O"}]}, {"base_span": [151, 153], "annotations": [{"nertag": "O"}]}, {"base_span": [154, 156], "annotations": [{"nertag": "O"}]}, {"base_span": [157, 166], "annotations": [{"nertag": "O"}]}, {"base_span": [166, 167], "annotations": [{"nertag": "O"}]}, {"base_span": [167, 169], "annotations": [{"nertag": "O"}]}, {"base_span": [170, 175], "annotations": [{"nertag": "O"}]}, {"base_span": [176, 180], "annotations": [{"nertag": "O"}]}, {"base_span": [181, 182], "annotations": [{"nertag": "O"}]}, {"base_span": [183, 188], "annotations": [{"nertag": "O"}]}, {"base_span": [189, 194], "annotations": [{"nertag": "O"}]}, {"base_span": [195, 199], "annotations": [{"nertag": "O"}]}, {"base_span": [199, 200], "annotations": [{"nertag": "O"}]}, {"base_span": [200, 204], "annotations": [{"nertag": "O"}]}, {"base_span": [205, 210], "annotations": [{"nertag": "O"}]}, {"base_span": [211, 221], "annotations": [{"nertag": "O"}]}, {"base_span": [221, 222], "annotations": [{"nertag": "O"}]}, {"base_span": [222, 226], "annotations": [{"nertag": "O"}]}, {"base_span": [227, 232], "annotations": [{"nertag": "O"}]}, {"base_span": [233, 238], "annotations": [{"nertag": "O"}]}, {"base_span": [239, 244], "annotations": [{"nertag": "O"}]}, {"base_span": [245, 250], "annotations": [{"nertag": "O"}]}, {"base_span": [250, 251], "annotations": [{"nertag": "O"}]}, {"base_span": [251, 257], "annotations": [{"nertag": "O"}]}, {"base_span": [258, 265], "annotations": [{"nertag": "O"}]}, {"base_span": [266, 267], "annotations": [{"nertag": "O"}]}, {"base_span": [268, 273], "annotations": [{"nertag": "O"}]}, {"base_span": [273, 274], "annotations": [{"nertag": "O"}]}, {"base_span": [274, 275], "annotations": [{"nertag": "O"}]}, {"base_span": [276, 282], "annotations": [{"nertag": "O"}]}, {"base_span": [283, 290], "annotations": [{"nertag": "O"}]}, {"base_span": [291, 293], "annotations": [{"nertag": "O"}]}, {"base_span": [294, 295], "annotations": [{"nertag": "O"}]}, {"base_span": [296, 302], "annotations": [{"nertag": "O"}]}, {"base_span": [303, 309], "annotations": [{"nertag": "O"}]}, {"base_span": [310, 314], "annotations": [{"nertag": "O"}]}, {"base_span": [315, 317], "annotations": [{"nertag": "O"}]}, {"base_span": [318, 322], "annotations": [{"nertag": "O"}]}, {"base_span": [323, 328], "annotations": [{"nertag": "O"}]}, {"base_span": [328, 329], "annotations": [{"nertag": "O"}]}, {"base_span": [329, 336], "annotations": [{"nertag": "B-LOC_ORG"}]}, {"base_span": [337, 347], "annotations": [{"nertag": "O"}]}, {"base_span": [348, 353], "annotations": [{"nertag": "B-PER"}]}, {"base_span": [354, 358], "annotations": [{"nertag": "I-PER"}]}, {"base_span": [359, 368], "annotations": [{"nertag": "O"}]}, {"base_span": [368, 369], "annotations": [{"nertag": "O"}]}, {"base_span": [369, 373], "annotations": [{"nertag": "O"}]}, {"base_span": [374, 379], "annotations": [{"nertag": "O"}]}, {"base_span": [380, 382], "annotations": [{"nertag": "O"}]}, {"base_span": [383, 389], "annotations": [{"nertag": "O"}]}, {"base_span": [390, 397], "annotations": [{"nertag": "O"}]}, {"base_span": [398, 400], "annotations": [{"nertag": "O"}]}, {"base_span": [401, 403], "annotations": [{"nertag": "O"}]}, {"base_span": [404, 410], "annotations": [{"nertag": "O"}]}, {"base_span": [411, 418], "annotations": [{"nertag": "O"}]}, {"base_span": [419, 423], "annotations": [{"nertag": "O"}]}, {"base_span": [424, 428], "annotations": [{"nertag": "O"}]}, {"base_span": [429, 433], "annotations": [{"nertag": "O"}]}, {"base_span": [434, 440], "annotations": [{"nertag": "O"}]}, {"base_span": [441, 446], "annotations": [{"nertag": "O"}]}, {"base_span": [447, 449], "annotations": [{"nertag": "O"}]}, {"base_span": [450, 456], "annotations": [{"nertag": "O"}]}, {"base_span": [457, 464], "annotations": [{"nertag": "O"}]}, {"base_span": [464, 465], "annotations": [{"nertag": "O"}]}, {"base_span": [465, 472], "annotations": [{"nertag": "O"}]}, {"base_span": [473, 479], "annotations": [{"nertag": "O"}]}, {"base_span": [480, 482], "annotations": [{"nertag": "O"}]}, {"base_span": [483, 490], "annotations": [{"nertag": "O"}]}, {"base_span": [491, 501], "annotations": [{"nertag": "O"}]}, {"base_span": [502, 505], "annotations": [{"nertag": "O"}]}, {"base_span": [506, 509], "annotations": [{"nertag": "O"}]}, {"base_span": [510, 513], "annotations": [{"nertag": "O"}]}, {"base_span": [514, 519], "annotations": [{"nertag": "O"}]}, {"base_span": [520, 525], "annotations": [{"nertag": "O"}]}, {"base_span": [526, 534], "annotations": [{"nertag": "O"}]}, {"base_span": [534, 535], "annotations": [{"nertag": "O"}]}, {"base_span": [535, 546], "annotations": [{"nertag": "O"}]}, {"base_span": [547, 549], "annotations": [{"nertag": "O"}]}, {"base_span": [550, 556], "annotations": [{"nertag": "O"}]}, {"base_span": [557, 565], "annotations": [{"nertag": "O"}]}, {"base_span": [565, 566], "annotations": [{"nertag": "O"}]}, {"base_span": [566, 570], "annotations": [{"nertag": "O"}]}, {"base_span": [571, 578], "annotations": [{"nertag": "O"}]}, {"base_span": [579, 587], "annotations": [{"nertag": "O"}]}, {"base_span": [588, 593], "annotations": [{"nertag": "O"}]}, {"base_span": [594, 601], "annotations": [{"nertag": "O"}]}, {"base_span": [602, 604], "annotations": [{"nertag": "O"}]}, {"base_span": [605, 609], "annotations": [{"nertag": "O"}]}, {"base_span": [610, 620], "annotations": [{"nertag": "O"}]}, {"base_span": [620, 621], "annotations": [{"nertag": "O"}]}, {"base_span": [621, 627], "annotations": [{"nertag": "O"}]}, {"base_span": [628, 630], "annotations": [{"nertag": "O"}]}, {"base_span": [631, 637], "annotations": [{"nertag": "O"}]}, {"base_span": [638, 644], "annotations": [{"nertag": "O"}]}, {"base_span": [645, 653], "annotations": [{"nertag": "O"}]}, {"base_span": [653, 654], "annotations": [{"nertag": "O"}]}, {"base_span": [654, 656], "annotations": [{"nertag": "O"}]}, {"base_span": [657, 663], "annotations": [{"nertag": "O"}]}, {"base_span": [664, 669], "annotations": [{"nertag": "O"}]}, {"base_span": [669, 670], "annotations": [{"nertag": "O"}]}, {"base_span": [670, 677], "annotations": [{"nertag": "O"}]}, {"base_span": [678, 684], "annotations": [{"nertag": "O"}]}, {"base_span": [685, 692], "annotations": [{"nertag": "O"}]}, {"base_span": [693, 699], "annotations": [{"nertag": "O"}]}, {"base_span": [699, 700], "annotations": [{"nertag": "O"}]}, {"base_span": [700, 702], "annotations": [{"nertag": "O"}]}, {"base_span": [703, 708], "annotations": [{"nertag": "O"}]}, {"base_span": [709, 714], "annotations": [{"nertag": "O"}]}, {"base_span": [715, 720], "annotations": [{"nertag": "O"}]}, {"base_span": [720, 721], "annotations": [{"nertag": "O"}]}, {"base_span": [721, 725], "annotations": [{"nertag": "O"}]}, {"base_span": [726, 729], "annotations": [{"nertag": "O"}]}, {"base_span": [730, 734], "annotations": [{"nertag": "O"}]}, {"base_span": [735, 740], "annotations": [{"nertag": "O"}]}, {"base_span": [741, 750], "annotations": [{"nertag": "O"}]}, {"base_span": [750, 751], "annotations": [{"nertag": "O"}]}, {"base_span": [751, 753], "annotations": [{"nertag": "O"}]}, {"base_span": [754, 759], "annotations": [{"nertag": "O"}]}, {"base_span": [760, 764], "annotations": [{"nertag": "O"}]}, {"base_span": [765, 770], "annotations": [{"nertag": "O"}]}, {"base_span": [771, 773], "annotations": [{"nertag": "O"}]}, {"base_span": [774, 778], "annotations": [{"nertag": "O"}]}, {"base_span": [779, 784], "annotations": [{"nertag": "O"}]}, {"base_span": [785, 793], "annotations": [{"nertag": "O"}]}, {"base_span": [793, 794], "annotations": [{"nertag": "O"}]}, {"base_span": [794, 802], "annotations": [{"nertag": "O"}]}, {"base_span": [803, 805], "annotations": [{"nertag": "O"}]}, {"base_span": [806, 811], "annotations": [{"nertag": "O"}]}, {"base_span": [812, 816], "annotations": [{"nertag": "O"}]}, {"base_span": [817, 822], "annotations": [{"nertag": "O"}]}, {"base_span": [823, 828], "annotations": [{"nertag": "O"}]}, {"base_span": [829, 835], "annotations": [{"nertag": "O"}]}, {"base_span": [836, 840], "annotations": [{"nertag": "O"}]}, {"base_span": [841, 846], "annotations": [{"nertag": "O"}]}, {"base_span": [846, 847], "annotations": [{"nertag": "O"}]}, {"base_span": [847, 849], "annotations": [{"nertag": "O"}]}, {"base_span": [850, 855], "annotations": [{"nertag": "O"}]}, {"base_span": [856, 859], "annotations": [{"nertag": "O"}]}, {"base_span": [860, 863], "annotations": [{"nertag": "O"}]}, {"base_span": [864, 870], "annotations": [{"nertag": "O"}]}, {"base_span": [871, 875], "annotations": [{"nertag": "O"}]}, {"base_span": [876, 881], "annotations": [{"nertag": "O"}]}, {"base_span": [882, 887], "annotations": [{"nertag": "O"}]}, {"base_span": [888, 891], "annotations": [{"nertag": "O"}]}, {"base_span": [892, 897], "annotations": [{"nertag": "O"}]}, {"base_span": [898, 902], "annotations": [{"nertag": "O"}]}, {"base_span": [903, 907], "annotations": [{"nertag": "O"}]}, {"base_span": [908, 910], "annotations": [{"nertag": "O"}]}, {"base_span": [911, 913], "annotations": [{"nertag": "O"}]}, {"base_span": [914, 918], "annotations": [{"nertag": "O"}]}, {"base_span": [919, 920], "annotations": [{"nertag": "O"}]}, {"base_span": [921, 928], "annotations": [{"nertag": "O"}]}, {"base_span": [929, 936], "annotations": [{"nertag": "O"}]}, {"base_span": [937, 941], "annotations": [{"nertag": "O"}]}, {"base_span": [942, 945], "annotations": [{"nertag": "O"}]}, {"base_span": [946, 950], "annotations": [{"nertag": "O"}]}, {"base_span": [951, 956], "annotations": [{"nertag": "O"}]}, {"base_span": [957, 965], "annotations": [{"nertag": "O"}]}, {"base_span": [965, 966], "annotations": [{"nertag": "O"}]}]}]}