{"text": "\nMaidla kogokonakohtu majase olid kohtu kora pärast koko tulnud ja istusid kohtu laua äres:\n\nKogukona kohtu wanem: Jaan Timian\n\n\" kõrwamees Peter Laas\n\n\" Pridik Ridak\n\n\" kirjutaja Joh Tedder\n\nKohtu ette tuli Maidla walla warra talitaja Hans Wiekman ja kaebas, et Maidlast lahti tenind soldat, Jaan Riesman, olla teda 24mal Junil kirrikust wälja tulles, kirriko õues, keige kogudusse ees wargaks sõimand. Jani naese wend, Mihkel Lints, kes kewwade ärra surnud, olla Tallinna Luttre kontori kuuris Hans Wiekmani käte oma pearaha ärra maksnud ja nüüd uus tallitaja, Peter Rassmann pärida Jani käest jälle 1876 aasta pearaha, sest et Jaan Riesman olla Mihkel Lintsi pärrandusse sanud, ja nüüd peab wanna tallitaja Jaan Riesmanni arwamisse järel warras ollema. Wanna tallitaja agga tunnistab, et kui ka Mihkel Lints tema käte kül raha on maksnud, ehk kül mite Luttre kuris sedda ei olla olnud, siis on ommeti Mihkle selle aegne peraha tassa, kus temma tallitaja olnud, et kül Mihkel kaks aastat 1874 ja 1875 ilma passita linnas ümber hulkunud. Uus tallitaja aga pärida Jani käest 1876 aasta peraha, kus ta isse juba tallitaja on.\n\nKohus lubas neid tulewa kohtu päwal ete kutsuda.\n\nKogukona kohtu wanem: Jaan Timian XXX\n\n\" kõrwamees Peter Rassman XXX\n\n\" Pridik Ridak XXX\n\n\" kirjutaja Joh Tedder\n\n\n", "meta": {"origin_directory": "vallakohus_neljas/"}, "layers": [{"name": "gold_ner", "attributes": ["nertag"], "parent": null, "enveloping": null, "ambiguous": false, "serialisation_module": null, "meta": {}, "spans": [{"base_span": [1, 28], "annotations": [{"nertag": "LOC"}]}, {"base_span": [115, 126], "annotations": [{"nertag": "PER"}]}, {"base_span": [140, 150], "annotations": [{"nertag": "PER"}]}, {"base_span": [154, 166], "annotations": [{"nertag": "PER"}]}, {"base_span": [180, 190], "annotations": [{"nertag": "PER"}]}, {"base_span": [208, 220], "annotations": [{"nertag": "LOC_ORG"}]}, {"base_span": [236, 248], "annotations": [{"nertag": "PER"}]}, {"base_span": [263, 271], "annotations": [{"nertag": "LOC"}]}, {"base_span": [293, 305], "annotations": [{"nertag": "PER"}]}, {"base_span": [404, 408], "annotations": [{"nertag": "PER"}]}, {"base_span": [421, 433], "annotations": [{"nertag": "PER"}]}, {"base_span": [465, 473], "annotations": [{"nertag": "LOC"}]}, {"base_span": [474, 495], "annotations": [{"nertag": "LOC"}]}, {"base_span": [496, 509], "annotations": [{"nertag": "PER"}]}, {"base_span": [563, 577], "annotations": [{"nertag": "PER"}]}, {"base_span": [585, 589], "annotations": [{"nertag": "PER"}]}, {"base_span": [630, 642], "annotations": [{"nertag": "PER"}]}, {"base_span": [648, 661], "annotations": [{"nertag": "PER"}]}, {"base_span": [710, 724], "annotations": [{"nertag": "PER"}]}, {"base_span": [798, 810], "annotations": [{"nertag": "PER"}]}, {"base_span": [855, 867], "annotations": [{"nertag": "LOC"}]}, {"base_span": [904, 910], "annotations": [{"nertag": "PER"}]}, {"base_span": [971, 977], "annotations": [{"nertag": "PER"}]}, {"base_span": [1064, 1068], "annotations": [{"nertag": "PER"}]}, {"base_span": [1198, 1209], "annotations": [{"nertag": "PER"}]}, {"base_span": [1227, 1240], "annotations": [{"nertag": "PER"}]}, {"base_span": [1248, 1260], "annotations": [{"nertag": "PER"}]}, {"base_span": [1278, 1288], "annotations": [{"nertag": "PER"}]}]}, {"name": "gold_wordner", "attributes": ["nertag"], "parent": null, "enveloping": null, "ambiguous": false, "serialisation_module": null, "meta": {}, "spans": [{"base_span": [1, 7], "annotations": [{"nertag": "B-LOC"}]}, {"base_span": [8, 21], "annotations": [{"nertag": "I-LOC"}]}, {"base_span": [22, 28], "annotations": [{"nertag": "I-LOC"}]}, {"base_span": [29, 33], "annotations": [{"nertag": "O"}]}, {"base_span": [34, 39], "annotations": [{"nertag": "O"}]}, {"base_span": [40, 44], "annotations": [{"nertag": "O"}]}, {"base_span": [45, 51], "annotations": [{"nertag": "O"}]}, {"base_span": [52, 56], "annotations": [{"nertag": "O"}]}, {"base_span": [57, 63], "annotations": [{"nertag": "O"}]}, {"base_span": [64, 66], "annotations": [{"nertag": "O"}]}, {"base_span": [67, 74], "annotations": [{"nertag": "O"}]}, {"base_span": [75, 80], "annotations": [{"nertag": "O"}]}, {"base_span": [81, 85], "annotations": [{"nertag": "O"}]}, {"base_span": [86, 90], "annotations": [{"nertag": "O"}]}, {"base_span": [90, 91], "annotations": [{"nertag": "O"}]}, {"base_span": [93, 101], "annotations": [{"nertag": "O"}]}, {"base_span": [102, 107], "annotations": [{"nertag": "O"}]}, {"base_span": [108, 113], "annotations": [{"nertag": "O"}]}, {"base_span": [113, 114], "annotations": [{"nertag": "O"}]}, {"base_span": [115, 119], "annotations": [{"nertag": "B-PER"}]}, {"base_span": [120, 126], "annotations": [{"nertag": "I-PER"}]}, {"base_span": [128, 129], "annotations": [{"nertag": "O"}]}, {"base_span": [130, 139], "annotations": [{"nertag": "O"}]}, {"base_span": [140, 145], "annotations": [{"nertag": "B-PER"}]}, {"base_span": [146, 150], "annotations": [{"nertag": "I-PER"}]}, {"base_span": [152, 153], "annotations": [{"nertag": "O"}]}, {"base_span": [154, 160], "annotations": [{"nertag": "B-PER"}]}, {"base_span": [161, 166], "annotations": [{"nertag": "I-PER"}]}, {"base_span": [168, 169], "annotations": [{"nertag": "O"}]}, {"base_span": [170, 179], "annotations": [{"nertag": "O"}]}, {"base_span": [180, 183], "annotations": [{"nertag": "B-PER"}]}, {"base_span": [184, 190], "annotations": [{"nertag": "I-PER"}]}, {"base_span": [192, 197], "annotations": [{"nertag": "O"}]}, {"base_span": [198, 202], "annotations": [{"nertag": "O"}]}, {"base_span": [203, 207], "annotations": [{"nertag": "O"}]}, {"base_span": [208, 214], "annotations": [{"nertag": "B-LOC_ORG"}]}, {"base_span": [215, 220], "annotations": [{"nertag": "I-LOC_ORG"}]}, {"base_span": [221, 226], "annotations": [{"nertag": "O"}]}, {"base_span": [227, 235], "annotations": [{"nertag": "O"}]}, {"base_span": [236, 240], "annotations": [{"nertag": "B-PER"}]}, {"base_span": [241, 248], "annotations": [{"nertag": "I-PER"}]}, {"base_span": [249, 251], "annotations": [{"nertag": "O"}]}, {"base_span": [252, 258], "annotations": [{"nertag": "O"}]}, {"base_span": [258, 259], "annotations": [{"nertag": "O"}]}, {"base_span": [260, 262], "annotations": [{"nertag": "O"}]}, {"base_span": [263, 271], "annotations": [{"nertag": "B-LOC"}]}, {"base_span": [272, 277], "annotations": [{"nertag": "O"}]}, {"base_span": [278, 284], "annotations": [{"nertag": "O"}]}, {"base_span": [285, 291], "annotations": [{"nertag": "O"}]}, {"base_span": [291, 292], "annotations": [{"nertag": "O"}]}, {"base_span": [293, 297], "annotations": [{"nertag": "B-PER"}]}, {"base_span": [298, 305], "annotations": [{"nertag": "I-PER"}]}, {"base_span": [305, 306], "annotations": [{"nertag": "O"}]}, {"base_span": [307, 311], "annotations": [{"nertag": "O"}]}, {"base_span": [312, 316], "annotations": [{"nertag": "O"}]}, {"base_span": [317, 322], "annotations": [{"nertag": "O"}]}, {"base_span": [323, 328], "annotations": [{"nertag": "O"}]}, {"base_span": [329, 338], "annotations": [{"nertag": "O"}]}, {"base_span": [339, 344], "annotations": [{"nertag": "O"}]}, {"base_span": [345, 351], "annotations": [{"nertag": "O"}]}, {"base_span": [351, 352], "annotations": [{"nertag": "O"}]}, {"base_span": [353, 360], "annotations": [{"nertag": "O"}]}, {"base_span": [361, 365], "annotations": [{"nertag": "O"}]}, {"base_span": [365, 366], "annotations": [{"nertag": "O"}]}, {"base_span": [367, 372], "annotations": [{"nertag": "O"}]}, {"base_span": [373, 382], "annotations": [{"nertag": "O"}]}, {"base_span": [383, 386], "annotations": [{"nertag": "O"}]}, {"base_span": [387, 394], "annotations": [{"nertag": "O"}]}, {"base_span": [395, 402], "annotations": [{"nertag": "O"}]}, {"base_span": [402, 403], "annotations": [{"nertag": "O"}]}, {"base_span": [404, 408], "annotations": [{"nertag": "B-PER"}]}, {"base_span": [409, 414], "annotations": [{"nertag": "O"}]}, {"base_span": [415, 419], "annotations": [{"nertag": "O"}]}, {"base_span": [419, 420], "annotations": [{"nertag": "O"}]}, {"base_span": [421, 427], "annotations": [{"nertag": "B-PER"}]}, {"base_span": [428, 433], "annotations": [{"nertag": "I-PER"}]}, {"base_span": [433, 434], "annotations": [{"nertag": "O"}]}, {"base_span": [435, 438], "annotations": [{"nertag": "O"}]}, {"base_span": [439, 446], "annotations": [{"nertag": "O"}]}, {"base_span": [447, 451], "annotations": [{"nertag": "O"}]}, {"base_span": [452, 458], "annotations": [{"nertag": "O"}]}, {"base_span": [458, 459], "annotations": [{"nertag": "O"}]}, {"base_span": [460, 464], "annotations": [{"nertag": "O"}]}, {"base_span": [465, 473], "annotations": [{"nertag": "B-LOC"}]}, {"base_span": [474, 480], "annotations": [{"nertag": "B-LOC"}]}, {"base_span": [481, 488], "annotations": [{"nertag": "I-LOC"}]}, {"base_span": [489, 495], "annotations": [{"nertag": "I-LOC"}]}, {"base_span": [496, 500], "annotations": [{"nertag": "B-PER"}]}, {"base_span": [501, 509], "annotations": [{"nertag": "I-PER"}]}, {"base_span": [510, 514], "annotations": [{"nertag": "O"}]}, {"base_span": [515, 518], "annotations": [{"nertag": "O"}]}, {"base_span": [519, 526], "annotations": [{"nertag": "O"}]}, {"base_span": [527, 531], "annotations": [{"nertag": "O"}]}, {"base_span": [532, 539], "annotations": [{"nertag": "O"}]}, {"base_span": [540, 542], "annotations": [{"nertag": "O"}]}, {"base_span": [543, 547], "annotations": [{"nertag": "O"}]}, {"base_span": [548, 551], "annotations": [{"nertag": "O"}]}, {"base_span": [552, 561], "annotations": [{"nertag": "O"}]}, {"base_span": [561, 562], "annotations": [{"nertag": "O"}]}, {"base_span": [563, 568], "annotations": [{"nertag": "B-PER"}]}, {"base_span": [569, 577], "annotations": [{"nertag": "I-PER"}]}, {"base_span": [578, 584], "annotations": [{"nertag": "O"}]}, {"base_span": [585, 589], "annotations": [{"nertag": "B-PER"}]}, {"base_span": [590, 595], "annotations": [{"nertag": "O"}]}, {"base_span": [596, 601], "annotations": [{"nertag": "O"}]}, {"base_span": [602, 606], "annotations": [{"nertag": "O"}]}, {"base_span": [607, 612], "annotations": [{"nertag": "O"}]}, {"base_span": [613, 620], "annotations": [{"nertag": "O"}]}, {"base_span": [620, 621], "annotations": [{"nertag": "O"}]}, {"base_span": [622, 626], "annotations": [{"nertag": "O"}]}, {"base_span": [627, 629], "annotations": [{"nertag": "O"}]}, {"base_span": [630, 634], "annotations": [{"nertag": "B-PER"}]}, {"base_span": [635, 642], "annotations": [{"nertag": "I-PER"}]}, {"base_span": [643, 647], "annotations": [{"nertag": "O"}]}, {"base_span": [648, 654], "annotations": [{"nertag": "B-PER"}]}, {"base_span": [655, 661], "annotations": [{"nertag": "I-PER"}]}, {"base_span": [662, 673], "annotations": [{"nertag": "O"}]}, {"base_span": [674, 679], "annotations": [{"nertag": "O"}]}, {"base_span": [679, 680], "annotations": [{"nertag": "O"}]}, {"base_span": [681, 683], "annotations": [{"nertag": "O"}]}, {"base_span": [684, 688], "annotations": [{"nertag": "O"}]}, {"base_span": [689, 693], "annotations": [{"nertag": "O"}]}, {"base_span": [694, 699], "annotations": [{"nertag": "O"}]}, {"base_span": [700, 709], "annotations": [{"nertag": "O"}]}, {"base_span": [710, 714], "annotations": [{"nertag": "B-PER"}]}, {"base_span": [715, 724], "annotations": [{"nertag": "I-PER"}]}, {"base_span": [725, 734], "annotations": [{"nertag": "O"}]}, {"base_span": [735, 740], "annotations": [{"nertag": "O"}]}, {"base_span": [741, 747], "annotations": [{"nertag": "O"}]}, {"base_span": [748, 754], "annotations": [{"nertag": "O"}]}, {"base_span": [754, 755], "annotations": [{"nertag": "O"}]}, {"base_span": [756, 761], "annotations": [{"nertag": "O"}]}, {"base_span": [762, 771], "annotations": [{"nertag": "O"}]}, {"base_span": [772, 776], "annotations": [{"nertag": "O"}]}, {"base_span": [777, 786], "annotations": [{"nertag": "O"}]}, {"base_span": [786, 787], "annotations": [{"nertag": "O"}]}, {"base_span": [788, 790], "annotations": [{"nertag": "O"}]}, {"base_span": [791, 794], "annotations": [{"nertag": "O"}]}, {"base_span": [795, 797], "annotations": [{"nertag": "O"}]}, {"base_span": [798, 804], "annotations": [{"nertag": "B-PER"}]}, {"base_span": [805, 810], "annotations": [{"nertag": "I-PER"}]}, {"base_span": [811, 815], "annotations": [{"nertag": "O"}]}, {"base_span": [816, 820], "annotations": [{"nertag": "O"}]}, {"base_span": [821, 824], "annotations": [{"nertag": "O"}]}, {"base_span": [825, 829], "annotations": [{"nertag": "O"}]}, {"base_span": [830, 832], "annotations": [{"nertag": "O"}]}, {"base_span": [833, 840], "annotations": [{"nertag": "O"}]}, {"base_span": [840, 841], "annotations": [{"nertag": "O"}]}, {"base_span": [842, 845], "annotations": [{"nertag": "O"}]}, {"base_span": [846, 849], "annotations": [{"nertag": "O"}]}, {"base_span": [850, 854], "annotations": [{"nertag": "O"}]}, {"base_span": [855, 861], "annotations": [{"nertag": "B-LOC"}]}, {"base_span": [862, 867], "annotations": [{"nertag": "I-LOC"}]}, {"base_span": [868, 873], "annotations": [{"nertag": "O"}]}, {"base_span": [874, 876], "annotations": [{"nertag": "O"}]}, {"base_span": [877, 881], "annotations": [{"nertag": "O"}]}, {"base_span": [882, 887], "annotations": [{"nertag": "O"}]}, {"base_span": [887, 888], "annotations": [{"nertag": "O"}]}, {"base_span": [889, 893], "annotations": [{"nertag": "O"}]}, {"base_span": [894, 896], "annotations": [{"nertag": "O"}]}, {"base_span": [897, 903], "annotations": [{"nertag": "O"}]}, {"base_span": [904, 910], "annotations": [{"nertag": "B-PER"}]}, {"base_span": [911, 916], "annotations": [{"nertag": "O"}]}, {"base_span": [917, 922], "annotations": [{"nertag": "O"}]}, {"base_span": [923, 929], "annotations": [{"nertag": "O"}]}, {"base_span": [930, 935], "annotations": [{"nertag": "O"}]}, {"base_span": [935, 936], "annotations": [{"nertag": "O"}]}, {"base_span": [937, 940], "annotations": [{"nertag": "O"}]}, {"base_span": [941, 946], "annotations": [{"nertag": "O"}]}, {"base_span": [947, 956], "annotations": [{"nertag": "O"}]}, {"base_span": [957, 962], "annotations": [{"nertag": "O"}]}, {"base_span": [962, 963], "annotations": [{"nertag": "O"}]}, {"base_span": [964, 966], "annotations": [{"nertag": "O"}]}, {"base_span": [967, 970], "annotations": [{"nertag": "O"}]}, {"base_span": [971, 977], "annotations": [{"nertag": "B-PER"}]}, {"base_span": [978, 982], "annotations": [{"nertag": "O"}]}, {"base_span": [983, 989], "annotations": [{"nertag": "O"}]}, {"base_span": [990, 994], "annotations": [{"nertag": "O"}]}, {"base_span": [995, 997], "annotations": [{"nertag": "O"}]}, {"base_span": [998, 1002], "annotations": [{"nertag": "O"}]}, {"base_span": [1003, 1007], "annotations": [{"nertag": "O"}]}, {"base_span": [1008, 1015], "annotations": [{"nertag": "O"}]}, {"base_span": [1016, 1022], "annotations": [{"nertag": "O"}]}, {"base_span": [1023, 1028], "annotations": [{"nertag": "O"}]}, {"base_span": [1029, 1037], "annotations": [{"nertag": "O"}]}, {"base_span": [1037, 1038], "annotations": [{"nertag": "O"}]}, {"base_span": [1039, 1042], "annotations": [{"nertag": "O"}]}, {"base_span": [1043, 1052], "annotations": [{"nertag": "O"}]}, {"base_span": [1053, 1056], "annotations": [{"nertag": "O"}]}, {"base_span": [1057, 1063], "annotations": [{"nertag": "O"}]}, {"base_span": [1064, 1068], "annotations": [{"nertag": "B-PER"}]}, {"base_span": [1069, 1074], "annotations": [{"nertag": "O"}]}, {"base_span": [1075, 1079], "annotations": [{"nertag": "O"}]}, {"base_span": [1080, 1085], "annotations": [{"nertag": "O"}]}, {"base_span": [1086, 1092], "annotations": [{"nertag": "O"}]}, {"base_span": [1092, 1093], "annotations": [{"nertag": "O"}]}, {"base_span": [1094, 1097], "annotations": [{"nertag": "O"}]}, {"base_span": [1098, 1100], "annotations": [{"nertag": "O"}]}, {"base_span": [1101, 1105], "annotations": [{"nertag": "O"}]}, {"base_span": [1106, 1110], "annotations": [{"nertag": "O"}]}, {"base_span": [1111, 1120], "annotations": [{"nertag": "O"}]}, {"base_span": [1121, 1123], "annotations": [{"nertag": "O"}]}, {"base_span": [1123, 1124], "annotations": [{"nertag": "O"}]}, {"base_span": [1126, 1131], "annotations": [{"nertag": "O"}]}, {"base_span": [1132, 1137], "annotations": [{"nertag": "O"}]}, {"base_span": [1138, 1142], "annotations": [{"nertag": "O"}]}, {"base_span": [1143, 1149], "annotations": [{"nertag": "O"}]}, {"base_span": [1150, 1155], "annotations": [{"nertag": "O"}]}, {"base_span": [1156, 1161], "annotations": [{"nertag": "O"}]}, {"base_span": [1162, 1165], "annotations": [{"nertag": "O"}]}, {"base_span": [1166, 1173], "annotations": [{"nertag": "O"}]}, {"base_span": [1173, 1174], "annotations": [{"nertag": "O"}]}, {"base_span": [1176, 1184], "annotations": [{"nertag": "O"}]}, {"base_span": [1185, 1190], "annotations": [{"nertag": "O"}]}, {"base_span": [1191, 1196], "annotations": [{"nertag": "O"}]}, {"base_span": [1196, 1197], "annotations": [{"nertag": "O"}]}, {"base_span": [1198, 1202], "annotations": [{"nertag": "B-PER"}]}, {"base_span": [1203, 1209], "annotations": [{"nertag": "I-PER"}]}, {"base_span": [1210, 1213], "annotations": [{"nertag": "O"}]}, {"base_span": [1215, 1216], "annotations": [{"nertag": "O"}]}, {"base_span": [1217, 1226], "annotations": [{"nertag": "O"}]}, {"base_span": [1227, 1232], "annotations": [{"nertag": "B-PER"}]}, {"base_span": [1233, 1240], "annotations": [{"nertag": "I-PER"}]}, {"base_span": [1241, 1244], "annotations": [{"nertag": "O"}]}, {"base_span": [1246, 1247], "annotations": [{"nertag": "O"}]}, {"base_span": [1248, 1254], "annotations": [{"nertag": "B-PER"}]}, {"base_span": [1255, 1260], "annotations": [{"nertag": "I-PER"}]}, {"base_span": [1261, 1264], "annotations": [{"nertag": "O"}]}, {"base_span": [1266, 1267], "annotations": [{"nertag": "O"}]}, {"base_span": [1268, 1277], "annotations": [{"nertag": "O"}]}, {"base_span": [1278, 1281], "annotations": [{"nertag": "B-PER"}]}, {"base_span": [1282, 1288], "annotations": [{"nertag": "I-PER"}]}]}]}