{"text": "\nWilhelmine Abendroth metsa töömehhe naene kaebab:Teine töömees Gottlieb Luht on temma peale tulnud keppiga kui ta omma lapse eest kostma läinud kedda Luht siggade pärrast olli peksnud.Luht on tedda russikaga lönud ja wasto maad wisanud ja temma olla üks immetaja naesterahwas.Teine töömees Friedrich Wojätska on sedda pealt näinud.Friedrich Wojätska tunnistab:tülli hakkatust põlle temma näinud,agga sedda on näinud et Luht käega naest lönud ja ühhe korra ka wasto maad lükkanud,temma on neid ärra lahhutanud.Gottlieb Luht tunnistab:Abendrothi naene on temmaga siggade pärrast tulnud riidlema ja tedda sõimand,temma on tedda ennesest ärra lükkand,siis ta on mahha kukkunud ja et naene tedda alt kehhast tahtnud kinni wõtta on ta tedda lönud,keppi on temma enne käest ärra wissanud.Et kül naene ehk üllelia suud prukinud,agga siiski on ta omma lapse eest kostma läinud;teine olleks wihhaga liiga teinud;agga et Luht üht immetajat naeste rahwast lönud ja wastu maad tõukanud,mõistis kohus:Luht maksab selle naesele 5 rubla nende hopide eest. \n\nKohtu wannem:Juhan Suursild Kohtu käemehhed Juhan Kant Hans Härg Kirjotaja H.Siimson\n\n\n", "meta": {"origin_directory": "vallakohus_teine/"}, "layers": [{"name": "gold_ner", "attributes": ["nertag"], "parent": null, "enveloping": null, "ambiguous": false, "serialisation_module": null, "meta": {}, "spans": [{"base_span": [1, 21], "annotations": [{"nertag": "PER"}]}, {"base_span": [64, 77], "annotations": [{"nertag": "PER"}]}, {"base_span": [151, 155], "annotations": [{"nertag": "PER"}]}, {"base_span": [185, 189], "annotations": [{"nertag": "PER"}]}, {"base_span": [291, 309], "annotations": [{"nertag": "PER"}]}, {"base_span": [332, 350], "annotations": [{"nertag": "PER"}]}, {"base_span": [420, 424], "annotations": [{"nertag": "PER"}]}, {"base_span": [510, 523], "annotations": [{"nertag": "PER"}]}, {"base_span": [534, 544], "annotations": [{"nertag": "PER"}]}, {"base_span": [911, 915], "annotations": [{"nertag": "PER"}]}, {"base_span": [988, 992], "annotations": [{"nertag": "PER"}]}, {"base_span": [1056, 1070], "annotations": [{"nertag": "PER"}]}, {"base_span": [1087, 1097], "annotations": [{"nertag": "PER"}]}, {"base_span": [1098, 1107], "annotations": [{"nertag": "PER"}]}, {"base_span": [1118, 1127], "annotations": [{"nertag": "PER"}]}]}, {"name": "gold_wordner", "attributes": ["nertag"], "parent": null, "enveloping": null, "ambiguous": false, "serialisation_module": null, "meta": {}, "spans": [{"base_span": [1, 11], "annotations": [{"nertag": "B-PER"}]}, {"base_span": [12, 21], "annotations": [{"nertag": "I-PER"}]}, {"base_span": [22, 27], "annotations": [{"nertag": "O"}]}, {"base_span": [28, 36], "annotations": [{"nertag": "O"}]}, {"base_span": [37, 42], "annotations": [{"nertag": "O"}]}, {"base_span": [43, 49], "annotations": [{"nertag": "O"}]}, {"base_span": [49, 50], "annotations": [{"nertag": "O"}]}, {"base_span": [50, 55], "annotations": [{"nertag": "O"}]}, {"base_span": [56, 63], "annotations": [{"nertag": "O"}]}, {"base_span": [64, 72], "annotations": [{"nertag": "B-PER"}]}, {"base_span": [73, 77], "annotations": [{"nertag": "I-PER"}]}, {"base_span": [78, 80], "annotations": [{"nertag": "O"}]}, {"base_span": [81, 86], "annotations": [{"nertag": "O"}]}, {"base_span": [87, 92], "annotations": [{"nertag": "O"}]}, {"base_span": [93, 99], "annotations": [{"nertag": "O"}]}, {"base_span": [100, 107], "annotations": [{"nertag": "O"}]}, {"base_span": [108, 111], "annotations": [{"nertag": "O"}]}, {"base_span": [112, 114], "annotations": [{"nertag": "O"}]}, {"base_span": [115, 119], "annotations": [{"nertag": "O"}]}, {"base_span": [120, 125], "annotations": [{"nertag": "O"}]}, {"base_span": [126, 130], "annotations": [{"nertag": "O"}]}, {"base_span": [131, 137], "annotations": [{"nertag": "O"}]}, {"base_span": [138, 144], "annotations": [{"nertag": "O"}]}, {"base_span": [145, 150], "annotations": [{"nertag": "O"}]}, {"base_span": [151, 155], "annotations": [{"nertag": "B-PER"}]}, {"base_span": [156, 163], "annotations": [{"nertag": "O"}]}, {"base_span": [164, 171], "annotations": [{"nertag": "O"}]}, {"base_span": [172, 176], "annotations": [{"nertag": "O"}]}, {"base_span": [177, 184], "annotations": [{"nertag": "O"}]}, {"base_span": [184, 185], "annotations": [{"nertag": "O"}]}, {"base_span": [185, 189], "annotations": [{"nertag": "B-PER"}]}, {"base_span": [190, 192], "annotations": [{"nertag": "O"}]}, {"base_span": [193, 198], "annotations": [{"nertag": "O"}]}, {"base_span": [199, 208], "annotations": [{"nertag": "O"}]}, {"base_span": [209, 214], "annotations": [{"nertag": "O"}]}, {"base_span": [215, 217], "annotations": [{"nertag": "O"}]}, {"base_span": [218, 223], "annotations": [{"nertag": "O"}]}, {"base_span": [224, 228], "annotations": [{"nertag": "O"}]}, {"base_span": [229, 236], "annotations": [{"nertag": "O"}]}, {"base_span": [237, 239], "annotations": [{"nertag": "O"}]}, {"base_span": [240, 245], "annotations": [{"nertag": "O"}]}, {"base_span": [246, 250], "annotations": [{"nertag": "O"}]}, {"base_span": [251, 254], "annotations": [{"nertag": "O"}]}, {"base_span": [255, 263], "annotations": [{"nertag": "O"}]}, {"base_span": [264, 276], "annotations": [{"nertag": "O"}]}, {"base_span": [276, 277], "annotations": [{"nertag": "O"}]}, {"base_span": [277, 282], "annotations": [{"nertag": "O"}]}, {"base_span": [283, 290], "annotations": [{"nertag": "O"}]}, {"base_span": [291, 300], "annotations": [{"nertag": "B-PER"}]}, {"base_span": [301, 309], "annotations": [{"nertag": "I-PER"}]}, {"base_span": [310, 312], "annotations": [{"nertag": "O"}]}, {"base_span": [313, 318], "annotations": [{"nertag": "O"}]}, {"base_span": [319, 324], "annotations": [{"nertag": "O"}]}, {"base_span": [325, 331], "annotations": [{"nertag": "O"}]}, {"base_span": [331, 332], "annotations": [{"nertag": "O"}]}, {"base_span": [332, 341], "annotations": [{"nertag": "B-PER"}]}, {"base_span": [342, 350], "annotations": [{"nertag": "I-PER"}]}, {"base_span": [351, 360], "annotations": [{"nertag": "O"}]}, {"base_span": [360, 361], "annotations": [{"nertag": "O"}]}, {"base_span": [361, 366], "annotations": [{"nertag": "O"}]}, {"base_span": [367, 376], "annotations": [{"nertag": "O"}]}, {"base_span": [377, 382], "annotations": [{"nertag": "O"}]}, {"base_span": [383, 388], "annotations": [{"nertag": "O"}]}, {"base_span": [389, 395], "annotations": [{"nertag": "O"}]}, {"base_span": [395, 396], "annotations": [{"nertag": "O"}]}, {"base_span": [396, 400], "annotations": [{"nertag": "O"}]}, {"base_span": [401, 406], "annotations": [{"nertag": "O"}]}, {"base_span": [407, 409], "annotations": [{"nertag": "O"}]}, {"base_span": [410, 416], "annotations": [{"nertag": "O"}]}, {"base_span": [417, 419], "annotations": [{"nertag": "O"}]}, {"base_span": [420, 424], "annotations": [{"nertag": "B-PER"}]}, {"base_span": [425, 430], "annotations": [{"nertag": "O"}]}, {"base_span": [431, 436], "annotations": [{"nertag": "O"}]}, {"base_span": [437, 442], "annotations": [{"nertag": "O"}]}, {"base_span": [443, 445], "annotations": [{"nertag": "O"}]}, {"base_span": [446, 450], "annotations": [{"nertag": "O"}]}, {"base_span": [451, 456], "annotations": [{"nertag": "O"}]}, {"base_span": [457, 459], "annotations": [{"nertag": "O"}]}, {"base_span": [460, 465], "annotations": [{"nertag": "O"}]}, {"base_span": [466, 470], "annotations": [{"nertag": "O"}]}, {"base_span": [471, 479], "annotations": [{"nertag": "O"}]}, {"base_span": [479, 480], "annotations": [{"nertag": "O"}]}, {"base_span": [480, 485], "annotations": [{"nertag": "O"}]}, {"base_span": [486, 488], "annotations": [{"nertag": "O"}]}, {"base_span": [489, 493], "annotations": [{"nertag": "O"}]}, {"base_span": [494, 498], "annotations": [{"nertag": "O"}]}, {"base_span": [499, 509], "annotations": [{"nertag": "O"}]}, {"base_span": [509, 510], "annotations": [{"nertag": "O"}]}, {"base_span": [510, 518], "annotations": [{"nertag": "B-PER"}]}, {"base_span": [519, 523], "annotations": [{"nertag": "I-PER"}]}, {"base_span": [524, 533], "annotations": [{"nertag": "O"}]}, {"base_span": [533, 534], "annotations": [{"nertag": "O"}]}, {"base_span": [534, 544], "annotations": [{"nertag": "B-PER"}]}, {"base_span": [545, 550], "annotations": [{"nertag": "O"}]}, {"base_span": [551, 553], "annotations": [{"nertag": "O"}]}, {"base_span": [554, 561], "annotations": [{"nertag": "O"}]}, {"base_span": [562, 569], "annotations": [{"nertag": "O"}]}, {"base_span": [570, 577], "annotations": [{"nertag": "O"}]}, {"base_span": [578, 584], "annotations": [{"nertag": "O"}]}, {"base_span": [585, 593], "annotations": [{"nertag": "O"}]}, {"base_span": [594, 596], "annotations": [{"nertag": "O"}]}, {"base_span": [597, 602], "annotations": [{"nertag": "O"}]}, {"base_span": [603, 610], "annotations": [{"nertag": "O"}]}, {"base_span": [610, 611], "annotations": [{"nertag": "O"}]}, {"base_span": [611, 616], "annotations": [{"nertag": "O"}]}, {"base_span": [617, 619], "annotations": [{"nertag": "O"}]}, {"base_span": [620, 625], "annotations": [{"nertag": "O"}]}, {"base_span": [626, 634], "annotations": [{"nertag": "O"}]}, {"base_span": [635, 639], "annotations": [{"nertag": "O"}]}, {"base_span": [640, 647], "annotations": [{"nertag": "O"}]}, {"base_span": [647, 648], "annotations": [{"nertag": "O"}]}, {"base_span": [648, 652], "annotations": [{"nertag": "O"}]}, {"base_span": [653, 655], "annotations": [{"nertag": "O"}]}, {"base_span": [656, 658], "annotations": [{"nertag": "O"}]}, {"base_span": [659, 664], "annotations": [{"nertag": "O"}]}, {"base_span": [665, 673], "annotations": [{"nertag": "O"}]}, {"base_span": [674, 676], "annotations": [{"nertag": "O"}]}, {"base_span": [677, 679], "annotations": [{"nertag": "O"}]}, {"base_span": [680, 685], "annotations": [{"nertag": "O"}]}, {"base_span": [686, 691], "annotations": [{"nertag": "O"}]}, {"base_span": [692, 695], "annotations": [{"nertag": "O"}]}, {"base_span": [696, 703], "annotations": [{"nertag": "O"}]}, {"base_span": [704, 711], "annotations": [{"nertag": "O"}]}, {"base_span": [712, 717], "annotations": [{"nertag": "O"}]}, {"base_span": [718, 723], "annotations": [{"nertag": "O"}]}, {"base_span": [724, 726], "annotations": [{"nertag": "O"}]}, {"base_span": [727, 729], "annotations": [{"nertag": "O"}]}, {"base_span": [730, 735], "annotations": [{"nertag": "O"}]}, {"base_span": [736, 741], "annotations": [{"nertag": "O"}]}, {"base_span": [741, 742], "annotations": [{"nertag": "O"}]}, {"base_span": [742, 747], "annotations": [{"nertag": "O"}]}, {"base_span": [748, 750], "annotations": [{"nertag": "O"}]}, {"base_span": [751, 756], "annotations": [{"nertag": "O"}]}, {"base_span": [757, 761], "annotations": [{"nertag": "O"}]}, {"base_span": [762, 767], "annotations": [{"nertag": "O"}]}, {"base_span": [768, 772], "annotations": [{"nertag": "O"}]}, {"base_span": [773, 781], "annotations": [{"nertag": "O"}]}, {"base_span": [781, 782], "annotations": [{"nertag": "O"}]}, {"base_span": [782, 784], "annotations": [{"nertag": "O"}]}, {"base_span": [785, 788], "annotations": [{"nertag": "O"}]}, {"base_span": [789, 794], "annotations": [{"nertag": "O"}]}, {"base_span": [795, 798], "annotations": [{"nertag": "O"}]}, {"base_span": [799, 806], "annotations": [{"nertag": "O"}]}, {"base_span": [807, 811], "annotations": [{"nertag": "O"}]}, {"base_span": [812, 820], "annotations": [{"nertag": "O"}]}, {"base_span": [820, 821], "annotations": [{"nertag": "O"}]}, {"base_span": [821, 825], "annotations": [{"nertag": "O"}]}, {"base_span": [826, 832], "annotations": [{"nertag": "O"}]}, {"base_span": [833, 835], "annotations": [{"nertag": "O"}]}, {"base_span": [836, 838], "annotations": [{"nertag": "O"}]}, {"base_span": [839, 843], "annotations": [{"nertag": "O"}]}, {"base_span": [844, 849], "annotations": [{"nertag": "O"}]}, {"base_span": [850, 854], "annotations": [{"nertag": "O"}]}, {"base_span": [855, 861], "annotations": [{"nertag": "O"}]}, {"base_span": [862, 868], "annotations": [{"nertag": "O"}]}, {"base_span": [868, 869], "annotations": [{"nertag": "O"}]}, {"base_span": [869, 874], "annotations": [{"nertag": "O"}]}, {"base_span": [875, 881], "annotations": [{"nertag": "O"}]}, {"base_span": [882, 889], "annotations": [{"nertag": "O"}]}, {"base_span": [890, 895], "annotations": [{"nertag": "O"}]}, {"base_span": [896, 902], "annotations": [{"nertag": "O"}]}, {"base_span": [902, 903], "annotations": [{"nertag": "O"}]}, {"base_span": [903, 907], "annotations": [{"nertag": "O"}]}, {"base_span": [908, 910], "annotations": [{"nertag": "O"}]}, {"base_span": [911, 915], "annotations": [{"nertag": "B-PER"}]}, {"base_span": [916, 919], "annotations": [{"nertag": "O"}]}, {"base_span": [920, 929], "annotations": [{"nertag": "O"}]}, {"base_span": [930, 936], "annotations": [{"nertag": "O"}]}, {"base_span": [937, 944], "annotations": [{"nertag": "O"}]}, {"base_span": [945, 950], "annotations": [{"nertag": "O"}]}, {"base_span": [951, 953], "annotations": [{"nertag": "O"}]}, {"base_span": [954, 959], "annotations": [{"nertag": "O"}]}, {"base_span": [960, 964], "annotations": [{"nertag": "O"}]}, {"base_span": [965, 973], "annotations": [{"nertag": "O"}]}, {"base_span": [973, 974], "annotations": [{"nertag": "O"}]}, {"base_span": [974, 981], "annotations": [{"nertag": "O"}]}, {"base_span": [982, 987], "annotations": [{"nertag": "O"}]}, {"base_span": [987, 988], "annotations": [{"nertag": "O"}]}, {"base_span": [988, 992], "annotations": [{"nertag": "B-PER"}]}, {"base_span": [993, 999], "annotations": [{"nertag": "O"}]}, {"base_span": [1000, 1005], "annotations": [{"nertag": "O"}]}, {"base_span": [1006, 1013], "annotations": [{"nertag": "O"}]}, {"base_span": [1014, 1015], "annotations": [{"nertag": "O"}]}, {"base_span": [1016, 1021], "annotations": [{"nertag": "O"}]}, {"base_span": [1022, 1027], "annotations": [{"nertag": "O"}]}, {"base_span": [1028, 1034], "annotations": [{"nertag": "O"}]}, {"base_span": [1035, 1039], "annotations": [{"nertag": "O"}]}, {"base_span": [1039, 1040], "annotations": [{"nertag": "O"}]}, {"base_span": [1043, 1048], "annotations": [{"nertag": "O"}]}, {"base_span": [1049, 1055], "annotations": [{"nertag": "O"}]}, {"base_span": [1055, 1056], "annotations": [{"nertag": "O"}]}, {"base_span": [1056, 1061], "annotations": [{"nertag": "B-PER"}]}, {"base_span": [1062, 1070], "annotations": [{"nertag": "I-PER"}]}, {"base_span": [1071, 1076], "annotations": [{"nertag": "O"}]}, {"base_span": [1077, 1086], "annotations": [{"nertag": "O"}]}, {"base_span": [1087, 1092], "annotations": [{"nertag": "B-PER"}]}, {"base_span": [1093, 1097], "annotations": [{"nertag": "I-PER"}]}, {"base_span": [1098, 1102], "annotations": [{"nertag": "B-PER"}]}, {"base_span": [1103, 1107], "annotations": [{"nertag": "I-PER"}]}, {"base_span": [1108, 1117], "annotations": [{"nertag": "O"}]}, {"base_span": [1118, 1119], "annotations": [{"nertag": "B-PER"}]}, {"base_span": [1119, 1120], "annotations": [{"nertag": "I-PER"}]}, {"base_span": [1120, 1127], "annotations": [{"nertag": "I-PER"}]}]}]}