{"text": "\nKohto laua ette astus Herkülla mõisa wallitseja ja kaebas, et Peärn Kingsep on moisa metsasd üks pool sülta aggo ärra põlletanud.\n\nSiis kohhus küssis Peärn Kingseppa käesd järrel kas ta ka keik sedda möta on teinud kui mõisa wallitseja on kaebanud; Pearn Kingsip tunnistas keik tõe ollewad.\n\nSiis kohhos mõistis\n\net Peärn Kingsep sedda jkeik koerusse pärrasd olli teinud Pearn Kingseppale 30ment witsa hobbi  trahwi.\n\n2) Sellie mõisa grahwi herra poolt olli kaebtus, et Herkülla mõisa lamba pois Rein Mölter on lambad lasknud Sellie mõisa weljale lasknud minna ja et Sellie grahwi herra poolt käsk andud witsad anda.\n\nSiis kohhus möistis\n\net Rein Mölter keik sedda on omma holletusse pärrasd teinud 30ment witsa hopi trahwi.\n\nKohtu peawannem Mats Und  XXX\n\nKorwa mehha Ado Raud XXX\n\nMihkel Kristel XXX\n\n\n", "meta": {"origin_directory": "vallakohus_teine/"}, "layers": [{"name": "gold_ner", "attributes": ["nertag"], "parent": null, "enveloping": null, "ambiguous": false, "serialisation_module": null, "meta": {}, "spans": [{"base_span": [23, 31], "annotations": [{"nertag": "LOC_ORG"}]}, {"base_span": [63, 76], "annotations": [{"nertag": "PER"}]}, {"base_span": [151, 166], "annotations": [{"nertag": "PER"}]}, {"base_span": [250, 263], "annotations": [{"nertag": "PER"}]}, {"base_span": [317, 330], "annotations": [{"nertag": "PER"}]}, {"base_span": [372, 389], "annotations": [{"nertag": "PER"}]}, {"base_span": [422, 434], "annotations": [{"nertag": "LOC_ORG"}]}, {"base_span": [471, 485], "annotations": [{"nertag": "LOC_ORG"}]}, {"base_span": [497, 508], "annotations": [{"nertag": "PER"}]}, {"base_span": [527, 533], "annotations": [{"nertag": "LOC_ORG"}]}, {"base_span": [568, 574], "annotations": [{"nertag": "LOC_ORG"}]}, {"base_span": [643, 654], "annotations": [{"nertag": "PER"}]}, {"base_span": [743, 751], "annotations": [{"nertag": "PER"}]}, {"base_span": [770, 778], "annotations": [{"nertag": "PER"}]}, {"base_span": [784, 798], "annotations": [{"nertag": "PER"}]}]}, {"name": "gold_wordner", "attributes": ["nertag"], "parent": null, "enveloping": null, "ambiguous": false, "serialisation_module": null, "meta": {}, "spans": [{"base_span": [1, 6], "annotations": [{"nertag": "O"}]}, {"base_span": [7, 11], "annotations": [{"nertag": "O"}]}, {"base_span": [12, 16], "annotations": [{"nertag": "O"}]}, {"base_span": [17, 22], "annotations": [{"nertag": "O"}]}, {"base_span": [23, 31], "annotations": [{"nertag": "B-LOC_ORG"}]}, {"base_span": [32, 37], "annotations": [{"nertag": "O"}]}, {"base_span": [38, 48], "annotations": [{"nertag": "O"}]}, {"base_span": [49, 51], "annotations": [{"nertag": "O"}]}, {"base_span": [52, 58], "annotations": [{"nertag": "O"}]}, {"base_span": [58, 59], "annotations": [{"nertag": "O"}]}, {"base_span": [60, 62], "annotations": [{"nertag": "O"}]}, {"base_span": [63, 68], "annotations": [{"nertag": "B-PER"}]}, {"base_span": [69, 76], "annotations": [{"nertag": "I-PER"}]}, {"base_span": [77, 79], "annotations": [{"nertag": "O"}]}, {"base_span": [80, 85], "annotations": [{"nertag": "O"}]}, {"base_span": [86, 93], "annotations": [{"nertag": "O"}]}, {"base_span": [94, 97], "annotations": [{"nertag": "O"}]}, {"base_span": [98, 102], "annotations": [{"nertag": "O"}]}, {"base_span": [103, 108], "annotations": [{"nertag": "O"}]}, {"base_span": [109, 113], "annotations": [{"nertag": "O"}]}, {"base_span": [114, 118], "annotations": [{"nertag": "O"}]}, {"base_span": [119, 129], "annotations": [{"nertag": "O"}]}, {"base_span": [129, 130], "annotations": [{"nertag": "O"}]}, {"base_span": [132, 136], "annotations": [{"nertag": "O"}]}, {"base_span": [137, 143], "annotations": [{"nertag": "O"}]}, {"base_span": [144, 150], "annotations": [{"nertag": "O"}]}, {"base_span": [151, 156], "annotations": [{"nertag": "B-PER"}]}, {"base_span": [157, 166], "annotations": [{"nertag": "I-PER"}]}, {"base_span": [167, 172], "annotations": [{"nertag": "O"}]}, {"base_span": [173, 179], "annotations": [{"nertag": "O"}]}, {"base_span": [180, 183], "annotations": [{"nertag": "O"}]}, {"base_span": [184, 186], "annotations": [{"nertag": "O"}]}, {"base_span": [187, 189], "annotations": [{"nertag": "O"}]}, {"base_span": [190, 194], "annotations": [{"nertag": "O"}]}, {"base_span": [195, 200], "annotations": [{"nertag": "O"}]}, {"base_span": [201, 205], "annotations": [{"nertag": "O"}]}, {"base_span": [206, 208], "annotations": [{"nertag": "O"}]}, {"base_span": [209, 215], "annotations": [{"nertag": "O"}]}, {"base_span": [216, 219], "annotations": [{"nertag": "O"}]}, {"base_span": [220, 225], "annotations": [{"nertag": "O"}]}, {"base_span": [226, 236], "annotations": [{"nertag": "O"}]}, {"base_span": [237, 239], "annotations": [{"nertag": "O"}]}, {"base_span": [240, 248], "annotations": [{"nertag": "O"}]}, {"base_span": [248, 249], "annotations": [{"nertag": "O"}]}, {"base_span": [250, 255], "annotations": [{"nertag": "B-PER"}]}, {"base_span": [256, 263], "annotations": [{"nertag": "I-PER"}]}, {"base_span": [264, 273], "annotations": [{"nertag": "O"}]}, {"base_span": [274, 278], "annotations": [{"nertag": "O"}]}, {"base_span": [279, 282], "annotations": [{"nertag": "O"}]}, {"base_span": [283, 290], "annotations": [{"nertag": "O"}]}, {"base_span": [290, 291], "annotations": [{"nertag": "O"}]}, {"base_span": [293, 297], "annotations": [{"nertag": "O"}]}, {"base_span": [298, 304], "annotations": [{"nertag": "O"}]}, {"base_span": [305, 312], "annotations": [{"nertag": "O"}]}, {"base_span": [314, 316], "annotations": [{"nertag": "O"}]}, {"base_span": [317, 322], "annotations": [{"nertag": "B-PER"}]}, {"base_span": [323, 330], "annotations": [{"nertag": "I-PER"}]}, {"base_span": [331, 336], "annotations": [{"nertag": "O"}]}, {"base_span": [337, 342], "annotations": [{"nertag": "O"}]}, {"base_span": [343, 351], "annotations": [{"nertag": "O"}]}, {"base_span": [352, 359], "annotations": [{"nertag": "O"}]}, {"base_span": [360, 364], "annotations": [{"nertag": "O"}]}, {"base_span": [365, 371], "annotations": [{"nertag": "O"}]}, {"base_span": [372, 377], "annotations": [{"nertag": "B-PER"}]}, {"base_span": [378, 389], "annotations": [{"nertag": "I-PER"}]}, {"base_span": [390, 396], "annotations": [{"nertag": "O"}]}, {"base_span": [397, 402], "annotations": [{"nertag": "O"}]}, {"base_span": [403, 408], "annotations": [{"nertag": "O"}]}, {"base_span": [410, 416], "annotations": [{"nertag": "O"}]}, {"base_span": [416, 417], "annotations": [{"nertag": "O"}]}, {"base_span": [419, 420], "annotations": [{"nertag": "O"}]}, {"base_span": [420, 421], "annotations": [{"nertag": "O"}]}, {"base_span": [422, 428], "annotations": [{"nertag": "B-LOC_ORG"}]}, {"base_span": [429, 434], "annotations": [{"nertag": "I-LOC_ORG"}]}, {"base_span": [435, 441], "annotations": [{"nertag": "O"}]}, {"base_span": [442, 447], "annotations": [{"nertag": "O"}]}, {"base_span": [448, 453], "annotations": [{"nertag": "O"}]}, {"base_span": [454, 458], "annotations": [{"nertag": "O"}]}, {"base_span": [459, 466], "annotations": [{"nertag": "O"}]}, {"base_span": [466, 467], "annotations": [{"nertag": "O"}]}, {"base_span": [468, 470], "annotations": [{"nertag": "O"}]}, {"base_span": [471, 479], "annotations": [{"nertag": "B-LOC_ORG"}]}, {"base_span": [480, 485], "annotations": [{"nertag": "I-LOC_ORG"}]}, {"base_span": [486, 491], "annotations": [{"nertag": "O"}]}, {"base_span": [492, 496], "annotations": [{"nertag": "O"}]}, {"base_span": [497, 501], "annotations": [{"nertag": "B-PER"}]}, {"base_span": [502, 508], "annotations": [{"nertag": "I-PER"}]}, {"base_span": [509, 511], "annotations": [{"nertag": "O"}]}, {"base_span": [512, 518], "annotations": [{"nertag": "O"}]}, {"base_span": [519, 526], "annotations": [{"nertag": "O"}]}, {"base_span": [527, 533], "annotations": [{"nertag": "B-LOC_ORG"}]}, {"base_span": [534, 539], "annotations": [{"nertag": "O"}]}, {"base_span": [540, 547], "annotations": [{"nertag": "O"}]}, {"base_span": [548, 555], "annotations": [{"nertag": "O"}]}, {"base_span": [556, 561], "annotations": [{"nertag": "O"}]}, {"base_span": [562, 564], "annotations": [{"nertag": "O"}]}, {"base_span": [565, 567], "annotations": [{"nertag": "O"}]}, {"base_span": [568, 574], "annotations": [{"nertag": "B-LOC_ORG"}]}, {"base_span": [575, 581], "annotations": [{"nertag": "O"}]}, {"base_span": [582, 587], "annotations": [{"nertag": "O"}]}, {"base_span": [588, 593], "annotations": [{"nertag": "O"}]}, {"base_span": [594, 598], "annotations": [{"nertag": "O"}]}, {"base_span": [599, 604], "annotations": [{"nertag": "O"}]}, {"base_span": [605, 611], "annotations": [{"nertag": "O"}]}, {"base_span": [612, 616], "annotations": [{"nertag": "O"}]}, {"base_span": [616, 617], "annotations": [{"nertag": "O"}]}, {"base_span": [619, 623], "annotations": [{"nertag": "O"}]}, {"base_span": [624, 630], "annotations": [{"nertag": "O"}]}, {"base_span": [631, 638], "annotations": [{"nertag": "O"}]}, {"base_span": [640, 642], "annotations": [{"nertag": "O"}]}, {"base_span": [643, 647], "annotations": [{"nertag": "B-PER"}]}, {"base_span": [648, 654], "annotations": [{"nertag": "I-PER"}]}, {"base_span": [655, 659], "annotations": [{"nertag": "O"}]}, {"base_span": [660, 665], "annotations": [{"nertag": "O"}]}, {"base_span": [666, 668], "annotations": [{"nertag": "O"}]}, {"base_span": [669, 673], "annotations": [{"nertag": "O"}]}, {"base_span": [674, 684], "annotations": [{"nertag": "O"}]}, {"base_span": [685, 692], "annotations": [{"nertag": "O"}]}, {"base_span": [693, 699], "annotations": [{"nertag": "O"}]}, {"base_span": [700, 706], "annotations": [{"nertag": "O"}]}, {"base_span": [707, 712], "annotations": [{"nertag": "O"}]}, {"base_span": [713, 717], "annotations": [{"nertag": "O"}]}, {"base_span": [718, 724], "annotations": [{"nertag": "O"}]}, {"base_span": [724, 725], "annotations": [{"nertag": "O"}]}, {"base_span": [727, 732], "annotations": [{"nertag": "O"}]}, {"base_span": [733, 742], "annotations": [{"nertag": "O"}]}, {"base_span": [743, 747], "annotations": [{"nertag": "B-PER"}]}, {"base_span": [748, 751], "annotations": [{"nertag": "I-PER"}]}, {"base_span": [753, 756], "annotations": [{"nertag": "O"}]}, {"base_span": [758, 763], "annotations": [{"nertag": "O"}]}, {"base_span": [764, 769], "annotations": [{"nertag": "O"}]}, {"base_span": [770, 773], "annotations": [{"nertag": "B-PER"}]}, {"base_span": [774, 778], "annotations": [{"nertag": "I-PER"}]}, {"base_span": [779, 782], "annotations": [{"nertag": "O"}]}, {"base_span": [784, 790], "annotations": [{"nertag": "B-PER"}]}, {"base_span": [791, 798], "annotations": [{"nertag": "I-PER"}]}, {"base_span": [799, 802], "annotations": [{"nertag": "O"}]}]}]}