{"text": "\nKohtu korra pärrast ollid Rawwila ja Palwerre walla hoones kokko tulnud:Kohtu wannem: Jürri Ummus Kohtu käemehed Hans Härg  Mik Elts Kirjotaja H.Siimson\n\nAnu Nikker Ado lesk kaebab:Temma tahta oma toidu peale isse leiba lüa agga wõeras tütar ja wäimees ei tahta lasta,prukida üheskoos temma weikest toidu wara ära,ja wõeras tütar öölda,sinnul ei ole midagi,see on meie.Temal olla weel toido kraami:1 tünder rukid,1 tünder odre,2 waka odra jaho, 1 püt tangu ja 1 püt kaero.Warandust ei olla muud kui:Kangaspuud,1 wanker ja 2 padda.Hobuse olla issa tütre Krõõdale lubanud ja oma kuue ja kassuka tütre Maiole.Tüttar Mai ei nõua ennam,on sellega rahul mis tema on saanud.\n\nKohus mõistis:See toidu kraam ja willi on wõera ema oma ja jäeb temmale pruukida,ja kangaspuud jääwad ka temale,wanker saab kasso poia Tõnu Nikerile.Hobune jäeb Krõõda omaks issa lubamist mööda.Saun jäeb kasso poia Tõnu Nikkeri nimele wõera tütre ja temma mehe Hans Arro kätte seepeale et nemad wõerast ema seal rahoga peawad ja koko lepiwad.\n\n\n", "meta": {"origin_directory": "vallakohus_kolmas/"}, "layers": [{"name": "gold_ner", "attributes": ["nertag"], "parent": null, "enveloping": null, "ambiguous": false, "serialisation_module": null, "meta": {}, "spans": [{"base_span": [27, 59], "annotations": [{"nertag": "LOC"}]}, {"base_span": [87, 98], "annotations": [{"nertag": "PER"}]}, {"base_span": [114, 123], "annotations": [{"nertag": "PER"}]}, {"base_span": [125, 133], "annotations": [{"nertag": "PER"}]}, {"base_span": [144, 153], "annotations": [{"nertag": "PER"}]}, {"base_span": [155, 165], "annotations": [{"nertag": "PER"}]}, {"base_span": [166, 169], "annotations": [{"nertag": "PER"}]}, {"base_span": [554, 562], "annotations": [{"nertag": "PER"}]}, {"base_span": [600, 606], "annotations": [{"nertag": "PER"}]}, {"base_span": [614, 617], "annotations": [{"nertag": "PER"}]}, {"base_span": [805, 818], "annotations": [{"nertag": "PER"}]}, {"base_span": [831, 837], "annotations": [{"nertag": "PER"}]}, {"base_span": [885, 897], "annotations": [{"nertag": "PER"}]}, {"base_span": [931, 940], "annotations": [{"nertag": "PER"}]}]}, {"name": "gold_wordner", "attributes": ["nertag"], "parent": null, "enveloping": null, "ambiguous": false, "serialisation_module": null, "meta": {}, "spans": [{"base_span": [1, 6], "annotations": [{"nertag": "O"}]}, {"base_span": [7, 12], "annotations": [{"nertag": "O"}]}, {"base_span": [13, 20], "annotations": [{"nertag": "O"}]}, {"base_span": [21, 26], "annotations": [{"nertag": "O"}]}, {"base_span": [27, 34], "annotations": [{"nertag": "B-LOC"}]}, {"base_span": [35, 37], "annotations": [{"nertag": "I-LOC"}]}, {"base_span": [38, 46], "annotations": [{"nertag": "I-LOC"}]}, {"base_span": [47, 52], "annotations": [{"nertag": "I-LOC"}]}, {"base_span": [53, 59], "annotations": [{"nertag": "I-LOC"}]}, {"base_span": [60, 65], "annotations": [{"nertag": "O"}]}, {"base_span": [66, 72], "annotations": [{"nertag": "O"}]}, {"base_span": [72, 73], "annotations": [{"nertag": "O"}]}, {"base_span": [73, 78], "annotations": [{"nertag": "O"}]}, {"base_span": [79, 85], "annotations": [{"nertag": "O"}]}, {"base_span": [85, 86], "annotations": [{"nertag": "O"}]}, {"base_span": [87, 92], "annotations": [{"nertag": "B-PER"}]}, {"base_span": [93, 98], "annotations": [{"nertag": "I-PER"}]}, {"base_span": [99, 104], "annotations": [{"nertag": "O"}]}, {"base_span": [105, 113], "annotations": [{"nertag": "O"}]}, {"base_span": [114, 118], "annotations": [{"nertag": "B-PER"}]}, {"base_span": [119, 123], "annotations": [{"nertag": "I-PER"}]}, {"base_span": [125, 128], "annotations": [{"nertag": "B-PER"}]}, {"base_span": [129, 133], "annotations": [{"nertag": "I-PER"}]}, {"base_span": [134, 143], "annotations": [{"nertag": "O"}]}, {"base_span": [144, 145], "annotations": [{"nertag": "B-PER"}]}, {"base_span": [145, 146], "annotations": [{"nertag": "I-PER"}]}, {"base_span": [146, 153], "annotations": [{"nertag": "I-PER"}]}, {"base_span": [155, 158], "annotations": [{"nertag": "B-PER"}]}, {"base_span": [159, 165], "annotations": [{"nertag": "I-PER"}]}, {"base_span": [166, 169], "annotations": [{"nertag": "B-PER"}]}, {"base_span": [170, 174], "annotations": [{"nertag": "O"}]}, {"base_span": [175, 181], "annotations": [{"nertag": "O"}]}, {"base_span": [181, 182], "annotations": [{"nertag": "O"}]}, {"base_span": [182, 187], "annotations": [{"nertag": "O"}]}, {"base_span": [188, 193], "annotations": [{"nertag": "O"}]}, {"base_span": [194, 197], "annotations": [{"nertag": "O"}]}, {"base_span": [198, 203], "annotations": [{"nertag": "O"}]}, {"base_span": [204, 209], "annotations": [{"nertag": "O"}]}, {"base_span": [210, 214], "annotations": [{"nertag": "O"}]}, {"base_span": [215, 220], "annotations": [{"nertag": "O"}]}, {"base_span": [221, 224], "annotations": [{"nertag": "O"}]}, {"base_span": [225, 229], "annotations": [{"nertag": "O"}]}, {"base_span": [230, 236], "annotations": [{"nertag": "O"}]}, {"base_span": [237, 242], "annotations": [{"nertag": "O"}]}, {"base_span": [243, 245], "annotations": [{"nertag": "O"}]}, {"base_span": [246, 253], "annotations": [{"nertag": "O"}]}, {"base_span": [254, 256], "annotations": [{"nertag": "O"}]}, {"base_span": [257, 262], "annotations": [{"nertag": "O"}]}, {"base_span": [263, 268], "annotations": [{"nertag": "O"}]}, {"base_span": [268, 269], "annotations": [{"nertag": "O"}]}, {"base_span": [269, 276], "annotations": [{"nertag": "O"}]}, {"base_span": [277, 285], "annotations": [{"nertag": "O"}]}, {"base_span": [286, 291], "annotations": [{"nertag": "O"}]}, {"base_span": [292, 299], "annotations": [{"nertag": "O"}]}, {"base_span": [300, 305], "annotations": [{"nertag": "O"}]}, {"base_span": [306, 310], "annotations": [{"nertag": "O"}]}, {"base_span": [311, 314], "annotations": [{"nertag": "O"}]}, {"base_span": [314, 315], "annotations": [{"nertag": "O"}]}, {"base_span": [315, 317], "annotations": [{"nertag": "O"}]}, {"base_span": [318, 324], "annotations": [{"nertag": "O"}]}, {"base_span": [325, 330], "annotations": [{"nertag": "O"}]}, {"base_span": [331, 336], "annotations": [{"nertag": "O"}]}, {"base_span": [336, 337], "annotations": [{"nertag": "O"}]}, {"base_span": [337, 343], "annotations": [{"nertag": "O"}]}, {"base_span": [344, 346], "annotations": [{"nertag": "O"}]}, {"base_span": [347, 350], "annotations": [{"nertag": "O"}]}, {"base_span": [351, 357], "annotations": [{"nertag": "O"}]}, {"base_span": [357, 358], "annotations": [{"nertag": "O"}]}, {"base_span": [358, 361], "annotations": [{"nertag": "O"}]}, {"base_span": [362, 364], "annotations": [{"nertag": "O"}]}, {"base_span": [365, 369], "annotations": [{"nertag": "O"}]}, {"base_span": [369, 370], "annotations": [{"nertag": "O"}]}, {"base_span": [370, 375], "annotations": [{"nertag": "O"}]}, {"base_span": [376, 380], "annotations": [{"nertag": "O"}]}, {"base_span": [381, 385], "annotations": [{"nertag": "O"}]}, {"base_span": [386, 391], "annotations": [{"nertag": "O"}]}, {"base_span": [392, 398], "annotations": [{"nertag": "O"}]}, {"base_span": [398, 399], "annotations": [{"nertag": "O"}]}, {"base_span": [399, 400], "annotations": [{"nertag": "O"}]}, {"base_span": [401, 407], "annotations": [{"nertag": "O"}]}, {"base_span": [408, 413], "annotations": [{"nertag": "O"}]}, {"base_span": [413, 414], "annotations": [{"nertag": "O"}]}, {"base_span": [414, 415], "annotations": [{"nertag": "O"}]}, {"base_span": [416, 422], "annotations": [{"nertag": "O"}]}, {"base_span": [423, 427], "annotations": [{"nertag": "O"}]}, {"base_span": [427, 428], "annotations": [{"nertag": "O"}]}, {"base_span": [428, 429], "annotations": [{"nertag": "O"}]}, {"base_span": [430, 434], "annotations": [{"nertag": "O"}]}, {"base_span": [435, 439], "annotations": [{"nertag": "O"}]}, {"base_span": [440, 444], "annotations": [{"nertag": "O"}]}, {"base_span": [444, 445], "annotations": [{"nertag": "O"}]}, {"base_span": [446, 447], "annotations": [{"nertag": "O"}]}, {"base_span": [448, 451], "annotations": [{"nertag": "O"}]}, {"base_span": [452, 457], "annotations": [{"nertag": "O"}]}, {"base_span": [458, 460], "annotations": [{"nertag": "O"}]}, {"base_span": [461, 462], "annotations": [{"nertag": "O"}]}, {"base_span": [463, 466], "annotations": [{"nertag": "O"}]}, {"base_span": [467, 472], "annotations": [{"nertag": "O"}]}, {"base_span": [472, 473], "annotations": [{"nertag": "O"}]}, {"base_span": [473, 482], "annotations": [{"nertag": "O"}]}, {"base_span": [483, 485], "annotations": [{"nertag": "O"}]}, {"base_span": [486, 490], "annotations": [{"nertag": "O"}]}, {"base_span": [491, 495], "annotations": [{"nertag": "O"}]}, {"base_span": [496, 499], "annotations": [{"nertag": "O"}]}, {"base_span": [499, 500], "annotations": [{"nertag": "O"}]}, {"base_span": [500, 510], "annotations": [{"nertag": "O"}]}, {"base_span": [510, 511], "annotations": [{"nertag": "O"}]}, {"base_span": [511, 512], "annotations": [{"nertag": "O"}]}, {"base_span": [513, 519], "annotations": [{"nertag": "O"}]}, {"base_span": [520, 522], "annotations": [{"nertag": "O"}]}, {"base_span": [523, 524], "annotations": [{"nertag": "O"}]}, {"base_span": [525, 530], "annotations": [{"nertag": "O"}]}, {"base_span": [530, 531], "annotations": [{"nertag": "O"}]}, {"base_span": [531, 537], "annotations": [{"nertag": "O"}]}, {"base_span": [538, 542], "annotations": [{"nertag": "O"}]}, {"base_span": [543, 547], "annotations": [{"nertag": "O"}]}, {"base_span": [548, 553], "annotations": [{"nertag": "O"}]}, {"base_span": [554, 562], "annotations": [{"nertag": "B-PER"}]}, {"base_span": [563, 570], "annotations": [{"nertag": "O"}]}, {"base_span": [571, 573], "annotations": [{"nertag": "O"}]}, {"base_span": [574, 577], "annotations": [{"nertag": "O"}]}, {"base_span": [578, 582], "annotations": [{"nertag": "O"}]}, {"base_span": [583, 585], "annotations": [{"nertag": "O"}]}, {"base_span": [586, 593], "annotations": [{"nertag": "O"}]}, {"base_span": [594, 599], "annotations": [{"nertag": "O"}]}, {"base_span": [600, 606], "annotations": [{"nertag": "B-PER"}]}, {"base_span": [606, 607], "annotations": [{"nertag": "O"}]}, {"base_span": [607, 613], "annotations": [{"nertag": "O"}]}, {"base_span": [614, 617], "annotations": [{"nertag": "B-PER"}]}, {"base_span": [618, 620], "annotations": [{"nertag": "O"}]}, {"base_span": [621, 625], "annotations": [{"nertag": "O"}]}, {"base_span": [626, 631], "annotations": [{"nertag": "O"}]}, {"base_span": [631, 632], "annotations": [{"nertag": "O"}]}, {"base_span": [632, 634], "annotations": [{"nertag": "O"}]}, {"base_span": [635, 642], "annotations": [{"nertag": "O"}]}, {"base_span": [643, 648], "annotations": [{"nertag": "O"}]}, {"base_span": [649, 652], "annotations": [{"nertag": "O"}]}, {"base_span": [653, 657], "annotations": [{"nertag": "O"}]}, {"base_span": [658, 660], "annotations": [{"nertag": "O"}]}, {"base_span": [661, 667], "annotations": [{"nertag": "O"}]}, {"base_span": [667, 668], "annotations": [{"nertag": "O"}]}, {"base_span": [670, 675], "annotations": [{"nertag": "O"}]}, {"base_span": [676, 683], "annotations": [{"nertag": "O"}]}, {"base_span": [683, 684], "annotations": [{"nertag": "O"}]}, {"base_span": [684, 687], "annotations": [{"nertag": "O"}]}, {"base_span": [688, 693], "annotations": [{"nertag": "O"}]}, {"base_span": [694, 699], "annotations": [{"nertag": "O"}]}, {"base_span": [700, 702], "annotations": [{"nertag": "O"}]}, {"base_span": [703, 708], "annotations": [{"nertag": "O"}]}, {"base_span": [709, 711], "annotations": [{"nertag": "O"}]}, {"base_span": [712, 717], "annotations": [{"nertag": "O"}]}, {"base_span": [718, 721], "annotations": [{"nertag": "O"}]}, {"base_span": [722, 725], "annotations": [{"nertag": "O"}]}, {"base_span": [726, 728], "annotations": [{"nertag": "O"}]}, {"base_span": [729, 733], "annotations": [{"nertag": "O"}]}, {"base_span": [734, 741], "annotations": [{"nertag": "O"}]}, {"base_span": [742, 750], "annotations": [{"nertag": "O"}]}, {"base_span": [750, 751], "annotations": [{"nertag": "O"}]}, {"base_span": [751, 753], "annotations": [{"nertag": "O"}]}, {"base_span": [754, 764], "annotations": [{"nertag": "O"}]}, {"base_span": [765, 771], "annotations": [{"nertag": "O"}]}, {"base_span": [772, 774], "annotations": [{"nertag": "O"}]}, {"base_span": [775, 781], "annotations": [{"nertag": "O"}]}, {"base_span": [781, 782], "annotations": [{"nertag": "O"}]}, {"base_span": [782, 788], "annotations": [{"nertag": "O"}]}, {"base_span": [789, 793], "annotations": [{"nertag": "O"}]}, {"base_span": [794, 799], "annotations": [{"nertag": "O"}]}, {"base_span": [800, 804], "annotations": [{"nertag": "O"}]}, {"base_span": [805, 809], "annotations": [{"nertag": "B-PER"}]}, {"base_span": [810, 818], "annotations": [{"nertag": "I-PER"}]}, {"base_span": [818, 819], "annotations": [{"nertag": "O"}]}, {"base_span": [819, 825], "annotations": [{"nertag": "O"}]}, {"base_span": [826, 830], "annotations": [{"nertag": "O"}]}, {"base_span": [831, 837], "annotations": [{"nertag": "B-PER"}]}, {"base_span": [838, 843], "annotations": [{"nertag": "O"}]}, {"base_span": [844, 848], "annotations": [{"nertag": "O"}]}, {"base_span": [849, 857], "annotations": [{"nertag": "O"}]}, {"base_span": [858, 863], "annotations": [{"nertag": "O"}]}, {"base_span": [863, 864], "annotations": [{"nertag": "O"}]}, {"base_span": [864, 868], "annotations": [{"nertag": "O"}]}, {"base_span": [869, 873], "annotations": [{"nertag": "O"}]}, {"base_span": [874, 879], "annotations": [{"nertag": "O"}]}, {"base_span": [880, 884], "annotations": [{"nertag": "O"}]}, {"base_span": [885, 889], "annotations": [{"nertag": "B-PER"}]}, {"base_span": [890, 897], "annotations": [{"nertag": "I-PER"}]}, {"base_span": [898, 904], "annotations": [{"nertag": "O"}]}, {"base_span": [905, 910], "annotations": [{"nertag": "O"}]}, {"base_span": [911, 916], "annotations": [{"nertag": "O"}]}, {"base_span": [917, 919], "annotations": [{"nertag": "O"}]}, {"base_span": [920, 925], "annotations": [{"nertag": "O"}]}, {"base_span": [926, 930], "annotations": [{"nertag": "O"}]}, {"base_span": [931, 935], "annotations": [{"nertag": "B-PER"}]}, {"base_span": [936, 940], "annotations": [{"nertag": "I-PER"}]}, {"base_span": [941, 946], "annotations": [{"nertag": "O"}]}, {"base_span": [947, 955], "annotations": [{"nertag": "O"}]}, {"base_span": [956, 958], "annotations": [{"nertag": "O"}]}, {"base_span": [959, 964], "annotations": [{"nertag": "O"}]}, {"base_span": [965, 972], "annotations": [{"nertag": "O"}]}, {"base_span": [973, 976], "annotations": [{"nertag": "O"}]}, {"base_span": [977, 981], "annotations": [{"nertag": "O"}]}, {"base_span": [982, 988], "annotations": [{"nertag": "O"}]}, {"base_span": [989, 995], "annotations": [{"nertag": "O"}]}, {"base_span": [996, 998], "annotations": [{"nertag": "O"}]}, {"base_span": [999, 1003], "annotations": [{"nertag": "O"}]}, {"base_span": [1004, 1011], "annotations": [{"nertag": "O"}]}, {"base_span": [1011, 1012], "annotations": [{"nertag": "O"}]}]}]}