{"text": "\nUemoisas sel 27mal Paasto k. p.\n\nKoggukonna kohtus.\n\nKoos ollid: Kohtomees Hindrek Anton\n\n1ne Körwasmehhed Niggulas Rosenbaum\n\n2se Körwasmehhe assemel, järgimees Jaan Lillewälja.\n\nUemoisast.\n\nAstus ette kaebaja Jaan Arjasep ja kaebas Kannukse perrenaese Krööt Tönnosohni peale, et nimetud perrenaene temma poia palka ei tahha wälja maksta kes tedda aasta otsa on teninud. Kaupa ei olle nemmad kül ühtigit teinud waid on sellga pois tenima heitnud; kui keik tö täieste wälja teeb siis ka palka pärrib; et nüüd pois on kaebaja, (temma issa) teada keik täieste teinud siis pärrib temma palgaks peale ride, mis ta on keik kätte sanud, 1 tündes rukkid ja 1 tünder kaera.\n\nKaebataw Krööt Tönnosohn wastab se peale, et temma önnis mees, kes siis weel ellas kui pois nende jurest ärraläks, ei olle lubbanud ühtigit palka maskta, sest et pois alles 14 Aastat wanna, ja mitte ei olle täie tö wöinud wälja tehja, temma on lubbanud: poissile täie sollase ride, siia ja temma pearahha maksta, mis keik makstud on, ja pois on lubbanud ühtigit palka nõuda: sellepärrast temma ka nüüd mitte maksta ei wöi.\n\nKohhus möistab: et neil ommeti mitte kindlad kaupa ei olle tehtud ja ka mingisuggust käemeest selle jures ei olle olnud, agga poissi tö suggu wilja palka wäärt ka on: siis peab Kannukse perrenaene Krööt Tönnosohn, Jaan Arjaseppal poisi issal maksma, 1 wak rukkid ja 1 wak kaero.\n\nMöllemad poled leppiwad sellega.\n\nKohtumees XXX Hindrek Anton\n\nKörwasmees XXX Niggulas Rosenbaum\n\nJärgimees XXX Jaan Lillewälja\n\nKohtu kirjutaja Friedrich Schotter.\n\n\n", "meta": {"origin_directory": "vallakohus_neljas/"}, "layers": [{"name": "gold_ner", "attributes": ["nertag"], "parent": null, "enveloping": null, "ambiguous": false, "serialisation_module": null, "meta": {}, "spans": [{"base_span": [1, 9], "annotations": [{"nertag": "LOC"}]}, {"base_span": [76, 89], "annotations": [{"nertag": "PER"}]}, {"base_span": [108, 126], "annotations": [{"nertag": "PER"}]}, {"base_span": [163, 178], "annotations": [{"nertag": "PER"}]}, {"base_span": [181, 190], "annotations": [{"nertag": "LOC"}]}, {"base_span": [212, 224], "annotations": [{"nertag": "PER"}]}, {"base_span": [235, 243], "annotations": [{"nertag": "LOC_ORG"}]}, {"base_span": [255, 271], "annotations": [{"nertag": "PER"}]}, {"base_span": [677, 692], "annotations": [{"nertag": "PER"}]}, {"base_span": [1269, 1277], "annotations": [{"nertag": "LOC_ORG"}]}, {"base_span": [1289, 1304], "annotations": [{"nertag": "PER"}]}, {"base_span": [1306, 1321], "annotations": [{"nertag": "PER"}]}, {"base_span": [1420, 1433], "annotations": [{"nertag": "PER"}]}, {"base_span": [1450, 1468], "annotations": [{"nertag": "PER"}]}, {"base_span": [1484, 1499], "annotations": [{"nertag": "PER"}]}, {"base_span": [1517, 1535], "annotations": [{"nertag": "PER"}]}]}, {"name": "gold_wordner", "attributes": ["nertag"], "parent": null, "enveloping": null, "ambiguous": false, "serialisation_module": null, "meta": {}, "spans": [{"base_span": [1, 9], "annotations": [{"nertag": "B-LOC"}]}, {"base_span": [10, 13], "annotations": [{"nertag": "O"}]}, {"base_span": [14, 19], "annotations": [{"nertag": "O"}]}, {"base_span": [20, 26], "annotations": [{"nertag": "O"}]}, {"base_span": [27, 28], "annotations": [{"nertag": "O"}]}, {"base_span": [28, 29], "annotations": [{"nertag": "O"}]}, {"base_span": [30, 31], "annotations": [{"nertag": "O"}]}, {"base_span": [31, 32], "annotations": [{"nertag": "O"}]}, {"base_span": [34, 44], "annotations": [{"nertag": "O"}]}, {"base_span": [45, 51], "annotations": [{"nertag": "O"}]}, {"base_span": [51, 52], "annotations": [{"nertag": "O"}]}, {"base_span": [54, 58], "annotations": [{"nertag": "O"}]}, {"base_span": [59, 64], "annotations": [{"nertag": "O"}]}, {"base_span": [64, 65], "annotations": [{"nertag": "O"}]}, {"base_span": [66, 75], "annotations": [{"nertag": "O"}]}, {"base_span": [76, 83], "annotations": [{"nertag": "B-PER"}]}, {"base_span": [84, 89], "annotations": [{"nertag": "I-PER"}]}, {"base_span": [91, 94], "annotations": [{"nertag": "O"}]}, {"base_span": [95, 107], "annotations": [{"nertag": "O"}]}, {"base_span": [108, 116], "annotations": [{"nertag": "B-PER"}]}, {"base_span": [117, 126], "annotations": [{"nertag": "I-PER"}]}, {"base_span": [128, 131], "annotations": [{"nertag": "O"}]}, {"base_span": [132, 143], "annotations": [{"nertag": "O"}]}, {"base_span": [144, 151], "annotations": [{"nertag": "O"}]}, {"base_span": [151, 152], "annotations": [{"nertag": "O"}]}, {"base_span": [153, 162], "annotations": [{"nertag": "O"}]}, {"base_span": [163, 167], "annotations": [{"nertag": "B-PER"}]}, {"base_span": [168, 178], "annotations": [{"nertag": "I-PER"}]}, {"base_span": [178, 179], "annotations": [{"nertag": "O"}]}, {"base_span": [181, 190], "annotations": [{"nertag": "B-LOC"}]}, {"base_span": [190, 191], "annotations": [{"nertag": "O"}]}, {"base_span": [193, 198], "annotations": [{"nertag": "O"}]}, {"base_span": [199, 203], "annotations": [{"nertag": "O"}]}, {"base_span": [204, 211], "annotations": [{"nertag": "O"}]}, {"base_span": [212, 216], "annotations": [{"nertag": "B-PER"}]}, {"base_span": [217, 224], "annotations": [{"nertag": "I-PER"}]}, {"base_span": [225, 227], "annotations": [{"nertag": "O"}]}, {"base_span": [228, 234], "annotations": [{"nertag": "O"}]}, {"base_span": [235, 243], "annotations": [{"nertag": "B-LOC_ORG"}]}, {"base_span": [244, 254], "annotations": [{"nertag": "O"}]}, {"base_span": [255, 260], "annotations": [{"nertag": "B-PER"}]}, {"base_span": [261, 271], "annotations": [{"nertag": "I-PER"}]}, {"base_span": [272, 277], "annotations": [{"nertag": "O"}]}, {"base_span": [277, 278], "annotations": [{"nertag": "O"}]}, {"base_span": [279, 281], "annotations": [{"nertag": "O"}]}, {"base_span": [282, 289], "annotations": [{"nertag": "O"}]}, {"base_span": [290, 300], "annotations": [{"nertag": "O"}]}, {"base_span": [301, 306], "annotations": [{"nertag": "O"}]}, {"base_span": [307, 311], "annotations": [{"nertag": "O"}]}, {"base_span": [312, 317], "annotations": [{"nertag": "O"}]}, {"base_span": [318, 320], "annotations": [{"nertag": "O"}]}, {"base_span": [321, 326], "annotations": [{"nertag": "O"}]}, {"base_span": [327, 332], "annotations": [{"nertag": "O"}]}, {"base_span": [333, 339], "annotations": [{"nertag": "O"}]}, {"base_span": [340, 343], "annotations": [{"nertag": "O"}]}, {"base_span": [344, 349], "annotations": [{"nertag": "O"}]}, {"base_span": [350, 355], "annotations": [{"nertag": "O"}]}, {"base_span": [356, 360], "annotations": [{"nertag": "O"}]}, {"base_span": [361, 363], "annotations": [{"nertag": "O"}]}, {"base_span": [364, 371], "annotations": [{"nertag": "O"}]}, {"base_span": [371, 372], "annotations": [{"nertag": "O"}]}, {"base_span": [373, 378], "annotations": [{"nertag": "O"}]}, {"base_span": [379, 381], "annotations": [{"nertag": "O"}]}, {"base_span": [382, 386], "annotations": [{"nertag": "O"}]}, {"base_span": [387, 393], "annotations": [{"nertag": "O"}]}, {"base_span": [394, 397], "annotations": [{"nertag": "O"}]}, {"base_span": [398, 405], "annotations": [{"nertag": "O"}]}, {"base_span": [406, 412], "annotations": [{"nertag": "O"}]}, {"base_span": [413, 417], "annotations": [{"nertag": "O"}]}, {"base_span": [418, 420], "annotations": [{"nertag": "O"}]}, {"base_span": [421, 427], "annotations": [{"nertag": "O"}]}, {"base_span": [428, 432], "annotations": [{"nertag": "O"}]}, {"base_span": [433, 439], "annotations": [{"nertag": "O"}]}, {"base_span": [440, 447], "annotations": [{"nertag": "O"}]}, {"base_span": [447, 448], "annotations": [{"nertag": "O"}]}, {"base_span": [449, 452], "annotations": [{"nertag": "O"}]}, {"base_span": [453, 457], "annotations": [{"nertag": "O"}]}, {"base_span": [458, 460], "annotations": [{"nertag": "O"}]}, {"base_span": [461, 468], "annotations": [{"nertag": "O"}]}, {"base_span": [469, 474], "annotations": [{"nertag": "O"}]}, {"base_span": [475, 479], "annotations": [{"nertag": "O"}]}, {"base_span": [480, 484], "annotations": [{"nertag": "O"}]}, {"base_span": [485, 487], "annotations": [{"nertag": "O"}]}, {"base_span": [488, 493], "annotations": [{"nertag": "O"}]}, {"base_span": [494, 500], "annotations": [{"nertag": "O"}]}, {"base_span": [500, 501], "annotations": [{"nertag": "O"}]}, {"base_span": [502, 504], "annotations": [{"nertag": "O"}]}, {"base_span": [505, 509], "annotations": [{"nertag": "O"}]}, {"base_span": [510, 514], "annotations": [{"nertag": "O"}]}, {"base_span": [515, 517], "annotations": [{"nertag": "O"}]}, {"base_span": [518, 525], "annotations": [{"nertag": "O"}]}, {"base_span": [525, 526], "annotations": [{"nertag": "O"}]}, {"base_span": [527, 528], "annotations": [{"nertag": "O"}]}, {"base_span": [528, 533], "annotations": [{"nertag": "O"}]}, {"base_span": [534, 538], "annotations": [{"nertag": "O"}]}, {"base_span": [538, 539], "annotations": [{"nertag": "O"}]}, {"base_span": [540, 545], "annotations": [{"nertag": "O"}]}, {"base_span": [546, 550], "annotations": [{"nertag": "O"}]}, {"base_span": [551, 558], "annotations": [{"nertag": "O"}]}, {"base_span": [559, 565], "annotations": [{"nertag": "O"}]}, {"base_span": [566, 570], "annotations": [{"nertag": "O"}]}, {"base_span": [571, 577], "annotations": [{"nertag": "O"}]}, {"base_span": [578, 583], "annotations": [{"nertag": "O"}]}, {"base_span": [584, 591], "annotations": [{"nertag": "O"}]}, {"base_span": [592, 597], "annotations": [{"nertag": "O"}]}, {"base_span": [598, 602], "annotations": [{"nertag": "O"}]}, {"base_span": [602, 603], "annotations": [{"nertag": "O"}]}, {"base_span": [604, 607], "annotations": [{"nertag": "O"}]}, {"base_span": [608, 610], "annotations": [{"nertag": "O"}]}, {"base_span": [611, 613], "annotations": [{"nertag": "O"}]}, {"base_span": [614, 618], "annotations": [{"nertag": "O"}]}, {"base_span": [619, 624], "annotations": [{"nertag": "O"}]}, {"base_span": [625, 630], "annotations": [{"nertag": "O"}]}, {"base_span": [630, 631], "annotations": [{"nertag": "O"}]}, {"base_span": [632, 633], "annotations": [{"nertag": "O"}]}, {"base_span": [634, 640], "annotations": [{"nertag": "O"}]}, {"base_span": [641, 647], "annotations": [{"nertag": "O"}]}, {"base_span": [648, 650], "annotations": [{"nertag": "O"}]}, {"base_span": [651, 652], "annotations": [{"nertag": "O"}]}, {"base_span": [653, 659], "annotations": [{"nertag": "O"}]}, {"base_span": [660, 665], "annotations": [{"nertag": "O"}]}, {"base_span": [665, 666], "annotations": [{"nertag": "O"}]}, {"base_span": [668, 676], "annotations": [{"nertag": "O"}]}, {"base_span": [677, 682], "annotations": [{"nertag": "B-PER"}]}, {"base_span": [683, 692], "annotations": [{"nertag": "I-PER"}]}, {"base_span": [693, 699], "annotations": [{"nertag": "O"}]}, {"base_span": [700, 702], "annotations": [{"nertag": "O"}]}, {"base_span": [703, 708], "annotations": [{"nertag": "O"}]}, {"base_span": [708, 709], "annotations": [{"nertag": "O"}]}, {"base_span": [710, 712], "annotations": [{"nertag": "O"}]}, {"base_span": [713, 718], "annotations": [{"nertag": "O"}]}, {"base_span": [719, 724], "annotations": [{"nertag": "O"}]}, {"base_span": [725, 729], "annotations": [{"nertag": "O"}]}, {"base_span": [729, 730], "annotations": [{"nertag": "O"}]}, {"base_span": [731, 734], "annotations": [{"nertag": "O"}]}, {"base_span": [735, 739], "annotations": [{"nertag": "O"}]}, {"base_span": [740, 744], "annotations": [{"nertag": "O"}]}, {"base_span": [745, 750], "annotations": [{"nertag": "O"}]}, {"base_span": [751, 754], "annotations": [{"nertag": "O"}]}, {"base_span": [755, 759], "annotations": [{"nertag": "O"}]}, {"base_span": [760, 765], "annotations": [{"nertag": "O"}]}, {"base_span": [766, 772], "annotations": [{"nertag": "O"}]}, {"base_span": [773, 781], "annotations": [{"nertag": "O"}]}, {"base_span": [781, 782], "annotations": [{"nertag": "O"}]}, {"base_span": [783, 785], "annotations": [{"nertag": "O"}]}, {"base_span": [786, 790], "annotations": [{"nertag": "O"}]}, {"base_span": [791, 799], "annotations": [{"nertag": "O"}]}, {"base_span": [800, 807], "annotations": [{"nertag": "O"}]}, {"base_span": [808, 813], "annotations": [{"nertag": "O"}]}, {"base_span": [814, 820], "annotations": [{"nertag": "O"}]}, {"base_span": [820, 821], "annotations": [{"nertag": "O"}]}, {"base_span": [822, 826], "annotations": [{"nertag": "O"}]}, {"base_span": [827, 829], "annotations": [{"nertag": "O"}]}, {"base_span": [830, 834], "annotations": [{"nertag": "O"}]}, {"base_span": [835, 840], "annotations": [{"nertag": "O"}]}, {"base_span": [841, 843], "annotations": [{"nertag": "O"}]}, {"base_span": [844, 850], "annotations": [{"nertag": "O"}]}, {"base_span": [851, 856], "annotations": [{"nertag": "O"}]}, {"base_span": [856, 857], "annotations": [{"nertag": "O"}]}, {"base_span": [858, 860], "annotations": [{"nertag": "O"}]}, {"base_span": [861, 866], "annotations": [{"nertag": "O"}]}, {"base_span": [867, 869], "annotations": [{"nertag": "O"}]}, {"base_span": [870, 874], "annotations": [{"nertag": "O"}]}, {"base_span": [875, 879], "annotations": [{"nertag": "O"}]}, {"base_span": [880, 882], "annotations": [{"nertag": "O"}]}, {"base_span": [883, 889], "annotations": [{"nertag": "O"}]}, {"base_span": [890, 895], "annotations": [{"nertag": "O"}]}, {"base_span": [896, 901], "annotations": [{"nertag": "O"}]}, {"base_span": [901, 902], "annotations": [{"nertag": "O"}]}, {"base_span": [903, 908], "annotations": [{"nertag": "O"}]}, {"base_span": [909, 911], "annotations": [{"nertag": "O"}]}, {"base_span": [912, 920], "annotations": [{"nertag": "O"}]}, {"base_span": [920, 921], "annotations": [{"nertag": "O"}]}, {"base_span": [922, 930], "annotations": [{"nertag": "O"}]}, {"base_span": [931, 935], "annotations": [{"nertag": "O"}]}, {"base_span": [936, 943], "annotations": [{"nertag": "O"}]}, {"base_span": [944, 948], "annotations": [{"nertag": "O"}]}, {"base_span": [948, 949], "annotations": [{"nertag": "O"}]}, {"base_span": [950, 954], "annotations": [{"nertag": "O"}]}, {"base_span": [955, 957], "annotations": [{"nertag": "O"}]}, {"base_span": [958, 963], "annotations": [{"nertag": "O"}]}, {"base_span": [964, 972], "annotations": [{"nertag": "O"}]}, {"base_span": [973, 979], "annotations": [{"nertag": "O"}]}, {"base_span": [979, 980], "annotations": [{"nertag": "O"}]}, {"base_span": [981, 984], "annotations": [{"nertag": "O"}]}, {"base_span": [985, 989], "annotations": [{"nertag": "O"}]}, {"base_span": [990, 997], "annotations": [{"nertag": "O"}]}, {"base_span": [998, 1000], "annotations": [{"nertag": "O"}]}, {"base_span": [1000, 1001], "annotations": [{"nertag": "O"}]}, {"base_span": [1002, 1004], "annotations": [{"nertag": "O"}]}, {"base_span": [1005, 1009], "annotations": [{"nertag": "O"}]}, {"base_span": [1010, 1012], "annotations": [{"nertag": "O"}]}, {"base_span": [1013, 1021], "annotations": [{"nertag": "O"}]}, {"base_span": [1022, 1029], "annotations": [{"nertag": "O"}]}, {"base_span": [1030, 1035], "annotations": [{"nertag": "O"}]}, {"base_span": [1036, 1041], "annotations": [{"nertag": "O"}]}, {"base_span": [1041, 1042], "annotations": [{"nertag": "O"}]}, {"base_span": [1043, 1055], "annotations": [{"nertag": "O"}]}, {"base_span": [1056, 1061], "annotations": [{"nertag": "O"}]}, {"base_span": [1062, 1064], "annotations": [{"nertag": "O"}]}, {"base_span": [1065, 1069], "annotations": [{"nertag": "O"}]}, {"base_span": [1070, 1075], "annotations": [{"nertag": "O"}]}, {"base_span": [1076, 1082], "annotations": [{"nertag": "O"}]}, {"base_span": [1083, 1085], "annotations": [{"nertag": "O"}]}, {"base_span": [1086, 1089], "annotations": [{"nertag": "O"}]}, {"base_span": [1089, 1090], "annotations": [{"nertag": "O"}]}, {"base_span": [1092, 1098], "annotations": [{"nertag": "O"}]}, {"base_span": [1099, 1106], "annotations": [{"nertag": "O"}]}, {"base_span": [1106, 1107], "annotations": [{"nertag": "O"}]}, {"base_span": [1108, 1110], "annotations": [{"nertag": "O"}]}, {"base_span": [1111, 1115], "annotations": [{"nertag": "O"}]}, {"base_span": [1116, 1122], "annotations": [{"nertag": "O"}]}, {"base_span": [1123, 1128], "annotations": [{"nertag": "O"}]}, {"base_span": [1129, 1136], "annotations": [{"nertag": "O"}]}, {"base_span": [1137, 1142], "annotations": [{"nertag": "O"}]}, {"base_span": [1143, 1145], "annotations": [{"nertag": "O"}]}, {"base_span": [1146, 1150], "annotations": [{"nertag": "O"}]}, {"base_span": [1151, 1157], "annotations": [{"nertag": "O"}]}, {"base_span": [1158, 1160], "annotations": [{"nertag": "O"}]}, {"base_span": [1161, 1163], "annotations": [{"nertag": "O"}]}, {"base_span": [1164, 1176], "annotations": [{"nertag": "O"}]}, {"base_span": [1177, 1185], "annotations": [{"nertag": "O"}]}, {"base_span": [1186, 1191], "annotations": [{"nertag": "O"}]}, {"base_span": [1192, 1197], "annotations": [{"nertag": "O"}]}, {"base_span": [1198, 1200], "annotations": [{"nertag": "O"}]}, {"base_span": [1201, 1205], "annotations": [{"nertag": "O"}]}, {"base_span": [1206, 1211], "annotations": [{"nertag": "O"}]}, {"base_span": [1211, 1212], "annotations": [{"nertag": "O"}]}, {"base_span": [1213, 1217], "annotations": [{"nertag": "O"}]}, {"base_span": [1218, 1224], "annotations": [{"nertag": "O"}]}, {"base_span": [1225, 1227], "annotations": [{"nertag": "O"}]}, {"base_span": [1228, 1233], "annotations": [{"nertag": "O"}]}, {"base_span": [1234, 1239], "annotations": [{"nertag": "O"}]}, {"base_span": [1240, 1245], "annotations": [{"nertag": "O"}]}, {"base_span": [1246, 1251], "annotations": [{"nertag": "O"}]}, {"base_span": [1252, 1254], "annotations": [{"nertag": "O"}]}, {"base_span": [1255, 1257], "annotations": [{"nertag": "O"}]}, {"base_span": [1257, 1258], "annotations": [{"nertag": "O"}]}, {"base_span": [1259, 1263], "annotations": [{"nertag": "O"}]}, {"base_span": [1264, 1268], "annotations": [{"nertag": "O"}]}, {"base_span": [1269, 1277], "annotations": [{"nertag": "B-LOC_ORG"}]}, {"base_span": [1278, 1288], "annotations": [{"nertag": "O"}]}, {"base_span": [1289, 1294], "annotations": [{"nertag": "B-PER"}]}, {"base_span": [1295, 1304], "annotations": [{"nertag": "I-PER"}]}, {"base_span": [1304, 1305], "annotations": [{"nertag": "O"}]}, {"base_span": [1306, 1310], "annotations": [{"nertag": "B-PER"}]}, {"base_span": [1311, 1321], "annotations": [{"nertag": "I-PER"}]}, {"base_span": [1322, 1327], "annotations": [{"nertag": "O"}]}, {"base_span": [1328, 1333], "annotations": [{"nertag": "O"}]}, {"base_span": [1334, 1340], "annotations": [{"nertag": "O"}]}, {"base_span": [1340, 1341], "annotations": [{"nertag": "O"}]}, {"base_span": [1342, 1343], "annotations": [{"nertag": "O"}]}, {"base_span": [1344, 1347], "annotations": [{"nertag": "O"}]}, {"base_span": [1348, 1354], "annotations": [{"nertag": "O"}]}, {"base_span": [1355, 1357], "annotations": [{"nertag": "O"}]}, {"base_span": [1358, 1359], "annotations": [{"nertag": "O"}]}, {"base_span": [1360, 1363], "annotations": [{"nertag": "O"}]}, {"base_span": [1364, 1369], "annotations": [{"nertag": "O"}]}, {"base_span": [1369, 1370], "annotations": [{"nertag": "O"}]}, {"base_span": [1372, 1380], "annotations": [{"nertag": "O"}]}, {"base_span": [1381, 1386], "annotations": [{"nertag": "O"}]}, {"base_span": [1387, 1395], "annotations": [{"nertag": "O"}]}, {"base_span": [1396, 1403], "annotations": [{"nertag": "O"}]}, {"base_span": [1403, 1404], "annotations": [{"nertag": "O"}]}, {"base_span": [1406, 1415], "annotations": [{"nertag": "O"}]}, {"base_span": [1416, 1419], "annotations": [{"nertag": "O"}]}, {"base_span": [1420, 1427], "annotations": [{"nertag": "B-PER"}]}, {"base_span": [1428, 1433], "annotations": [{"nertag": "I-PER"}]}, {"base_span": [1435, 1445], "annotations": [{"nertag": "O"}]}, {"base_span": [1446, 1449], "annotations": [{"nertag": "O"}]}, {"base_span": [1450, 1458], "annotations": [{"nertag": "B-PER"}]}, {"base_span": [1459, 1468], "annotations": [{"nertag": "I-PER"}]}, {"base_span": [1470, 1479], "annotations": [{"nertag": "O"}]}, {"base_span": [1480, 1483], "annotations": [{"nertag": "O"}]}, {"base_span": [1484, 1488], "annotations": [{"nertag": "B-PER"}]}, {"base_span": [1489, 1499], "annotations": [{"nertag": "I-PER"}]}, {"base_span": [1501, 1506], "annotations": [{"nertag": "O"}]}, {"base_span": [1507, 1516], "annotations": [{"nertag": "O"}]}, {"base_span": [1517, 1526], "annotations": [{"nertag": "B-PER"}]}, {"base_span": [1527, 1535], "annotations": [{"nertag": "I-PER"}]}, {"base_span": [1535, 1536], "annotations": [{"nertag": "O"}]}]}]}