{"text": "Astus kohtu ette Jerlepi Walla mees Pridik Post- Mina tulin 22 Wiina kuu päeval linnast, olin kella 7me aegus Angerja mäe kõrtsis, läksin poole tunni aia pärast sealt ära minuga seltsis tulid kolm tundmata meest, Arvata kolm wersta Angerjamäe kõrtsi juurest ja nendel olid silluredelid peal, see oli näha et nad sillult tulid minu hobune käis nende järel, ühe korraga tömbasid oma hobuse tee kõrwa, tuldi minule kallale, lõid mind kolm korda kaela peale, tõmmasid mind wankrist maha ja tõmmasid minu püksid maha, otsisid raha, wötsid raha kotti minu taskust ära, minul oli 15 rubla ja uks piip oli mull põues, selle wõtsid  naad ka ära, hobuse ohjad leikasid katki, mina sain palwete waral nende käest minema, läksin Mülistele ööseks, kell oli juba pool 9., need mörtsukad jäid minust sinna maandi peale seisma. Pühapäe hommiku tulin Angerjamäe kõrtsi tagasi, küsisin kõrtsmiku käest kas ta pidi neid mehi tundma kellega mina õhta sealt seltsis hakasin minema. Kõrtsmik ütles jah mina tunen need mehed aj tema ütles: need oli Salutaguse Walla mehed: Herman Pritz Elepson, Wanakubja sulane Kustas Ristikiwi, Nõmme Mart Kändler ja Jüri Koosler. Siis läksin sealt Salutaguse tallitaja juurde ja antsin seda asja temale ülesse, palusin teda need mehed Salutaguse Walla kohtu ette kutsuda, ta lubas seda pea teha.\nAstus kohtu ette Angerja kõrtsmik Jakob Normann \nJah Pritz Elepson, Gustas Ristikivi, Jüri Koosler ja Mart Kändler ja kaa see Jerlepi mees olid seltsis 22nda Wiinakuu päeval õhta kella 7 aegas meil ja hakasid meilt seltsis minema, mina näitasin tule kui nad ära läksid, poisid joutssid natukene enen ära, Jerlepa wanamees läks järele\nAstus kohtu ette Pritz Elepshon. Jah mina tulin see õhta sillult ja olime seltsis Kustas Ristikiwi, Jüri Koosler ja Mart Kändler Angerjamäe kõrtsis sees, õhta kella 7 woi 8 aegu istusime seltsis Kustas Ristikiwi hobuse peale neljakesi ja läksime kodu.\nAstus kohtu ette Kustas Ristikiwi - Jah mina tulin sullult 22. Wiina k.p õhta ja tullin Angerjamäe kõrtsi, meie tulime neljakesi minu hobusega ja läksime sealt jälle seltsis minu hobusega ära, aga see Jerlepimees jäi meist kõrtsi ukse taha maha, kõrtsmik nägi ka seda-\nAstus kohtu ette Mart Kändler - Jah mina tulin 22nl Wiinakuu päeval õhta sillult ja tulin teistega seltsis Angerjamäe kõrtsi. Kustas Ristikiwi, Pritz Elepshon, Jüri Koosler ja läskime neljakesi  seltsis jälle ära Kustas Ristikiwi hobusega. \nKohus katsus neid mehi mitmet pidi läbi, usutas neid iga wiisi, aga nemad ei tunnistanud kohtu ees mitte üles et nad seda Jerlepimeest on röövinud.\nKohtuwanem: Mihkel Waartberg xxx\nJüri Tudeberg xxx\nJaan Wanaweski xxx\nKirjutaja G. Wender  [allkiri]\n\n", "meta": {"origin_directory": "vallakohus_esimene/"}, "layers": [{"name": "gold_ner", "attributes": ["nertag"], "parent": null, "enveloping": null, "ambiguous": false, "serialisation_module": null, "meta": {}, "spans": [{"base_span": [17, 30], "annotations": [{"nertag": "LOC_ORG"}]}, {"base_span": [36, 47], "annotations": [{"nertag": "PER"}]}, {"base_span": [110, 129], "annotations": [{"nertag": "LOC_ORG"}]}, {"base_span": [232, 249], "annotations": [{"nertag": "LOC_ORG"}]}, {"base_span": [717, 726], "annotations": [{"nertag": "LOC"}]}, {"base_span": [834, 851], "annotations": [{"nertag": "LOC_ORG"}]}, {"base_span": [1026, 1042], "annotations": [{"nertag": "LOC_ORG"}]}, {"base_span": [1050, 1070], "annotations": [{"nertag": "PER"}]}, {"base_span": [1072, 1081], "annotations": [{"nertag": "LOC_ORG"}]}, {"base_span": [1089, 1105], "annotations": [{"nertag": "PER"}]}, {"base_span": [1107, 1112], "annotations": [{"nertag": "LOC_ORG"}]}, {"base_span": [1113, 1125], "annotations": [{"nertag": "PER"}]}, {"base_span": [1129, 1141], "annotations": [{"nertag": "PER"}]}, {"base_span": [1161, 1171], "annotations": [{"nertag": "LOC_ORG"}]}, {"base_span": [1248, 1270], "annotations": [{"nertag": "ORG"}]}, {"base_span": [1326, 1333], "annotations": [{"nertag": "LOC"}]}, {"base_span": [1343, 1356], "annotations": [{"nertag": "PER"}]}, {"base_span": [1362, 1375], "annotations": [{"nertag": "PER"}]}, {"base_span": [1377, 1393], "annotations": [{"nertag": "PER"}]}, {"base_span": [1395, 1407], "annotations": [{"nertag": "PER"}]}, {"base_span": [1411, 1423], "annotations": [{"nertag": "PER"}]}, {"base_span": [1435, 1442], "annotations": [{"nertag": "LOC_ORG"}]}, {"base_span": [1614, 1621], "annotations": [{"nertag": "LOC_ORG"}]}, {"base_span": [1660, 1674], "annotations": [{"nertag": "PER"}]}, {"base_span": [1725, 1741], "annotations": [{"nertag": "PER"}]}, {"base_span": [1743, 1755], "annotations": [{"nertag": "PER"}]}, {"base_span": [1759, 1771], "annotations": [{"nertag": "PER"}]}, {"base_span": [1772, 1790], "annotations": [{"nertag": "LOC_ORG"}]}, {"base_span": [1838, 1854], "annotations": [{"nertag": "PER"}]}, {"base_span": [1912, 1928], "annotations": [{"nertag": "PER"}]}, {"base_span": [1983, 2000], "annotations": [{"nertag": "LOC_ORG"}]}, {"base_span": [2096, 2107], "annotations": [{"nertag": "MISC"}]}, {"base_span": [2181, 2193], "annotations": [{"nertag": "PER"}]}, {"base_span": [2271, 2288], "annotations": [{"nertag": "LOC_ORG"}]}, {"base_span": [2290, 2306], "annotations": [{"nertag": "PER"}]}, {"base_span": [2308, 2322], "annotations": [{"nertag": "PER"}]}, {"base_span": [2324, 2336], "annotations": [{"nertag": "PER"}]}, {"base_span": [2377, 2393], "annotations": [{"nertag": "PER"}]}, {"base_span": [2527, 2539], "annotations": [{"nertag": "MISC"}]}, {"base_span": [2565, 2581], "annotations": [{"nertag": "PER"}]}, {"base_span": [2586, 2599], "annotations": [{"nertag": "PER"}]}, {"base_span": [2604, 2618], "annotations": [{"nertag": "PER"}]}, {"base_span": [2633, 2642], "annotations": [{"nertag": "PER"}]}]}, {"name": "gold_wordner", "attributes": ["nertag"], "parent": null, "enveloping": null, "ambiguous": false, "serialisation_module": null, "meta": {}, "spans": [{"base_span": [0, 5], "annotations": [{"nertag": "O"}]}, {"base_span": [6, 11], "annotations": [{"nertag": "O"}]}, {"base_span": [12, 16], "annotations": [{"nertag": "O"}]}, {"base_span": [17, 24], "annotations": [{"nertag": "B-LOC_ORG"}]}, {"base_span": [25, 30], "annotations": [{"nertag": "I-LOC_ORG"}]}, {"base_span": [31, 35], "annotations": [{"nertag": "O"}]}, {"base_span": [36, 42], "annotations": [{"nertag": "B-PER"}]}, {"base_span": [43, 47], "annotations": [{"nertag": "I-PER"}]}, {"base_span": [47, 48], "annotations": [{"nertag": "O"}]}, {"base_span": [49, 53], "annotations": [{"nertag": "O"}]}, {"base_span": [54, 59], "annotations": [{"nertag": "O"}]}, {"base_span": [60, 62], "annotations": [{"nertag": "O"}]}, {"base_span": [63, 68], "annotations": [{"nertag": "O"}]}, {"base_span": [69, 72], "annotations": [{"nertag": "O"}]}, {"base_span": [73, 79], "annotations": [{"nertag": "O"}]}, {"base_span": [80, 87], "annotations": [{"nertag": "O"}]}, {"base_span": [87, 88], "annotations": [{"nertag": "O"}]}, {"base_span": [89, 93], "annotations": [{"nertag": "O"}]}, {"base_span": [94, 99], "annotations": [{"nertag": "O"}]}, {"base_span": [100, 103], "annotations": [{"nertag": "O"}]}, {"base_span": [104, 109], "annotations": [{"nertag": "O"}]}, {"base_span": [110, 117], "annotations": [{"nertag": "B-LOC_ORG"}]}, {"base_span": [118, 121], "annotations": [{"nertag": "I-LOC_ORG"}]}, {"base_span": [122, 129], "annotations": [{"nertag": "I-LOC_ORG"}]}, {"base_span": [129, 130], "annotations": [{"nertag": "O"}]}, {"base_span": [131, 137], "annotations": [{"nertag": "O"}]}, {"base_span": [138, 143], "annotations": [{"nertag": "O"}]}, {"base_span": [144, 149], "annotations": [{"nertag": "O"}]}, {"base_span": [150, 153], "annotations": [{"nertag": "O"}]}, {"base_span": [154, 160], "annotations": [{"nertag": "O"}]}, {"base_span": [161, 166], "annotations": [{"nertag": "O"}]}, {"base_span": [167, 170], "annotations": [{"nertag": "O"}]}, {"base_span": [171, 177], "annotations": [{"nertag": "O"}]}, {"base_span": [178, 185], "annotations": [{"nertag": "O"}]}, {"base_span": [186, 191], "annotations": [{"nertag": "O"}]}, {"base_span": [192, 196], "annotations": [{"nertag": "O"}]}, {"base_span": [197, 205], "annotations": [{"nertag": "O"}]}, {"base_span": [206, 211], "annotations": [{"nertag": "O"}]}, {"base_span": [211, 212], "annotations": [{"nertag": "O"}]}, {"base_span": [213, 219], "annotations": [{"nertag": "O"}]}, {"base_span": [220, 224], "annotations": [{"nertag": "O"}]}, {"base_span": [225, 231], "annotations": [{"nertag": "O"}]}, {"base_span": [232, 242], "annotations": [{"nertag": "B-LOC_ORG"}]}, {"base_span": [243, 249], "annotations": [{"nertag": "I-LOC_ORG"}]}, {"base_span": [250, 257], "annotations": [{"nertag": "O"}]}, {"base_span": [258, 260], "annotations": [{"nertag": "O"}]}, {"base_span": [261, 267], "annotations": [{"nertag": "O"}]}, {"base_span": [268, 272], "annotations": [{"nertag": "O"}]}, {"base_span": [273, 285], "annotations": [{"nertag": "O"}]}, {"base_span": [286, 290], "annotations": [{"nertag": "O"}]}, {"base_span": [290, 291], "annotations": [{"nertag": "O"}]}, {"base_span": [292, 295], "annotations": [{"nertag": "O"}]}, {"base_span": [296, 299], "annotations": [{"nertag": "O"}]}, {"base_span": [300, 304], "annotations": [{"nertag": "O"}]}, {"base_span": [305, 307], "annotations": [{"nertag": "O"}]}, {"base_span": [308, 311], "annotations": [{"nertag": "O"}]}, {"base_span": [312, 319], "annotations": [{"nertag": "O"}]}, {"base_span": [320, 325], "annotations": [{"nertag": "O"}]}, {"base_span": [326, 330], "annotations": [{"nertag": "O"}]}, {"base_span": [331, 337], "annotations": [{"nertag": "O"}]}, {"base_span": [338, 342], "annotations": [{"nertag": "O"}]}, {"base_span": [343, 348], "annotations": [{"nertag": "O"}]}, {"base_span": [349, 354], "annotations": [{"nertag": "O"}]}, {"base_span": [354, 355], "annotations": [{"nertag": "O"}]}, {"base_span": [356, 359], "annotations": [{"nertag": "O"}]}, {"base_span": [360, 367], "annotations": [{"nertag": "O"}]}, {"base_span": [368, 376], "annotations": [{"nertag": "O"}]}, {"base_span": [377, 380], "annotations": [{"nertag": "O"}]}, {"base_span": [381, 387], "annotations": [{"nertag": "O"}]}, {"base_span": [388, 391], "annotations": [{"nertag": "O"}]}, {"base_span": [392, 397], "annotations": [{"nertag": "O"}]}, {"base_span": [397, 398], "annotations": [{"nertag": "O"}]}, {"base_span": [399, 404], "annotations": [{"nertag": "O"}]}, {"base_span": [405, 411], "annotations": [{"nertag": "O"}]}, {"base_span": [412, 419], "annotations": [{"nertag": "O"}]}, {"base_span": [419, 420], "annotations": [{"nertag": "O"}]}, {"base_span": [421, 425], "annotations": [{"nertag": "O"}]}, {"base_span": [426, 430], "annotations": [{"nertag": "O"}]}, {"base_span": [431, 435], "annotations": [{"nertag": "O"}]}, {"base_span": [436, 441], "annotations": [{"nertag": "O"}]}, {"base_span": [442, 447], "annotations": [{"nertag": "O"}]}, {"base_span": [448, 453], "annotations": [{"nertag": "O"}]}, {"base_span": [453, 454], "annotations": [{"nertag": "O"}]}, {"base_span": [455, 463], "annotations": [{"nertag": "O"}]}, {"base_span": [464, 468], "annotations": [{"nertag": "O"}]}, {"base_span": [469, 477], "annotations": [{"nertag": "O"}]}, {"base_span": [478, 482], "annotations": [{"nertag": "O"}]}, {"base_span": [483, 485], "annotations": [{"nertag": "O"}]}, {"base_span": [486, 494], "annotations": [{"nertag": "O"}]}, {"base_span": [495, 499], "annotations": [{"nertag": "O"}]}, {"base_span": [500, 506], "annotations": [{"nertag": "O"}]}, {"base_span": [507, 511], "annotations": [{"nertag": "O"}]}, {"base_span": [511, 512], "annotations": [{"nertag": "O"}]}, {"base_span": [513, 520], "annotations": [{"nertag": "O"}]}, {"base_span": [521, 525], "annotations": [{"nertag": "O"}]}, {"base_span": [525, 526], "annotations": [{"nertag": "O"}]}, {"base_span": [527, 533], "annotations": [{"nertag": "O"}]}, {"base_span": [534, 538], "annotations": [{"nertag": "O"}]}, {"base_span": [539, 544], "annotations": [{"nertag": "O"}]}, {"base_span": [545, 549], "annotations": [{"nertag": "O"}]}, {"base_span": [550, 557], "annotations": [{"nertag": "O"}]}, {"base_span": [558, 561], "annotations": [{"nertag": "O"}]}, {"base_span": [561, 562], "annotations": [{"nertag": "O"}]}, {"base_span": [563, 568], "annotations": [{"nertag": "O"}]}, {"base_span": [569, 572], "annotations": [{"nertag": "O"}]}, {"base_span": [573, 575], "annotations": [{"nertag": "O"}]}, {"base_span": [576, 581], "annotations": [{"nertag": "O"}]}, {"base_span": [582, 584], "annotations": [{"nertag": "O"}]}, {"base_span": [585, 588], "annotations": [{"nertag": "O"}]}, {"base_span": [589, 593], "annotations": [{"nertag": "O"}]}, {"base_span": [594, 597], "annotations": [{"nertag": "O"}]}, {"base_span": [598, 602], "annotations": [{"nertag": "O"}]}, {"base_span": [603, 608], "annotations": [{"nertag": "O"}]}, {"base_span": [608, 609], "annotations": [{"nertag": "O"}]}, {"base_span": [610, 615], "annotations": [{"nertag": "O"}]}, {"base_span": [616, 622], "annotations": [{"nertag": "O"}]}, {"base_span": [624, 628], "annotations": [{"nertag": "O"}]}, {"base_span": [629, 631], "annotations": [{"nertag": "O"}]}, {"base_span": [632, 635], "annotations": [{"nertag": "O"}]}, {"base_span": [635, 636], "annotations": [{"nertag": "O"}]}, {"base_span": [637, 643], "annotations": [{"nertag": "O"}]}, {"base_span": [644, 649], "annotations": [{"nertag": "O"}]}, {"base_span": [650, 658], "annotations": [{"nertag": "O"}]}, {"base_span": [659, 664], "annotations": [{"nertag": "O"}]}, {"base_span": [664, 665], "annotations": [{"nertag": "O"}]}, {"base_span": [666, 670], "annotations": [{"nertag": "O"}]}, {"base_span": [671, 675], "annotations": [{"nertag": "O"}]}, {"base_span": [676, 683], "annotations": [{"nertag": "O"}]}, {"base_span": [684, 689], "annotations": [{"nertag": "O"}]}, {"base_span": [690, 695], "annotations": [{"nertag": "O"}]}, {"base_span": [696, 701], "annotations": [{"nertag": "O"}]}, {"base_span": [702, 708], "annotations": [{"nertag": "O"}]}, {"base_span": [708, 709], "annotations": [{"nertag": "O"}]}, {"base_span": [710, 716], "annotations": [{"nertag": "O"}]}, {"base_span": [717, 726], "annotations": [{"nertag": "B-LOC"}]}, {"base_span": [727, 733], "annotations": [{"nertag": "O"}]}, {"base_span": [733, 734], "annotations": [{"nertag": "O"}]}, {"base_span": [735, 739], "annotations": [{"nertag": "O"}]}, {"base_span": [740, 743], "annotations": [{"nertag": "O"}]}, {"base_span": [744, 748], "annotations": [{"nertag": "O"}]}, {"base_span": [749, 753], "annotations": [{"nertag": "O"}]}, {"base_span": [754, 756], "annotations": [{"nertag": "O"}]}, {"base_span": [756, 757], "annotations": [{"nertag": "O"}]}, {"base_span": [758, 762], "annotations": [{"nertag": "O"}]}, {"base_span": [763, 772], "annotations": [{"nertag": "O"}]}, {"base_span": [773, 777], "annotations": [{"nertag": "O"}]}, {"base_span": [778, 784], "annotations": [{"nertag": "O"}]}, {"base_span": [785, 790], "annotations": [{"nertag": "O"}]}, {"base_span": [791, 797], "annotations": [{"nertag": "O"}]}, {"base_span": [798, 803], "annotations": [{"nertag": "O"}]}, {"base_span": [804, 810], "annotations": [{"nertag": "O"}]}, {"base_span": [810, 811], "annotations": [{"nertag": "O"}]}, {"base_span": [812, 819], "annotations": [{"nertag": "O"}]}, {"base_span": [820, 827], "annotations": [{"nertag": "O"}]}, {"base_span": [828, 833], "annotations": [{"nertag": "O"}]}, {"base_span": [834, 844], "annotations": [{"nertag": "B-LOC_ORG"}]}, {"base_span": [845, 851], "annotations": [{"nertag": "I-LOC_ORG"}]}, {"base_span": [852, 858], "annotations": [{"nertag": "O"}]}, {"base_span": [858, 859], "annotations": [{"nertag": "O"}]}, {"base_span": [860, 867], "annotations": [{"nertag": "O"}]}, {"base_span": [868, 877], "annotations": [{"nertag": "O"}]}, {"base_span": [878, 883], "annotations": [{"nertag": "O"}]}, {"base_span": [884, 887], "annotations": [{"nertag": "O"}]}, {"base_span": [888, 890], "annotations": [{"nertag": "O"}]}, {"base_span": [891, 895], "annotations": [{"nertag": "O"}]}, {"base_span": [896, 900], "annotations": [{"nertag": "O"}]}, {"base_span": [901, 905], "annotations": [{"nertag": "O"}]}, {"base_span": [906, 912], "annotations": [{"nertag": "O"}]}, {"base_span": [913, 920], "annotations": [{"nertag": "O"}]}, {"base_span": [921, 925], "annotations": [{"nertag": "O"}]}, {"base_span": [926, 930], "annotations": [{"nertag": "O"}]}, {"base_span": [931, 936], "annotations": [{"nertag": "O"}]}, {"base_span": [937, 944], "annotations": [{"nertag": "O"}]}, {"base_span": [945, 952], "annotations": [{"nertag": "O"}]}, {"base_span": [953, 959], "annotations": [{"nertag": "O"}]}, {"base_span": [959, 960], "annotations": [{"nertag": "O"}]}, {"base_span": [961, 969], "annotations": [{"nertag": "O"}]}, {"base_span": [970, 975], "annotations": [{"nertag": "O"}]}, {"base_span": [976, 979], "annotations": [{"nertag": "O"}]}, {"base_span": [980, 984], "annotations": [{"nertag": "O"}]}, {"base_span": [985, 990], "annotations": [{"nertag": "O"}]}, {"base_span": [991, 995], "annotations": [{"nertag": "O"}]}, {"base_span": [996, 1001], "annotations": [{"nertag": "O"}]}, {"base_span": [1002, 1004], "annotations": [{"nertag": "O"}]}, {"base_span": [1005, 1009], "annotations": [{"nertag": "O"}]}, {"base_span": [1010, 1015], "annotations": [{"nertag": "O"}]}, {"base_span": [1015, 1016], "annotations": [{"nertag": "O"}]}, {"base_span": [1017, 1021], "annotations": [{"nertag": "O"}]}, {"base_span": [1022, 1025], "annotations": [{"nertag": "O"}]}, {"base_span": [1026, 1036], "annotations": [{"nertag": "B-LOC_ORG"}]}, {"base_span": [1037, 1042], "annotations": [{"nertag": "I-LOC_ORG"}]}, {"base_span": [1043, 1048], "annotations": [{"nertag": "O"}]}, {"base_span": [1048, 1049], "annotations": [{"nertag": "O"}]}, {"base_span": [1050, 1056], "annotations": [{"nertag": "B-PER"}]}, {"base_span": [1057, 1062], "annotations": [{"nertag": "I-PER"}]}, {"base_span": [1063, 1070], "annotations": [{"nertag": "I-PER"}]}, {"base_span": [1070, 1071], "annotations": [{"nertag": "O"}]}, {"base_span": [1072, 1081], "annotations": [{"nertag": "B-LOC_ORG"}]}, {"base_span": [1082, 1088], "annotations": [{"nertag": "O"}]}, {"base_span": [1089, 1095], "annotations": [{"nertag": "B-PER"}]}, {"base_span": [1096, 1105], "annotations": [{"nertag": "I-PER"}]}, {"base_span": [1105, 1106], "annotations": [{"nertag": "O"}]}, {"base_span": [1107, 1112], "annotations": [{"nertag": "B-LOC_ORG"}]}, {"base_span": [1113, 1117], "annotations": [{"nertag": "B-PER"}]}, {"base_span": [1118, 1125], "annotations": [{"nertag": "I-PER"}]}, {"base_span": [1126, 1128], "annotations": [{"nertag": "O"}]}, {"base_span": [1129, 1133], "annotations": [{"nertag": "B-PER"}]}, {"base_span": [1134, 1141], "annotations": [{"nertag": "I-PER"}]}, {"base_span": [1141, 1142], "annotations": [{"nertag": "O"}]}, {"base_span": [1143, 1147], "annotations": [{"nertag": "O"}]}, {"base_span": [1148, 1154], "annotations": [{"nertag": "O"}]}, {"base_span": [1155, 1160], "annotations": [{"nertag": "O"}]}, {"base_span": [1161, 1171], "annotations": [{"nertag": "B-LOC_ORG"}]}, {"base_span": [1172, 1181], "annotations": [{"nertag": "O"}]}, {"base_span": [1182, 1188], "annotations": [{"nertag": "O"}]}, {"base_span": [1189, 1191], "annotations": [{"nertag": "O"}]}, {"base_span": [1192, 1198], "annotations": [{"nertag": "O"}]}, {"base_span": [1199, 1203], "annotations": [{"nertag": "O"}]}, {"base_span": [1204, 1208], "annotations": [{"nertag": "O"}]}, {"base_span": [1209, 1215], "annotations": [{"nertag": "O"}]}, {"base_span": [1216, 1222], "annotations": [{"nertag": "O"}]}, {"base_span": [1222, 1223], "annotations": [{"nertag": "O"}]}, {"base_span": [1224, 1231], "annotations": [{"nertag": "O"}]}, {"base_span": [1232, 1236], "annotations": [{"nertag": "O"}]}, {"base_span": [1237, 1241], "annotations": [{"nertag": "O"}]}, {"base_span": [1242, 1247], "annotations": [{"nertag": "O"}]}, {"base_span": [1248, 1258], "annotations": [{"nertag": "B-ORG"}]}, {"base_span": [1259, 1264], "annotations": [{"nertag": "I-ORG"}]}, {"base_span": [1265, 1270], "annotations": [{"nertag": "I-ORG"}]}, {"base_span": [1271, 1275], "annotations": [{"nertag": "O"}]}, {"base_span": [1276, 1283], "annotations": [{"nertag": "O"}]}, {"base_span": [1283, 1284], "annotations": [{"nertag": "O"}]}, {"base_span": [1285, 1287], "annotations": [{"nertag": "O"}]}, {"base_span": [1288, 1293], "annotations": [{"nertag": "O"}]}, {"base_span": [1294, 1298], "annotations": [{"nertag": "O"}]}, {"base_span": [1299, 1302], "annotations": [{"nertag": "O"}]}, {"base_span": [1303, 1307], "annotations": [{"nertag": "O"}]}, {"base_span": [1307, 1308], "annotations": [{"nertag": "O"}]}, {"base_span": [1309, 1314], "annotations": [{"nertag": "O"}]}, {"base_span": [1315, 1320], "annotations": [{"nertag": "O"}]}, {"base_span": [1321, 1325], "annotations": [{"nertag": "O"}]}, {"base_span": [1326, 1333], "annotations": [{"nertag": "B-LOC"}]}, {"base_span": [1334, 1342], "annotations": [{"nertag": "O"}]}, {"base_span": [1343, 1348], "annotations": [{"nertag": "B-PER"}]}, {"base_span": [1349, 1356], "annotations": [{"nertag": "I-PER"}]}, {"base_span": [1358, 1361], "annotations": [{"nertag": "O"}]}, {"base_span": [1362, 1367], "annotations": [{"nertag": "B-PER"}]}, {"base_span": [1368, 1375], "annotations": [{"nertag": "I-PER"}]}, {"base_span": [1375, 1376], "annotations": [{"nertag": "O"}]}, {"base_span": [1377, 1383], "annotations": [{"nertag": "B-PER"}]}, {"base_span": [1384, 1393], "annotations": [{"nertag": "I-PER"}]}, {"base_span": [1393, 1394], "annotations": [{"nertag": "O"}]}, {"base_span": [1395, 1399], "annotations": [{"nertag": "B-PER"}]}, {"base_span": [1400, 1407], "annotations": [{"nertag": "I-PER"}]}, {"base_span": [1408, 1410], "annotations": [{"nertag": "O"}]}, {"base_span": [1411, 1415], "annotations": [{"nertag": "B-PER"}]}, {"base_span": [1416, 1423], "annotations": [{"nertag": "I-PER"}]}, {"base_span": [1424, 1426], "annotations": [{"nertag": "O"}]}, {"base_span": [1427, 1430], "annotations": [{"nertag": "O"}]}, {"base_span": [1431, 1434], "annotations": [{"nertag": "O"}]}, {"base_span": [1435, 1442], "annotations": [{"nertag": "B-LOC_ORG"}]}, {"base_span": [1443, 1447], "annotations": [{"nertag": "O"}]}, {"base_span": [1448, 1452], "annotations": [{"nertag": "O"}]}, {"base_span": [1453, 1460], "annotations": [{"nertag": "O"}]}, {"base_span": [1461, 1466], "annotations": [{"nertag": "O"}]}, {"base_span": [1467, 1475], "annotations": [{"nertag": "O"}]}, {"base_span": [1476, 1482], "annotations": [{"nertag": "O"}]}, {"base_span": [1483, 1487], "annotations": [{"nertag": "O"}]}, {"base_span": [1488, 1493], "annotations": [{"nertag": "O"}]}, {"base_span": [1494, 1495], "annotations": [{"nertag": "O"}]}, {"base_span": [1496, 1501], "annotations": [{"nertag": "O"}]}, {"base_span": [1502, 1506], "annotations": [{"nertag": "O"}]}, {"base_span": [1507, 1509], "annotations": [{"nertag": "O"}]}, {"base_span": [1510, 1517], "annotations": [{"nertag": "O"}]}, {"base_span": [1518, 1523], "annotations": [{"nertag": "O"}]}, {"base_span": [1524, 1531], "annotations": [{"nertag": "O"}]}, {"base_span": [1532, 1538], "annotations": [{"nertag": "O"}]}, {"base_span": [1538, 1539], "annotations": [{"nertag": "O"}]}, {"base_span": [1540, 1544], "annotations": [{"nertag": "O"}]}, {"base_span": [1545, 1553], "annotations": [{"nertag": "O"}]}, {"base_span": [1554, 1558], "annotations": [{"nertag": "O"}]}, {"base_span": [1559, 1562], "annotations": [{"nertag": "O"}]}, {"base_span": [1563, 1566], "annotations": [{"nertag": "O"}]}, {"base_span": [1567, 1570], "annotations": [{"nertag": "O"}]}, {"base_span": [1571, 1577], "annotations": [{"nertag": "O"}]}, {"base_span": [1577, 1578], "annotations": [{"nertag": "O"}]}, {"base_span": [1579, 1585], "annotations": [{"nertag": "O"}]}, {"base_span": [1586, 1594], "annotations": [{"nertag": "O"}]}, {"base_span": [1595, 1603], "annotations": [{"nertag": "O"}]}, {"base_span": [1604, 1608], "annotations": [{"nertag": "O"}]}, {"base_span": [1609, 1612], "annotations": [{"nertag": "O"}]}, {"base_span": [1612, 1613], "annotations": [{"nertag": "O"}]}, {"base_span": [1614, 1621], "annotations": [{"nertag": "B-LOC_ORG"}]}, {"base_span": [1622, 1630], "annotations": [{"nertag": "O"}]}, {"base_span": [1631, 1635], "annotations": [{"nertag": "O"}]}, {"base_span": [1636, 1642], "annotations": [{"nertag": "O"}]}, {"base_span": [1643, 1648], "annotations": [{"nertag": "O"}]}, {"base_span": [1649, 1654], "annotations": [{"nertag": "O"}]}, {"base_span": [1655, 1659], "annotations": [{"nertag": "O"}]}, {"base_span": [1660, 1665], "annotations": [{"nertag": "B-PER"}]}, {"base_span": [1666, 1674], "annotations": [{"nertag": "I-PER"}]}, {"base_span": [1674, 1675], "annotations": [{"nertag": "O"}]}, {"base_span": [1676, 1679], "annotations": [{"nertag": "O"}]}, {"base_span": [1680, 1684], "annotations": [{"nertag": "O"}]}, {"base_span": [1685, 1690], "annotations": [{"nertag": "O"}]}, {"base_span": [1691, 1694], "annotations": [{"nertag": "O"}]}, {"base_span": [1695, 1699], "annotations": [{"nertag": "O"}]}, {"base_span": [1700, 1707], "annotations": [{"nertag": "O"}]}, {"base_span": [1708, 1710], "annotations": [{"nertag": "O"}]}, {"base_span": [1711, 1716], "annotations": [{"nertag": "O"}]}, {"base_span": [1717, 1724], "annotations": [{"nertag": "O"}]}, {"base_span": [1725, 1731], "annotations": [{"nertag": "B-PER"}]}, {"base_span": [1732, 1741], "annotations": [{"nertag": "I-PER"}]}, {"base_span": [1741, 1742], "annotations": [{"nertag": "O"}]}, {"base_span": [1743, 1747], "annotations": [{"nertag": "B-PER"}]}, {"base_span": [1748, 1755], "annotations": [{"nertag": "I-PER"}]}, {"base_span": [1756, 1758], "annotations": [{"nertag": "O"}]}, {"base_span": [1759, 1763], "annotations": [{"nertag": "B-PER"}]}, {"base_span": [1764, 1771], "annotations": [{"nertag": "I-PER"}]}, {"base_span": [1772, 1782], "annotations": [{"nertag": "B-LOC_ORG"}]}, {"base_span": [1783, 1790], "annotations": [{"nertag": "I-LOC_ORG"}]}, {"base_span": [1791, 1795], "annotations": [{"nertag": "O"}]}, {"base_span": [1795, 1796], "annotations": [{"nertag": "O"}]}, {"base_span": [1797, 1801], "annotations": [{"nertag": "O"}]}, {"base_span": [1802, 1807], "annotations": [{"nertag": "O"}]}, {"base_span": [1808, 1809], "annotations": [{"nertag": "O"}]}, {"base_span": [1810, 1813], "annotations": [{"nertag": "O"}]}, {"base_span": [1814, 1815], "annotations": [{"nertag": "O"}]}, {"base_span": [1816, 1820], "annotations": [{"nertag": "O"}]}, {"base_span": [1821, 1829], "annotations": [{"nertag": "O"}]}, {"base_span": [1830, 1837], "annotations": [{"nertag": "O"}]}, {"base_span": [1838, 1844], "annotations": [{"nertag": "B-PER"}]}, {"base_span": [1845, 1854], "annotations": [{"nertag": "I-PER"}]}, {"base_span": [1855, 1861], "annotations": [{"nertag": "O"}]}, {"base_span": [1862, 1867], "annotations": [{"nertag": "O"}]}, {"base_span": [1868, 1877], "annotations": [{"nertag": "O"}]}, {"base_span": [1878, 1880], "annotations": [{"nertag": "O"}]}, {"base_span": [1881, 1888], "annotations": [{"nertag": "O"}]}, {"base_span": [1889, 1893], "annotations": [{"nertag": "O"}]}, {"base_span": [1893, 1894], "annotations": [{"nertag": "O"}]}, {"base_span": [1895, 1900], "annotations": [{"nertag": "O"}]}, {"base_span": [1901, 1906], "annotations": [{"nertag": "O"}]}, {"base_span": [1907, 1911], "annotations": [{"nertag": "O"}]}, {"base_span": [1912, 1918], "annotations": [{"nertag": "B-PER"}]}, {"base_span": [1919, 1928], "annotations": [{"nertag": "I-PER"}]}, {"base_span": [1929, 1930], "annotations": [{"nertag": "O"}]}, {"base_span": [1931, 1934], "annotations": [{"nertag": "O"}]}, {"base_span": [1935, 1939], "annotations": [{"nertag": "O"}]}, {"base_span": [1940, 1945], "annotations": [{"nertag": "O"}]}, {"base_span": [1946, 1953], "annotations": [{"nertag": "O"}]}, {"base_span": [1954, 1957], "annotations": [{"nertag": "O"}]}, {"base_span": [1958, 1963], "annotations": [{"nertag": "O"}]}, {"base_span": [1964, 1965], "annotations": [{"nertag": "O"}]}, {"base_span": [1965, 1966], "annotations": [{"nertag": "O"}]}, {"base_span": [1966, 1967], "annotations": [{"nertag": "O"}]}, {"base_span": [1968, 1972], "annotations": [{"nertag": "O"}]}, {"base_span": [1973, 1975], "annotations": [{"nertag": "O"}]}, {"base_span": [1976, 1982], "annotations": [{"nertag": "O"}]}, {"base_span": [1983, 1993], "annotations": [{"nertag": "B-LOC_ORG"}]}, {"base_span": [1994, 2000], "annotations": [{"nertag": "I-LOC_ORG"}]}, {"base_span": [2000, 2001], "annotations": [{"nertag": "O"}]}, {"base_span": [2002, 2006], "annotations": [{"nertag": "O"}]}, {"base_span": [2007, 2013], "annotations": [{"nertag": "O"}]}, {"base_span": [2014, 2023], "annotations": [{"nertag": "O"}]}, {"base_span": [2024, 2028], "annotations": [{"nertag": "O"}]}, {"base_span": [2029, 2037], "annotations": [{"nertag": "O"}]}, {"base_span": [2038, 2040], "annotations": [{"nertag": "O"}]}, {"base_span": [2041, 2048], "annotations": [{"nertag": "O"}]}, {"base_span": [2049, 2054], "annotations": [{"nertag": "O"}]}, {"base_span": [2055, 2060], "annotations": [{"nertag": "O"}]}, {"base_span": [2061, 2068], "annotations": [{"nertag": "O"}]}, {"base_span": [2069, 2073], "annotations": [{"nertag": "O"}]}, {"base_span": [2074, 2082], "annotations": [{"nertag": "O"}]}, {"base_span": [2083, 2086], "annotations": [{"nertag": "O"}]}, {"base_span": [2086, 2087], "annotations": [{"nertag": "O"}]}, {"base_span": [2088, 2091], "annotations": [{"nertag": "O"}]}, {"base_span": [2092, 2095], "annotations": [{"nertag": "O"}]}, {"base_span": [2096, 2107], "annotations": [{"nertag": "B-MISC"}]}, {"base_span": [2108, 2111], "annotations": [{"nertag": "O"}]}, {"base_span": [2112, 2117], "annotations": [{"nertag": "O"}]}, {"base_span": [2118, 2124], "annotations": [{"nertag": "O"}]}, {"base_span": [2125, 2129], "annotations": [{"nertag": "O"}]}, {"base_span": [2130, 2134], "annotations": [{"nertag": "O"}]}, {"base_span": [2135, 2139], "annotations": [{"nertag": "O"}]}, {"base_span": [2139, 2140], "annotations": [{"nertag": "O"}]}, {"base_span": [2141, 2149], "annotations": [{"nertag": "O"}]}, {"base_span": [2150, 2154], "annotations": [{"nertag": "O"}]}, {"base_span": [2155, 2157], "annotations": [{"nertag": "O"}]}, {"base_span": [2158, 2162], "annotations": [{"nertag": "O"}]}, {"base_span": [2162, 2163], "annotations": [{"nertag": "O"}]}, {"base_span": [2164, 2169], "annotations": [{"nertag": "O"}]}, {"base_span": [2170, 2175], "annotations": [{"nertag": "O"}]}, {"base_span": [2176, 2180], "annotations": [{"nertag": "O"}]}, {"base_span": [2181, 2185], "annotations": [{"nertag": "B-PER"}]}, {"base_span": [2186, 2193], "annotations": [{"nertag": "I-PER"}]}, {"base_span": [2194, 2195], "annotations": [{"nertag": "O"}]}, {"base_span": [2196, 2199], "annotations": [{"nertag": "O"}]}, {"base_span": [2200, 2204], "annotations": [{"nertag": "O"}]}, {"base_span": [2205, 2210], "annotations": [{"nertag": "O"}]}, {"base_span": [2211, 2215], "annotations": [{"nertag": "O"}]}, {"base_span": [2216, 2224], "annotations": [{"nertag": "O"}]}, {"base_span": [2225, 2231], "annotations": [{"nertag": "O"}]}, {"base_span": [2232, 2236], "annotations": [{"nertag": "O"}]}, {"base_span": [2237, 2244], "annotations": [{"nertag": "O"}]}, {"base_span": [2245, 2247], "annotations": [{"nertag": "O"}]}, {"base_span": [2248, 2253], "annotations": [{"nertag": "O"}]}, {"base_span": [2254, 2262], "annotations": [{"nertag": "O"}]}, {"base_span": [2263, 2270], "annotations": [{"nertag": "O"}]}, {"base_span": [2271, 2281], "annotations": [{"nertag": "B-LOC_ORG"}]}, {"base_span": [2282, 2288], "annotations": [{"nertag": "I-LOC_ORG"}]}, {"base_span": [2288, 2289], "annotations": [{"nertag": "O"}]}, {"base_span": [2290, 2296], "annotations": [{"nertag": "B-PER"}]}, {"base_span": [2297, 2306], "annotations": [{"nertag": "I-PER"}]}, {"base_span": [2306, 2307], "annotations": [{"nertag": "O"}]}, {"base_span": [2308, 2313], "annotations": [{"nertag": "B-PER"}]}, {"base_span": [2314, 2322], "annotations": [{"nertag": "I-PER"}]}, {"base_span": [2322, 2323], "annotations": [{"nertag": "O"}]}, {"base_span": [2324, 2328], "annotations": [{"nertag": "B-PER"}]}, {"base_span": [2329, 2336], "annotations": [{"nertag": "I-PER"}]}, {"base_span": [2337, 2339], "annotations": [{"nertag": "O"}]}, {"base_span": [2340, 2347], "annotations": [{"nertag": "O"}]}, {"base_span": [2348, 2357], "annotations": [{"nertag": "O"}]}, {"base_span": [2359, 2366], "annotations": [{"nertag": "O"}]}, {"base_span": [2367, 2372], "annotations": [{"nertag": "O"}]}, {"base_span": [2373, 2376], "annotations": [{"nertag": "O"}]}, {"base_span": [2377, 2383], "annotations": [{"nertag": "B-PER"}]}, {"base_span": [2384, 2393], "annotations": [{"nertag": "I-PER"}]}, {"base_span": [2394, 2402], "annotations": [{"nertag": "O"}]}, {"base_span": [2402, 2403], "annotations": [{"nertag": "O"}]}, {"base_span": [2405, 2410], "annotations": [{"nertag": "O"}]}, {"base_span": [2411, 2417], "annotations": [{"nertag": "O"}]}, {"base_span": [2418, 2422], "annotations": [{"nertag": "O"}]}, {"base_span": [2423, 2427], "annotations": [{"nertag": "O"}]}, {"base_span": [2428, 2434], "annotations": [{"nertag": "O"}]}, {"base_span": [2435, 2439], "annotations": [{"nertag": "O"}]}, {"base_span": [2440, 2444], "annotations": [{"nertag": "O"}]}, {"base_span": [2444, 2445], "annotations": [{"nertag": "O"}]}, {"base_span": [2446, 2452], "annotations": [{"nertag": "O"}]}, {"base_span": [2453, 2457], "annotations": [{"nertag": "O"}]}, {"base_span": [2458, 2461], "annotations": [{"nertag": "O"}]}, {"base_span": [2462, 2467], "annotations": [{"nertag": "O"}]}, {"base_span": [2467, 2468], "annotations": [{"nertag": "O"}]}, {"base_span": [2469, 2472], "annotations": [{"nertag": "O"}]}, {"base_span": [2473, 2478], "annotations": [{"nertag": "O"}]}, {"base_span": [2479, 2481], "annotations": [{"nertag": "O"}]}, {"base_span": [2482, 2493], "annotations": [{"nertag": "O"}]}, {"base_span": [2494, 2499], "annotations": [{"nertag": "O"}]}, {"base_span": [2500, 2503], "annotations": [{"nertag": "O"}]}, {"base_span": [2504, 2509], "annotations": [{"nertag": "O"}]}, {"base_span": [2510, 2514], "annotations": [{"nertag": "O"}]}, {"base_span": [2515, 2517], "annotations": [{"nertag": "O"}]}, {"base_span": [2518, 2521], "annotations": [{"nertag": "O"}]}, {"base_span": [2522, 2526], "annotations": [{"nertag": "O"}]}, {"base_span": [2527, 2539], "annotations": [{"nertag": "B-MISC"}]}, {"base_span": [2540, 2542], "annotations": [{"nertag": "O"}]}, {"base_span": [2543, 2551], "annotations": [{"nertag": "O"}]}, {"base_span": [2551, 2552], "annotations": [{"nertag": "O"}]}, {"base_span": [2553, 2563], "annotations": [{"nertag": "O"}]}, {"base_span": [2563, 2564], "annotations": [{"nertag": "O"}]}, {"base_span": [2565, 2571], "annotations": [{"nertag": "B-PER"}]}, {"base_span": [2572, 2581], "annotations": [{"nertag": "I-PER"}]}, {"base_span": [2582, 2585], "annotations": [{"nertag": "O"}]}, {"base_span": [2586, 2590], "annotations": [{"nertag": "B-PER"}]}, {"base_span": [2591, 2599], "annotations": [{"nertag": "I-PER"}]}, {"base_span": [2600, 2603], "annotations": [{"nertag": "O"}]}, {"base_span": [2604, 2608], "annotations": [{"nertag": "B-PER"}]}, {"base_span": [2609, 2618], "annotations": [{"nertag": "I-PER"}]}, {"base_span": [2619, 2622], "annotations": [{"nertag": "O"}]}, {"base_span": [2623, 2632], "annotations": [{"nertag": "O"}]}, {"base_span": [2633, 2634], "annotations": [{"nertag": "B-PER"}]}, {"base_span": [2634, 2635], "annotations": [{"nertag": "I-PER"}]}, {"base_span": [2636, 2642], "annotations": [{"nertag": "I-PER"}]}, {"base_span": [2644, 2645], "annotations": [{"nertag": "O"}]}, {"base_span": [2645, 2652], "annotations": [{"nertag": "O"}]}, {"base_span": [2652, 2653], "annotations": [{"nertag": "O"}]}]}]}