{"text": "Wata Prootukool\n1. Tiu Weigemi kaebtusse asja pärrast sai kohtu ette kutsutud\n2. Kadritine Krünrtreih kelle peale kaewati.\nSiis kohhus kulas Kadritine Krüntreih käest ja ta räkis et temma tahtis prooka tõsta selle meski topsiga, kellega Matti Janimäggi tõstis, ja on tahtnud sedda topi temma käest ärra wõtta ja Matti Janimäggi on lubband temale topiga wastu pääd lüa.\n3. Sis on Tiu Weigem selle kissa peale senna tulnud ja on luband Kadritine karrust kinni wotta ja kewa prooga onni wissata.\nKadritine Krüntreig ütles kas nisuku lest wiskab mind proga onni. Tiu Weigem ütles: sinna olled linna lits.\nKohhus kutsus:\nKäemeest Lisu Klemberg ei olle kuulnud neid sannu kui et nemmad on teineteist litssiks  söimanud ja Lisu on nalja pärrast öölnud mis mudu riidlemist on, kui lomist ei olle. Ja on sealt ärra läinud.\n4. Kohhus möistis trahwi neile selle wastamisse söimamisse eest (ja essimesse kohtu ktsumisse wastu pani)\nTiu Weigemile 50 kop walla laekas (ärra makstud) Kadrine Kruntreile jääb 25 kop wähhemaks, et temma on nimmetud päwal on kohtusse tulnud. Ja Tiu Weigemile 25 kop rohkem, et temma essimes kohtu kutsumisse wastu  panni.\n\nWata Prootukool no 82 lehekülg.\n\n10. 1. Herkülla mõisa teumees Kustas Koppelmäki, ja kohhus kullas Kustas Koppelmäkki käest, kas sa olled need   kaerad seggamissi ohradega warrastanud. Ja temma ütles, minna ollen massina prüggised kaerad warrastanud. Ja kohhus küssis temma käest, mis sa nendega piddid teggema ja Kustas Koppelmäk ütles: Ma piddin neid mõisa hobbusile adma.\n2. Kohhus mõistis temmale 1. rub. 50 kop trahwi walla laekasse.\nJa pallub kannatada teie kohtu päwani, se on 30=mal aprillil.\n\nKohhus kutsus mõisa teumehhe Tõnnu Herteli ette ja kulas temma käest, kas sa olled 2 hunnikud kartulid warrastanud. Ja Tõnnu Hertel tunnistas et temma on kaks kord kue hõlmaga winud.\nJa kohhus kulas Kas on kegi teisi näinud kui palju neid on olnud. Ja Jan Jännes tunnistas et ei olle wakkagi olnud.\nSiis kohhus mõistis Tõnnu Hertelile 50 kop trahwi walla laekasse. Pallus kannatada teise kohtu päwani.\n\nPea Juhhan Korw XXX\nKõrwa Jürri Stein XXX\nTomas Matson XXX\n\n\n", "meta": {"origin_directory": "vallakohus_esimene/"}, "layers": [{"name": "gold_ner", "attributes": ["nertag"], "parent": null, "enveloping": null, "ambiguous": false, "serialisation_module": null, "meta": {}, "spans": [{"base_span": [19, 30], "annotations": [{"nertag": "PER"}]}, {"base_span": [81, 101], "annotations": [{"nertag": "PER"}]}, {"base_span": [141, 160], "annotations": [{"nertag": "PER"}]}, {"base_span": [237, 252], "annotations": [{"nertag": "PER"}]}, {"base_span": [312, 327], "annotations": [{"nertag": "PER"}]}, {"base_span": [379, 389], "annotations": [{"nertag": "PER"}]}, {"base_span": [434, 443], "annotations": [{"nertag": "PER"}]}, {"base_span": [493, 512], "annotations": [{"nertag": "PER"}]}, {"base_span": [559, 569], "annotations": [{"nertag": "PER"}]}, {"base_span": [625, 638], "annotations": [{"nertag": "PER"}]}, {"base_span": [716, 720], "annotations": [{"nertag": "PER"}]}, {"base_span": [920, 933], "annotations": [{"nertag": "PER"}]}, {"base_span": [969, 987], "annotations": [{"nertag": "PER"}]}, {"base_span": [1061, 1074], "annotations": [{"nertag": "PER"}]}, {"base_span": [1179, 1193], "annotations": [{"nertag": "LOC_ORG"}]}, {"base_span": [1202, 1219], "annotations": [{"nertag": "PER"}]}, {"base_span": [1238, 1256], "annotations": [{"nertag": "PER"}]}, {"base_span": [1453, 1469], "annotations": [{"nertag": "PER"}]}, {"base_span": [1670, 1683], "annotations": [{"nertag": "PER"}]}, {"base_span": [1760, 1772], "annotations": [{"nertag": "PER"}]}, {"base_span": [1893, 1903], "annotations": [{"nertag": "PER"}]}, {"base_span": [1960, 1975], "annotations": [{"nertag": "PER"}]}, {"base_span": [2048, 2059], "annotations": [{"nertag": "PER"}]}, {"base_span": [2070, 2081], "annotations": [{"nertag": "PER"}]}, {"base_span": [2086, 2098], "annotations": [{"nertag": "PER"}]}]}, {"name": "gold_wordner", "attributes": ["nertag"], "parent": null, "enveloping": null, "ambiguous": false, "serialisation_module": null, "meta": {}, "spans": [{"base_span": [0, 4], "annotations": [{"nertag": "O"}]}, {"base_span": [5, 15], "annotations": [{"nertag": "O"}]}, {"base_span": [16, 18], "annotations": [{"nertag": "O"}]}, {"base_span": [19, 22], "annotations": [{"nertag": "B-PER"}]}, {"base_span": [23, 30], "annotations": [{"nertag": "I-PER"}]}, {"base_span": [31, 40], "annotations": [{"nertag": "O"}]}, {"base_span": [41, 45], "annotations": [{"nertag": "O"}]}, {"base_span": [46, 53], "annotations": [{"nertag": "O"}]}, {"base_span": [54, 57], "annotations": [{"nertag": "O"}]}, {"base_span": [58, 63], "annotations": [{"nertag": "O"}]}, {"base_span": [64, 68], "annotations": [{"nertag": "O"}]}, {"base_span": [69, 77], "annotations": [{"nertag": "O"}]}, {"base_span": [78, 80], "annotations": [{"nertag": "O"}]}, {"base_span": [81, 90], "annotations": [{"nertag": "B-PER"}]}, {"base_span": [91, 101], "annotations": [{"nertag": "I-PER"}]}, {"base_span": [102, 107], "annotations": [{"nertag": "O"}]}, {"base_span": [108, 113], "annotations": [{"nertag": "O"}]}, {"base_span": [114, 121], "annotations": [{"nertag": "O"}]}, {"base_span": [121, 122], "annotations": [{"nertag": "O"}]}, {"base_span": [123, 127], "annotations": [{"nertag": "O"}]}, {"base_span": [128, 134], "annotations": [{"nertag": "O"}]}, {"base_span": [135, 140], "annotations": [{"nertag": "O"}]}, {"base_span": [141, 150], "annotations": [{"nertag": "B-PER"}]}, {"base_span": [151, 160], "annotations": [{"nertag": "I-PER"}]}, {"base_span": [161, 166], "annotations": [{"nertag": "O"}]}, {"base_span": [167, 169], "annotations": [{"nertag": "O"}]}, {"base_span": [170, 172], "annotations": [{"nertag": "O"}]}, {"base_span": [173, 178], "annotations": [{"nertag": "O"}]}, {"base_span": [179, 181], "annotations": [{"nertag": "O"}]}, {"base_span": [182, 187], "annotations": [{"nertag": "O"}]}, {"base_span": [188, 194], "annotations": [{"nertag": "O"}]}, {"base_span": [195, 201], "annotations": [{"nertag": "O"}]}, {"base_span": [202, 207], "annotations": [{"nertag": "O"}]}, {"base_span": [208, 213], "annotations": [{"nertag": "O"}]}, {"base_span": [214, 219], "annotations": [{"nertag": "O"}]}, {"base_span": [220, 227], "annotations": [{"nertag": "O"}]}, {"base_span": [227, 228], "annotations": [{"nertag": "O"}]}, {"base_span": [229, 236], "annotations": [{"nertag": "O"}]}, {"base_span": [237, 242], "annotations": [{"nertag": "B-PER"}]}, {"base_span": [243, 252], "annotations": [{"nertag": "I-PER"}]}, {"base_span": [253, 259], "annotations": [{"nertag": "O"}]}, {"base_span": [259, 260], "annotations": [{"nertag": "O"}]}, {"base_span": [261, 263], "annotations": [{"nertag": "O"}]}, {"base_span": [264, 266], "annotations": [{"nertag": "O"}]}, {"base_span": [267, 274], "annotations": [{"nertag": "O"}]}, {"base_span": [275, 280], "annotations": [{"nertag": "O"}]}, {"base_span": [281, 285], "annotations": [{"nertag": "O"}]}, {"base_span": [286, 291], "annotations": [{"nertag": "O"}]}, {"base_span": [292, 297], "annotations": [{"nertag": "O"}]}, {"base_span": [298, 302], "annotations": [{"nertag": "O"}]}, {"base_span": [303, 308], "annotations": [{"nertag": "O"}]}, {"base_span": [309, 311], "annotations": [{"nertag": "O"}]}, {"base_span": [312, 317], "annotations": [{"nertag": "B-PER"}]}, {"base_span": [318, 327], "annotations": [{"nertag": "I-PER"}]}, {"base_span": [328, 330], "annotations": [{"nertag": "O"}]}, {"base_span": [331, 338], "annotations": [{"nertag": "O"}]}, {"base_span": [339, 345], "annotations": [{"nertag": "O"}]}, {"base_span": [346, 352], "annotations": [{"nertag": "O"}]}, {"base_span": [353, 358], "annotations": [{"nertag": "O"}]}, {"base_span": [359, 363], "annotations": [{"nertag": "O"}]}, {"base_span": [364, 367], "annotations": [{"nertag": "O"}]}, {"base_span": [367, 368], "annotations": [{"nertag": "O"}]}, {"base_span": [369, 371], "annotations": [{"nertag": "O"}]}, {"base_span": [372, 375], "annotations": [{"nertag": "O"}]}, {"base_span": [376, 378], "annotations": [{"nertag": "O"}]}, {"base_span": [379, 382], "annotations": [{"nertag": "B-PER"}]}, {"base_span": [383, 389], "annotations": [{"nertag": "I-PER"}]}, {"base_span": [390, 395], "annotations": [{"nertag": "O"}]}, {"base_span": [396, 401], "annotations": [{"nertag": "O"}]}, {"base_span": [402, 407], "annotations": [{"nertag": "O"}]}, {"base_span": [408, 413], "annotations": [{"nertag": "O"}]}, {"base_span": [414, 420], "annotations": [{"nertag": "O"}]}, {"base_span": [421, 423], "annotations": [{"nertag": "O"}]}, {"base_span": [424, 426], "annotations": [{"nertag": "O"}]}, {"base_span": [427, 433], "annotations": [{"nertag": "O"}]}, {"base_span": [434, 443], "annotations": [{"nertag": "B-PER"}]}, {"base_span": [444, 451], "annotations": [{"nertag": "O"}]}, {"base_span": [452, 457], "annotations": [{"nertag": "O"}]}, {"base_span": [458, 463], "annotations": [{"nertag": "O"}]}, {"base_span": [464, 466], "annotations": [{"nertag": "O"}]}, {"base_span": [467, 471], "annotations": [{"nertag": "O"}]}, {"base_span": [472, 478], "annotations": [{"nertag": "O"}]}, {"base_span": [479, 483], "annotations": [{"nertag": "O"}]}, {"base_span": [484, 491], "annotations": [{"nertag": "O"}]}, {"base_span": [491, 492], "annotations": [{"nertag": "O"}]}, {"base_span": [493, 502], "annotations": [{"nertag": "B-PER"}]}, {"base_span": [503, 512], "annotations": [{"nertag": "I-PER"}]}, {"base_span": [513, 518], "annotations": [{"nertag": "O"}]}, {"base_span": [519, 522], "annotations": [{"nertag": "O"}]}, {"base_span": [523, 529], "annotations": [{"nertag": "O"}]}, {"base_span": [530, 534], "annotations": [{"nertag": "O"}]}, {"base_span": [535, 541], "annotations": [{"nertag": "O"}]}, {"base_span": [542, 546], "annotations": [{"nertag": "O"}]}, {"base_span": [547, 552], "annotations": [{"nertag": "O"}]}, {"base_span": [553, 557], "annotations": [{"nertag": "O"}]}, {"base_span": [557, 558], "annotations": [{"nertag": "O"}]}, {"base_span": [559, 562], "annotations": [{"nertag": "B-PER"}]}, {"base_span": [563, 569], "annotations": [{"nertag": "I-PER"}]}, {"base_span": [570, 575], "annotations": [{"nertag": "O"}]}, {"base_span": [575, 576], "annotations": [{"nertag": "O"}]}, {"base_span": [577, 582], "annotations": [{"nertag": "O"}]}, {"base_span": [583, 588], "annotations": [{"nertag": "O"}]}, {"base_span": [589, 594], "annotations": [{"nertag": "O"}]}, {"base_span": [595, 599], "annotations": [{"nertag": "O"}]}, {"base_span": [599, 600], "annotations": [{"nertag": "O"}]}, {"base_span": [601, 607], "annotations": [{"nertag": "O"}]}, {"base_span": [608, 614], "annotations": [{"nertag": "O"}]}, {"base_span": [614, 615], "annotations": [{"nertag": "O"}]}, {"base_span": [616, 624], "annotations": [{"nertag": "O"}]}, {"base_span": [625, 629], "annotations": [{"nertag": "B-PER"}]}, {"base_span": [630, 638], "annotations": [{"nertag": "I-PER"}]}, {"base_span": [639, 641], "annotations": [{"nertag": "O"}]}, {"base_span": [642, 646], "annotations": [{"nertag": "O"}]}, {"base_span": [647, 654], "annotations": [{"nertag": "O"}]}, {"base_span": [655, 659], "annotations": [{"nertag": "O"}]}, {"base_span": [660, 665], "annotations": [{"nertag": "O"}]}, {"base_span": [666, 669], "annotations": [{"nertag": "O"}]}, {"base_span": [670, 672], "annotations": [{"nertag": "O"}]}, {"base_span": [673, 679], "annotations": [{"nertag": "O"}]}, {"base_span": [680, 682], "annotations": [{"nertag": "O"}]}, {"base_span": [683, 693], "annotations": [{"nertag": "O"}]}, {"base_span": [694, 702], "annotations": [{"nertag": "O"}]}, {"base_span": [704, 712], "annotations": [{"nertag": "O"}]}, {"base_span": [713, 715], "annotations": [{"nertag": "O"}]}, {"base_span": [716, 720], "annotations": [{"nertag": "B-PER"}]}, {"base_span": [721, 723], "annotations": [{"nertag": "O"}]}, {"base_span": [724, 729], "annotations": [{"nertag": "O"}]}, {"base_span": [730, 737], "annotations": [{"nertag": "O"}]}, {"base_span": [738, 744], "annotations": [{"nertag": "O"}]}, {"base_span": [745, 748], "annotations": [{"nertag": "O"}]}, {"base_span": [749, 753], "annotations": [{"nertag": "O"}]}, {"base_span": [754, 764], "annotations": [{"nertag": "O"}]}, {"base_span": [765, 767], "annotations": [{"nertag": "O"}]}, {"base_span": [767, 768], "annotations": [{"nertag": "O"}]}, {"base_span": [769, 772], "annotations": [{"nertag": "O"}]}, {"base_span": [773, 779], "annotations": [{"nertag": "O"}]}, {"base_span": [780, 782], "annotations": [{"nertag": "O"}]}, {"base_span": [783, 787], "annotations": [{"nertag": "O"}]}, {"base_span": [787, 788], "annotations": [{"nertag": "O"}]}, {"base_span": [789, 791], "annotations": [{"nertag": "O"}]}, {"base_span": [792, 794], "annotations": [{"nertag": "O"}]}, {"base_span": [795, 800], "annotations": [{"nertag": "O"}]}, {"base_span": [801, 805], "annotations": [{"nertag": "O"}]}, {"base_span": [806, 812], "annotations": [{"nertag": "O"}]}, {"base_span": [812, 813], "annotations": [{"nertag": "O"}]}, {"base_span": [814, 816], "annotations": [{"nertag": "O"}]}, {"base_span": [817, 823], "annotations": [{"nertag": "O"}]}, {"base_span": [824, 831], "annotations": [{"nertag": "O"}]}, {"base_span": [832, 838], "annotations": [{"nertag": "O"}]}, {"base_span": [839, 844], "annotations": [{"nertag": "O"}]}, {"base_span": [845, 850], "annotations": [{"nertag": "O"}]}, {"base_span": [851, 861], "annotations": [{"nertag": "O"}]}, {"base_span": [862, 872], "annotations": [{"nertag": "O"}]}, {"base_span": [873, 877], "annotations": [{"nertag": "O"}]}, {"base_span": [878, 879], "annotations": [{"nertag": "O"}]}, {"base_span": [879, 881], "annotations": [{"nertag": "O"}]}, {"base_span": [882, 891], "annotations": [{"nertag": "O"}]}, {"base_span": [892, 897], "annotations": [{"nertag": "O"}]}, {"base_span": [898, 907], "annotations": [{"nertag": "O"}]}, {"base_span": [908, 913], "annotations": [{"nertag": "O"}]}, {"base_span": [914, 918], "annotations": [{"nertag": "O"}]}, {"base_span": [918, 919], "annotations": [{"nertag": "O"}]}, {"base_span": [920, 923], "annotations": [{"nertag": "B-PER"}]}, {"base_span": [924, 933], "annotations": [{"nertag": "I-PER"}]}, {"base_span": [934, 936], "annotations": [{"nertag": "O"}]}, {"base_span": [937, 940], "annotations": [{"nertag": "O"}]}, {"base_span": [941, 946], "annotations": [{"nertag": "O"}]}, {"base_span": [947, 953], "annotations": [{"nertag": "O"}]}, {"base_span": [954, 955], "annotations": [{"nertag": "O"}]}, {"base_span": [955, 959], "annotations": [{"nertag": "O"}]}, {"base_span": [960, 967], "annotations": [{"nertag": "O"}]}, {"base_span": [967, 968], "annotations": [{"nertag": "O"}]}, {"base_span": [969, 976], "annotations": [{"nertag": "B-PER"}]}, {"base_span": [977, 987], "annotations": [{"nertag": "I-PER"}]}, {"base_span": [988, 992], "annotations": [{"nertag": "O"}]}, {"base_span": [993, 995], "annotations": [{"nertag": "O"}]}, {"base_span": [996, 999], "annotations": [{"nertag": "O"}]}, {"base_span": [1000, 1009], "annotations": [{"nertag": "O"}]}, {"base_span": [1009, 1010], "annotations": [{"nertag": "O"}]}, {"base_span": [1011, 1013], "annotations": [{"nertag": "O"}]}, {"base_span": [1014, 1019], "annotations": [{"nertag": "O"}]}, {"base_span": [1020, 1022], "annotations": [{"nertag": "O"}]}, {"base_span": [1023, 1031], "annotations": [{"nertag": "O"}]}, {"base_span": [1032, 1037], "annotations": [{"nertag": "O"}]}, {"base_span": [1038, 1040], "annotations": [{"nertag": "O"}]}, {"base_span": [1041, 1049], "annotations": [{"nertag": "O"}]}, {"base_span": [1050, 1056], "annotations": [{"nertag": "O"}]}, {"base_span": [1056, 1057], "annotations": [{"nertag": "O"}]}, {"base_span": [1058, 1060], "annotations": [{"nertag": "O"}]}, {"base_span": [1061, 1064], "annotations": [{"nertag": "B-PER"}]}, {"base_span": [1065, 1074], "annotations": [{"nertag": "I-PER"}]}, {"base_span": [1075, 1077], "annotations": [{"nertag": "O"}]}, {"base_span": [1078, 1081], "annotations": [{"nertag": "O"}]}, {"base_span": [1082, 1088], "annotations": [{"nertag": "O"}]}, {"base_span": [1088, 1089], "annotations": [{"nertag": "O"}]}, {"base_span": [1090, 1092], "annotations": [{"nertag": "O"}]}, {"base_span": [1093, 1098], "annotations": [{"nertag": "O"}]}, {"base_span": [1099, 1106], "annotations": [{"nertag": "O"}]}, {"base_span": [1107, 1112], "annotations": [{"nertag": "O"}]}, {"base_span": [1113, 1123], "annotations": [{"nertag": "O"}]}, {"base_span": [1124, 1129], "annotations": [{"nertag": "O"}]}, {"base_span": [1131, 1136], "annotations": [{"nertag": "O"}]}, {"base_span": [1136, 1137], "annotations": [{"nertag": "O"}]}, {"base_span": [1139, 1143], "annotations": [{"nertag": "O"}]}, {"base_span": [1144, 1154], "annotations": [{"nertag": "O"}]}, {"base_span": [1155, 1157], "annotations": [{"nertag": "O"}]}, {"base_span": [1158, 1160], "annotations": [{"nertag": "O"}]}, {"base_span": [1161, 1169], "annotations": [{"nertag": "O"}]}, {"base_span": [1169, 1170], "annotations": [{"nertag": "O"}]}, {"base_span": [1172, 1175], "annotations": [{"nertag": "O"}]}, {"base_span": [1176, 1178], "annotations": [{"nertag": "O"}]}, {"base_span": [1179, 1187], "annotations": [{"nertag": "B-LOC_ORG"}]}, {"base_span": [1188, 1193], "annotations": [{"nertag": "I-LOC_ORG"}]}, {"base_span": [1194, 1201], "annotations": [{"nertag": "O"}]}, {"base_span": [1202, 1208], "annotations": [{"nertag": "B-PER"}]}, {"base_span": [1209, 1219], "annotations": [{"nertag": "I-PER"}]}, {"base_span": [1219, 1220], "annotations": [{"nertag": "O"}]}, {"base_span": [1221, 1223], "annotations": [{"nertag": "O"}]}, {"base_span": [1224, 1230], "annotations": [{"nertag": "O"}]}, {"base_span": [1231, 1237], "annotations": [{"nertag": "O"}]}, {"base_span": [1238, 1244], "annotations": [{"nertag": "B-PER"}]}, {"base_span": [1245, 1256], "annotations": [{"nertag": "I-PER"}]}, {"base_span": [1257, 1262], "annotations": [{"nertag": "O"}]}, {"base_span": [1262, 1263], "annotations": [{"nertag": "O"}]}, {"base_span": [1264, 1267], "annotations": [{"nertag": "O"}]}, {"base_span": [1268, 1270], "annotations": [{"nertag": "O"}]}, {"base_span": [1271, 1276], "annotations": [{"nertag": "O"}]}, {"base_span": [1277, 1281], "annotations": [{"nertag": "O"}]}, {"base_span": [1284, 1290], "annotations": [{"nertag": "O"}]}, {"base_span": [1291, 1301], "annotations": [{"nertag": "O"}]}, {"base_span": [1302, 1310], "annotations": [{"nertag": "O"}]}, {"base_span": [1311, 1322], "annotations": [{"nertag": "O"}]}, {"base_span": [1322, 1323], "annotations": [{"nertag": "O"}]}, {"base_span": [1324, 1326], "annotations": [{"nertag": "O"}]}, {"base_span": [1327, 1332], "annotations": [{"nertag": "O"}]}, {"base_span": [1333, 1338], "annotations": [{"nertag": "O"}]}, {"base_span": [1338, 1339], "annotations": [{"nertag": "O"}]}, {"base_span": [1340, 1345], "annotations": [{"nertag": "O"}]}, {"base_span": [1346, 1351], "annotations": [{"nertag": "O"}]}, {"base_span": [1352, 1359], "annotations": [{"nertag": "O"}]}, {"base_span": [1360, 1369], "annotations": [{"nertag": "O"}]}, {"base_span": [1370, 1376], "annotations": [{"nertag": "O"}]}, {"base_span": [1377, 1388], "annotations": [{"nertag": "O"}]}, {"base_span": [1388, 1389], "annotations": [{"nertag": "O"}]}, {"base_span": [1390, 1392], "annotations": [{"nertag": "O"}]}, {"base_span": [1393, 1399], "annotations": [{"nertag": "O"}]}, {"base_span": [1400, 1406], "annotations": [{"nertag": "O"}]}, {"base_span": [1407, 1412], "annotations": [{"nertag": "O"}]}, {"base_span": [1413, 1418], "annotations": [{"nertag": "O"}]}, {"base_span": [1418, 1419], "annotations": [{"nertag": "O"}]}, {"base_span": [1420, 1423], "annotations": [{"nertag": "O"}]}, {"base_span": [1424, 1426], "annotations": [{"nertag": "O"}]}, {"base_span": [1427, 1434], "annotations": [{"nertag": "O"}]}, {"base_span": [1435, 1441], "annotations": [{"nertag": "O"}]}, {"base_span": [1442, 1449], "annotations": [{"nertag": "O"}]}, {"base_span": [1450, 1452], "annotations": [{"nertag": "O"}]}, {"base_span": [1453, 1459], "annotations": [{"nertag": "B-PER"}]}, {"base_span": [1460, 1469], "annotations": [{"nertag": "I-PER"}]}, {"base_span": [1470, 1475], "annotations": [{"nertag": "O"}]}, {"base_span": [1475, 1476], "annotations": [{"nertag": "O"}]}, {"base_span": [1477, 1479], "annotations": [{"nertag": "O"}]}, {"base_span": [1480, 1486], "annotations": [{"nertag": "O"}]}, {"base_span": [1487, 1491], "annotations": [{"nertag": "O"}]}, {"base_span": [1492, 1497], "annotations": [{"nertag": "O"}]}, {"base_span": [1498, 1507], "annotations": [{"nertag": "O"}]}, {"base_span": [1508, 1512], "annotations": [{"nertag": "O"}]}, {"base_span": [1512, 1513], "annotations": [{"nertag": "O"}]}, {"base_span": [1514, 1516], "annotations": [{"nertag": "O"}]}, {"base_span": [1517, 1523], "annotations": [{"nertag": "O"}]}, {"base_span": [1524, 1531], "annotations": [{"nertag": "O"}]}, {"base_span": [1532, 1539], "annotations": [{"nertag": "O"}]}, {"base_span": [1540, 1542], "annotations": [{"nertag": "O"}]}, {"base_span": [1543, 1546], "annotations": [{"nertag": "O"}]}, {"base_span": [1546, 1547], "annotations": [{"nertag": "O"}]}, {"base_span": [1548, 1550], "annotations": [{"nertag": "O"}]}, {"base_span": [1551, 1554], "annotations": [{"nertag": "O"}]}, {"base_span": [1555, 1561], "annotations": [{"nertag": "O"}]}, {"base_span": [1562, 1567], "annotations": [{"nertag": "O"}]}, {"base_span": [1568, 1576], "annotations": [{"nertag": "O"}]}, {"base_span": [1576, 1577], "annotations": [{"nertag": "O"}]}, {"base_span": [1578, 1580], "annotations": [{"nertag": "O"}]}, {"base_span": [1581, 1587], "annotations": [{"nertag": "O"}]}, {"base_span": [1588, 1597], "annotations": [{"nertag": "O"}]}, {"base_span": [1598, 1602], "annotations": [{"nertag": "O"}]}, {"base_span": [1603, 1608], "annotations": [{"nertag": "O"}]}, {"base_span": [1609, 1615], "annotations": [{"nertag": "O"}]}, {"base_span": [1615, 1616], "annotations": [{"nertag": "O"}]}, {"base_span": [1617, 1619], "annotations": [{"nertag": "O"}]}, {"base_span": [1620, 1622], "annotations": [{"nertag": "O"}]}, {"base_span": [1623, 1625], "annotations": [{"nertag": "O"}]}, {"base_span": [1625, 1626], "annotations": [{"nertag": "O"}]}, {"base_span": [1626, 1629], "annotations": [{"nertag": "O"}]}, {"base_span": [1630, 1638], "annotations": [{"nertag": "O"}]}, {"base_span": [1638, 1639], "annotations": [{"nertag": "O"}]}, {"base_span": [1641, 1647], "annotations": [{"nertag": "O"}]}, {"base_span": [1648, 1654], "annotations": [{"nertag": "O"}]}, {"base_span": [1655, 1660], "annotations": [{"nertag": "O"}]}, {"base_span": [1661, 1669], "annotations": [{"nertag": "O"}]}, {"base_span": [1670, 1675], "annotations": [{"nertag": "B-PER"}]}, {"base_span": [1676, 1683], "annotations": [{"nertag": "I-PER"}]}, {"base_span": [1684, 1688], "annotations": [{"nertag": "O"}]}, {"base_span": [1689, 1691], "annotations": [{"nertag": "O"}]}, {"base_span": [1692, 1697], "annotations": [{"nertag": "O"}]}, {"base_span": [1698, 1703], "annotations": [{"nertag": "O"}]}, {"base_span": [1704, 1709], "annotations": [{"nertag": "O"}]}, {"base_span": [1709, 1710], "annotations": [{"nertag": "O"}]}, {"base_span": [1711, 1714], "annotations": [{"nertag": "O"}]}, {"base_span": [1715, 1717], "annotations": [{"nertag": "O"}]}, {"base_span": [1718, 1723], "annotations": [{"nertag": "O"}]}, {"base_span": [1724, 1725], "annotations": [{"nertag": "O"}]}, {"base_span": [1726, 1734], "annotations": [{"nertag": "O"}]}, {"base_span": [1735, 1743], "annotations": [{"nertag": "O"}]}, {"base_span": [1744, 1755], "annotations": [{"nertag": "O"}]}, {"base_span": [1755, 1756], "annotations": [{"nertag": "O"}]}, {"base_span": [1757, 1759], "annotations": [{"nertag": "O"}]}, {"base_span": [1760, 1765], "annotations": [{"nertag": "B-PER"}]}, {"base_span": [1766, 1772], "annotations": [{"nertag": "I-PER"}]}, {"base_span": [1773, 1782], "annotations": [{"nertag": "O"}]}, {"base_span": [1783, 1785], "annotations": [{"nertag": "O"}]}, {"base_span": [1786, 1791], "annotations": [{"nertag": "O"}]}, {"base_span": [1792, 1794], "annotations": [{"nertag": "O"}]}, {"base_span": [1795, 1799], "annotations": [{"nertag": "O"}]}, {"base_span": [1800, 1804], "annotations": [{"nertag": "O"}]}, {"base_span": [1805, 1808], "annotations": [{"nertag": "O"}]}, {"base_span": [1809, 1816], "annotations": [{"nertag": "O"}]}, {"base_span": [1817, 1822], "annotations": [{"nertag": "O"}]}, {"base_span": [1822, 1823], "annotations": [{"nertag": "O"}]}, {"base_span": [1824, 1826], "annotations": [{"nertag": "O"}]}, {"base_span": [1827, 1833], "annotations": [{"nertag": "O"}]}, {"base_span": [1834, 1839], "annotations": [{"nertag": "O"}]}, {"base_span": [1840, 1843], "annotations": [{"nertag": "O"}]}, {"base_span": [1844, 1846], "annotations": [{"nertag": "O"}]}, {"base_span": [1847, 1851], "annotations": [{"nertag": "O"}]}, {"base_span": [1852, 1857], "annotations": [{"nertag": "O"}]}, {"base_span": [1858, 1864], "annotations": [{"nertag": "O"}]}, {"base_span": [1865, 1868], "annotations": [{"nertag": "O"}]}, {"base_span": [1869, 1874], "annotations": [{"nertag": "O"}]}, {"base_span": [1875, 1879], "annotations": [{"nertag": "O"}]}, {"base_span": [1880, 1882], "annotations": [{"nertag": "O"}]}, {"base_span": [1883, 1888], "annotations": [{"nertag": "O"}]}, {"base_span": [1888, 1889], "annotations": [{"nertag": "O"}]}, {"base_span": [1890, 1892], "annotations": [{"nertag": "O"}]}, {"base_span": [1893, 1896], "annotations": [{"nertag": "B-PER"}]}, {"base_span": [1897, 1903], "annotations": [{"nertag": "I-PER"}]}, {"base_span": [1904, 1913], "annotations": [{"nertag": "O"}]}, {"base_span": [1914, 1916], "annotations": [{"nertag": "O"}]}, {"base_span": [1917, 1919], "annotations": [{"nertag": "O"}]}, {"base_span": [1920, 1924], "annotations": [{"nertag": "O"}]}, {"base_span": [1925, 1932], "annotations": [{"nertag": "O"}]}, {"base_span": [1933, 1938], "annotations": [{"nertag": "O"}]}, {"base_span": [1938, 1939], "annotations": [{"nertag": "O"}]}, {"base_span": [1940, 1944], "annotations": [{"nertag": "O"}]}, {"base_span": [1945, 1951], "annotations": [{"nertag": "O"}]}, {"base_span": [1952, 1959], "annotations": [{"nertag": "O"}]}, {"base_span": [1960, 1965], "annotations": [{"nertag": "B-PER"}]}, {"base_span": [1966, 1975], "annotations": [{"nertag": "I-PER"}]}, {"base_span": [1976, 1978], "annotations": [{"nertag": "O"}]}, {"base_span": [1979, 1982], "annotations": [{"nertag": "O"}]}, {"base_span": [1983, 1989], "annotations": [{"nertag": "O"}]}, {"base_span": [1990, 1995], "annotations": [{"nertag": "O"}]}, {"base_span": [1996, 2004], "annotations": [{"nertag": "O"}]}, {"base_span": [2004, 2005], "annotations": [{"nertag": "O"}]}, {"base_span": [2006, 2012], "annotations": [{"nertag": "O"}]}, {"base_span": [2013, 2022], "annotations": [{"nertag": "O"}]}, {"base_span": [2023, 2028], "annotations": [{"nertag": "O"}]}, {"base_span": [2029, 2034], "annotations": [{"nertag": "O"}]}, {"base_span": [2035, 2041], "annotations": [{"nertag": "O"}]}, {"base_span": [2041, 2042], "annotations": [{"nertag": "O"}]}, {"base_span": [2044, 2047], "annotations": [{"nertag": "O"}]}, {"base_span": [2048, 2054], "annotations": [{"nertag": "B-PER"}]}, {"base_span": [2055, 2059], "annotations": [{"nertag": "I-PER"}]}, {"base_span": [2060, 2063], "annotations": [{"nertag": "O"}]}, {"base_span": [2064, 2069], "annotations": [{"nertag": "O"}]}, {"base_span": [2070, 2075], "annotations": [{"nertag": "B-PER"}]}, {"base_span": [2076, 2081], "annotations": [{"nertag": "I-PER"}]}, {"base_span": [2082, 2085], "annotations": [{"nertag": "O"}]}, {"base_span": [2086, 2091], "annotations": [{"nertag": "B-PER"}]}, {"base_span": [2092, 2098], "annotations": [{"nertag": "I-PER"}]}, {"base_span": [2099, 2102], "annotations": [{"nertag": "O"}]}]}]}