{"text": "\nKohto korrapärrast ollid Trigi walla kohto maiasse kokko tulnud kohto wannem Mihkel Kauman, käemees Pridik Woldrat ja Jürri Warmann kirjutaia Mik Lewet.\n\nKohto ette sai kutsutud Trigi mees Hans Otsman, Habbaja walla kohto kaebdusse peale, sest Hans Otsmann piddi Habbaja kohto moistusse järrel Habbaja mehe Mairt Einbergile maksma 50 kopik omma rio pärrast mis neil linna tee peal on juhtund, agga Hans ei olle sedda mitte ärra maksnud kolmel kohto päwal, Trigi kohos moistis et Hans maksab 50 kopik weel trahwi jure ja 50 kopik Trigi walla laeka et Trigi kohto wannem olli Hansule kaks käsko annud sedda rahha ärra maksa Habbaja kohtusse agga Hans ei maksnud.\n\n\n", "meta": {"origin_directory": "vallakohus_kolmas/"}, "layers": [{"name": "gold_ner", "attributes": ["nertag"], "parent": null, "enveloping": null, "ambiguous": false, "serialisation_module": null, "meta": {}, "spans": [{"base_span": [26, 51], "annotations": [{"nertag": "LOC"}]}, {"base_span": [78, 91], "annotations": [{"nertag": "PER"}]}, {"base_span": [101, 115], "annotations": [{"nertag": "PER"}]}, {"base_span": [119, 132], "annotations": [{"nertag": "PER"}]}, {"base_span": [143, 152], "annotations": [{"nertag": "PER"}]}, {"base_span": [179, 184], "annotations": [{"nertag": "LOC_ORG"}]}, {"base_span": [190, 201], "annotations": [{"nertag": "PER"}]}, {"base_span": [203, 222], "annotations": [{"nertag": "ORG"}]}, {"base_span": [245, 257], "annotations": [{"nertag": "PER"}]}, {"base_span": [264, 277], "annotations": [{"nertag": "ORG"}]}, {"base_span": [295, 302], "annotations": [{"nertag": "LOC"}]}, {"base_span": [308, 324], "annotations": [{"nertag": "PER"}]}, {"base_span": [399, 403], "annotations": [{"nertag": "PER"}]}, {"base_span": [457, 468], "annotations": [{"nertag": "ORG"}]}, {"base_span": [480, 484], "annotations": [{"nertag": "PER"}]}, {"base_span": [530, 535], "annotations": [{"nertag": "LOC_ORG"}]}, {"base_span": [551, 556], "annotations": [{"nertag": "LOC_ORG"}]}, {"base_span": [575, 582], "annotations": [{"nertag": "PER"}]}, {"base_span": [623, 639], "annotations": [{"nertag": "ORG"}]}, {"base_span": [645, 649], "annotations": [{"nertag": "PER"}]}]}, {"name": "gold_wordner", "attributes": ["nertag"], "parent": null, "enveloping": null, "ambiguous": false, "serialisation_module": null, "meta": {}, "spans": [{"base_span": [1, 6], "annotations": [{"nertag": "O"}]}, {"base_span": [7, 19], "annotations": [{"nertag": "O"}]}, {"base_span": [20, 25], "annotations": [{"nertag": "O"}]}, {"base_span": [26, 31], "annotations": [{"nertag": "B-LOC"}]}, {"base_span": [32, 37], "annotations": [{"nertag": "I-LOC"}]}, {"base_span": [38, 43], "annotations": [{"nertag": "I-LOC"}]}, {"base_span": [44, 51], "annotations": [{"nertag": "I-LOC"}]}, {"base_span": [52, 57], "annotations": [{"nertag": "O"}]}, {"base_span": [58, 64], "annotations": [{"nertag": "O"}]}, {"base_span": [65, 70], "annotations": [{"nertag": "O"}]}, {"base_span": [71, 77], "annotations": [{"nertag": "O"}]}, {"base_span": [78, 84], "annotations": [{"nertag": "B-PER"}]}, {"base_span": [85, 91], "annotations": [{"nertag": "I-PER"}]}, {"base_span": [91, 92], "annotations": [{"nertag": "O"}]}, {"base_span": [93, 100], "annotations": [{"nertag": "O"}]}, {"base_span": [101, 107], "annotations": [{"nertag": "B-PER"}]}, {"base_span": [108, 115], "annotations": [{"nertag": "I-PER"}]}, {"base_span": [116, 118], "annotations": [{"nertag": "O"}]}, {"base_span": [119, 124], "annotations": [{"nertag": "B-PER"}]}, {"base_span": [125, 132], "annotations": [{"nertag": "I-PER"}]}, {"base_span": [133, 142], "annotations": [{"nertag": "O"}]}, {"base_span": [143, 146], "annotations": [{"nertag": "B-PER"}]}, {"base_span": [147, 152], "annotations": [{"nertag": "I-PER"}]}, {"base_span": [152, 153], "annotations": [{"nertag": "O"}]}, {"base_span": [155, 160], "annotations": [{"nertag": "O"}]}, {"base_span": [161, 165], "annotations": [{"nertag": "O"}]}, {"base_span": [166, 169], "annotations": [{"nertag": "O"}]}, {"base_span": [170, 178], "annotations": [{"nertag": "O"}]}, {"base_span": [179, 184], "annotations": [{"nertag": "B-LOC_ORG"}]}, {"base_span": [185, 189], "annotations": [{"nertag": "O"}]}, {"base_span": [190, 194], "annotations": [{"nertag": "B-PER"}]}, {"base_span": [195, 201], "annotations": [{"nertag": "I-PER"}]}, {"base_span": [201, 202], "annotations": [{"nertag": "O"}]}, {"base_span": [203, 210], "annotations": [{"nertag": "B-ORG"}]}, {"base_span": [211, 216], "annotations": [{"nertag": "I-ORG"}]}, {"base_span": [217, 222], "annotations": [{"nertag": "I-ORG"}]}, {"base_span": [223, 232], "annotations": [{"nertag": "O"}]}, {"base_span": [233, 238], "annotations": [{"nertag": "O"}]}, {"base_span": [238, 239], "annotations": [{"nertag": "O"}]}, {"base_span": [240, 244], "annotations": [{"nertag": "O"}]}, {"base_span": [245, 249], "annotations": [{"nertag": "B-PER"}]}, {"base_span": [250, 257], "annotations": [{"nertag": "I-PER"}]}, {"base_span": [258, 263], "annotations": [{"nertag": "O"}]}, {"base_span": [264, 271], "annotations": [{"nertag": "B-ORG"}]}, {"base_span": [272, 277], "annotations": [{"nertag": "I-ORG"}]}, {"base_span": [278, 287], "annotations": [{"nertag": "O"}]}, {"base_span": [288, 294], "annotations": [{"nertag": "O"}]}, {"base_span": [295, 302], "annotations": [{"nertag": "B-LOC"}]}, {"base_span": [303, 307], "annotations": [{"nertag": "O"}]}, {"base_span": [308, 313], "annotations": [{"nertag": "B-PER"}]}, {"base_span": [314, 324], "annotations": [{"nertag": "I-PER"}]}, {"base_span": [325, 331], "annotations": [{"nertag": "O"}]}, {"base_span": [332, 334], "annotations": [{"nertag": "O"}]}, {"base_span": [335, 340], "annotations": [{"nertag": "O"}]}, {"base_span": [341, 345], "annotations": [{"nertag": "O"}]}, {"base_span": [346, 349], "annotations": [{"nertag": "O"}]}, {"base_span": [350, 357], "annotations": [{"nertag": "O"}]}, {"base_span": [358, 361], "annotations": [{"nertag": "O"}]}, {"base_span": [362, 366], "annotations": [{"nertag": "O"}]}, {"base_span": [367, 372], "annotations": [{"nertag": "O"}]}, {"base_span": [373, 376], "annotations": [{"nertag": "O"}]}, {"base_span": [377, 381], "annotations": [{"nertag": "O"}]}, {"base_span": [382, 384], "annotations": [{"nertag": "O"}]}, {"base_span": [385, 392], "annotations": [{"nertag": "O"}]}, {"base_span": [392, 393], "annotations": [{"nertag": "O"}]}, {"base_span": [394, 398], "annotations": [{"nertag": "O"}]}, {"base_span": [399, 403], "annotations": [{"nertag": "B-PER"}]}, {"base_span": [404, 406], "annotations": [{"nertag": "O"}]}, {"base_span": [407, 411], "annotations": [{"nertag": "O"}]}, {"base_span": [412, 417], "annotations": [{"nertag": "O"}]}, {"base_span": [418, 423], "annotations": [{"nertag": "O"}]}, {"base_span": [424, 428], "annotations": [{"nertag": "O"}]}, {"base_span": [429, 436], "annotations": [{"nertag": "O"}]}, {"base_span": [437, 443], "annotations": [{"nertag": "O"}]}, {"base_span": [444, 449], "annotations": [{"nertag": "O"}]}, {"base_span": [450, 455], "annotations": [{"nertag": "O"}]}, {"base_span": [455, 456], "annotations": [{"nertag": "O"}]}, {"base_span": [457, 462], "annotations": [{"nertag": "B-ORG"}]}, {"base_span": [463, 468], "annotations": [{"nertag": "I-ORG"}]}, {"base_span": [469, 476], "annotations": [{"nertag": "O"}]}, {"base_span": [477, 479], "annotations": [{"nertag": "O"}]}, {"base_span": [480, 484], "annotations": [{"nertag": "B-PER"}]}, {"base_span": [485, 491], "annotations": [{"nertag": "O"}]}, {"base_span": [492, 494], "annotations": [{"nertag": "O"}]}, {"base_span": [495, 500], "annotations": [{"nertag": "O"}]}, {"base_span": [501, 505], "annotations": [{"nertag": "O"}]}, {"base_span": [506, 512], "annotations": [{"nertag": "O"}]}, {"base_span": [513, 517], "annotations": [{"nertag": "O"}]}, {"base_span": [518, 520], "annotations": [{"nertag": "O"}]}, {"base_span": [521, 523], "annotations": [{"nertag": "O"}]}, {"base_span": [524, 529], "annotations": [{"nertag": "O"}]}, {"base_span": [530, 535], "annotations": [{"nertag": "B-LOC_ORG"}]}, {"base_span": [536, 541], "annotations": [{"nertag": "O"}]}, {"base_span": [542, 547], "annotations": [{"nertag": "O"}]}, {"base_span": [548, 550], "annotations": [{"nertag": "O"}]}, {"base_span": [551, 556], "annotations": [{"nertag": "B-LOC_ORG"}]}, {"base_span": [557, 562], "annotations": [{"nertag": "O"}]}, {"base_span": [563, 569], "annotations": [{"nertag": "O"}]}, {"base_span": [570, 574], "annotations": [{"nertag": "O"}]}, {"base_span": [575, 582], "annotations": [{"nertag": "B-PER"}]}, {"base_span": [583, 587], "annotations": [{"nertag": "O"}]}, {"base_span": [588, 593], "annotations": [{"nertag": "O"}]}, {"base_span": [594, 599], "annotations": [{"nertag": "O"}]}, {"base_span": [600, 605], "annotations": [{"nertag": "O"}]}, {"base_span": [606, 611], "annotations": [{"nertag": "O"}]}, {"base_span": [612, 616], "annotations": [{"nertag": "O"}]}, {"base_span": [617, 622], "annotations": [{"nertag": "O"}]}, {"base_span": [623, 630], "annotations": [{"nertag": "B-ORG"}]}, {"base_span": [631, 639], "annotations": [{"nertag": "I-ORG"}]}, {"base_span": [640, 644], "annotations": [{"nertag": "O"}]}, {"base_span": [645, 649], "annotations": [{"nertag": "B-PER"}]}, {"base_span": [650, 652], "annotations": [{"nertag": "O"}]}, {"base_span": [653, 660], "annotations": [{"nertag": "O"}]}, {"base_span": [660, 661], "annotations": [{"nertag": "O"}]}]}]}