{"text": "\nAstus kohtu ette Karel Kändler. Mina kaeban, minu peremees Peter Barnabas aja mind enne aasta lõppu ära, meil oli aasta kaup. Laupäew 26. Augusti k.p. s.a. tuli ta linnast ja Pühapäew homiku läskin ma palka küsima, mul oli raha tarwis. Tema ütles: \"sa oled lahti tänasest päewast\" palga tera sa ei saa. Mina küüsin, mis pärast? tema ütles, miks sa Laupäew õdaku poiste järel ei waadand. Muud süüd ta põle mulle annud.\n\nPeter Barnabas sai ette kutsutud. Kohus küsis: Mispärast oled sa oma sulase lahti lasknud. Wastus: Laupäew õhta tulin linnast, nägin reialuse wärawad lahti, läsin õue ja küsisin: kes siin tuulab nüid ööse! Watsin selle peale hobuse eest ära ütlesin: ma tahan waadata kes siin on, mis mehed need on, läsin waatama, nad joosid ära ei saand neid kätte, läskin redeli peale waatama ja nägin nad tõmbasid tuld laudile. Karel magas laudi ääre peal, kas tema ei waata selle järele, ma lähen kotto ära, wõiwad sellemoodega ma elu maja ära põletada. Homiku küsisin Karle käest, nägid sa kes need olid? Ei näinud, mina ei kuulnud. Selle peale ütlesin siis oled lahti, kui sina seda ei tea. Tüdruk Marie Harzow magas ka seal laudil ja tunnistas pühapäew homiku et Karel oli ülewal olnud ja tuld tõmbanud. Nädal enne seda oli juba enne laudilt tuld tõmmatud, sis ütlesin kohe Karlele, kui see weel ette juhtub siis oled lahti. Tallitaja abimees Tõnu Raud kuulis ka seda kui tüdruk tunnistas, et Karel teise korra kui Hans Lengi meil korda oli olnud, tuld laudil oli tõmmand.\n\nKarel Kändler sai ette kutsutud ja küsitud, kas sina  tõmbasid Laupäew õhta laudil tuld? ei tõmmand, Kas sina tundsid neid poisse kes tüdruku juures käisid? Ei mina tea, mina põle kedagi näinud mina magasin, kuulsin une läbi peremehe häält õues ja tundsin et üks üle minu jalge läks. Pühapäew homiku küsis ta minu käest, tundsid sa neid poisse? Mina ütlesin ei mina põle kedagi näind! Ta ütles: üks oli wist Roidu Jüri ja teine Reinwald Hans.\n\nTallitaja abimees Tõnu Raud tunnisas et tüdruk pühapäew homiku oli üttelnd: Laupäew õhta Karel kül tuld ei tõmmand, aga üks kord enne tõmbas ta tuld.\n\nEt tüdruk Marie haiguse pärast põle wõinud kohtu ette tulla, selged tunnistust selle üle andma, kas Karel Kändler on laudil esimese korra tuld tõmmand ja teise korra ülewal olnud wõi magan; jäi see asi tulewa kohtu päewaks seletada.\n\nKohtu wanem: Jüri Tinaberg xxx\n\nHans Tollmann xxx\n\nJ. Müilberg xxx\n\nKirjutaja: O. Wender [allkiri]\n\n\n", "meta": {"origin_directory": "vallakohus_neljas/"}, "layers": [{"name": "gold_ner", "attributes": ["nertag"], "parent": null, "enveloping": null, "ambiguous": false, "serialisation_module": null, "meta": {}, "spans": [{"base_span": [18, 31], "annotations": [{"nertag": "PER"}]}, {"base_span": [60, 74], "annotations": [{"nertag": "PER"}]}, {"base_span": [420, 434], "annotations": [{"nertag": "PER"}]}, {"base_span": [834, 839], "annotations": [{"nertag": "PER"}]}, {"base_span": [976, 981], "annotations": [{"nertag": "PER"}]}, {"base_span": [1107, 1119], "annotations": [{"nertag": "PER"}]}, {"base_span": [1173, 1178], "annotations": [{"nertag": "PER"}]}, {"base_span": [1284, 1291], "annotations": [{"nertag": "PER"}]}, {"base_span": [1353, 1362], "annotations": [{"nertag": "PER"}]}, {"base_span": [1403, 1408], "annotations": [{"nertag": "PER"}]}, {"base_span": [1425, 1435], "annotations": [{"nertag": "PER"}]}, {"base_span": [1484, 1497], "annotations": [{"nertag": "PER"}]}, {"base_span": [1892, 1897], "annotations": [{"nertag": "LOC_ORG"}]}, {"base_span": [1898, 1902], "annotations": [{"nertag": "PER"}]}, {"base_span": [1912, 1925], "annotations": [{"nertag": "PER"}]}, {"base_span": [1946, 1955], "annotations": [{"nertag": "PER"}]}, {"base_span": [2017, 2022], "annotations": [{"nertag": "PER"}]}, {"base_span": [2089, 2094], "annotations": [{"nertag": "PER"}]}, {"base_span": [2179, 2192], "annotations": [{"nertag": "PER"}]}, {"base_span": [2326, 2339], "annotations": [{"nertag": "PER"}]}, {"base_span": [2345, 2358], "annotations": [{"nertag": "PER"}]}, {"base_span": [2364, 2375], "annotations": [{"nertag": "PER"}]}, {"base_span": [2392, 2401], "annotations": [{"nertag": "PER"}]}]}, {"name": "gold_wordner", "attributes": ["nertag"], "parent": null, "enveloping": null, "ambiguous": false, "serialisation_module": null, "meta": {}, "spans": [{"base_span": [1, 6], "annotations": [{"nertag": "O"}]}, {"base_span": [7, 12], "annotations": [{"nertag": "O"}]}, {"base_span": [13, 17], "annotations": [{"nertag": "O"}]}, {"base_span": [18, 23], "annotations": [{"nertag": "B-PER"}]}, {"base_span": [24, 31], "annotations": [{"nertag": "I-PER"}]}, {"base_span": [31, 32], "annotations": [{"nertag": "O"}]}, {"base_span": [33, 37], "annotations": [{"nertag": "O"}]}, {"base_span": [38, 44], "annotations": [{"nertag": "O"}]}, {"base_span": [44, 45], "annotations": [{"nertag": "O"}]}, {"base_span": [46, 50], "annotations": [{"nertag": "O"}]}, {"base_span": [51, 59], "annotations": [{"nertag": "O"}]}, {"base_span": [60, 65], "annotations": [{"nertag": "B-PER"}]}, {"base_span": [66, 74], "annotations": [{"nertag": "I-PER"}]}, {"base_span": [75, 78], "annotations": [{"nertag": "O"}]}, {"base_span": [79, 83], "annotations": [{"nertag": "O"}]}, {"base_span": [84, 88], "annotations": [{"nertag": "O"}]}, {"base_span": [89, 94], "annotations": [{"nertag": "O"}]}, {"base_span": [95, 100], "annotations": [{"nertag": "O"}]}, {"base_span": [101, 104], "annotations": [{"nertag": "O"}]}, {"base_span": [104, 105], "annotations": [{"nertag": "O"}]}, {"base_span": [106, 110], "annotations": [{"nertag": "O"}]}, {"base_span": [111, 114], "annotations": [{"nertag": "O"}]}, {"base_span": [115, 120], "annotations": [{"nertag": "O"}]}, {"base_span": [121, 125], "annotations": [{"nertag": "O"}]}, {"base_span": [125, 126], "annotations": [{"nertag": "O"}]}, {"base_span": [127, 134], "annotations": [{"nertag": "O"}]}, {"base_span": [135, 138], "annotations": [{"nertag": "O"}]}, {"base_span": [139, 146], "annotations": [{"nertag": "O"}]}, {"base_span": [147, 148], "annotations": [{"nertag": "O"}]}, {"base_span": [148, 149], "annotations": [{"nertag": "O"}]}, {"base_span": [149, 150], "annotations": [{"nertag": "O"}]}, {"base_span": [150, 151], "annotations": [{"nertag": "O"}]}, {"base_span": [152, 153], "annotations": [{"nertag": "O"}]}, {"base_span": [153, 154], "annotations": [{"nertag": "O"}]}, {"base_span": [154, 155], "annotations": [{"nertag": "O"}]}, {"base_span": [155, 156], "annotations": [{"nertag": "O"}]}, {"base_span": [157, 161], "annotations": [{"nertag": "O"}]}, {"base_span": [162, 164], "annotations": [{"nertag": "O"}]}, {"base_span": [165, 172], "annotations": [{"nertag": "O"}]}, {"base_span": [173, 175], "annotations": [{"nertag": "O"}]}, {"base_span": [176, 184], "annotations": [{"nertag": "O"}]}, {"base_span": [185, 191], "annotations": [{"nertag": "O"}]}, {"base_span": [192, 198], "annotations": [{"nertag": "O"}]}, {"base_span": [199, 201], "annotations": [{"nertag": "O"}]}, {"base_span": [202, 207], "annotations": [{"nertag": "O"}]}, {"base_span": [208, 214], "annotations": [{"nertag": "O"}]}, {"base_span": [214, 215], "annotations": [{"nertag": "O"}]}, {"base_span": [216, 219], "annotations": [{"nertag": "O"}]}, {"base_span": [220, 223], "annotations": [{"nertag": "O"}]}, {"base_span": [224, 228], "annotations": [{"nertag": "O"}]}, {"base_span": [229, 235], "annotations": [{"nertag": "O"}]}, {"base_span": [235, 236], "annotations": [{"nertag": "O"}]}, {"base_span": [237, 241], "annotations": [{"nertag": "O"}]}, {"base_span": [242, 247], "annotations": [{"nertag": "O"}]}, {"base_span": [247, 248], "annotations": [{"nertag": "O"}]}, {"base_span": [249, 250], "annotations": [{"nertag": "O"}]}, {"base_span": [250, 252], "annotations": [{"nertag": "O"}]}, {"base_span": [253, 257], "annotations": [{"nertag": "O"}]}, {"base_span": [258, 263], "annotations": [{"nertag": "O"}]}, {"base_span": [264, 272], "annotations": [{"nertag": "O"}]}, {"base_span": [273, 280], "annotations": [{"nertag": "O"}]}, {"base_span": [280, 281], "annotations": [{"nertag": "O"}]}, {"base_span": [282, 287], "annotations": [{"nertag": "O"}]}, {"base_span": [288, 292], "annotations": [{"nertag": "O"}]}, {"base_span": [293, 295], "annotations": [{"nertag": "O"}]}, {"base_span": [296, 298], "annotations": [{"nertag": "O"}]}, {"base_span": [299, 302], "annotations": [{"nertag": "O"}]}, {"base_span": [302, 303], "annotations": [{"nertag": "O"}]}, {"base_span": [304, 308], "annotations": [{"nertag": "O"}]}, {"base_span": [309, 315], "annotations": [{"nertag": "O"}]}, {"base_span": [315, 316], "annotations": [{"nertag": "O"}]}, {"base_span": [317, 320], "annotations": [{"nertag": "O"}]}, {"base_span": [321, 327], "annotations": [{"nertag": "O"}]}, {"base_span": [327, 328], "annotations": [{"nertag": "O"}]}, {"base_span": [329, 333], "annotations": [{"nertag": "O"}]}, {"base_span": [334, 339], "annotations": [{"nertag": "O"}]}, {"base_span": [339, 340], "annotations": [{"nertag": "O"}]}, {"base_span": [341, 345], "annotations": [{"nertag": "O"}]}, {"base_span": [346, 348], "annotations": [{"nertag": "O"}]}, {"base_span": [349, 356], "annotations": [{"nertag": "O"}]}, {"base_span": [357, 362], "annotations": [{"nertag": "O"}]}, {"base_span": [363, 369], "annotations": [{"nertag": "O"}]}, {"base_span": [370, 375], "annotations": [{"nertag": "O"}]}, {"base_span": [376, 378], "annotations": [{"nertag": "O"}]}, {"base_span": [379, 386], "annotations": [{"nertag": "O"}]}, {"base_span": [386, 387], "annotations": [{"nertag": "O"}]}, {"base_span": [388, 392], "annotations": [{"nertag": "O"}]}, {"base_span": [393, 397], "annotations": [{"nertag": "O"}]}, {"base_span": [398, 400], "annotations": [{"nertag": "O"}]}, {"base_span": [401, 405], "annotations": [{"nertag": "O"}]}, {"base_span": [406, 411], "annotations": [{"nertag": "O"}]}, {"base_span": [412, 417], "annotations": [{"nertag": "O"}]}, {"base_span": [417, 418], "annotations": [{"nertag": "O"}]}, {"base_span": [420, 425], "annotations": [{"nertag": "B-PER"}]}, {"base_span": [426, 434], "annotations": [{"nertag": "I-PER"}]}, {"base_span": [435, 438], "annotations": [{"nertag": "O"}]}, {"base_span": [439, 443], "annotations": [{"nertag": "O"}]}, {"base_span": [444, 452], "annotations": [{"nertag": "O"}]}, {"base_span": [452, 453], "annotations": [{"nertag": "O"}]}, {"base_span": [454, 459], "annotations": [{"nertag": "O"}]}, {"base_span": [460, 465], "annotations": [{"nertag": "O"}]}, {"base_span": [465, 466], "annotations": [{"nertag": "O"}]}, {"base_span": [467, 476], "annotations": [{"nertag": "O"}]}, {"base_span": [477, 481], "annotations": [{"nertag": "O"}]}, {"base_span": [482, 484], "annotations": [{"nertag": "O"}]}, {"base_span": [485, 488], "annotations": [{"nertag": "O"}]}, {"base_span": [489, 495], "annotations": [{"nertag": "O"}]}, {"base_span": [496, 501], "annotations": [{"nertag": "O"}]}, {"base_span": [502, 509], "annotations": [{"nertag": "O"}]}, {"base_span": [509, 510], "annotations": [{"nertag": "O"}]}, {"base_span": [511, 517], "annotations": [{"nertag": "O"}]}, {"base_span": [517, 518], "annotations": [{"nertag": "O"}]}, {"base_span": [519, 526], "annotations": [{"nertag": "O"}]}, {"base_span": [527, 531], "annotations": [{"nertag": "O"}]}, {"base_span": [532, 537], "annotations": [{"nertag": "O"}]}, {"base_span": [538, 545], "annotations": [{"nertag": "O"}]}, {"base_span": [545, 546], "annotations": [{"nertag": "O"}]}, {"base_span": [547, 552], "annotations": [{"nertag": "O"}]}, {"base_span": [553, 561], "annotations": [{"nertag": "O"}]}, {"base_span": [562, 569], "annotations": [{"nertag": "O"}]}, {"base_span": [570, 575], "annotations": [{"nertag": "O"}]}, {"base_span": [575, 576], "annotations": [{"nertag": "O"}]}, {"base_span": [577, 582], "annotations": [{"nertag": "O"}]}, {"base_span": [583, 586], "annotations": [{"nertag": "O"}]}, {"base_span": [587, 589], "annotations": [{"nertag": "O"}]}, {"base_span": [590, 597], "annotations": [{"nertag": "O"}]}, {"base_span": [597, 598], "annotations": [{"nertag": "O"}]}, {"base_span": [599, 602], "annotations": [{"nertag": "O"}]}, {"base_span": [603, 607], "annotations": [{"nertag": "O"}]}, {"base_span": [608, 614], "annotations": [{"nertag": "O"}]}, {"base_span": [615, 619], "annotations": [{"nertag": "O"}]}, {"base_span": [620, 624], "annotations": [{"nertag": "O"}]}, {"base_span": [624, 625], "annotations": [{"nertag": "O"}]}, {"base_span": [626, 632], "annotations": [{"nertag": "O"}]}, {"base_span": [633, 638], "annotations": [{"nertag": "O"}]}, {"base_span": [639, 644], "annotations": [{"nertag": "O"}]}, {"base_span": [645, 651], "annotations": [{"nertag": "O"}]}, {"base_span": [652, 656], "annotations": [{"nertag": "O"}]}, {"base_span": [657, 660], "annotations": [{"nertag": "O"}]}, {"base_span": [661, 668], "annotations": [{"nertag": "O"}]}, {"base_span": [668, 669], "annotations": [{"nertag": "O"}]}, {"base_span": [670, 672], "annotations": [{"nertag": "O"}]}, {"base_span": [673, 678], "annotations": [{"nertag": "O"}]}, {"base_span": [679, 686], "annotations": [{"nertag": "O"}]}, {"base_span": [687, 690], "annotations": [{"nertag": "O"}]}, {"base_span": [691, 695], "annotations": [{"nertag": "O"}]}, {"base_span": [696, 698], "annotations": [{"nertag": "O"}]}, {"base_span": [698, 699], "annotations": [{"nertag": "O"}]}, {"base_span": [700, 703], "annotations": [{"nertag": "O"}]}, {"base_span": [704, 709], "annotations": [{"nertag": "O"}]}, {"base_span": [710, 714], "annotations": [{"nertag": "O"}]}, {"base_span": [715, 717], "annotations": [{"nertag": "O"}]}, {"base_span": [717, 718], "annotations": [{"nertag": "O"}]}, {"base_span": [719, 724], "annotations": [{"nertag": "O"}]}, {"base_span": [725, 732], "annotations": [{"nertag": "O"}]}, {"base_span": [732, 733], "annotations": [{"nertag": "O"}]}, {"base_span": [734, 737], "annotations": [{"nertag": "O"}]}, {"base_span": [738, 744], "annotations": [{"nertag": "O"}]}, {"base_span": [745, 748], "annotations": [{"nertag": "O"}]}, {"base_span": [749, 751], "annotations": [{"nertag": "O"}]}, {"base_span": [752, 757], "annotations": [{"nertag": "O"}]}, {"base_span": [758, 762], "annotations": [{"nertag": "O"}]}, {"base_span": [763, 768], "annotations": [{"nertag": "O"}]}, {"base_span": [768, 769], "annotations": [{"nertag": "O"}]}, {"base_span": [770, 776], "annotations": [{"nertag": "O"}]}, {"base_span": [777, 783], "annotations": [{"nertag": "O"}]}, {"base_span": [784, 789], "annotations": [{"nertag": "O"}]}, {"base_span": [790, 797], "annotations": [{"nertag": "O"}]}, {"base_span": [798, 800], "annotations": [{"nertag": "O"}]}, {"base_span": [801, 806], "annotations": [{"nertag": "O"}]}, {"base_span": [807, 810], "annotations": [{"nertag": "O"}]}, {"base_span": [811, 819], "annotations": [{"nertag": "O"}]}, {"base_span": [820, 824], "annotations": [{"nertag": "O"}]}, {"base_span": [825, 832], "annotations": [{"nertag": "O"}]}, {"base_span": [832, 833], "annotations": [{"nertag": "O"}]}, {"base_span": [834, 839], "annotations": [{"nertag": "B-PER"}]}, {"base_span": [840, 845], "annotations": [{"nertag": "O"}]}, {"base_span": [846, 851], "annotations": [{"nertag": "O"}]}, {"base_span": [852, 856], "annotations": [{"nertag": "O"}]}, {"base_span": [857, 861], "annotations": [{"nertag": "O"}]}, {"base_span": [861, 862], "annotations": [{"nertag": "O"}]}, {"base_span": [863, 866], "annotations": [{"nertag": "O"}]}, {"base_span": [867, 871], "annotations": [{"nertag": "O"}]}, {"base_span": [872, 874], "annotations": [{"nertag": "O"}]}, {"base_span": [875, 880], "annotations": [{"nertag": "O"}]}, {"base_span": [881, 886], "annotations": [{"nertag": "O"}]}, {"base_span": [887, 893], "annotations": [{"nertag": "O"}]}, {"base_span": [893, 894], "annotations": [{"nertag": "O"}]}, {"base_span": [895, 897], "annotations": [{"nertag": "O"}]}, {"base_span": [898, 903], "annotations": [{"nertag": "O"}]}, {"base_span": [904, 909], "annotations": [{"nertag": "O"}]}, {"base_span": [910, 913], "annotations": [{"nertag": "O"}]}, {"base_span": [913, 914], "annotations": [{"nertag": "O"}]}, {"base_span": [915, 921], "annotations": [{"nertag": "O"}]}, {"base_span": [922, 934], "annotations": [{"nertag": "O"}]}, {"base_span": [935, 937], "annotations": [{"nertag": "O"}]}, {"base_span": [938, 941], "annotations": [{"nertag": "O"}]}, {"base_span": [942, 946], "annotations": [{"nertag": "O"}]}, {"base_span": [947, 950], "annotations": [{"nertag": "O"}]}, {"base_span": [951, 959], "annotations": [{"nertag": "O"}]}, {"base_span": [959, 960], "annotations": [{"nertag": "O"}]}, {"base_span": [961, 967], "annotations": [{"nertag": "O"}]}, {"base_span": [968, 975], "annotations": [{"nertag": "O"}]}, {"base_span": [976, 981], "annotations": [{"nertag": "B-PER"}]}, {"base_span": [982, 987], "annotations": [{"nertag": "O"}]}, {"base_span": [987, 988], "annotations": [{"nertag": "O"}]}, {"base_span": [989, 994], "annotations": [{"nertag": "O"}]}, {"base_span": [995, 997], "annotations": [{"nertag": "O"}]}, {"base_span": [998, 1001], "annotations": [{"nertag": "O"}]}, {"base_span": [1002, 1006], "annotations": [{"nertag": "O"}]}, {"base_span": [1007, 1011], "annotations": [{"nertag": "O"}]}, {"base_span": [1011, 1012], "annotations": [{"nertag": "O"}]}, {"base_span": [1013, 1015], "annotations": [{"nertag": "O"}]}, {"base_span": [1016, 1022], "annotations": [{"nertag": "O"}]}, {"base_span": [1022, 1023], "annotations": [{"nertag": "O"}]}, {"base_span": [1024, 1028], "annotations": [{"nertag": "O"}]}, {"base_span": [1029, 1031], "annotations": [{"nertag": "O"}]}, {"base_span": [1032, 1039], "annotations": [{"nertag": "O"}]}, {"base_span": [1039, 1040], "annotations": [{"nertag": "O"}]}, {"base_span": [1041, 1046], "annotations": [{"nertag": "O"}]}, {"base_span": [1047, 1052], "annotations": [{"nertag": "O"}]}, {"base_span": [1053, 1060], "annotations": [{"nertag": "O"}]}, {"base_span": [1061, 1065], "annotations": [{"nertag": "O"}]}, {"base_span": [1066, 1070], "annotations": [{"nertag": "O"}]}, {"base_span": [1071, 1076], "annotations": [{"nertag": "O"}]}, {"base_span": [1076, 1077], "annotations": [{"nertag": "O"}]}, {"base_span": [1078, 1081], "annotations": [{"nertag": "O"}]}, {"base_span": [1082, 1086], "annotations": [{"nertag": "O"}]}, {"base_span": [1087, 1091], "annotations": [{"nertag": "O"}]}, {"base_span": [1092, 1094], "annotations": [{"nertag": "O"}]}, {"base_span": [1095, 1098], "annotations": [{"nertag": "O"}]}, {"base_span": [1098, 1099], "annotations": [{"nertag": "O"}]}, {"base_span": [1100, 1106], "annotations": [{"nertag": "O"}]}, {"base_span": [1107, 1112], "annotations": [{"nertag": "B-PER"}]}, {"base_span": [1113, 1119], "annotations": [{"nertag": "I-PER"}]}, {"base_span": [1120, 1125], "annotations": [{"nertag": "O"}]}, {"base_span": [1126, 1128], "annotations": [{"nertag": "O"}]}, {"base_span": [1129, 1133], "annotations": [{"nertag": "O"}]}, {"base_span": [1134, 1140], "annotations": [{"nertag": "O"}]}, {"base_span": [1141, 1143], "annotations": [{"nertag": "O"}]}, {"base_span": [1144, 1153], "annotations": [{"nertag": "O"}]}, {"base_span": [1154, 1162], "annotations": [{"nertag": "O"}]}, {"base_span": [1163, 1169], "annotations": [{"nertag": "O"}]}, {"base_span": [1170, 1172], "annotations": [{"nertag": "O"}]}, {"base_span": [1173, 1178], "annotations": [{"nertag": "B-PER"}]}, {"base_span": [1179, 1182], "annotations": [{"nertag": "O"}]}, {"base_span": [1183, 1189], "annotations": [{"nertag": "O"}]}, {"base_span": [1190, 1195], "annotations": [{"nertag": "O"}]}, {"base_span": [1196, 1198], "annotations": [{"nertag": "O"}]}, {"base_span": [1199, 1203], "annotations": [{"nertag": "O"}]}, {"base_span": [1204, 1212], "annotations": [{"nertag": "O"}]}, {"base_span": [1212, 1213], "annotations": [{"nertag": "O"}]}, {"base_span": [1214, 1219], "annotations": [{"nertag": "O"}]}, {"base_span": [1220, 1224], "annotations": [{"nertag": "O"}]}, {"base_span": [1225, 1229], "annotations": [{"nertag": "O"}]}, {"base_span": [1230, 1233], "annotations": [{"nertag": "O"}]}, {"base_span": [1234, 1238], "annotations": [{"nertag": "O"}]}, {"base_span": [1239, 1243], "annotations": [{"nertag": "O"}]}, {"base_span": [1244, 1251], "annotations": [{"nertag": "O"}]}, {"base_span": [1252, 1256], "annotations": [{"nertag": "O"}]}, {"base_span": [1257, 1265], "annotations": [{"nertag": "O"}]}, {"base_span": [1265, 1266], "annotations": [{"nertag": "O"}]}, {"base_span": [1267, 1270], "annotations": [{"nertag": "O"}]}, {"base_span": [1271, 1278], "annotations": [{"nertag": "O"}]}, {"base_span": [1279, 1283], "annotations": [{"nertag": "O"}]}, {"base_span": [1284, 1291], "annotations": [{"nertag": "B-PER"}]}, {"base_span": [1291, 1292], "annotations": [{"nertag": "O"}]}, {"base_span": [1293, 1296], "annotations": [{"nertag": "O"}]}, {"base_span": [1297, 1300], "annotations": [{"nertag": "O"}]}, {"base_span": [1301, 1305], "annotations": [{"nertag": "O"}]}, {"base_span": [1306, 1310], "annotations": [{"nertag": "O"}]}, {"base_span": [1311, 1317], "annotations": [{"nertag": "O"}]}, {"base_span": [1318, 1322], "annotations": [{"nertag": "O"}]}, {"base_span": [1323, 1327], "annotations": [{"nertag": "O"}]}, {"base_span": [1328, 1333], "annotations": [{"nertag": "O"}]}, {"base_span": [1333, 1334], "annotations": [{"nertag": "O"}]}, {"base_span": [1335, 1344], "annotations": [{"nertag": "O"}]}, {"base_span": [1345, 1352], "annotations": [{"nertag": "O"}]}, {"base_span": [1353, 1357], "annotations": [{"nertag": "B-PER"}]}, {"base_span": [1358, 1362], "annotations": [{"nertag": "I-PER"}]}, {"base_span": [1363, 1369], "annotations": [{"nertag": "O"}]}, {"base_span": [1370, 1372], "annotations": [{"nertag": "O"}]}, {"base_span": [1373, 1377], "annotations": [{"nertag": "O"}]}, {"base_span": [1378, 1381], "annotations": [{"nertag": "O"}]}, {"base_span": [1382, 1388], "annotations": [{"nertag": "O"}]}, {"base_span": [1389, 1398], "annotations": [{"nertag": "O"}]}, {"base_span": [1398, 1399], "annotations": [{"nertag": "O"}]}, {"base_span": [1400, 1402], "annotations": [{"nertag": "O"}]}, {"base_span": [1403, 1408], "annotations": [{"nertag": "B-PER"}]}, {"base_span": [1409, 1414], "annotations": [{"nertag": "O"}]}, {"base_span": [1415, 1420], "annotations": [{"nertag": "O"}]}, {"base_span": [1421, 1424], "annotations": [{"nertag": "O"}]}, {"base_span": [1425, 1429], "annotations": [{"nertag": "B-PER"}]}, {"base_span": [1430, 1435], "annotations": [{"nertag": "I-PER"}]}, {"base_span": [1436, 1440], "annotations": [{"nertag": "O"}]}, {"base_span": [1441, 1446], "annotations": [{"nertag": "O"}]}, {"base_span": [1447, 1450], "annotations": [{"nertag": "O"}]}, {"base_span": [1451, 1456], "annotations": [{"nertag": "O"}]}, {"base_span": [1456, 1457], "annotations": [{"nertag": "O"}]}, {"base_span": [1458, 1462], "annotations": [{"nertag": "O"}]}, {"base_span": [1463, 1469], "annotations": [{"nertag": "O"}]}, {"base_span": [1470, 1473], "annotations": [{"nertag": "O"}]}, {"base_span": [1474, 1481], "annotations": [{"nertag": "O"}]}, {"base_span": [1481, 1482], "annotations": [{"nertag": "O"}]}, {"base_span": [1484, 1489], "annotations": [{"nertag": "B-PER"}]}, {"base_span": [1490, 1497], "annotations": [{"nertag": "I-PER"}]}, {"base_span": [1498, 1501], "annotations": [{"nertag": "O"}]}, {"base_span": [1502, 1506], "annotations": [{"nertag": "O"}]}, {"base_span": [1507, 1515], "annotations": [{"nertag": "O"}]}, {"base_span": [1516, 1518], "annotations": [{"nertag": "O"}]}, {"base_span": [1519, 1526], "annotations": [{"nertag": "O"}]}, {"base_span": [1526, 1527], "annotations": [{"nertag": "O"}]}, {"base_span": [1528, 1531], "annotations": [{"nertag": "O"}]}, {"base_span": [1532, 1536], "annotations": [{"nertag": "O"}]}, {"base_span": [1538, 1546], "annotations": [{"nertag": "O"}]}, {"base_span": [1547, 1554], "annotations": [{"nertag": "O"}]}, {"base_span": [1555, 1559], "annotations": [{"nertag": "O"}]}, {"base_span": [1560, 1566], "annotations": [{"nertag": "O"}]}, {"base_span": [1567, 1571], "annotations": [{"nertag": "O"}]}, {"base_span": [1571, 1572], "annotations": [{"nertag": "O"}]}, {"base_span": [1573, 1575], "annotations": [{"nertag": "O"}]}, {"base_span": [1576, 1583], "annotations": [{"nertag": "O"}]}, {"base_span": [1583, 1584], "annotations": [{"nertag": "O"}]}, {"base_span": [1585, 1588], "annotations": [{"nertag": "O"}]}, {"base_span": [1589, 1593], "annotations": [{"nertag": "O"}]}, {"base_span": [1594, 1601], "annotations": [{"nertag": "O"}]}, {"base_span": [1602, 1606], "annotations": [{"nertag": "O"}]}, {"base_span": [1607, 1613], "annotations": [{"nertag": "O"}]}, {"base_span": [1614, 1617], "annotations": [{"nertag": "O"}]}, {"base_span": [1618, 1625], "annotations": [{"nertag": "O"}]}, {"base_span": [1626, 1632], "annotations": [{"nertag": "O"}]}, {"base_span": [1633, 1639], "annotations": [{"nertag": "O"}]}, {"base_span": [1639, 1640], "annotations": [{"nertag": "O"}]}, {"base_span": [1641, 1643], "annotations": [{"nertag": "O"}]}, {"base_span": [1644, 1648], "annotations": [{"nertag": "O"}]}, {"base_span": [1649, 1652], "annotations": [{"nertag": "O"}]}, {"base_span": [1652, 1653], "annotations": [{"nertag": "O"}]}, {"base_span": [1654, 1658], "annotations": [{"nertag": "O"}]}, {"base_span": [1659, 1663], "annotations": [{"nertag": "O"}]}, {"base_span": [1664, 1670], "annotations": [{"nertag": "O"}]}, {"base_span": [1671, 1677], "annotations": [{"nertag": "O"}]}, {"base_span": [1678, 1682], "annotations": [{"nertag": "O"}]}, {"base_span": [1683, 1690], "annotations": [{"nertag": "O"}]}, {"base_span": [1690, 1691], "annotations": [{"nertag": "O"}]}, {"base_span": [1692, 1699], "annotations": [{"nertag": "O"}]}, {"base_span": [1700, 1703], "annotations": [{"nertag": "O"}]}, {"base_span": [1704, 1708], "annotations": [{"nertag": "O"}]}, {"base_span": [1709, 1717], "annotations": [{"nertag": "O"}]}, {"base_span": [1718, 1723], "annotations": [{"nertag": "O"}]}, {"base_span": [1724, 1728], "annotations": [{"nertag": "O"}]}, {"base_span": [1729, 1731], "annotations": [{"nertag": "O"}]}, {"base_span": [1732, 1739], "annotations": [{"nertag": "O"}]}, {"base_span": [1740, 1742], "annotations": [{"nertag": "O"}]}, {"base_span": [1743, 1746], "annotations": [{"nertag": "O"}]}, {"base_span": [1747, 1750], "annotations": [{"nertag": "O"}]}, {"base_span": [1751, 1755], "annotations": [{"nertag": "O"}]}, {"base_span": [1756, 1761], "annotations": [{"nertag": "O"}]}, {"base_span": [1762, 1766], "annotations": [{"nertag": "O"}]}, {"base_span": [1766, 1767], "annotations": [{"nertag": "O"}]}, {"base_span": [1768, 1776], "annotations": [{"nertag": "O"}]}, {"base_span": [1777, 1783], "annotations": [{"nertag": "O"}]}, {"base_span": [1784, 1789], "annotations": [{"nertag": "O"}]}, {"base_span": [1790, 1792], "annotations": [{"nertag": "O"}]}, {"base_span": [1793, 1797], "annotations": [{"nertag": "O"}]}, {"base_span": [1798, 1803], "annotations": [{"nertag": "O"}]}, {"base_span": [1803, 1804], "annotations": [{"nertag": "O"}]}, {"base_span": [1805, 1812], "annotations": [{"nertag": "O"}]}, {"base_span": [1813, 1815], "annotations": [{"nertag": "O"}]}, {"base_span": [1816, 1820], "annotations": [{"nertag": "O"}]}, {"base_span": [1821, 1827], "annotations": [{"nertag": "O"}]}, {"base_span": [1827, 1828], "annotations": [{"nertag": "O"}]}, {"base_span": [1829, 1833], "annotations": [{"nertag": "O"}]}, {"base_span": [1834, 1841], "annotations": [{"nertag": "O"}]}, {"base_span": [1842, 1844], "annotations": [{"nertag": "O"}]}, {"base_span": [1845, 1849], "annotations": [{"nertag": "O"}]}, {"base_span": [1850, 1854], "annotations": [{"nertag": "O"}]}, {"base_span": [1855, 1861], "annotations": [{"nertag": "O"}]}, {"base_span": [1862, 1867], "annotations": [{"nertag": "O"}]}, {"base_span": [1867, 1868], "annotations": [{"nertag": "O"}]}, {"base_span": [1869, 1871], "annotations": [{"nertag": "O"}]}, {"base_span": [1872, 1877], "annotations": [{"nertag": "O"}]}, {"base_span": [1877, 1878], "annotations": [{"nertag": "O"}]}, {"base_span": [1879, 1882], "annotations": [{"nertag": "O"}]}, {"base_span": [1883, 1886], "annotations": [{"nertag": "O"}]}, {"base_span": [1887, 1891], "annotations": [{"nertag": "O"}]}, {"base_span": [1892, 1897], "annotations": [{"nertag": "B-LOC_ORG"}]}, {"base_span": [1898, 1902], "annotations": [{"nertag": "B-PER"}]}, {"base_span": [1903, 1905], "annotations": [{"nertag": "O"}]}, {"base_span": [1906, 1911], "annotations": [{"nertag": "O"}]}, {"base_span": [1912, 1920], "annotations": [{"nertag": "B-PER"}]}, {"base_span": [1921, 1925], "annotations": [{"nertag": "I-PER"}]}, {"base_span": [1925, 1926], "annotations": [{"nertag": "O"}]}, {"base_span": [1928, 1937], "annotations": [{"nertag": "O"}]}, {"base_span": [1938, 1945], "annotations": [{"nertag": "O"}]}, {"base_span": [1946, 1950], "annotations": [{"nertag": "B-PER"}]}, {"base_span": [1951, 1955], "annotations": [{"nertag": "I-PER"}]}, {"base_span": [1956, 1964], "annotations": [{"nertag": "O"}]}, {"base_span": [1965, 1967], "annotations": [{"nertag": "O"}]}, {"base_span": [1968, 1974], "annotations": [{"nertag": "O"}]}, {"base_span": [1975, 1983], "annotations": [{"nertag": "O"}]}, {"base_span": [1984, 1990], "annotations": [{"nertag": "O"}]}, {"base_span": [1991, 1994], "annotations": [{"nertag": "O"}]}, {"base_span": [1995, 2002], "annotations": [{"nertag": "O"}]}, {"base_span": [2002, 2003], "annotations": [{"nertag": "O"}]}, {"base_span": [2004, 2011], "annotations": [{"nertag": "O"}]}, {"base_span": [2012, 2016], "annotations": [{"nertag": "O"}]}, {"base_span": [2017, 2022], "annotations": [{"nertag": "B-PER"}]}, {"base_span": [2023, 2026], "annotations": [{"nertag": "O"}]}, {"base_span": [2027, 2031], "annotations": [{"nertag": "O"}]}, {"base_span": [2032, 2034], "annotations": [{"nertag": "O"}]}, {"base_span": [2035, 2042], "annotations": [{"nertag": "O"}]}, {"base_span": [2042, 2043], "annotations": [{"nertag": "O"}]}, {"base_span": [2044, 2047], "annotations": [{"nertag": "O"}]}, {"base_span": [2048, 2051], "annotations": [{"nertag": "O"}]}, {"base_span": [2052, 2056], "annotations": [{"nertag": "O"}]}, {"base_span": [2057, 2061], "annotations": [{"nertag": "O"}]}, {"base_span": [2062, 2068], "annotations": [{"nertag": "O"}]}, {"base_span": [2069, 2071], "annotations": [{"nertag": "O"}]}, {"base_span": [2072, 2076], "annotations": [{"nertag": "O"}]}, {"base_span": [2076, 2077], "annotations": [{"nertag": "O"}]}, {"base_span": [2079, 2081], "annotations": [{"nertag": "O"}]}, {"base_span": [2082, 2088], "annotations": [{"nertag": "O"}]}, {"base_span": [2089, 2094], "annotations": [{"nertag": "B-PER"}]}, {"base_span": [2095, 2102], "annotations": [{"nertag": "O"}]}, {"base_span": [2103, 2109], "annotations": [{"nertag": "O"}]}, {"base_span": [2110, 2114], "annotations": [{"nertag": "O"}]}, {"base_span": [2115, 2121], "annotations": [{"nertag": "O"}]}, {"base_span": [2122, 2127], "annotations": [{"nertag": "O"}]}, {"base_span": [2128, 2132], "annotations": [{"nertag": "O"}]}, {"base_span": [2133, 2138], "annotations": [{"nertag": "O"}]}, {"base_span": [2138, 2139], "annotations": [{"nertag": "O"}]}, {"base_span": [2140, 2146], "annotations": [{"nertag": "O"}]}, {"base_span": [2147, 2157], "annotations": [{"nertag": "O"}]}, {"base_span": [2158, 2163], "annotations": [{"nertag": "O"}]}, {"base_span": [2164, 2167], "annotations": [{"nertag": "O"}]}, {"base_span": [2168, 2173], "annotations": [{"nertag": "O"}]}, {"base_span": [2173, 2174], "annotations": [{"nertag": "O"}]}, {"base_span": [2175, 2178], "annotations": [{"nertag": "O"}]}, {"base_span": [2179, 2184], "annotations": [{"nertag": "B-PER"}]}, {"base_span": [2185, 2192], "annotations": [{"nertag": "I-PER"}]}, {"base_span": [2193, 2195], "annotations": [{"nertag": "O"}]}, {"base_span": [2196, 2202], "annotations": [{"nertag": "O"}]}, {"base_span": [2203, 2210], "annotations": [{"nertag": "O"}]}, {"base_span": [2211, 2216], "annotations": [{"nertag": "O"}]}, {"base_span": [2217, 2221], "annotations": [{"nertag": "O"}]}, {"base_span": [2222, 2229], "annotations": [{"nertag": "O"}]}, {"base_span": [2230, 2232], "annotations": [{"nertag": "O"}]}, {"base_span": [2233, 2238], "annotations": [{"nertag": "O"}]}, {"base_span": [2239, 2244], "annotations": [{"nertag": "O"}]}, {"base_span": [2245, 2251], "annotations": [{"nertag": "O"}]}, {"base_span": [2252, 2257], "annotations": [{"nertag": "O"}]}, {"base_span": [2258, 2261], "annotations": [{"nertag": "O"}]}, {"base_span": [2262, 2267], "annotations": [{"nertag": "O"}]}, {"base_span": [2267, 2268], "annotations": [{"nertag": "O"}]}, {"base_span": [2269, 2272], "annotations": [{"nertag": "O"}]}, {"base_span": [2273, 2276], "annotations": [{"nertag": "O"}]}, {"base_span": [2277, 2280], "annotations": [{"nertag": "O"}]}, {"base_span": [2281, 2287], "annotations": [{"nertag": "O"}]}, {"base_span": [2288, 2293], "annotations": [{"nertag": "O"}]}, {"base_span": [2294, 2301], "annotations": [{"nertag": "O"}]}, {"base_span": [2302, 2310], "annotations": [{"nertag": "O"}]}, {"base_span": [2310, 2311], "annotations": [{"nertag": "O"}]}, {"base_span": [2313, 2318], "annotations": [{"nertag": "O"}]}, {"base_span": [2319, 2324], "annotations": [{"nertag": "O"}]}, {"base_span": [2324, 2325], "annotations": [{"nertag": "O"}]}, {"base_span": [2326, 2330], "annotations": [{"nertag": "B-PER"}]}, {"base_span": [2331, 2339], "annotations": [{"nertag": "I-PER"}]}, {"base_span": [2340, 2343], "annotations": [{"nertag": "O"}]}, {"base_span": [2345, 2349], "annotations": [{"nertag": "B-PER"}]}, {"base_span": [2350, 2358], "annotations": [{"nertag": "I-PER"}]}, {"base_span": [2359, 2362], "annotations": [{"nertag": "O"}]}, {"base_span": [2364, 2365], "annotations": [{"nertag": "B-PER"}]}, {"base_span": [2365, 2366], "annotations": [{"nertag": "I-PER"}]}, {"base_span": [2367, 2375], "annotations": [{"nertag": "I-PER"}]}, {"base_span": [2376, 2379], "annotations": [{"nertag": "O"}]}, {"base_span": [2381, 2390], "annotations": [{"nertag": "O"}]}, {"base_span": [2390, 2391], "annotations": [{"nertag": "O"}]}, {"base_span": [2392, 2393], "annotations": [{"nertag": "B-PER"}]}, {"base_span": [2393, 2394], "annotations": [{"nertag": "I-PER"}]}, {"base_span": [2395, 2401], "annotations": [{"nertag": "I-PER"}]}, {"base_span": [2402, 2403], "annotations": [{"nertag": "O"}]}, {"base_span": [2403, 2410], "annotations": [{"nertag": "O"}]}, {"base_span": [2410, 2411], "annotations": [{"nertag": "O"}]}]}]}