{"text": "Trigi moisas kohto maias 2mal Oktob 1869.\nKoos ollid pea kohtomees Jaak Eino abbimees Jaan Kauson abbimees Jaan Aunapu kirjutaia Mik Lewet kirjutas Protokoli.\n\nTulli ette Hans Kenno ja kaewab et Jürri Otsmani sead on temma kartuhwlid ärra söönd. Tallitaia on sedda pahha watamas käind ja on arwand et Jürri Otsman peab maksma Hans Kennole üks tünder kartuhwlid ja Kohhos moistis et ta peab kohhe sedda Hans Kenno kätte maksma.\n\nPea kohtomees Jaak Eino + + +\nAbbimees Jaan Kauson + + +\nAbbimees Jaan Aunapu + + +\n\n", "meta": {"origin_directory": "vallakohus_esimene/"}, "layers": [{"name": "gold_ner", "attributes": ["nertag"], "parent": null, "enveloping": null, "ambiguous": false, "serialisation_module": null, "meta": {}, "spans": [{"base_span": [0, 12], "annotations": [{"nertag": "LOC_ORG"}]}, {"base_span": [67, 76], "annotations": [{"nertag": "PER"}]}, {"base_span": [86, 97], "annotations": [{"nertag": "PER"}]}, {"base_span": [107, 118], "annotations": [{"nertag": "PER"}]}, {"base_span": [129, 138], "annotations": [{"nertag": "PER"}]}, {"base_span": [171, 181], "annotations": [{"nertag": "PER"}]}, {"base_span": [195, 208], "annotations": [{"nertag": "PER"}]}, {"base_span": [301, 313], "annotations": [{"nertag": "PER"}]}, {"base_span": [326, 338], "annotations": [{"nertag": "PER"}]}, {"base_span": [402, 412], "annotations": [{"nertag": "PER"}]}, {"base_span": [442, 451], "annotations": [{"nertag": "PER"}]}, {"base_span": [467, 478], "annotations": [{"nertag": "PER"}]}, {"base_span": [494, 505], "annotations": [{"nertag": "PER"}]}]}, {"name": "gold_wordner", "attributes": ["nertag"], "parent": null, "enveloping": null, "ambiguous": false, "serialisation_module": null, "meta": {}, "spans": [{"base_span": [0, 5], "annotations": [{"nertag": "B-LOC_ORG"}]}, {"base_span": [6, 12], "annotations": [{"nertag": "I-LOC_ORG"}]}, {"base_span": [13, 18], "annotations": [{"nertag": "O"}]}, {"base_span": [19, 24], "annotations": [{"nertag": "O"}]}, {"base_span": [25, 29], "annotations": [{"nertag": "O"}]}, {"base_span": [30, 35], "annotations": [{"nertag": "O"}]}, {"base_span": [36, 41], "annotations": [{"nertag": "O"}]}, {"base_span": [42, 46], "annotations": [{"nertag": "O"}]}, {"base_span": [47, 52], "annotations": [{"nertag": "O"}]}, {"base_span": [53, 56], "annotations": [{"nertag": "O"}]}, {"base_span": [57, 66], "annotations": [{"nertag": "O"}]}, {"base_span": [67, 71], "annotations": [{"nertag": "B-PER"}]}, {"base_span": [72, 76], "annotations": [{"nertag": "I-PER"}]}, {"base_span": [77, 85], "annotations": [{"nertag": "O"}]}, {"base_span": [86, 90], "annotations": [{"nertag": "B-PER"}]}, {"base_span": [91, 97], "annotations": [{"nertag": "I-PER"}]}, {"base_span": [98, 106], "annotations": [{"nertag": "O"}]}, {"base_span": [107, 111], "annotations": [{"nertag": "B-PER"}]}, {"base_span": [112, 118], "annotations": [{"nertag": "I-PER"}]}, {"base_span": [119, 128], "annotations": [{"nertag": "O"}]}, {"base_span": [129, 132], "annotations": [{"nertag": "B-PER"}]}, {"base_span": [133, 138], "annotations": [{"nertag": "I-PER"}]}, {"base_span": [139, 147], "annotations": [{"nertag": "O"}]}, {"base_span": [148, 157], "annotations": [{"nertag": "O"}]}, {"base_span": [157, 158], "annotations": [{"nertag": "O"}]}, {"base_span": [160, 165], "annotations": [{"nertag": "O"}]}, {"base_span": [166, 170], "annotations": [{"nertag": "O"}]}, {"base_span": [171, 175], "annotations": [{"nertag": "B-PER"}]}, {"base_span": [176, 181], "annotations": [{"nertag": "I-PER"}]}, {"base_span": [182, 184], "annotations": [{"nertag": "O"}]}, {"base_span": [185, 191], "annotations": [{"nertag": "O"}]}, {"base_span": [192, 194], "annotations": [{"nertag": "O"}]}, {"base_span": [195, 200], "annotations": [{"nertag": "B-PER"}]}, {"base_span": [201, 208], "annotations": [{"nertag": "I-PER"}]}, {"base_span": [209, 213], "annotations": [{"nertag": "O"}]}, {"base_span": [214, 216], "annotations": [{"nertag": "O"}]}, {"base_span": [217, 222], "annotations": [{"nertag": "O"}]}, {"base_span": [223, 233], "annotations": [{"nertag": "O"}]}, {"base_span": [234, 238], "annotations": [{"nertag": "O"}]}, {"base_span": [239, 244], "annotations": [{"nertag": "O"}]}, {"base_span": [244, 245], "annotations": [{"nertag": "O"}]}, {"base_span": [246, 255], "annotations": [{"nertag": "O"}]}, {"base_span": [256, 258], "annotations": [{"nertag": "O"}]}, {"base_span": [259, 264], "annotations": [{"nertag": "O"}]}, {"base_span": [265, 270], "annotations": [{"nertag": "O"}]}, {"base_span": [271, 278], "annotations": [{"nertag": "O"}]}, {"base_span": [279, 284], "annotations": [{"nertag": "O"}]}, {"base_span": [285, 287], "annotations": [{"nertag": "O"}]}, {"base_span": [288, 290], "annotations": [{"nertag": "O"}]}, {"base_span": [291, 297], "annotations": [{"nertag": "O"}]}, {"base_span": [298, 300], "annotations": [{"nertag": "O"}]}, {"base_span": [301, 306], "annotations": [{"nertag": "B-PER"}]}, {"base_span": [307, 313], "annotations": [{"nertag": "I-PER"}]}, {"base_span": [314, 318], "annotations": [{"nertag": "O"}]}, {"base_span": [319, 325], "annotations": [{"nertag": "O"}]}, {"base_span": [326, 330], "annotations": [{"nertag": "B-PER"}]}, {"base_span": [331, 338], "annotations": [{"nertag": "I-PER"}]}, {"base_span": [339, 342], "annotations": [{"nertag": "O"}]}, {"base_span": [343, 349], "annotations": [{"nertag": "O"}]}, {"base_span": [350, 360], "annotations": [{"nertag": "O"}]}, {"base_span": [361, 363], "annotations": [{"nertag": "O"}]}, {"base_span": [364, 370], "annotations": [{"nertag": "O"}]}, {"base_span": [371, 378], "annotations": [{"nertag": "O"}]}, {"base_span": [379, 381], "annotations": [{"nertag": "O"}]}, {"base_span": [382, 384], "annotations": [{"nertag": "O"}]}, {"base_span": [385, 389], "annotations": [{"nertag": "O"}]}, {"base_span": [390, 395], "annotations": [{"nertag": "O"}]}, {"base_span": [396, 401], "annotations": [{"nertag": "O"}]}, {"base_span": [402, 406], "annotations": [{"nertag": "B-PER"}]}, {"base_span": [407, 412], "annotations": [{"nertag": "I-PER"}]}, {"base_span": [413, 418], "annotations": [{"nertag": "O"}]}, {"base_span": [419, 425], "annotations": [{"nertag": "O"}]}, {"base_span": [425, 426], "annotations": [{"nertag": "O"}]}, {"base_span": [428, 431], "annotations": [{"nertag": "O"}]}, {"base_span": [432, 441], "annotations": [{"nertag": "O"}]}, {"base_span": [442, 446], "annotations": [{"nertag": "B-PER"}]}, {"base_span": [447, 451], "annotations": [{"nertag": "I-PER"}]}, {"base_span": [452, 453], "annotations": [{"nertag": "O"}]}, {"base_span": [454, 455], "annotations": [{"nertag": "O"}]}, {"base_span": [456, 457], "annotations": [{"nertag": "O"}]}, {"base_span": [458, 466], "annotations": [{"nertag": "O"}]}, {"base_span": [467, 471], "annotations": [{"nertag": "B-PER"}]}, {"base_span": [472, 478], "annotations": [{"nertag": "I-PER"}]}, {"base_span": [479, 480], "annotations": [{"nertag": "O"}]}, {"base_span": [481, 482], "annotations": [{"nertag": "O"}]}, {"base_span": [483, 484], "annotations": [{"nertag": "O"}]}, {"base_span": [485, 493], "annotations": [{"nertag": "O"}]}, {"base_span": [494, 498], "annotations": [{"nertag": "B-PER"}]}, {"base_span": [499, 505], "annotations": [{"nertag": "I-PER"}]}, {"base_span": [506, 507], "annotations": [{"nertag": "O"}]}, {"base_span": [508, 509], "annotations": [{"nertag": "O"}]}, {"base_span": [510, 511], "annotations": [{"nertag": "O"}]}]}]}