{"text": "\nAstus kohtu ette Jüri Romuluss ja kaebas et temal olla Jüri Liibergi käest 23 Rbl 87 kop raha saaa. Seda raha olla Jüri Liiberg juba kahe aasta eest tema käest laenand. Sest olla Jüri Liiberg juba ära maksnud  8 Rbl. siis on temal weel maksa 15 Rbl 87 kop. Jüri Romulusel oli ka tunnistus wõla üle Jüri Liibergi poolt ette näidata.\n\nKohus kutsus Jüri Liibergi ette ja küsis temalt: Kas temal olla weel Jüri Romulusele 15 Rbl 87 kop maksta? Kus peale tema wastas, et temal olla tõesti nii palju maksta ja lubas seda raha nii pea kui wõimalik pidi olema ära maksta. Aga palus kohut temaga kannatada, sest tea praegu maksu jõueta olla.\n\nKohtu otsus\n\nKohus tegi ostuseks et Jüri Liiberg maksab 10 Rbl sest laenatud rahast Jüri Romulusele 23. Oktub. kp. s.a. ära ja 5 Rbl 87 kop peab tema 23. Aprilli kp 1891. aast ära maksma\n\nII Hans Tõno poeg Müilberg tunnistas kohtus, et temal oli Mäeküla walla tüdruku Tina Liweriga, poeg enen laulatamist olnud. Hans Müilberg oli Tina Liweri pärast selle lapse sündimist ära wõtnud omale naiseks ja tunnistas tõesti et see tema poeg olla, ja soowis et see laps saaks tema pojaks Salutaguse walla hinge kirja üles kirjutatud.\n\nKohtu wanem: Jüri Tinaberg xxx\n\nKõrwasmees: Hans Tollmann xxx\n\nJ. Müilberg xxx\n\nkirjutaja: O. Wender [allkiri]\n\n\n", "meta": {"origin_directory": "vallakohus_kolmas/"}, "layers": [{"name": "gold_ner", "attributes": ["nertag"], "parent": null, "enveloping": null, "ambiguous": false, "serialisation_module": null, "meta": {}, "spans": [{"base_span": [18, 31], "annotations": [{"nertag": "PER"}]}, {"base_span": [56, 69], "annotations": [{"nertag": "PER"}]}, {"base_span": [116, 128], "annotations": [{"nertag": "PER"}]}, {"base_span": [180, 192], "annotations": [{"nertag": "PER"}]}, {"base_span": [258, 272], "annotations": [{"nertag": "PER"}]}, {"base_span": [299, 312], "annotations": [{"nertag": "PER"}]}, {"base_span": [347, 360], "annotations": [{"nertag": "PER"}]}, {"base_span": [403, 418], "annotations": [{"nertag": "PER"}]}, {"base_span": [671, 683], "annotations": [{"nertag": "PER"}]}, {"base_span": [719, 734], "annotations": [{"nertag": "PER"}]}, {"base_span": [826, 849], "annotations": [{"nertag": "PER"}]}, {"base_span": [881, 894], "annotations": [{"nertag": "LOC_ORG"}]}, {"base_span": [903, 916], "annotations": [{"nertag": "PER"}]}, {"base_span": [947, 960], "annotations": [{"nertag": "PER"}]}, {"base_span": [965, 976], "annotations": [{"nertag": "PER"}]}, {"base_span": [1114, 1130], "annotations": [{"nertag": "LOC_ORG"}]}, {"base_span": [1174, 1187], "annotations": [{"nertag": "PER"}]}, {"base_span": [1205, 1218], "annotations": [{"nertag": "PER"}]}, {"base_span": [1224, 1235], "annotations": [{"nertag": "PER"}]}, {"base_span": [1252, 1261], "annotations": [{"nertag": "PER"}]}]}, {"name": "gold_wordner", "attributes": ["nertag"], "parent": null, "enveloping": null, "ambiguous": false, "serialisation_module": null, "meta": {}, "spans": [{"base_span": [1, 6], "annotations": [{"nertag": "O"}]}, {"base_span": [7, 12], "annotations": [{"nertag": "O"}]}, {"base_span": [13, 17], "annotations": [{"nertag": "O"}]}, {"base_span": [18, 22], "annotations": [{"nertag": "B-PER"}]}, {"base_span": [23, 31], "annotations": [{"nertag": "I-PER"}]}, {"base_span": [32, 34], "annotations": [{"nertag": "O"}]}, {"base_span": [35, 41], "annotations": [{"nertag": "O"}]}, {"base_span": [42, 44], "annotations": [{"nertag": "O"}]}, {"base_span": [45, 50], "annotations": [{"nertag": "O"}]}, {"base_span": [51, 55], "annotations": [{"nertag": "O"}]}, {"base_span": [56, 60], "annotations": [{"nertag": "B-PER"}]}, {"base_span": [61, 69], "annotations": [{"nertag": "I-PER"}]}, {"base_span": [70, 75], "annotations": [{"nertag": "O"}]}, {"base_span": [76, 78], "annotations": [{"nertag": "O"}]}, {"base_span": [79, 82], "annotations": [{"nertag": "O"}]}, {"base_span": [83, 85], "annotations": [{"nertag": "O"}]}, {"base_span": [86, 89], "annotations": [{"nertag": "O"}]}, {"base_span": [90, 94], "annotations": [{"nertag": "O"}]}, {"base_span": [95, 99], "annotations": [{"nertag": "O"}]}, {"base_span": [99, 100], "annotations": [{"nertag": "O"}]}, {"base_span": [101, 105], "annotations": [{"nertag": "O"}]}, {"base_span": [106, 110], "annotations": [{"nertag": "O"}]}, {"base_span": [111, 115], "annotations": [{"nertag": "O"}]}, {"base_span": [116, 120], "annotations": [{"nertag": "B-PER"}]}, {"base_span": [121, 128], "annotations": [{"nertag": "I-PER"}]}, {"base_span": [129, 133], "annotations": [{"nertag": "O"}]}, {"base_span": [134, 138], "annotations": [{"nertag": "O"}]}, {"base_span": [139, 144], "annotations": [{"nertag": "O"}]}, {"base_span": [145, 149], "annotations": [{"nertag": "O"}]}, {"base_span": [150, 154], "annotations": [{"nertag": "O"}]}, {"base_span": [155, 160], "annotations": [{"nertag": "O"}]}, {"base_span": [161, 168], "annotations": [{"nertag": "O"}]}, {"base_span": [168, 169], "annotations": [{"nertag": "O"}]}, {"base_span": [170, 174], "annotations": [{"nertag": "O"}]}, {"base_span": [175, 179], "annotations": [{"nertag": "O"}]}, {"base_span": [180, 184], "annotations": [{"nertag": "B-PER"}]}, {"base_span": [185, 192], "annotations": [{"nertag": "I-PER"}]}, {"base_span": [193, 197], "annotations": [{"nertag": "O"}]}, {"base_span": [198, 201], "annotations": [{"nertag": "O"}]}, {"base_span": [202, 209], "annotations": [{"nertag": "O"}]}, {"base_span": [211, 212], "annotations": [{"nertag": "O"}]}, {"base_span": [213, 216], "annotations": [{"nertag": "O"}]}, {"base_span": [216, 217], "annotations": [{"nertag": "O"}]}, {"base_span": [218, 222], "annotations": [{"nertag": "O"}]}, {"base_span": [223, 225], "annotations": [{"nertag": "O"}]}, {"base_span": [226, 231], "annotations": [{"nertag": "O"}]}, {"base_span": [232, 236], "annotations": [{"nertag": "O"}]}, {"base_span": [237, 242], "annotations": [{"nertag": "O"}]}, {"base_span": [243, 245], "annotations": [{"nertag": "O"}]}, {"base_span": [246, 249], "annotations": [{"nertag": "O"}]}, {"base_span": [250, 252], "annotations": [{"nertag": "O"}]}, {"base_span": [253, 256], "annotations": [{"nertag": "O"}]}, {"base_span": [256, 257], "annotations": [{"nertag": "O"}]}, {"base_span": [258, 262], "annotations": [{"nertag": "B-PER"}]}, {"base_span": [263, 272], "annotations": [{"nertag": "I-PER"}]}, {"base_span": [273, 276], "annotations": [{"nertag": "O"}]}, {"base_span": [277, 279], "annotations": [{"nertag": "O"}]}, {"base_span": [280, 289], "annotations": [{"nertag": "O"}]}, {"base_span": [290, 294], "annotations": [{"nertag": "O"}]}, {"base_span": [295, 298], "annotations": [{"nertag": "O"}]}, {"base_span": [299, 303], "annotations": [{"nertag": "B-PER"}]}, {"base_span": [304, 312], "annotations": [{"nertag": "I-PER"}]}, {"base_span": [313, 318], "annotations": [{"nertag": "O"}]}, {"base_span": [319, 323], "annotations": [{"nertag": "O"}]}, {"base_span": [324, 331], "annotations": [{"nertag": "O"}]}, {"base_span": [331, 332], "annotations": [{"nertag": "O"}]}, {"base_span": [334, 339], "annotations": [{"nertag": "O"}]}, {"base_span": [340, 346], "annotations": [{"nertag": "O"}]}, {"base_span": [347, 351], "annotations": [{"nertag": "B-PER"}]}, {"base_span": [352, 360], "annotations": [{"nertag": "I-PER"}]}, {"base_span": [361, 365], "annotations": [{"nertag": "O"}]}, {"base_span": [366, 368], "annotations": [{"nertag": "O"}]}, {"base_span": [369, 374], "annotations": [{"nertag": "O"}]}, {"base_span": [375, 381], "annotations": [{"nertag": "O"}]}, {"base_span": [381, 382], "annotations": [{"nertag": "O"}]}, {"base_span": [383, 386], "annotations": [{"nertag": "O"}]}, {"base_span": [387, 392], "annotations": [{"nertag": "O"}]}, {"base_span": [393, 397], "annotations": [{"nertag": "O"}]}, {"base_span": [398, 402], "annotations": [{"nertag": "O"}]}, {"base_span": [403, 407], "annotations": [{"nertag": "B-PER"}]}, {"base_span": [408, 418], "annotations": [{"nertag": "I-PER"}]}, {"base_span": [419, 421], "annotations": [{"nertag": "O"}]}, {"base_span": [422, 425], "annotations": [{"nertag": "O"}]}, {"base_span": [426, 428], "annotations": [{"nertag": "O"}]}, {"base_span": [429, 432], "annotations": [{"nertag": "O"}]}, {"base_span": [433, 439], "annotations": [{"nertag": "O"}]}, {"base_span": [439, 440], "annotations": [{"nertag": "O"}]}, {"base_span": [441, 444], "annotations": [{"nertag": "O"}]}, {"base_span": [445, 450], "annotations": [{"nertag": "O"}]}, {"base_span": [451, 455], "annotations": [{"nertag": "O"}]}, {"base_span": [456, 462], "annotations": [{"nertag": "O"}]}, {"base_span": [462, 463], "annotations": [{"nertag": "O"}]}, {"base_span": [464, 466], "annotations": [{"nertag": "O"}]}, {"base_span": [467, 472], "annotations": [{"nertag": "O"}]}, {"base_span": [473, 477], "annotations": [{"nertag": "O"}]}, {"base_span": [478, 484], "annotations": [{"nertag": "O"}]}, {"base_span": [485, 488], "annotations": [{"nertag": "O"}]}, {"base_span": [489, 494], "annotations": [{"nertag": "O"}]}, {"base_span": [495, 501], "annotations": [{"nertag": "O"}]}, {"base_span": [502, 504], "annotations": [{"nertag": "O"}]}, {"base_span": [505, 510], "annotations": [{"nertag": "O"}]}, {"base_span": [511, 515], "annotations": [{"nertag": "O"}]}, {"base_span": [516, 520], "annotations": [{"nertag": "O"}]}, {"base_span": [521, 524], "annotations": [{"nertag": "O"}]}, {"base_span": [525, 528], "annotations": [{"nertag": "O"}]}, {"base_span": [529, 532], "annotations": [{"nertag": "O"}]}, {"base_span": [533, 541], "annotations": [{"nertag": "O"}]}, {"base_span": [542, 546], "annotations": [{"nertag": "O"}]}, {"base_span": [547, 552], "annotations": [{"nertag": "O"}]}, {"base_span": [553, 556], "annotations": [{"nertag": "O"}]}, {"base_span": [557, 563], "annotations": [{"nertag": "O"}]}, {"base_span": [563, 564], "annotations": [{"nertag": "O"}]}, {"base_span": [565, 568], "annotations": [{"nertag": "O"}]}, {"base_span": [569, 574], "annotations": [{"nertag": "O"}]}, {"base_span": [575, 580], "annotations": [{"nertag": "O"}]}, {"base_span": [581, 587], "annotations": [{"nertag": "O"}]}, {"base_span": [588, 597], "annotations": [{"nertag": "O"}]}, {"base_span": [597, 598], "annotations": [{"nertag": "O"}]}, {"base_span": [599, 603], "annotations": [{"nertag": "O"}]}, {"base_span": [604, 607], "annotations": [{"nertag": "O"}]}, {"base_span": [608, 614], "annotations": [{"nertag": "O"}]}, {"base_span": [615, 620], "annotations": [{"nertag": "O"}]}, {"base_span": [621, 627], "annotations": [{"nertag": "O"}]}, {"base_span": [628, 632], "annotations": [{"nertag": "O"}]}, {"base_span": [632, 633], "annotations": [{"nertag": "O"}]}, {"base_span": [635, 640], "annotations": [{"nertag": "O"}]}, {"base_span": [641, 646], "annotations": [{"nertag": "O"}]}, {"base_span": [648, 653], "annotations": [{"nertag": "O"}]}, {"base_span": [654, 658], "annotations": [{"nertag": "O"}]}, {"base_span": [659, 667], "annotations": [{"nertag": "O"}]}, {"base_span": [668, 670], "annotations": [{"nertag": "O"}]}, {"base_span": [671, 675], "annotations": [{"nertag": "B-PER"}]}, {"base_span": [676, 683], "annotations": [{"nertag": "I-PER"}]}, {"base_span": [684, 690], "annotations": [{"nertag": "O"}]}, {"base_span": [691, 693], "annotations": [{"nertag": "O"}]}, {"base_span": [694, 697], "annotations": [{"nertag": "O"}]}, {"base_span": [698, 702], "annotations": [{"nertag": "O"}]}, {"base_span": [703, 711], "annotations": [{"nertag": "O"}]}, {"base_span": [712, 718], "annotations": [{"nertag": "O"}]}, {"base_span": [719, 723], "annotations": [{"nertag": "B-PER"}]}, {"base_span": [724, 734], "annotations": [{"nertag": "I-PER"}]}, {"base_span": [735, 738], "annotations": [{"nertag": "O"}]}, {"base_span": [739, 744], "annotations": [{"nertag": "O"}]}, {"base_span": [744, 745], "annotations": [{"nertag": "O"}]}, {"base_span": [746, 748], "annotations": [{"nertag": "O"}]}, {"base_span": [748, 749], "annotations": [{"nertag": "O"}]}, {"base_span": [750, 751], "annotations": [{"nertag": "O"}]}, {"base_span": [751, 752], "annotations": [{"nertag": "O"}]}, {"base_span": [752, 753], "annotations": [{"nertag": "O"}]}, {"base_span": [753, 754], "annotations": [{"nertag": "O"}]}, {"base_span": [755, 758], "annotations": [{"nertag": "O"}]}, {"base_span": [759, 761], "annotations": [{"nertag": "O"}]}, {"base_span": [762, 763], "annotations": [{"nertag": "O"}]}, {"base_span": [764, 767], "annotations": [{"nertag": "O"}]}, {"base_span": [768, 770], "annotations": [{"nertag": "O"}]}, {"base_span": [771, 774], "annotations": [{"nertag": "O"}]}, {"base_span": [775, 779], "annotations": [{"nertag": "O"}]}, {"base_span": [780, 784], "annotations": [{"nertag": "O"}]}, {"base_span": [785, 788], "annotations": [{"nertag": "O"}]}, {"base_span": [789, 796], "annotations": [{"nertag": "O"}]}, {"base_span": [797, 799], "annotations": [{"nertag": "O"}]}, {"base_span": [800, 805], "annotations": [{"nertag": "O"}]}, {"base_span": [806, 810], "annotations": [{"nertag": "O"}]}, {"base_span": [811, 814], "annotations": [{"nertag": "O"}]}, {"base_span": [815, 821], "annotations": [{"nertag": "O"}]}, {"base_span": [823, 825], "annotations": [{"nertag": "O"}]}, {"base_span": [826, 830], "annotations": [{"nertag": "B-PER"}]}, {"base_span": [831, 835], "annotations": [{"nertag": "I-PER"}]}, {"base_span": [836, 840], "annotations": [{"nertag": "I-PER"}]}, {"base_span": [841, 849], "annotations": [{"nertag": "I-PER"}]}, {"base_span": [850, 859], "annotations": [{"nertag": "O"}]}, {"base_span": [860, 866], "annotations": [{"nertag": "O"}]}, {"base_span": [866, 867], "annotations": [{"nertag": "O"}]}, {"base_span": [868, 870], "annotations": [{"nertag": "O"}]}, {"base_span": [871, 876], "annotations": [{"nertag": "O"}]}, {"base_span": [877, 880], "annotations": [{"nertag": "O"}]}, {"base_span": [881, 888], "annotations": [{"nertag": "B-LOC_ORG"}]}, {"base_span": [889, 894], "annotations": [{"nertag": "I-LOC_ORG"}]}, {"base_span": [895, 902], "annotations": [{"nertag": "O"}]}, {"base_span": [903, 907], "annotations": [{"nertag": "B-PER"}]}, {"base_span": [908, 916], "annotations": [{"nertag": "I-PER"}]}, {"base_span": [916, 917], "annotations": [{"nertag": "O"}]}, {"base_span": [918, 922], "annotations": [{"nertag": "O"}]}, {"base_span": [923, 927], "annotations": [{"nertag": "O"}]}, {"base_span": [928, 939], "annotations": [{"nertag": "O"}]}, {"base_span": [940, 945], "annotations": [{"nertag": "O"}]}, {"base_span": [945, 946], "annotations": [{"nertag": "O"}]}, {"base_span": [947, 951], "annotations": [{"nertag": "B-PER"}]}, {"base_span": [952, 960], "annotations": [{"nertag": "I-PER"}]}, {"base_span": [961, 964], "annotations": [{"nertag": "O"}]}, {"base_span": [965, 969], "annotations": [{"nertag": "B-PER"}]}, {"base_span": [970, 976], "annotations": [{"nertag": "I-PER"}]}, {"base_span": [977, 983], "annotations": [{"nertag": "O"}]}, {"base_span": [984, 989], "annotations": [{"nertag": "O"}]}, {"base_span": [990, 995], "annotations": [{"nertag": "O"}]}, {"base_span": [996, 1005], "annotations": [{"nertag": "O"}]}, {"base_span": [1006, 1009], "annotations": [{"nertag": "O"}]}, {"base_span": [1010, 1016], "annotations": [{"nertag": "O"}]}, {"base_span": [1017, 1022], "annotations": [{"nertag": "O"}]}, {"base_span": [1023, 1030], "annotations": [{"nertag": "O"}]}, {"base_span": [1031, 1033], "annotations": [{"nertag": "O"}]}, {"base_span": [1034, 1043], "annotations": [{"nertag": "O"}]}, {"base_span": [1044, 1050], "annotations": [{"nertag": "O"}]}, {"base_span": [1051, 1053], "annotations": [{"nertag": "O"}]}, {"base_span": [1054, 1057], "annotations": [{"nertag": "O"}]}, {"base_span": [1058, 1062], "annotations": [{"nertag": "O"}]}, {"base_span": [1063, 1067], "annotations": [{"nertag": "O"}]}, {"base_span": [1068, 1072], "annotations": [{"nertag": "O"}]}, {"base_span": [1072, 1073], "annotations": [{"nertag": "O"}]}, {"base_span": [1074, 1076], "annotations": [{"nertag": "O"}]}, {"base_span": [1077, 1083], "annotations": [{"nertag": "O"}]}, {"base_span": [1084, 1086], "annotations": [{"nertag": "O"}]}, {"base_span": [1087, 1090], "annotations": [{"nertag": "O"}]}, {"base_span": [1091, 1095], "annotations": [{"nertag": "O"}]}, {"base_span": [1096, 1101], "annotations": [{"nertag": "O"}]}, {"base_span": [1102, 1106], "annotations": [{"nertag": "O"}]}, {"base_span": [1107, 1113], "annotations": [{"nertag": "O"}]}, {"base_span": [1114, 1124], "annotations": [{"nertag": "B-LOC_ORG"}]}, {"base_span": [1125, 1130], "annotations": [{"nertag": "I-LOC_ORG"}]}, {"base_span": [1131, 1136], "annotations": [{"nertag": "O"}]}, {"base_span": [1137, 1142], "annotations": [{"nertag": "O"}]}, {"base_span": [1143, 1147], "annotations": [{"nertag": "O"}]}, {"base_span": [1148, 1158], "annotations": [{"nertag": "O"}]}, {"base_span": [1158, 1159], "annotations": [{"nertag": "O"}]}, {"base_span": [1161, 1166], "annotations": [{"nertag": "O"}]}, {"base_span": [1167, 1172], "annotations": [{"nertag": "O"}]}, {"base_span": [1172, 1173], "annotations": [{"nertag": "O"}]}, {"base_span": [1174, 1178], "annotations": [{"nertag": "B-PER"}]}, {"base_span": [1179, 1187], "annotations": [{"nertag": "I-PER"}]}, {"base_span": [1188, 1191], "annotations": [{"nertag": "O"}]}, {"base_span": [1193, 1203], "annotations": [{"nertag": "O"}]}, {"base_span": [1203, 1204], "annotations": [{"nertag": "O"}]}, {"base_span": [1205, 1209], "annotations": [{"nertag": "B-PER"}]}, {"base_span": [1210, 1218], "annotations": [{"nertag": "I-PER"}]}, {"base_span": [1219, 1222], "annotations": [{"nertag": "O"}]}, {"base_span": [1224, 1225], "annotations": [{"nertag": "B-PER"}]}, {"base_span": [1225, 1226], "annotations": [{"nertag": "I-PER"}]}, {"base_span": [1227, 1235], "annotations": [{"nertag": "I-PER"}]}, {"base_span": [1236, 1239], "annotations": [{"nertag": "O"}]}, {"base_span": [1241, 1250], "annotations": [{"nertag": "O"}]}, {"base_span": [1250, 1251], "annotations": [{"nertag": "O"}]}, {"base_span": [1252, 1253], "annotations": [{"nertag": "B-PER"}]}, {"base_span": [1253, 1254], "annotations": [{"nertag": "I-PER"}]}, {"base_span": [1255, 1261], "annotations": [{"nertag": "I-PER"}]}, {"base_span": [1262, 1263], "annotations": [{"nertag": "O"}]}, {"base_span": [1263, 1270], "annotations": [{"nertag": "O"}]}, {"base_span": [1270, 1271], "annotations": [{"nertag": "O"}]}]}]}