{"text": "\nKaebas kohto ette walla tallitaja Jaan Nöurus tema on minewa näddala Tuiso kõrtso Madli Männartile käinud käsko andmas,et temma omma Maggasi wölga 1 Tsetwerik rukkid peab tullema ärra maksma.(Madli Männart on minewa aasta mitto käsko sanud,ja tännäwu süggise ka mitte käsko külla kubjaga sanud ).Madli Männart sanud wihhaseks ja üttelnud et temal Maggasi wölga ei olle,Körgemä Jaan Hergauk olla 1869 aast.temma Maggasi wölla keik ärra tassund.Tallitaja kaskind tedda kohto päwal kohto ette tulla,et se wölg saab siis kohto ees järrel kulalatud.Madli Männart üttelnud,temmal ei olle Maggasisse wölgo ja kohto ette temma ka ei tulle.Tallitaja annud siis külla kubjale kässo,et temma Madli Männartid kohto päwal walla kohto ette peab toma.\n\nEtte kutsutud Madli Männart.Kohhus küssis miks tema oma Maggasi wölga ärra ei maksa ja ni mitto käsko on sanud.Madli Männart kostis:temmal Maggasisse wölgo ei olle,Jaan Hergauk olla 1869 aastal temma Maggasi wölgo 1  1/2 wakka ohri 1/2 wakka rukkid ärra tassund.\n\nEtte kutsutud Jaan Hergauk.Kohhus küssis paljo temma on Madli Männarti eest Maggasisse maksnud.Jaan Hergauk ütles tema on 1869 aastal Madli Männarti käest ühhe kersto ostnud ja lubband selle kersto eest 2 wakka ohri anda,1  1/2 wakka maksnud Maggasisse ja pool wakka annud temma omma kätte,rukkid ei olle temma maksnud.\n\nKohtu möistus.Kohhus möistis et Madli Männart peab selle walle eest mis temma kohto ees on walletand ja omma Maggasi wölga tühja tallitaja wasto taggasi waielnd 24 tunniks tuhthonesse,ja omma Maggasi wölg peab temma tullewa süggise ärra maksma.Sai omma trahw kätte.\n\nKohtowannem Jaan Tiismann +++,Kõrwasmehhed Jaan Wingelman +++,Jaan Willard +++,Kirjotaja Otto Martinoff(allkiri)\n\n\n", "meta": {"origin_directory": "vallakohus_neljas/"}, "layers": [{"name": "gold_ner", "attributes": ["nertag"], "parent": null, "enveloping": null, "ambiguous": false, "serialisation_module": null, "meta": {}, "spans": [{"base_span": [35, 46], "annotations": [{"nertag": "PER"}]}, {"base_span": [70, 82], "annotations": [{"nertag": "LOC_ORG"}]}, {"base_span": [83, 99], "annotations": [{"nertag": "PER"}]}, {"base_span": [193, 206], "annotations": [{"nertag": "PER"}]}, {"base_span": [297, 310], "annotations": [{"nertag": "PER"}]}, {"base_span": [370, 377], "annotations": [{"nertag": "LOC_ORG"}]}, {"base_span": [378, 390], "annotations": [{"nertag": "PER"}]}, {"base_span": [545, 558], "annotations": [{"nertag": "PER"}]}, {"base_span": [682, 697], "annotations": [{"nertag": "PER"}]}, {"base_span": [753, 766], "annotations": [{"nertag": "PER"}]}, {"base_span": [850, 863], "annotations": [{"nertag": "PER"}]}, {"base_span": [903, 915], "annotations": [{"nertag": "PER"}]}, {"base_span": [1017, 1029], "annotations": [{"nertag": "PER"}]}, {"base_span": [1059, 1073], "annotations": [{"nertag": "PER"}]}, {"base_span": [1098, 1110], "annotations": [{"nertag": "PER"}]}, {"base_span": [1137, 1151], "annotations": [{"nertag": "PER"}]}, {"base_span": [1356, 1369], "annotations": [{"nertag": "PER"}]}, {"base_span": [1603, 1616], "annotations": [{"nertag": "PER"}]}, {"base_span": [1634, 1648], "annotations": [{"nertag": "PER"}]}, {"base_span": [1653, 1665], "annotations": [{"nertag": "PER"}]}, {"base_span": [1680, 1694], "annotations": [{"nertag": "PER"}]}]}, {"name": "gold_wordner", "attributes": ["nertag"], "parent": null, "enveloping": null, "ambiguous": false, "serialisation_module": null, "meta": {}, "spans": [{"base_span": [1, 7], "annotations": [{"nertag": "O"}]}, {"base_span": [8, 13], "annotations": [{"nertag": "O"}]}, {"base_span": [14, 18], "annotations": [{"nertag": "O"}]}, {"base_span": [19, 24], "annotations": [{"nertag": "O"}]}, {"base_span": [25, 34], "annotations": [{"nertag": "O"}]}, {"base_span": [35, 39], "annotations": [{"nertag": "B-PER"}]}, {"base_span": [40, 46], "annotations": [{"nertag": "I-PER"}]}, {"base_span": [47, 51], "annotations": [{"nertag": "O"}]}, {"base_span": [52, 54], "annotations": [{"nertag": "O"}]}, {"base_span": [55, 61], "annotations": [{"nertag": "O"}]}, {"base_span": [62, 69], "annotations": [{"nertag": "O"}]}, {"base_span": [70, 75], "annotations": [{"nertag": "B-LOC_ORG"}]}, {"base_span": [76, 82], "annotations": [{"nertag": "I-LOC_ORG"}]}, {"base_span": [83, 88], "annotations": [{"nertag": "B-PER"}]}, {"base_span": [89, 99], "annotations": [{"nertag": "I-PER"}]}, {"base_span": [100, 106], "annotations": [{"nertag": "O"}]}, {"base_span": [107, 112], "annotations": [{"nertag": "O"}]}, {"base_span": [113, 119], "annotations": [{"nertag": "O"}]}, {"base_span": [119, 120], "annotations": [{"nertag": "O"}]}, {"base_span": [120, 122], "annotations": [{"nertag": "O"}]}, {"base_span": [123, 128], "annotations": [{"nertag": "O"}]}, {"base_span": [129, 133], "annotations": [{"nertag": "O"}]}, {"base_span": [134, 141], "annotations": [{"nertag": "O"}]}, {"base_span": [142, 147], "annotations": [{"nertag": "O"}]}, {"base_span": [148, 149], "annotations": [{"nertag": "O"}]}, {"base_span": [150, 159], "annotations": [{"nertag": "O"}]}, {"base_span": [160, 166], "annotations": [{"nertag": "O"}]}, {"base_span": [167, 171], "annotations": [{"nertag": "O"}]}, {"base_span": [172, 179], "annotations": [{"nertag": "O"}]}, {"base_span": [180, 184], "annotations": [{"nertag": "O"}]}, {"base_span": [185, 191], "annotations": [{"nertag": "O"}]}, {"base_span": [191, 192], "annotations": [{"nertag": "O"}]}, {"base_span": [192, 193], "annotations": [{"nertag": "O"}]}, {"base_span": [193, 198], "annotations": [{"nertag": "B-PER"}]}, {"base_span": [199, 206], "annotations": [{"nertag": "I-PER"}]}, {"base_span": [207, 209], "annotations": [{"nertag": "O"}]}, {"base_span": [210, 216], "annotations": [{"nertag": "O"}]}, {"base_span": [217, 222], "annotations": [{"nertag": "O"}]}, {"base_span": [223, 228], "annotations": [{"nertag": "O"}]}, {"base_span": [229, 234], "annotations": [{"nertag": "O"}]}, {"base_span": [235, 240], "annotations": [{"nertag": "O"}]}, {"base_span": [240, 241], "annotations": [{"nertag": "O"}]}, {"base_span": [241, 243], "annotations": [{"nertag": "O"}]}, {"base_span": [244, 251], "annotations": [{"nertag": "O"}]}, {"base_span": [252, 259], "annotations": [{"nertag": "O"}]}, {"base_span": [260, 262], "annotations": [{"nertag": "O"}]}, {"base_span": [263, 268], "annotations": [{"nertag": "O"}]}, {"base_span": [269, 274], "annotations": [{"nertag": "O"}]}, {"base_span": [275, 280], "annotations": [{"nertag": "O"}]}, {"base_span": [281, 288], "annotations": [{"nertag": "O"}]}, {"base_span": [289, 294], "annotations": [{"nertag": "O"}]}, {"base_span": [295, 296], "annotations": [{"nertag": "O"}]}, {"base_span": [296, 297], "annotations": [{"nertag": "O"}]}, {"base_span": [297, 302], "annotations": [{"nertag": "B-PER"}]}, {"base_span": [303, 310], "annotations": [{"nertag": "I-PER"}]}, {"base_span": [311, 316], "annotations": [{"nertag": "O"}]}, {"base_span": [317, 326], "annotations": [{"nertag": "O"}]}, {"base_span": [327, 329], "annotations": [{"nertag": "O"}]}, {"base_span": [330, 338], "annotations": [{"nertag": "O"}]}, {"base_span": [339, 341], "annotations": [{"nertag": "O"}]}, {"base_span": [342, 347], "annotations": [{"nertag": "O"}]}, {"base_span": [348, 355], "annotations": [{"nertag": "O"}]}, {"base_span": [356, 361], "annotations": [{"nertag": "O"}]}, {"base_span": [362, 364], "annotations": [{"nertag": "O"}]}, {"base_span": [365, 369], "annotations": [{"nertag": "O"}]}, {"base_span": [369, 370], "annotations": [{"nertag": "O"}]}, {"base_span": [370, 377], "annotations": [{"nertag": "B-LOC_ORG"}]}, {"base_span": [378, 382], "annotations": [{"nertag": "B-PER"}]}, {"base_span": [383, 390], "annotations": [{"nertag": "I-PER"}]}, {"base_span": [391, 395], "annotations": [{"nertag": "O"}]}, {"base_span": [396, 400], "annotations": [{"nertag": "O"}]}, {"base_span": [401, 405], "annotations": [{"nertag": "O"}]}, {"base_span": [405, 406], "annotations": [{"nertag": "O"}]}, {"base_span": [406, 411], "annotations": [{"nertag": "O"}]}, {"base_span": [412, 419], "annotations": [{"nertag": "O"}]}, {"base_span": [420, 425], "annotations": [{"nertag": "O"}]}, {"base_span": [426, 430], "annotations": [{"nertag": "O"}]}, {"base_span": [431, 435], "annotations": [{"nertag": "O"}]}, {"base_span": [436, 443], "annotations": [{"nertag": "O"}]}, {"base_span": [443, 444], "annotations": [{"nertag": "O"}]}, {"base_span": [444, 453], "annotations": [{"nertag": "O"}]}, {"base_span": [454, 461], "annotations": [{"nertag": "O"}]}, {"base_span": [462, 467], "annotations": [{"nertag": "O"}]}, {"base_span": [468, 473], "annotations": [{"nertag": "O"}]}, {"base_span": [474, 479], "annotations": [{"nertag": "O"}]}, {"base_span": [480, 485], "annotations": [{"nertag": "O"}]}, {"base_span": [486, 490], "annotations": [{"nertag": "O"}]}, {"base_span": [491, 496], "annotations": [{"nertag": "O"}]}, {"base_span": [496, 497], "annotations": [{"nertag": "O"}]}, {"base_span": [497, 499], "annotations": [{"nertag": "O"}]}, {"base_span": [500, 502], "annotations": [{"nertag": "O"}]}, {"base_span": [503, 507], "annotations": [{"nertag": "O"}]}, {"base_span": [508, 512], "annotations": [{"nertag": "O"}]}, {"base_span": [513, 517], "annotations": [{"nertag": "O"}]}, {"base_span": [518, 523], "annotations": [{"nertag": "O"}]}, {"base_span": [524, 527], "annotations": [{"nertag": "O"}]}, {"base_span": [528, 534], "annotations": [{"nertag": "O"}]}, {"base_span": [535, 544], "annotations": [{"nertag": "O"}]}, {"base_span": [544, 545], "annotations": [{"nertag": "O"}]}, {"base_span": [545, 550], "annotations": [{"nertag": "B-PER"}]}, {"base_span": [551, 558], "annotations": [{"nertag": "I-PER"}]}, {"base_span": [559, 567], "annotations": [{"nertag": "O"}]}, {"base_span": [567, 568], "annotations": [{"nertag": "O"}]}, {"base_span": [568, 574], "annotations": [{"nertag": "O"}]}, {"base_span": [575, 577], "annotations": [{"nertag": "O"}]}, {"base_span": [578, 582], "annotations": [{"nertag": "O"}]}, {"base_span": [583, 593], "annotations": [{"nertag": "O"}]}, {"base_span": [594, 599], "annotations": [{"nertag": "O"}]}, {"base_span": [600, 602], "annotations": [{"nertag": "O"}]}, {"base_span": [603, 608], "annotations": [{"nertag": "O"}]}, {"base_span": [609, 613], "annotations": [{"nertag": "O"}]}, {"base_span": [614, 619], "annotations": [{"nertag": "O"}]}, {"base_span": [620, 622], "annotations": [{"nertag": "O"}]}, {"base_span": [623, 625], "annotations": [{"nertag": "O"}]}, {"base_span": [626, 631], "annotations": [{"nertag": "O"}]}, {"base_span": [631, 632], "annotations": [{"nertag": "O"}]}, {"base_span": [632, 641], "annotations": [{"nertag": "O"}]}, {"base_span": [642, 647], "annotations": [{"nertag": "O"}]}, {"base_span": [648, 652], "annotations": [{"nertag": "O"}]}, {"base_span": [653, 658], "annotations": [{"nertag": "O"}]}, {"base_span": [659, 666], "annotations": [{"nertag": "O"}]}, {"base_span": [667, 672], "annotations": [{"nertag": "O"}]}, {"base_span": [672, 673], "annotations": [{"nertag": "O"}]}, {"base_span": [673, 675], "annotations": [{"nertag": "O"}]}, {"base_span": [676, 681], "annotations": [{"nertag": "O"}]}, {"base_span": [682, 687], "annotations": [{"nertag": "B-PER"}]}, {"base_span": [688, 697], "annotations": [{"nertag": "I-PER"}]}, {"base_span": [698, 703], "annotations": [{"nertag": "O"}]}, {"base_span": [704, 709], "annotations": [{"nertag": "O"}]}, {"base_span": [710, 715], "annotations": [{"nertag": "O"}]}, {"base_span": [716, 721], "annotations": [{"nertag": "O"}]}, {"base_span": [722, 726], "annotations": [{"nertag": "O"}]}, {"base_span": [727, 731], "annotations": [{"nertag": "O"}]}, {"base_span": [732, 736], "annotations": [{"nertag": "O"}]}, {"base_span": [736, 737], "annotations": [{"nertag": "O"}]}, {"base_span": [739, 743], "annotations": [{"nertag": "O"}]}, {"base_span": [744, 752], "annotations": [{"nertag": "O"}]}, {"base_span": [753, 758], "annotations": [{"nertag": "B-PER"}]}, {"base_span": [759, 766], "annotations": [{"nertag": "I-PER"}]}, {"base_span": [766, 767], "annotations": [{"nertag": "O"}]}, {"base_span": [767, 773], "annotations": [{"nertag": "O"}]}, {"base_span": [774, 780], "annotations": [{"nertag": "O"}]}, {"base_span": [781, 785], "annotations": [{"nertag": "O"}]}, {"base_span": [786, 790], "annotations": [{"nertag": "O"}]}, {"base_span": [791, 794], "annotations": [{"nertag": "O"}]}, {"base_span": [795, 802], "annotations": [{"nertag": "O"}]}, {"base_span": [803, 808], "annotations": [{"nertag": "O"}]}, {"base_span": [809, 813], "annotations": [{"nertag": "O"}]}, {"base_span": [814, 816], "annotations": [{"nertag": "O"}]}, {"base_span": [817, 822], "annotations": [{"nertag": "O"}]}, {"base_span": [823, 825], "annotations": [{"nertag": "O"}]}, {"base_span": [826, 828], "annotations": [{"nertag": "O"}]}, {"base_span": [829, 834], "annotations": [{"nertag": "O"}]}, {"base_span": [835, 840], "annotations": [{"nertag": "O"}]}, {"base_span": [841, 843], "annotations": [{"nertag": "O"}]}, {"base_span": [844, 849], "annotations": [{"nertag": "O"}]}, {"base_span": [849, 850], "annotations": [{"nertag": "O"}]}, {"base_span": [850, 855], "annotations": [{"nertag": "B-PER"}]}, {"base_span": [856, 863], "annotations": [{"nertag": "I-PER"}]}, {"base_span": [864, 870], "annotations": [{"nertag": "O"}]}, {"base_span": [870, 871], "annotations": [{"nertag": "O"}]}, {"base_span": [871, 877], "annotations": [{"nertag": "O"}]}, {"base_span": [878, 888], "annotations": [{"nertag": "O"}]}, {"base_span": [889, 894], "annotations": [{"nertag": "O"}]}, {"base_span": [895, 897], "annotations": [{"nertag": "O"}]}, {"base_span": [898, 902], "annotations": [{"nertag": "O"}]}, {"base_span": [902, 903], "annotations": [{"nertag": "O"}]}, {"base_span": [903, 907], "annotations": [{"nertag": "B-PER"}]}, {"base_span": [908, 915], "annotations": [{"nertag": "I-PER"}]}, {"base_span": [916, 920], "annotations": [{"nertag": "O"}]}, {"base_span": [921, 925], "annotations": [{"nertag": "O"}]}, {"base_span": [926, 932], "annotations": [{"nertag": "O"}]}, {"base_span": [933, 938], "annotations": [{"nertag": "O"}]}, {"base_span": [939, 946], "annotations": [{"nertag": "O"}]}, {"base_span": [947, 952], "annotations": [{"nertag": "O"}]}, {"base_span": [953, 954], "annotations": [{"nertag": "O"}]}, {"base_span": [956, 957], "annotations": [{"nertag": "O"}]}, {"base_span": [957, 958], "annotations": [{"nertag": "O"}]}, {"base_span": [958, 959], "annotations": [{"nertag": "O"}]}, {"base_span": [960, 965], "annotations": [{"nertag": "O"}]}, {"base_span": [966, 970], "annotations": [{"nertag": "O"}]}, {"base_span": [971, 972], "annotations": [{"nertag": "O"}]}, {"base_span": [972, 973], "annotations": [{"nertag": "O"}]}, {"base_span": [973, 974], "annotations": [{"nertag": "O"}]}, {"base_span": [975, 980], "annotations": [{"nertag": "O"}]}, {"base_span": [981, 987], "annotations": [{"nertag": "O"}]}, {"base_span": [988, 992], "annotations": [{"nertag": "O"}]}, {"base_span": [993, 1000], "annotations": [{"nertag": "O"}]}, {"base_span": [1000, 1001], "annotations": [{"nertag": "O"}]}, {"base_span": [1003, 1007], "annotations": [{"nertag": "O"}]}, {"base_span": [1008, 1016], "annotations": [{"nertag": "O"}]}, {"base_span": [1017, 1021], "annotations": [{"nertag": "B-PER"}]}, {"base_span": [1022, 1029], "annotations": [{"nertag": "I-PER"}]}, {"base_span": [1029, 1030], "annotations": [{"nertag": "O"}]}, {"base_span": [1030, 1036], "annotations": [{"nertag": "O"}]}, {"base_span": [1037, 1043], "annotations": [{"nertag": "O"}]}, {"base_span": [1044, 1049], "annotations": [{"nertag": "O"}]}, {"base_span": [1050, 1055], "annotations": [{"nertag": "O"}]}, {"base_span": [1056, 1058], "annotations": [{"nertag": "O"}]}, {"base_span": [1059, 1064], "annotations": [{"nertag": "B-PER"}]}, {"base_span": [1065, 1073], "annotations": [{"nertag": "I-PER"}]}, {"base_span": [1074, 1078], "annotations": [{"nertag": "O"}]}, {"base_span": [1079, 1089], "annotations": [{"nertag": "O"}]}, {"base_span": [1090, 1097], "annotations": [{"nertag": "O"}]}, {"base_span": [1097, 1098], "annotations": [{"nertag": "O"}]}, {"base_span": [1098, 1102], "annotations": [{"nertag": "B-PER"}]}, {"base_span": [1103, 1110], "annotations": [{"nertag": "I-PER"}]}, {"base_span": [1111, 1116], "annotations": [{"nertag": "O"}]}, {"base_span": [1117, 1121], "annotations": [{"nertag": "O"}]}, {"base_span": [1122, 1124], "annotations": [{"nertag": "O"}]}, {"base_span": [1125, 1129], "annotations": [{"nertag": "O"}]}, {"base_span": [1130, 1136], "annotations": [{"nertag": "O"}]}, {"base_span": [1137, 1142], "annotations": [{"nertag": "B-PER"}]}, {"base_span": [1143, 1151], "annotations": [{"nertag": "I-PER"}]}, {"base_span": [1152, 1157], "annotations": [{"nertag": "O"}]}, {"base_span": [1158, 1162], "annotations": [{"nertag": "O"}]}, {"base_span": [1163, 1169], "annotations": [{"nertag": "O"}]}, {"base_span": [1170, 1176], "annotations": [{"nertag": "O"}]}, {"base_span": [1177, 1179], "annotations": [{"nertag": "O"}]}, {"base_span": [1180, 1187], "annotations": [{"nertag": "O"}]}, {"base_span": [1188, 1193], "annotations": [{"nertag": "O"}]}, {"base_span": [1194, 1200], "annotations": [{"nertag": "O"}]}, {"base_span": [1201, 1205], "annotations": [{"nertag": "O"}]}, {"base_span": [1206, 1207], "annotations": [{"nertag": "O"}]}, {"base_span": [1208, 1213], "annotations": [{"nertag": "O"}]}, {"base_span": [1214, 1218], "annotations": [{"nertag": "O"}]}, {"base_span": [1219, 1223], "annotations": [{"nertag": "O"}]}, {"base_span": [1223, 1224], "annotations": [{"nertag": "O"}]}, {"base_span": [1224, 1225], "annotations": [{"nertag": "O"}]}, {"base_span": [1227, 1228], "annotations": [{"nertag": "O"}]}, {"base_span": [1228, 1229], "annotations": [{"nertag": "O"}]}, {"base_span": [1229, 1230], "annotations": [{"nertag": "O"}]}, {"base_span": [1231, 1236], "annotations": [{"nertag": "O"}]}, {"base_span": [1237, 1244], "annotations": [{"nertag": "O"}]}, {"base_span": [1245, 1255], "annotations": [{"nertag": "O"}]}, {"base_span": [1256, 1258], "annotations": [{"nertag": "O"}]}, {"base_span": [1259, 1263], "annotations": [{"nertag": "O"}]}, {"base_span": [1264, 1269], "annotations": [{"nertag": "O"}]}, {"base_span": [1270, 1275], "annotations": [{"nertag": "O"}]}, {"base_span": [1276, 1281], "annotations": [{"nertag": "O"}]}, {"base_span": [1282, 1286], "annotations": [{"nertag": "O"}]}, {"base_span": [1287, 1292], "annotations": [{"nertag": "O"}]}, {"base_span": [1292, 1293], "annotations": [{"nertag": "O"}]}, {"base_span": [1293, 1299], "annotations": [{"nertag": "O"}]}, {"base_span": [1300, 1302], "annotations": [{"nertag": "O"}]}, {"base_span": [1303, 1307], "annotations": [{"nertag": "O"}]}, {"base_span": [1308, 1313], "annotations": [{"nertag": "O"}]}, {"base_span": [1314, 1321], "annotations": [{"nertag": "O"}]}, {"base_span": [1321, 1322], "annotations": [{"nertag": "O"}]}, {"base_span": [1324, 1329], "annotations": [{"nertag": "O"}]}, {"base_span": [1330, 1337], "annotations": [{"nertag": "O"}]}, {"base_span": [1337, 1338], "annotations": [{"nertag": "O"}]}, {"base_span": [1338, 1344], "annotations": [{"nertag": "O"}]}, {"base_span": [1345, 1352], "annotations": [{"nertag": "O"}]}, {"base_span": [1353, 1355], "annotations": [{"nertag": "O"}]}, {"base_span": [1356, 1361], "annotations": [{"nertag": "B-PER"}]}, {"base_span": [1362, 1369], "annotations": [{"nertag": "I-PER"}]}, {"base_span": [1370, 1374], "annotations": [{"nertag": "O"}]}, {"base_span": [1375, 1380], "annotations": [{"nertag": "O"}]}, {"base_span": [1381, 1386], "annotations": [{"nertag": "O"}]}, {"base_span": [1387, 1391], "annotations": [{"nertag": "O"}]}, {"base_span": [1392, 1395], "annotations": [{"nertag": "O"}]}, {"base_span": [1396, 1401], "annotations": [{"nertag": "O"}]}, {"base_span": [1402, 1407], "annotations": [{"nertag": "O"}]}, {"base_span": [1408, 1411], "annotations": [{"nertag": "O"}]}, {"base_span": [1412, 1414], "annotations": [{"nertag": "O"}]}, {"base_span": [1415, 1424], "annotations": [{"nertag": "O"}]}, {"base_span": [1425, 1427], "annotations": [{"nertag": "O"}]}, {"base_span": [1428, 1432], "annotations": [{"nertag": "O"}]}, {"base_span": [1433, 1440], "annotations": [{"nertag": "O"}]}, {"base_span": [1441, 1446], "annotations": [{"nertag": "O"}]}, {"base_span": [1447, 1452], "annotations": [{"nertag": "O"}]}, {"base_span": [1453, 1462], "annotations": [{"nertag": "O"}]}, {"base_span": [1463, 1468], "annotations": [{"nertag": "O"}]}, {"base_span": [1469, 1476], "annotations": [{"nertag": "O"}]}, {"base_span": [1477, 1484], "annotations": [{"nertag": "O"}]}, {"base_span": [1485, 1487], "annotations": [{"nertag": "O"}]}, {"base_span": [1488, 1495], "annotations": [{"nertag": "O"}]}, {"base_span": [1496, 1507], "annotations": [{"nertag": "O"}]}, {"base_span": [1507, 1508], "annotations": [{"nertag": "O"}]}, {"base_span": [1508, 1510], "annotations": [{"nertag": "O"}]}, {"base_span": [1511, 1515], "annotations": [{"nertag": "O"}]}, {"base_span": [1516, 1523], "annotations": [{"nertag": "O"}]}, {"base_span": [1524, 1528], "annotations": [{"nertag": "O"}]}, {"base_span": [1529, 1533], "annotations": [{"nertag": "O"}]}, {"base_span": [1534, 1539], "annotations": [{"nertag": "O"}]}, {"base_span": [1540, 1547], "annotations": [{"nertag": "O"}]}, {"base_span": [1548, 1555], "annotations": [{"nertag": "O"}]}, {"base_span": [1556, 1560], "annotations": [{"nertag": "O"}]}, {"base_span": [1561, 1567], "annotations": [{"nertag": "O"}]}, {"base_span": [1567, 1568], "annotations": [{"nertag": "O"}]}, {"base_span": [1568, 1571], "annotations": [{"nertag": "O"}]}, {"base_span": [1572, 1576], "annotations": [{"nertag": "O"}]}, {"base_span": [1577, 1582], "annotations": [{"nertag": "O"}]}, {"base_span": [1583, 1588], "annotations": [{"nertag": "O"}]}, {"base_span": [1588, 1589], "annotations": [{"nertag": "O"}]}, {"base_span": [1591, 1602], "annotations": [{"nertag": "O"}]}, {"base_span": [1603, 1607], "annotations": [{"nertag": "B-PER"}]}, {"base_span": [1608, 1616], "annotations": [{"nertag": "I-PER"}]}, {"base_span": [1617, 1618], "annotations": [{"nertag": "O"}]}, {"base_span": [1618, 1619], "annotations": [{"nertag": "O"}]}, {"base_span": [1619, 1620], "annotations": [{"nertag": "O"}]}, {"base_span": [1620, 1621], "annotations": [{"nertag": "O"}]}, {"base_span": [1621, 1633], "annotations": [{"nertag": "O"}]}, {"base_span": [1634, 1638], "annotations": [{"nertag": "B-PER"}]}, {"base_span": [1639, 1648], "annotations": [{"nertag": "I-PER"}]}, {"base_span": [1649, 1650], "annotations": [{"nertag": "O"}]}, {"base_span": [1650, 1651], "annotations": [{"nertag": "O"}]}, {"base_span": [1651, 1652], "annotations": [{"nertag": "O"}]}, {"base_span": [1652, 1653], "annotations": [{"nertag": "O"}]}, {"base_span": [1653, 1657], "annotations": [{"nertag": "B-PER"}]}, {"base_span": [1658, 1665], "annotations": [{"nertag": "I-PER"}]}, {"base_span": [1666, 1667], "annotations": [{"nertag": "O"}]}, {"base_span": [1667, 1668], "annotations": [{"nertag": "O"}]}, {"base_span": [1668, 1669], "annotations": [{"nertag": "O"}]}, {"base_span": [1669, 1670], "annotations": [{"nertag": "O"}]}, {"base_span": [1670, 1679], "annotations": [{"nertag": "O"}]}, {"base_span": [1680, 1684], "annotations": [{"nertag": "B-PER"}]}, {"base_span": [1685, 1694], "annotations": [{"nertag": "I-PER"}]}, {"base_span": [1694, 1695], "annotations": [{"nertag": "O"}]}, {"base_span": [1695, 1702], "annotations": [{"nertag": "O"}]}, {"base_span": [1702, 1703], "annotations": [{"nertag": "O"}]}]}]}