{"text": "\nPeale seda näitas Ewa Lepenberg kohtu kirja No 2 s. a., mis nimetud naene Krahwi Herra kätte pidi wiima ja kaebas, et Mart Parkas seda olla mustaks teinud, kui ka selle pitserit rikkunud. --\nKohus watas ja leidis kaebust õige olewad. -- Wastas Mart Parkas, et ta nimetud kirja küla kubja käest terwelt ja puhtalt on saanud, aga ta on seda oma mütsi wahele pannud, mis läbi kirja mustaks saamine, kui ka pitseri rikumine kogemata on sündinud.\nKohtu otsus: et Mart Parkas nimetud kohtu kirjaga hooletumalt ümber on käinud, selle eest maksab ta kolm Rbl. walla laekasse trahwi, kahe nädali aea sees. Protokoll ette loetud.\n\nKohtu wanem J Soosõrw [allkiri]\nKohtu käemees: Juh. Tursmann XXX\n--ka-- Jaan Welström XXX\nKirjotaja H Fromm [allkiri]\n\n\n", "meta": {"origin_directory": "vallakohus_kolmas/"}, "layers": [{"name": "gold_ner", "attributes": ["nertag"], "parent": null, "enveloping": null, "ambiguous": false, "serialisation_module": null, "meta": {}, "spans": [{"base_span": [19, 32], "annotations": [{"nertag": "PER"}]}, {"base_span": [119, 130], "annotations": [{"nertag": "PER"}]}, {"base_span": [245, 256], "annotations": [{"nertag": "PER"}]}, {"base_span": [459, 470], "annotations": [{"nertag": "PER"}]}, {"base_span": [634, 643], "annotations": [{"nertag": "PER"}]}, {"base_span": [669, 682], "annotations": [{"nertag": "PER"}]}, {"base_span": [694, 707], "annotations": [{"nertag": "PER"}]}, {"base_span": [722, 729], "annotations": [{"nertag": "PER"}]}]}, {"name": "gold_wordner", "attributes": ["nertag"], "parent": null, "enveloping": null, "ambiguous": false, "serialisation_module": null, "meta": {}, "spans": [{"base_span": [1, 6], "annotations": [{"nertag": "O"}]}, {"base_span": [7, 11], "annotations": [{"nertag": "O"}]}, {"base_span": [12, 18], "annotations": [{"nertag": "O"}]}, {"base_span": [19, 22], "annotations": [{"nertag": "B-PER"}]}, {"base_span": [23, 32], "annotations": [{"nertag": "I-PER"}]}, {"base_span": [33, 38], "annotations": [{"nertag": "O"}]}, {"base_span": [39, 44], "annotations": [{"nertag": "O"}]}, {"base_span": [45, 47], "annotations": [{"nertag": "O"}]}, {"base_span": [48, 49], "annotations": [{"nertag": "O"}]}, {"base_span": [50, 51], "annotations": [{"nertag": "O"}]}, {"base_span": [51, 52], "annotations": [{"nertag": "O"}]}, {"base_span": [53, 54], "annotations": [{"nertag": "O"}]}, {"base_span": [54, 55], "annotations": [{"nertag": "O"}]}, {"base_span": [55, 56], "annotations": [{"nertag": "O"}]}, {"base_span": [57, 60], "annotations": [{"nertag": "O"}]}, {"base_span": [61, 68], "annotations": [{"nertag": "O"}]}, {"base_span": [69, 74], "annotations": [{"nertag": "O"}]}, {"base_span": [75, 81], "annotations": [{"nertag": "O"}]}, {"base_span": [82, 87], "annotations": [{"nertag": "O"}]}, {"base_span": [88, 93], "annotations": [{"nertag": "O"}]}, {"base_span": [94, 98], "annotations": [{"nertag": "O"}]}, {"base_span": [99, 104], "annotations": [{"nertag": "O"}]}, {"base_span": [105, 107], "annotations": [{"nertag": "O"}]}, {"base_span": [108, 114], "annotations": [{"nertag": "O"}]}, {"base_span": [114, 115], "annotations": [{"nertag": "O"}]}, {"base_span": [116, 118], "annotations": [{"nertag": "O"}]}, {"base_span": [119, 123], "annotations": [{"nertag": "B-PER"}]}, {"base_span": [124, 130], "annotations": [{"nertag": "I-PER"}]}, {"base_span": [131, 135], "annotations": [{"nertag": "O"}]}, {"base_span": [136, 140], "annotations": [{"nertag": "O"}]}, {"base_span": [141, 148], "annotations": [{"nertag": "O"}]}, {"base_span": [149, 155], "annotations": [{"nertag": "O"}]}, {"base_span": [155, 156], "annotations": [{"nertag": "O"}]}, {"base_span": [157, 160], "annotations": [{"nertag": "O"}]}, {"base_span": [161, 163], "annotations": [{"nertag": "O"}]}, {"base_span": [164, 169], "annotations": [{"nertag": "O"}]}, {"base_span": [170, 178], "annotations": [{"nertag": "O"}]}, {"base_span": [179, 187], "annotations": [{"nertag": "O"}]}, {"base_span": [187, 188], "annotations": [{"nertag": "O"}]}, {"base_span": [189, 190], "annotations": [{"nertag": "O"}]}, {"base_span": [190, 191], "annotations": [{"nertag": "O"}]}, {"base_span": [192, 197], "annotations": [{"nertag": "O"}]}, {"base_span": [198, 203], "annotations": [{"nertag": "O"}]}, {"base_span": [204, 206], "annotations": [{"nertag": "O"}]}, {"base_span": [207, 213], "annotations": [{"nertag": "O"}]}, {"base_span": [214, 221], "annotations": [{"nertag": "O"}]}, {"base_span": [222, 226], "annotations": [{"nertag": "O"}]}, {"base_span": [227, 233], "annotations": [{"nertag": "O"}]}, {"base_span": [233, 234], "annotations": [{"nertag": "O"}]}, {"base_span": [235, 236], "annotations": [{"nertag": "O"}]}, {"base_span": [236, 237], "annotations": [{"nertag": "O"}]}, {"base_span": [238, 244], "annotations": [{"nertag": "O"}]}, {"base_span": [245, 249], "annotations": [{"nertag": "B-PER"}]}, {"base_span": [250, 256], "annotations": [{"nertag": "I-PER"}]}, {"base_span": [256, 257], "annotations": [{"nertag": "O"}]}, {"base_span": [258, 260], "annotations": [{"nertag": "O"}]}, {"base_span": [261, 263], "annotations": [{"nertag": "O"}]}, {"base_span": [264, 271], "annotations": [{"nertag": "O"}]}, {"base_span": [272, 277], "annotations": [{"nertag": "O"}]}, {"base_span": [278, 282], "annotations": [{"nertag": "O"}]}, {"base_span": [283, 288], "annotations": [{"nertag": "O"}]}, {"base_span": [289, 294], "annotations": [{"nertag": "O"}]}, {"base_span": [295, 302], "annotations": [{"nertag": "O"}]}, {"base_span": [303, 305], "annotations": [{"nertag": "O"}]}, {"base_span": [306, 313], "annotations": [{"nertag": "O"}]}, {"base_span": [314, 316], "annotations": [{"nertag": "O"}]}, {"base_span": [317, 323], "annotations": [{"nertag": "O"}]}, {"base_span": [323, 324], "annotations": [{"nertag": "O"}]}, {"base_span": [325, 328], "annotations": [{"nertag": "O"}]}, {"base_span": [329, 331], "annotations": [{"nertag": "O"}]}, {"base_span": [332, 334], "annotations": [{"nertag": "O"}]}, {"base_span": [335, 339], "annotations": [{"nertag": "O"}]}, {"base_span": [340, 343], "annotations": [{"nertag": "O"}]}, {"base_span": [344, 349], "annotations": [{"nertag": "O"}]}, {"base_span": [350, 356], "annotations": [{"nertag": "O"}]}, {"base_span": [357, 363], "annotations": [{"nertag": "O"}]}, {"base_span": [363, 364], "annotations": [{"nertag": "O"}]}, {"base_span": [365, 368], "annotations": [{"nertag": "O"}]}, {"base_span": [369, 373], "annotations": [{"nertag": "O"}]}, {"base_span": [374, 379], "annotations": [{"nertag": "O"}]}, {"base_span": [380, 387], "annotations": [{"nertag": "O"}]}, {"base_span": [388, 395], "annotations": [{"nertag": "O"}]}, {"base_span": [395, 396], "annotations": [{"nertag": "O"}]}, {"base_span": [397, 400], "annotations": [{"nertag": "O"}]}, {"base_span": [401, 403], "annotations": [{"nertag": "O"}]}, {"base_span": [404, 411], "annotations": [{"nertag": "O"}]}, {"base_span": [412, 420], "annotations": [{"nertag": "O"}]}, {"base_span": [421, 429], "annotations": [{"nertag": "O"}]}, {"base_span": [430, 432], "annotations": [{"nertag": "O"}]}, {"base_span": [433, 441], "annotations": [{"nertag": "O"}]}, {"base_span": [441, 442], "annotations": [{"nertag": "O"}]}, {"base_span": [443, 448], "annotations": [{"nertag": "O"}]}, {"base_span": [449, 454], "annotations": [{"nertag": "O"}]}, {"base_span": [454, 455], "annotations": [{"nertag": "O"}]}, {"base_span": [456, 458], "annotations": [{"nertag": "O"}]}, {"base_span": [459, 463], "annotations": [{"nertag": "B-PER"}]}, {"base_span": [464, 470], "annotations": [{"nertag": "I-PER"}]}, {"base_span": [471, 478], "annotations": [{"nertag": "O"}]}, {"base_span": [479, 484], "annotations": [{"nertag": "O"}]}, {"base_span": [485, 492], "annotations": [{"nertag": "O"}]}, {"base_span": [493, 504], "annotations": [{"nertag": "O"}]}, {"base_span": [505, 510], "annotations": [{"nertag": "O"}]}, {"base_span": [511, 513], "annotations": [{"nertag": "O"}]}, {"base_span": [514, 520], "annotations": [{"nertag": "O"}]}, {"base_span": [520, 521], "annotations": [{"nertag": "O"}]}, {"base_span": [522, 527], "annotations": [{"nertag": "O"}]}, {"base_span": [528, 532], "annotations": [{"nertag": "O"}]}, {"base_span": [533, 539], "annotations": [{"nertag": "O"}]}, {"base_span": [540, 542], "annotations": [{"nertag": "O"}]}, {"base_span": [543, 547], "annotations": [{"nertag": "O"}]}, {"base_span": [548, 551], "annotations": [{"nertag": "O"}]}, {"base_span": [551, 552], "annotations": [{"nertag": "O"}]}, {"base_span": [553, 558], "annotations": [{"nertag": "O"}]}, {"base_span": [559, 567], "annotations": [{"nertag": "O"}]}, {"base_span": [568, 574], "annotations": [{"nertag": "O"}]}, {"base_span": [574, 575], "annotations": [{"nertag": "O"}]}, {"base_span": [576, 580], "annotations": [{"nertag": "O"}]}, {"base_span": [581, 587], "annotations": [{"nertag": "O"}]}, {"base_span": [588, 591], "annotations": [{"nertag": "O"}]}, {"base_span": [592, 596], "annotations": [{"nertag": "O"}]}, {"base_span": [596, 597], "annotations": [{"nertag": "O"}]}, {"base_span": [598, 607], "annotations": [{"nertag": "O"}]}, {"base_span": [608, 612], "annotations": [{"nertag": "O"}]}, {"base_span": [613, 619], "annotations": [{"nertag": "O"}]}, {"base_span": [619, 620], "annotations": [{"nertag": "O"}]}, {"base_span": [622, 627], "annotations": [{"nertag": "O"}]}, {"base_span": [628, 633], "annotations": [{"nertag": "O"}]}, {"base_span": [634, 635], "annotations": [{"nertag": "B-PER"}]}, {"base_span": [636, 643], "annotations": [{"nertag": "I-PER"}]}, {"base_span": [644, 645], "annotations": [{"nertag": "O"}]}, {"base_span": [645, 652], "annotations": [{"nertag": "O"}]}, {"base_span": [652, 653], "annotations": [{"nertag": "O"}]}, {"base_span": [654, 659], "annotations": [{"nertag": "O"}]}, {"base_span": [660, 667], "annotations": [{"nertag": "O"}]}, {"base_span": [667, 668], "annotations": [{"nertag": "O"}]}, {"base_span": [669, 672], "annotations": [{"nertag": "B-PER"}]}, {"base_span": [672, 673], "annotations": [{"nertag": "I-PER"}]}, {"base_span": [674, 682], "annotations": [{"nertag": "I-PER"}]}, {"base_span": [683, 686], "annotations": [{"nertag": "O"}]}, {"base_span": [687, 688], "annotations": [{"nertag": "O"}]}, {"base_span": [688, 689], "annotations": [{"nertag": "O"}]}, {"base_span": [689, 691], "annotations": [{"nertag": "O"}]}, {"base_span": [691, 692], "annotations": [{"nertag": "O"}]}, {"base_span": [692, 693], "annotations": [{"nertag": "O"}]}, {"base_span": [694, 698], "annotations": [{"nertag": "B-PER"}]}, {"base_span": [699, 707], "annotations": [{"nertag": "I-PER"}]}, {"base_span": [708, 711], "annotations": [{"nertag": "O"}]}, {"base_span": [712, 721], "annotations": [{"nertag": "O"}]}, {"base_span": [722, 723], "annotations": [{"nertag": "B-PER"}]}, {"base_span": [724, 729], "annotations": [{"nertag": "I-PER"}]}, {"base_span": [730, 731], "annotations": [{"nertag": "O"}]}, {"base_span": [731, 738], "annotations": [{"nertag": "O"}]}, {"base_span": [738, 739], "annotations": [{"nertag": "O"}]}]}]}