{"text": "Hirwlist Els Tamwilius 42 a. wana, kaebab, et sealt samast Arikese Liisu Saaberg tema õe Leenu Wihkmanni wõlga 1 Rbl. ära ei maksa, mis juba 4 aaste ette laenanud. Teiseks on kaewataw Liisu Saaberg minewal aastal, kui tema / E. Tamwilius/ Kuusalus kodunt ära olnud, wiimase riided Kingu wana kambrist ära warastanud, willased riided kotiga metsa kartuli auku ja särgid Paunale Mart Jemetsa kätte räbalateks müünud. Tähendud riided saanud kõik E. Tamwilius kätte, aga kartuli augus mädanenud mõni tük riiet ära, selle eest nõuab tema Liisu Saabergi käest kahju tasumist. Tuli ette kaewataw Liisu Saberg 32 a.w ja tunnistab, et temal Leenu Wikmannile 1 Rbl raha wõlga on; warguse pärast waidlesid esite ja leppisid järgmiselt: L. Saaberg maksab E. Tamwiliuse kätte Leenu Wihkmanni wõlga 1 Rbl. ja riide mädanemise eest kahju tasumiseks ka üks 1 Rbl sellest rajast, mis Juh. Lismann protok. N 36 al temale sisse maksis. 2 Rbl ülejäänud raha sai kätte; sellega lõpetud.\n\n2 Rbl maksetud ja 2 Rbl kätte saanud \nsumma 4 Rbl.\n\n\n\n\n\n\n\n\n", "meta": {"origin_directory": "vallakohus_esimene/"}, "layers": [{"name": "gold_ner", "attributes": ["nertag"], "parent": null, "enveloping": null, "ambiguous": false, "serialisation_module": null, "meta": {}, "spans": [{"base_span": [0, 8], "annotations": [{"nertag": "LOC"}]}, {"base_span": [9, 22], "annotations": [{"nertag": "PER"}]}, {"base_span": [59, 66], "annotations": [{"nertag": "LOC_ORG"}]}, {"base_span": [67, 80], "annotations": [{"nertag": "PER"}]}, {"base_span": [89, 104], "annotations": [{"nertag": "PER"}]}, {"base_span": [184, 197], "annotations": [{"nertag": "PER"}]}, {"base_span": [225, 237], "annotations": [{"nertag": "PER"}]}, {"base_span": [239, 247], "annotations": [{"nertag": "LOC"}]}, {"base_span": [281, 300], "annotations": [{"nertag": "LOC"}]}, {"base_span": [369, 376], "annotations": [{"nertag": "LOC"}]}, {"base_span": [377, 389], "annotations": [{"nertag": "PER"}]}, {"base_span": [443, 455], "annotations": [{"nertag": "PER"}]}, {"base_span": [533, 547], "annotations": [{"nertag": "PER"}]}, {"base_span": [589, 601], "annotations": [{"nertag": "PER"}]}, {"base_span": [632, 648], "annotations": [{"nertag": "PER"}]}, {"base_span": [725, 735], "annotations": [{"nertag": "PER"}]}, {"base_span": [743, 756], "annotations": [{"nertag": "PER"}]}, {"base_span": [763, 778], "annotations": [{"nertag": "PER"}]}, {"base_span": [867, 879], "annotations": [{"nertag": "PER"}]}]}, {"name": "gold_wordner", "attributes": ["nertag"], "parent": null, "enveloping": null, "ambiguous": false, "serialisation_module": null, "meta": {}, "spans": [{"base_span": [0, 8], "annotations": [{"nertag": "B-LOC"}]}, {"base_span": [9, 12], "annotations": [{"nertag": "B-PER"}]}, {"base_span": [13, 22], "annotations": [{"nertag": "I-PER"}]}, {"base_span": [23, 25], "annotations": [{"nertag": "O"}]}, {"base_span": [26, 27], "annotations": [{"nertag": "O"}]}, {"base_span": [27, 28], "annotations": [{"nertag": "O"}]}, {"base_span": [29, 33], "annotations": [{"nertag": "O"}]}, {"base_span": [33, 34], "annotations": [{"nertag": "O"}]}, {"base_span": [35, 41], "annotations": [{"nertag": "O"}]}, {"base_span": [41, 42], "annotations": [{"nertag": "O"}]}, {"base_span": [43, 45], "annotations": [{"nertag": "O"}]}, {"base_span": [46, 51], "annotations": [{"nertag": "O"}]}, {"base_span": [52, 58], "annotations": [{"nertag": "O"}]}, {"base_span": [59, 66], "annotations": [{"nertag": "B-LOC_ORG"}]}, {"base_span": [67, 72], "annotations": [{"nertag": "B-PER"}]}, {"base_span": [73, 80], "annotations": [{"nertag": "I-PER"}]}, {"base_span": [81, 85], "annotations": [{"nertag": "O"}]}, {"base_span": [86, 88], "annotations": [{"nertag": "O"}]}, {"base_span": [89, 94], "annotations": [{"nertag": "B-PER"}]}, {"base_span": [95, 104], "annotations": [{"nertag": "I-PER"}]}, {"base_span": [105, 110], "annotations": [{"nertag": "O"}]}, {"base_span": [111, 112], "annotations": [{"nertag": "O"}]}, {"base_span": [113, 116], "annotations": [{"nertag": "O"}]}, {"base_span": [116, 117], "annotations": [{"nertag": "O"}]}, {"base_span": [118, 121], "annotations": [{"nertag": "O"}]}, {"base_span": [122, 124], "annotations": [{"nertag": "O"}]}, {"base_span": [125, 130], "annotations": [{"nertag": "O"}]}, {"base_span": [130, 131], "annotations": [{"nertag": "O"}]}, {"base_span": [132, 135], "annotations": [{"nertag": "O"}]}, {"base_span": [136, 140], "annotations": [{"nertag": "O"}]}, {"base_span": [141, 142], "annotations": [{"nertag": "O"}]}, {"base_span": [143, 148], "annotations": [{"nertag": "O"}]}, {"base_span": [149, 153], "annotations": [{"nertag": "O"}]}, {"base_span": [154, 162], "annotations": [{"nertag": "O"}]}, {"base_span": [162, 163], "annotations": [{"nertag": "O"}]}, {"base_span": [164, 171], "annotations": [{"nertag": "O"}]}, {"base_span": [172, 174], "annotations": [{"nertag": "O"}]}, {"base_span": [175, 183], "annotations": [{"nertag": "O"}]}, {"base_span": [184, 189], "annotations": [{"nertag": "B-PER"}]}, {"base_span": [190, 197], "annotations": [{"nertag": "I-PER"}]}, {"base_span": [198, 205], "annotations": [{"nertag": "O"}]}, {"base_span": [206, 212], "annotations": [{"nertag": "O"}]}, {"base_span": [212, 213], "annotations": [{"nertag": "O"}]}, {"base_span": [214, 217], "annotations": [{"nertag": "O"}]}, {"base_span": [218, 222], "annotations": [{"nertag": "O"}]}, {"base_span": [223, 224], "annotations": [{"nertag": "O"}]}, {"base_span": [225, 226], "annotations": [{"nertag": "B-PER"}]}, {"base_span": [226, 227], "annotations": [{"nertag": "I-PER"}]}, {"base_span": [228, 237], "annotations": [{"nertag": "I-PER"}]}, {"base_span": [237, 238], "annotations": [{"nertag": "O"}]}, {"base_span": [239, 247], "annotations": [{"nertag": "B-LOC"}]}, {"base_span": [248, 254], "annotations": [{"nertag": "O"}]}, {"base_span": [255, 258], "annotations": [{"nertag": "O"}]}, {"base_span": [259, 264], "annotations": [{"nertag": "O"}]}, {"base_span": [264, 265], "annotations": [{"nertag": "O"}]}, {"base_span": [266, 273], "annotations": [{"nertag": "O"}]}, {"base_span": [274, 280], "annotations": [{"nertag": "O"}]}, {"base_span": [281, 286], "annotations": [{"nertag": "B-LOC"}]}, {"base_span": [287, 291], "annotations": [{"nertag": "I-LOC"}]}, {"base_span": [292, 300], "annotations": [{"nertag": "I-LOC"}]}, {"base_span": [301, 304], "annotations": [{"nertag": "O"}]}, {"base_span": [305, 315], "annotations": [{"nertag": "O"}]}, {"base_span": [315, 316], "annotations": [{"nertag": "O"}]}, {"base_span": [317, 325], "annotations": [{"nertag": "O"}]}, {"base_span": [326, 332], "annotations": [{"nertag": "O"}]}, {"base_span": [333, 339], "annotations": [{"nertag": "O"}]}, {"base_span": [340, 345], "annotations": [{"nertag": "O"}]}, {"base_span": [346, 353], "annotations": [{"nertag": "O"}]}, {"base_span": [354, 358], "annotations": [{"nertag": "O"}]}, {"base_span": [359, 361], "annotations": [{"nertag": "O"}]}, {"base_span": [362, 368], "annotations": [{"nertag": "O"}]}, {"base_span": [369, 376], "annotations": [{"nertag": "B-LOC"}]}, {"base_span": [377, 381], "annotations": [{"nertag": "B-PER"}]}, {"base_span": [382, 389], "annotations": [{"nertag": "I-PER"}]}, {"base_span": [390, 395], "annotations": [{"nertag": "O"}]}, {"base_span": [396, 406], "annotations": [{"nertag": "O"}]}, {"base_span": [407, 413], "annotations": [{"nertag": "O"}]}, {"base_span": [413, 414], "annotations": [{"nertag": "O"}]}, {"base_span": [415, 423], "annotations": [{"nertag": "O"}]}, {"base_span": [424, 430], "annotations": [{"nertag": "O"}]}, {"base_span": [431, 437], "annotations": [{"nertag": "O"}]}, {"base_span": [438, 442], "annotations": [{"nertag": "O"}]}, {"base_span": [443, 444], "annotations": [{"nertag": "B-PER"}]}, {"base_span": [444, 445], "annotations": [{"nertag": "I-PER"}]}, {"base_span": [446, 455], "annotations": [{"nertag": "I-PER"}]}, {"base_span": [456, 461], "annotations": [{"nertag": "O"}]}, {"base_span": [461, 462], "annotations": [{"nertag": "O"}]}, {"base_span": [463, 466], "annotations": [{"nertag": "O"}]}, {"base_span": [467, 474], "annotations": [{"nertag": "O"}]}, {"base_span": [475, 480], "annotations": [{"nertag": "O"}]}, {"base_span": [481, 490], "annotations": [{"nertag": "O"}]}, {"base_span": [491, 495], "annotations": [{"nertag": "O"}]}, {"base_span": [496, 499], "annotations": [{"nertag": "O"}]}, {"base_span": [500, 505], "annotations": [{"nertag": "O"}]}, {"base_span": [506, 509], "annotations": [{"nertag": "O"}]}, {"base_span": [509, 510], "annotations": [{"nertag": "O"}]}, {"base_span": [511, 516], "annotations": [{"nertag": "O"}]}, {"base_span": [517, 521], "annotations": [{"nertag": "O"}]}, {"base_span": [522, 527], "annotations": [{"nertag": "O"}]}, {"base_span": [528, 532], "annotations": [{"nertag": "O"}]}, {"base_span": [533, 538], "annotations": [{"nertag": "B-PER"}]}, {"base_span": [539, 547], "annotations": [{"nertag": "I-PER"}]}, {"base_span": [548, 553], "annotations": [{"nertag": "O"}]}, {"base_span": [554, 559], "annotations": [{"nertag": "O"}]}, {"base_span": [560, 568], "annotations": [{"nertag": "O"}]}, {"base_span": [568, 569], "annotations": [{"nertag": "O"}]}, {"base_span": [570, 574], "annotations": [{"nertag": "O"}]}, {"base_span": [575, 579], "annotations": [{"nertag": "O"}]}, {"base_span": [580, 588], "annotations": [{"nertag": "O"}]}, {"base_span": [589, 594], "annotations": [{"nertag": "B-PER"}]}, {"base_span": [595, 601], "annotations": [{"nertag": "I-PER"}]}, {"base_span": [602, 604], "annotations": [{"nertag": "O"}]}, {"base_span": [605, 606], "annotations": [{"nertag": "O"}]}, {"base_span": [606, 607], "annotations": [{"nertag": "O"}]}, {"base_span": [607, 608], "annotations": [{"nertag": "O"}]}, {"base_span": [609, 611], "annotations": [{"nertag": "O"}]}, {"base_span": [612, 621], "annotations": [{"nertag": "O"}]}, {"base_span": [621, 622], "annotations": [{"nertag": "O"}]}, {"base_span": [623, 625], "annotations": [{"nertag": "O"}]}, {"base_span": [626, 631], "annotations": [{"nertag": "O"}]}, {"base_span": [632, 637], "annotations": [{"nertag": "B-PER"}]}, {"base_span": [638, 648], "annotations": [{"nertag": "I-PER"}]}, {"base_span": [649, 650], "annotations": [{"nertag": "O"}]}, {"base_span": [651, 654], "annotations": [{"nertag": "O"}]}, {"base_span": [655, 659], "annotations": [{"nertag": "O"}]}, {"base_span": [660, 665], "annotations": [{"nertag": "O"}]}, {"base_span": [666, 668], "annotations": [{"nertag": "O"}]}, {"base_span": [668, 669], "annotations": [{"nertag": "O"}]}, {"base_span": [670, 677], "annotations": [{"nertag": "O"}]}, {"base_span": [678, 684], "annotations": [{"nertag": "O"}]}, {"base_span": [685, 694], "annotations": [{"nertag": "O"}]}, {"base_span": [695, 700], "annotations": [{"nertag": "O"}]}, {"base_span": [701, 703], "annotations": [{"nertag": "O"}]}, {"base_span": [704, 712], "annotations": [{"nertag": "O"}]}, {"base_span": [713, 723], "annotations": [{"nertag": "O"}]}, {"base_span": [723, 724], "annotations": [{"nertag": "O"}]}, {"base_span": [725, 726], "annotations": [{"nertag": "B-PER"}]}, {"base_span": [726, 727], "annotations": [{"nertag": "I-PER"}]}, {"base_span": [728, 735], "annotations": [{"nertag": "I-PER"}]}, {"base_span": [736, 742], "annotations": [{"nertag": "O"}]}, {"base_span": [743, 744], "annotations": [{"nertag": "B-PER"}]}, {"base_span": [744, 745], "annotations": [{"nertag": "I-PER"}]}, {"base_span": [746, 756], "annotations": [{"nertag": "I-PER"}]}, {"base_span": [757, 762], "annotations": [{"nertag": "O"}]}, {"base_span": [763, 768], "annotations": [{"nertag": "B-PER"}]}, {"base_span": [769, 778], "annotations": [{"nertag": "I-PER"}]}, {"base_span": [779, 784], "annotations": [{"nertag": "O"}]}, {"base_span": [785, 786], "annotations": [{"nertag": "O"}]}, {"base_span": [787, 790], "annotations": [{"nertag": "O"}]}, {"base_span": [790, 791], "annotations": [{"nertag": "O"}]}, {"base_span": [792, 794], "annotations": [{"nertag": "O"}]}, {"base_span": [795, 800], "annotations": [{"nertag": "O"}]}, {"base_span": [801, 811], "annotations": [{"nertag": "O"}]}, {"base_span": [812, 816], "annotations": [{"nertag": "O"}]}, {"base_span": [817, 822], "annotations": [{"nertag": "O"}]}, {"base_span": [823, 833], "annotations": [{"nertag": "O"}]}, {"base_span": [834, 836], "annotations": [{"nertag": "O"}]}, {"base_span": [837, 840], "annotations": [{"nertag": "O"}]}, {"base_span": [841, 842], "annotations": [{"nertag": "O"}]}, {"base_span": [843, 846], "annotations": [{"nertag": "O"}]}, {"base_span": [847, 854], "annotations": [{"nertag": "O"}]}, {"base_span": [855, 861], "annotations": [{"nertag": "O"}]}, {"base_span": [861, 862], "annotations": [{"nertag": "O"}]}, {"base_span": [863, 866], "annotations": [{"nertag": "O"}]}, {"base_span": [867, 870], "annotations": [{"nertag": "B-PER"}]}, {"base_span": [870, 871], "annotations": [{"nertag": "I-PER"}]}, {"base_span": [872, 879], "annotations": [{"nertag": "I-PER"}]}, {"base_span": [880, 886], "annotations": [{"nertag": "O"}]}, {"base_span": [886, 887], "annotations": [{"nertag": "O"}]}, {"base_span": [888, 889], "annotations": [{"nertag": "O"}]}, {"base_span": [890, 892], "annotations": [{"nertag": "O"}]}, {"base_span": [893, 895], "annotations": [{"nertag": "O"}]}, {"base_span": [896, 902], "annotations": [{"nertag": "O"}]}, {"base_span": [903, 908], "annotations": [{"nertag": "O"}]}, {"base_span": [909, 915], "annotations": [{"nertag": "O"}]}, {"base_span": [915, 916], "annotations": [{"nertag": "O"}]}, {"base_span": [917, 918], "annotations": [{"nertag": "O"}]}, {"base_span": [919, 922], "annotations": [{"nertag": "O"}]}, {"base_span": [923, 932], "annotations": [{"nertag": "O"}]}, {"base_span": [933, 937], "annotations": [{"nertag": "O"}]}, {"base_span": [938, 941], "annotations": [{"nertag": "O"}]}, {"base_span": [942, 947], "annotations": [{"nertag": "O"}]}, {"base_span": [947, 948], "annotations": [{"nertag": "O"}]}, {"base_span": [949, 956], "annotations": [{"nertag": "O"}]}, {"base_span": [957, 964], "annotations": [{"nertag": "O"}]}, {"base_span": [964, 965], "annotations": [{"nertag": "O"}]}, {"base_span": [967, 968], "annotations": [{"nertag": "O"}]}, {"base_span": [969, 972], "annotations": [{"nertag": "O"}]}, {"base_span": [973, 981], "annotations": [{"nertag": "O"}]}, {"base_span": [982, 984], "annotations": [{"nertag": "O"}]}, {"base_span": [985, 986], "annotations": [{"nertag": "O"}]}, {"base_span": [987, 990], "annotations": [{"nertag": "O"}]}, {"base_span": [991, 996], "annotations": [{"nertag": "O"}]}, {"base_span": [997, 1003], "annotations": [{"nertag": "O"}]}, {"base_span": [1005, 1010], "annotations": [{"nertag": "O"}]}, {"base_span": [1011, 1012], "annotations": [{"nertag": "O"}]}, {"base_span": [1013, 1016], "annotations": [{"nertag": "O"}]}, {"base_span": [1016, 1017], "annotations": [{"nertag": "O"}]}]}]}