{"text": "1) Astus kohto ette Mart Samus ja kaebas et Hans Schmidt on temmale kahhe russikaga rindo lönud, selle pärrast et Hans Schmidtil on wärkraud moisa seppapaias ärra kaddunud; kus uksed lukkus olnud, ja Mart Samus on seal sees käinud söe kasti tühjaks teggemas ja H. Schmidt ütleb et Mart Samus on tedda ärra warrastanud, agga ilma et ühtigid tunnistust selgeste selle peale on, nenda ei woi Mart Samus mitte wargaks moistetud sada; waid Hans Schmidt maksab Mart Samusele üks Rbl. lömisse hobi ette, sest et löminne on kowwaste kelatud.\n\n", "meta": {"origin_directory": "vallakohus_kolmas/"}, "layers": [{"name": "gold_ner", "attributes": ["nertag"], "parent": null, "enveloping": null, "ambiguous": false, "serialisation_module": null, "meta": {}, "spans": [{"base_span": [20, 30], "annotations": [{"nertag": "PER"}]}, {"base_span": [44, 56], "annotations": [{"nertag": "PER"}]}, {"base_span": [114, 128], "annotations": [{"nertag": "PER"}]}, {"base_span": [200, 210], "annotations": [{"nertag": "PER"}]}, {"base_span": [261, 271], "annotations": [{"nertag": "PER"}]}, {"base_span": [281, 291], "annotations": [{"nertag": "PER"}]}, {"base_span": [389, 399], "annotations": [{"nertag": "PER"}]}, {"base_span": [435, 447], "annotations": [{"nertag": "PER"}]}, {"base_span": [455, 468], "annotations": [{"nertag": "PER"}]}]}, {"name": "gold_wordner", "attributes": ["nertag"], "parent": null, "enveloping": null, "ambiguous": false, "serialisation_module": null, "meta": {}, "spans": [{"base_span": [0, 1], "annotations": [{"nertag": "O"}]}, {"base_span": [1, 2], "annotations": [{"nertag": "O"}]}, {"base_span": [3, 8], "annotations": [{"nertag": "O"}]}, {"base_span": [9, 14], "annotations": [{"nertag": "O"}]}, {"base_span": [15, 19], "annotations": [{"nertag": "O"}]}, {"base_span": [20, 24], "annotations": [{"nertag": "B-PER"}]}, {"base_span": [25, 30], "annotations": [{"nertag": "I-PER"}]}, {"base_span": [31, 33], "annotations": [{"nertag": "O"}]}, {"base_span": [34, 40], "annotations": [{"nertag": "O"}]}, {"base_span": [41, 43], "annotations": [{"nertag": "O"}]}, {"base_span": [44, 48], "annotations": [{"nertag": "B-PER"}]}, {"base_span": [49, 56], "annotations": [{"nertag": "I-PER"}]}, {"base_span": [57, 59], "annotations": [{"nertag": "O"}]}, {"base_span": [60, 67], "annotations": [{"nertag": "O"}]}, {"base_span": [68, 73], "annotations": [{"nertag": "O"}]}, {"base_span": [74, 83], "annotations": [{"nertag": "O"}]}, {"base_span": [84, 89], "annotations": [{"nertag": "O"}]}, {"base_span": [90, 95], "annotations": [{"nertag": "O"}]}, {"base_span": [95, 96], "annotations": [{"nertag": "O"}]}, {"base_span": [97, 102], "annotations": [{"nertag": "O"}]}, {"base_span": [103, 110], "annotations": [{"nertag": "O"}]}, {"base_span": [111, 113], "annotations": [{"nertag": "O"}]}, {"base_span": [114, 118], "annotations": [{"nertag": "B-PER"}]}, {"base_span": [119, 128], "annotations": [{"nertag": "I-PER"}]}, {"base_span": [129, 131], "annotations": [{"nertag": "O"}]}, {"base_span": [132, 140], "annotations": [{"nertag": "O"}]}, {"base_span": [141, 146], "annotations": [{"nertag": "O"}]}, {"base_span": [147, 157], "annotations": [{"nertag": "O"}]}, {"base_span": [158, 162], "annotations": [{"nertag": "O"}]}, {"base_span": [163, 171], "annotations": [{"nertag": "O"}]}, {"base_span": [171, 172], "annotations": [{"nertag": "O"}]}, {"base_span": [173, 176], "annotations": [{"nertag": "O"}]}, {"base_span": [177, 182], "annotations": [{"nertag": "O"}]}, {"base_span": [183, 189], "annotations": [{"nertag": "O"}]}, {"base_span": [190, 195], "annotations": [{"nertag": "O"}]}, {"base_span": [195, 196], "annotations": [{"nertag": "O"}]}, {"base_span": [197, 199], "annotations": [{"nertag": "O"}]}, {"base_span": [200, 204], "annotations": [{"nertag": "B-PER"}]}, {"base_span": [205, 210], "annotations": [{"nertag": "I-PER"}]}, {"base_span": [211, 213], "annotations": [{"nertag": "O"}]}, {"base_span": [214, 218], "annotations": [{"nertag": "O"}]}, {"base_span": [219, 223], "annotations": [{"nertag": "O"}]}, {"base_span": [224, 230], "annotations": [{"nertag": "O"}]}, {"base_span": [231, 234], "annotations": [{"nertag": "O"}]}, {"base_span": [235, 240], "annotations": [{"nertag": "O"}]}, {"base_span": [241, 248], "annotations": [{"nertag": "O"}]}, {"base_span": [249, 257], "annotations": [{"nertag": "O"}]}, {"base_span": [258, 260], "annotations": [{"nertag": "O"}]}, {"base_span": [261, 262], "annotations": [{"nertag": "B-PER"}]}, {"base_span": [262, 263], "annotations": [{"nertag": "I-PER"}]}, {"base_span": [264, 271], "annotations": [{"nertag": "I-PER"}]}, {"base_span": [272, 277], "annotations": [{"nertag": "O"}]}, {"base_span": [278, 280], "annotations": [{"nertag": "O"}]}, {"base_span": [281, 285], "annotations": [{"nertag": "B-PER"}]}, {"base_span": [286, 291], "annotations": [{"nertag": "I-PER"}]}, {"base_span": [292, 294], "annotations": [{"nertag": "O"}]}, {"base_span": [295, 300], "annotations": [{"nertag": "O"}]}, {"base_span": [301, 305], "annotations": [{"nertag": "O"}]}, {"base_span": [306, 317], "annotations": [{"nertag": "O"}]}, {"base_span": [317, 318], "annotations": [{"nertag": "O"}]}, {"base_span": [319, 323], "annotations": [{"nertag": "O"}]}, {"base_span": [324, 328], "annotations": [{"nertag": "O"}]}, {"base_span": [329, 331], "annotations": [{"nertag": "O"}]}, {"base_span": [332, 339], "annotations": [{"nertag": "O"}]}, {"base_span": [340, 350], "annotations": [{"nertag": "O"}]}, {"base_span": [351, 359], "annotations": [{"nertag": "O"}]}, {"base_span": [360, 365], "annotations": [{"nertag": "O"}]}, {"base_span": [366, 371], "annotations": [{"nertag": "O"}]}, {"base_span": [372, 374], "annotations": [{"nertag": "O"}]}, {"base_span": [374, 375], "annotations": [{"nertag": "O"}]}, {"base_span": [376, 381], "annotations": [{"nertag": "O"}]}, {"base_span": [382, 384], "annotations": [{"nertag": "O"}]}, {"base_span": [385, 388], "annotations": [{"nertag": "O"}]}, {"base_span": [389, 393], "annotations": [{"nertag": "B-PER"}]}, {"base_span": [394, 399], "annotations": [{"nertag": "I-PER"}]}, {"base_span": [400, 405], "annotations": [{"nertag": "O"}]}, {"base_span": [406, 413], "annotations": [{"nertag": "O"}]}, {"base_span": [414, 423], "annotations": [{"nertag": "O"}]}, {"base_span": [424, 428], "annotations": [{"nertag": "O"}]}, {"base_span": [428, 429], "annotations": [{"nertag": "O"}]}, {"base_span": [430, 434], "annotations": [{"nertag": "O"}]}, {"base_span": [435, 439], "annotations": [{"nertag": "B-PER"}]}, {"base_span": [440, 447], "annotations": [{"nertag": "I-PER"}]}, {"base_span": [448, 454], "annotations": [{"nertag": "O"}]}, {"base_span": [455, 459], "annotations": [{"nertag": "B-PER"}]}, {"base_span": [460, 468], "annotations": [{"nertag": "I-PER"}]}, {"base_span": [469, 472], "annotations": [{"nertag": "O"}]}, {"base_span": [473, 476], "annotations": [{"nertag": "O"}]}, {"base_span": [476, 477], "annotations": [{"nertag": "O"}]}, {"base_span": [478, 485], "annotations": [{"nertag": "O"}]}, {"base_span": [486, 490], "annotations": [{"nertag": "O"}]}, {"base_span": [491, 495], "annotations": [{"nertag": "O"}]}, {"base_span": [495, 496], "annotations": [{"nertag": "O"}]}, {"base_span": [497, 501], "annotations": [{"nertag": "O"}]}, {"base_span": [502, 504], "annotations": [{"nertag": "O"}]}, {"base_span": [505, 512], "annotations": [{"nertag": "O"}]}, {"base_span": [513, 515], "annotations": [{"nertag": "O"}]}, {"base_span": [516, 524], "annotations": [{"nertag": "O"}]}, {"base_span": [525, 532], "annotations": [{"nertag": "O"}]}, {"base_span": [532, 533], "annotations": [{"nertag": "O"}]}]}]}