{"text": "\nKogukonna kohtu majasse olid kohtu korra pärast kokku tulnud ja istusid kohtu laudas:\n\nKogukonna kohtu wanem: Jaan Timian\n\n\" kõrwamees: Peeter Laas\n\n\" Priidik Riidak\n\nKirjutaja: Joh Teder\n\nKohtu ette astus Maidlast peremees Jaan Riesman ja kaebab, et Maidlast Jaan Paschöwer olla ennast temale nädal enne Jaanipäewa aasta läbi kolme päewa sulaseks kaublenud, 5 rubla pidand sulane aasta palka saama ja pool sulase riet, 1 rubla 40 kop. olla Jaan juba käerahaks kauplemise ajal, kätte saanud.\n\nNeli nädalit (12 päewa) olla Jaan Paschöwer  peremeest teenind, siis ära läinud, ja mitte enam tagasi tulnud.\n\nKohtu ette sai kutsutud Maidlast Jaan Paschöwer ja sai tema käest küsitud, miks ta mitte peremehe juures oma kaubeldud aastat ei ole täis teenind? Se wastas: \"Mina olin sellesamma peremehe juures warrul, jäin joobnuks, tegin rumala peaga wäga odawa kauba ja sellepärast ei tahtnud mina mitte enam teenima minna.\"\n\nEt Jaan Paschöwer ilma peremehega lepimata ära on läinud ja nõnda teise heina ajal hädasse jätnud, siis mõistis kohus:\n\nJaan Paschöwer peab Jaan Riesmannile se wiis rubla, mis ta palgaks pidand saama, nüüd trahwiks maksma.\n\nJaan Paschöwer tõutas seda raha kahe nädala ajal Jaan Riesmanni kätte maksta. Protokoll sai ette loetud ja nimed alla kirjutud.\n\nKogukonna kohtu wanem Jaan Timian XXX\n\n\" kõrwamees Peeter Laas XXX\n\n\" Priidik Riidak XXX\n\nKirjutaja Joh Teder\n\n\n", "meta": {"origin_directory": "vallakohus_neljas/"}, "layers": [{"name": "gold_ner", "attributes": ["nertag"], "parent": null, "enveloping": null, "ambiguous": false, "serialisation_module": null, "meta": {}, "spans": [{"base_span": [111, 122], "annotations": [{"nertag": "PER"}]}, {"base_span": [137, 148], "annotations": [{"nertag": "PER"}]}, {"base_span": [152, 166], "annotations": [{"nertag": "PER"}]}, {"base_span": [179, 188], "annotations": [{"nertag": "PER"}]}, {"base_span": [207, 215], "annotations": [{"nertag": "LOC"}]}, {"base_span": [225, 237], "annotations": [{"nertag": "PER"}]}, {"base_span": [252, 260], "annotations": [{"nertag": "LOC"}]}, {"base_span": [261, 275], "annotations": [{"nertag": "PER"}]}, {"base_span": [442, 446], "annotations": [{"nertag": "PER"}]}, {"base_span": [523, 537], "annotations": [{"nertag": "PER"}]}, {"base_span": [629, 637], "annotations": [{"nertag": "LOC"}]}, {"base_span": [638, 652], "annotations": [{"nertag": "PER"}]}, {"base_span": [922, 936], "annotations": [{"nertag": "PER"}]}, {"base_span": [1039, 1053], "annotations": [{"nertag": "PER"}]}, {"base_span": [1059, 1075], "annotations": [{"nertag": "PER"}]}, {"base_span": [1143, 1157], "annotations": [{"nertag": "PER"}]}, {"base_span": [1192, 1206], "annotations": [{"nertag": "PER"}]}, {"base_span": [1294, 1305], "annotations": [{"nertag": "PER"}]}, {"base_span": [1323, 1334], "annotations": [{"nertag": "PER"}]}, {"base_span": [1342, 1356], "annotations": [{"nertag": "PER"}]}, {"base_span": [1372, 1381], "annotations": [{"nertag": "PER"}]}]}, {"name": "gold_wordner", "attributes": ["nertag"], "parent": null, "enveloping": null, "ambiguous": false, "serialisation_module": null, "meta": {}, "spans": [{"base_span": [1, 10], "annotations": [{"nertag": "O"}]}, {"base_span": [11, 16], "annotations": [{"nertag": "O"}]}, {"base_span": [17, 24], "annotations": [{"nertag": "O"}]}, {"base_span": [25, 29], "annotations": [{"nertag": "O"}]}, {"base_span": [30, 35], "annotations": [{"nertag": "O"}]}, {"base_span": [36, 41], "annotations": [{"nertag": "O"}]}, {"base_span": [42, 48], "annotations": [{"nertag": "O"}]}, {"base_span": [49, 54], "annotations": [{"nertag": "O"}]}, {"base_span": [55, 61], "annotations": [{"nertag": "O"}]}, {"base_span": [62, 64], "annotations": [{"nertag": "O"}]}, {"base_span": [65, 72], "annotations": [{"nertag": "O"}]}, {"base_span": [73, 78], "annotations": [{"nertag": "O"}]}, {"base_span": [79, 85], "annotations": [{"nertag": "O"}]}, {"base_span": [85, 86], "annotations": [{"nertag": "O"}]}, {"base_span": [88, 97], "annotations": [{"nertag": "O"}]}, {"base_span": [98, 103], "annotations": [{"nertag": "O"}]}, {"base_span": [104, 109], "annotations": [{"nertag": "O"}]}, {"base_span": [109, 110], "annotations": [{"nertag": "O"}]}, {"base_span": [111, 115], "annotations": [{"nertag": "B-PER"}]}, {"base_span": [116, 122], "annotations": [{"nertag": "I-PER"}]}, {"base_span": [124, 125], "annotations": [{"nertag": "O"}]}, {"base_span": [126, 135], "annotations": [{"nertag": "O"}]}, {"base_span": [135, 136], "annotations": [{"nertag": "O"}]}, {"base_span": [137, 143], "annotations": [{"nertag": "B-PER"}]}, {"base_span": [144, 148], "annotations": [{"nertag": "I-PER"}]}, {"base_span": [150, 151], "annotations": [{"nertag": "O"}]}, {"base_span": [152, 159], "annotations": [{"nertag": "B-PER"}]}, {"base_span": [160, 166], "annotations": [{"nertag": "I-PER"}]}, {"base_span": [168, 177], "annotations": [{"nertag": "O"}]}, {"base_span": [177, 178], "annotations": [{"nertag": "O"}]}, {"base_span": [179, 182], "annotations": [{"nertag": "B-PER"}]}, {"base_span": [183, 188], "annotations": [{"nertag": "I-PER"}]}, {"base_span": [190, 195], "annotations": [{"nertag": "O"}]}, {"base_span": [196, 200], "annotations": [{"nertag": "O"}]}, {"base_span": [201, 206], "annotations": [{"nertag": "O"}]}, {"base_span": [207, 215], "annotations": [{"nertag": "B-LOC"}]}, {"base_span": [216, 224], "annotations": [{"nertag": "O"}]}, {"base_span": [225, 229], "annotations": [{"nertag": "B-PER"}]}, {"base_span": [230, 237], "annotations": [{"nertag": "I-PER"}]}, {"base_span": [238, 240], "annotations": [{"nertag": "O"}]}, {"base_span": [241, 247], "annotations": [{"nertag": "O"}]}, {"base_span": [247, 248], "annotations": [{"nertag": "O"}]}, {"base_span": [249, 251], "annotations": [{"nertag": "O"}]}, {"base_span": [252, 260], "annotations": [{"nertag": "B-LOC"}]}, {"base_span": [261, 265], "annotations": [{"nertag": "B-PER"}]}, {"base_span": [266, 275], "annotations": [{"nertag": "I-PER"}]}, {"base_span": [276, 280], "annotations": [{"nertag": "O"}]}, {"base_span": [281, 287], "annotations": [{"nertag": "O"}]}, {"base_span": [288, 294], "annotations": [{"nertag": "O"}]}, {"base_span": [295, 300], "annotations": [{"nertag": "O"}]}, {"base_span": [301, 305], "annotations": [{"nertag": "O"}]}, {"base_span": [306, 316], "annotations": [{"nertag": "O"}]}, {"base_span": [317, 322], "annotations": [{"nertag": "O"}]}, {"base_span": [323, 327], "annotations": [{"nertag": "O"}]}, {"base_span": [328, 333], "annotations": [{"nertag": "O"}]}, {"base_span": [334, 339], "annotations": [{"nertag": "O"}]}, {"base_span": [340, 348], "annotations": [{"nertag": "O"}]}, {"base_span": [349, 358], "annotations": [{"nertag": "O"}]}, {"base_span": [358, 359], "annotations": [{"nertag": "O"}]}, {"base_span": [360, 361], "annotations": [{"nertag": "O"}]}, {"base_span": [362, 367], "annotations": [{"nertag": "O"}]}, {"base_span": [368, 374], "annotations": [{"nertag": "O"}]}, {"base_span": [375, 381], "annotations": [{"nertag": "O"}]}, {"base_span": [382, 387], "annotations": [{"nertag": "O"}]}, {"base_span": [388, 393], "annotations": [{"nertag": "O"}]}, {"base_span": [394, 399], "annotations": [{"nertag": "O"}]}, {"base_span": [400, 402], "annotations": [{"nertag": "O"}]}, {"base_span": [403, 407], "annotations": [{"nertag": "O"}]}, {"base_span": [408, 414], "annotations": [{"nertag": "O"}]}, {"base_span": [415, 419], "annotations": [{"nertag": "O"}]}, {"base_span": [419, 420], "annotations": [{"nertag": "O"}]}, {"base_span": [421, 422], "annotations": [{"nertag": "O"}]}, {"base_span": [423, 428], "annotations": [{"nertag": "O"}]}, {"base_span": [429, 431], "annotations": [{"nertag": "O"}]}, {"base_span": [432, 435], "annotations": [{"nertag": "O"}]}, {"base_span": [435, 436], "annotations": [{"nertag": "O"}]}, {"base_span": [437, 441], "annotations": [{"nertag": "O"}]}, {"base_span": [442, 446], "annotations": [{"nertag": "B-PER"}]}, {"base_span": [447, 451], "annotations": [{"nertag": "O"}]}, {"base_span": [452, 461], "annotations": [{"nertag": "O"}]}, {"base_span": [462, 472], "annotations": [{"nertag": "O"}]}, {"base_span": [473, 477], "annotations": [{"nertag": "O"}]}, {"base_span": [477, 478], "annotations": [{"nertag": "O"}]}, {"base_span": [479, 484], "annotations": [{"nertag": "O"}]}, {"base_span": [485, 491], "annotations": [{"nertag": "O"}]}, {"base_span": [491, 492], "annotations": [{"nertag": "O"}]}, {"base_span": [494, 498], "annotations": [{"nertag": "O"}]}, {"base_span": [499, 506], "annotations": [{"nertag": "O"}]}, {"base_span": [507, 508], "annotations": [{"nertag": "O"}]}, {"base_span": [508, 510], "annotations": [{"nertag": "O"}]}, {"base_span": [511, 516], "annotations": [{"nertag": "O"}]}, {"base_span": [516, 517], "annotations": [{"nertag": "O"}]}, {"base_span": [518, 522], "annotations": [{"nertag": "O"}]}, {"base_span": [523, 527], "annotations": [{"nertag": "B-PER"}]}, {"base_span": [528, 537], "annotations": [{"nertag": "I-PER"}]}, {"base_span": [539, 548], "annotations": [{"nertag": "O"}]}, {"base_span": [549, 556], "annotations": [{"nertag": "O"}]}, {"base_span": [556, 557], "annotations": [{"nertag": "O"}]}, {"base_span": [558, 562], "annotations": [{"nertag": "O"}]}, {"base_span": [563, 566], "annotations": [{"nertag": "O"}]}, {"base_span": [567, 573], "annotations": [{"nertag": "O"}]}, {"base_span": [573, 574], "annotations": [{"nertag": "O"}]}, {"base_span": [575, 577], "annotations": [{"nertag": "O"}]}, {"base_span": [578, 583], "annotations": [{"nertag": "O"}]}, {"base_span": [584, 588], "annotations": [{"nertag": "O"}]}, {"base_span": [589, 595], "annotations": [{"nertag": "O"}]}, {"base_span": [596, 602], "annotations": [{"nertag": "O"}]}, {"base_span": [602, 603], "annotations": [{"nertag": "O"}]}, {"base_span": [605, 610], "annotations": [{"nertag": "O"}]}, {"base_span": [611, 615], "annotations": [{"nertag": "O"}]}, {"base_span": [616, 619], "annotations": [{"nertag": "O"}]}, {"base_span": [620, 628], "annotations": [{"nertag": "O"}]}, {"base_span": [629, 637], "annotations": [{"nertag": "B-LOC"}]}, {"base_span": [638, 642], "annotations": [{"nertag": "B-PER"}]}, {"base_span": [643, 652], "annotations": [{"nertag": "I-PER"}]}, {"base_span": [653, 655], "annotations": [{"nertag": "O"}]}, {"base_span": [656, 659], "annotations": [{"nertag": "O"}]}, {"base_span": [660, 664], "annotations": [{"nertag": "O"}]}, {"base_span": [665, 670], "annotations": [{"nertag": "O"}]}, {"base_span": [671, 678], "annotations": [{"nertag": "O"}]}, {"base_span": [678, 679], "annotations": [{"nertag": "O"}]}, {"base_span": [680, 684], "annotations": [{"nertag": "O"}]}, {"base_span": [685, 687], "annotations": [{"nertag": "O"}]}, {"base_span": [688, 693], "annotations": [{"nertag": "O"}]}, {"base_span": [694, 702], "annotations": [{"nertag": "O"}]}, {"base_span": [703, 709], "annotations": [{"nertag": "O"}]}, {"base_span": [710, 713], "annotations": [{"nertag": "O"}]}, {"base_span": [714, 723], "annotations": [{"nertag": "O"}]}, {"base_span": [724, 730], "annotations": [{"nertag": "O"}]}, {"base_span": [731, 733], "annotations": [{"nertag": "O"}]}, {"base_span": [734, 737], "annotations": [{"nertag": "O"}]}, {"base_span": [738, 742], "annotations": [{"nertag": "O"}]}, {"base_span": [743, 750], "annotations": [{"nertag": "O"}]}, {"base_span": [750, 751], "annotations": [{"nertag": "O"}]}, {"base_span": [752, 754], "annotations": [{"nertag": "O"}]}, {"base_span": [755, 761], "annotations": [{"nertag": "O"}]}, {"base_span": [761, 762], "annotations": [{"nertag": "O"}]}, {"base_span": [763, 764], "annotations": [{"nertag": "O"}]}, {"base_span": [764, 768], "annotations": [{"nertag": "O"}]}, {"base_span": [769, 773], "annotations": [{"nertag": "O"}]}, {"base_span": [774, 784], "annotations": [{"nertag": "O"}]}, {"base_span": [785, 793], "annotations": [{"nertag": "O"}]}, {"base_span": [794, 800], "annotations": [{"nertag": "O"}]}, {"base_span": [801, 807], "annotations": [{"nertag": "O"}]}, {"base_span": [807, 808], "annotations": [{"nertag": "O"}]}, {"base_span": [809, 813], "annotations": [{"nertag": "O"}]}, {"base_span": [814, 822], "annotations": [{"nertag": "O"}]}, {"base_span": [822, 823], "annotations": [{"nertag": "O"}]}, {"base_span": [824, 829], "annotations": [{"nertag": "O"}]}, {"base_span": [830, 836], "annotations": [{"nertag": "O"}]}, {"base_span": [837, 842], "annotations": [{"nertag": "O"}]}, {"base_span": [843, 847], "annotations": [{"nertag": "O"}]}, {"base_span": [848, 853], "annotations": [{"nertag": "O"}]}, {"base_span": [854, 859], "annotations": [{"nertag": "O"}]}, {"base_span": [860, 862], "annotations": [{"nertag": "O"}]}, {"base_span": [863, 874], "annotations": [{"nertag": "O"}]}, {"base_span": [875, 877], "annotations": [{"nertag": "O"}]}, {"base_span": [878, 885], "annotations": [{"nertag": "O"}]}, {"base_span": [886, 890], "annotations": [{"nertag": "O"}]}, {"base_span": [891, 896], "annotations": [{"nertag": "O"}]}, {"base_span": [897, 901], "annotations": [{"nertag": "O"}]}, {"base_span": [902, 909], "annotations": [{"nertag": "O"}]}, {"base_span": [910, 915], "annotations": [{"nertag": "O"}]}, {"base_span": [915, 916], "annotations": [{"nertag": "O"}]}, {"base_span": [916, 917], "annotations": [{"nertag": "O"}]}, {"base_span": [919, 921], "annotations": [{"nertag": "O"}]}, {"base_span": [922, 926], "annotations": [{"nertag": "B-PER"}]}, {"base_span": [927, 936], "annotations": [{"nertag": "I-PER"}]}, {"base_span": [937, 941], "annotations": [{"nertag": "O"}]}, {"base_span": [942, 952], "annotations": [{"nertag": "O"}]}, {"base_span": [953, 961], "annotations": [{"nertag": "O"}]}, {"base_span": [962, 965], "annotations": [{"nertag": "O"}]}, {"base_span": [966, 968], "annotations": [{"nertag": "O"}]}, {"base_span": [969, 975], "annotations": [{"nertag": "O"}]}, {"base_span": [976, 978], "annotations": [{"nertag": "O"}]}, {"base_span": [979, 984], "annotations": [{"nertag": "O"}]}, {"base_span": [985, 990], "annotations": [{"nertag": "O"}]}, {"base_span": [991, 996], "annotations": [{"nertag": "O"}]}, {"base_span": [997, 1001], "annotations": [{"nertag": "O"}]}, {"base_span": [1002, 1009], "annotations": [{"nertag": "O"}]}, {"base_span": [1010, 1016], "annotations": [{"nertag": "O"}]}, {"base_span": [1016, 1017], "annotations": [{"nertag": "O"}]}, {"base_span": [1018, 1022], "annotations": [{"nertag": "O"}]}, {"base_span": [1023, 1030], "annotations": [{"nertag": "O"}]}, {"base_span": [1031, 1036], "annotations": [{"nertag": "O"}]}, {"base_span": [1036, 1037], "annotations": [{"nertag": "O"}]}, {"base_span": [1039, 1043], "annotations": [{"nertag": "B-PER"}]}, {"base_span": [1044, 1053], "annotations": [{"nertag": "I-PER"}]}, {"base_span": [1054, 1058], "annotations": [{"nertag": "O"}]}, {"base_span": [1059, 1063], "annotations": [{"nertag": "B-PER"}]}, {"base_span": [1064, 1075], "annotations": [{"nertag": "I-PER"}]}, {"base_span": [1076, 1078], "annotations": [{"nertag": "O"}]}, {"base_span": [1079, 1083], "annotations": [{"nertag": "O"}]}, {"base_span": [1084, 1089], "annotations": [{"nertag": "O"}]}, {"base_span": [1089, 1090], "annotations": [{"nertag": "O"}]}, {"base_span": [1091, 1094], "annotations": [{"nertag": "O"}]}, {"base_span": [1095, 1097], "annotations": [{"nertag": "O"}]}, {"base_span": [1098, 1105], "annotations": [{"nertag": "O"}]}, {"base_span": [1106, 1112], "annotations": [{"nertag": "O"}]}, {"base_span": [1113, 1118], "annotations": [{"nertag": "O"}]}, {"base_span": [1118, 1119], "annotations": [{"nertag": "O"}]}, {"base_span": [1120, 1124], "annotations": [{"nertag": "O"}]}, {"base_span": [1125, 1133], "annotations": [{"nertag": "O"}]}, {"base_span": [1134, 1140], "annotations": [{"nertag": "O"}]}, {"base_span": [1140, 1141], "annotations": [{"nertag": "O"}]}, {"base_span": [1143, 1147], "annotations": [{"nertag": "B-PER"}]}, {"base_span": [1148, 1157], "annotations": [{"nertag": "I-PER"}]}, {"base_span": [1158, 1164], "annotations": [{"nertag": "O"}]}, {"base_span": [1165, 1169], "annotations": [{"nertag": "O"}]}, {"base_span": [1170, 1174], "annotations": [{"nertag": "O"}]}, {"base_span": [1175, 1179], "annotations": [{"nertag": "O"}]}, {"base_span": [1180, 1186], "annotations": [{"nertag": "O"}]}, {"base_span": [1187, 1191], "annotations": [{"nertag": "O"}]}, {"base_span": [1192, 1196], "annotations": [{"nertag": "B-PER"}]}, {"base_span": [1197, 1206], "annotations": [{"nertag": "I-PER"}]}, {"base_span": [1207, 1212], "annotations": [{"nertag": "O"}]}, {"base_span": [1213, 1219], "annotations": [{"nertag": "O"}]}, {"base_span": [1219, 1220], "annotations": [{"nertag": "O"}]}, {"base_span": [1221, 1230], "annotations": [{"nertag": "O"}]}, {"base_span": [1231, 1234], "annotations": [{"nertag": "O"}]}, {"base_span": [1235, 1239], "annotations": [{"nertag": "O"}]}, {"base_span": [1240, 1246], "annotations": [{"nertag": "O"}]}, {"base_span": [1247, 1249], "annotations": [{"nertag": "O"}]}, {"base_span": [1250, 1255], "annotations": [{"nertag": "O"}]}, {"base_span": [1256, 1260], "annotations": [{"nertag": "O"}]}, {"base_span": [1261, 1269], "annotations": [{"nertag": "O"}]}, {"base_span": [1269, 1270], "annotations": [{"nertag": "O"}]}, {"base_span": [1272, 1281], "annotations": [{"nertag": "O"}]}, {"base_span": [1282, 1287], "annotations": [{"nertag": "O"}]}, {"base_span": [1288, 1293], "annotations": [{"nertag": "O"}]}, {"base_span": [1294, 1298], "annotations": [{"nertag": "B-PER"}]}, {"base_span": [1299, 1305], "annotations": [{"nertag": "I-PER"}]}, {"base_span": [1306, 1309], "annotations": [{"nertag": "O"}]}, {"base_span": [1311, 1312], "annotations": [{"nertag": "O"}]}, {"base_span": [1313, 1322], "annotations": [{"nertag": "O"}]}, {"base_span": [1323, 1329], "annotations": [{"nertag": "B-PER"}]}, {"base_span": [1330, 1334], "annotations": [{"nertag": "I-PER"}]}, {"base_span": [1335, 1338], "annotations": [{"nertag": "O"}]}, {"base_span": [1340, 1341], "annotations": [{"nertag": "O"}]}, {"base_span": [1342, 1349], "annotations": [{"nertag": "B-PER"}]}, {"base_span": [1350, 1356], "annotations": [{"nertag": "I-PER"}]}, {"base_span": [1357, 1360], "annotations": [{"nertag": "O"}]}, {"base_span": [1362, 1371], "annotations": [{"nertag": "O"}]}, {"base_span": [1372, 1375], "annotations": [{"nertag": "B-PER"}]}, {"base_span": [1376, 1381], "annotations": [{"nertag": "I-PER"}]}]}]}