{"text": "26. Päris kohtupäew\n\nKohtu korra pärast olid Kolga kogukonna kohtu ette tulnud:\n\n1. Kohtuvanem: J. Jürgens\n2. Kõrwamees: J. Lauremets\n3. Järgemees J. Kingsep\n4. Kirjutaja G. Tamberg\n\nWahastyst Kilgi Juhan Prentwelt 56 a. w. kaebab, et tema Mustametsast Otto Wirtsaga seltsis Ristirahva pühapääwa lehte lugenud, mille eest kummalgi aastas 70/seitsekümmend/ kop. maksta tulnud; nüid olla juba lehe lugemine ammugi lõppenud, aga Wirtsa ei masta mitte temale Prentwelitele/ oma osa wälja. \nTuli ette kaewataw Otto Wirtsa 51 a. w. ja tunnistab, et temal Juhan Prentweltile 70 kop. ülemal nimetatud lehe lugemise eest maksta ja tasus selle raha 70 kop.  täna kohtu ees Juhan Prentweltile ära. Sellega on Juhan Prentwelt leppinud ja asi täieste lõpetatud.\n\n70 kop. makstud ja lepitud. 19. Oktobr 87a.\n\n\n\n\n\n", "meta": {"origin_directory": "vallakohus_esimene/"}, "layers": [{"name": "gold_ner", "attributes": ["nertag"], "parent": null, "enveloping": null, "ambiguous": false, "serialisation_module": null, "meta": {}, "spans": [{"base_span": [45, 66], "annotations": [{"nertag": "ORG"}]}, {"base_span": [96, 106], "annotations": [{"nertag": "PER"}]}, {"base_span": [121, 133], "annotations": [{"nertag": "PER"}]}, {"base_span": [147, 157], "annotations": [{"nertag": "PER"}]}, {"base_span": [171, 181], "annotations": [{"nertag": "PER"}]}, {"base_span": [183, 192], "annotations": [{"nertag": "LOC"}]}, {"base_span": [193, 198], "annotations": [{"nertag": "LOC_ORG"}]}, {"base_span": [199, 214], "annotations": [{"nertag": "PER"}]}, {"base_span": [240, 252], "annotations": [{"nertag": "LOC"}]}, {"base_span": [253, 266], "annotations": [{"nertag": "PER"}]}, {"base_span": [275, 301], "annotations": [{"nertag": "MISC"}]}, {"base_span": [426, 432], "annotations": [{"nertag": "PER"}]}, {"base_span": [455, 468], "annotations": [{"nertag": "PER"}]}, {"base_span": [505, 516], "annotations": [{"nertag": "PER"}]}, {"base_span": [549, 567], "annotations": [{"nertag": "PER"}]}, {"base_span": [663, 681], "annotations": [{"nertag": "PER"}]}, {"base_span": [698, 713], "annotations": [{"nertag": "PER"}]}]}, {"name": "gold_wordner", "attributes": ["nertag"], "parent": null, "enveloping": null, "ambiguous": false, "serialisation_module": null, "meta": {}, "spans": [{"base_span": [0, 3], "annotations": [{"nertag": "O"}]}, {"base_span": [4, 9], "annotations": [{"nertag": "O"}]}, {"base_span": [10, 19], "annotations": [{"nertag": "O"}]}, {"base_span": [21, 26], "annotations": [{"nertag": "O"}]}, {"base_span": [27, 32], "annotations": [{"nertag": "O"}]}, {"base_span": [33, 39], "annotations": [{"nertag": "O"}]}, {"base_span": [40, 44], "annotations": [{"nertag": "O"}]}, {"base_span": [45, 50], "annotations": [{"nertag": "B-ORG"}]}, {"base_span": [51, 60], "annotations": [{"nertag": "I-ORG"}]}, {"base_span": [61, 66], "annotations": [{"nertag": "I-ORG"}]}, {"base_span": [67, 71], "annotations": [{"nertag": "O"}]}, {"base_span": [72, 78], "annotations": [{"nertag": "O"}]}, {"base_span": [78, 79], "annotations": [{"nertag": "O"}]}, {"base_span": [81, 83], "annotations": [{"nertag": "O"}]}, {"base_span": [84, 94], "annotations": [{"nertag": "O"}]}, {"base_span": [94, 95], "annotations": [{"nertag": "O"}]}, {"base_span": [96, 97], "annotations": [{"nertag": "B-PER"}]}, {"base_span": [97, 98], "annotations": [{"nertag": "I-PER"}]}, {"base_span": [99, 106], "annotations": [{"nertag": "I-PER"}]}, {"base_span": [107, 109], "annotations": [{"nertag": "O"}]}, {"base_span": [110, 119], "annotations": [{"nertag": "O"}]}, {"base_span": [119, 120], "annotations": [{"nertag": "O"}]}, {"base_span": [121, 122], "annotations": [{"nertag": "B-PER"}]}, {"base_span": [122, 123], "annotations": [{"nertag": "I-PER"}]}, {"base_span": [124, 133], "annotations": [{"nertag": "I-PER"}]}, {"base_span": [134, 136], "annotations": [{"nertag": "O"}]}, {"base_span": [137, 146], "annotations": [{"nertag": "O"}]}, {"base_span": [147, 148], "annotations": [{"nertag": "B-PER"}]}, {"base_span": [148, 149], "annotations": [{"nertag": "I-PER"}]}, {"base_span": [150, 157], "annotations": [{"nertag": "I-PER"}]}, {"base_span": [158, 160], "annotations": [{"nertag": "O"}]}, {"base_span": [161, 170], "annotations": [{"nertag": "O"}]}, {"base_span": [171, 172], "annotations": [{"nertag": "B-PER"}]}, {"base_span": [172, 173], "annotations": [{"nertag": "I-PER"}]}, {"base_span": [174, 181], "annotations": [{"nertag": "I-PER"}]}, {"base_span": [183, 192], "annotations": [{"nertag": "B-LOC"}]}, {"base_span": [193, 198], "annotations": [{"nertag": "B-LOC_ORG"}]}, {"base_span": [199, 204], "annotations": [{"nertag": "B-PER"}]}, {"base_span": [205, 214], "annotations": [{"nertag": "I-PER"}]}, {"base_span": [215, 217], "annotations": [{"nertag": "O"}]}, {"base_span": [218, 219], "annotations": [{"nertag": "O"}]}, {"base_span": [219, 220], "annotations": [{"nertag": "O"}]}, {"base_span": [221, 222], "annotations": [{"nertag": "O"}]}, {"base_span": [222, 223], "annotations": [{"nertag": "O"}]}, {"base_span": [224, 230], "annotations": [{"nertag": "O"}]}, {"base_span": [230, 231], "annotations": [{"nertag": "O"}]}, {"base_span": [232, 234], "annotations": [{"nertag": "O"}]}, {"base_span": [235, 239], "annotations": [{"nertag": "O"}]}, {"base_span": [240, 252], "annotations": [{"nertag": "B-LOC"}]}, {"base_span": [253, 257], "annotations": [{"nertag": "B-PER"}]}, {"base_span": [258, 266], "annotations": [{"nertag": "I-PER"}]}, {"base_span": [267, 274], "annotations": [{"nertag": "O"}]}, {"base_span": [275, 285], "annotations": [{"nertag": "B-MISC"}]}, {"base_span": [286, 295], "annotations": [{"nertag": "I-MISC"}]}, {"base_span": [296, 301], "annotations": [{"nertag": "I-MISC"}]}, {"base_span": [302, 309], "annotations": [{"nertag": "O"}]}, {"base_span": [309, 310], "annotations": [{"nertag": "O"}]}, {"base_span": [311, 316], "annotations": [{"nertag": "O"}]}, {"base_span": [317, 321], "annotations": [{"nertag": "O"}]}, {"base_span": [322, 330], "annotations": [{"nertag": "O"}]}, {"base_span": [331, 337], "annotations": [{"nertag": "O"}]}, {"base_span": [338, 340], "annotations": [{"nertag": "O"}]}, {"base_span": [340, 341], "annotations": [{"nertag": "O"}]}, {"base_span": [341, 354], "annotations": [{"nertag": "O"}]}, {"base_span": [354, 355], "annotations": [{"nertag": "O"}]}, {"base_span": [356, 359], "annotations": [{"nertag": "O"}]}, {"base_span": [359, 360], "annotations": [{"nertag": "O"}]}, {"base_span": [361, 367], "annotations": [{"nertag": "O"}]}, {"base_span": [368, 374], "annotations": [{"nertag": "O"}]}, {"base_span": [374, 375], "annotations": [{"nertag": "O"}]}, {"base_span": [376, 380], "annotations": [{"nertag": "O"}]}, {"base_span": [381, 385], "annotations": [{"nertag": "O"}]}, {"base_span": [386, 390], "annotations": [{"nertag": "O"}]}, {"base_span": [391, 395], "annotations": [{"nertag": "O"}]}, {"base_span": [396, 404], "annotations": [{"nertag": "O"}]}, {"base_span": [405, 411], "annotations": [{"nertag": "O"}]}, {"base_span": [412, 420], "annotations": [{"nertag": "O"}]}, {"base_span": [420, 421], "annotations": [{"nertag": "O"}]}, {"base_span": [422, 425], "annotations": [{"nertag": "O"}]}, {"base_span": [426, 432], "annotations": [{"nertag": "B-PER"}]}, {"base_span": [433, 435], "annotations": [{"nertag": "O"}]}, {"base_span": [436, 441], "annotations": [{"nertag": "O"}]}, {"base_span": [442, 447], "annotations": [{"nertag": "O"}]}, {"base_span": [448, 454], "annotations": [{"nertag": "O"}]}, {"base_span": [455, 468], "annotations": [{"nertag": "B-PER"}]}, {"base_span": [468, 469], "annotations": [{"nertag": "O"}]}, {"base_span": [470, 473], "annotations": [{"nertag": "O"}]}, {"base_span": [474, 477], "annotations": [{"nertag": "O"}]}, {"base_span": [478, 483], "annotations": [{"nertag": "O"}]}, {"base_span": [483, 484], "annotations": [{"nertag": "O"}]}, {"base_span": [486, 490], "annotations": [{"nertag": "O"}]}, {"base_span": [491, 495], "annotations": [{"nertag": "O"}]}, {"base_span": [496, 504], "annotations": [{"nertag": "O"}]}, {"base_span": [505, 509], "annotations": [{"nertag": "B-PER"}]}, {"base_span": [510, 516], "annotations": [{"nertag": "I-PER"}]}, {"base_span": [517, 519], "annotations": [{"nertag": "O"}]}, {"base_span": [520, 521], "annotations": [{"nertag": "O"}]}, {"base_span": [521, 522], "annotations": [{"nertag": "O"}]}, {"base_span": [523, 524], "annotations": [{"nertag": "O"}]}, {"base_span": [524, 525], "annotations": [{"nertag": "O"}]}, {"base_span": [526, 528], "annotations": [{"nertag": "O"}]}, {"base_span": [529, 538], "annotations": [{"nertag": "O"}]}, {"base_span": [538, 539], "annotations": [{"nertag": "O"}]}, {"base_span": [540, 542], "annotations": [{"nertag": "O"}]}, {"base_span": [543, 548], "annotations": [{"nertag": "O"}]}, {"base_span": [549, 554], "annotations": [{"nertag": "B-PER"}]}, {"base_span": [555, 567], "annotations": [{"nertag": "I-PER"}]}, {"base_span": [568, 570], "annotations": [{"nertag": "O"}]}, {"base_span": [571, 574], "annotations": [{"nertag": "O"}]}, {"base_span": [574, 575], "annotations": [{"nertag": "O"}]}, {"base_span": [576, 582], "annotations": [{"nertag": "O"}]}, {"base_span": [583, 592], "annotations": [{"nertag": "O"}]}, {"base_span": [593, 597], "annotations": [{"nertag": "O"}]}, {"base_span": [598, 606], "annotations": [{"nertag": "O"}]}, {"base_span": [607, 611], "annotations": [{"nertag": "O"}]}, {"base_span": [612, 618], "annotations": [{"nertag": "O"}]}, {"base_span": [619, 621], "annotations": [{"nertag": "O"}]}, {"base_span": [622, 627], "annotations": [{"nertag": "O"}]}, {"base_span": [628, 633], "annotations": [{"nertag": "O"}]}, {"base_span": [634, 638], "annotations": [{"nertag": "O"}]}, {"base_span": [639, 641], "annotations": [{"nertag": "O"}]}, {"base_span": [642, 645], "annotations": [{"nertag": "O"}]}, {"base_span": [645, 646], "annotations": [{"nertag": "O"}]}, {"base_span": [648, 652], "annotations": [{"nertag": "O"}]}, {"base_span": [653, 658], "annotations": [{"nertag": "O"}]}, {"base_span": [659, 662], "annotations": [{"nertag": "O"}]}, {"base_span": [663, 668], "annotations": [{"nertag": "B-PER"}]}, {"base_span": [669, 681], "annotations": [{"nertag": "I-PER"}]}, {"base_span": [682, 685], "annotations": [{"nertag": "O"}]}, {"base_span": [685, 686], "annotations": [{"nertag": "O"}]}, {"base_span": [687, 694], "annotations": [{"nertag": "O"}]}, {"base_span": [695, 697], "annotations": [{"nertag": "O"}]}, {"base_span": [698, 703], "annotations": [{"nertag": "B-PER"}]}, {"base_span": [704, 713], "annotations": [{"nertag": "I-PER"}]}, {"base_span": [714, 722], "annotations": [{"nertag": "O"}]}, {"base_span": [723, 725], "annotations": [{"nertag": "O"}]}, {"base_span": [726, 729], "annotations": [{"nertag": "O"}]}, {"base_span": [730, 737], "annotations": [{"nertag": "O"}]}, {"base_span": [738, 747], "annotations": [{"nertag": "O"}]}, {"base_span": [747, 748], "annotations": [{"nertag": "O"}]}, {"base_span": [750, 752], "annotations": [{"nertag": "O"}]}, {"base_span": [753, 756], "annotations": [{"nertag": "O"}]}, {"base_span": [756, 757], "annotations": [{"nertag": "O"}]}, {"base_span": [758, 765], "annotations": [{"nertag": "O"}]}, {"base_span": [766, 768], "annotations": [{"nertag": "O"}]}, {"base_span": [769, 776], "annotations": [{"nertag": "O"}]}, {"base_span": [776, 777], "annotations": [{"nertag": "O"}]}, {"base_span": [778, 781], "annotations": [{"nertag": "O"}]}, {"base_span": [782, 788], "annotations": [{"nertag": "O"}]}, {"base_span": [789, 792], "annotations": [{"nertag": "O"}]}, {"base_span": [792, 793], "annotations": [{"nertag": "O"}]}]}]}