{"text": "Prottokoll sel 15mal Septembris 1882\nKoos olid kohtu Peawanem: J. Reemann\nH. Simson\nM. Sopp\nKirjutaja H. Saarmo\n\n 41.\n\nKohtu laua ette astus   Jaakop Sander ja kaebas, et Jaak Piiskop on tema naist karubidi kiskunud ja tema naise tanu lõhki kiskunud ja et  Hans Linnabet ja  Karel Epner on seda pealt näinud.\n Hans Linnabet ja  Karel Epner astusid ette ja ütlesid, et Jaakop Sanderi kaebdus tõsi on. \nJaak Piiskop astus ette ja salgas seda esmalt ära, aga pärast tunnistas om süüdi üles. \nNemad lepisid selle moodiga ära, et Jaak Piiskop maksis 5 Rubla Jaakop Sander'ile tema naise kiskumise ja tanu lõhki käristamise eest.\nOn ka täidetud.\n\nKirna walla kogokonna kohtu nimel,\nPeawanem: Jaan Reemann /allkiri/\nHans Simsohn XXX\nMart Sopp \nKirja tunnistuseks kirjutaja H. Saarmu /allkiri/\n\n", "meta": {"origin_directory": "vallakohus_esimene/"}, "layers": [{"name": "gold_ner", "attributes": ["nertag"], "parent": null, "enveloping": null, "ambiguous": false, "serialisation_module": null, "meta": {}, "spans": [{"base_span": [63, 73], "annotations": [{"nertag": "PER"}]}, {"base_span": [74, 83], "annotations": [{"nertag": "PER"}]}, {"base_span": [84, 91], "annotations": [{"nertag": "PER"}]}, {"base_span": [102, 111], "annotations": [{"nertag": "PER"}]}, {"base_span": [143, 156], "annotations": [{"nertag": "PER"}]}, {"base_span": [171, 183], "annotations": [{"nertag": "PER"}]}, {"base_span": [257, 270], "annotations": [{"nertag": "PER"}]}, {"base_span": [275, 286], "annotations": [{"nertag": "PER"}]}, {"base_span": [310, 323], "annotations": [{"nertag": "PER"}]}, {"base_span": [328, 339], "annotations": [{"nertag": "PER"}]}, {"base_span": [368, 382], "annotations": [{"nertag": "PER"}]}, {"base_span": [401, 413], "annotations": [{"nertag": "PER"}]}, {"base_span": [525, 537], "annotations": [{"nertag": "PER"}]}, {"base_span": [553, 570], "annotations": [{"nertag": "PER"}]}, {"base_span": [641, 668], "annotations": [{"nertag": "ORG"}]}, {"base_span": [686, 698], "annotations": [{"nertag": "PER"}]}, {"base_span": [709, 721], "annotations": [{"nertag": "PER"}]}, {"base_span": [726, 735], "annotations": [{"nertag": "PER"}]}, {"base_span": [766, 775], "annotations": [{"nertag": "PER"}]}]}, {"name": "gold_wordner", "attributes": ["nertag"], "parent": null, "enveloping": null, "ambiguous": false, "serialisation_module": null, "meta": {}, "spans": [{"base_span": [0, 10], "annotations": [{"nertag": "O"}]}, {"base_span": [11, 14], "annotations": [{"nertag": "O"}]}, {"base_span": [15, 20], "annotations": [{"nertag": "O"}]}, {"base_span": [21, 31], "annotations": [{"nertag": "O"}]}, {"base_span": [32, 36], "annotations": [{"nertag": "O"}]}, {"base_span": [37, 41], "annotations": [{"nertag": "O"}]}, {"base_span": [42, 46], "annotations": [{"nertag": "O"}]}, {"base_span": [47, 52], "annotations": [{"nertag": "O"}]}, {"base_span": [53, 61], "annotations": [{"nertag": "O"}]}, {"base_span": [61, 62], "annotations": [{"nertag": "O"}]}, {"base_span": [63, 64], "annotations": [{"nertag": "B-PER"}]}, {"base_span": [64, 65], "annotations": [{"nertag": "I-PER"}]}, {"base_span": [66, 73], "annotations": [{"nertag": "I-PER"}]}, {"base_span": [74, 75], "annotations": [{"nertag": "B-PER"}]}, {"base_span": [75, 76], "annotations": [{"nertag": "I-PER"}]}, {"base_span": [77, 83], "annotations": [{"nertag": "I-PER"}]}, {"base_span": [84, 85], "annotations": [{"nertag": "B-PER"}]}, {"base_span": [85, 86], "annotations": [{"nertag": "I-PER"}]}, {"base_span": [87, 91], "annotations": [{"nertag": "I-PER"}]}, {"base_span": [92, 101], "annotations": [{"nertag": "O"}]}, {"base_span": [102, 103], "annotations": [{"nertag": "B-PER"}]}, {"base_span": [103, 104], "annotations": [{"nertag": "I-PER"}]}, {"base_span": [105, 111], "annotations": [{"nertag": "I-PER"}]}, {"base_span": [114, 117], "annotations": [{"nertag": "O"}]}, {"base_span": [119, 124], "annotations": [{"nertag": "O"}]}, {"base_span": [125, 129], "annotations": [{"nertag": "O"}]}, {"base_span": [130, 134], "annotations": [{"nertag": "O"}]}, {"base_span": [135, 140], "annotations": [{"nertag": "O"}]}, {"base_span": [143, 149], "annotations": [{"nertag": "B-PER"}]}, {"base_span": [150, 156], "annotations": [{"nertag": "I-PER"}]}, {"base_span": [157, 159], "annotations": [{"nertag": "O"}]}, {"base_span": [160, 166], "annotations": [{"nertag": "O"}]}, {"base_span": [166, 167], "annotations": [{"nertag": "O"}]}, {"base_span": [168, 170], "annotations": [{"nertag": "O"}]}, {"base_span": [171, 175], "annotations": [{"nertag": "B-PER"}]}, {"base_span": [176, 183], "annotations": [{"nertag": "I-PER"}]}, {"base_span": [184, 186], "annotations": [{"nertag": "O"}]}, {"base_span": [187, 191], "annotations": [{"nertag": "O"}]}, {"base_span": [192, 197], "annotations": [{"nertag": "O"}]}, {"base_span": [198, 206], "annotations": [{"nertag": "O"}]}, {"base_span": [207, 215], "annotations": [{"nertag": "O"}]}, {"base_span": [216, 218], "annotations": [{"nertag": "O"}]}, {"base_span": [219, 223], "annotations": [{"nertag": "O"}]}, {"base_span": [224, 229], "annotations": [{"nertag": "O"}]}, {"base_span": [230, 234], "annotations": [{"nertag": "O"}]}, {"base_span": [235, 240], "annotations": [{"nertag": "O"}]}, {"base_span": [241, 249], "annotations": [{"nertag": "O"}]}, {"base_span": [250, 252], "annotations": [{"nertag": "O"}]}, {"base_span": [253, 255], "annotations": [{"nertag": "O"}]}, {"base_span": [257, 261], "annotations": [{"nertag": "B-PER"}]}, {"base_span": [262, 270], "annotations": [{"nertag": "I-PER"}]}, {"base_span": [271, 273], "annotations": [{"nertag": "O"}]}, {"base_span": [275, 280], "annotations": [{"nertag": "B-PER"}]}, {"base_span": [281, 286], "annotations": [{"nertag": "I-PER"}]}, {"base_span": [287, 289], "annotations": [{"nertag": "O"}]}, {"base_span": [290, 294], "annotations": [{"nertag": "O"}]}, {"base_span": [295, 300], "annotations": [{"nertag": "O"}]}, {"base_span": [301, 307], "annotations": [{"nertag": "O"}]}, {"base_span": [307, 308], "annotations": [{"nertag": "O"}]}, {"base_span": [310, 314], "annotations": [{"nertag": "B-PER"}]}, {"base_span": [315, 323], "annotations": [{"nertag": "I-PER"}]}, {"base_span": [324, 326], "annotations": [{"nertag": "O"}]}, {"base_span": [328, 333], "annotations": [{"nertag": "B-PER"}]}, {"base_span": [334, 339], "annotations": [{"nertag": "I-PER"}]}, {"base_span": [340, 347], "annotations": [{"nertag": "O"}]}, {"base_span": [348, 352], "annotations": [{"nertag": "O"}]}, {"base_span": [353, 355], "annotations": [{"nertag": "O"}]}, {"base_span": [356, 363], "annotations": [{"nertag": "O"}]}, {"base_span": [363, 364], "annotations": [{"nertag": "O"}]}, {"base_span": [365, 367], "annotations": [{"nertag": "O"}]}, {"base_span": [368, 374], "annotations": [{"nertag": "B-PER"}]}, {"base_span": [375, 382], "annotations": [{"nertag": "I-PER"}]}, {"base_span": [383, 390], "annotations": [{"nertag": "O"}]}, {"base_span": [391, 395], "annotations": [{"nertag": "O"}]}, {"base_span": [396, 398], "annotations": [{"nertag": "O"}]}, {"base_span": [398, 399], "annotations": [{"nertag": "O"}]}, {"base_span": [401, 405], "annotations": [{"nertag": "B-PER"}]}, {"base_span": [406, 413], "annotations": [{"nertag": "I-PER"}]}, {"base_span": [414, 419], "annotations": [{"nertag": "O"}]}, {"base_span": [420, 424], "annotations": [{"nertag": "O"}]}, {"base_span": [425, 427], "annotations": [{"nertag": "O"}]}, {"base_span": [428, 434], "annotations": [{"nertag": "O"}]}, {"base_span": [435, 439], "annotations": [{"nertag": "O"}]}, {"base_span": [440, 446], "annotations": [{"nertag": "O"}]}, {"base_span": [447, 450], "annotations": [{"nertag": "O"}]}, {"base_span": [450, 451], "annotations": [{"nertag": "O"}]}, {"base_span": [452, 455], "annotations": [{"nertag": "O"}]}, {"base_span": [456, 462], "annotations": [{"nertag": "O"}]}, {"base_span": [463, 472], "annotations": [{"nertag": "O"}]}, {"base_span": [473, 475], "annotations": [{"nertag": "O"}]}, {"base_span": [476, 481], "annotations": [{"nertag": "O"}]}, {"base_span": [482, 486], "annotations": [{"nertag": "O"}]}, {"base_span": [486, 487], "annotations": [{"nertag": "O"}]}, {"base_span": [489, 494], "annotations": [{"nertag": "O"}]}, {"base_span": [495, 502], "annotations": [{"nertag": "O"}]}, {"base_span": [503, 508], "annotations": [{"nertag": "O"}]}, {"base_span": [509, 516], "annotations": [{"nertag": "O"}]}, {"base_span": [517, 520], "annotations": [{"nertag": "O"}]}, {"base_span": [520, 521], "annotations": [{"nertag": "O"}]}, {"base_span": [522, 524], "annotations": [{"nertag": "O"}]}, {"base_span": [525, 529], "annotations": [{"nertag": "B-PER"}]}, {"base_span": [530, 537], "annotations": [{"nertag": "I-PER"}]}, {"base_span": [538, 544], "annotations": [{"nertag": "O"}]}, {"base_span": [545, 546], "annotations": [{"nertag": "O"}]}, {"base_span": [547, 552], "annotations": [{"nertag": "O"}]}, {"base_span": [553, 559], "annotations": [{"nertag": "B-PER"}]}, {"base_span": [560, 570], "annotations": [{"nertag": "I-PER"}]}, {"base_span": [571, 575], "annotations": [{"nertag": "O"}]}, {"base_span": [576, 581], "annotations": [{"nertag": "O"}]}, {"base_span": [582, 591], "annotations": [{"nertag": "O"}]}, {"base_span": [592, 594], "annotations": [{"nertag": "O"}]}, {"base_span": [595, 599], "annotations": [{"nertag": "O"}]}, {"base_span": [600, 605], "annotations": [{"nertag": "O"}]}, {"base_span": [606, 617], "annotations": [{"nertag": "O"}]}, {"base_span": [618, 622], "annotations": [{"nertag": "O"}]}, {"base_span": [622, 623], "annotations": [{"nertag": "O"}]}, {"base_span": [624, 626], "annotations": [{"nertag": "O"}]}, {"base_span": [627, 629], "annotations": [{"nertag": "O"}]}, {"base_span": [630, 638], "annotations": [{"nertag": "O"}]}, {"base_span": [638, 639], "annotations": [{"nertag": "O"}]}, {"base_span": [641, 646], "annotations": [{"nertag": "B-ORG"}]}, {"base_span": [647, 652], "annotations": [{"nertag": "I-ORG"}]}, {"base_span": [653, 662], "annotations": [{"nertag": "I-ORG"}]}, {"base_span": [663, 668], "annotations": [{"nertag": "I-ORG"}]}, {"base_span": [669, 674], "annotations": [{"nertag": "O"}]}, {"base_span": [674, 675], "annotations": [{"nertag": "O"}]}, {"base_span": [676, 684], "annotations": [{"nertag": "O"}]}, {"base_span": [684, 685], "annotations": [{"nertag": "O"}]}, {"base_span": [686, 690], "annotations": [{"nertag": "B-PER"}]}, {"base_span": [691, 698], "annotations": [{"nertag": "I-PER"}]}, {"base_span": [699, 700], "annotations": [{"nertag": "O"}]}, {"base_span": [700, 707], "annotations": [{"nertag": "O"}]}, {"base_span": [707, 708], "annotations": [{"nertag": "O"}]}, {"base_span": [709, 713], "annotations": [{"nertag": "B-PER"}]}, {"base_span": [714, 721], "annotations": [{"nertag": "I-PER"}]}, {"base_span": [722, 725], "annotations": [{"nertag": "O"}]}, {"base_span": [726, 730], "annotations": [{"nertag": "B-PER"}]}, {"base_span": [731, 735], "annotations": [{"nertag": "I-PER"}]}, {"base_span": [737, 742], "annotations": [{"nertag": "O"}]}, {"base_span": [743, 755], "annotations": [{"nertag": "O"}]}, {"base_span": [756, 765], "annotations": [{"nertag": "O"}]}, {"base_span": [766, 767], "annotations": [{"nertag": "B-PER"}]}, {"base_span": [767, 768], "annotations": [{"nertag": "I-PER"}]}, {"base_span": [769, 775], "annotations": [{"nertag": "I-PER"}]}, {"base_span": [776, 777], "annotations": [{"nertag": "O"}]}, {"base_span": [777, 784], "annotations": [{"nertag": "O"}]}, {"base_span": [784, 785], "annotations": [{"nertag": "O"}]}]}]}