{"text": "\nProttokoll sel 1misse Junis 1872.\n\nKoos ollid kohto Peawannem  Ado Kandelin \n\nKõrwamehhed\n\nJaan Raudmez\n\nJaan Epmann \n\nKirjutaja H. Saarmo\n\n№ 14.\n\nKohto ette astus Laupa walla mees  Hans Kilgas ja kaebas, et temma on Kirna mehhe  Hans Wingiga Kirna Wissowerre kõrtsos hobbosid wahhetanud ja et temma on ka Hans Wingile 5 rub. pealis rahha annud, ja ka wahhetamisse jures sedda kaupa teinud, et kui hobbused (olgo kumagi poolt tahhes) peaksid wiggased ollema, et siis jälle 3 päewa pärrast kum tahhes wõib ärra tagganeda; agga et Hans Wingi hobbose wigga on kohhe pärrast wahhetamist wälja paistnud ja sepärrast tahtnud kohhe temma Hans Wingi käest omma hobbust ja pealis rahha kätte sada, agga Hans Wing ei olle mitte annud ja wimaks on temma kül sure waewa läbbi omma hobbose Hans Wingi käest kätte sanud, agga mitte omma pealis rahha, ja et Johan Kanger ja Hans Tõnsberg on neil wahhetamisse jures käemehheks ollnud.\n\nJohan Kanger ja Hans Tõnsberg tunnistasid, et Hans Kilgase kaebtus tõssi on.\n\nHans Wing astus ette ja ütles, et temma ei olle tahtnud sepärrast Kilgase hobbust egga ka tema pealis rahha kätte anda, et Hans Kilgas on temma hobbose wahhetamise aego wiggaseks sõitnud, agga wimaks on ta kül Kilgase Hobbose kätte annud, agga mitte temma pealis rahha.\n\nMõistetud sai, et  Hans Wing peab Hans Kilgase pealis rahha se on 5 rubla taggasi maksma ja se mõistminne peab ka 8mal Juni k.p. täidetud sama ja kui jure taggasi minnema ja se mõistminne peab 2sel Juni k.p. täitetud sama ja kui se mõistminne mitte 8mal täidetud ei olle, siis peab Hans Wing 1 rubla trahwi walla laekasse maksma.\n\nSe mõistminne sai kuludud ja Hans Wing ütles, et temma sedda mõistmist mitte ei täida, egga ka prottokoli wälja ei wõtta, egga ka suremasse kohtusse ei lähhe.\n\nOn ka Prottokol wälja antud.\n\n Ado Kandelin \n\nJaan Raudmez  \n\nJaan Epmann  \n\nTunnistusseks kirjutaja H. Saarmo/allkiri/\n\n\n", "meta": {"origin_directory": "vallakohus_kolmas/"}, "layers": [{"name": "gold_ner", "attributes": ["nertag"], "parent": null, "enveloping": null, "ambiguous": false, "serialisation_module": null, "meta": {}, "spans": [{"base_span": [64, 76], "annotations": [{"nertag": "PER"}]}, {"base_span": [92, 104], "annotations": [{"nertag": "PER"}]}, {"base_span": [106, 117], "annotations": [{"nertag": "PER"}]}, {"base_span": [130, 139], "annotations": [{"nertag": "PER"}]}, {"base_span": [165, 176], "annotations": [{"nertag": "LOC_ORG"}]}, {"base_span": [183, 194], "annotations": [{"nertag": "PER"}]}, {"base_span": [218, 223], "annotations": [{"nertag": "LOC"}]}, {"base_span": [231, 243], "annotations": [{"nertag": "PER"}]}, {"base_span": [244, 249], "annotations": [{"nertag": "LOC"}]}, {"base_span": [250, 268], "annotations": [{"nertag": "LOC_ORG"}]}, {"base_span": [307, 319], "annotations": [{"nertag": "PER"}]}, {"base_span": [530, 540], "annotations": [{"nertag": "PER"}]}, {"base_span": [632, 642], "annotations": [{"nertag": "PER"}]}, {"base_span": [695, 704], "annotations": [{"nertag": "PER"}]}, {"base_span": [778, 788], "annotations": [{"nertag": "PER"}]}, {"base_span": [844, 856], "annotations": [{"nertag": "PER"}]}, {"base_span": [860, 873], "annotations": [{"nertag": "PER"}]}, {"base_span": [921, 933], "annotations": [{"nertag": "PER"}]}, {"base_span": [937, 950], "annotations": [{"nertag": "PER"}]}, {"base_span": [967, 979], "annotations": [{"nertag": "PER"}]}, {"base_span": [999, 1008], "annotations": [{"nertag": "PER"}]}, {"base_span": [1065, 1072], "annotations": [{"nertag": "PER"}]}, {"base_span": [1122, 1133], "annotations": [{"nertag": "PER"}]}, {"base_span": [1209, 1216], "annotations": [{"nertag": "PER"}]}, {"base_span": [1289, 1298], "annotations": [{"nertag": "PER"}]}, {"base_span": [1304, 1316], "annotations": [{"nertag": "PER"}]}, {"base_span": [1552, 1561], "annotations": [{"nertag": "PER"}]}, {"base_span": [1630, 1639], "annotations": [{"nertag": "PER"}]}, {"base_span": [1792, 1804], "annotations": [{"nertag": "PER"}]}, {"base_span": [1807, 1819], "annotations": [{"nertag": "PER"}]}, {"base_span": [1823, 1834], "annotations": [{"nertag": "PER"}]}, {"base_span": [1862, 1871], "annotations": [{"nertag": "PER"}]}]}, {"name": "gold_wordner", "attributes": ["nertag"], "parent": null, "enveloping": null, "ambiguous": false, "serialisation_module": null, "meta": {}, "spans": [{"base_span": [1, 11], "annotations": [{"nertag": "O"}]}, {"base_span": [12, 15], "annotations": [{"nertag": "O"}]}, {"base_span": [16, 22], "annotations": [{"nertag": "O"}]}, {"base_span": [23, 28], "annotations": [{"nertag": "O"}]}, {"base_span": [29, 34], "annotations": [{"nertag": "O"}]}, {"base_span": [36, 40], "annotations": [{"nertag": "O"}]}, {"base_span": [41, 46], "annotations": [{"nertag": "O"}]}, {"base_span": [47, 52], "annotations": [{"nertag": "O"}]}, {"base_span": [53, 62], "annotations": [{"nertag": "O"}]}, {"base_span": [64, 67], "annotations": [{"nertag": "B-PER"}]}, {"base_span": [68, 76], "annotations": [{"nertag": "I-PER"}]}, {"base_span": [79, 90], "annotations": [{"nertag": "O"}]}, {"base_span": [92, 96], "annotations": [{"nertag": "B-PER"}]}, {"base_span": [97, 104], "annotations": [{"nertag": "I-PER"}]}, {"base_span": [106, 110], "annotations": [{"nertag": "B-PER"}]}, {"base_span": [111, 117], "annotations": [{"nertag": "I-PER"}]}, {"base_span": [120, 129], "annotations": [{"nertag": "O"}]}, {"base_span": [130, 131], "annotations": [{"nertag": "B-PER"}]}, {"base_span": [131, 132], "annotations": [{"nertag": "I-PER"}]}, {"base_span": [133, 139], "annotations": [{"nertag": "I-PER"}]}, {"base_span": [141, 142], "annotations": [{"nertag": "O"}]}, {"base_span": [143, 146], "annotations": [{"nertag": "O"}]}, {"base_span": [148, 153], "annotations": [{"nertag": "O"}]}, {"base_span": [154, 158], "annotations": [{"nertag": "O"}]}, {"base_span": [159, 164], "annotations": [{"nertag": "O"}]}, {"base_span": [165, 170], "annotations": [{"nertag": "B-LOC_ORG"}]}, {"base_span": [171, 176], "annotations": [{"nertag": "I-LOC_ORG"}]}, {"base_span": [177, 181], "annotations": [{"nertag": "O"}]}, {"base_span": [183, 187], "annotations": [{"nertag": "B-PER"}]}, {"base_span": [188, 194], "annotations": [{"nertag": "I-PER"}]}, {"base_span": [195, 197], "annotations": [{"nertag": "O"}]}, {"base_span": [198, 204], "annotations": [{"nertag": "O"}]}, {"base_span": [204, 205], "annotations": [{"nertag": "O"}]}, {"base_span": [206, 208], "annotations": [{"nertag": "O"}]}, {"base_span": [209, 214], "annotations": [{"nertag": "O"}]}, {"base_span": [215, 217], "annotations": [{"nertag": "O"}]}, {"base_span": [218, 223], "annotations": [{"nertag": "B-LOC"}]}, {"base_span": [224, 229], "annotations": [{"nertag": "O"}]}, {"base_span": [231, 235], "annotations": [{"nertag": "B-PER"}]}, {"base_span": [236, 243], "annotations": [{"nertag": "I-PER"}]}, {"base_span": [244, 249], "annotations": [{"nertag": "B-LOC"}]}, {"base_span": [250, 260], "annotations": [{"nertag": "B-LOC_ORG"}]}, {"base_span": [261, 268], "annotations": [{"nertag": "I-LOC_ORG"}]}, {"base_span": [269, 277], "annotations": [{"nertag": "O"}]}, {"base_span": [278, 288], "annotations": [{"nertag": "O"}]}, {"base_span": [289, 291], "annotations": [{"nertag": "O"}]}, {"base_span": [292, 294], "annotations": [{"nertag": "O"}]}, {"base_span": [295, 300], "annotations": [{"nertag": "O"}]}, {"base_span": [301, 303], "annotations": [{"nertag": "O"}]}, {"base_span": [304, 306], "annotations": [{"nertag": "O"}]}, {"base_span": [307, 311], "annotations": [{"nertag": "B-PER"}]}, {"base_span": [312, 319], "annotations": [{"nertag": "I-PER"}]}, {"base_span": [320, 321], "annotations": [{"nertag": "O"}]}, {"base_span": [322, 325], "annotations": [{"nertag": "O"}]}, {"base_span": [325, 326], "annotations": [{"nertag": "O"}]}, {"base_span": [327, 333], "annotations": [{"nertag": "O"}]}, {"base_span": [334, 339], "annotations": [{"nertag": "O"}]}, {"base_span": [340, 345], "annotations": [{"nertag": "O"}]}, {"base_span": [345, 346], "annotations": [{"nertag": "O"}]}, {"base_span": [347, 349], "annotations": [{"nertag": "O"}]}, {"base_span": [350, 352], "annotations": [{"nertag": "O"}]}, {"base_span": [353, 365], "annotations": [{"nertag": "O"}]}, {"base_span": [366, 371], "annotations": [{"nertag": "O"}]}, {"base_span": [372, 377], "annotations": [{"nertag": "O"}]}, {"base_span": [378, 383], "annotations": [{"nertag": "O"}]}, {"base_span": [384, 390], "annotations": [{"nertag": "O"}]}, {"base_span": [390, 391], "annotations": [{"nertag": "O"}]}, {"base_span": [392, 394], "annotations": [{"nertag": "O"}]}, {"base_span": [395, 398], "annotations": [{"nertag": "O"}]}, {"base_span": [399, 407], "annotations": [{"nertag": "O"}]}, {"base_span": [408, 409], "annotations": [{"nertag": "O"}]}, {"base_span": [409, 413], "annotations": [{"nertag": "O"}]}, {"base_span": [414, 420], "annotations": [{"nertag": "O"}]}, {"base_span": [421, 426], "annotations": [{"nertag": "O"}]}, {"base_span": [427, 433], "annotations": [{"nertag": "O"}]}, {"base_span": [433, 434], "annotations": [{"nertag": "O"}]}, {"base_span": [435, 442], "annotations": [{"nertag": "O"}]}, {"base_span": [443, 451], "annotations": [{"nertag": "O"}]}, {"base_span": [452, 458], "annotations": [{"nertag": "O"}]}, {"base_span": [458, 459], "annotations": [{"nertag": "O"}]}, {"base_span": [460, 462], "annotations": [{"nertag": "O"}]}, {"base_span": [463, 467], "annotations": [{"nertag": "O"}]}, {"base_span": [468, 473], "annotations": [{"nertag": "O"}]}, {"base_span": [474, 475], "annotations": [{"nertag": "O"}]}, {"base_span": [476, 481], "annotations": [{"nertag": "O"}]}, {"base_span": [482, 489], "annotations": [{"nertag": "O"}]}, {"base_span": [490, 493], "annotations": [{"nertag": "O"}]}, {"base_span": [494, 500], "annotations": [{"nertag": "O"}]}, {"base_span": [501, 505], "annotations": [{"nertag": "O"}]}, {"base_span": [506, 510], "annotations": [{"nertag": "O"}]}, {"base_span": [511, 520], "annotations": [{"nertag": "O"}]}, {"base_span": [520, 521], "annotations": [{"nertag": "O"}]}, {"base_span": [522, 526], "annotations": [{"nertag": "O"}]}, {"base_span": [527, 529], "annotations": [{"nertag": "O"}]}, {"base_span": [530, 534], "annotations": [{"nertag": "B-PER"}]}, {"base_span": [535, 540], "annotations": [{"nertag": "I-PER"}]}, {"base_span": [541, 548], "annotations": [{"nertag": "O"}]}, {"base_span": [549, 554], "annotations": [{"nertag": "O"}]}, {"base_span": [555, 557], "annotations": [{"nertag": "O"}]}, {"base_span": [558, 563], "annotations": [{"nertag": "O"}]}, {"base_span": [564, 571], "annotations": [{"nertag": "O"}]}, {"base_span": [572, 583], "annotations": [{"nertag": "O"}]}, {"base_span": [584, 589], "annotations": [{"nertag": "O"}]}, {"base_span": [590, 598], "annotations": [{"nertag": "O"}]}, {"base_span": [599, 601], "annotations": [{"nertag": "O"}]}, {"base_span": [602, 611], "annotations": [{"nertag": "O"}]}, {"base_span": [612, 619], "annotations": [{"nertag": "O"}]}, {"base_span": [620, 625], "annotations": [{"nertag": "O"}]}, {"base_span": [626, 631], "annotations": [{"nertag": "O"}]}, {"base_span": [632, 636], "annotations": [{"nertag": "B-PER"}]}, {"base_span": [637, 642], "annotations": [{"nertag": "I-PER"}]}, {"base_span": [643, 648], "annotations": [{"nertag": "O"}]}, {"base_span": [649, 653], "annotations": [{"nertag": "O"}]}, {"base_span": [654, 661], "annotations": [{"nertag": "O"}]}, {"base_span": [662, 664], "annotations": [{"nertag": "O"}]}, {"base_span": [665, 671], "annotations": [{"nertag": "O"}]}, {"base_span": [672, 677], "annotations": [{"nertag": "O"}]}, {"base_span": [678, 683], "annotations": [{"nertag": "O"}]}, {"base_span": [684, 688], "annotations": [{"nertag": "O"}]}, {"base_span": [688, 689], "annotations": [{"nertag": "O"}]}, {"base_span": [690, 694], "annotations": [{"nertag": "O"}]}, {"base_span": [695, 699], "annotations": [{"nertag": "B-PER"}]}, {"base_span": [700, 704], "annotations": [{"nertag": "I-PER"}]}, {"base_span": [705, 707], "annotations": [{"nertag": "O"}]}, {"base_span": [708, 712], "annotations": [{"nertag": "O"}]}, {"base_span": [713, 718], "annotations": [{"nertag": "O"}]}, {"base_span": [719, 724], "annotations": [{"nertag": "O"}]}, {"base_span": [725, 727], "annotations": [{"nertag": "O"}]}, {"base_span": [728, 734], "annotations": [{"nertag": "O"}]}, {"base_span": [735, 737], "annotations": [{"nertag": "O"}]}, {"base_span": [738, 743], "annotations": [{"nertag": "O"}]}, {"base_span": [744, 747], "annotations": [{"nertag": "O"}]}, {"base_span": [748, 752], "annotations": [{"nertag": "O"}]}, {"base_span": [753, 758], "annotations": [{"nertag": "O"}]}, {"base_span": [759, 764], "annotations": [{"nertag": "O"}]}, {"base_span": [765, 769], "annotations": [{"nertag": "O"}]}, {"base_span": [770, 777], "annotations": [{"nertag": "O"}]}, {"base_span": [778, 782], "annotations": [{"nertag": "B-PER"}]}, {"base_span": [783, 788], "annotations": [{"nertag": "I-PER"}]}, {"base_span": [789, 794], "annotations": [{"nertag": "O"}]}, {"base_span": [795, 800], "annotations": [{"nertag": "O"}]}, {"base_span": [801, 806], "annotations": [{"nertag": "O"}]}, {"base_span": [806, 807], "annotations": [{"nertag": "O"}]}, {"base_span": [808, 812], "annotations": [{"nertag": "O"}]}, {"base_span": [813, 818], "annotations": [{"nertag": "O"}]}, {"base_span": [819, 823], "annotations": [{"nertag": "O"}]}, {"base_span": [824, 830], "annotations": [{"nertag": "O"}]}, {"base_span": [831, 836], "annotations": [{"nertag": "O"}]}, {"base_span": [836, 837], "annotations": [{"nertag": "O"}]}, {"base_span": [838, 840], "annotations": [{"nertag": "O"}]}, {"base_span": [841, 843], "annotations": [{"nertag": "O"}]}, {"base_span": [844, 849], "annotations": [{"nertag": "B-PER"}]}, {"base_span": [850, 856], "annotations": [{"nertag": "I-PER"}]}, {"base_span": [857, 859], "annotations": [{"nertag": "O"}]}, {"base_span": [860, 864], "annotations": [{"nertag": "B-PER"}]}, {"base_span": [865, 873], "annotations": [{"nertag": "I-PER"}]}, {"base_span": [874, 876], "annotations": [{"nertag": "O"}]}, {"base_span": [877, 881], "annotations": [{"nertag": "O"}]}, {"base_span": [882, 894], "annotations": [{"nertag": "O"}]}, {"base_span": [895, 900], "annotations": [{"nertag": "O"}]}, {"base_span": [901, 911], "annotations": [{"nertag": "O"}]}, {"base_span": [912, 918], "annotations": [{"nertag": "O"}]}, {"base_span": [918, 919], "annotations": [{"nertag": "O"}]}, {"base_span": [921, 926], "annotations": [{"nertag": "B-PER"}]}, {"base_span": [927, 933], "annotations": [{"nertag": "I-PER"}]}, {"base_span": [934, 936], "annotations": [{"nertag": "O"}]}, {"base_span": [937, 941], "annotations": [{"nertag": "B-PER"}]}, {"base_span": [942, 950], "annotations": [{"nertag": "I-PER"}]}, {"base_span": [951, 962], "annotations": [{"nertag": "O"}]}, {"base_span": [962, 963], "annotations": [{"nertag": "O"}]}, {"base_span": [964, 966], "annotations": [{"nertag": "O"}]}, {"base_span": [967, 971], "annotations": [{"nertag": "B-PER"}]}, {"base_span": [972, 979], "annotations": [{"nertag": "I-PER"}]}, {"base_span": [980, 987], "annotations": [{"nertag": "O"}]}, {"base_span": [988, 993], "annotations": [{"nertag": "O"}]}, {"base_span": [994, 996], "annotations": [{"nertag": "O"}]}, {"base_span": [996, 997], "annotations": [{"nertag": "O"}]}, {"base_span": [999, 1003], "annotations": [{"nertag": "B-PER"}]}, {"base_span": [1004, 1008], "annotations": [{"nertag": "I-PER"}]}, {"base_span": [1009, 1014], "annotations": [{"nertag": "O"}]}, {"base_span": [1015, 1019], "annotations": [{"nertag": "O"}]}, {"base_span": [1020, 1022], "annotations": [{"nertag": "O"}]}, {"base_span": [1023, 1028], "annotations": [{"nertag": "O"}]}, {"base_span": [1028, 1029], "annotations": [{"nertag": "O"}]}, {"base_span": [1030, 1032], "annotations": [{"nertag": "O"}]}, {"base_span": [1033, 1038], "annotations": [{"nertag": "O"}]}, {"base_span": [1039, 1041], "annotations": [{"nertag": "O"}]}, {"base_span": [1042, 1046], "annotations": [{"nertag": "O"}]}, {"base_span": [1047, 1054], "annotations": [{"nertag": "O"}]}, {"base_span": [1055, 1064], "annotations": [{"nertag": "O"}]}, {"base_span": [1065, 1072], "annotations": [{"nertag": "B-PER"}]}, {"base_span": [1073, 1080], "annotations": [{"nertag": "O"}]}, {"base_span": [1081, 1085], "annotations": [{"nertag": "O"}]}, {"base_span": [1086, 1088], "annotations": [{"nertag": "O"}]}, {"base_span": [1089, 1093], "annotations": [{"nertag": "O"}]}, {"base_span": [1094, 1100], "annotations": [{"nertag": "O"}]}, {"base_span": [1101, 1106], "annotations": [{"nertag": "O"}]}, {"base_span": [1107, 1112], "annotations": [{"nertag": "O"}]}, {"base_span": [1113, 1117], "annotations": [{"nertag": "O"}]}, {"base_span": [1117, 1118], "annotations": [{"nertag": "O"}]}, {"base_span": [1119, 1121], "annotations": [{"nertag": "O"}]}, {"base_span": [1122, 1126], "annotations": [{"nertag": "B-PER"}]}, {"base_span": [1127, 1133], "annotations": [{"nertag": "I-PER"}]}, {"base_span": [1134, 1136], "annotations": [{"nertag": "O"}]}, {"base_span": [1137, 1142], "annotations": [{"nertag": "O"}]}, {"base_span": [1143, 1150], "annotations": [{"nertag": "O"}]}, {"base_span": [1151, 1162], "annotations": [{"nertag": "O"}]}, {"base_span": [1163, 1167], "annotations": [{"nertag": "O"}]}, {"base_span": [1168, 1177], "annotations": [{"nertag": "O"}]}, {"base_span": [1178, 1185], "annotations": [{"nertag": "O"}]}, {"base_span": [1185, 1186], "annotations": [{"nertag": "O"}]}, {"base_span": [1187, 1191], "annotations": [{"nertag": "O"}]}, {"base_span": [1192, 1198], "annotations": [{"nertag": "O"}]}, {"base_span": [1199, 1201], "annotations": [{"nertag": "O"}]}, {"base_span": [1202, 1204], "annotations": [{"nertag": "O"}]}, {"base_span": [1205, 1208], "annotations": [{"nertag": "O"}]}, {"base_span": [1209, 1216], "annotations": [{"nertag": "B-PER"}]}, {"base_span": [1217, 1224], "annotations": [{"nertag": "O"}]}, {"base_span": [1225, 1230], "annotations": [{"nertag": "O"}]}, {"base_span": [1231, 1236], "annotations": [{"nertag": "O"}]}, {"base_span": [1236, 1237], "annotations": [{"nertag": "O"}]}, {"base_span": [1238, 1242], "annotations": [{"nertag": "O"}]}, {"base_span": [1243, 1248], "annotations": [{"nertag": "O"}]}, {"base_span": [1249, 1254], "annotations": [{"nertag": "O"}]}, {"base_span": [1255, 1261], "annotations": [{"nertag": "O"}]}, {"base_span": [1262, 1267], "annotations": [{"nertag": "O"}]}, {"base_span": [1267, 1268], "annotations": [{"nertag": "O"}]}, {"base_span": [1270, 1279], "annotations": [{"nertag": "O"}]}, {"base_span": [1280, 1283], "annotations": [{"nertag": "O"}]}, {"base_span": [1283, 1284], "annotations": [{"nertag": "O"}]}, {"base_span": [1285, 1287], "annotations": [{"nertag": "O"}]}, {"base_span": [1289, 1293], "annotations": [{"nertag": "B-PER"}]}, {"base_span": [1294, 1298], "annotations": [{"nertag": "I-PER"}]}, {"base_span": [1299, 1303], "annotations": [{"nertag": "O"}]}, {"base_span": [1304, 1308], "annotations": [{"nertag": "B-PER"}]}, {"base_span": [1309, 1316], "annotations": [{"nertag": "I-PER"}]}, {"base_span": [1317, 1323], "annotations": [{"nertag": "O"}]}, {"base_span": [1324, 1329], "annotations": [{"nertag": "O"}]}, {"base_span": [1330, 1332], "annotations": [{"nertag": "O"}]}, {"base_span": [1333, 1335], "annotations": [{"nertag": "O"}]}, {"base_span": [1336, 1337], "annotations": [{"nertag": "O"}]}, {"base_span": [1338, 1343], "annotations": [{"nertag": "O"}]}, {"base_span": [1344, 1351], "annotations": [{"nertag": "O"}]}, {"base_span": [1352, 1358], "annotations": [{"nertag": "O"}]}, {"base_span": [1359, 1361], "annotations": [{"nertag": "O"}]}, {"base_span": [1362, 1364], "annotations": [{"nertag": "O"}]}, {"base_span": [1365, 1375], "annotations": [{"nertag": "O"}]}, {"base_span": [1376, 1380], "annotations": [{"nertag": "O"}]}, {"base_span": [1381, 1383], "annotations": [{"nertag": "O"}]}, {"base_span": [1384, 1388], "annotations": [{"nertag": "O"}]}, {"base_span": [1389, 1393], "annotations": [{"nertag": "O"}]}, {"base_span": [1394, 1395], "annotations": [{"nertag": "O"}]}, {"base_span": [1395, 1396], "annotations": [{"nertag": "O"}]}, {"base_span": [1396, 1397], "annotations": [{"nertag": "O"}]}, {"base_span": [1397, 1398], "annotations": [{"nertag": "O"}]}, {"base_span": [1399, 1407], "annotations": [{"nertag": "O"}]}, {"base_span": [1408, 1412], "annotations": [{"nertag": "O"}]}, {"base_span": [1413, 1415], "annotations": [{"nertag": "O"}]}, {"base_span": [1416, 1419], "annotations": [{"nertag": "O"}]}, {"base_span": [1420, 1424], "annotations": [{"nertag": "O"}]}, {"base_span": [1425, 1432], "annotations": [{"nertag": "O"}]}, {"base_span": [1433, 1440], "annotations": [{"nertag": "O"}]}, {"base_span": [1441, 1443], "annotations": [{"nertag": "O"}]}, {"base_span": [1444, 1446], "annotations": [{"nertag": "O"}]}, {"base_span": [1447, 1457], "annotations": [{"nertag": "O"}]}, {"base_span": [1458, 1462], "annotations": [{"nertag": "O"}]}, {"base_span": [1463, 1467], "annotations": [{"nertag": "O"}]}, {"base_span": [1468, 1472], "annotations": [{"nertag": "O"}]}, {"base_span": [1473, 1474], "annotations": [{"nertag": "O"}]}, {"base_span": [1474, 1475], "annotations": [{"nertag": "O"}]}, {"base_span": [1475, 1476], "annotations": [{"nertag": "O"}]}, {"base_span": [1476, 1477], "annotations": [{"nertag": "O"}]}, {"base_span": [1478, 1486], "annotations": [{"nertag": "O"}]}, {"base_span": [1487, 1491], "annotations": [{"nertag": "O"}]}, {"base_span": [1492, 1494], "annotations": [{"nertag": "O"}]}, {"base_span": [1495, 1498], "annotations": [{"nertag": "O"}]}, {"base_span": [1499, 1501], "annotations": [{"nertag": "O"}]}, {"base_span": [1502, 1512], "annotations": [{"nertag": "O"}]}, {"base_span": [1513, 1518], "annotations": [{"nertag": "O"}]}, {"base_span": [1519, 1523], "annotations": [{"nertag": "O"}]}, {"base_span": [1524, 1532], "annotations": [{"nertag": "O"}]}, {"base_span": [1533, 1535], "annotations": [{"nertag": "O"}]}, {"base_span": [1536, 1540], "annotations": [{"nertag": "O"}]}, {"base_span": [1540, 1541], "annotations": [{"nertag": "O"}]}, {"base_span": [1542, 1546], "annotations": [{"nertag": "O"}]}, {"base_span": [1547, 1551], "annotations": [{"nertag": "O"}]}, {"base_span": [1552, 1556], "annotations": [{"nertag": "B-PER"}]}, {"base_span": [1557, 1561], "annotations": [{"nertag": "I-PER"}]}, {"base_span": [1562, 1563], "annotations": [{"nertag": "O"}]}, {"base_span": [1564, 1569], "annotations": [{"nertag": "O"}]}, {"base_span": [1570, 1576], "annotations": [{"nertag": "O"}]}, {"base_span": [1577, 1582], "annotations": [{"nertag": "O"}]}, {"base_span": [1583, 1591], "annotations": [{"nertag": "O"}]}, {"base_span": [1592, 1598], "annotations": [{"nertag": "O"}]}, {"base_span": [1598, 1599], "annotations": [{"nertag": "O"}]}, {"base_span": [1601, 1603], "annotations": [{"nertag": "O"}]}, {"base_span": [1604, 1614], "annotations": [{"nertag": "O"}]}, {"base_span": [1615, 1618], "annotations": [{"nertag": "O"}]}, {"base_span": [1619, 1626], "annotations": [{"nertag": "O"}]}, {"base_span": [1627, 1629], "annotations": [{"nertag": "O"}]}, {"base_span": [1630, 1634], "annotations": [{"nertag": "B-PER"}]}, {"base_span": [1635, 1639], "annotations": [{"nertag": "I-PER"}]}, {"base_span": [1640, 1645], "annotations": [{"nertag": "O"}]}, {"base_span": [1645, 1646], "annotations": [{"nertag": "O"}]}, {"base_span": [1647, 1649], "annotations": [{"nertag": "O"}]}, {"base_span": [1650, 1655], "annotations": [{"nertag": "O"}]}, {"base_span": [1656, 1661], "annotations": [{"nertag": "O"}]}, {"base_span": [1662, 1671], "annotations": [{"nertag": "O"}]}, {"base_span": [1672, 1677], "annotations": [{"nertag": "O"}]}, {"base_span": [1678, 1680], "annotations": [{"nertag": "O"}]}, {"base_span": [1681, 1686], "annotations": [{"nertag": "O"}]}, {"base_span": [1686, 1687], "annotations": [{"nertag": "O"}]}, {"base_span": [1688, 1692], "annotations": [{"nertag": "O"}]}, {"base_span": [1693, 1695], "annotations": [{"nertag": "O"}]}, {"base_span": [1696, 1706], "annotations": [{"nertag": "O"}]}, {"base_span": [1707, 1712], "annotations": [{"nertag": "O"}]}, {"base_span": [1713, 1715], "annotations": [{"nertag": "O"}]}, {"base_span": [1716, 1721], "annotations": [{"nertag": "O"}]}, {"base_span": [1721, 1722], "annotations": [{"nertag": "O"}]}, {"base_span": [1723, 1727], "annotations": [{"nertag": "O"}]}, {"base_span": [1728, 1730], "annotations": [{"nertag": "O"}]}, {"base_span": [1731, 1740], "annotations": [{"nertag": "O"}]}, {"base_span": [1741, 1749], "annotations": [{"nertag": "O"}]}, {"base_span": [1750, 1752], "annotations": [{"nertag": "O"}]}, {"base_span": [1753, 1758], "annotations": [{"nertag": "O"}]}, {"base_span": [1758, 1759], "annotations": [{"nertag": "O"}]}, {"base_span": [1761, 1763], "annotations": [{"nertag": "O"}]}, {"base_span": [1764, 1766], "annotations": [{"nertag": "O"}]}, {"base_span": [1767, 1776], "annotations": [{"nertag": "O"}]}, {"base_span": [1777, 1782], "annotations": [{"nertag": "O"}]}, {"base_span": [1783, 1788], "annotations": [{"nertag": "O"}]}, {"base_span": [1788, 1789], "annotations": [{"nertag": "O"}]}, {"base_span": [1792, 1795], "annotations": [{"nertag": "B-PER"}]}, {"base_span": [1796, 1804], "annotations": [{"nertag": "I-PER"}]}, {"base_span": [1807, 1811], "annotations": [{"nertag": "B-PER"}]}, {"base_span": [1812, 1819], "annotations": [{"nertag": "I-PER"}]}, {"base_span": [1823, 1827], "annotations": [{"nertag": "B-PER"}]}, {"base_span": [1828, 1834], "annotations": [{"nertag": "I-PER"}]}, {"base_span": [1838, 1851], "annotations": [{"nertag": "O"}]}, {"base_span": [1852, 1861], "annotations": [{"nertag": "O"}]}, {"base_span": [1862, 1863], "annotations": [{"nertag": "B-PER"}]}, {"base_span": [1863, 1864], "annotations": [{"nertag": "I-PER"}]}, {"base_span": [1865, 1871], "annotations": [{"nertag": "I-PER"}]}, {"base_span": [1871, 1872], "annotations": [{"nertag": "O"}]}, {"base_span": [1872, 1879], "annotations": [{"nertag": "O"}]}, {"base_span": [1879, 1880], "annotations": [{"nertag": "O"}]}]}]}