{"text": "\nProttokoll sel 1misel Tetsembris 1881\n\nKoos olid kohtu Peawanem: Jaan Reemann\n\nJaan Kreep\n\nHans Simsohn\n\nKirjutaja H. Saarmu\n\n№ 62.\n\nKohtu laua ette astus  Ann Kredemann ja kaebas, et  Ewa Pohler on tema kääst 10 Rub. 50 kopik raha laenanud ja taha seda mitte ära maksta.\n\nEwa Pohler astus ette ja ei salganud seda mitte ära, waid ütles, et temal ei ole waesuse pärast wõimalik olnud mitte seda raha ära maksta.\n\nNemad lepisid selle moodiga ära, et  Ewa Pohler kolme aastaga  Ann Kredemani ülemal nimetud wõla ära maksab, se on iga aasta 3 Rub. 50 kop. Nõnda et 1881, 350 kop. 1882, 350 kop. 1883, 350 kop. peab ära maksetud saama.\n\nKirna walla kogukonna kohtu nimel,\n\nPeawanem: Jaan Reemann /allkiri/\n\nHans Simson XXX\n\nJaan Kreep  XXX\n\nTunnistuseks kirjutaja H. Saarmu /allkiri/\n\n\n", "meta": {"origin_directory": "vallakohus_kolmas/"}, "layers": [{"name": "gold_ner", "attributes": ["nertag"], "parent": null, "enveloping": null, "ambiguous": false, "serialisation_module": null, "meta": {}, "spans": [{"base_span": [66, 78], "annotations": [{"nertag": "PER"}]}, {"base_span": [80, 90], "annotations": [{"nertag": "PER"}]}, {"base_span": [92, 104], "annotations": [{"nertag": "PER"}]}, {"base_span": [116, 125], "annotations": [{"nertag": "PER"}]}, {"base_span": [157, 170], "annotations": [{"nertag": "PER"}]}, {"base_span": [186, 196], "annotations": [{"nertag": "PER"}]}, {"base_span": [274, 284], "annotations": [{"nertag": "PER"}]}, {"base_span": [451, 461], "annotations": [{"nertag": "PER"}]}, {"base_span": [477, 490], "annotations": [{"nertag": "PER"}]}, {"base_span": [634, 661], "annotations": [{"nertag": "ORG"}]}, {"base_span": [680, 692], "annotations": [{"nertag": "PER"}]}, {"base_span": [704, 715], "annotations": [{"nertag": "PER"}]}, {"base_span": [721, 731], "annotations": [{"nertag": "PER"}]}, {"base_span": [761, 770], "annotations": [{"nertag": "PER"}]}]}, {"name": "gold_wordner", "attributes": ["nertag"], "parent": null, "enveloping": null, "ambiguous": false, "serialisation_module": null, "meta": {}, "spans": [{"base_span": [1, 11], "annotations": [{"nertag": "O"}]}, {"base_span": [12, 15], "annotations": [{"nertag": "O"}]}, {"base_span": [16, 22], "annotations": [{"nertag": "O"}]}, {"base_span": [23, 33], "annotations": [{"nertag": "O"}]}, {"base_span": [34, 38], "annotations": [{"nertag": "O"}]}, {"base_span": [40, 44], "annotations": [{"nertag": "O"}]}, {"base_span": [45, 49], "annotations": [{"nertag": "O"}]}, {"base_span": [50, 55], "annotations": [{"nertag": "O"}]}, {"base_span": [56, 64], "annotations": [{"nertag": "O"}]}, {"base_span": [64, 65], "annotations": [{"nertag": "O"}]}, {"base_span": [66, 70], "annotations": [{"nertag": "B-PER"}]}, {"base_span": [71, 78], "annotations": [{"nertag": "I-PER"}]}, {"base_span": [80, 84], "annotations": [{"nertag": "B-PER"}]}, {"base_span": [85, 90], "annotations": [{"nertag": "I-PER"}]}, {"base_span": [92, 96], "annotations": [{"nertag": "B-PER"}]}, {"base_span": [97, 104], "annotations": [{"nertag": "I-PER"}]}, {"base_span": [106, 115], "annotations": [{"nertag": "O"}]}, {"base_span": [116, 117], "annotations": [{"nertag": "B-PER"}]}, {"base_span": [117, 118], "annotations": [{"nertag": "I-PER"}]}, {"base_span": [119, 125], "annotations": [{"nertag": "I-PER"}]}, {"base_span": [127, 128], "annotations": [{"nertag": "O"}]}, {"base_span": [129, 132], "annotations": [{"nertag": "O"}]}, {"base_span": [134, 139], "annotations": [{"nertag": "O"}]}, {"base_span": [140, 144], "annotations": [{"nertag": "O"}]}, {"base_span": [145, 149], "annotations": [{"nertag": "O"}]}, {"base_span": [150, 155], "annotations": [{"nertag": "O"}]}, {"base_span": [157, 160], "annotations": [{"nertag": "B-PER"}]}, {"base_span": [161, 170], "annotations": [{"nertag": "I-PER"}]}, {"base_span": [171, 173], "annotations": [{"nertag": "O"}]}, {"base_span": [174, 180], "annotations": [{"nertag": "O"}]}, {"base_span": [180, 181], "annotations": [{"nertag": "O"}]}, {"base_span": [182, 184], "annotations": [{"nertag": "O"}]}, {"base_span": [186, 189], "annotations": [{"nertag": "B-PER"}]}, {"base_span": [190, 196], "annotations": [{"nertag": "I-PER"}]}, {"base_span": [197, 199], "annotations": [{"nertag": "O"}]}, {"base_span": [200, 204], "annotations": [{"nertag": "O"}]}, {"base_span": [205, 210], "annotations": [{"nertag": "O"}]}, {"base_span": [211, 213], "annotations": [{"nertag": "O"}]}, {"base_span": [214, 217], "annotations": [{"nertag": "O"}]}, {"base_span": [217, 218], "annotations": [{"nertag": "O"}]}, {"base_span": [219, 221], "annotations": [{"nertag": "O"}]}, {"base_span": [222, 227], "annotations": [{"nertag": "O"}]}, {"base_span": [228, 232], "annotations": [{"nertag": "O"}]}, {"base_span": [233, 241], "annotations": [{"nertag": "O"}]}, {"base_span": [242, 244], "annotations": [{"nertag": "O"}]}, {"base_span": [245, 249], "annotations": [{"nertag": "O"}]}, {"base_span": [250, 254], "annotations": [{"nertag": "O"}]}, {"base_span": [255, 260], "annotations": [{"nertag": "O"}]}, {"base_span": [261, 264], "annotations": [{"nertag": "O"}]}, {"base_span": [265, 271], "annotations": [{"nertag": "O"}]}, {"base_span": [271, 272], "annotations": [{"nertag": "O"}]}, {"base_span": [274, 277], "annotations": [{"nertag": "B-PER"}]}, {"base_span": [278, 284], "annotations": [{"nertag": "I-PER"}]}, {"base_span": [285, 290], "annotations": [{"nertag": "O"}]}, {"base_span": [291, 295], "annotations": [{"nertag": "O"}]}, {"base_span": [296, 298], "annotations": [{"nertag": "O"}]}, {"base_span": [299, 301], "annotations": [{"nertag": "O"}]}, {"base_span": [302, 310], "annotations": [{"nertag": "O"}]}, {"base_span": [311, 315], "annotations": [{"nertag": "O"}]}, {"base_span": [316, 321], "annotations": [{"nertag": "O"}]}, {"base_span": [322, 325], "annotations": [{"nertag": "O"}]}, {"base_span": [325, 326], "annotations": [{"nertag": "O"}]}, {"base_span": [327, 331], "annotations": [{"nertag": "O"}]}, {"base_span": [332, 337], "annotations": [{"nertag": "O"}]}, {"base_span": [337, 338], "annotations": [{"nertag": "O"}]}, {"base_span": [339, 341], "annotations": [{"nertag": "O"}]}, {"base_span": [342, 347], "annotations": [{"nertag": "O"}]}, {"base_span": [348, 350], "annotations": [{"nertag": "O"}]}, {"base_span": [351, 354], "annotations": [{"nertag": "O"}]}, {"base_span": [355, 362], "annotations": [{"nertag": "O"}]}, {"base_span": [363, 369], "annotations": [{"nertag": "O"}]}, {"base_span": [370, 378], "annotations": [{"nertag": "O"}]}, {"base_span": [379, 384], "annotations": [{"nertag": "O"}]}, {"base_span": [385, 390], "annotations": [{"nertag": "O"}]}, {"base_span": [391, 395], "annotations": [{"nertag": "O"}]}, {"base_span": [396, 400], "annotations": [{"nertag": "O"}]}, {"base_span": [401, 404], "annotations": [{"nertag": "O"}]}, {"base_span": [405, 411], "annotations": [{"nertag": "O"}]}, {"base_span": [411, 412], "annotations": [{"nertag": "O"}]}, {"base_span": [414, 419], "annotations": [{"nertag": "O"}]}, {"base_span": [420, 427], "annotations": [{"nertag": "O"}]}, {"base_span": [428, 433], "annotations": [{"nertag": "O"}]}, {"base_span": [434, 441], "annotations": [{"nertag": "O"}]}, {"base_span": [442, 445], "annotations": [{"nertag": "O"}]}, {"base_span": [445, 446], "annotations": [{"nertag": "O"}]}, {"base_span": [447, 449], "annotations": [{"nertag": "O"}]}, {"base_span": [451, 454], "annotations": [{"nertag": "B-PER"}]}, {"base_span": [455, 461], "annotations": [{"nertag": "I-PER"}]}, {"base_span": [462, 467], "annotations": [{"nertag": "O"}]}, {"base_span": [468, 475], "annotations": [{"nertag": "O"}]}, {"base_span": [477, 480], "annotations": [{"nertag": "B-PER"}]}, {"base_span": [481, 490], "annotations": [{"nertag": "I-PER"}]}, {"base_span": [491, 497], "annotations": [{"nertag": "O"}]}, {"base_span": [498, 505], "annotations": [{"nertag": "O"}]}, {"base_span": [506, 510], "annotations": [{"nertag": "O"}]}, {"base_span": [511, 514], "annotations": [{"nertag": "O"}]}, {"base_span": [515, 521], "annotations": [{"nertag": "O"}]}, {"base_span": [521, 522], "annotations": [{"nertag": "O"}]}, {"base_span": [523, 525], "annotations": [{"nertag": "O"}]}, {"base_span": [526, 528], "annotations": [{"nertag": "O"}]}, {"base_span": [529, 532], "annotations": [{"nertag": "O"}]}, {"base_span": [533, 538], "annotations": [{"nertag": "O"}]}, {"base_span": [539, 540], "annotations": [{"nertag": "O"}]}, {"base_span": [541, 544], "annotations": [{"nertag": "O"}]}, {"base_span": [544, 545], "annotations": [{"nertag": "O"}]}, {"base_span": [546, 548], "annotations": [{"nertag": "O"}]}, {"base_span": [549, 552], "annotations": [{"nertag": "O"}]}, {"base_span": [552, 553], "annotations": [{"nertag": "O"}]}, {"base_span": [554, 559], "annotations": [{"nertag": "O"}]}, {"base_span": [560, 562], "annotations": [{"nertag": "O"}]}, {"base_span": [563, 567], "annotations": [{"nertag": "O"}]}, {"base_span": [567, 568], "annotations": [{"nertag": "O"}]}, {"base_span": [569, 572], "annotations": [{"nertag": "O"}]}, {"base_span": [573, 576], "annotations": [{"nertag": "O"}]}, {"base_span": [576, 577], "annotations": [{"nertag": "O"}]}, {"base_span": [578, 582], "annotations": [{"nertag": "O"}]}, {"base_span": [582, 583], "annotations": [{"nertag": "O"}]}, {"base_span": [584, 587], "annotations": [{"nertag": "O"}]}, {"base_span": [588, 591], "annotations": [{"nertag": "O"}]}, {"base_span": [591, 592], "annotations": [{"nertag": "O"}]}, {"base_span": [593, 597], "annotations": [{"nertag": "O"}]}, {"base_span": [597, 598], "annotations": [{"nertag": "O"}]}, {"base_span": [599, 602], "annotations": [{"nertag": "O"}]}, {"base_span": [603, 606], "annotations": [{"nertag": "O"}]}, {"base_span": [606, 607], "annotations": [{"nertag": "O"}]}, {"base_span": [608, 612], "annotations": [{"nertag": "O"}]}, {"base_span": [613, 616], "annotations": [{"nertag": "O"}]}, {"base_span": [617, 625], "annotations": [{"nertag": "O"}]}, {"base_span": [626, 631], "annotations": [{"nertag": "O"}]}, {"base_span": [631, 632], "annotations": [{"nertag": "O"}]}, {"base_span": [634, 639], "annotations": [{"nertag": "B-ORG"}]}, {"base_span": [640, 645], "annotations": [{"nertag": "I-ORG"}]}, {"base_span": [646, 655], "annotations": [{"nertag": "I-ORG"}]}, {"base_span": [656, 661], "annotations": [{"nertag": "I-ORG"}]}, {"base_span": [662, 667], "annotations": [{"nertag": "O"}]}, {"base_span": [667, 668], "annotations": [{"nertag": "O"}]}, {"base_span": [670, 678], "annotations": [{"nertag": "O"}]}, {"base_span": [678, 679], "annotations": [{"nertag": "O"}]}, {"base_span": [680, 684], "annotations": [{"nertag": "B-PER"}]}, {"base_span": [685, 692], "annotations": [{"nertag": "I-PER"}]}, {"base_span": [693, 694], "annotations": [{"nertag": "O"}]}, {"base_span": [694, 701], "annotations": [{"nertag": "O"}]}, {"base_span": [701, 702], "annotations": [{"nertag": "O"}]}, {"base_span": [704, 708], "annotations": [{"nertag": "B-PER"}]}, {"base_span": [709, 715], "annotations": [{"nertag": "I-PER"}]}, {"base_span": [716, 719], "annotations": [{"nertag": "O"}]}, {"base_span": [721, 725], "annotations": [{"nertag": "B-PER"}]}, {"base_span": [726, 731], "annotations": [{"nertag": "I-PER"}]}, {"base_span": [733, 736], "annotations": [{"nertag": "O"}]}, {"base_span": [738, 750], "annotations": [{"nertag": "O"}]}, {"base_span": [751, 760], "annotations": [{"nertag": "O"}]}, {"base_span": [761, 762], "annotations": [{"nertag": "B-PER"}]}, {"base_span": [762, 763], "annotations": [{"nertag": "I-PER"}]}, {"base_span": [764, 770], "annotations": [{"nertag": "I-PER"}]}, {"base_span": [771, 772], "annotations": [{"nertag": "O"}]}, {"base_span": [772, 779], "annotations": [{"nertag": "O"}]}, {"base_span": [779, 780], "annotations": [{"nertag": "O"}]}]}]}