{"text": "\nProttokoll sel 2sel Tetsembril 1868.\n\nKoos ollid\n\nKohto Peawannem Hans Ehrenwerth\n\nKõrwamehhed\n\n Jürri Remann\n\nMard Kredeman\n\n№ 6\n\nIII  Kohto ette astus  Jaan Mäematt ja kaebas, et temma on 32 Tsetwerikud rukkid ja 16 Tsetwerikud odre Maggaskisse tonud ja et Tallitaja  Mart Mardo on sedda wilja temma pulga peält jätnud mahha leikamatta. Rukkiste ülle Jaan Mäemattil ei olle mitte tunnistust; agga odrade ülle on temmal tunnistus; sest Jaan Elman ja Mart Olberg ütlewad, et nemmad on aitanud temmal 16 Tsetwerikud odre Maggaskis ärra moeta; agga nemmad ei tea mitte, kust se willi on mahha leikatud, kas tema omma woi ühhe teise pulga peält.\n\nTallitaja  Mart Marto astus ette ja ütles, et temma ei woi sedda mitte teada, kas Jaan Mäematt on omma wilja Maggaski ada tonud, woi ei; sepärrast, et sest aiast on üks aasta möda läinud, kui Jaan omma wilja on Maggaskis aita tonud.\n\nMõistetud sai, et se 16 Tsetwerikud odre peawad sama poleks arwatud, 8 tset. jäeb Tallitaja Mart Mardo kahjuks ja 8 Tsetwerikud jäeb Jaan Mäematti kahjuks, agga nende 32 Tsetweriko rukiste pärrast ei sa mitte Jan Mäematti kaebtust wasto wõetud, sepärrast, et temmal nende ülle mitte tunnistust ei olle, kas temma on omma rukkid Maggaski aita tonud wõi ei. \n\nSe mõistminne sai kulutud ja ollid sellega rahhul nihästi kaebaja Jaan Mäematt, kui ka temma wastane Mart Marto.\n\nja on ka täitetud.\n\nHans Ehrenwerth xxx\n\nJürri Remann XXX\n\nMart Kredemann XXX\n\nTunnistusseks kirjutaja Hindrek Saarmo /allkiri/\n\n\n", "meta": {"origin_directory": "vallakohus_kolmas/"}, "layers": [{"name": "gold_ner", "attributes": ["nertag"], "parent": null, "enveloping": null, "ambiguous": false, "serialisation_module": null, "meta": {}, "spans": [{"base_span": [67, 82], "annotations": [{"nertag": "PER"}]}, {"base_span": [98, 110], "annotations": [{"nertag": "PER"}]}, {"base_span": [112, 125], "annotations": [{"nertag": "PER"}]}, {"base_span": [155, 167], "annotations": [{"nertag": "PER"}]}, {"base_span": [271, 281], "annotations": [{"nertag": "PER"}]}, {"base_span": [354, 368], "annotations": [{"nertag": "PER"}]}, {"base_span": [438, 448], "annotations": [{"nertag": "PER"}]}, {"base_span": [452, 463], "annotations": [{"nertag": "PER"}]}, {"base_span": [656, 666], "annotations": [{"nertag": "PER"}]}, {"base_span": [727, 739], "annotations": [{"nertag": "PER"}]}, {"base_span": [837, 841], "annotations": [{"nertag": "PER"}]}, {"base_span": [971, 981], "annotations": [{"nertag": "PER"}]}, {"base_span": [1012, 1025], "annotations": [{"nertag": "PER"}]}, {"base_span": [1088, 1100], "annotations": [{"nertag": "PER"}]}, {"base_span": [1303, 1315], "annotations": [{"nertag": "PER"}]}, {"base_span": [1338, 1348], "annotations": [{"nertag": "PER"}]}, {"base_span": [1371, 1386], "annotations": [{"nertag": "PER"}]}, {"base_span": [1392, 1404], "annotations": [{"nertag": "PER"}]}, {"base_span": [1410, 1424], "annotations": [{"nertag": "PER"}]}, {"base_span": [1454, 1468], "annotations": [{"nertag": "PER"}]}]}, {"name": "gold_wordner", "attributes": ["nertag"], "parent": null, "enveloping": null, "ambiguous": false, "serialisation_module": null, "meta": {}, "spans": [{"base_span": [1, 11], "annotations": [{"nertag": "O"}]}, {"base_span": [12, 15], "annotations": [{"nertag": "O"}]}, {"base_span": [16, 20], "annotations": [{"nertag": "O"}]}, {"base_span": [21, 31], "annotations": [{"nertag": "O"}]}, {"base_span": [32, 37], "annotations": [{"nertag": "O"}]}, {"base_span": [39, 43], "annotations": [{"nertag": "O"}]}, {"base_span": [44, 49], "annotations": [{"nertag": "O"}]}, {"base_span": [51, 56], "annotations": [{"nertag": "O"}]}, {"base_span": [57, 66], "annotations": [{"nertag": "O"}]}, {"base_span": [67, 71], "annotations": [{"nertag": "B-PER"}]}, {"base_span": [72, 82], "annotations": [{"nertag": "I-PER"}]}, {"base_span": [84, 95], "annotations": [{"nertag": "O"}]}, {"base_span": [98, 103], "annotations": [{"nertag": "B-PER"}]}, {"base_span": [104, 110], "annotations": [{"nertag": "I-PER"}]}, {"base_span": [112, 116], "annotations": [{"nertag": "B-PER"}]}, {"base_span": [117, 125], "annotations": [{"nertag": "I-PER"}]}, {"base_span": [127, 128], "annotations": [{"nertag": "O"}]}, {"base_span": [129, 130], "annotations": [{"nertag": "O"}]}, {"base_span": [132, 135], "annotations": [{"nertag": "O"}]}, {"base_span": [137, 142], "annotations": [{"nertag": "O"}]}, {"base_span": [143, 147], "annotations": [{"nertag": "O"}]}, {"base_span": [148, 153], "annotations": [{"nertag": "O"}]}, {"base_span": [155, 159], "annotations": [{"nertag": "B-PER"}]}, {"base_span": [160, 167], "annotations": [{"nertag": "I-PER"}]}, {"base_span": [168, 170], "annotations": [{"nertag": "O"}]}, {"base_span": [171, 177], "annotations": [{"nertag": "O"}]}, {"base_span": [177, 178], "annotations": [{"nertag": "O"}]}, {"base_span": [179, 181], "annotations": [{"nertag": "O"}]}, {"base_span": [182, 187], "annotations": [{"nertag": "O"}]}, {"base_span": [188, 190], "annotations": [{"nertag": "O"}]}, {"base_span": [191, 193], "annotations": [{"nertag": "O"}]}, {"base_span": [194, 205], "annotations": [{"nertag": "O"}]}, {"base_span": [206, 212], "annotations": [{"nertag": "O"}]}, {"base_span": [213, 215], "annotations": [{"nertag": "O"}]}, {"base_span": [216, 218], "annotations": [{"nertag": "O"}]}, {"base_span": [219, 230], "annotations": [{"nertag": "O"}]}, {"base_span": [231, 235], "annotations": [{"nertag": "O"}]}, {"base_span": [236, 247], "annotations": [{"nertag": "O"}]}, {"base_span": [248, 253], "annotations": [{"nertag": "O"}]}, {"base_span": [254, 256], "annotations": [{"nertag": "O"}]}, {"base_span": [257, 259], "annotations": [{"nertag": "O"}]}, {"base_span": [260, 269], "annotations": [{"nertag": "O"}]}, {"base_span": [271, 275], "annotations": [{"nertag": "B-PER"}]}, {"base_span": [276, 281], "annotations": [{"nertag": "I-PER"}]}, {"base_span": [282, 284], "annotations": [{"nertag": "O"}]}, {"base_span": [285, 290], "annotations": [{"nertag": "O"}]}, {"base_span": [291, 296], "annotations": [{"nertag": "O"}]}, {"base_span": [297, 302], "annotations": [{"nertag": "O"}]}, {"base_span": [303, 308], "annotations": [{"nertag": "O"}]}, {"base_span": [309, 314], "annotations": [{"nertag": "O"}]}, {"base_span": [315, 321], "annotations": [{"nertag": "O"}]}, {"base_span": [322, 327], "annotations": [{"nertag": "O"}]}, {"base_span": [328, 338], "annotations": [{"nertag": "O"}]}, {"base_span": [338, 339], "annotations": [{"nertag": "O"}]}, {"base_span": [340, 348], "annotations": [{"nertag": "O"}]}, {"base_span": [349, 353], "annotations": [{"nertag": "O"}]}, {"base_span": [354, 358], "annotations": [{"nertag": "B-PER"}]}, {"base_span": [359, 368], "annotations": [{"nertag": "I-PER"}]}, {"base_span": [369, 371], "annotations": [{"nertag": "O"}]}, {"base_span": [372, 376], "annotations": [{"nertag": "O"}]}, {"base_span": [377, 382], "annotations": [{"nertag": "O"}]}, {"base_span": [383, 393], "annotations": [{"nertag": "O"}]}, {"base_span": [393, 394], "annotations": [{"nertag": "O"}]}, {"base_span": [395, 399], "annotations": [{"nertag": "O"}]}, {"base_span": [400, 406], "annotations": [{"nertag": "O"}]}, {"base_span": [407, 411], "annotations": [{"nertag": "O"}]}, {"base_span": [412, 414], "annotations": [{"nertag": "O"}]}, {"base_span": [415, 421], "annotations": [{"nertag": "O"}]}, {"base_span": [422, 431], "annotations": [{"nertag": "O"}]}, {"base_span": [431, 432], "annotations": [{"nertag": "O"}]}, {"base_span": [433, 437], "annotations": [{"nertag": "O"}]}, {"base_span": [438, 442], "annotations": [{"nertag": "B-PER"}]}, {"base_span": [443, 448], "annotations": [{"nertag": "I-PER"}]}, {"base_span": [449, 451], "annotations": [{"nertag": "O"}]}, {"base_span": [452, 456], "annotations": [{"nertag": "B-PER"}]}, {"base_span": [457, 463], "annotations": [{"nertag": "I-PER"}]}, {"base_span": [464, 471], "annotations": [{"nertag": "O"}]}, {"base_span": [471, 472], "annotations": [{"nertag": "O"}]}, {"base_span": [473, 475], "annotations": [{"nertag": "O"}]}, {"base_span": [476, 482], "annotations": [{"nertag": "O"}]}, {"base_span": [483, 485], "annotations": [{"nertag": "O"}]}, {"base_span": [486, 493], "annotations": [{"nertag": "O"}]}, {"base_span": [494, 500], "annotations": [{"nertag": "O"}]}, {"base_span": [501, 503], "annotations": [{"nertag": "O"}]}, {"base_span": [504, 515], "annotations": [{"nertag": "O"}]}, {"base_span": [516, 520], "annotations": [{"nertag": "O"}]}, {"base_span": [521, 530], "annotations": [{"nertag": "O"}]}, {"base_span": [531, 535], "annotations": [{"nertag": "O"}]}, {"base_span": [536, 541], "annotations": [{"nertag": "O"}]}, {"base_span": [541, 542], "annotations": [{"nertag": "O"}]}, {"base_span": [543, 547], "annotations": [{"nertag": "O"}]}, {"base_span": [548, 554], "annotations": [{"nertag": "O"}]}, {"base_span": [555, 557], "annotations": [{"nertag": "O"}]}, {"base_span": [558, 561], "annotations": [{"nertag": "O"}]}, {"base_span": [562, 567], "annotations": [{"nertag": "O"}]}, {"base_span": [567, 568], "annotations": [{"nertag": "O"}]}, {"base_span": [569, 573], "annotations": [{"nertag": "O"}]}, {"base_span": [574, 576], "annotations": [{"nertag": "O"}]}, {"base_span": [577, 582], "annotations": [{"nertag": "O"}]}, {"base_span": [583, 585], "annotations": [{"nertag": "O"}]}, {"base_span": [586, 591], "annotations": [{"nertag": "O"}]}, {"base_span": [592, 600], "annotations": [{"nertag": "O"}]}, {"base_span": [600, 601], "annotations": [{"nertag": "O"}]}, {"base_span": [602, 605], "annotations": [{"nertag": "O"}]}, {"base_span": [606, 610], "annotations": [{"nertag": "O"}]}, {"base_span": [611, 615], "annotations": [{"nertag": "O"}]}, {"base_span": [616, 619], "annotations": [{"nertag": "O"}]}, {"base_span": [620, 624], "annotations": [{"nertag": "O"}]}, {"base_span": [625, 630], "annotations": [{"nertag": "O"}]}, {"base_span": [631, 636], "annotations": [{"nertag": "O"}]}, {"base_span": [637, 642], "annotations": [{"nertag": "O"}]}, {"base_span": [642, 643], "annotations": [{"nertag": "O"}]}, {"base_span": [645, 654], "annotations": [{"nertag": "O"}]}, {"base_span": [656, 660], "annotations": [{"nertag": "B-PER"}]}, {"base_span": [661, 666], "annotations": [{"nertag": "I-PER"}]}, {"base_span": [667, 672], "annotations": [{"nertag": "O"}]}, {"base_span": [673, 677], "annotations": [{"nertag": "O"}]}, {"base_span": [678, 680], "annotations": [{"nertag": "O"}]}, {"base_span": [681, 686], "annotations": [{"nertag": "O"}]}, {"base_span": [686, 687], "annotations": [{"nertag": "O"}]}, {"base_span": [688, 690], "annotations": [{"nertag": "O"}]}, {"base_span": [691, 696], "annotations": [{"nertag": "O"}]}, {"base_span": [697, 699], "annotations": [{"nertag": "O"}]}, {"base_span": [700, 703], "annotations": [{"nertag": "O"}]}, {"base_span": [704, 709], "annotations": [{"nertag": "O"}]}, {"base_span": [710, 715], "annotations": [{"nertag": "O"}]}, {"base_span": [716, 721], "annotations": [{"nertag": "O"}]}, {"base_span": [721, 722], "annotations": [{"nertag": "O"}]}, {"base_span": [723, 726], "annotations": [{"nertag": "O"}]}, {"base_span": [727, 731], "annotations": [{"nertag": "B-PER"}]}, {"base_span": [732, 739], "annotations": [{"nertag": "I-PER"}]}, {"base_span": [740, 742], "annotations": [{"nertag": "O"}]}, {"base_span": [743, 747], "annotations": [{"nertag": "O"}]}, {"base_span": [748, 753], "annotations": [{"nertag": "O"}]}, {"base_span": [754, 762], "annotations": [{"nertag": "O"}]}, {"base_span": [763, 766], "annotations": [{"nertag": "O"}]}, {"base_span": [767, 772], "annotations": [{"nertag": "O"}]}, {"base_span": [772, 773], "annotations": [{"nertag": "O"}]}, {"base_span": [774, 777], "annotations": [{"nertag": "O"}]}, {"base_span": [778, 780], "annotations": [{"nertag": "O"}]}, {"base_span": [780, 781], "annotations": [{"nertag": "O"}]}, {"base_span": [782, 791], "annotations": [{"nertag": "O"}]}, {"base_span": [791, 792], "annotations": [{"nertag": "O"}]}, {"base_span": [793, 795], "annotations": [{"nertag": "O"}]}, {"base_span": [796, 800], "annotations": [{"nertag": "O"}]}, {"base_span": [801, 806], "annotations": [{"nertag": "O"}]}, {"base_span": [807, 809], "annotations": [{"nertag": "O"}]}, {"base_span": [810, 813], "annotations": [{"nertag": "O"}]}, {"base_span": [814, 819], "annotations": [{"nertag": "O"}]}, {"base_span": [820, 824], "annotations": [{"nertag": "O"}]}, {"base_span": [825, 831], "annotations": [{"nertag": "O"}]}, {"base_span": [831, 832], "annotations": [{"nertag": "O"}]}, {"base_span": [833, 836], "annotations": [{"nertag": "O"}]}, {"base_span": [837, 841], "annotations": [{"nertag": "B-PER"}]}, {"base_span": [842, 846], "annotations": [{"nertag": "O"}]}, {"base_span": [847, 852], "annotations": [{"nertag": "O"}]}, {"base_span": [853, 855], "annotations": [{"nertag": "O"}]}, {"base_span": [856, 865], "annotations": [{"nertag": "O"}]}, {"base_span": [866, 870], "annotations": [{"nertag": "O"}]}, {"base_span": [871, 876], "annotations": [{"nertag": "O"}]}, {"base_span": [876, 877], "annotations": [{"nertag": "O"}]}, {"base_span": [879, 888], "annotations": [{"nertag": "O"}]}, {"base_span": [889, 892], "annotations": [{"nertag": "O"}]}, {"base_span": [892, 893], "annotations": [{"nertag": "O"}]}, {"base_span": [894, 896], "annotations": [{"nertag": "O"}]}, {"base_span": [897, 899], "annotations": [{"nertag": "O"}]}, {"base_span": [900, 902], "annotations": [{"nertag": "O"}]}, {"base_span": [903, 914], "annotations": [{"nertag": "O"}]}, {"base_span": [915, 919], "annotations": [{"nertag": "O"}]}, {"base_span": [920, 926], "annotations": [{"nertag": "O"}]}, {"base_span": [927, 931], "annotations": [{"nertag": "O"}]}, {"base_span": [932, 938], "annotations": [{"nertag": "O"}]}, {"base_span": [939, 946], "annotations": [{"nertag": "O"}]}, {"base_span": [946, 947], "annotations": [{"nertag": "O"}]}, {"base_span": [948, 949], "annotations": [{"nertag": "O"}]}, {"base_span": [950, 954], "annotations": [{"nertag": "O"}]}, {"base_span": [954, 955], "annotations": [{"nertag": "O"}]}, {"base_span": [956, 960], "annotations": [{"nertag": "O"}]}, {"base_span": [961, 970], "annotations": [{"nertag": "O"}]}, {"base_span": [971, 975], "annotations": [{"nertag": "B-PER"}]}, {"base_span": [976, 981], "annotations": [{"nertag": "I-PER"}]}, {"base_span": [982, 989], "annotations": [{"nertag": "O"}]}, {"base_span": [990, 992], "annotations": [{"nertag": "O"}]}, {"base_span": [993, 994], "annotations": [{"nertag": "O"}]}, {"base_span": [995, 1006], "annotations": [{"nertag": "O"}]}, {"base_span": [1007, 1011], "annotations": [{"nertag": "O"}]}, {"base_span": [1012, 1016], "annotations": [{"nertag": "B-PER"}]}, {"base_span": [1017, 1025], "annotations": [{"nertag": "I-PER"}]}, {"base_span": [1026, 1033], "annotations": [{"nertag": "O"}]}, {"base_span": [1033, 1034], "annotations": [{"nertag": "O"}]}, {"base_span": [1035, 1039], "annotations": [{"nertag": "O"}]}, {"base_span": [1040, 1045], "annotations": [{"nertag": "O"}]}, {"base_span": [1046, 1048], "annotations": [{"nertag": "O"}]}, {"base_span": [1049, 1059], "annotations": [{"nertag": "O"}]}, {"base_span": [1060, 1067], "annotations": [{"nertag": "O"}]}, {"base_span": [1068, 1075], "annotations": [{"nertag": "O"}]}, {"base_span": [1076, 1078], "annotations": [{"nertag": "O"}]}, {"base_span": [1079, 1081], "annotations": [{"nertag": "O"}]}, {"base_span": [1082, 1087], "annotations": [{"nertag": "O"}]}, {"base_span": [1088, 1091], "annotations": [{"nertag": "B-PER"}]}, {"base_span": [1092, 1100], "annotations": [{"nertag": "I-PER"}]}, {"base_span": [1101, 1109], "annotations": [{"nertag": "O"}]}, {"base_span": [1110, 1115], "annotations": [{"nertag": "O"}]}, {"base_span": [1116, 1122], "annotations": [{"nertag": "O"}]}, {"base_span": [1122, 1123], "annotations": [{"nertag": "O"}]}, {"base_span": [1124, 1133], "annotations": [{"nertag": "O"}]}, {"base_span": [1133, 1134], "annotations": [{"nertag": "O"}]}, {"base_span": [1135, 1137], "annotations": [{"nertag": "O"}]}, {"base_span": [1138, 1144], "annotations": [{"nertag": "O"}]}, {"base_span": [1145, 1150], "annotations": [{"nertag": "O"}]}, {"base_span": [1151, 1155], "annotations": [{"nertag": "O"}]}, {"base_span": [1156, 1161], "annotations": [{"nertag": "O"}]}, {"base_span": [1162, 1172], "annotations": [{"nertag": "O"}]}, {"base_span": [1173, 1175], "annotations": [{"nertag": "O"}]}, {"base_span": [1176, 1180], "annotations": [{"nertag": "O"}]}, {"base_span": [1180, 1181], "annotations": [{"nertag": "O"}]}, {"base_span": [1182, 1185], "annotations": [{"nertag": "O"}]}, {"base_span": [1186, 1191], "annotations": [{"nertag": "O"}]}, {"base_span": [1192, 1194], "annotations": [{"nertag": "O"}]}, {"base_span": [1195, 1199], "annotations": [{"nertag": "O"}]}, {"base_span": [1200, 1206], "annotations": [{"nertag": "O"}]}, {"base_span": [1207, 1215], "annotations": [{"nertag": "O"}]}, {"base_span": [1216, 1220], "annotations": [{"nertag": "O"}]}, {"base_span": [1221, 1226], "annotations": [{"nertag": "O"}]}, {"base_span": [1227, 1230], "annotations": [{"nertag": "O"}]}, {"base_span": [1231, 1233], "annotations": [{"nertag": "O"}]}, {"base_span": [1233, 1234], "annotations": [{"nertag": "O"}]}, {"base_span": [1237, 1239], "annotations": [{"nertag": "O"}]}, {"base_span": [1240, 1250], "annotations": [{"nertag": "O"}]}, {"base_span": [1251, 1254], "annotations": [{"nertag": "O"}]}, {"base_span": [1255, 1262], "annotations": [{"nertag": "O"}]}, {"base_span": [1263, 1265], "annotations": [{"nertag": "O"}]}, {"base_span": [1266, 1271], "annotations": [{"nertag": "O"}]}, {"base_span": [1272, 1279], "annotations": [{"nertag": "O"}]}, {"base_span": [1280, 1286], "annotations": [{"nertag": "O"}]}, {"base_span": [1287, 1294], "annotations": [{"nertag": "O"}]}, {"base_span": [1295, 1302], "annotations": [{"nertag": "O"}]}, {"base_span": [1303, 1307], "annotations": [{"nertag": "B-PER"}]}, {"base_span": [1308, 1315], "annotations": [{"nertag": "I-PER"}]}, {"base_span": [1315, 1316], "annotations": [{"nertag": "O"}]}, {"base_span": [1317, 1320], "annotations": [{"nertag": "O"}]}, {"base_span": [1321, 1323], "annotations": [{"nertag": "O"}]}, {"base_span": [1324, 1329], "annotations": [{"nertag": "O"}]}, {"base_span": [1330, 1337], "annotations": [{"nertag": "O"}]}, {"base_span": [1338, 1342], "annotations": [{"nertag": "B-PER"}]}, {"base_span": [1343, 1348], "annotations": [{"nertag": "I-PER"}]}, {"base_span": [1348, 1349], "annotations": [{"nertag": "O"}]}, {"base_span": [1351, 1353], "annotations": [{"nertag": "O"}]}, {"base_span": [1354, 1356], "annotations": [{"nertag": "O"}]}, {"base_span": [1357, 1359], "annotations": [{"nertag": "O"}]}, {"base_span": [1360, 1368], "annotations": [{"nertag": "O"}]}, {"base_span": [1368, 1369], "annotations": [{"nertag": "O"}]}, {"base_span": [1371, 1375], "annotations": [{"nertag": "B-PER"}]}, {"base_span": [1376, 1386], "annotations": [{"nertag": "I-PER"}]}, {"base_span": [1387, 1390], "annotations": [{"nertag": "O"}]}, {"base_span": [1392, 1397], "annotations": [{"nertag": "B-PER"}]}, {"base_span": [1398, 1404], "annotations": [{"nertag": "I-PER"}]}, {"base_span": [1405, 1408], "annotations": [{"nertag": "O"}]}, {"base_span": [1410, 1414], "annotations": [{"nertag": "B-PER"}]}, {"base_span": [1415, 1424], "annotations": [{"nertag": "I-PER"}]}, {"base_span": [1425, 1428], "annotations": [{"nertag": "O"}]}, {"base_span": [1430, 1443], "annotations": [{"nertag": "O"}]}, {"base_span": [1444, 1453], "annotations": [{"nertag": "O"}]}, {"base_span": [1454, 1461], "annotations": [{"nertag": "B-PER"}]}, {"base_span": [1462, 1468], "annotations": [{"nertag": "I-PER"}]}, {"base_span": [1469, 1470], "annotations": [{"nertag": "O"}]}, {"base_span": [1470, 1477], "annotations": [{"nertag": "O"}]}, {"base_span": [1477, 1478], "annotations": [{"nertag": "O"}]}]}]}