{"text": "\n1913 a. 16 Mai kp. ilmus Wäätsa wallakohtu koosolekule Kirna walla liige Hans Mihkle p. Ubak ja palus kohut akti raamatusse üles wõtta oma järgmist suusõnalist testamenti:\n\nMina allakirjutatud Kirna walla liige Hans Mihkle p. Ubak, terwe mõistuse ja kõwa mweelespidamise juures olles, pärandan pärast oma surma täielikuks omanduseks oma poja Mihkel Hansu p. Ubakile oma päralt olewa talukoha \"Kolli\"  № 2 Kirna mõisa all Paide kreisis 50 dess. 848 ruutsülda suur ja iseäranis seisaw elumaja, kus ma praegu elan. Maa, mis praegu minu ja mu naise Mari Ubaki pruukida on, jääb ka selleks meie surmani, aga pärast seda koha külge tagasi. Kui meie, s.o., mina ja mu naine, maad pidada ei jõua ehk ei soowi, siis peab päranduse saaja poeg Mihkel meid korralikult seisust ja jõudu mööda ülespidama. Mu teine poeg Jaan Ubak ei päri selles asjas enam midagi, sest et ta juba oma osa täielt kätte on saanud.\n\nHans Ubak /allkiri/\n\nTestamendi tegemise juures olime ja leidsime testamendi tegija terwe mõistuse ja kindla meelespidamise juures olema.\n\nKirna walla liikmed\n\nJaan West /allkiri/\n\nAleksander Epner /allkiri/\n\nWäätsa walla liige Juhan Mihkelten /allkiri/\n\nSee testament on testamendi jätja Hans Mihkle p. Ubakile, kes terwe mõistuse ja kindla meelespidamise juures oli, ette loetud ja allakirjutatud temalt, niisama ka tunnistajatelt Jaan Mihkle p. Westist, Aleksander Hansu p. Epnerilt ja Juhan Hansu p. Mihkeltenilt.\n\nKohtu Eesistuja Tõnsberg /allkiri/\n\nLiikmed\n\nNipper /allkiri/\n\nBrandt /allkiri/\n\nKirjutaja: Pommer /allkiri/\n\n\n", "meta": {"origin_directory": "vallakohus_neljas/"}, "layers": [{"name": "gold_ner", "attributes": ["nertag"], "parent": null, "enveloping": null, "ambiguous": false, "serialisation_module": null, "meta": {}, "spans": [{"base_span": [26, 43], "annotations": [{"nertag": "ORG"}]}, {"base_span": [56, 67], "annotations": [{"nertag": "LOC_ORG"}]}, {"base_span": [74, 93], "annotations": [{"nertag": "PER"}]}, {"base_span": [194, 205], "annotations": [{"nertag": "LOC_ORG"}]}, {"base_span": [212, 231], "annotations": [{"nertag": "PER"}]}, {"base_span": [343, 366], "annotations": [{"nertag": "PER"}]}, {"base_span": [384, 400], "annotations": [{"nertag": "LOC_ORG"}]}, {"base_span": [406, 417], "annotations": [{"nertag": "LOC_ORG"}]}, {"base_span": [422, 435], "annotations": [{"nertag": "LOC_ORG"}]}, {"base_span": [546, 556], "annotations": [{"nertag": "PER"}]}, {"base_span": [734, 740], "annotations": [{"nertag": "PER"}]}, {"base_span": [807, 816], "annotations": [{"nertag": "PER"}]}, {"base_span": [900, 909], "annotations": [{"nertag": "PER"}]}, {"base_span": [1039, 1050], "annotations": [{"nertag": "LOC_ORG"}]}, {"base_span": [1060, 1069], "annotations": [{"nertag": "PER"}]}, {"base_span": [1081, 1097], "annotations": [{"nertag": "PER"}]}, {"base_span": [1109, 1121], "annotations": [{"nertag": "LOC_ORG"}]}, {"base_span": [1128, 1143], "annotations": [{"nertag": "PER"}]}, {"base_span": [1189, 1211], "annotations": [{"nertag": "PER"}]}, {"base_span": [1333, 1355], "annotations": [{"nertag": "PER"}]}, {"base_span": [1357, 1385], "annotations": [{"nertag": "PER"}]}, {"base_span": [1389, 1416], "annotations": [{"nertag": "PER"}]}, {"base_span": [1435, 1443], "annotations": [{"nertag": "PER"}]}, {"base_span": [1464, 1470], "annotations": [{"nertag": "PER"}]}, {"base_span": [1482, 1488], "annotations": [{"nertag": "PER"}]}, {"base_span": [1511, 1517], "annotations": [{"nertag": "PER"}]}]}, {"name": "gold_wordner", "attributes": ["nertag"], "parent": null, "enveloping": null, "ambiguous": false, "serialisation_module": null, "meta": {}, "spans": [{"base_span": [1, 5], "annotations": [{"nertag": "O"}]}, {"base_span": [6, 7], "annotations": [{"nertag": "O"}]}, {"base_span": [7, 8], "annotations": [{"nertag": "O"}]}, {"base_span": [9, 11], "annotations": [{"nertag": "O"}]}, {"base_span": [12, 15], "annotations": [{"nertag": "O"}]}, {"base_span": [16, 18], "annotations": [{"nertag": "O"}]}, {"base_span": [18, 19], "annotations": [{"nertag": "O"}]}, {"base_span": [20, 25], "annotations": [{"nertag": "O"}]}, {"base_span": [26, 32], "annotations": [{"nertag": "B-ORG"}]}, {"base_span": [33, 43], "annotations": [{"nertag": "I-ORG"}]}, {"base_span": [44, 55], "annotations": [{"nertag": "O"}]}, {"base_span": [56, 61], "annotations": [{"nertag": "B-LOC_ORG"}]}, {"base_span": [62, 67], "annotations": [{"nertag": "I-LOC_ORG"}]}, {"base_span": [68, 73], "annotations": [{"nertag": "O"}]}, {"base_span": [74, 78], "annotations": [{"nertag": "B-PER"}]}, {"base_span": [79, 85], "annotations": [{"nertag": "I-PER"}]}, {"base_span": [86, 87], "annotations": [{"nertag": "I-PER"}]}, {"base_span": [87, 88], "annotations": [{"nertag": "I-PER"}]}, {"base_span": [89, 93], "annotations": [{"nertag": "I-PER"}]}, {"base_span": [94, 96], "annotations": [{"nertag": "O"}]}, {"base_span": [97, 102], "annotations": [{"nertag": "O"}]}, {"base_span": [103, 108], "annotations": [{"nertag": "O"}]}, {"base_span": [109, 113], "annotations": [{"nertag": "O"}]}, {"base_span": [114, 124], "annotations": [{"nertag": "O"}]}, {"base_span": [125, 129], "annotations": [{"nertag": "O"}]}, {"base_span": [130, 135], "annotations": [{"nertag": "O"}]}, {"base_span": [136, 139], "annotations": [{"nertag": "O"}]}, {"base_span": [140, 148], "annotations": [{"nertag": "O"}]}, {"base_span": [149, 160], "annotations": [{"nertag": "O"}]}, {"base_span": [161, 171], "annotations": [{"nertag": "O"}]}, {"base_span": [171, 172], "annotations": [{"nertag": "O"}]}, {"base_span": [174, 178], "annotations": [{"nertag": "O"}]}, {"base_span": [179, 193], "annotations": [{"nertag": "O"}]}, {"base_span": [194, 199], "annotations": [{"nertag": "B-LOC_ORG"}]}, {"base_span": [200, 205], "annotations": [{"nertag": "I-LOC_ORG"}]}, {"base_span": [206, 211], "annotations": [{"nertag": "O"}]}, {"base_span": [212, 216], "annotations": [{"nertag": "B-PER"}]}, {"base_span": [217, 223], "annotations": [{"nertag": "I-PER"}]}, {"base_span": [224, 225], "annotations": [{"nertag": "I-PER"}]}, {"base_span": [225, 226], "annotations": [{"nertag": "I-PER"}]}, {"base_span": [227, 231], "annotations": [{"nertag": "I-PER"}]}, {"base_span": [231, 232], "annotations": [{"nertag": "O"}]}, {"base_span": [233, 238], "annotations": [{"nertag": "O"}]}, {"base_span": [239, 247], "annotations": [{"nertag": "O"}]}, {"base_span": [248, 250], "annotations": [{"nertag": "O"}]}, {"base_span": [251, 255], "annotations": [{"nertag": "O"}]}, {"base_span": [256, 271], "annotations": [{"nertag": "O"}]}, {"base_span": [272, 278], "annotations": [{"nertag": "O"}]}, {"base_span": [279, 284], "annotations": [{"nertag": "O"}]}, {"base_span": [284, 285], "annotations": [{"nertag": "O"}]}, {"base_span": [286, 294], "annotations": [{"nertag": "O"}]}, {"base_span": [295, 301], "annotations": [{"nertag": "O"}]}, {"base_span": [302, 305], "annotations": [{"nertag": "O"}]}, {"base_span": [306, 311], "annotations": [{"nertag": "O"}]}, {"base_span": [312, 322], "annotations": [{"nertag": "O"}]}, {"base_span": [323, 333], "annotations": [{"nertag": "O"}]}, {"base_span": [334, 337], "annotations": [{"nertag": "O"}]}, {"base_span": [338, 342], "annotations": [{"nertag": "O"}]}, {"base_span": [343, 349], "annotations": [{"nertag": "B-PER"}]}, {"base_span": [350, 355], "annotations": [{"nertag": "I-PER"}]}, {"base_span": [356, 357], "annotations": [{"nertag": "I-PER"}]}, {"base_span": [357, 358], "annotations": [{"nertag": "I-PER"}]}, {"base_span": [359, 366], "annotations": [{"nertag": "I-PER"}]}, {"base_span": [367, 370], "annotations": [{"nertag": "O"}]}, {"base_span": [371, 377], "annotations": [{"nertag": "O"}]}, {"base_span": [378, 383], "annotations": [{"nertag": "O"}]}, {"base_span": [384, 392], "annotations": [{"nertag": "B-LOC_ORG"}]}, {"base_span": [393, 394], "annotations": [{"nertag": "I-LOC_ORG"}]}, {"base_span": [394, 399], "annotations": [{"nertag": "I-LOC_ORG"}]}, {"base_span": [399, 400], "annotations": [{"nertag": "I-LOC_ORG"}]}, {"base_span": [402, 403], "annotations": [{"nertag": "O"}]}, {"base_span": [404, 405], "annotations": [{"nertag": "O"}]}, {"base_span": [406, 411], "annotations": [{"nertag": "B-LOC_ORG"}]}, {"base_span": [412, 417], "annotations": [{"nertag": "I-LOC_ORG"}]}, {"base_span": [418, 421], "annotations": [{"nertag": "O"}]}, {"base_span": [422, 427], "annotations": [{"nertag": "B-LOC_ORG"}]}, {"base_span": [428, 435], "annotations": [{"nertag": "I-LOC_ORG"}]}, {"base_span": [436, 438], "annotations": [{"nertag": "O"}]}, {"base_span": [439, 443], "annotations": [{"nertag": "O"}]}, {"base_span": [443, 444], "annotations": [{"nertag": "O"}]}, {"base_span": [445, 448], "annotations": [{"nertag": "O"}]}, {"base_span": [449, 458], "annotations": [{"nertag": "O"}]}, {"base_span": [459, 463], "annotations": [{"nertag": "O"}]}, {"base_span": [464, 466], "annotations": [{"nertag": "O"}]}, {"base_span": [467, 476], "annotations": [{"nertag": "O"}]}, {"base_span": [477, 483], "annotations": [{"nertag": "O"}]}, {"base_span": [484, 491], "annotations": [{"nertag": "O"}]}, {"base_span": [491, 492], "annotations": [{"nertag": "O"}]}, {"base_span": [493, 496], "annotations": [{"nertag": "O"}]}, {"base_span": [497, 499], "annotations": [{"nertag": "O"}]}, {"base_span": [500, 506], "annotations": [{"nertag": "O"}]}, {"base_span": [507, 511], "annotations": [{"nertag": "O"}]}, {"base_span": [511, 512], "annotations": [{"nertag": "O"}]}, {"base_span": [513, 516], "annotations": [{"nertag": "O"}]}, {"base_span": [516, 517], "annotations": [{"nertag": "O"}]}, {"base_span": [518, 521], "annotations": [{"nertag": "O"}]}, {"base_span": [522, 528], "annotations": [{"nertag": "O"}]}, {"base_span": [529, 533], "annotations": [{"nertag": "O"}]}, {"base_span": [534, 536], "annotations": [{"nertag": "O"}]}, {"base_span": [537, 539], "annotations": [{"nertag": "O"}]}, {"base_span": [540, 545], "annotations": [{"nertag": "O"}]}, {"base_span": [546, 550], "annotations": [{"nertag": "B-PER"}]}, {"base_span": [551, 556], "annotations": [{"nertag": "I-PER"}]}, {"base_span": [557, 565], "annotations": [{"nertag": "O"}]}, {"base_span": [566, 568], "annotations": [{"nertag": "O"}]}, {"base_span": [568, 569], "annotations": [{"nertag": "O"}]}, {"base_span": [570, 574], "annotations": [{"nertag": "O"}]}, {"base_span": [575, 577], "annotations": [{"nertag": "O"}]}, {"base_span": [578, 585], "annotations": [{"nertag": "O"}]}, {"base_span": [586, 590], "annotations": [{"nertag": "O"}]}, {"base_span": [591, 598], "annotations": [{"nertag": "O"}]}, {"base_span": [598, 599], "annotations": [{"nertag": "O"}]}, {"base_span": [600, 603], "annotations": [{"nertag": "O"}]}, {"base_span": [604, 610], "annotations": [{"nertag": "O"}]}, {"base_span": [611, 615], "annotations": [{"nertag": "O"}]}, {"base_span": [616, 620], "annotations": [{"nertag": "O"}]}, {"base_span": [621, 626], "annotations": [{"nertag": "O"}]}, {"base_span": [627, 633], "annotations": [{"nertag": "O"}]}, {"base_span": [633, 634], "annotations": [{"nertag": "O"}]}, {"base_span": [635, 638], "annotations": [{"nertag": "O"}]}, {"base_span": [639, 643], "annotations": [{"nertag": "O"}]}, {"base_span": [643, 644], "annotations": [{"nertag": "O"}]}, {"base_span": [645, 646], "annotations": [{"nertag": "O"}]}, {"base_span": [646, 647], "annotations": [{"nertag": "O"}]}, {"base_span": [647, 648], "annotations": [{"nertag": "O"}]}, {"base_span": [648, 649], "annotations": [{"nertag": "O"}]}, {"base_span": [649, 650], "annotations": [{"nertag": "O"}]}, {"base_span": [651, 655], "annotations": [{"nertag": "O"}]}, {"base_span": [656, 658], "annotations": [{"nertag": "O"}]}, {"base_span": [659, 661], "annotations": [{"nertag": "O"}]}, {"base_span": [662, 667], "annotations": [{"nertag": "O"}]}, {"base_span": [667, 668], "annotations": [{"nertag": "O"}]}, {"base_span": [669, 673], "annotations": [{"nertag": "O"}]}, {"base_span": [674, 680], "annotations": [{"nertag": "O"}]}, {"base_span": [681, 683], "annotations": [{"nertag": "O"}]}, {"base_span": [684, 688], "annotations": [{"nertag": "O"}]}, {"base_span": [689, 692], "annotations": [{"nertag": "O"}]}, {"base_span": [693, 695], "annotations": [{"nertag": "O"}]}, {"base_span": [696, 701], "annotations": [{"nertag": "O"}]}, {"base_span": [701, 702], "annotations": [{"nertag": "O"}]}, {"base_span": [703, 707], "annotations": [{"nertag": "O"}]}, {"base_span": [708, 712], "annotations": [{"nertag": "O"}]}, {"base_span": [713, 722], "annotations": [{"nertag": "O"}]}, {"base_span": [723, 728], "annotations": [{"nertag": "O"}]}, {"base_span": [729, 733], "annotations": [{"nertag": "O"}]}, {"base_span": [734, 740], "annotations": [{"nertag": "B-PER"}]}, {"base_span": [741, 745], "annotations": [{"nertag": "O"}]}, {"base_span": [746, 757], "annotations": [{"nertag": "O"}]}, {"base_span": [758, 765], "annotations": [{"nertag": "O"}]}, {"base_span": [766, 768], "annotations": [{"nertag": "O"}]}, {"base_span": [769, 774], "annotations": [{"nertag": "O"}]}, {"base_span": [775, 780], "annotations": [{"nertag": "O"}]}, {"base_span": [781, 791], "annotations": [{"nertag": "O"}]}, {"base_span": [791, 792], "annotations": [{"nertag": "O"}]}, {"base_span": [793, 795], "annotations": [{"nertag": "O"}]}, {"base_span": [796, 801], "annotations": [{"nertag": "O"}]}, {"base_span": [802, 806], "annotations": [{"nertag": "O"}]}, {"base_span": [807, 811], "annotations": [{"nertag": "B-PER"}]}, {"base_span": [812, 816], "annotations": [{"nertag": "I-PER"}]}, {"base_span": [817, 819], "annotations": [{"nertag": "O"}]}, {"base_span": [820, 824], "annotations": [{"nertag": "O"}]}, {"base_span": [825, 831], "annotations": [{"nertag": "O"}]}, {"base_span": [832, 837], "annotations": [{"nertag": "O"}]}, {"base_span": [838, 842], "annotations": [{"nertag": "O"}]}, {"base_span": [843, 849], "annotations": [{"nertag": "O"}]}, {"base_span": [849, 850], "annotations": [{"nertag": "O"}]}, {"base_span": [851, 855], "annotations": [{"nertag": "O"}]}, {"base_span": [856, 858], "annotations": [{"nertag": "O"}]}, {"base_span": [859, 861], "annotations": [{"nertag": "O"}]}, {"base_span": [862, 866], "annotations": [{"nertag": "O"}]}, {"base_span": [867, 870], "annotations": [{"nertag": "O"}]}, {"base_span": [871, 874], "annotations": [{"nertag": "O"}]}, {"base_span": [875, 881], "annotations": [{"nertag": "O"}]}, {"base_span": [882, 887], "annotations": [{"nertag": "O"}]}, {"base_span": [888, 890], "annotations": [{"nertag": "O"}]}, {"base_span": [891, 897], "annotations": [{"nertag": "O"}]}, {"base_span": [897, 898], "annotations": [{"nertag": "O"}]}, {"base_span": [900, 904], "annotations": [{"nertag": "B-PER"}]}, {"base_span": [905, 909], "annotations": [{"nertag": "I-PER"}]}, {"base_span": [910, 911], "annotations": [{"nertag": "O"}]}, {"base_span": [911, 918], "annotations": [{"nertag": "O"}]}, {"base_span": [918, 919], "annotations": [{"nertag": "O"}]}, {"base_span": [921, 931], "annotations": [{"nertag": "O"}]}, {"base_span": [932, 940], "annotations": [{"nertag": "O"}]}, {"base_span": [941, 947], "annotations": [{"nertag": "O"}]}, {"base_span": [948, 953], "annotations": [{"nertag": "O"}]}, {"base_span": [954, 956], "annotations": [{"nertag": "O"}]}, {"base_span": [957, 965], "annotations": [{"nertag": "O"}]}, {"base_span": [966, 976], "annotations": [{"nertag": "O"}]}, {"base_span": [977, 983], "annotations": [{"nertag": "O"}]}, {"base_span": [984, 989], "annotations": [{"nertag": "O"}]}, {"base_span": [990, 998], "annotations": [{"nertag": "O"}]}, {"base_span": [999, 1001], "annotations": [{"nertag": "O"}]}, {"base_span": [1002, 1008], "annotations": [{"nertag": "O"}]}, {"base_span": [1009, 1023], "annotations": [{"nertag": "O"}]}, {"base_span": [1024, 1030], "annotations": [{"nertag": "O"}]}, {"base_span": [1031, 1036], "annotations": [{"nertag": "O"}]}, {"base_span": [1036, 1037], "annotations": [{"nertag": "O"}]}, {"base_span": [1039, 1044], "annotations": [{"nertag": "B-LOC_ORG"}]}, {"base_span": [1045, 1050], "annotations": [{"nertag": "I-LOC_ORG"}]}, {"base_span": [1051, 1058], "annotations": [{"nertag": "O"}]}, {"base_span": [1060, 1064], "annotations": [{"nertag": "B-PER"}]}, {"base_span": [1065, 1069], "annotations": [{"nertag": "I-PER"}]}, {"base_span": [1070, 1071], "annotations": [{"nertag": "O"}]}, {"base_span": [1071, 1078], "annotations": [{"nertag": "O"}]}, {"base_span": [1078, 1079], "annotations": [{"nertag": "O"}]}, {"base_span": [1081, 1091], "annotations": [{"nertag": "B-PER"}]}, {"base_span": [1092, 1097], "annotations": [{"nertag": "I-PER"}]}, {"base_span": [1098, 1099], "annotations": [{"nertag": "O"}]}, {"base_span": [1099, 1106], "annotations": [{"nertag": "O"}]}, {"base_span": [1106, 1107], "annotations": [{"nertag": "O"}]}, {"base_span": [1109, 1115], "annotations": [{"nertag": "B-LOC_ORG"}]}, {"base_span": [1116, 1121], "annotations": [{"nertag": "I-LOC_ORG"}]}, {"base_span": [1122, 1127], "annotations": [{"nertag": "O"}]}, {"base_span": [1128, 1133], "annotations": [{"nertag": "B-PER"}]}, {"base_span": [1134, 1143], "annotations": [{"nertag": "I-PER"}]}, {"base_span": [1144, 1145], "annotations": [{"nertag": "O"}]}, {"base_span": [1145, 1152], "annotations": [{"nertag": "O"}]}, {"base_span": [1152, 1153], "annotations": [{"nertag": "O"}]}, {"base_span": [1155, 1158], "annotations": [{"nertag": "O"}]}, {"base_span": [1159, 1168], "annotations": [{"nertag": "O"}]}, {"base_span": [1169, 1171], "annotations": [{"nertag": "O"}]}, {"base_span": [1172, 1182], "annotations": [{"nertag": "O"}]}, {"base_span": [1183, 1188], "annotations": [{"nertag": "O"}]}, {"base_span": [1189, 1193], "annotations": [{"nertag": "B-PER"}]}, {"base_span": [1194, 1200], "annotations": [{"nertag": "I-PER"}]}, {"base_span": [1201, 1202], "annotations": [{"nertag": "I-PER"}]}, {"base_span": [1202, 1203], "annotations": [{"nertag": "I-PER"}]}, {"base_span": [1204, 1211], "annotations": [{"nertag": "I-PER"}]}, {"base_span": [1211, 1212], "annotations": [{"nertag": "O"}]}, {"base_span": [1213, 1216], "annotations": [{"nertag": "O"}]}, {"base_span": [1217, 1222], "annotations": [{"nertag": "O"}]}, {"base_span": [1223, 1231], "annotations": [{"nertag": "O"}]}, {"base_span": [1232, 1234], "annotations": [{"nertag": "O"}]}, {"base_span": [1235, 1241], "annotations": [{"nertag": "O"}]}, {"base_span": [1242, 1256], "annotations": [{"nertag": "O"}]}, {"base_span": [1257, 1263], "annotations": [{"nertag": "O"}]}, {"base_span": [1264, 1267], "annotations": [{"nertag": "O"}]}, {"base_span": [1267, 1268], "annotations": [{"nertag": "O"}]}, {"base_span": [1269, 1273], "annotations": [{"nertag": "O"}]}, {"base_span": [1274, 1280], "annotations": [{"nertag": "O"}]}, {"base_span": [1281, 1283], "annotations": [{"nertag": "O"}]}, {"base_span": [1284, 1298], "annotations": [{"nertag": "O"}]}, {"base_span": [1299, 1305], "annotations": [{"nertag": "O"}]}, {"base_span": [1305, 1306], "annotations": [{"nertag": "O"}]}, {"base_span": [1307, 1314], "annotations": [{"nertag": "O"}]}, {"base_span": [1315, 1317], "annotations": [{"nertag": "O"}]}, {"base_span": [1318, 1332], "annotations": [{"nertag": "O"}]}, {"base_span": [1333, 1337], "annotations": [{"nertag": "B-PER"}]}, {"base_span": [1338, 1344], "annotations": [{"nertag": "I-PER"}]}, {"base_span": [1345, 1346], "annotations": [{"nertag": "I-PER"}]}, {"base_span": [1346, 1347], "annotations": [{"nertag": "I-PER"}]}, {"base_span": [1348, 1355], "annotations": [{"nertag": "I-PER"}]}, {"base_span": [1355, 1356], "annotations": [{"nertag": "O"}]}, {"base_span": [1357, 1367], "annotations": [{"nertag": "B-PER"}]}, {"base_span": [1368, 1373], "annotations": [{"nertag": "I-PER"}]}, {"base_span": [1374, 1375], "annotations": [{"nertag": "I-PER"}]}, {"base_span": [1375, 1376], "annotations": [{"nertag": "I-PER"}]}, {"base_span": [1377, 1385], "annotations": [{"nertag": "I-PER"}]}, {"base_span": [1386, 1388], "annotations": [{"nertag": "O"}]}, {"base_span": [1389, 1394], "annotations": [{"nertag": "B-PER"}]}, {"base_span": [1395, 1400], "annotations": [{"nertag": "I-PER"}]}, {"base_span": [1401, 1402], "annotations": [{"nertag": "I-PER"}]}, {"base_span": [1402, 1403], "annotations": [{"nertag": "I-PER"}]}, {"base_span": [1404, 1416], "annotations": [{"nertag": "I-PER"}]}, {"base_span": [1416, 1417], "annotations": [{"nertag": "O"}]}, {"base_span": [1419, 1424], "annotations": [{"nertag": "O"}]}, {"base_span": [1425, 1434], "annotations": [{"nertag": "O"}]}, {"base_span": [1435, 1443], "annotations": [{"nertag": "B-PER"}]}, {"base_span": [1444, 1445], "annotations": [{"nertag": "O"}]}, {"base_span": [1445, 1452], "annotations": [{"nertag": "O"}]}, {"base_span": [1452, 1453], "annotations": [{"nertag": "O"}]}, {"base_span": [1455, 1462], "annotations": [{"nertag": "O"}]}, {"base_span": [1464, 1470], "annotations": [{"nertag": "B-PER"}]}, {"base_span": [1471, 1472], "annotations": [{"nertag": "O"}]}, {"base_span": [1472, 1479], "annotations": [{"nertag": "O"}]}, {"base_span": [1479, 1480], "annotations": [{"nertag": "O"}]}, {"base_span": [1482, 1488], "annotations": [{"nertag": "B-PER"}]}, {"base_span": [1489, 1490], "annotations": [{"nertag": "O"}]}, {"base_span": [1490, 1497], "annotations": [{"nertag": "O"}]}, {"base_span": [1497, 1498], "annotations": [{"nertag": "O"}]}, {"base_span": [1500, 1509], "annotations": [{"nertag": "O"}]}, {"base_span": [1509, 1510], "annotations": [{"nertag": "O"}]}, {"base_span": [1511, 1517], "annotations": [{"nertag": "B-PER"}]}, {"base_span": [1518, 1519], "annotations": [{"nertag": "O"}]}, {"base_span": [1519, 1526], "annotations": [{"nertag": "O"}]}, {"base_span": [1526, 1527], "annotations": [{"nertag": "O"}]}]}]}