{"text": "\nWeike Karredal\n\nSel 22mal Juli 1872\n\nKohto ette astus Karreda mees Predik Lipping ja kaewas et Karreda mona mees Jürri Libber on müinud 1 Tünder odre Predik Lippinkulle, ja on annud temmale ühhe wakka eest 1 R. 25 Cop. ühhe tündre eest tulnud 3 R 75 Cop. ja on annud temmale 5 R. Siis on jänud temmal sada 1 R. 25 Cop. Sellepeale on Predik Lipping üks teine kord temmale annud 51 Cop. Siis on lubband Jürri Libber temmale 1 wak Rukkid weel anda, agga ei olle annud mitte, mitto kord küssinud temma ikke on lubbanud maksa kui ma rahha saan, wimati on Jürri Libber üttelnud ma tahhan weel sada 50 Cop maksa ei olle lubband koggoni, ja Predik Lipping olla otanud 4 aastad. \n\n2. Kaewab siis Lipping et ta ei olle Rukkid annud ja on mitto korda rahha küssinud, agga mitte annud, kaewas kohtusse, kohhus moistis Predik Lippinkulle omma rahha kätte, Jürri Libber maksab nelja näddali pärrast kohtusse arra. \n\nSe moistminne sai täitetud. Kohhut ollid moistmas Wallawannem Mihkel Jana xxx, Kõrwasmees Jaan Karep xxx, II Jürri Kopti. Kirjotaja P. Petersonn [allkiri]. \n\n\n", "meta": {"origin_directory": "vallakohus_teine/"}, "layers": [{"name": "gold_ner", "attributes": ["nertag"], "parent": null, "enveloping": null, "ambiguous": false, "serialisation_module": null, "meta": {}, "spans": [{"base_span": [1, 15], "annotations": [{"nertag": "LOC"}]}, {"base_span": [55, 62], "annotations": [{"nertag": "LOC"}]}, {"base_span": [68, 82], "annotations": [{"nertag": "PER"}]}, {"base_span": [96, 103], "annotations": [{"nertag": "LOC_ORG"}]}, {"base_span": [114, 126], "annotations": [{"nertag": "PER"}]}, {"base_span": [151, 169], "annotations": [{"nertag": "PER"}]}, {"base_span": [334, 348], "annotations": [{"nertag": "PER"}]}, {"base_span": [402, 414], "annotations": [{"nertag": "PER"}]}, {"base_span": [551, 563], "annotations": [{"nertag": "PER"}]}, {"base_span": [634, 648], "annotations": [{"nertag": "PER"}]}, {"base_span": [688, 695], "annotations": [{"nertag": "PER"}]}, {"base_span": [807, 825], "annotations": [{"nertag": "PER"}]}, {"base_span": [844, 856], "annotations": [{"nertag": "PER"}]}, {"base_span": [965, 976], "annotations": [{"nertag": "PER"}]}, {"base_span": [993, 1003], "annotations": [{"nertag": "PER"}]}, {"base_span": [1012, 1023], "annotations": [{"nertag": "PER"}]}, {"base_span": [1035, 1047], "annotations": [{"nertag": "PER"}]}]}, {"name": "gold_wordner", "attributes": ["nertag"], "parent": null, "enveloping": null, "ambiguous": false, "serialisation_module": null, "meta": {}, "spans": [{"base_span": [1, 6], "annotations": [{"nertag": "B-LOC"}]}, {"base_span": [7, 15], "annotations": [{"nertag": "I-LOC"}]}, {"base_span": [17, 20], "annotations": [{"nertag": "O"}]}, {"base_span": [21, 26], "annotations": [{"nertag": "O"}]}, {"base_span": [27, 31], "annotations": [{"nertag": "O"}]}, {"base_span": [32, 36], "annotations": [{"nertag": "O"}]}, {"base_span": [38, 43], "annotations": [{"nertag": "O"}]}, {"base_span": [44, 48], "annotations": [{"nertag": "O"}]}, {"base_span": [49, 54], "annotations": [{"nertag": "O"}]}, {"base_span": [55, 62], "annotations": [{"nertag": "B-LOC"}]}, {"base_span": [63, 67], "annotations": [{"nertag": "O"}]}, {"base_span": [68, 74], "annotations": [{"nertag": "B-PER"}]}, {"base_span": [75, 82], "annotations": [{"nertag": "I-PER"}]}, {"base_span": [83, 85], "annotations": [{"nertag": "O"}]}, {"base_span": [86, 92], "annotations": [{"nertag": "O"}]}, {"base_span": [93, 95], "annotations": [{"nertag": "O"}]}, {"base_span": [96, 103], "annotations": [{"nertag": "B-LOC_ORG"}]}, {"base_span": [104, 108], "annotations": [{"nertag": "O"}]}, {"base_span": [109, 113], "annotations": [{"nertag": "O"}]}, {"base_span": [114, 119], "annotations": [{"nertag": "B-PER"}]}, {"base_span": [120, 126], "annotations": [{"nertag": "I-PER"}]}, {"base_span": [127, 129], "annotations": [{"nertag": "O"}]}, {"base_span": [130, 136], "annotations": [{"nertag": "O"}]}, {"base_span": [137, 138], "annotations": [{"nertag": "O"}]}, {"base_span": [139, 145], "annotations": [{"nertag": "O"}]}, {"base_span": [146, 150], "annotations": [{"nertag": "O"}]}, {"base_span": [151, 157], "annotations": [{"nertag": "B-PER"}]}, {"base_span": [158, 169], "annotations": [{"nertag": "I-PER"}]}, {"base_span": [169, 170], "annotations": [{"nertag": "O"}]}, {"base_span": [171, 173], "annotations": [{"nertag": "O"}]}, {"base_span": [174, 176], "annotations": [{"nertag": "O"}]}, {"base_span": [177, 182], "annotations": [{"nertag": "O"}]}, {"base_span": [183, 190], "annotations": [{"nertag": "O"}]}, {"base_span": [191, 195], "annotations": [{"nertag": "O"}]}, {"base_span": [196, 201], "annotations": [{"nertag": "O"}]}, {"base_span": [202, 206], "annotations": [{"nertag": "O"}]}, {"base_span": [207, 208], "annotations": [{"nertag": "O"}]}, {"base_span": [209, 210], "annotations": [{"nertag": "O"}]}, {"base_span": [210, 211], "annotations": [{"nertag": "O"}]}, {"base_span": [212, 214], "annotations": [{"nertag": "O"}]}, {"base_span": [215, 218], "annotations": [{"nertag": "O"}]}, {"base_span": [218, 219], "annotations": [{"nertag": "O"}]}, {"base_span": [220, 224], "annotations": [{"nertag": "O"}]}, {"base_span": [225, 231], "annotations": [{"nertag": "O"}]}, {"base_span": [232, 236], "annotations": [{"nertag": "O"}]}, {"base_span": [237, 243], "annotations": [{"nertag": "O"}]}, {"base_span": [244, 245], "annotations": [{"nertag": "O"}]}, {"base_span": [246, 247], "annotations": [{"nertag": "O"}]}, {"base_span": [248, 250], "annotations": [{"nertag": "O"}]}, {"base_span": [251, 254], "annotations": [{"nertag": "O"}]}, {"base_span": [254, 255], "annotations": [{"nertag": "O"}]}, {"base_span": [256, 258], "annotations": [{"nertag": "O"}]}, {"base_span": [259, 261], "annotations": [{"nertag": "O"}]}, {"base_span": [262, 267], "annotations": [{"nertag": "O"}]}, {"base_span": [268, 275], "annotations": [{"nertag": "O"}]}, {"base_span": [276, 277], "annotations": [{"nertag": "O"}]}, {"base_span": [278, 279], "annotations": [{"nertag": "O"}]}, {"base_span": [279, 280], "annotations": [{"nertag": "O"}]}, {"base_span": [281, 285], "annotations": [{"nertag": "O"}]}, {"base_span": [286, 288], "annotations": [{"nertag": "O"}]}, {"base_span": [289, 294], "annotations": [{"nertag": "O"}]}, {"base_span": [295, 301], "annotations": [{"nertag": "O"}]}, {"base_span": [302, 306], "annotations": [{"nertag": "O"}]}, {"base_span": [307, 308], "annotations": [{"nertag": "O"}]}, {"base_span": [309, 310], "annotations": [{"nertag": "O"}]}, {"base_span": [310, 311], "annotations": [{"nertag": "O"}]}, {"base_span": [312, 314], "annotations": [{"nertag": "O"}]}, {"base_span": [315, 318], "annotations": [{"nertag": "O"}]}, {"base_span": [318, 319], "annotations": [{"nertag": "O"}]}, {"base_span": [320, 330], "annotations": [{"nertag": "O"}]}, {"base_span": [331, 333], "annotations": [{"nertag": "O"}]}, {"base_span": [334, 340], "annotations": [{"nertag": "B-PER"}]}, {"base_span": [341, 348], "annotations": [{"nertag": "I-PER"}]}, {"base_span": [349, 352], "annotations": [{"nertag": "O"}]}, {"base_span": [353, 358], "annotations": [{"nertag": "O"}]}, {"base_span": [359, 363], "annotations": [{"nertag": "O"}]}, {"base_span": [364, 371], "annotations": [{"nertag": "O"}]}, {"base_span": [372, 377], "annotations": [{"nertag": "O"}]}, {"base_span": [378, 380], "annotations": [{"nertag": "O"}]}, {"base_span": [381, 384], "annotations": [{"nertag": "O"}]}, {"base_span": [384, 385], "annotations": [{"nertag": "O"}]}, {"base_span": [386, 390], "annotations": [{"nertag": "O"}]}, {"base_span": [391, 393], "annotations": [{"nertag": "O"}]}, {"base_span": [394, 401], "annotations": [{"nertag": "O"}]}, {"base_span": [402, 407], "annotations": [{"nertag": "B-PER"}]}, {"base_span": [408, 414], "annotations": [{"nertag": "I-PER"}]}, {"base_span": [415, 422], "annotations": [{"nertag": "O"}]}, {"base_span": [423, 424], "annotations": [{"nertag": "O"}]}, {"base_span": [425, 428], "annotations": [{"nertag": "O"}]}, {"base_span": [429, 435], "annotations": [{"nertag": "O"}]}, {"base_span": [436, 440], "annotations": [{"nertag": "O"}]}, {"base_span": [441, 445], "annotations": [{"nertag": "O"}]}, {"base_span": [445, 446], "annotations": [{"nertag": "O"}]}, {"base_span": [447, 451], "annotations": [{"nertag": "O"}]}, {"base_span": [452, 454], "annotations": [{"nertag": "O"}]}, {"base_span": [455, 459], "annotations": [{"nertag": "O"}]}, {"base_span": [460, 465], "annotations": [{"nertag": "O"}]}, {"base_span": [466, 471], "annotations": [{"nertag": "O"}]}, {"base_span": [471, 472], "annotations": [{"nertag": "O"}]}, {"base_span": [473, 478], "annotations": [{"nertag": "O"}]}, {"base_span": [479, 483], "annotations": [{"nertag": "O"}]}, {"base_span": [484, 492], "annotations": [{"nertag": "O"}]}, {"base_span": [493, 498], "annotations": [{"nertag": "O"}]}, {"base_span": [499, 503], "annotations": [{"nertag": "O"}]}, {"base_span": [504, 506], "annotations": [{"nertag": "O"}]}, {"base_span": [507, 515], "annotations": [{"nertag": "O"}]}, {"base_span": [516, 521], "annotations": [{"nertag": "O"}]}, {"base_span": [522, 525], "annotations": [{"nertag": "O"}]}, {"base_span": [526, 528], "annotations": [{"nertag": "O"}]}, {"base_span": [529, 534], "annotations": [{"nertag": "O"}]}, {"base_span": [535, 539], "annotations": [{"nertag": "O"}]}, {"base_span": [539, 540], "annotations": [{"nertag": "O"}]}, {"base_span": [541, 547], "annotations": [{"nertag": "O"}]}, {"base_span": [548, 550], "annotations": [{"nertag": "O"}]}, {"base_span": [551, 556], "annotations": [{"nertag": "B-PER"}]}, {"base_span": [557, 563], "annotations": [{"nertag": "I-PER"}]}, {"base_span": [564, 572], "annotations": [{"nertag": "O"}]}, {"base_span": [573, 575], "annotations": [{"nertag": "O"}]}, {"base_span": [576, 582], "annotations": [{"nertag": "O"}]}, {"base_span": [583, 587], "annotations": [{"nertag": "O"}]}, {"base_span": [588, 592], "annotations": [{"nertag": "O"}]}, {"base_span": [593, 595], "annotations": [{"nertag": "O"}]}, {"base_span": [596, 599], "annotations": [{"nertag": "O"}]}, {"base_span": [600, 605], "annotations": [{"nertag": "O"}]}, {"base_span": [606, 608], "annotations": [{"nertag": "O"}]}, {"base_span": [609, 613], "annotations": [{"nertag": "O"}]}, {"base_span": [614, 621], "annotations": [{"nertag": "O"}]}, {"base_span": [622, 629], "annotations": [{"nertag": "O"}]}, {"base_span": [629, 630], "annotations": [{"nertag": "O"}]}, {"base_span": [631, 633], "annotations": [{"nertag": "O"}]}, {"base_span": [634, 640], "annotations": [{"nertag": "B-PER"}]}, {"base_span": [641, 648], "annotations": [{"nertag": "I-PER"}]}, {"base_span": [649, 653], "annotations": [{"nertag": "O"}]}, {"base_span": [654, 660], "annotations": [{"nertag": "O"}]}, {"base_span": [661, 662], "annotations": [{"nertag": "O"}]}, {"base_span": [663, 669], "annotations": [{"nertag": "O"}]}, {"base_span": [669, 670], "annotations": [{"nertag": "O"}]}, {"base_span": [673, 675], "annotations": [{"nertag": "O"}]}, {"base_span": [676, 682], "annotations": [{"nertag": "O"}]}, {"base_span": [683, 687], "annotations": [{"nertag": "O"}]}, {"base_span": [688, 695], "annotations": [{"nertag": "B-PER"}]}, {"base_span": [696, 698], "annotations": [{"nertag": "O"}]}, {"base_span": [699, 701], "annotations": [{"nertag": "O"}]}, {"base_span": [702, 704], "annotations": [{"nertag": "O"}]}, {"base_span": [705, 709], "annotations": [{"nertag": "O"}]}, {"base_span": [710, 716], "annotations": [{"nertag": "O"}]}, {"base_span": [717, 722], "annotations": [{"nertag": "O"}]}, {"base_span": [723, 725], "annotations": [{"nertag": "O"}]}, {"base_span": [726, 728], "annotations": [{"nertag": "O"}]}, {"base_span": [729, 734], "annotations": [{"nertag": "O"}]}, {"base_span": [735, 740], "annotations": [{"nertag": "O"}]}, {"base_span": [741, 746], "annotations": [{"nertag": "O"}]}, {"base_span": [747, 755], "annotations": [{"nertag": "O"}]}, {"base_span": [755, 756], "annotations": [{"nertag": "O"}]}, {"base_span": [757, 761], "annotations": [{"nertag": "O"}]}, {"base_span": [762, 767], "annotations": [{"nertag": "O"}]}, {"base_span": [768, 773], "annotations": [{"nertag": "O"}]}, {"base_span": [773, 774], "annotations": [{"nertag": "O"}]}, {"base_span": [775, 781], "annotations": [{"nertag": "O"}]}, {"base_span": [782, 790], "annotations": [{"nertag": "O"}]}, {"base_span": [790, 791], "annotations": [{"nertag": "O"}]}, {"base_span": [792, 798], "annotations": [{"nertag": "O"}]}, {"base_span": [799, 806], "annotations": [{"nertag": "O"}]}, {"base_span": [807, 813], "annotations": [{"nertag": "B-PER"}]}, {"base_span": [814, 825], "annotations": [{"nertag": "I-PER"}]}, {"base_span": [826, 830], "annotations": [{"nertag": "O"}]}, {"base_span": [831, 836], "annotations": [{"nertag": "O"}]}, {"base_span": [837, 842], "annotations": [{"nertag": "O"}]}, {"base_span": [842, 843], "annotations": [{"nertag": "O"}]}, {"base_span": [844, 849], "annotations": [{"nertag": "B-PER"}]}, {"base_span": [850, 856], "annotations": [{"nertag": "I-PER"}]}, {"base_span": [857, 863], "annotations": [{"nertag": "O"}]}, {"base_span": [864, 869], "annotations": [{"nertag": "O"}]}, {"base_span": [870, 877], "annotations": [{"nertag": "O"}]}, {"base_span": [878, 885], "annotations": [{"nertag": "O"}]}, {"base_span": [886, 894], "annotations": [{"nertag": "O"}]}, {"base_span": [895, 899], "annotations": [{"nertag": "O"}]}, {"base_span": [899, 900], "annotations": [{"nertag": "O"}]}, {"base_span": [903, 905], "annotations": [{"nertag": "O"}]}, {"base_span": [906, 916], "annotations": [{"nertag": "O"}]}, {"base_span": [917, 920], "annotations": [{"nertag": "O"}]}, {"base_span": [921, 929], "annotations": [{"nertag": "O"}]}, {"base_span": [929, 930], "annotations": [{"nertag": "O"}]}, {"base_span": [931, 937], "annotations": [{"nertag": "O"}]}, {"base_span": [938, 943], "annotations": [{"nertag": "O"}]}, {"base_span": [944, 952], "annotations": [{"nertag": "O"}]}, {"base_span": [953, 964], "annotations": [{"nertag": "O"}]}, {"base_span": [965, 971], "annotations": [{"nertag": "B-PER"}]}, {"base_span": [972, 976], "annotations": [{"nertag": "I-PER"}]}, {"base_span": [977, 980], "annotations": [{"nertag": "O"}]}, {"base_span": [980, 981], "annotations": [{"nertag": "O"}]}, {"base_span": [982, 992], "annotations": [{"nertag": "O"}]}, {"base_span": [993, 997], "annotations": [{"nertag": "B-PER"}]}, {"base_span": [998, 1003], "annotations": [{"nertag": "I-PER"}]}, {"base_span": [1004, 1007], "annotations": [{"nertag": "O"}]}, {"base_span": [1007, 1008], "annotations": [{"nertag": "O"}]}, {"base_span": [1009, 1011], "annotations": [{"nertag": "O"}]}, {"base_span": [1012, 1017], "annotations": [{"nertag": "B-PER"}]}, {"base_span": [1018, 1023], "annotations": [{"nertag": "I-PER"}]}, {"base_span": [1023, 1024], "annotations": [{"nertag": "O"}]}, {"base_span": [1025, 1034], "annotations": [{"nertag": "O"}]}, {"base_span": [1035, 1036], "annotations": [{"nertag": "B-PER"}]}, {"base_span": [1036, 1037], "annotations": [{"nertag": "I-PER"}]}, {"base_span": [1038, 1047], "annotations": [{"nertag": "I-PER"}]}, {"base_span": [1048, 1049], "annotations": [{"nertag": "O"}]}, {"base_span": [1049, 1056], "annotations": [{"nertag": "O"}]}, {"base_span": [1056, 1057], "annotations": [{"nertag": "O"}]}, {"base_span": [1057, 1058], "annotations": [{"nertag": "O"}]}]}]}