{"text": "1897 a. 25. Aprilli kp. ilmusiwad Alliku walla kohtu ette Alliku walla mehed Jaan Mihkli poeg Walting ja Kustas Jüri poeg Rõks ja Suure-Kõpu walla mees Jaan Hanso poeg Tammann, palelikult walla kohtule tuntud ja palusiwad siia kohtu aktiraamatusse eneste wahel maha tehtud suusõnalist lepingut järgmiselt sissekirjutada:\n1. Jaan Walting kui Hintsu talukoha omanik ja Jaan Tammann kui selle koha rentnik selle kauba lepingu põhjusel, mis nemad eneste wahel siin walla kohtu ees 28 Märtsil 1897 a. on aktiraamatusse Nr 3 all sissekirjutada lasknud on nüüd nõnda kokku lepinud et nemad Hintsu koha pooled maad rendiwad Kustas Rõksule edasi nendesama tingimistega ja selle aja peale nagu see Waltingi ja Tammanni wahel maha tehtud lepingus 28. Märtsil 1897 a. Nr 3 all on ülespandud.\n2. Kustas Rõks wõtab need tingimised ja kohused oma peale, mis ülemalnimetud lepingus Waltingi ja Tammanni wahel makswad on ja maksab \"Hintsu\" koha poole maade eest /120/ ükssada kakskümmend rbl. aastas renti, selle wastu jääb aga Jaan Waltingi ülespidamine üksi Jaan Tammanni kanda, kelle kätte ka rent makstud saab.\nSee leping sai peale aktiraamatusse sissekirjutamist pooltele ette loetud.\nK. Rõks /allkiri/\nJann Tamman /allkiri/\nJaan ise kirja ei oska, siis kirjutas tema palwe peale alla Gerretz /allkiri/ ' ei lugenud välja'\nKohtu Eesistuja M. Asa /allkiri/\nKirjutaja /allkiri/ 'ei lugenud välja'\n\n\"\n", "meta": {"origin_directory": "vallakohus_esimene/"}, "layers": [{"name": "gold_ner", "attributes": ["nertag"], "parent": null, "enveloping": null, "ambiguous": false, "serialisation_module": null, "meta": {}, "spans": [{"base_span": [34, 52], "annotations": [{"nertag": "ORG"}]}, {"base_span": [58, 70], "annotations": [{"nertag": "LOC_ORG"}]}, {"base_span": [77, 101], "annotations": [{"nertag": "PER"}]}, {"base_span": [105, 126], "annotations": [{"nertag": "PER"}]}, {"base_span": [130, 146], "annotations": [{"nertag": "LOC_ORG"}]}, {"base_span": [152, 175], "annotations": [{"nertag": "PER"}]}, {"base_span": [324, 336], "annotations": [{"nertag": "PER"}]}, {"base_span": [341, 356], "annotations": [{"nertag": "LOC_ORG"}]}, {"base_span": [367, 379], "annotations": [{"nertag": "PER"}]}, {"base_span": [583, 594], "annotations": [{"nertag": "LOC_ORG"}]}, {"base_span": [616, 630], "annotations": [{"nertag": "PER"}]}, {"base_span": [688, 696], "annotations": [{"nertag": "PER"}]}, {"base_span": [700, 708], "annotations": [{"nertag": "PER"}]}, {"base_span": [783, 794], "annotations": [{"nertag": "PER"}]}, {"base_span": [866, 874], "annotations": [{"nertag": "PER"}]}, {"base_span": [878, 886], "annotations": [{"nertag": "PER"}]}, {"base_span": [914, 927], "annotations": [{"nertag": "LOC_ORG"}]}, {"base_span": [1011, 1024], "annotations": [{"nertag": "PER"}]}, {"base_span": [1043, 1056], "annotations": [{"nertag": "PER"}]}, {"base_span": [1173, 1180], "annotations": [{"nertag": "PER"}]}, {"base_span": [1191, 1202], "annotations": [{"nertag": "PER"}]}, {"base_span": [1213, 1217], "annotations": [{"nertag": "PER"}]}, {"base_span": [1273, 1280], "annotations": [{"nertag": "PER"}]}, {"base_span": [1327, 1333], "annotations": [{"nertag": "PER"}]}]}, {"name": "gold_wordner", "attributes": ["nertag"], "parent": null, "enveloping": null, "ambiguous": false, "serialisation_module": null, "meta": {}, "spans": [{"base_span": [0, 4], "annotations": [{"nertag": "O"}]}, {"base_span": [5, 6], "annotations": [{"nertag": "O"}]}, {"base_span": [6, 7], "annotations": [{"nertag": "O"}]}, {"base_span": [8, 11], "annotations": [{"nertag": "O"}]}, {"base_span": [12, 19], "annotations": [{"nertag": "O"}]}, {"base_span": [20, 22], "annotations": [{"nertag": "O"}]}, {"base_span": [22, 23], "annotations": [{"nertag": "O"}]}, {"base_span": [24, 33], "annotations": [{"nertag": "O"}]}, {"base_span": [34, 40], "annotations": [{"nertag": "B-ORG"}]}, {"base_span": [41, 46], "annotations": [{"nertag": "I-ORG"}]}, {"base_span": [47, 52], "annotations": [{"nertag": "I-ORG"}]}, {"base_span": [53, 57], "annotations": [{"nertag": "O"}]}, {"base_span": [58, 64], "annotations": [{"nertag": "B-LOC_ORG"}]}, {"base_span": [65, 70], "annotations": [{"nertag": "I-LOC_ORG"}]}, {"base_span": [71, 76], "annotations": [{"nertag": "O"}]}, {"base_span": [77, 81], "annotations": [{"nertag": "B-PER"}]}, {"base_span": [82, 88], "annotations": [{"nertag": "I-PER"}]}, {"base_span": [89, 93], "annotations": [{"nertag": "I-PER"}]}, {"base_span": [94, 101], "annotations": [{"nertag": "I-PER"}]}, {"base_span": [102, 104], "annotations": [{"nertag": "O"}]}, {"base_span": [105, 111], "annotations": [{"nertag": "B-PER"}]}, {"base_span": [112, 116], "annotations": [{"nertag": "I-PER"}]}, {"base_span": [117, 121], "annotations": [{"nertag": "I-PER"}]}, {"base_span": [122, 126], "annotations": [{"nertag": "I-PER"}]}, {"base_span": [127, 129], "annotations": [{"nertag": "O"}]}, {"base_span": [130, 135], "annotations": [{"nertag": "B-LOC_ORG"}]}, {"base_span": [135, 136], "annotations": [{"nertag": "I-LOC_ORG"}]}, {"base_span": [136, 140], "annotations": [{"nertag": "I-LOC_ORG"}]}, {"base_span": [141, 146], "annotations": [{"nertag": "I-LOC_ORG"}]}, {"base_span": [147, 151], "annotations": [{"nertag": "O"}]}, {"base_span": [152, 156], "annotations": [{"nertag": "B-PER"}]}, {"base_span": [157, 162], "annotations": [{"nertag": "I-PER"}]}, {"base_span": [163, 167], "annotations": [{"nertag": "I-PER"}]}, {"base_span": [168, 175], "annotations": [{"nertag": "I-PER"}]}, {"base_span": [175, 176], "annotations": [{"nertag": "O"}]}, {"base_span": [177, 187], "annotations": [{"nertag": "O"}]}, {"base_span": [188, 193], "annotations": [{"nertag": "O"}]}, {"base_span": [194, 201], "annotations": [{"nertag": "O"}]}, {"base_span": [202, 208], "annotations": [{"nertag": "O"}]}, {"base_span": [209, 211], "annotations": [{"nertag": "O"}]}, {"base_span": [212, 221], "annotations": [{"nertag": "O"}]}, {"base_span": [222, 226], "annotations": [{"nertag": "O"}]}, {"base_span": [227, 232], "annotations": [{"nertag": "O"}]}, {"base_span": [233, 247], "annotations": [{"nertag": "O"}]}, {"base_span": [248, 254], "annotations": [{"nertag": "O"}]}, {"base_span": [255, 260], "annotations": [{"nertag": "O"}]}, {"base_span": [261, 265], "annotations": [{"nertag": "O"}]}, {"base_span": [266, 272], "annotations": [{"nertag": "O"}]}, {"base_span": [273, 284], "annotations": [{"nertag": "O"}]}, {"base_span": [285, 293], "annotations": [{"nertag": "O"}]}, {"base_span": [294, 304], "annotations": [{"nertag": "O"}]}, {"base_span": [305, 319], "annotations": [{"nertag": "O"}]}, {"base_span": [319, 320], "annotations": [{"nertag": "O"}]}, {"base_span": [321, 323], "annotations": [{"nertag": "O"}]}, {"base_span": [324, 328], "annotations": [{"nertag": "B-PER"}]}, {"base_span": [329, 336], "annotations": [{"nertag": "I-PER"}]}, {"base_span": [337, 340], "annotations": [{"nertag": "O"}]}, {"base_span": [341, 347], "annotations": [{"nertag": "B-LOC_ORG"}]}, {"base_span": [348, 356], "annotations": [{"nertag": "I-LOC_ORG"}]}, {"base_span": [357, 363], "annotations": [{"nertag": "O"}]}, {"base_span": [364, 366], "annotations": [{"nertag": "O"}]}, {"base_span": [367, 371], "annotations": [{"nertag": "B-PER"}]}, {"base_span": [372, 379], "annotations": [{"nertag": "I-PER"}]}, {"base_span": [380, 383], "annotations": [{"nertag": "O"}]}, {"base_span": [384, 389], "annotations": [{"nertag": "O"}]}, {"base_span": [390, 394], "annotations": [{"nertag": "O"}]}, {"base_span": [395, 402], "annotations": [{"nertag": "O"}]}, {"base_span": [403, 408], "annotations": [{"nertag": "O"}]}, {"base_span": [409, 414], "annotations": [{"nertag": "O"}]}, {"base_span": [415, 422], "annotations": [{"nertag": "O"}]}, {"base_span": [423, 431], "annotations": [{"nertag": "O"}]}, {"base_span": [431, 432], "annotations": [{"nertag": "O"}]}, {"base_span": [433, 436], "annotations": [{"nertag": "O"}]}, {"base_span": [437, 442], "annotations": [{"nertag": "O"}]}, {"base_span": [443, 449], "annotations": [{"nertag": "O"}]}, {"base_span": [450, 455], "annotations": [{"nertag": "O"}]}, {"base_span": [456, 460], "annotations": [{"nertag": "O"}]}, {"base_span": [461, 466], "annotations": [{"nertag": "O"}]}, {"base_span": [467, 472], "annotations": [{"nertag": "O"}]}, {"base_span": [473, 476], "annotations": [{"nertag": "O"}]}, {"base_span": [477, 479], "annotations": [{"nertag": "O"}]}, {"base_span": [480, 487], "annotations": [{"nertag": "O"}]}, {"base_span": [488, 492], "annotations": [{"nertag": "O"}]}, {"base_span": [493, 494], "annotations": [{"nertag": "O"}]}, {"base_span": [494, 495], "annotations": [{"nertag": "O"}]}, {"base_span": [496, 498], "annotations": [{"nertag": "O"}]}, {"base_span": [499, 513], "annotations": [{"nertag": "O"}]}, {"base_span": [514, 516], "annotations": [{"nertag": "O"}]}, {"base_span": [517, 518], "annotations": [{"nertag": "O"}]}, {"base_span": [519, 522], "annotations": [{"nertag": "O"}]}, {"base_span": [523, 537], "annotations": [{"nertag": "O"}]}, {"base_span": [538, 545], "annotations": [{"nertag": "O"}]}, {"base_span": [546, 548], "annotations": [{"nertag": "O"}]}, {"base_span": [549, 553], "annotations": [{"nertag": "O"}]}, {"base_span": [554, 559], "annotations": [{"nertag": "O"}]}, {"base_span": [560, 565], "annotations": [{"nertag": "O"}]}, {"base_span": [566, 573], "annotations": [{"nertag": "O"}]}, {"base_span": [574, 576], "annotations": [{"nertag": "O"}]}, {"base_span": [577, 582], "annotations": [{"nertag": "O"}]}, {"base_span": [583, 589], "annotations": [{"nertag": "B-LOC_ORG"}]}, {"base_span": [590, 594], "annotations": [{"nertag": "I-LOC_ORG"}]}, {"base_span": [595, 601], "annotations": [{"nertag": "O"}]}, {"base_span": [602, 606], "annotations": [{"nertag": "O"}]}, {"base_span": [607, 615], "annotations": [{"nertag": "O"}]}, {"base_span": [616, 622], "annotations": [{"nertag": "B-PER"}]}, {"base_span": [623, 630], "annotations": [{"nertag": "I-PER"}]}, {"base_span": [631, 636], "annotations": [{"nertag": "O"}]}, {"base_span": [637, 646], "annotations": [{"nertag": "O"}]}, {"base_span": [647, 659], "annotations": [{"nertag": "O"}]}, {"base_span": [660, 662], "annotations": [{"nertag": "O"}]}, {"base_span": [663, 668], "annotations": [{"nertag": "O"}]}, {"base_span": [669, 672], "annotations": [{"nertag": "O"}]}, {"base_span": [673, 678], "annotations": [{"nertag": "O"}]}, {"base_span": [679, 683], "annotations": [{"nertag": "O"}]}, {"base_span": [684, 687], "annotations": [{"nertag": "O"}]}, {"base_span": [688, 696], "annotations": [{"nertag": "B-PER"}]}, {"base_span": [697, 699], "annotations": [{"nertag": "O"}]}, {"base_span": [700, 708], "annotations": [{"nertag": "B-PER"}]}, {"base_span": [709, 714], "annotations": [{"nertag": "O"}]}, {"base_span": [715, 719], "annotations": [{"nertag": "O"}]}, {"base_span": [720, 726], "annotations": [{"nertag": "O"}]}, {"base_span": [727, 735], "annotations": [{"nertag": "O"}]}, {"base_span": [736, 739], "annotations": [{"nertag": "O"}]}, {"base_span": [740, 747], "annotations": [{"nertag": "O"}]}, {"base_span": [748, 752], "annotations": [{"nertag": "O"}]}, {"base_span": [753, 754], "annotations": [{"nertag": "O"}]}, {"base_span": [754, 755], "annotations": [{"nertag": "O"}]}, {"base_span": [756, 758], "annotations": [{"nertag": "O"}]}, {"base_span": [759, 760], "annotations": [{"nertag": "O"}]}, {"base_span": [761, 764], "annotations": [{"nertag": "O"}]}, {"base_span": [765, 767], "annotations": [{"nertag": "O"}]}, {"base_span": [768, 778], "annotations": [{"nertag": "O"}]}, {"base_span": [778, 779], "annotations": [{"nertag": "O"}]}, {"base_span": [780, 782], "annotations": [{"nertag": "O"}]}, {"base_span": [783, 789], "annotations": [{"nertag": "B-PER"}]}, {"base_span": [790, 794], "annotations": [{"nertag": "I-PER"}]}, {"base_span": [795, 800], "annotations": [{"nertag": "O"}]}, {"base_span": [801, 805], "annotations": [{"nertag": "O"}]}, {"base_span": [806, 816], "annotations": [{"nertag": "O"}]}, {"base_span": [817, 819], "annotations": [{"nertag": "O"}]}, {"base_span": [820, 827], "annotations": [{"nertag": "O"}]}, {"base_span": [828, 831], "annotations": [{"nertag": "O"}]}, {"base_span": [832, 837], "annotations": [{"nertag": "O"}]}, {"base_span": [837, 838], "annotations": [{"nertag": "O"}]}, {"base_span": [839, 842], "annotations": [{"nertag": "O"}]}, {"base_span": [843, 856], "annotations": [{"nertag": "O"}]}, {"base_span": [857, 865], "annotations": [{"nertag": "O"}]}, {"base_span": [866, 874], "annotations": [{"nertag": "B-PER"}]}, {"base_span": [875, 877], "annotations": [{"nertag": "O"}]}, {"base_span": [878, 886], "annotations": [{"nertag": "B-PER"}]}, {"base_span": [887, 892], "annotations": [{"nertag": "O"}]}, {"base_span": [893, 900], "annotations": [{"nertag": "O"}]}, {"base_span": [901, 903], "annotations": [{"nertag": "O"}]}, {"base_span": [904, 906], "annotations": [{"nertag": "O"}]}, {"base_span": [907, 913], "annotations": [{"nertag": "O"}]}, {"base_span": [914, 915], "annotations": [{"nertag": "B-LOC_ORG"}]}, {"base_span": [915, 921], "annotations": [{"nertag": "I-LOC_ORG"}]}, {"base_span": [921, 922], "annotations": [{"nertag": "I-LOC_ORG"}]}, {"base_span": [923, 927], "annotations": [{"nertag": "I-LOC_ORG"}]}, {"base_span": [928, 933], "annotations": [{"nertag": "O"}]}, {"base_span": [934, 939], "annotations": [{"nertag": "O"}]}, {"base_span": [940, 944], "annotations": [{"nertag": "O"}]}, {"base_span": [945, 946], "annotations": [{"nertag": "O"}]}, {"base_span": [946, 949], "annotations": [{"nertag": "O"}]}, {"base_span": [949, 950], "annotations": [{"nertag": "O"}]}, {"base_span": [951, 958], "annotations": [{"nertag": "O"}]}, {"base_span": [959, 970], "annotations": [{"nertag": "O"}]}, {"base_span": [971, 974], "annotations": [{"nertag": "O"}]}, {"base_span": [974, 975], "annotations": [{"nertag": "O"}]}, {"base_span": [976, 982], "annotations": [{"nertag": "O"}]}, {"base_span": [983, 988], "annotations": [{"nertag": "O"}]}, {"base_span": [988, 989], "annotations": [{"nertag": "O"}]}, {"base_span": [990, 995], "annotations": [{"nertag": "O"}]}, {"base_span": [996, 1001], "annotations": [{"nertag": "O"}]}, {"base_span": [1002, 1006], "annotations": [{"nertag": "O"}]}, {"base_span": [1007, 1010], "annotations": [{"nertag": "O"}]}, {"base_span": [1011, 1015], "annotations": [{"nertag": "B-PER"}]}, {"base_span": [1016, 1024], "annotations": [{"nertag": "I-PER"}]}, {"base_span": [1025, 1037], "annotations": [{"nertag": "O"}]}, {"base_span": [1038, 1042], "annotations": [{"nertag": "O"}]}, {"base_span": [1043, 1047], "annotations": [{"nertag": "B-PER"}]}, {"base_span": [1048, 1056], "annotations": [{"nertag": "I-PER"}]}, {"base_span": [1057, 1062], "annotations": [{"nertag": "O"}]}, {"base_span": [1062, 1063], "annotations": [{"nertag": "O"}]}, {"base_span": [1064, 1069], "annotations": [{"nertag": "O"}]}, {"base_span": [1070, 1075], "annotations": [{"nertag": "O"}]}, {"base_span": [1076, 1078], "annotations": [{"nertag": "O"}]}, {"base_span": [1079, 1083], "annotations": [{"nertag": "O"}]}, {"base_span": [1084, 1091], "annotations": [{"nertag": "O"}]}, {"base_span": [1092, 1096], "annotations": [{"nertag": "O"}]}, {"base_span": [1096, 1097], "annotations": [{"nertag": "O"}]}, {"base_span": [1098, 1101], "annotations": [{"nertag": "O"}]}, {"base_span": [1102, 1108], "annotations": [{"nertag": "O"}]}, {"base_span": [1109, 1112], "annotations": [{"nertag": "O"}]}, {"base_span": [1113, 1118], "annotations": [{"nertag": "O"}]}, {"base_span": [1119, 1133], "annotations": [{"nertag": "O"}]}, {"base_span": [1134, 1150], "annotations": [{"nertag": "O"}]}, {"base_span": [1151, 1159], "annotations": [{"nertag": "O"}]}, {"base_span": [1160, 1164], "annotations": [{"nertag": "O"}]}, {"base_span": [1165, 1171], "annotations": [{"nertag": "O"}]}, {"base_span": [1171, 1172], "annotations": [{"nertag": "O"}]}, {"base_span": [1173, 1174], "annotations": [{"nertag": "B-PER"}]}, {"base_span": [1174, 1175], "annotations": [{"nertag": "I-PER"}]}, {"base_span": [1176, 1180], "annotations": [{"nertag": "I-PER"}]}, {"base_span": [1181, 1182], "annotations": [{"nertag": "O"}]}, {"base_span": [1182, 1189], "annotations": [{"nertag": "O"}]}, {"base_span": [1189, 1190], "annotations": [{"nertag": "O"}]}, {"base_span": [1191, 1195], "annotations": [{"nertag": "B-PER"}]}, {"base_span": [1196, 1202], "annotations": [{"nertag": "I-PER"}]}, {"base_span": [1203, 1204], "annotations": [{"nertag": "O"}]}, {"base_span": [1204, 1211], "annotations": [{"nertag": "O"}]}, {"base_span": [1211, 1212], "annotations": [{"nertag": "O"}]}, {"base_span": [1213, 1217], "annotations": [{"nertag": "B-PER"}]}, {"base_span": [1218, 1221], "annotations": [{"nertag": "O"}]}, {"base_span": [1222, 1227], "annotations": [{"nertag": "O"}]}, {"base_span": [1228, 1230], "annotations": [{"nertag": "O"}]}, {"base_span": [1231, 1235], "annotations": [{"nertag": "O"}]}, {"base_span": [1235, 1236], "annotations": [{"nertag": "O"}]}, {"base_span": [1237, 1241], "annotations": [{"nertag": "O"}]}, {"base_span": [1242, 1250], "annotations": [{"nertag": "O"}]}, {"base_span": [1251, 1255], "annotations": [{"nertag": "O"}]}, {"base_span": [1256, 1261], "annotations": [{"nertag": "O"}]}, {"base_span": [1262, 1267], "annotations": [{"nertag": "O"}]}, {"base_span": [1268, 1272], "annotations": [{"nertag": "O"}]}, {"base_span": [1273, 1280], "annotations": [{"nertag": "B-PER"}]}, {"base_span": [1281, 1282], "annotations": [{"nertag": "O"}]}, {"base_span": [1282, 1289], "annotations": [{"nertag": "O"}]}, {"base_span": [1289, 1290], "annotations": [{"nertag": "O"}]}, {"base_span": [1291, 1292], "annotations": [{"nertag": "O"}]}, {"base_span": [1293, 1295], "annotations": [{"nertag": "O"}]}, {"base_span": [1296, 1303], "annotations": [{"nertag": "O"}]}, {"base_span": [1304, 1309], "annotations": [{"nertag": "O"}]}, {"base_span": [1309, 1310], "annotations": [{"nertag": "O"}]}, {"base_span": [1311, 1316], "annotations": [{"nertag": "O"}]}, {"base_span": [1317, 1326], "annotations": [{"nertag": "O"}]}, {"base_span": [1327, 1328], "annotations": [{"nertag": "B-PER"}]}, {"base_span": [1328, 1329], "annotations": [{"nertag": "I-PER"}]}, {"base_span": [1330, 1333], "annotations": [{"nertag": "I-PER"}]}, {"base_span": [1334, 1335], "annotations": [{"nertag": "O"}]}, {"base_span": [1335, 1342], "annotations": [{"nertag": "O"}]}, {"base_span": [1342, 1343], "annotations": [{"nertag": "O"}]}, {"base_span": [1344, 1353], "annotations": [{"nertag": "O"}]}, {"base_span": [1354, 1355], "annotations": [{"nertag": "O"}]}, {"base_span": [1355, 1362], "annotations": [{"nertag": "O"}]}, {"base_span": [1362, 1363], "annotations": [{"nertag": "O"}]}, {"base_span": [1364, 1365], "annotations": [{"nertag": "O"}]}, {"base_span": [1365, 1367], "annotations": [{"nertag": "O"}]}, {"base_span": [1368, 1375], "annotations": [{"nertag": "O"}]}, {"base_span": [1376, 1381], "annotations": [{"nertag": "O"}]}, {"base_span": [1381, 1382], "annotations": [{"nertag": "O"}]}, {"base_span": [1384, 1385], "annotations": [{"nertag": "O"}]}]}]}