{"text": "\nKohtu ette astus Kaebduse kandja Hans Stember ja kaebas: Et Jüri Keres olema häbema kombel tema tüttart teutanud ja lubanud, teda autumaks teha ja ära naerda. Adu Adams ja Juhan Lilleput olema seda kõik ealt kuulnud.\n\nAdu Aadams ja Juhan Lilleput tunnistasid, et Jüri Keres nõnda on teha lubanud, kus nemad teda weel keelanud wait olla, aga Jüri Keres weel roppumaks läinud.\n\nJüri Keres astus kohtu ette ja ei wõinud seda mitte salata.\n\nKohtu mõistus sai tehtud:\n\nJüri Keres maksab oma roppu teutamise eest 5 rubla walla laeka trahwi.\n\nPeawanem: Kaarel Woormund XXX\n\nKorwamees: Kaarel Stember XXX\n\nKorwamehe asemik: Jaagub Lunden XXX\n\nKirjutaja: K.Kuhlberg [allkiri]\n\n\n", "meta": {"origin_directory": "vallakohus_neljas/"}, "layers": [{"name": "gold_ner", "attributes": ["nertag"], "parent": null, "enveloping": null, "ambiguous": false, "serialisation_module": null, "meta": {}, "spans": [{"base_span": [34, 46], "annotations": [{"nertag": "PER"}]}, {"base_span": [61, 71], "annotations": [{"nertag": "PER"}]}, {"base_span": [160, 169], "annotations": [{"nertag": "PER"}]}, {"base_span": [173, 187], "annotations": [{"nertag": "PER"}]}, {"base_span": [219, 229], "annotations": [{"nertag": "PER"}]}, {"base_span": [233, 247], "annotations": [{"nertag": "PER"}]}, {"base_span": [264, 274], "annotations": [{"nertag": "PER"}]}, {"base_span": [342, 352], "annotations": [{"nertag": "PER"}]}, {"base_span": [377, 387], "annotations": [{"nertag": "PER"}]}, {"base_span": [465, 475], "annotations": [{"nertag": "PER"}]}, {"base_span": [547, 562], "annotations": [{"nertag": "PER"}]}, {"base_span": [579, 593], "annotations": [{"nertag": "PER"}]}, {"base_span": [617, 630], "annotations": [{"nertag": "PER"}]}, {"base_span": [647, 657], "annotations": [{"nertag": "PER"}]}]}, {"name": "gold_wordner", "attributes": ["nertag"], "parent": null, "enveloping": null, "ambiguous": false, "serialisation_module": null, "meta": {}, "spans": [{"base_span": [1, 6], "annotations": [{"nertag": "O"}]}, {"base_span": [7, 11], "annotations": [{"nertag": "O"}]}, {"base_span": [12, 17], "annotations": [{"nertag": "O"}]}, {"base_span": [18, 26], "annotations": [{"nertag": "O"}]}, {"base_span": [27, 33], "annotations": [{"nertag": "O"}]}, {"base_span": [34, 38], "annotations": [{"nertag": "B-PER"}]}, {"base_span": [39, 46], "annotations": [{"nertag": "I-PER"}]}, {"base_span": [47, 49], "annotations": [{"nertag": "O"}]}, {"base_span": [50, 56], "annotations": [{"nertag": "O"}]}, {"base_span": [56, 57], "annotations": [{"nertag": "O"}]}, {"base_span": [58, 60], "annotations": [{"nertag": "O"}]}, {"base_span": [61, 65], "annotations": [{"nertag": "B-PER"}]}, {"base_span": [66, 71], "annotations": [{"nertag": "I-PER"}]}, {"base_span": [72, 77], "annotations": [{"nertag": "O"}]}, {"base_span": [78, 84], "annotations": [{"nertag": "O"}]}, {"base_span": [85, 91], "annotations": [{"nertag": "O"}]}, {"base_span": [92, 96], "annotations": [{"nertag": "O"}]}, {"base_span": [97, 104], "annotations": [{"nertag": "O"}]}, {"base_span": [105, 113], "annotations": [{"nertag": "O"}]}, {"base_span": [114, 116], "annotations": [{"nertag": "O"}]}, {"base_span": [117, 124], "annotations": [{"nertag": "O"}]}, {"base_span": [124, 125], "annotations": [{"nertag": "O"}]}, {"base_span": [126, 130], "annotations": [{"nertag": "O"}]}, {"base_span": [131, 139], "annotations": [{"nertag": "O"}]}, {"base_span": [140, 144], "annotations": [{"nertag": "O"}]}, {"base_span": [145, 147], "annotations": [{"nertag": "O"}]}, {"base_span": [148, 151], "annotations": [{"nertag": "O"}]}, {"base_span": [152, 158], "annotations": [{"nertag": "O"}]}, {"base_span": [158, 159], "annotations": [{"nertag": "O"}]}, {"base_span": [160, 163], "annotations": [{"nertag": "B-PER"}]}, {"base_span": [164, 169], "annotations": [{"nertag": "I-PER"}]}, {"base_span": [170, 172], "annotations": [{"nertag": "O"}]}, {"base_span": [173, 178], "annotations": [{"nertag": "B-PER"}]}, {"base_span": [179, 187], "annotations": [{"nertag": "I-PER"}]}, {"base_span": [188, 193], "annotations": [{"nertag": "O"}]}, {"base_span": [194, 198], "annotations": [{"nertag": "O"}]}, {"base_span": [199, 203], "annotations": [{"nertag": "O"}]}, {"base_span": [204, 208], "annotations": [{"nertag": "O"}]}, {"base_span": [209, 216], "annotations": [{"nertag": "O"}]}, {"base_span": [216, 217], "annotations": [{"nertag": "O"}]}, {"base_span": [219, 222], "annotations": [{"nertag": "B-PER"}]}, {"base_span": [223, 229], "annotations": [{"nertag": "I-PER"}]}, {"base_span": [230, 232], "annotations": [{"nertag": "O"}]}, {"base_span": [233, 238], "annotations": [{"nertag": "B-PER"}]}, {"base_span": [239, 247], "annotations": [{"nertag": "I-PER"}]}, {"base_span": [248, 259], "annotations": [{"nertag": "O"}]}, {"base_span": [259, 260], "annotations": [{"nertag": "O"}]}, {"base_span": [261, 263], "annotations": [{"nertag": "O"}]}, {"base_span": [264, 268], "annotations": [{"nertag": "B-PER"}]}, {"base_span": [269, 274], "annotations": [{"nertag": "I-PER"}]}, {"base_span": [275, 280], "annotations": [{"nertag": "O"}]}, {"base_span": [281, 283], "annotations": [{"nertag": "O"}]}, {"base_span": [284, 288], "annotations": [{"nertag": "O"}]}, {"base_span": [289, 296], "annotations": [{"nertag": "O"}]}, {"base_span": [296, 297], "annotations": [{"nertag": "O"}]}, {"base_span": [298, 301], "annotations": [{"nertag": "O"}]}, {"base_span": [302, 307], "annotations": [{"nertag": "O"}]}, {"base_span": [308, 312], "annotations": [{"nertag": "O"}]}, {"base_span": [313, 317], "annotations": [{"nertag": "O"}]}, {"base_span": [318, 326], "annotations": [{"nertag": "O"}]}, {"base_span": [327, 331], "annotations": [{"nertag": "O"}]}, {"base_span": [332, 336], "annotations": [{"nertag": "O"}]}, {"base_span": [336, 337], "annotations": [{"nertag": "O"}]}, {"base_span": [338, 341], "annotations": [{"nertag": "O"}]}, {"base_span": [342, 346], "annotations": [{"nertag": "B-PER"}]}, {"base_span": [347, 352], "annotations": [{"nertag": "I-PER"}]}, {"base_span": [353, 357], "annotations": [{"nertag": "O"}]}, {"base_span": [358, 367], "annotations": [{"nertag": "O"}]}, {"base_span": [368, 374], "annotations": [{"nertag": "O"}]}, {"base_span": [374, 375], "annotations": [{"nertag": "O"}]}, {"base_span": [377, 381], "annotations": [{"nertag": "B-PER"}]}, {"base_span": [382, 387], "annotations": [{"nertag": "I-PER"}]}, {"base_span": [388, 393], "annotations": [{"nertag": "O"}]}, {"base_span": [394, 399], "annotations": [{"nertag": "O"}]}, {"base_span": [400, 404], "annotations": [{"nertag": "O"}]}, {"base_span": [405, 407], "annotations": [{"nertag": "O"}]}, {"base_span": [408, 410], "annotations": [{"nertag": "O"}]}, {"base_span": [411, 417], "annotations": [{"nertag": "O"}]}, {"base_span": [418, 422], "annotations": [{"nertag": "O"}]}, {"base_span": [423, 428], "annotations": [{"nertag": "O"}]}, {"base_span": [429, 435], "annotations": [{"nertag": "O"}]}, {"base_span": [435, 436], "annotations": [{"nertag": "O"}]}, {"base_span": [438, 443], "annotations": [{"nertag": "O"}]}, {"base_span": [444, 451], "annotations": [{"nertag": "O"}]}, {"base_span": [452, 455], "annotations": [{"nertag": "O"}]}, {"base_span": [456, 462], "annotations": [{"nertag": "O"}]}, {"base_span": [462, 463], "annotations": [{"nertag": "O"}]}, {"base_span": [465, 469], "annotations": [{"nertag": "B-PER"}]}, {"base_span": [470, 475], "annotations": [{"nertag": "I-PER"}]}, {"base_span": [476, 482], "annotations": [{"nertag": "O"}]}, {"base_span": [483, 486], "annotations": [{"nertag": "O"}]}, {"base_span": [487, 492], "annotations": [{"nertag": "O"}]}, {"base_span": [493, 502], "annotations": [{"nertag": "O"}]}, {"base_span": [503, 507], "annotations": [{"nertag": "O"}]}, {"base_span": [508, 509], "annotations": [{"nertag": "O"}]}, {"base_span": [510, 515], "annotations": [{"nertag": "O"}]}, {"base_span": [516, 521], "annotations": [{"nertag": "O"}]}, {"base_span": [522, 527], "annotations": [{"nertag": "O"}]}, {"base_span": [528, 534], "annotations": [{"nertag": "O"}]}, {"base_span": [534, 535], "annotations": [{"nertag": "O"}]}, {"base_span": [537, 545], "annotations": [{"nertag": "O"}]}, {"base_span": [545, 546], "annotations": [{"nertag": "O"}]}, {"base_span": [547, 553], "annotations": [{"nertag": "B-PER"}]}, {"base_span": [554, 562], "annotations": [{"nertag": "I-PER"}]}, {"base_span": [563, 566], "annotations": [{"nertag": "O"}]}, {"base_span": [568, 577], "annotations": [{"nertag": "O"}]}, {"base_span": [577, 578], "annotations": [{"nertag": "O"}]}, {"base_span": [579, 585], "annotations": [{"nertag": "B-PER"}]}, {"base_span": [586, 593], "annotations": [{"nertag": "I-PER"}]}, {"base_span": [594, 597], "annotations": [{"nertag": "O"}]}, {"base_span": [599, 608], "annotations": [{"nertag": "O"}]}, {"base_span": [609, 615], "annotations": [{"nertag": "O"}]}, {"base_span": [615, 616], "annotations": [{"nertag": "O"}]}, {"base_span": [617, 623], "annotations": [{"nertag": "B-PER"}]}, {"base_span": [624, 630], "annotations": [{"nertag": "I-PER"}]}, {"base_span": [631, 634], "annotations": [{"nertag": "O"}]}, {"base_span": [636, 645], "annotations": [{"nertag": "O"}]}, {"base_span": [645, 646], "annotations": [{"nertag": "O"}]}, {"base_span": [647, 648], "annotations": [{"nertag": "B-PER"}]}, {"base_span": [648, 649], "annotations": [{"nertag": "I-PER"}]}, {"base_span": [649, 657], "annotations": [{"nertag": "I-PER"}]}, {"base_span": [658, 659], "annotations": [{"nertag": "O"}]}, {"base_span": [659, 666], "annotations": [{"nertag": "O"}]}, {"base_span": [666, 667], "annotations": [{"nertag": "O"}]}]}]}