{"text": "\nProtucoll № 8 sel 4. Juuli kuupääwal 1888\n\nKoos ollid kohtu peawannem: Peeter Sommberg,\n\nkõrwamehed: Mart Limberg\n\nja Jakup Weber.\n\n5.\n\nTallitaja T. Wiedemann andis kohtu ülles, et Jaan Prussak on temmale tunnistand, et Kustas Luttrusel peab 5-7 wask wiina köögi toru ollema, mis 1-2 jalga pitkad on ja weel üks suur wask kraan, muist asju peab Reinul Hans Linkbergi juures ollema. Temma läinud Kustas Lutruse juure otsima ja leidnud ühe wask kraani; aga torusid ei olle leidnud. Tulnud siis Hans Linkbergi juure ja leidnud sealt ühe jämeda wask toru mis 1 arsch. pik olnud ja tük ollema hiljuti otsast ärra raiutud. Rohkem tema ei olle leidnud. Selle toru üttelnud Linkberg Kustas Luteruse omaduse ollewad.\n\nKustas Luttrus tunnistas, et temma ollema selle wask kraani wiina köögi kraawist wõtnu ja selle wask toru ostnud tema Jaan Piilmanni käest ½ toobi wiina ja 25 kop. eest, paea lapi tarwis.\n\nJaan Prussak tunnistas, et neid torusid olnud K. Luttrusel weel 5-6 tüki 1-1½ jalla pikusi, mis keik Wäetsa mõisa omadus on; aga Luttrus on naad kõrwale pannud.\n\nTallitaja T. Wiedemann ütles selle kraani ja toru mõisa wallitsuse kätte wiinud ja mõisa wallitsus tunnistand omaks.\n\nEt se warguse assi suurem on, kui kog. kohus seda mõista wõib jäb ülle kuulaminne suurema kohtu alla.\n\nKohtu peawannem:  Peeter Somberg XXX   \n\nkõrwam.  M. Limberg XXX   \n\nja   J. Weber XXX\n\n\n", "meta": {"origin_directory": "vallakohus_neljas/"}, "layers": [{"name": "gold_ner", "attributes": ["nertag"], "parent": null, "enveloping": null, "ambiguous": false, "serialisation_module": null, "meta": {}, "spans": [{"base_span": [72, 87], "annotations": [{"nertag": "PER"}]}, {"base_span": [102, 114], "annotations": [{"nertag": "PER"}]}, {"base_span": [119, 130], "annotations": [{"nertag": "PER"}]}, {"base_span": [147, 159], "annotations": [{"nertag": "PER"}]}, {"base_span": [182, 194], "annotations": [{"nertag": "PER"}]}, {"base_span": [221, 237], "annotations": [{"nertag": "PER"}]}, {"base_span": [346, 352], "annotations": [{"nertag": "LOC_ORG"}]}, {"base_span": [353, 367], "annotations": [{"nertag": "PER"}]}, {"base_span": [396, 410], "annotations": [{"nertag": "PER"}]}, {"base_span": [493, 507], "annotations": [{"nertag": "PER"}]}, {"base_span": [667, 675], "annotations": [{"nertag": "PER"}]}, {"base_span": [676, 691], "annotations": [{"nertag": "PER"}]}, {"base_span": [710, 724], "annotations": [{"nertag": "PER"}]}, {"base_span": [828, 842], "annotations": [{"nertag": "PER"}]}, {"base_span": [899, 911], "annotations": [{"nertag": "PER"}]}, {"base_span": [945, 957], "annotations": [{"nertag": "PER"}]}, {"base_span": [1000, 1012], "annotations": [{"nertag": "LOC_ORG"}]}, {"base_span": [1028, 1035], "annotations": [{"nertag": "PER"}]}, {"base_span": [1071, 1083], "annotations": [{"nertag": "PER"}]}, {"base_span": [1300, 1314], "annotations": [{"nertag": "PER"}]}, {"base_span": [1332, 1342], "annotations": [{"nertag": "PER"}]}, {"base_span": [1356, 1364], "annotations": [{"nertag": "PER"}]}]}, {"name": "gold_wordner", "attributes": ["nertag"], "parent": null, "enveloping": null, "ambiguous": false, "serialisation_module": null, "meta": {}, "spans": [{"base_span": [1, 10], "annotations": [{"nertag": "O"}]}, {"base_span": [11, 12], "annotations": [{"nertag": "O"}]}, {"base_span": [13, 14], "annotations": [{"nertag": "O"}]}, {"base_span": [15, 18], "annotations": [{"nertag": "O"}]}, {"base_span": [19, 21], "annotations": [{"nertag": "O"}]}, {"base_span": [22, 27], "annotations": [{"nertag": "O"}]}, {"base_span": [28, 37], "annotations": [{"nertag": "O"}]}, {"base_span": [38, 42], "annotations": [{"nertag": "O"}]}, {"base_span": [44, 48], "annotations": [{"nertag": "O"}]}, {"base_span": [49, 54], "annotations": [{"nertag": "O"}]}, {"base_span": [55, 60], "annotations": [{"nertag": "O"}]}, {"base_span": [61, 70], "annotations": [{"nertag": "O"}]}, {"base_span": [70, 71], "annotations": [{"nertag": "O"}]}, {"base_span": [72, 78], "annotations": [{"nertag": "B-PER"}]}, {"base_span": [79, 87], "annotations": [{"nertag": "I-PER"}]}, {"base_span": [87, 88], "annotations": [{"nertag": "O"}]}, {"base_span": [90, 100], "annotations": [{"nertag": "O"}]}, {"base_span": [100, 101], "annotations": [{"nertag": "O"}]}, {"base_span": [102, 106], "annotations": [{"nertag": "B-PER"}]}, {"base_span": [107, 114], "annotations": [{"nertag": "I-PER"}]}, {"base_span": [116, 118], "annotations": [{"nertag": "O"}]}, {"base_span": [119, 124], "annotations": [{"nertag": "B-PER"}]}, {"base_span": [125, 130], "annotations": [{"nertag": "I-PER"}]}, {"base_span": [130, 131], "annotations": [{"nertag": "O"}]}, {"base_span": [133, 135], "annotations": [{"nertag": "O"}]}, {"base_span": [137, 146], "annotations": [{"nertag": "O"}]}, {"base_span": [147, 148], "annotations": [{"nertag": "B-PER"}]}, {"base_span": [148, 149], "annotations": [{"nertag": "I-PER"}]}, {"base_span": [150, 159], "annotations": [{"nertag": "I-PER"}]}, {"base_span": [160, 165], "annotations": [{"nertag": "O"}]}, {"base_span": [166, 171], "annotations": [{"nertag": "O"}]}, {"base_span": [172, 177], "annotations": [{"nertag": "O"}]}, {"base_span": [177, 178], "annotations": [{"nertag": "O"}]}, {"base_span": [179, 181], "annotations": [{"nertag": "O"}]}, {"base_span": [182, 186], "annotations": [{"nertag": "B-PER"}]}, {"base_span": [187, 194], "annotations": [{"nertag": "I-PER"}]}, {"base_span": [195, 197], "annotations": [{"nertag": "O"}]}, {"base_span": [198, 205], "annotations": [{"nertag": "O"}]}, {"base_span": [206, 216], "annotations": [{"nertag": "O"}]}, {"base_span": [216, 217], "annotations": [{"nertag": "O"}]}, {"base_span": [218, 220], "annotations": [{"nertag": "O"}]}, {"base_span": [221, 227], "annotations": [{"nertag": "B-PER"}]}, {"base_span": [228, 237], "annotations": [{"nertag": "I-PER"}]}, {"base_span": [238, 242], "annotations": [{"nertag": "O"}]}, {"base_span": [243, 244], "annotations": [{"nertag": "O"}]}, {"base_span": [244, 245], "annotations": [{"nertag": "O"}]}, {"base_span": [245, 246], "annotations": [{"nertag": "O"}]}, {"base_span": [247, 251], "annotations": [{"nertag": "O"}]}, {"base_span": [252, 257], "annotations": [{"nertag": "O"}]}, {"base_span": [258, 263], "annotations": [{"nertag": "O"}]}, {"base_span": [264, 268], "annotations": [{"nertag": "O"}]}, {"base_span": [269, 275], "annotations": [{"nertag": "O"}]}, {"base_span": [275, 276], "annotations": [{"nertag": "O"}]}, {"base_span": [277, 280], "annotations": [{"nertag": "O"}]}, {"base_span": [281, 282], "annotations": [{"nertag": "O"}]}, {"base_span": [282, 283], "annotations": [{"nertag": "O"}]}, {"base_span": [283, 284], "annotations": [{"nertag": "O"}]}, {"base_span": [285, 290], "annotations": [{"nertag": "O"}]}, {"base_span": [291, 297], "annotations": [{"nertag": "O"}]}, {"base_span": [298, 300], "annotations": [{"nertag": "O"}]}, {"base_span": [301, 303], "annotations": [{"nertag": "O"}]}, {"base_span": [304, 308], "annotations": [{"nertag": "O"}]}, {"base_span": [309, 312], "annotations": [{"nertag": "O"}]}, {"base_span": [313, 317], "annotations": [{"nertag": "O"}]}, {"base_span": [318, 322], "annotations": [{"nertag": "O"}]}, {"base_span": [323, 328], "annotations": [{"nertag": "O"}]}, {"base_span": [328, 329], "annotations": [{"nertag": "O"}]}, {"base_span": [330, 335], "annotations": [{"nertag": "O"}]}, {"base_span": [336, 340], "annotations": [{"nertag": "O"}]}, {"base_span": [341, 345], "annotations": [{"nertag": "O"}]}, {"base_span": [346, 352], "annotations": [{"nertag": "B-LOC_ORG"}]}, {"base_span": [353, 357], "annotations": [{"nertag": "B-PER"}]}, {"base_span": [358, 367], "annotations": [{"nertag": "I-PER"}]}, {"base_span": [368, 374], "annotations": [{"nertag": "O"}]}, {"base_span": [375, 381], "annotations": [{"nertag": "O"}]}, {"base_span": [381, 382], "annotations": [{"nertag": "O"}]}, {"base_span": [383, 388], "annotations": [{"nertag": "O"}]}, {"base_span": [389, 395], "annotations": [{"nertag": "O"}]}, {"base_span": [396, 402], "annotations": [{"nertag": "B-PER"}]}, {"base_span": [403, 410], "annotations": [{"nertag": "I-PER"}]}, {"base_span": [411, 416], "annotations": [{"nertag": "O"}]}, {"base_span": [417, 423], "annotations": [{"nertag": "O"}]}, {"base_span": [424, 426], "annotations": [{"nertag": "O"}]}, {"base_span": [427, 434], "annotations": [{"nertag": "O"}]}, {"base_span": [435, 438], "annotations": [{"nertag": "O"}]}, {"base_span": [439, 443], "annotations": [{"nertag": "O"}]}, {"base_span": [444, 450], "annotations": [{"nertag": "O"}]}, {"base_span": [450, 451], "annotations": [{"nertag": "O"}]}, {"base_span": [452, 455], "annotations": [{"nertag": "O"}]}, {"base_span": [456, 463], "annotations": [{"nertag": "O"}]}, {"base_span": [464, 466], "annotations": [{"nertag": "O"}]}, {"base_span": [467, 471], "annotations": [{"nertag": "O"}]}, {"base_span": [472, 479], "annotations": [{"nertag": "O"}]}, {"base_span": [479, 480], "annotations": [{"nertag": "O"}]}, {"base_span": [481, 487], "annotations": [{"nertag": "O"}]}, {"base_span": [488, 492], "annotations": [{"nertag": "O"}]}, {"base_span": [493, 497], "annotations": [{"nertag": "B-PER"}]}, {"base_span": [498, 507], "annotations": [{"nertag": "I-PER"}]}, {"base_span": [508, 513], "annotations": [{"nertag": "O"}]}, {"base_span": [514, 516], "annotations": [{"nertag": "O"}]}, {"base_span": [517, 524], "annotations": [{"nertag": "O"}]}, {"base_span": [525, 530], "annotations": [{"nertag": "O"}]}, {"base_span": [531, 534], "annotations": [{"nertag": "O"}]}, {"base_span": [535, 541], "annotations": [{"nertag": "O"}]}, {"base_span": [542, 546], "annotations": [{"nertag": "O"}]}, {"base_span": [547, 551], "annotations": [{"nertag": "O"}]}, {"base_span": [552, 555], "annotations": [{"nertag": "O"}]}, {"base_span": [556, 557], "annotations": [{"nertag": "O"}]}, {"base_span": [558, 563], "annotations": [{"nertag": "O"}]}, {"base_span": [563, 564], "annotations": [{"nertag": "O"}]}, {"base_span": [565, 568], "annotations": [{"nertag": "O"}]}, {"base_span": [569, 574], "annotations": [{"nertag": "O"}]}, {"base_span": [575, 577], "annotations": [{"nertag": "O"}]}, {"base_span": [578, 581], "annotations": [{"nertag": "O"}]}, {"base_span": [582, 588], "annotations": [{"nertag": "O"}]}, {"base_span": [589, 596], "annotations": [{"nertag": "O"}]}, {"base_span": [597, 603], "annotations": [{"nertag": "O"}]}, {"base_span": [604, 608], "annotations": [{"nertag": "O"}]}, {"base_span": [609, 616], "annotations": [{"nertag": "O"}]}, {"base_span": [616, 617], "annotations": [{"nertag": "O"}]}, {"base_span": [618, 624], "annotations": [{"nertag": "O"}]}, {"base_span": [625, 629], "annotations": [{"nertag": "O"}]}, {"base_span": [630, 632], "annotations": [{"nertag": "O"}]}, {"base_span": [633, 637], "annotations": [{"nertag": "O"}]}, {"base_span": [638, 645], "annotations": [{"nertag": "O"}]}, {"base_span": [645, 646], "annotations": [{"nertag": "O"}]}, {"base_span": [647, 652], "annotations": [{"nertag": "O"}]}, {"base_span": [653, 657], "annotations": [{"nertag": "O"}]}, {"base_span": [658, 666], "annotations": [{"nertag": "O"}]}, {"base_span": [667, 675], "annotations": [{"nertag": "B-PER"}]}, {"base_span": [676, 682], "annotations": [{"nertag": "B-PER"}]}, {"base_span": [683, 691], "annotations": [{"nertag": "I-PER"}]}, {"base_span": [692, 699], "annotations": [{"nertag": "O"}]}, {"base_span": [700, 707], "annotations": [{"nertag": "O"}]}, {"base_span": [707, 708], "annotations": [{"nertag": "O"}]}, {"base_span": [710, 716], "annotations": [{"nertag": "B-PER"}]}, {"base_span": [717, 724], "annotations": [{"nertag": "I-PER"}]}, {"base_span": [725, 734], "annotations": [{"nertag": "O"}]}, {"base_span": [734, 735], "annotations": [{"nertag": "O"}]}, {"base_span": [736, 738], "annotations": [{"nertag": "O"}]}, {"base_span": [739, 744], "annotations": [{"nertag": "O"}]}, {"base_span": [745, 751], "annotations": [{"nertag": "O"}]}, {"base_span": [752, 757], "annotations": [{"nertag": "O"}]}, {"base_span": [758, 762], "annotations": [{"nertag": "O"}]}, {"base_span": [763, 769], "annotations": [{"nertag": "O"}]}, {"base_span": [770, 775], "annotations": [{"nertag": "O"}]}, {"base_span": [776, 781], "annotations": [{"nertag": "O"}]}, {"base_span": [782, 790], "annotations": [{"nertag": "O"}]}, {"base_span": [791, 796], "annotations": [{"nertag": "O"}]}, {"base_span": [797, 799], "annotations": [{"nertag": "O"}]}, {"base_span": [800, 805], "annotations": [{"nertag": "O"}]}, {"base_span": [806, 810], "annotations": [{"nertag": "O"}]}, {"base_span": [811, 815], "annotations": [{"nertag": "O"}]}, {"base_span": [816, 822], "annotations": [{"nertag": "O"}]}, {"base_span": [823, 827], "annotations": [{"nertag": "O"}]}, {"base_span": [828, 832], "annotations": [{"nertag": "B-PER"}]}, {"base_span": [833, 842], "annotations": [{"nertag": "I-PER"}]}, {"base_span": [843, 848], "annotations": [{"nertag": "O"}]}, {"base_span": [849, 850], "annotations": [{"nertag": "O"}]}, {"base_span": [851, 856], "annotations": [{"nertag": "O"}]}, {"base_span": [857, 862], "annotations": [{"nertag": "O"}]}, {"base_span": [863, 865], "annotations": [{"nertag": "O"}]}, {"base_span": [866, 868], "annotations": [{"nertag": "O"}]}, {"base_span": [869, 872], "annotations": [{"nertag": "O"}]}, {"base_span": [872, 873], "annotations": [{"nertag": "O"}]}, {"base_span": [874, 878], "annotations": [{"nertag": "O"}]}, {"base_span": [878, 879], "annotations": [{"nertag": "O"}]}, {"base_span": [880, 884], "annotations": [{"nertag": "O"}]}, {"base_span": [885, 889], "annotations": [{"nertag": "O"}]}, {"base_span": [890, 896], "annotations": [{"nertag": "O"}]}, {"base_span": [896, 897], "annotations": [{"nertag": "O"}]}, {"base_span": [899, 903], "annotations": [{"nertag": "B-PER"}]}, {"base_span": [904, 911], "annotations": [{"nertag": "I-PER"}]}, {"base_span": [912, 921], "annotations": [{"nertag": "O"}]}, {"base_span": [921, 922], "annotations": [{"nertag": "O"}]}, {"base_span": [923, 925], "annotations": [{"nertag": "O"}]}, {"base_span": [926, 930], "annotations": [{"nertag": "O"}]}, {"base_span": [931, 938], "annotations": [{"nertag": "O"}]}, {"base_span": [939, 944], "annotations": [{"nertag": "O"}]}, {"base_span": [945, 946], "annotations": [{"nertag": "B-PER"}]}, {"base_span": [946, 947], "annotations": [{"nertag": "I-PER"}]}, {"base_span": [948, 957], "annotations": [{"nertag": "I-PER"}]}, {"base_span": [958, 962], "annotations": [{"nertag": "O"}]}, {"base_span": [963, 964], "annotations": [{"nertag": "O"}]}, {"base_span": [964, 965], "annotations": [{"nertag": "O"}]}, {"base_span": [965, 966], "annotations": [{"nertag": "O"}]}, {"base_span": [967, 971], "annotations": [{"nertag": "O"}]}, {"base_span": [972, 973], "annotations": [{"nertag": "O"}]}, {"base_span": [973, 974], "annotations": [{"nertag": "O"}]}, {"base_span": [974, 976], "annotations": [{"nertag": "O"}]}, {"base_span": [977, 982], "annotations": [{"nertag": "O"}]}, {"base_span": [983, 989], "annotations": [{"nertag": "O"}]}, {"base_span": [989, 990], "annotations": [{"nertag": "O"}]}, {"base_span": [991, 994], "annotations": [{"nertag": "O"}]}, {"base_span": [995, 999], "annotations": [{"nertag": "O"}]}, {"base_span": [1000, 1006], "annotations": [{"nertag": "B-LOC_ORG"}]}, {"base_span": [1007, 1012], "annotations": [{"nertag": "I-LOC_ORG"}]}, {"base_span": [1013, 1019], "annotations": [{"nertag": "O"}]}, {"base_span": [1020, 1022], "annotations": [{"nertag": "O"}]}, {"base_span": [1022, 1023], "annotations": [{"nertag": "O"}]}, {"base_span": [1024, 1027], "annotations": [{"nertag": "O"}]}, {"base_span": [1028, 1035], "annotations": [{"nertag": "B-PER"}]}, {"base_span": [1036, 1038], "annotations": [{"nertag": "O"}]}, {"base_span": [1039, 1043], "annotations": [{"nertag": "O"}]}, {"base_span": [1044, 1051], "annotations": [{"nertag": "O"}]}, {"base_span": [1052, 1058], "annotations": [{"nertag": "O"}]}, {"base_span": [1058, 1059], "annotations": [{"nertag": "O"}]}, {"base_span": [1061, 1070], "annotations": [{"nertag": "O"}]}, {"base_span": [1071, 1072], "annotations": [{"nertag": "B-PER"}]}, {"base_span": [1072, 1073], "annotations": [{"nertag": "I-PER"}]}, {"base_span": [1074, 1083], "annotations": [{"nertag": "I-PER"}]}, {"base_span": [1084, 1089], "annotations": [{"nertag": "O"}]}, {"base_span": [1090, 1095], "annotations": [{"nertag": "O"}]}, {"base_span": [1096, 1102], "annotations": [{"nertag": "O"}]}, {"base_span": [1103, 1105], "annotations": [{"nertag": "O"}]}, {"base_span": [1106, 1110], "annotations": [{"nertag": "O"}]}, {"base_span": [1111, 1116], "annotations": [{"nertag": "O"}]}, {"base_span": [1117, 1127], "annotations": [{"nertag": "O"}]}, {"base_span": [1128, 1133], "annotations": [{"nertag": "O"}]}, {"base_span": [1134, 1140], "annotations": [{"nertag": "O"}]}, {"base_span": [1141, 1143], "annotations": [{"nertag": "O"}]}, {"base_span": [1144, 1149], "annotations": [{"nertag": "O"}]}, {"base_span": [1150, 1159], "annotations": [{"nertag": "O"}]}, {"base_span": [1160, 1170], "annotations": [{"nertag": "O"}]}, {"base_span": [1171, 1176], "annotations": [{"nertag": "O"}]}, {"base_span": [1176, 1177], "annotations": [{"nertag": "O"}]}, {"base_span": [1179, 1181], "annotations": [{"nertag": "O"}]}, {"base_span": [1182, 1184], "annotations": [{"nertag": "O"}]}, {"base_span": [1185, 1192], "annotations": [{"nertag": "O"}]}, {"base_span": [1193, 1197], "annotations": [{"nertag": "O"}]}, {"base_span": [1198, 1204], "annotations": [{"nertag": "O"}]}, {"base_span": [1205, 1207], "annotations": [{"nertag": "O"}]}, {"base_span": [1207, 1208], "annotations": [{"nertag": "O"}]}, {"base_span": [1209, 1212], "annotations": [{"nertag": "O"}]}, {"base_span": [1213, 1216], "annotations": [{"nertag": "O"}]}, {"base_span": [1216, 1217], "annotations": [{"nertag": "O"}]}, {"base_span": [1218, 1223], "annotations": [{"nertag": "O"}]}, {"base_span": [1224, 1228], "annotations": [{"nertag": "O"}]}, {"base_span": [1229, 1235], "annotations": [{"nertag": "O"}]}, {"base_span": [1236, 1240], "annotations": [{"nertag": "O"}]}, {"base_span": [1241, 1244], "annotations": [{"nertag": "O"}]}, {"base_span": [1245, 1249], "annotations": [{"nertag": "O"}]}, {"base_span": [1250, 1260], "annotations": [{"nertag": "O"}]}, {"base_span": [1261, 1268], "annotations": [{"nertag": "O"}]}, {"base_span": [1269, 1274], "annotations": [{"nertag": "O"}]}, {"base_span": [1275, 1279], "annotations": [{"nertag": "O"}]}, {"base_span": [1279, 1280], "annotations": [{"nertag": "O"}]}, {"base_span": [1282, 1287], "annotations": [{"nertag": "O"}]}, {"base_span": [1288, 1297], "annotations": [{"nertag": "O"}]}, {"base_span": [1297, 1298], "annotations": [{"nertag": "O"}]}, {"base_span": [1300, 1306], "annotations": [{"nertag": "B-PER"}]}, {"base_span": [1307, 1314], "annotations": [{"nertag": "I-PER"}]}, {"base_span": [1315, 1318], "annotations": [{"nertag": "O"}]}, {"base_span": [1323, 1329], "annotations": [{"nertag": "O"}]}, {"base_span": [1329, 1330], "annotations": [{"nertag": "O"}]}, {"base_span": [1332, 1333], "annotations": [{"nertag": "B-PER"}]}, {"base_span": [1333, 1334], "annotations": [{"nertag": "I-PER"}]}, {"base_span": [1335, 1342], "annotations": [{"nertag": "I-PER"}]}, {"base_span": [1343, 1346], "annotations": [{"nertag": "O"}]}, {"base_span": [1351, 1353], "annotations": [{"nertag": "O"}]}, {"base_span": [1356, 1357], "annotations": [{"nertag": "B-PER"}]}, {"base_span": [1357, 1358], "annotations": [{"nertag": "I-PER"}]}, {"base_span": [1359, 1364], "annotations": [{"nertag": "I-PER"}]}, {"base_span": [1365, 1368], "annotations": [{"nertag": "O"}]}]}]}