{"text": "\nMõisa wallitseja Jakob Meibaum kaebab et, Karel Wärblane on tedda Herra wasto teotanud ja Herra tunnistab et, Karel on temmale räkind et, Wallitseja on talwel öse (kello 10 aial) wina keldris Udekülla körtsmikkuga olnud agga Karel ei olle isse näinud Jürri Sirrel on temmale räkind et, temma on Wallitseja jure keldri läinud ja wallitseja on temmale 5 Rubla maksnud kui sedda asja ühhelegi ei räki. Nüüd sai Jürri kohto ette kutsutud Jürri tunnistab et, temma on Öse kello 10ne aial Wina kögist tulnud Piritust tomast, kasi tarwis tulles on näind et, Wina keldris tulli paistnud selle peale läind watama mis tulli piddand ollem aja kui keldris olnd siis näind et, wallitseja ühhe ranna mehhega seal olnud kui wallitseja Jürrit, näind hakkand kohhe taplema ja küssind kas siin kärts on et, sinna sisse tulled.\n\nPärrast sedda 4 näddalid on nemmad tüllisse sanud siis ähwardas Jürri sedda Herrale räkida/kaebada mis tema keldres näind et, ösi wina ärra wedakse (siis on Wallitseja Jürrit, pallund ja lubband temmale pühhadeks hea kink anda agga sedda lubbamist mitte piddand. Surel-Ristipäwal on nemmad Jani kirrikus olnud siis on Jürri küssind ja Wallitseja lubband 20 Rubla anda kui sedda jutto Walla kohtus walleks teeb, agga wallitseja ütleb et temma ei olle Jürrit, muul aial näind kui kewwade enne Jürri päwa.\n\nKohhus moistis et, Jürri Sirrel saab 20 witsahopi selle tühja jutto eest, ja Karel Wärblane saab 15 witsa hopi selle eest et, temma tühja kõrtsi rarri läks Herrale räkima kelle ülle õiged tunnistust, ei olle. Jürri jooksis ilma kohto lubbata ärra ja ei saand sedda Strahwi. Ja Karel hakkas wasto ja ütles minna ei lasse ennast, peksta kas kubjas on minno peksja ja wimaks laskis mahha ja sai 15 hopi - kui maast ülles tõusis siis hakkas kurja wanduma ja Herra lükkas tedda wasto ölla siis hakkas weel ennam suust wälja aiama nüüd sai se eest et ni rop olli kinni pandud 24 tunniks.\n\nKohtowan. Jaan Töns +++\n\nKorwamehh Hindrek Pessa +++\n\nJaak Kassekamp +++\n\n\n", "meta": {"origin_directory": "vallakohus_neljas/"}, "layers": [{"name": "gold_ner", "attributes": ["nertag"], "parent": null, "enveloping": null, "ambiguous": false, "serialisation_module": null, "meta": {}, "spans": [{"base_span": [18, 31], "annotations": [{"nertag": "PER"}]}, {"base_span": [43, 57], "annotations": [{"nertag": "PER"}]}, {"base_span": [111, 116], "annotations": [{"nertag": "PER"}]}, {"base_span": [193, 201], "annotations": [{"nertag": "LOC"}]}, {"base_span": [226, 231], "annotations": [{"nertag": "PER"}]}, {"base_span": [252, 264], "annotations": [{"nertag": "PER"}]}, {"base_span": [409, 414], "annotations": [{"nertag": "PER"}]}, {"base_span": [435, 440], "annotations": [{"nertag": "PER"}]}, {"base_span": [721, 727], "annotations": [{"nertag": "PER"}]}, {"base_span": [875, 880], "annotations": [{"nertag": "PER"}]}, {"base_span": [979, 985], "annotations": [{"nertag": "PER"}]}, {"base_span": [1101, 1114], "annotations": [{"nertag": "LOC_ORG"}]}, {"base_span": [1129, 1134], "annotations": [{"nertag": "PER"}]}, {"base_span": [1261, 1267], "annotations": [{"nertag": "PER"}]}, {"base_span": [1334, 1346], "annotations": [{"nertag": "PER"}]}, {"base_span": [1392, 1406], "annotations": [{"nertag": "PER"}]}, {"base_span": [1524, 1529], "annotations": [{"nertag": "PER"}]}, {"base_span": [1592, 1597], "annotations": [{"nertag": "PER"}]}, {"base_span": [1908, 1917], "annotations": [{"nertag": "PER"}]}, {"base_span": [1933, 1946], "annotations": [{"nertag": "PER"}]}, {"base_span": [1952, 1966], "annotations": [{"nertag": "PER"}]}]}, {"name": "gold_wordner", "attributes": ["nertag"], "parent": null, "enveloping": null, "ambiguous": false, "serialisation_module": null, "meta": {}, "spans": [{"base_span": [1, 6], "annotations": [{"nertag": "O"}]}, {"base_span": [7, 17], "annotations": [{"nertag": "O"}]}, {"base_span": [18, 23], "annotations": [{"nertag": "B-PER"}]}, {"base_span": [24, 31], "annotations": [{"nertag": "I-PER"}]}, {"base_span": [32, 38], "annotations": [{"nertag": "O"}]}, {"base_span": [39, 41], "annotations": [{"nertag": "O"}]}, {"base_span": [41, 42], "annotations": [{"nertag": "O"}]}, {"base_span": [43, 48], "annotations": [{"nertag": "B-PER"}]}, {"base_span": [49, 57], "annotations": [{"nertag": "I-PER"}]}, {"base_span": [58, 60], "annotations": [{"nertag": "O"}]}, {"base_span": [61, 66], "annotations": [{"nertag": "O"}]}, {"base_span": [67, 72], "annotations": [{"nertag": "O"}]}, {"base_span": [73, 78], "annotations": [{"nertag": "O"}]}, {"base_span": [79, 87], "annotations": [{"nertag": "O"}]}, {"base_span": [88, 90], "annotations": [{"nertag": "O"}]}, {"base_span": [91, 96], "annotations": [{"nertag": "O"}]}, {"base_span": [97, 106], "annotations": [{"nertag": "O"}]}, {"base_span": [107, 109], "annotations": [{"nertag": "O"}]}, {"base_span": [109, 110], "annotations": [{"nertag": "O"}]}, {"base_span": [111, 116], "annotations": [{"nertag": "B-PER"}]}, {"base_span": [117, 119], "annotations": [{"nertag": "O"}]}, {"base_span": [120, 127], "annotations": [{"nertag": "O"}]}, {"base_span": [128, 134], "annotations": [{"nertag": "O"}]}, {"base_span": [135, 137], "annotations": [{"nertag": "O"}]}, {"base_span": [137, 138], "annotations": [{"nertag": "O"}]}, {"base_span": [139, 149], "annotations": [{"nertag": "O"}]}, {"base_span": [150, 152], "annotations": [{"nertag": "O"}]}, {"base_span": [153, 159], "annotations": [{"nertag": "O"}]}, {"base_span": [160, 163], "annotations": [{"nertag": "O"}]}, {"base_span": [164, 165], "annotations": [{"nertag": "O"}]}, {"base_span": [165, 170], "annotations": [{"nertag": "O"}]}, {"base_span": [171, 173], "annotations": [{"nertag": "O"}]}, {"base_span": [174, 178], "annotations": [{"nertag": "O"}]}, {"base_span": [178, 179], "annotations": [{"nertag": "O"}]}, {"base_span": [180, 184], "annotations": [{"nertag": "O"}]}, {"base_span": [185, 192], "annotations": [{"nertag": "O"}]}, {"base_span": [193, 201], "annotations": [{"nertag": "B-LOC"}]}, {"base_span": [202, 214], "annotations": [{"nertag": "O"}]}, {"base_span": [215, 220], "annotations": [{"nertag": "O"}]}, {"base_span": [221, 225], "annotations": [{"nertag": "O"}]}, {"base_span": [226, 231], "annotations": [{"nertag": "B-PER"}]}, {"base_span": [232, 234], "annotations": [{"nertag": "O"}]}, {"base_span": [235, 239], "annotations": [{"nertag": "O"}]}, {"base_span": [240, 244], "annotations": [{"nertag": "O"}]}, {"base_span": [245, 251], "annotations": [{"nertag": "O"}]}, {"base_span": [252, 257], "annotations": [{"nertag": "B-PER"}]}, {"base_span": [258, 264], "annotations": [{"nertag": "I-PER"}]}, {"base_span": [265, 267], "annotations": [{"nertag": "O"}]}, {"base_span": [268, 275], "annotations": [{"nertag": "O"}]}, {"base_span": [276, 282], "annotations": [{"nertag": "O"}]}, {"base_span": [283, 285], "annotations": [{"nertag": "O"}]}, {"base_span": [285, 286], "annotations": [{"nertag": "O"}]}, {"base_span": [287, 292], "annotations": [{"nertag": "O"}]}, {"base_span": [293, 295], "annotations": [{"nertag": "O"}]}, {"base_span": [296, 306], "annotations": [{"nertag": "O"}]}, {"base_span": [307, 311], "annotations": [{"nertag": "O"}]}, {"base_span": [312, 318], "annotations": [{"nertag": "O"}]}, {"base_span": [319, 325], "annotations": [{"nertag": "O"}]}, {"base_span": [326, 328], "annotations": [{"nertag": "O"}]}, {"base_span": [329, 339], "annotations": [{"nertag": "O"}]}, {"base_span": [340, 342], "annotations": [{"nertag": "O"}]}, {"base_span": [343, 350], "annotations": [{"nertag": "O"}]}, {"base_span": [351, 352], "annotations": [{"nertag": "O"}]}, {"base_span": [353, 358], "annotations": [{"nertag": "O"}]}, {"base_span": [359, 366], "annotations": [{"nertag": "O"}]}, {"base_span": [367, 370], "annotations": [{"nertag": "O"}]}, {"base_span": [371, 376], "annotations": [{"nertag": "O"}]}, {"base_span": [377, 381], "annotations": [{"nertag": "O"}]}, {"base_span": [382, 390], "annotations": [{"nertag": "O"}]}, {"base_span": [391, 393], "annotations": [{"nertag": "O"}]}, {"base_span": [394, 398], "annotations": [{"nertag": "O"}]}, {"base_span": [398, 399], "annotations": [{"nertag": "O"}]}, {"base_span": [400, 404], "annotations": [{"nertag": "O"}]}, {"base_span": [405, 408], "annotations": [{"nertag": "O"}]}, {"base_span": [409, 414], "annotations": [{"nertag": "B-PER"}]}, {"base_span": [415, 420], "annotations": [{"nertag": "O"}]}, {"base_span": [421, 425], "annotations": [{"nertag": "O"}]}, {"base_span": [426, 434], "annotations": [{"nertag": "O"}]}, {"base_span": [435, 440], "annotations": [{"nertag": "B-PER"}]}, {"base_span": [441, 450], "annotations": [{"nertag": "O"}]}, {"base_span": [451, 453], "annotations": [{"nertag": "O"}]}, {"base_span": [453, 454], "annotations": [{"nertag": "O"}]}, {"base_span": [455, 460], "annotations": [{"nertag": "O"}]}, {"base_span": [461, 463], "annotations": [{"nertag": "O"}]}, {"base_span": [464, 467], "annotations": [{"nertag": "O"}]}, {"base_span": [468, 473], "annotations": [{"nertag": "O"}]}, {"base_span": [474, 478], "annotations": [{"nertag": "O"}]}, {"base_span": [479, 483], "annotations": [{"nertag": "O"}]}, {"base_span": [484, 488], "annotations": [{"nertag": "O"}]}, {"base_span": [489, 495], "annotations": [{"nertag": "O"}]}, {"base_span": [496, 502], "annotations": [{"nertag": "O"}]}, {"base_span": [503, 511], "annotations": [{"nertag": "O"}]}, {"base_span": [512, 518], "annotations": [{"nertag": "O"}]}, {"base_span": [518, 519], "annotations": [{"nertag": "O"}]}, {"base_span": [520, 524], "annotations": [{"nertag": "O"}]}, {"base_span": [525, 531], "annotations": [{"nertag": "O"}]}, {"base_span": [532, 538], "annotations": [{"nertag": "O"}]}, {"base_span": [539, 541], "annotations": [{"nertag": "O"}]}, {"base_span": [542, 547], "annotations": [{"nertag": "O"}]}, {"base_span": [548, 550], "annotations": [{"nertag": "O"}]}, {"base_span": [550, 551], "annotations": [{"nertag": "O"}]}, {"base_span": [552, 556], "annotations": [{"nertag": "O"}]}, {"base_span": [557, 564], "annotations": [{"nertag": "O"}]}, {"base_span": [565, 570], "annotations": [{"nertag": "O"}]}, {"base_span": [571, 579], "annotations": [{"nertag": "O"}]}, {"base_span": [580, 585], "annotations": [{"nertag": "O"}]}, {"base_span": [586, 591], "annotations": [{"nertag": "O"}]}, {"base_span": [592, 597], "annotations": [{"nertag": "O"}]}, {"base_span": [598, 604], "annotations": [{"nertag": "O"}]}, {"base_span": [605, 608], "annotations": [{"nertag": "O"}]}, {"base_span": [609, 614], "annotations": [{"nertag": "O"}]}, {"base_span": [615, 622], "annotations": [{"nertag": "O"}]}, {"base_span": [623, 628], "annotations": [{"nertag": "O"}]}, {"base_span": [629, 632], "annotations": [{"nertag": "O"}]}, {"base_span": [633, 636], "annotations": [{"nertag": "O"}]}, {"base_span": [637, 644], "annotations": [{"nertag": "O"}]}, {"base_span": [645, 649], "annotations": [{"nertag": "O"}]}, {"base_span": [650, 654], "annotations": [{"nertag": "O"}]}, {"base_span": [655, 660], "annotations": [{"nertag": "O"}]}, {"base_span": [661, 663], "annotations": [{"nertag": "O"}]}, {"base_span": [663, 664], "annotations": [{"nertag": "O"}]}, {"base_span": [665, 675], "annotations": [{"nertag": "O"}]}, {"base_span": [676, 680], "annotations": [{"nertag": "O"}]}, {"base_span": [681, 686], "annotations": [{"nertag": "O"}]}, {"base_span": [687, 694], "annotations": [{"nertag": "O"}]}, {"base_span": [695, 699], "annotations": [{"nertag": "O"}]}, {"base_span": [700, 705], "annotations": [{"nertag": "O"}]}, {"base_span": [706, 709], "annotations": [{"nertag": "O"}]}, {"base_span": [710, 720], "annotations": [{"nertag": "O"}]}, {"base_span": [721, 727], "annotations": [{"nertag": "B-PER"}]}, {"base_span": [727, 728], "annotations": [{"nertag": "O"}]}, {"base_span": [729, 734], "annotations": [{"nertag": "O"}]}, {"base_span": [735, 742], "annotations": [{"nertag": "O"}]}, {"base_span": [743, 748], "annotations": [{"nertag": "O"}]}, {"base_span": [749, 756], "annotations": [{"nertag": "O"}]}, {"base_span": [757, 759], "annotations": [{"nertag": "O"}]}, {"base_span": [760, 767], "annotations": [{"nertag": "O"}]}, {"base_span": [768, 771], "annotations": [{"nertag": "O"}]}, {"base_span": [772, 776], "annotations": [{"nertag": "O"}]}, {"base_span": [777, 782], "annotations": [{"nertag": "O"}]}, {"base_span": [783, 785], "annotations": [{"nertag": "O"}]}, {"base_span": [786, 788], "annotations": [{"nertag": "O"}]}, {"base_span": [788, 789], "annotations": [{"nertag": "O"}]}, {"base_span": [790, 795], "annotations": [{"nertag": "O"}]}, {"base_span": [796, 801], "annotations": [{"nertag": "O"}]}, {"base_span": [802, 808], "annotations": [{"nertag": "O"}]}, {"base_span": [808, 809], "annotations": [{"nertag": "O"}]}, {"base_span": [811, 818], "annotations": [{"nertag": "O"}]}, {"base_span": [819, 824], "annotations": [{"nertag": "O"}]}, {"base_span": [825, 826], "annotations": [{"nertag": "O"}]}, {"base_span": [827, 835], "annotations": [{"nertag": "O"}]}, {"base_span": [836, 838], "annotations": [{"nertag": "O"}]}, {"base_span": [839, 845], "annotations": [{"nertag": "O"}]}, {"base_span": [846, 854], "annotations": [{"nertag": "O"}]}, {"base_span": [855, 860], "annotations": [{"nertag": "O"}]}, {"base_span": [861, 865], "annotations": [{"nertag": "O"}]}, {"base_span": [866, 874], "annotations": [{"nertag": "O"}]}, {"base_span": [875, 880], "annotations": [{"nertag": "B-PER"}]}, {"base_span": [881, 886], "annotations": [{"nertag": "O"}]}, {"base_span": [887, 894], "annotations": [{"nertag": "O"}]}, {"base_span": [895, 901], "annotations": [{"nertag": "O"}]}, {"base_span": [901, 902], "annotations": [{"nertag": "O"}]}, {"base_span": [902, 909], "annotations": [{"nertag": "O"}]}, {"base_span": [910, 913], "annotations": [{"nertag": "O"}]}, {"base_span": [914, 918], "annotations": [{"nertag": "O"}]}, {"base_span": [919, 926], "annotations": [{"nertag": "O"}]}, {"base_span": [927, 932], "annotations": [{"nertag": "O"}]}, {"base_span": [933, 935], "annotations": [{"nertag": "O"}]}, {"base_span": [935, 936], "annotations": [{"nertag": "O"}]}, {"base_span": [937, 940], "annotations": [{"nertag": "O"}]}, {"base_span": [941, 945], "annotations": [{"nertag": "O"}]}, {"base_span": [946, 950], "annotations": [{"nertag": "O"}]}, {"base_span": [951, 958], "annotations": [{"nertag": "O"}]}, {"base_span": [959, 960], "annotations": [{"nertag": "O"}]}, {"base_span": [960, 964], "annotations": [{"nertag": "O"}]}, {"base_span": [965, 967], "annotations": [{"nertag": "O"}]}, {"base_span": [968, 978], "annotations": [{"nertag": "O"}]}, {"base_span": [979, 985], "annotations": [{"nertag": "B-PER"}]}, {"base_span": [985, 986], "annotations": [{"nertag": "O"}]}, {"base_span": [987, 994], "annotations": [{"nertag": "O"}]}, {"base_span": [995, 997], "annotations": [{"nertag": "O"}]}, {"base_span": [998, 1005], "annotations": [{"nertag": "O"}]}, {"base_span": [1006, 1013], "annotations": [{"nertag": "O"}]}, {"base_span": [1014, 1023], "annotations": [{"nertag": "O"}]}, {"base_span": [1024, 1027], "annotations": [{"nertag": "O"}]}, {"base_span": [1028, 1032], "annotations": [{"nertag": "O"}]}, {"base_span": [1033, 1037], "annotations": [{"nertag": "O"}]}, {"base_span": [1038, 1042], "annotations": [{"nertag": "O"}]}, {"base_span": [1043, 1048], "annotations": [{"nertag": "O"}]}, {"base_span": [1049, 1058], "annotations": [{"nertag": "O"}]}, {"base_span": [1059, 1064], "annotations": [{"nertag": "O"}]}, {"base_span": [1065, 1072], "annotations": [{"nertag": "O"}]}, {"base_span": [1072, 1073], "annotations": [{"nertag": "O"}]}, {"base_span": [1074, 1079], "annotations": [{"nertag": "O"}]}, {"base_span": [1079, 1080], "annotations": [{"nertag": "O"}]}, {"base_span": [1080, 1090], "annotations": [{"nertag": "O"}]}, {"base_span": [1091, 1093], "annotations": [{"nertag": "O"}]}, {"base_span": [1094, 1100], "annotations": [{"nertag": "O"}]}, {"base_span": [1101, 1105], "annotations": [{"nertag": "B-LOC_ORG"}]}, {"base_span": [1106, 1114], "annotations": [{"nertag": "I-LOC_ORG"}]}, {"base_span": [1115, 1120], "annotations": [{"nertag": "O"}]}, {"base_span": [1121, 1125], "annotations": [{"nertag": "O"}]}, {"base_span": [1126, 1128], "annotations": [{"nertag": "O"}]}, {"base_span": [1129, 1134], "annotations": [{"nertag": "B-PER"}]}, {"base_span": [1135, 1142], "annotations": [{"nertag": "O"}]}, {"base_span": [1143, 1145], "annotations": [{"nertag": "O"}]}, {"base_span": [1146, 1156], "annotations": [{"nertag": "O"}]}, {"base_span": [1157, 1164], "annotations": [{"nertag": "O"}]}, {"base_span": [1165, 1167], "annotations": [{"nertag": "O"}]}, {"base_span": [1168, 1173], "annotations": [{"nertag": "O"}]}, {"base_span": [1174, 1178], "annotations": [{"nertag": "O"}]}, {"base_span": [1179, 1182], "annotations": [{"nertag": "O"}]}, {"base_span": [1183, 1188], "annotations": [{"nertag": "O"}]}, {"base_span": [1189, 1194], "annotations": [{"nertag": "O"}]}, {"base_span": [1195, 1200], "annotations": [{"nertag": "O"}]}, {"base_span": [1201, 1207], "annotations": [{"nertag": "O"}]}, {"base_span": [1208, 1215], "annotations": [{"nertag": "O"}]}, {"base_span": [1216, 1220], "annotations": [{"nertag": "O"}]}, {"base_span": [1220, 1221], "annotations": [{"nertag": "O"}]}, {"base_span": [1222, 1226], "annotations": [{"nertag": "O"}]}, {"base_span": [1227, 1237], "annotations": [{"nertag": "O"}]}, {"base_span": [1238, 1243], "annotations": [{"nertag": "O"}]}, {"base_span": [1244, 1246], "annotations": [{"nertag": "O"}]}, {"base_span": [1247, 1252], "annotations": [{"nertag": "O"}]}, {"base_span": [1253, 1255], "annotations": [{"nertag": "O"}]}, {"base_span": [1256, 1260], "annotations": [{"nertag": "O"}]}, {"base_span": [1261, 1267], "annotations": [{"nertag": "B-PER"}]}, {"base_span": [1267, 1268], "annotations": [{"nertag": "O"}]}, {"base_span": [1269, 1273], "annotations": [{"nertag": "O"}]}, {"base_span": [1274, 1278], "annotations": [{"nertag": "O"}]}, {"base_span": [1279, 1284], "annotations": [{"nertag": "O"}]}, {"base_span": [1285, 1288], "annotations": [{"nertag": "O"}]}, {"base_span": [1289, 1296], "annotations": [{"nertag": "O"}]}, {"base_span": [1297, 1301], "annotations": [{"nertag": "O"}]}, {"base_span": [1302, 1307], "annotations": [{"nertag": "O"}]}, {"base_span": [1308, 1312], "annotations": [{"nertag": "O"}]}, {"base_span": [1312, 1313], "annotations": [{"nertag": "O"}]}, {"base_span": [1315, 1321], "annotations": [{"nertag": "O"}]}, {"base_span": [1322, 1329], "annotations": [{"nertag": "O"}]}, {"base_span": [1330, 1332], "annotations": [{"nertag": "O"}]}, {"base_span": [1332, 1333], "annotations": [{"nertag": "O"}]}, {"base_span": [1334, 1339], "annotations": [{"nertag": "B-PER"}]}, {"base_span": [1340, 1346], "annotations": [{"nertag": "I-PER"}]}, {"base_span": [1347, 1351], "annotations": [{"nertag": "O"}]}, {"base_span": [1352, 1354], "annotations": [{"nertag": "O"}]}, {"base_span": [1355, 1364], "annotations": [{"nertag": "O"}]}, {"base_span": [1365, 1370], "annotations": [{"nertag": "O"}]}, {"base_span": [1371, 1376], "annotations": [{"nertag": "O"}]}, {"base_span": [1377, 1382], "annotations": [{"nertag": "O"}]}, {"base_span": [1383, 1387], "annotations": [{"nertag": "O"}]}, {"base_span": [1387, 1388], "annotations": [{"nertag": "O"}]}, {"base_span": [1389, 1391], "annotations": [{"nertag": "O"}]}, {"base_span": [1392, 1397], "annotations": [{"nertag": "B-PER"}]}, {"base_span": [1398, 1406], "annotations": [{"nertag": "I-PER"}]}, {"base_span": [1407, 1411], "annotations": [{"nertag": "O"}]}, {"base_span": [1412, 1414], "annotations": [{"nertag": "O"}]}, {"base_span": [1415, 1420], "annotations": [{"nertag": "O"}]}, {"base_span": [1421, 1425], "annotations": [{"nertag": "O"}]}, {"base_span": [1426, 1431], "annotations": [{"nertag": "O"}]}, {"base_span": [1432, 1436], "annotations": [{"nertag": "O"}]}, {"base_span": [1437, 1439], "annotations": [{"nertag": "O"}]}, {"base_span": [1439, 1440], "annotations": [{"nertag": "O"}]}, {"base_span": [1441, 1446], "annotations": [{"nertag": "O"}]}, {"base_span": [1447, 1452], "annotations": [{"nertag": "O"}]}, {"base_span": [1453, 1459], "annotations": [{"nertag": "O"}]}, {"base_span": [1460, 1465], "annotations": [{"nertag": "O"}]}, {"base_span": [1466, 1470], "annotations": [{"nertag": "O"}]}, {"base_span": [1471, 1478], "annotations": [{"nertag": "O"}]}, {"base_span": [1479, 1485], "annotations": [{"nertag": "O"}]}, {"base_span": [1486, 1491], "annotations": [{"nertag": "O"}]}, {"base_span": [1492, 1496], "annotations": [{"nertag": "O"}]}, {"base_span": [1497, 1502], "annotations": [{"nertag": "O"}]}, {"base_span": [1503, 1513], "annotations": [{"nertag": "O"}]}, {"base_span": [1513, 1514], "annotations": [{"nertag": "O"}]}, {"base_span": [1515, 1517], "annotations": [{"nertag": "O"}]}, {"base_span": [1518, 1522], "annotations": [{"nertag": "O"}]}, {"base_span": [1522, 1523], "annotations": [{"nertag": "O"}]}, {"base_span": [1524, 1529], "annotations": [{"nertag": "B-PER"}]}, {"base_span": [1530, 1537], "annotations": [{"nertag": "O"}]}, {"base_span": [1538, 1542], "annotations": [{"nertag": "O"}]}, {"base_span": [1543, 1548], "annotations": [{"nertag": "O"}]}, {"base_span": [1549, 1556], "annotations": [{"nertag": "O"}]}, {"base_span": [1557, 1561], "annotations": [{"nertag": "O"}]}, {"base_span": [1562, 1564], "annotations": [{"nertag": "O"}]}, {"base_span": [1565, 1567], "annotations": [{"nertag": "O"}]}, {"base_span": [1568, 1573], "annotations": [{"nertag": "O"}]}, {"base_span": [1574, 1579], "annotations": [{"nertag": "O"}]}, {"base_span": [1580, 1587], "annotations": [{"nertag": "O"}]}, {"base_span": [1587, 1588], "annotations": [{"nertag": "O"}]}, {"base_span": [1589, 1591], "annotations": [{"nertag": "O"}]}, {"base_span": [1592, 1597], "annotations": [{"nertag": "B-PER"}]}, {"base_span": [1598, 1604], "annotations": [{"nertag": "O"}]}, {"base_span": [1605, 1610], "annotations": [{"nertag": "O"}]}, {"base_span": [1611, 1613], "annotations": [{"nertag": "O"}]}, {"base_span": [1614, 1619], "annotations": [{"nertag": "O"}]}, {"base_span": [1620, 1625], "annotations": [{"nertag": "O"}]}, {"base_span": [1626, 1628], "annotations": [{"nertag": "O"}]}, {"base_span": [1629, 1634], "annotations": [{"nertag": "O"}]}, {"base_span": [1635, 1641], "annotations": [{"nertag": "O"}]}, {"base_span": [1641, 1642], "annotations": [{"nertag": "O"}]}, {"base_span": [1643, 1649], "annotations": [{"nertag": "O"}]}, {"base_span": [1650, 1653], "annotations": [{"nertag": "O"}]}, {"base_span": [1654, 1660], "annotations": [{"nertag": "O"}]}, {"base_span": [1661, 1663], "annotations": [{"nertag": "O"}]}, {"base_span": [1664, 1669], "annotations": [{"nertag": "O"}]}, {"base_span": [1670, 1676], "annotations": [{"nertag": "O"}]}, {"base_span": [1677, 1679], "annotations": [{"nertag": "O"}]}, {"base_span": [1680, 1686], "annotations": [{"nertag": "O"}]}, {"base_span": [1687, 1693], "annotations": [{"nertag": "O"}]}, {"base_span": [1694, 1699], "annotations": [{"nertag": "O"}]}, {"base_span": [1700, 1702], "annotations": [{"nertag": "O"}]}, {"base_span": [1703, 1706], "annotations": [{"nertag": "O"}]}, {"base_span": [1707, 1709], "annotations": [{"nertag": "O"}]}, {"base_span": [1710, 1714], "annotations": [{"nertag": "O"}]}, {"base_span": [1715, 1716], "annotations": [{"nertag": "O"}]}, {"base_span": [1717, 1720], "annotations": [{"nertag": "O"}]}, {"base_span": [1721, 1726], "annotations": [{"nertag": "O"}]}, {"base_span": [1727, 1732], "annotations": [{"nertag": "O"}]}, {"base_span": [1733, 1739], "annotations": [{"nertag": "O"}]}, {"base_span": [1740, 1744], "annotations": [{"nertag": "O"}]}, {"base_span": [1745, 1751], "annotations": [{"nertag": "O"}]}, {"base_span": [1752, 1757], "annotations": [{"nertag": "O"}]}, {"base_span": [1758, 1765], "annotations": [{"nertag": "O"}]}, {"base_span": [1766, 1768], "annotations": [{"nertag": "O"}]}, {"base_span": [1769, 1774], "annotations": [{"nertag": "O"}]}, {"base_span": [1775, 1781], "annotations": [{"nertag": "O"}]}, {"base_span": [1782, 1787], "annotations": [{"nertag": "O"}]}, {"base_span": [1788, 1793], "annotations": [{"nertag": "O"}]}, {"base_span": [1794, 1798], "annotations": [{"nertag": "O"}]}, {"base_span": [1799, 1803], "annotations": [{"nertag": "O"}]}, {"base_span": [1804, 1810], "annotations": [{"nertag": "O"}]}, {"base_span": [1811, 1815], "annotations": [{"nertag": "O"}]}, {"base_span": [1816, 1821], "annotations": [{"nertag": "O"}]}, {"base_span": [1822, 1827], "annotations": [{"nertag": "O"}]}, {"base_span": [1828, 1833], "annotations": [{"nertag": "O"}]}, {"base_span": [1834, 1839], "annotations": [{"nertag": "O"}]}, {"base_span": [1840, 1844], "annotations": [{"nertag": "O"}]}, {"base_span": [1845, 1848], "annotations": [{"nertag": "O"}]}, {"base_span": [1849, 1851], "annotations": [{"nertag": "O"}]}, {"base_span": [1852, 1856], "annotations": [{"nertag": "O"}]}, {"base_span": [1857, 1859], "annotations": [{"nertag": "O"}]}, {"base_span": [1860, 1862], "annotations": [{"nertag": "O"}]}, {"base_span": [1863, 1866], "annotations": [{"nertag": "O"}]}, {"base_span": [1867, 1871], "annotations": [{"nertag": "O"}]}, {"base_span": [1872, 1877], "annotations": [{"nertag": "O"}]}, {"base_span": [1878, 1884], "annotations": [{"nertag": "O"}]}, {"base_span": [1885, 1887], "annotations": [{"nertag": "O"}]}, {"base_span": [1888, 1895], "annotations": [{"nertag": "O"}]}, {"base_span": [1895, 1896], "annotations": [{"nertag": "O"}]}, {"base_span": [1898, 1906], "annotations": [{"nertag": "O"}]}, {"base_span": [1906, 1907], "annotations": [{"nertag": "O"}]}, {"base_span": [1908, 1912], "annotations": [{"nertag": "B-PER"}]}, {"base_span": [1913, 1917], "annotations": [{"nertag": "I-PER"}]}, {"base_span": [1918, 1919], "annotations": [{"nertag": "O"}]}, {"base_span": [1919, 1920], "annotations": [{"nertag": "O"}]}, {"base_span": [1920, 1921], "annotations": [{"nertag": "O"}]}, {"base_span": [1923, 1932], "annotations": [{"nertag": "O"}]}, {"base_span": [1933, 1940], "annotations": [{"nertag": "B-PER"}]}, {"base_span": [1941, 1946], "annotations": [{"nertag": "I-PER"}]}, {"base_span": [1947, 1948], "annotations": [{"nertag": "O"}]}, {"base_span": [1948, 1949], "annotations": [{"nertag": "O"}]}, {"base_span": [1949, 1950], "annotations": [{"nertag": "O"}]}, {"base_span": [1952, 1956], "annotations": [{"nertag": "B-PER"}]}, {"base_span": [1957, 1966], "annotations": [{"nertag": "I-PER"}]}, {"base_span": [1967, 1968], "annotations": [{"nertag": "O"}]}, {"base_span": [1968, 1969], "annotations": [{"nertag": "O"}]}, {"base_span": [1969, 1970], "annotations": [{"nertag": "O"}]}]}]}