{"text": "\nProtucoll № 1.\n\nSell 16. Januaril 1889.\n\nKoos ollid, kohtu peawannem: Peeter Somberg\n\nkõrwamehed: Mart Limberg ja Jakob Weber.\n\n3. \n\nTallitaja T. Wiedemann andis kohtu ülles, et Jakob Tomberg on temmale kaeband, et Mihkel Murukil ollema temmale 13 rubla maksta, mis ta nüüd kätte nõuab.\n\nMihkel Muruk tunnistas, et temal on küll Jakob Tombergile 13 rubla maksta ja luban temmale seda tassuda 15. Märtsi k.p. 1889.a.  Praegu mull ei olle raha.\n\nKohus mõistis: et Mihkel Murruk peab omma wõlla 13. rubla seks lubatud terminiks Jakob Tombergile maksma, se on 15. Märtsi k.p. 1889.a. \n\nKuulutud.\n\nKohtu peawannem: Peeter Somberg XXX\n\nkõrwamehed: Mart Limberg XXX\n\nja Jakob Weber XXX\n\nKirjutaja: T. Necks /allkiri/\n\n\n", "meta": {"origin_directory": "vallakohus_kolmas/"}, "layers": [{"name": "gold_ner", "attributes": ["nertag"], "parent": null, "enveloping": null, "ambiguous": false, "serialisation_module": null, "meta": {}, "spans": [{"base_span": [71, 85], "annotations": [{"nertag": "PER"}]}, {"base_span": [99, 111], "annotations": [{"nertag": "PER"}]}, {"base_span": [115, 126], "annotations": [{"nertag": "PER"}]}, {"base_span": [144, 156], "annotations": [{"nertag": "PER"}]}, {"base_span": [179, 192], "annotations": [{"nertag": "PER"}]}, {"base_span": [216, 230], "annotations": [{"nertag": "PER"}]}, {"base_span": [289, 301], "annotations": [{"nertag": "PER"}]}, {"base_span": [330, 346], "annotations": [{"nertag": "PER"}]}, {"base_span": [463, 476], "annotations": [{"nertag": "PER"}]}, {"base_span": [526, 542], "annotations": [{"nertag": "PER"}]}, {"base_span": [611, 625], "annotations": [{"nertag": "PER"}]}, {"base_span": [643, 655], "annotations": [{"nertag": "PER"}]}, {"base_span": [664, 675], "annotations": [{"nertag": "PER"}]}, {"base_span": [692, 700], "annotations": [{"nertag": "PER"}]}]}, {"name": "gold_wordner", "attributes": ["nertag"], "parent": null, "enveloping": null, "ambiguous": false, "serialisation_module": null, "meta": {}, "spans": [{"base_span": [1, 10], "annotations": [{"nertag": "O"}]}, {"base_span": [11, 12], "annotations": [{"nertag": "O"}]}, {"base_span": [13, 15], "annotations": [{"nertag": "O"}]}, {"base_span": [17, 21], "annotations": [{"nertag": "O"}]}, {"base_span": [22, 25], "annotations": [{"nertag": "O"}]}, {"base_span": [26, 34], "annotations": [{"nertag": "O"}]}, {"base_span": [35, 40], "annotations": [{"nertag": "O"}]}, {"base_span": [42, 46], "annotations": [{"nertag": "O"}]}, {"base_span": [47, 52], "annotations": [{"nertag": "O"}]}, {"base_span": [52, 53], "annotations": [{"nertag": "O"}]}, {"base_span": [54, 59], "annotations": [{"nertag": "O"}]}, {"base_span": [60, 69], "annotations": [{"nertag": "O"}]}, {"base_span": [69, 70], "annotations": [{"nertag": "O"}]}, {"base_span": [71, 77], "annotations": [{"nertag": "B-PER"}]}, {"base_span": [78, 85], "annotations": [{"nertag": "I-PER"}]}, {"base_span": [87, 97], "annotations": [{"nertag": "O"}]}, {"base_span": [97, 98], "annotations": [{"nertag": "O"}]}, {"base_span": [99, 103], "annotations": [{"nertag": "B-PER"}]}, {"base_span": [104, 111], "annotations": [{"nertag": "I-PER"}]}, {"base_span": [112, 114], "annotations": [{"nertag": "O"}]}, {"base_span": [115, 120], "annotations": [{"nertag": "B-PER"}]}, {"base_span": [121, 126], "annotations": [{"nertag": "I-PER"}]}, {"base_span": [126, 127], "annotations": [{"nertag": "O"}]}, {"base_span": [129, 131], "annotations": [{"nertag": "O"}]}, {"base_span": [134, 143], "annotations": [{"nertag": "O"}]}, {"base_span": [144, 145], "annotations": [{"nertag": "B-PER"}]}, {"base_span": [145, 146], "annotations": [{"nertag": "I-PER"}]}, {"base_span": [147, 156], "annotations": [{"nertag": "I-PER"}]}, {"base_span": [157, 162], "annotations": [{"nertag": "O"}]}, {"base_span": [163, 168], "annotations": [{"nertag": "O"}]}, {"base_span": [169, 174], "annotations": [{"nertag": "O"}]}, {"base_span": [174, 175], "annotations": [{"nertag": "O"}]}, {"base_span": [176, 178], "annotations": [{"nertag": "O"}]}, {"base_span": [179, 184], "annotations": [{"nertag": "B-PER"}]}, {"base_span": [185, 192], "annotations": [{"nertag": "I-PER"}]}, {"base_span": [193, 195], "annotations": [{"nertag": "O"}]}, {"base_span": [196, 203], "annotations": [{"nertag": "O"}]}, {"base_span": [204, 211], "annotations": [{"nertag": "O"}]}, {"base_span": [211, 212], "annotations": [{"nertag": "O"}]}, {"base_span": [213, 215], "annotations": [{"nertag": "O"}]}, {"base_span": [216, 222], "annotations": [{"nertag": "B-PER"}]}, {"base_span": [223, 230], "annotations": [{"nertag": "I-PER"}]}, {"base_span": [231, 237], "annotations": [{"nertag": "O"}]}, {"base_span": [238, 245], "annotations": [{"nertag": "O"}]}, {"base_span": [246, 248], "annotations": [{"nertag": "O"}]}, {"base_span": [249, 254], "annotations": [{"nertag": "O"}]}, {"base_span": [255, 261], "annotations": [{"nertag": "O"}]}, {"base_span": [261, 262], "annotations": [{"nertag": "O"}]}, {"base_span": [263, 266], "annotations": [{"nertag": "O"}]}, {"base_span": [267, 269], "annotations": [{"nertag": "O"}]}, {"base_span": [270, 274], "annotations": [{"nertag": "O"}]}, {"base_span": [275, 280], "annotations": [{"nertag": "O"}]}, {"base_span": [281, 286], "annotations": [{"nertag": "O"}]}, {"base_span": [286, 287], "annotations": [{"nertag": "O"}]}, {"base_span": [289, 295], "annotations": [{"nertag": "B-PER"}]}, {"base_span": [296, 301], "annotations": [{"nertag": "I-PER"}]}, {"base_span": [302, 311], "annotations": [{"nertag": "O"}]}, {"base_span": [311, 312], "annotations": [{"nertag": "O"}]}, {"base_span": [313, 315], "annotations": [{"nertag": "O"}]}, {"base_span": [316, 321], "annotations": [{"nertag": "O"}]}, {"base_span": [322, 324], "annotations": [{"nertag": "O"}]}, {"base_span": [325, 329], "annotations": [{"nertag": "O"}]}, {"base_span": [330, 335], "annotations": [{"nertag": "B-PER"}]}, {"base_span": [336, 346], "annotations": [{"nertag": "I-PER"}]}, {"base_span": [347, 349], "annotations": [{"nertag": "O"}]}, {"base_span": [350, 355], "annotations": [{"nertag": "O"}]}, {"base_span": [356, 362], "annotations": [{"nertag": "O"}]}, {"base_span": [363, 365], "annotations": [{"nertag": "O"}]}, {"base_span": [366, 371], "annotations": [{"nertag": "O"}]}, {"base_span": [372, 379], "annotations": [{"nertag": "O"}]}, {"base_span": [380, 384], "annotations": [{"nertag": "O"}]}, {"base_span": [385, 392], "annotations": [{"nertag": "O"}]}, {"base_span": [393, 396], "annotations": [{"nertag": "O"}]}, {"base_span": [397, 403], "annotations": [{"nertag": "O"}]}, {"base_span": [404, 405], "annotations": [{"nertag": "O"}]}, {"base_span": [405, 406], "annotations": [{"nertag": "O"}]}, {"base_span": [406, 407], "annotations": [{"nertag": "O"}]}, {"base_span": [407, 408], "annotations": [{"nertag": "O"}]}, {"base_span": [409, 414], "annotations": [{"nertag": "O"}]}, {"base_span": [414, 415], "annotations": [{"nertag": "O"}]}, {"base_span": [415, 416], "annotations": [{"nertag": "O"}]}, {"base_span": [418, 424], "annotations": [{"nertag": "O"}]}, {"base_span": [425, 429], "annotations": [{"nertag": "O"}]}, {"base_span": [430, 432], "annotations": [{"nertag": "O"}]}, {"base_span": [433, 437], "annotations": [{"nertag": "O"}]}, {"base_span": [438, 442], "annotations": [{"nertag": "O"}]}, {"base_span": [442, 443], "annotations": [{"nertag": "O"}]}, {"base_span": [445, 450], "annotations": [{"nertag": "O"}]}, {"base_span": [451, 458], "annotations": [{"nertag": "O"}]}, {"base_span": [458, 459], "annotations": [{"nertag": "O"}]}, {"base_span": [460, 462], "annotations": [{"nertag": "O"}]}, {"base_span": [463, 469], "annotations": [{"nertag": "B-PER"}]}, {"base_span": [470, 476], "annotations": [{"nertag": "I-PER"}]}, {"base_span": [477, 481], "annotations": [{"nertag": "O"}]}, {"base_span": [482, 486], "annotations": [{"nertag": "O"}]}, {"base_span": [487, 492], "annotations": [{"nertag": "O"}]}, {"base_span": [493, 496], "annotations": [{"nertag": "O"}]}, {"base_span": [497, 502], "annotations": [{"nertag": "O"}]}, {"base_span": [503, 507], "annotations": [{"nertag": "O"}]}, {"base_span": [508, 515], "annotations": [{"nertag": "O"}]}, {"base_span": [516, 525], "annotations": [{"nertag": "O"}]}, {"base_span": [526, 531], "annotations": [{"nertag": "B-PER"}]}, {"base_span": [532, 542], "annotations": [{"nertag": "I-PER"}]}, {"base_span": [543, 549], "annotations": [{"nertag": "O"}]}, {"base_span": [549, 550], "annotations": [{"nertag": "O"}]}, {"base_span": [551, 553], "annotations": [{"nertag": "O"}]}, {"base_span": [554, 556], "annotations": [{"nertag": "O"}]}, {"base_span": [557, 560], "annotations": [{"nertag": "O"}]}, {"base_span": [561, 567], "annotations": [{"nertag": "O"}]}, {"base_span": [568, 569], "annotations": [{"nertag": "O"}]}, {"base_span": [569, 570], "annotations": [{"nertag": "O"}]}, {"base_span": [570, 571], "annotations": [{"nertag": "O"}]}, {"base_span": [571, 572], "annotations": [{"nertag": "O"}]}, {"base_span": [573, 578], "annotations": [{"nertag": "O"}]}, {"base_span": [578, 579], "annotations": [{"nertag": "O"}]}, {"base_span": [579, 580], "annotations": [{"nertag": "O"}]}, {"base_span": [583, 591], "annotations": [{"nertag": "O"}]}, {"base_span": [591, 592], "annotations": [{"nertag": "O"}]}, {"base_span": [594, 599], "annotations": [{"nertag": "O"}]}, {"base_span": [600, 609], "annotations": [{"nertag": "O"}]}, {"base_span": [609, 610], "annotations": [{"nertag": "O"}]}, {"base_span": [611, 617], "annotations": [{"nertag": "B-PER"}]}, {"base_span": [618, 625], "annotations": [{"nertag": "I-PER"}]}, {"base_span": [626, 629], "annotations": [{"nertag": "O"}]}, {"base_span": [631, 641], "annotations": [{"nertag": "O"}]}, {"base_span": [641, 642], "annotations": [{"nertag": "O"}]}, {"base_span": [643, 647], "annotations": [{"nertag": "B-PER"}]}, {"base_span": [648, 655], "annotations": [{"nertag": "I-PER"}]}, {"base_span": [656, 659], "annotations": [{"nertag": "O"}]}, {"base_span": [661, 663], "annotations": [{"nertag": "O"}]}, {"base_span": [664, 669], "annotations": [{"nertag": "B-PER"}]}, {"base_span": [670, 675], "annotations": [{"nertag": "I-PER"}]}, {"base_span": [676, 679], "annotations": [{"nertag": "O"}]}, {"base_span": [681, 690], "annotations": [{"nertag": "O"}]}, {"base_span": [690, 691], "annotations": [{"nertag": "O"}]}, {"base_span": [692, 693], "annotations": [{"nertag": "B-PER"}]}, {"base_span": [693, 694], "annotations": [{"nertag": "I-PER"}]}, {"base_span": [695, 700], "annotations": [{"nertag": "I-PER"}]}, {"base_span": [701, 702], "annotations": [{"nertag": "O"}]}, {"base_span": [702, 709], "annotations": [{"nertag": "O"}]}, {"base_span": [709, 710], "annotations": [{"nertag": "O"}]}]}]}