{"text": "\nKogukonna Kohus 17. Märtsil 1879.\n\nKohtuwanem: Jüri Tomson XXX\n\nKohtumees: Juhan Kerem XXX\n\n\"  \"  \"  \" : Jaan Weeber XXX\n\nWillem Raudsep, Willemi poeg Lokota wallast, keda ühe wask margapuu müümise pärast kohtu ette kutsuti, tunnistas, et tema selle wask margapuu (keda Kabala walla Kurla kõrtsmik siin omaks tunnistanud) Jaan Weebrile 4 rbl. 70 kop. eest on müünud, ja et tema (Willem Raudsep) seda sama margapuud ise juba kahe aasta eest Paide laadal 3 rbl 50 kop. eest ühe tundmata mehe käest olla ostnud.\n\nMõistetud ja sel samal pääwal ette kuulutud:\n\nSee waskmargapuu saab, sest, et Kurla kõrtsmik seda enese käest ütles ära warastud olewad, Jaan Weebri käest ära wõetud ja tänase protokolliga ühes Kabala walla kogukonna kohtusse saadetud, ja Willem Raudsep lähab selle pärast Kabala walla kogukonna kohtusse, ja peale selle peab Willem Raudsep margapuu eest saadu raha 4 rbl. 70 kop. Jaan Weebrile Jüri pääwaks tagasi maksma, seega oli kohus möödas ja Willem Raudsepa rahamaksmine jäi tulewaseks kohtu pääwaks.\n\n(Kohtu otsus on täidetud)\n\nKohtu wanem: Jüri Tomson XXX\n\nKohtu mees: Juhan Kerem XXX\n\n\"  \"  \"  \" : Jaan Weeber XXX\n\n\n", "meta": {"origin_directory": "vallakohus_teine/"}, "layers": [{"name": "gold_ner", "attributes": ["nertag"], "parent": null, "enveloping": null, "ambiguous": false, "serialisation_module": null, "meta": {}, "spans": [{"base_span": [48, 59], "annotations": [{"nertag": "PER"}]}, {"base_span": [76, 87], "annotations": [{"nertag": "PER"}]}, {"base_span": [106, 117], "annotations": [{"nertag": "PER"}]}, {"base_span": [123, 137], "annotations": [{"nertag": "PER"}]}, {"base_span": [139, 146], "annotations": [{"nertag": "PER"}]}, {"base_span": [152, 166], "annotations": [{"nertag": "LOC_ORG"}]}, {"base_span": [271, 283], "annotations": [{"nertag": "LOC_ORG"}]}, {"base_span": [284, 289], "annotations": [{"nertag": "LOC"}]}, {"base_span": [323, 336], "annotations": [{"nertag": "PER"}]}, {"base_span": [380, 394], "annotations": [{"nertag": "PER"}]}, {"base_span": [441, 453], "annotations": [{"nertag": "MISC"}]}, {"base_span": [589, 594], "annotations": [{"nertag": "LOC"}]}, {"base_span": [648, 659], "annotations": [{"nertag": "PER"}]}, {"base_span": [705, 736], "annotations": [{"nertag": "ORG"}]}, {"base_span": [750, 764], "annotations": [{"nertag": "PER"}]}, {"base_span": [784, 815], "annotations": [{"nertag": "ORG"}]}, {"base_span": [837, 851], "annotations": [{"nertag": "PER"}]}, {"base_span": [892, 905], "annotations": [{"nertag": "PER"}]}, {"base_span": [960, 975], "annotations": [{"nertag": "PER"}]}, {"base_span": [1060, 1071], "annotations": [{"nertag": "PER"}]}, {"base_span": [1089, 1100], "annotations": [{"nertag": "PER"}]}, {"base_span": [1119, 1130], "annotations": [{"nertag": "PER"}]}]}, {"name": "gold_wordner", "attributes": ["nertag"], "parent": null, "enveloping": null, "ambiguous": false, "serialisation_module": null, "meta": {}, "spans": [{"base_span": [1, 10], "annotations": [{"nertag": "O"}]}, {"base_span": [11, 16], "annotations": [{"nertag": "O"}]}, {"base_span": [17, 20], "annotations": [{"nertag": "O"}]}, {"base_span": [21, 28], "annotations": [{"nertag": "O"}]}, {"base_span": [29, 34], "annotations": [{"nertag": "O"}]}, {"base_span": [36, 46], "annotations": [{"nertag": "O"}]}, {"base_span": [46, 47], "annotations": [{"nertag": "O"}]}, {"base_span": [48, 52], "annotations": [{"nertag": "B-PER"}]}, {"base_span": [53, 59], "annotations": [{"nertag": "I-PER"}]}, {"base_span": [60, 63], "annotations": [{"nertag": "O"}]}, {"base_span": [65, 74], "annotations": [{"nertag": "O"}]}, {"base_span": [74, 75], "annotations": [{"nertag": "O"}]}, {"base_span": [76, 81], "annotations": [{"nertag": "B-PER"}]}, {"base_span": [82, 87], "annotations": [{"nertag": "I-PER"}]}, {"base_span": [88, 91], "annotations": [{"nertag": "O"}]}, {"base_span": [93, 94], "annotations": [{"nertag": "O"}]}, {"base_span": [96, 97], "annotations": [{"nertag": "O"}]}, {"base_span": [99, 100], "annotations": [{"nertag": "O"}]}, {"base_span": [102, 103], "annotations": [{"nertag": "O"}]}, {"base_span": [104, 105], "annotations": [{"nertag": "O"}]}, {"base_span": [106, 110], "annotations": [{"nertag": "B-PER"}]}, {"base_span": [111, 117], "annotations": [{"nertag": "I-PER"}]}, {"base_span": [118, 121], "annotations": [{"nertag": "O"}]}, {"base_span": [123, 129], "annotations": [{"nertag": "B-PER"}]}, {"base_span": [130, 137], "annotations": [{"nertag": "I-PER"}]}, {"base_span": [137, 138], "annotations": [{"nertag": "O"}]}, {"base_span": [139, 146], "annotations": [{"nertag": "B-PER"}]}, {"base_span": [147, 151], "annotations": [{"nertag": "O"}]}, {"base_span": [152, 158], "annotations": [{"nertag": "B-LOC_ORG"}]}, {"base_span": [159, 166], "annotations": [{"nertag": "I-LOC_ORG"}]}, {"base_span": [166, 167], "annotations": [{"nertag": "O"}]}, {"base_span": [168, 172], "annotations": [{"nertag": "O"}]}, {"base_span": [173, 176], "annotations": [{"nertag": "O"}]}, {"base_span": [177, 181], "annotations": [{"nertag": "O"}]}, {"base_span": [182, 190], "annotations": [{"nertag": "O"}]}, {"base_span": [191, 198], "annotations": [{"nertag": "O"}]}, {"base_span": [199, 205], "annotations": [{"nertag": "O"}]}, {"base_span": [206, 211], "annotations": [{"nertag": "O"}]}, {"base_span": [212, 216], "annotations": [{"nertag": "O"}]}, {"base_span": [217, 224], "annotations": [{"nertag": "O"}]}, {"base_span": [224, 225], "annotations": [{"nertag": "O"}]}, {"base_span": [226, 235], "annotations": [{"nertag": "O"}]}, {"base_span": [235, 236], "annotations": [{"nertag": "O"}]}, {"base_span": [237, 239], "annotations": [{"nertag": "O"}]}, {"base_span": [240, 244], "annotations": [{"nertag": "O"}]}, {"base_span": [245, 250], "annotations": [{"nertag": "O"}]}, {"base_span": [251, 255], "annotations": [{"nertag": "O"}]}, {"base_span": [256, 264], "annotations": [{"nertag": "O"}]}, {"base_span": [265, 266], "annotations": [{"nertag": "O"}]}, {"base_span": [266, 270], "annotations": [{"nertag": "O"}]}, {"base_span": [271, 277], "annotations": [{"nertag": "B-LOC_ORG"}]}, {"base_span": [278, 283], "annotations": [{"nertag": "I-LOC_ORG"}]}, {"base_span": [284, 289], "annotations": [{"nertag": "B-LOC"}]}, {"base_span": [290, 298], "annotations": [{"nertag": "O"}]}, {"base_span": [299, 303], "annotations": [{"nertag": "O"}]}, {"base_span": [304, 309], "annotations": [{"nertag": "O"}]}, {"base_span": [310, 321], "annotations": [{"nertag": "O"}]}, {"base_span": [321, 322], "annotations": [{"nertag": "O"}]}, {"base_span": [323, 327], "annotations": [{"nertag": "B-PER"}]}, {"base_span": [328, 336], "annotations": [{"nertag": "I-PER"}]}, {"base_span": [337, 338], "annotations": [{"nertag": "O"}]}, {"base_span": [339, 342], "annotations": [{"nertag": "O"}]}, {"base_span": [342, 343], "annotations": [{"nertag": "O"}]}, {"base_span": [344, 346], "annotations": [{"nertag": "O"}]}, {"base_span": [347, 350], "annotations": [{"nertag": "O"}]}, {"base_span": [350, 351], "annotations": [{"nertag": "O"}]}, {"base_span": [352, 356], "annotations": [{"nertag": "O"}]}, {"base_span": [357, 359], "annotations": [{"nertag": "O"}]}, {"base_span": [360, 366], "annotations": [{"nertag": "O"}]}, {"base_span": [366, 367], "annotations": [{"nertag": "O"}]}, {"base_span": [368, 370], "annotations": [{"nertag": "O"}]}, {"base_span": [371, 373], "annotations": [{"nertag": "O"}]}, {"base_span": [374, 378], "annotations": [{"nertag": "O"}]}, {"base_span": [379, 380], "annotations": [{"nertag": "O"}]}, {"base_span": [380, 386], "annotations": [{"nertag": "B-PER"}]}, {"base_span": [387, 394], "annotations": [{"nertag": "I-PER"}]}, {"base_span": [394, 395], "annotations": [{"nertag": "O"}]}, {"base_span": [396, 400], "annotations": [{"nertag": "O"}]}, {"base_span": [401, 405], "annotations": [{"nertag": "O"}]}, {"base_span": [406, 415], "annotations": [{"nertag": "O"}]}, {"base_span": [416, 419], "annotations": [{"nertag": "O"}]}, {"base_span": [420, 424], "annotations": [{"nertag": "O"}]}, {"base_span": [425, 429], "annotations": [{"nertag": "O"}]}, {"base_span": [430, 435], "annotations": [{"nertag": "O"}]}, {"base_span": [436, 440], "annotations": [{"nertag": "O"}]}, {"base_span": [441, 446], "annotations": [{"nertag": "B-MISC"}]}, {"base_span": [447, 453], "annotations": [{"nertag": "I-MISC"}]}, {"base_span": [454, 455], "annotations": [{"nertag": "O"}]}, {"base_span": [456, 459], "annotations": [{"nertag": "O"}]}, {"base_span": [460, 462], "annotations": [{"nertag": "O"}]}, {"base_span": [463, 466], "annotations": [{"nertag": "O"}]}, {"base_span": [466, 467], "annotations": [{"nertag": "O"}]}, {"base_span": [468, 472], "annotations": [{"nertag": "O"}]}, {"base_span": [473, 476], "annotations": [{"nertag": "O"}]}, {"base_span": [477, 485], "annotations": [{"nertag": "O"}]}, {"base_span": [486, 490], "annotations": [{"nertag": "O"}]}, {"base_span": [491, 496], "annotations": [{"nertag": "O"}]}, {"base_span": [497, 501], "annotations": [{"nertag": "O"}]}, {"base_span": [502, 508], "annotations": [{"nertag": "O"}]}, {"base_span": [508, 509], "annotations": [{"nertag": "O"}]}, {"base_span": [511, 520], "annotations": [{"nertag": "O"}]}, {"base_span": [521, 523], "annotations": [{"nertag": "O"}]}, {"base_span": [524, 527], "annotations": [{"nertag": "O"}]}, {"base_span": [528, 533], "annotations": [{"nertag": "O"}]}, {"base_span": [534, 540], "annotations": [{"nertag": "O"}]}, {"base_span": [541, 545], "annotations": [{"nertag": "O"}]}, {"base_span": [546, 554], "annotations": [{"nertag": "O"}]}, {"base_span": [554, 555], "annotations": [{"nertag": "O"}]}, {"base_span": [557, 560], "annotations": [{"nertag": "O"}]}, {"base_span": [561, 573], "annotations": [{"nertag": "O"}]}, {"base_span": [574, 578], "annotations": [{"nertag": "O"}]}, {"base_span": [578, 579], "annotations": [{"nertag": "O"}]}, {"base_span": [580, 584], "annotations": [{"nertag": "O"}]}, {"base_span": [584, 585], "annotations": [{"nertag": "O"}]}, {"base_span": [586, 588], "annotations": [{"nertag": "O"}]}, {"base_span": [589, 594], "annotations": [{"nertag": "B-LOC"}]}, {"base_span": [595, 603], "annotations": [{"nertag": "O"}]}, {"base_span": [604, 608], "annotations": [{"nertag": "O"}]}, {"base_span": [609, 614], "annotations": [{"nertag": "O"}]}, {"base_span": [615, 620], "annotations": [{"nertag": "O"}]}, {"base_span": [621, 626], "annotations": [{"nertag": "O"}]}, {"base_span": [627, 630], "annotations": [{"nertag": "O"}]}, {"base_span": [631, 639], "annotations": [{"nertag": "O"}]}, {"base_span": [640, 646], "annotations": [{"nertag": "O"}]}, {"base_span": [646, 647], "annotations": [{"nertag": "O"}]}, {"base_span": [648, 652], "annotations": [{"nertag": "B-PER"}]}, {"base_span": [653, 659], "annotations": [{"nertag": "I-PER"}]}, {"base_span": [660, 665], "annotations": [{"nertag": "O"}]}, {"base_span": [666, 669], "annotations": [{"nertag": "O"}]}, {"base_span": [670, 676], "annotations": [{"nertag": "O"}]}, {"base_span": [677, 679], "annotations": [{"nertag": "O"}]}, {"base_span": [680, 686], "annotations": [{"nertag": "O"}]}, {"base_span": [687, 699], "annotations": [{"nertag": "O"}]}, {"base_span": [700, 704], "annotations": [{"nertag": "O"}]}, {"base_span": [705, 711], "annotations": [{"nertag": "B-ORG"}]}, {"base_span": [712, 717], "annotations": [{"nertag": "I-ORG"}]}, {"base_span": [718, 727], "annotations": [{"nertag": "I-ORG"}]}, {"base_span": [728, 736], "annotations": [{"nertag": "I-ORG"}]}, {"base_span": [737, 745], "annotations": [{"nertag": "O"}]}, {"base_span": [745, 746], "annotations": [{"nertag": "O"}]}, {"base_span": [747, 749], "annotations": [{"nertag": "O"}]}, {"base_span": [750, 756], "annotations": [{"nertag": "B-PER"}]}, {"base_span": [757, 764], "annotations": [{"nertag": "I-PER"}]}, {"base_span": [765, 770], "annotations": [{"nertag": "O"}]}, {"base_span": [771, 776], "annotations": [{"nertag": "O"}]}, {"base_span": [777, 783], "annotations": [{"nertag": "O"}]}, {"base_span": [784, 790], "annotations": [{"nertag": "B-ORG"}]}, {"base_span": [791, 796], "annotations": [{"nertag": "I-ORG"}]}, {"base_span": [797, 806], "annotations": [{"nertag": "I-ORG"}]}, {"base_span": [807, 815], "annotations": [{"nertag": "I-ORG"}]}, {"base_span": [815, 816], "annotations": [{"nertag": "O"}]}, {"base_span": [817, 819], "annotations": [{"nertag": "O"}]}, {"base_span": [820, 825], "annotations": [{"nertag": "O"}]}, {"base_span": [826, 831], "annotations": [{"nertag": "O"}]}, {"base_span": [832, 836], "annotations": [{"nertag": "O"}]}, {"base_span": [837, 843], "annotations": [{"nertag": "B-PER"}]}, {"base_span": [844, 851], "annotations": [{"nertag": "I-PER"}]}, {"base_span": [852, 860], "annotations": [{"nertag": "O"}]}, {"base_span": [861, 865], "annotations": [{"nertag": "O"}]}, {"base_span": [866, 871], "annotations": [{"nertag": "O"}]}, {"base_span": [872, 876], "annotations": [{"nertag": "O"}]}, {"base_span": [877, 878], "annotations": [{"nertag": "O"}]}, {"base_span": [879, 882], "annotations": [{"nertag": "O"}]}, {"base_span": [882, 883], "annotations": [{"nertag": "O"}]}, {"base_span": [884, 886], "annotations": [{"nertag": "O"}]}, {"base_span": [887, 890], "annotations": [{"nertag": "O"}]}, {"base_span": [890, 891], "annotations": [{"nertag": "O"}]}, {"base_span": [892, 896], "annotations": [{"nertag": "B-PER"}]}, {"base_span": [897, 905], "annotations": [{"nertag": "I-PER"}]}, {"base_span": [906, 910], "annotations": [{"nertag": "O"}]}, {"base_span": [911, 918], "annotations": [{"nertag": "O"}]}, {"base_span": [919, 925], "annotations": [{"nertag": "O"}]}, {"base_span": [926, 932], "annotations": [{"nertag": "O"}]}, {"base_span": [932, 933], "annotations": [{"nertag": "O"}]}, {"base_span": [934, 939], "annotations": [{"nertag": "O"}]}, {"base_span": [940, 943], "annotations": [{"nertag": "O"}]}, {"base_span": [944, 949], "annotations": [{"nertag": "O"}]}, {"base_span": [950, 956], "annotations": [{"nertag": "O"}]}, {"base_span": [957, 959], "annotations": [{"nertag": "O"}]}, {"base_span": [960, 966], "annotations": [{"nertag": "B-PER"}]}, {"base_span": [967, 975], "annotations": [{"nertag": "I-PER"}]}, {"base_span": [976, 988], "annotations": [{"nertag": "O"}]}, {"base_span": [989, 992], "annotations": [{"nertag": "O"}]}, {"base_span": [993, 1003], "annotations": [{"nertag": "O"}]}, {"base_span": [1004, 1009], "annotations": [{"nertag": "O"}]}, {"base_span": [1010, 1017], "annotations": [{"nertag": "O"}]}, {"base_span": [1017, 1018], "annotations": [{"nertag": "O"}]}, {"base_span": [1020, 1021], "annotations": [{"nertag": "O"}]}, {"base_span": [1021, 1026], "annotations": [{"nertag": "O"}]}, {"base_span": [1027, 1032], "annotations": [{"nertag": "O"}]}, {"base_span": [1033, 1035], "annotations": [{"nertag": "O"}]}, {"base_span": [1036, 1044], "annotations": [{"nertag": "O"}]}, {"base_span": [1044, 1045], "annotations": [{"nertag": "O"}]}, {"base_span": [1047, 1052], "annotations": [{"nertag": "O"}]}, {"base_span": [1053, 1058], "annotations": [{"nertag": "O"}]}, {"base_span": [1058, 1059], "annotations": [{"nertag": "O"}]}, {"base_span": [1060, 1064], "annotations": [{"nertag": "B-PER"}]}, {"base_span": [1065, 1071], "annotations": [{"nertag": "I-PER"}]}, {"base_span": [1072, 1075], "annotations": [{"nertag": "O"}]}, {"base_span": [1077, 1082], "annotations": [{"nertag": "O"}]}, {"base_span": [1083, 1087], "annotations": [{"nertag": "O"}]}, {"base_span": [1087, 1088], "annotations": [{"nertag": "O"}]}, {"base_span": [1089, 1094], "annotations": [{"nertag": "B-PER"}]}, {"base_span": [1095, 1100], "annotations": [{"nertag": "I-PER"}]}, {"base_span": [1101, 1104], "annotations": [{"nertag": "O"}]}, {"base_span": [1106, 1107], "annotations": [{"nertag": "O"}]}, {"base_span": [1109, 1110], "annotations": [{"nertag": "O"}]}, {"base_span": [1112, 1113], "annotations": [{"nertag": "O"}]}, {"base_span": [1115, 1116], "annotations": [{"nertag": "O"}]}, {"base_span": [1117, 1118], "annotations": [{"nertag": "O"}]}, {"base_span": [1119, 1123], "annotations": [{"nertag": "B-PER"}]}, {"base_span": [1124, 1130], "annotations": [{"nertag": "I-PER"}]}, {"base_span": [1131, 1134], "annotations": [{"nertag": "O"}]}]}]}