{"text": "\nOliwad kohtu korra pärast kohtu majasse kokku tulnud:\nKohtu wanem: J. Korkmann\nKõrwas mees: H. Õlbaum\n\njärgi mees: J. Bristol\n\nKohtu ette tuli Joosep Tambergi naine Mari ja andis oma tunnistuse ära, et Joosep Tamberg ütleb, et Jaagup Freiberg andis mulle selle eest 6 rubla raha, et ma ei räägi ülesse, et teine Kappi sai Roosnasse wiidud, kui ehk weel wallakohtus räägid, aga ära suuremasse kohtuse seda ülesse anna, wõib olla ehk läheb see asi mõisa kõrwu, et on ehk ehitusest laudu järele jäänud. Et see asi näitab waltsust jäeb ta polele tulewaks kohtu päewaks ja saab Jaagup Freiberg kutsutud wastust andma. \n\nLäheb No 14 Protokollis edasi.\n\n\n", "meta": {"origin_directory": "vallakohus_kolmas/"}, "layers": [{"name": "gold_ner", "attributes": ["nertag"], "parent": null, "enveloping": null, "ambiguous": false, "serialisation_module": null, "meta": {}, "spans": [{"base_span": [68, 79], "annotations": [{"nertag": "PER"}]}, {"base_span": [93, 102], "annotations": [{"nertag": "PER"}]}, {"base_span": [116, 126], "annotations": [{"nertag": "PER"}]}, {"base_span": [144, 159], "annotations": [{"nertag": "PER"}]}, {"base_span": [166, 170], "annotations": [{"nertag": "PER"}]}, {"base_span": [203, 217], "annotations": [{"nertag": "PER"}]}, {"base_span": [228, 243], "annotations": [{"nertag": "PER"}]}, {"base_span": [323, 332], "annotations": [{"nertag": "LOC"}]}, {"base_span": [574, 589], "annotations": [{"nertag": "PER"}]}]}, {"name": "gold_wordner", "attributes": ["nertag"], "parent": null, "enveloping": null, "ambiguous": false, "serialisation_module": null, "meta": {}, "spans": [{"base_span": [1, 7], "annotations": [{"nertag": "O"}]}, {"base_span": [8, 13], "annotations": [{"nertag": "O"}]}, {"base_span": [14, 19], "annotations": [{"nertag": "O"}]}, {"base_span": [20, 26], "annotations": [{"nertag": "O"}]}, {"base_span": [27, 32], "annotations": [{"nertag": "O"}]}, {"base_span": [33, 40], "annotations": [{"nertag": "O"}]}, {"base_span": [41, 46], "annotations": [{"nertag": "O"}]}, {"base_span": [47, 53], "annotations": [{"nertag": "O"}]}, {"base_span": [53, 54], "annotations": [{"nertag": "O"}]}, {"base_span": [55, 60], "annotations": [{"nertag": "O"}]}, {"base_span": [61, 66], "annotations": [{"nertag": "O"}]}, {"base_span": [66, 67], "annotations": [{"nertag": "O"}]}, {"base_span": [68, 69], "annotations": [{"nertag": "B-PER"}]}, {"base_span": [69, 70], "annotations": [{"nertag": "I-PER"}]}, {"base_span": [71, 79], "annotations": [{"nertag": "I-PER"}]}, {"base_span": [80, 86], "annotations": [{"nertag": "O"}]}, {"base_span": [87, 91], "annotations": [{"nertag": "O"}]}, {"base_span": [91, 92], "annotations": [{"nertag": "O"}]}, {"base_span": [93, 94], "annotations": [{"nertag": "B-PER"}]}, {"base_span": [94, 95], "annotations": [{"nertag": "I-PER"}]}, {"base_span": [96, 102], "annotations": [{"nertag": "I-PER"}]}, {"base_span": [104, 109], "annotations": [{"nertag": "O"}]}, {"base_span": [110, 114], "annotations": [{"nertag": "O"}]}, {"base_span": [114, 115], "annotations": [{"nertag": "O"}]}, {"base_span": [116, 117], "annotations": [{"nertag": "B-PER"}]}, {"base_span": [117, 118], "annotations": [{"nertag": "I-PER"}]}, {"base_span": [119, 126], "annotations": [{"nertag": "I-PER"}]}, {"base_span": [128, 133], "annotations": [{"nertag": "O"}]}, {"base_span": [134, 138], "annotations": [{"nertag": "O"}]}, {"base_span": [139, 143], "annotations": [{"nertag": "O"}]}, {"base_span": [144, 150], "annotations": [{"nertag": "B-PER"}]}, {"base_span": [151, 159], "annotations": [{"nertag": "I-PER"}]}, {"base_span": [160, 165], "annotations": [{"nertag": "O"}]}, {"base_span": [166, 170], "annotations": [{"nertag": "B-PER"}]}, {"base_span": [171, 173], "annotations": [{"nertag": "O"}]}, {"base_span": [174, 179], "annotations": [{"nertag": "O"}]}, {"base_span": [180, 183], "annotations": [{"nertag": "O"}]}, {"base_span": [184, 194], "annotations": [{"nertag": "O"}]}, {"base_span": [195, 198], "annotations": [{"nertag": "O"}]}, {"base_span": [198, 199], "annotations": [{"nertag": "O"}]}, {"base_span": [200, 202], "annotations": [{"nertag": "O"}]}, {"base_span": [203, 209], "annotations": [{"nertag": "B-PER"}]}, {"base_span": [210, 217], "annotations": [{"nertag": "I-PER"}]}, {"base_span": [218, 223], "annotations": [{"nertag": "O"}]}, {"base_span": [223, 224], "annotations": [{"nertag": "O"}]}, {"base_span": [225, 227], "annotations": [{"nertag": "O"}]}, {"base_span": [228, 234], "annotations": [{"nertag": "B-PER"}]}, {"base_span": [235, 243], "annotations": [{"nertag": "I-PER"}]}, {"base_span": [244, 249], "annotations": [{"nertag": "O"}]}, {"base_span": [250, 255], "annotations": [{"nertag": "O"}]}, {"base_span": [256, 261], "annotations": [{"nertag": "O"}]}, {"base_span": [262, 266], "annotations": [{"nertag": "O"}]}, {"base_span": [267, 268], "annotations": [{"nertag": "O"}]}, {"base_span": [269, 274], "annotations": [{"nertag": "O"}]}, {"base_span": [275, 279], "annotations": [{"nertag": "O"}]}, {"base_span": [279, 280], "annotations": [{"nertag": "O"}]}, {"base_span": [281, 283], "annotations": [{"nertag": "O"}]}, {"base_span": [284, 286], "annotations": [{"nertag": "O"}]}, {"base_span": [287, 289], "annotations": [{"nertag": "O"}]}, {"base_span": [290, 295], "annotations": [{"nertag": "O"}]}, {"base_span": [296, 302], "annotations": [{"nertag": "O"}]}, {"base_span": [302, 303], "annotations": [{"nertag": "O"}]}, {"base_span": [304, 306], "annotations": [{"nertag": "O"}]}, {"base_span": [307, 312], "annotations": [{"nertag": "O"}]}, {"base_span": [313, 318], "annotations": [{"nertag": "O"}]}, {"base_span": [319, 322], "annotations": [{"nertag": "O"}]}, {"base_span": [323, 332], "annotations": [{"nertag": "B-LOC"}]}, {"base_span": [333, 339], "annotations": [{"nertag": "O"}]}, {"base_span": [339, 340], "annotations": [{"nertag": "O"}]}, {"base_span": [341, 344], "annotations": [{"nertag": "O"}]}, {"base_span": [345, 348], "annotations": [{"nertag": "O"}]}, {"base_span": [349, 353], "annotations": [{"nertag": "O"}]}, {"base_span": [354, 365], "annotations": [{"nertag": "O"}]}, {"base_span": [366, 372], "annotations": [{"nertag": "O"}]}, {"base_span": [372, 373], "annotations": [{"nertag": "O"}]}, {"base_span": [374, 377], "annotations": [{"nertag": "O"}]}, {"base_span": [378, 381], "annotations": [{"nertag": "O"}]}, {"base_span": [382, 392], "annotations": [{"nertag": "O"}]}, {"base_span": [393, 400], "annotations": [{"nertag": "O"}]}, {"base_span": [401, 405], "annotations": [{"nertag": "O"}]}, {"base_span": [406, 412], "annotations": [{"nertag": "O"}]}, {"base_span": [413, 417], "annotations": [{"nertag": "O"}]}, {"base_span": [417, 418], "annotations": [{"nertag": "O"}]}, {"base_span": [419, 423], "annotations": [{"nertag": "O"}]}, {"base_span": [424, 428], "annotations": [{"nertag": "O"}]}, {"base_span": [429, 432], "annotations": [{"nertag": "O"}]}, {"base_span": [433, 438], "annotations": [{"nertag": "O"}]}, {"base_span": [439, 442], "annotations": [{"nertag": "O"}]}, {"base_span": [443, 446], "annotations": [{"nertag": "O"}]}, {"base_span": [447, 452], "annotations": [{"nertag": "O"}]}, {"base_span": [453, 458], "annotations": [{"nertag": "O"}]}, {"base_span": [458, 459], "annotations": [{"nertag": "O"}]}, {"base_span": [460, 462], "annotations": [{"nertag": "O"}]}, {"base_span": [463, 465], "annotations": [{"nertag": "O"}]}, {"base_span": [466, 469], "annotations": [{"nertag": "O"}]}, {"base_span": [470, 479], "annotations": [{"nertag": "O"}]}, {"base_span": [480, 485], "annotations": [{"nertag": "O"}]}, {"base_span": [486, 492], "annotations": [{"nertag": "O"}]}, {"base_span": [493, 499], "annotations": [{"nertag": "O"}]}, {"base_span": [499, 500], "annotations": [{"nertag": "O"}]}, {"base_span": [501, 503], "annotations": [{"nertag": "O"}]}, {"base_span": [504, 507], "annotations": [{"nertag": "O"}]}, {"base_span": [508, 511], "annotations": [{"nertag": "O"}]}, {"base_span": [512, 518], "annotations": [{"nertag": "O"}]}, {"base_span": [519, 527], "annotations": [{"nertag": "O"}]}, {"base_span": [528, 532], "annotations": [{"nertag": "O"}]}, {"base_span": [533, 535], "annotations": [{"nertag": "O"}]}, {"base_span": [536, 542], "annotations": [{"nertag": "O"}]}, {"base_span": [543, 551], "annotations": [{"nertag": "O"}]}, {"base_span": [552, 557], "annotations": [{"nertag": "O"}]}, {"base_span": [558, 565], "annotations": [{"nertag": "O"}]}, {"base_span": [566, 568], "annotations": [{"nertag": "O"}]}, {"base_span": [569, 573], "annotations": [{"nertag": "O"}]}, {"base_span": [574, 580], "annotations": [{"nertag": "B-PER"}]}, {"base_span": [581, 589], "annotations": [{"nertag": "I-PER"}]}, {"base_span": [590, 598], "annotations": [{"nertag": "O"}]}, {"base_span": [599, 606], "annotations": [{"nertag": "O"}]}, {"base_span": [607, 612], "annotations": [{"nertag": "O"}]}, {"base_span": [612, 613], "annotations": [{"nertag": "O"}]}, {"base_span": [616, 621], "annotations": [{"nertag": "O"}]}, {"base_span": [622, 624], "annotations": [{"nertag": "O"}]}, {"base_span": [625, 627], "annotations": [{"nertag": "O"}]}, {"base_span": [628, 639], "annotations": [{"nertag": "O"}]}, {"base_span": [640, 645], "annotations": [{"nertag": "O"}]}, {"base_span": [645, 646], "annotations": [{"nertag": "O"}]}]}]}