{"text": "Prottokoll sel 2mal Jaanuaril 1875\nKoos ollid kohto Peawannem  Hans Lassel \nHans Saarmann\nMart Epmann\nKirjutaja H. Saarmo\n\n 1\n\nKohto ette astus Kirna Wissowerre karjamoisa rentnik   Jürri Sillaots ja kaebas, et  Anno Willewelt ja Ewa Weltmann on temma wälja aiast 156 roigast ja 32 latti ärra warrastanud ja ärra põlletand ja et Hans Topsmann on näinud kui Anno ja Ewa on temma aiast roigaid winud.\n Anno Willewelt ja Ewa Weltmann astusid ette ja ütlesid et nemmad ei olle mitte ennam kui 6 roigast ja kaks latti rentnikko aiast tonud, mis ka temma isse on näinud.\nJäeb pooleli, sepärrast, et tunnistuse mees Hans Topsmann mitte kohtus ei olnud.\n\n Hans Lassel XXX\nHans Saarmann XXX\nMart Epmann XXX\nTunnistusseks kirjutaja H. Saarmo /allkiri/\n\n", "meta": {"origin_directory": "vallakohus_esimene/"}, "layers": [{"name": "gold_ner", "attributes": ["nertag"], "parent": null, "enveloping": null, "ambiguous": false, "serialisation_module": null, "meta": {}, "spans": [{"base_span": [63, 74], "annotations": [{"nertag": "PER"}]}, {"base_span": [76, 89], "annotations": [{"nertag": "PER"}]}, {"base_span": [90, 101], "annotations": [{"nertag": "PER"}]}, {"base_span": [112, 121], "annotations": [{"nertag": "PER"}]}, {"base_span": [144, 149], "annotations": [{"nertag": "LOC"}]}, {"base_span": [150, 171], "annotations": [{"nertag": "LOC_ORG"}]}, {"base_span": [182, 196], "annotations": [{"nertag": "PER"}]}, {"base_span": [212, 226], "annotations": [{"nertag": "PER"}]}, {"base_span": [230, 242], "annotations": [{"nertag": "PER"}]}, {"base_span": [329, 342], "annotations": [{"nertag": "PER"}]}, {"base_span": [357, 361], "annotations": [{"nertag": "PER"}]}, {"base_span": [365, 368], "annotations": [{"nertag": "PER"}]}, {"base_span": [400, 414], "annotations": [{"nertag": "PER"}]}, {"base_span": [418, 430], "annotations": [{"nertag": "PER"}]}, {"base_span": [609, 622], "annotations": [{"nertag": "PER"}]}, {"base_span": [648, 659], "annotations": [{"nertag": "PER"}]}, {"base_span": [664, 677], "annotations": [{"nertag": "PER"}]}, {"base_span": [682, 693], "annotations": [{"nertag": "PER"}]}, {"base_span": [722, 731], "annotations": [{"nertag": "PER"}]}]}, {"name": "gold_wordner", "attributes": ["nertag"], "parent": null, "enveloping": null, "ambiguous": false, "serialisation_module": null, "meta": {}, "spans": [{"base_span": [0, 10], "annotations": [{"nertag": "O"}]}, {"base_span": [11, 14], "annotations": [{"nertag": "O"}]}, {"base_span": [15, 19], "annotations": [{"nertag": "O"}]}, {"base_span": [20, 29], "annotations": [{"nertag": "O"}]}, {"base_span": [30, 34], "annotations": [{"nertag": "O"}]}, {"base_span": [35, 39], "annotations": [{"nertag": "O"}]}, {"base_span": [40, 45], "annotations": [{"nertag": "O"}]}, {"base_span": [46, 51], "annotations": [{"nertag": "O"}]}, {"base_span": [52, 61], "annotations": [{"nertag": "O"}]}, {"base_span": [63, 67], "annotations": [{"nertag": "B-PER"}]}, {"base_span": [68, 74], "annotations": [{"nertag": "I-PER"}]}, {"base_span": [76, 80], "annotations": [{"nertag": "B-PER"}]}, {"base_span": [81, 89], "annotations": [{"nertag": "I-PER"}]}, {"base_span": [90, 94], "annotations": [{"nertag": "B-PER"}]}, {"base_span": [95, 101], "annotations": [{"nertag": "I-PER"}]}, {"base_span": [102, 111], "annotations": [{"nertag": "O"}]}, {"base_span": [112, 113], "annotations": [{"nertag": "B-PER"}]}, {"base_span": [113, 114], "annotations": [{"nertag": "I-PER"}]}, {"base_span": [115, 121], "annotations": [{"nertag": "I-PER"}]}, {"base_span": [124, 125], "annotations": [{"nertag": "O"}]}, {"base_span": [127, 132], "annotations": [{"nertag": "O"}]}, {"base_span": [133, 137], "annotations": [{"nertag": "O"}]}, {"base_span": [138, 143], "annotations": [{"nertag": "O"}]}, {"base_span": [144, 149], "annotations": [{"nertag": "B-LOC"}]}, {"base_span": [150, 160], "annotations": [{"nertag": "B-LOC_ORG"}]}, {"base_span": [161, 171], "annotations": [{"nertag": "I-LOC_ORG"}]}, {"base_span": [172, 179], "annotations": [{"nertag": "O"}]}, {"base_span": [182, 187], "annotations": [{"nertag": "B-PER"}]}, {"base_span": [188, 196], "annotations": [{"nertag": "I-PER"}]}, {"base_span": [197, 199], "annotations": [{"nertag": "O"}]}, {"base_span": [200, 206], "annotations": [{"nertag": "O"}]}, {"base_span": [206, 207], "annotations": [{"nertag": "O"}]}, {"base_span": [208, 210], "annotations": [{"nertag": "O"}]}, {"base_span": [212, 216], "annotations": [{"nertag": "B-PER"}]}, {"base_span": [217, 226], "annotations": [{"nertag": "I-PER"}]}, {"base_span": [227, 229], "annotations": [{"nertag": "O"}]}, {"base_span": [230, 233], "annotations": [{"nertag": "B-PER"}]}, {"base_span": [234, 242], "annotations": [{"nertag": "I-PER"}]}, {"base_span": [243, 245], "annotations": [{"nertag": "O"}]}, {"base_span": [246, 251], "annotations": [{"nertag": "O"}]}, {"base_span": [252, 257], "annotations": [{"nertag": "O"}]}, {"base_span": [258, 263], "annotations": [{"nertag": "O"}]}, {"base_span": [264, 267], "annotations": [{"nertag": "O"}]}, {"base_span": [268, 275], "annotations": [{"nertag": "O"}]}, {"base_span": [276, 278], "annotations": [{"nertag": "O"}]}, {"base_span": [279, 281], "annotations": [{"nertag": "O"}]}, {"base_span": [282, 287], "annotations": [{"nertag": "O"}]}, {"base_span": [288, 292], "annotations": [{"nertag": "O"}]}, {"base_span": [293, 304], "annotations": [{"nertag": "O"}]}, {"base_span": [305, 307], "annotations": [{"nertag": "O"}]}, {"base_span": [308, 312], "annotations": [{"nertag": "O"}]}, {"base_span": [313, 322], "annotations": [{"nertag": "O"}]}, {"base_span": [323, 325], "annotations": [{"nertag": "O"}]}, {"base_span": [326, 328], "annotations": [{"nertag": "O"}]}, {"base_span": [329, 333], "annotations": [{"nertag": "B-PER"}]}, {"base_span": [334, 342], "annotations": [{"nertag": "I-PER"}]}, {"base_span": [343, 345], "annotations": [{"nertag": "O"}]}, {"base_span": [346, 352], "annotations": [{"nertag": "O"}]}, {"base_span": [353, 356], "annotations": [{"nertag": "O"}]}, {"base_span": [357, 361], "annotations": [{"nertag": "B-PER"}]}, {"base_span": [362, 364], "annotations": [{"nertag": "O"}]}, {"base_span": [365, 368], "annotations": [{"nertag": "B-PER"}]}, {"base_span": [369, 371], "annotations": [{"nertag": "O"}]}, {"base_span": [372, 377], "annotations": [{"nertag": "O"}]}, {"base_span": [378, 383], "annotations": [{"nertag": "O"}]}, {"base_span": [384, 391], "annotations": [{"nertag": "O"}]}, {"base_span": [392, 397], "annotations": [{"nertag": "O"}]}, {"base_span": [397, 398], "annotations": [{"nertag": "O"}]}, {"base_span": [400, 404], "annotations": [{"nertag": "B-PER"}]}, {"base_span": [405, 414], "annotations": [{"nertag": "I-PER"}]}, {"base_span": [415, 417], "annotations": [{"nertag": "O"}]}, {"base_span": [418, 421], "annotations": [{"nertag": "B-PER"}]}, {"base_span": [422, 430], "annotations": [{"nertag": "I-PER"}]}, {"base_span": [431, 438], "annotations": [{"nertag": "O"}]}, {"base_span": [439, 443], "annotations": [{"nertag": "O"}]}, {"base_span": [444, 446], "annotations": [{"nertag": "O"}]}, {"base_span": [447, 454], "annotations": [{"nertag": "O"}]}, {"base_span": [455, 457], "annotations": [{"nertag": "O"}]}, {"base_span": [458, 464], "annotations": [{"nertag": "O"}]}, {"base_span": [465, 467], "annotations": [{"nertag": "O"}]}, {"base_span": [468, 472], "annotations": [{"nertag": "O"}]}, {"base_span": [473, 478], "annotations": [{"nertag": "O"}]}, {"base_span": [479, 484], "annotations": [{"nertag": "O"}]}, {"base_span": [485, 488], "annotations": [{"nertag": "O"}]}, {"base_span": [489, 490], "annotations": [{"nertag": "O"}]}, {"base_span": [491, 498], "annotations": [{"nertag": "O"}]}, {"base_span": [499, 501], "annotations": [{"nertag": "O"}]}, {"base_span": [502, 506], "annotations": [{"nertag": "O"}]}, {"base_span": [507, 512], "annotations": [{"nertag": "O"}]}, {"base_span": [513, 522], "annotations": [{"nertag": "O"}]}, {"base_span": [523, 528], "annotations": [{"nertag": "O"}]}, {"base_span": [529, 534], "annotations": [{"nertag": "O"}]}, {"base_span": [534, 535], "annotations": [{"nertag": "O"}]}, {"base_span": [536, 539], "annotations": [{"nertag": "O"}]}, {"base_span": [540, 542], "annotations": [{"nertag": "O"}]}, {"base_span": [543, 548], "annotations": [{"nertag": "O"}]}, {"base_span": [549, 553], "annotations": [{"nertag": "O"}]}, {"base_span": [554, 556], "annotations": [{"nertag": "O"}]}, {"base_span": [557, 563], "annotations": [{"nertag": "O"}]}, {"base_span": [563, 564], "annotations": [{"nertag": "O"}]}, {"base_span": [565, 569], "annotations": [{"nertag": "O"}]}, {"base_span": [570, 577], "annotations": [{"nertag": "O"}]}, {"base_span": [577, 578], "annotations": [{"nertag": "O"}]}, {"base_span": [579, 588], "annotations": [{"nertag": "O"}]}, {"base_span": [588, 589], "annotations": [{"nertag": "O"}]}, {"base_span": [590, 592], "annotations": [{"nertag": "O"}]}, {"base_span": [593, 603], "annotations": [{"nertag": "O"}]}, {"base_span": [604, 608], "annotations": [{"nertag": "O"}]}, {"base_span": [609, 613], "annotations": [{"nertag": "B-PER"}]}, {"base_span": [614, 622], "annotations": [{"nertag": "I-PER"}]}, {"base_span": [623, 628], "annotations": [{"nertag": "O"}]}, {"base_span": [629, 635], "annotations": [{"nertag": "O"}]}, {"base_span": [636, 638], "annotations": [{"nertag": "O"}]}, {"base_span": [639, 644], "annotations": [{"nertag": "O"}]}, {"base_span": [644, 645], "annotations": [{"nertag": "O"}]}, {"base_span": [648, 652], "annotations": [{"nertag": "B-PER"}]}, {"base_span": [653, 659], "annotations": [{"nertag": "I-PER"}]}, {"base_span": [660, 663], "annotations": [{"nertag": "O"}]}, {"base_span": [664, 668], "annotations": [{"nertag": "B-PER"}]}, {"base_span": [669, 677], "annotations": [{"nertag": "I-PER"}]}, {"base_span": [678, 681], "annotations": [{"nertag": "O"}]}, {"base_span": [682, 686], "annotations": [{"nertag": "B-PER"}]}, {"base_span": [687, 693], "annotations": [{"nertag": "I-PER"}]}, {"base_span": [694, 697], "annotations": [{"nertag": "O"}]}, {"base_span": [698, 711], "annotations": [{"nertag": "O"}]}, {"base_span": [712, 721], "annotations": [{"nertag": "O"}]}, {"base_span": [722, 723], "annotations": [{"nertag": "B-PER"}]}, {"base_span": [723, 724], "annotations": [{"nertag": "I-PER"}]}, {"base_span": [725, 731], "annotations": [{"nertag": "I-PER"}]}, {"base_span": [732, 733], "annotations": [{"nertag": "O"}]}, {"base_span": [733, 740], "annotations": [{"nertag": "O"}]}, {"base_span": [740, 741], "annotations": [{"nertag": "O"}]}]}]}