{"text": "\n№ 222\n\nSel 6mal Septembril 1880\n\nOlid koos kohtumehed Peawanem Mart Pulbert, Ado Parbo Jaan Lebereht.\n\nTuli kohtu ette kaebaja Mõisa Walitseja Hindrek Jaser. Kaebab et Jüri Plou irmus Holetu Mõisa töö jures olnud, walitseia on üttelnud Kui sa ikka heina saoga tulled siis korja suremad tükkid maast ülles. Ja Paroni hera seda ei salli et sa Ree peal istud pois ei Kuland, ja jäi heina sao äre magama, Kuni Walitseja tedda pistnud Keppi otsaga. Jüri Plou on karand maast üles walitseja rindu kinni ja ütlend anna kep seia, ma tahan sule näidada.\n\nAstus Kohtu ette Jüri Plou. Kohus nõudis, tema käest miks pärast sa nii holedu mõisa töö jures olled, ta ütles mina ei tea seda moodi ja Walitseja lõi mind 2 korda, Walitseja ütles heinam oli Kõik inimesi täis, need kõik tunistago, kas ma ollen sind löönd. Jüri Plou ei wõind mitte selle wasta seista.\n\nSiis Kohus mõistis et Jüri Plou maksad seaduse järrel 1 rubla Trahwi walla laeka. Sai neile Kohtu poolt kuulutud ja ollid sellega rahul.\n\nPea Kohtumees Mart Pulbert XXX\n\nAdo Parbo XXX\n\nJaan Lebereht XXX\n\n\n", "meta": {"origin_directory": "vallakohus_kolmas/"}, "layers": [{"name": "gold_ner", "attributes": ["nertag"], "parent": null, "enveloping": null, "ambiguous": false, "serialisation_module": null, "meta": {}, "spans": [{"base_span": [64, 76], "annotations": [{"nertag": "PER"}]}, {"base_span": [78, 87], "annotations": [{"nertag": "PER"}]}, {"base_span": [88, 101], "annotations": [{"nertag": "PER"}]}, {"base_span": [144, 157], "annotations": [{"nertag": "PER"}]}, {"base_span": [169, 178], "annotations": [{"nertag": "PER"}]}, {"base_span": [445, 454], "annotations": [{"nertag": "PER"}]}, {"base_span": [564, 573], "annotations": [{"nertag": "PER"}]}, {"base_span": [804, 813], "annotations": [{"nertag": "PER"}]}, {"base_span": [872, 881], "annotations": [{"nertag": "PER"}]}, {"base_span": [1002, 1014], "annotations": [{"nertag": "PER"}]}, {"base_span": [1020, 1029], "annotations": [{"nertag": "PER"}]}, {"base_span": [1035, 1048], "annotations": [{"nertag": "PER"}]}]}, {"name": "gold_wordner", "attributes": ["nertag"], "parent": null, "enveloping": null, "ambiguous": false, "serialisation_module": null, "meta": {}, "spans": [{"base_span": [1, 2], "annotations": [{"nertag": "O"}]}, {"base_span": [3, 6], "annotations": [{"nertag": "O"}]}, {"base_span": [8, 11], "annotations": [{"nertag": "O"}]}, {"base_span": [12, 16], "annotations": [{"nertag": "O"}]}, {"base_span": [17, 27], "annotations": [{"nertag": "O"}]}, {"base_span": [28, 32], "annotations": [{"nertag": "O"}]}, {"base_span": [34, 38], "annotations": [{"nertag": "O"}]}, {"base_span": [39, 43], "annotations": [{"nertag": "O"}]}, {"base_span": [44, 54], "annotations": [{"nertag": "O"}]}, {"base_span": [55, 63], "annotations": [{"nertag": "O"}]}, {"base_span": [64, 68], "annotations": [{"nertag": "B-PER"}]}, {"base_span": [69, 76], "annotations": [{"nertag": "I-PER"}]}, {"base_span": [76, 77], "annotations": [{"nertag": "O"}]}, {"base_span": [78, 81], "annotations": [{"nertag": "B-PER"}]}, {"base_span": [82, 87], "annotations": [{"nertag": "I-PER"}]}, {"base_span": [88, 92], "annotations": [{"nertag": "B-PER"}]}, {"base_span": [93, 101], "annotations": [{"nertag": "I-PER"}]}, {"base_span": [101, 102], "annotations": [{"nertag": "O"}]}, {"base_span": [104, 108], "annotations": [{"nertag": "O"}]}, {"base_span": [109, 114], "annotations": [{"nertag": "O"}]}, {"base_span": [115, 119], "annotations": [{"nertag": "O"}]}, {"base_span": [120, 127], "annotations": [{"nertag": "O"}]}, {"base_span": [128, 133], "annotations": [{"nertag": "O"}]}, {"base_span": [134, 143], "annotations": [{"nertag": "O"}]}, {"base_span": [144, 151], "annotations": [{"nertag": "B-PER"}]}, {"base_span": [152, 157], "annotations": [{"nertag": "I-PER"}]}, {"base_span": [157, 158], "annotations": [{"nertag": "O"}]}, {"base_span": [159, 165], "annotations": [{"nertag": "O"}]}, {"base_span": [166, 168], "annotations": [{"nertag": "O"}]}, {"base_span": [169, 173], "annotations": [{"nertag": "B-PER"}]}, {"base_span": [174, 178], "annotations": [{"nertag": "I-PER"}]}, {"base_span": [179, 184], "annotations": [{"nertag": "O"}]}, {"base_span": [185, 191], "annotations": [{"nertag": "O"}]}, {"base_span": [192, 197], "annotations": [{"nertag": "O"}]}, {"base_span": [198, 201], "annotations": [{"nertag": "O"}]}, {"base_span": [202, 207], "annotations": [{"nertag": "O"}]}, {"base_span": [208, 213], "annotations": [{"nertag": "O"}]}, {"base_span": [213, 214], "annotations": [{"nertag": "O"}]}, {"base_span": [215, 224], "annotations": [{"nertag": "O"}]}, {"base_span": [225, 227], "annotations": [{"nertag": "O"}]}, {"base_span": [228, 236], "annotations": [{"nertag": "O"}]}, {"base_span": [237, 240], "annotations": [{"nertag": "O"}]}, {"base_span": [241, 243], "annotations": [{"nertag": "O"}]}, {"base_span": [244, 248], "annotations": [{"nertag": "O"}]}, {"base_span": [249, 254], "annotations": [{"nertag": "O"}]}, {"base_span": [255, 260], "annotations": [{"nertag": "O"}]}, {"base_span": [261, 267], "annotations": [{"nertag": "O"}]}, {"base_span": [268, 272], "annotations": [{"nertag": "O"}]}, {"base_span": [273, 278], "annotations": [{"nertag": "O"}]}, {"base_span": [279, 286], "annotations": [{"nertag": "O"}]}, {"base_span": [287, 293], "annotations": [{"nertag": "O"}]}, {"base_span": [294, 299], "annotations": [{"nertag": "O"}]}, {"base_span": [300, 305], "annotations": [{"nertag": "O"}]}, {"base_span": [305, 306], "annotations": [{"nertag": "O"}]}, {"base_span": [307, 309], "annotations": [{"nertag": "O"}]}, {"base_span": [310, 316], "annotations": [{"nertag": "O"}]}, {"base_span": [317, 321], "annotations": [{"nertag": "O"}]}, {"base_span": [322, 326], "annotations": [{"nertag": "O"}]}, {"base_span": [327, 329], "annotations": [{"nertag": "O"}]}, {"base_span": [330, 335], "annotations": [{"nertag": "O"}]}, {"base_span": [336, 338], "annotations": [{"nertag": "O"}]}, {"base_span": [339, 341], "annotations": [{"nertag": "O"}]}, {"base_span": [342, 345], "annotations": [{"nertag": "O"}]}, {"base_span": [346, 350], "annotations": [{"nertag": "O"}]}, {"base_span": [351, 356], "annotations": [{"nertag": "O"}]}, {"base_span": [357, 361], "annotations": [{"nertag": "O"}]}, {"base_span": [362, 364], "annotations": [{"nertag": "O"}]}, {"base_span": [365, 371], "annotations": [{"nertag": "O"}]}, {"base_span": [371, 372], "annotations": [{"nertag": "O"}]}, {"base_span": [373, 375], "annotations": [{"nertag": "O"}]}, {"base_span": [376, 379], "annotations": [{"nertag": "O"}]}, {"base_span": [380, 385], "annotations": [{"nertag": "O"}]}, {"base_span": [386, 389], "annotations": [{"nertag": "O"}]}, {"base_span": [390, 393], "annotations": [{"nertag": "O"}]}, {"base_span": [394, 400], "annotations": [{"nertag": "O"}]}, {"base_span": [400, 401], "annotations": [{"nertag": "O"}]}, {"base_span": [402, 406], "annotations": [{"nertag": "O"}]}, {"base_span": [407, 416], "annotations": [{"nertag": "O"}]}, {"base_span": [417, 422], "annotations": [{"nertag": "O"}]}, {"base_span": [423, 430], "annotations": [{"nertag": "O"}]}, {"base_span": [431, 436], "annotations": [{"nertag": "O"}]}, {"base_span": [437, 443], "annotations": [{"nertag": "O"}]}, {"base_span": [443, 444], "annotations": [{"nertag": "O"}]}, {"base_span": [445, 449], "annotations": [{"nertag": "B-PER"}]}, {"base_span": [450, 454], "annotations": [{"nertag": "I-PER"}]}, {"base_span": [455, 457], "annotations": [{"nertag": "O"}]}, {"base_span": [458, 464], "annotations": [{"nertag": "O"}]}, {"base_span": [465, 470], "annotations": [{"nertag": "O"}]}, {"base_span": [471, 475], "annotations": [{"nertag": "O"}]}, {"base_span": [476, 485], "annotations": [{"nertag": "O"}]}, {"base_span": [486, 491], "annotations": [{"nertag": "O"}]}, {"base_span": [492, 497], "annotations": [{"nertag": "O"}]}, {"base_span": [498, 500], "annotations": [{"nertag": "O"}]}, {"base_span": [501, 507], "annotations": [{"nertag": "O"}]}, {"base_span": [508, 512], "annotations": [{"nertag": "O"}]}, {"base_span": [513, 516], "annotations": [{"nertag": "O"}]}, {"base_span": [517, 521], "annotations": [{"nertag": "O"}]}, {"base_span": [521, 522], "annotations": [{"nertag": "O"}]}, {"base_span": [523, 525], "annotations": [{"nertag": "O"}]}, {"base_span": [526, 531], "annotations": [{"nertag": "O"}]}, {"base_span": [532, 536], "annotations": [{"nertag": "O"}]}, {"base_span": [537, 544], "annotations": [{"nertag": "O"}]}, {"base_span": [544, 545], "annotations": [{"nertag": "O"}]}, {"base_span": [547, 552], "annotations": [{"nertag": "O"}]}, {"base_span": [553, 558], "annotations": [{"nertag": "O"}]}, {"base_span": [559, 563], "annotations": [{"nertag": "O"}]}, {"base_span": [564, 568], "annotations": [{"nertag": "B-PER"}]}, {"base_span": [569, 573], "annotations": [{"nertag": "I-PER"}]}, {"base_span": [573, 574], "annotations": [{"nertag": "O"}]}, {"base_span": [575, 580], "annotations": [{"nertag": "O"}]}, {"base_span": [581, 587], "annotations": [{"nertag": "O"}]}, {"base_span": [587, 588], "annotations": [{"nertag": "O"}]}, {"base_span": [589, 593], "annotations": [{"nertag": "O"}]}, {"base_span": [594, 599], "annotations": [{"nertag": "O"}]}, {"base_span": [600, 604], "annotations": [{"nertag": "O"}]}, {"base_span": [605, 611], "annotations": [{"nertag": "O"}]}, {"base_span": [612, 614], "annotations": [{"nertag": "O"}]}, {"base_span": [615, 618], "annotations": [{"nertag": "O"}]}, {"base_span": [619, 625], "annotations": [{"nertag": "O"}]}, {"base_span": [626, 631], "annotations": [{"nertag": "O"}]}, {"base_span": [632, 635], "annotations": [{"nertag": "O"}]}, {"base_span": [636, 641], "annotations": [{"nertag": "O"}]}, {"base_span": [642, 647], "annotations": [{"nertag": "O"}]}, {"base_span": [647, 648], "annotations": [{"nertag": "O"}]}, {"base_span": [649, 651], "annotations": [{"nertag": "O"}]}, {"base_span": [652, 657], "annotations": [{"nertag": "O"}]}, {"base_span": [658, 662], "annotations": [{"nertag": "O"}]}, {"base_span": [663, 665], "annotations": [{"nertag": "O"}]}, {"base_span": [666, 669], "annotations": [{"nertag": "O"}]}, {"base_span": [670, 674], "annotations": [{"nertag": "O"}]}, {"base_span": [675, 680], "annotations": [{"nertag": "O"}]}, {"base_span": [681, 683], "annotations": [{"nertag": "O"}]}, {"base_span": [684, 693], "annotations": [{"nertag": "O"}]}, {"base_span": [694, 697], "annotations": [{"nertag": "O"}]}, {"base_span": [698, 702], "annotations": [{"nertag": "O"}]}, {"base_span": [703, 704], "annotations": [{"nertag": "O"}]}, {"base_span": [705, 710], "annotations": [{"nertag": "O"}]}, {"base_span": [710, 711], "annotations": [{"nertag": "O"}]}, {"base_span": [712, 721], "annotations": [{"nertag": "O"}]}, {"base_span": [722, 727], "annotations": [{"nertag": "O"}]}, {"base_span": [728, 734], "annotations": [{"nertag": "O"}]}, {"base_span": [735, 738], "annotations": [{"nertag": "O"}]}, {"base_span": [739, 743], "annotations": [{"nertag": "O"}]}, {"base_span": [744, 751], "annotations": [{"nertag": "O"}]}, {"base_span": [752, 756], "annotations": [{"nertag": "O"}]}, {"base_span": [756, 757], "annotations": [{"nertag": "O"}]}, {"base_span": [758, 762], "annotations": [{"nertag": "O"}]}, {"base_span": [763, 767], "annotations": [{"nertag": "O"}]}, {"base_span": [768, 777], "annotations": [{"nertag": "O"}]}, {"base_span": [777, 778], "annotations": [{"nertag": "O"}]}, {"base_span": [779, 782], "annotations": [{"nertag": "O"}]}, {"base_span": [783, 785], "annotations": [{"nertag": "O"}]}, {"base_span": [786, 791], "annotations": [{"nertag": "O"}]}, {"base_span": [792, 796], "annotations": [{"nertag": "O"}]}, {"base_span": [797, 802], "annotations": [{"nertag": "O"}]}, {"base_span": [802, 803], "annotations": [{"nertag": "O"}]}, {"base_span": [804, 808], "annotations": [{"nertag": "B-PER"}]}, {"base_span": [809, 813], "annotations": [{"nertag": "I-PER"}]}, {"base_span": [814, 816], "annotations": [{"nertag": "O"}]}, {"base_span": [817, 822], "annotations": [{"nertag": "O"}]}, {"base_span": [823, 828], "annotations": [{"nertag": "O"}]}, {"base_span": [829, 834], "annotations": [{"nertag": "O"}]}, {"base_span": [835, 840], "annotations": [{"nertag": "O"}]}, {"base_span": [841, 847], "annotations": [{"nertag": "O"}]}, {"base_span": [847, 848], "annotations": [{"nertag": "O"}]}, {"base_span": [850, 854], "annotations": [{"nertag": "O"}]}, {"base_span": [855, 860], "annotations": [{"nertag": "O"}]}, {"base_span": [861, 868], "annotations": [{"nertag": "O"}]}, {"base_span": [869, 871], "annotations": [{"nertag": "O"}]}, {"base_span": [872, 876], "annotations": [{"nertag": "B-PER"}]}, {"base_span": [877, 881], "annotations": [{"nertag": "I-PER"}]}, {"base_span": [882, 888], "annotations": [{"nertag": "O"}]}, {"base_span": [889, 896], "annotations": [{"nertag": "O"}]}, {"base_span": [897, 903], "annotations": [{"nertag": "O"}]}, {"base_span": [904, 905], "annotations": [{"nertag": "O"}]}, {"base_span": [906, 911], "annotations": [{"nertag": "O"}]}, {"base_span": [912, 918], "annotations": [{"nertag": "O"}]}, {"base_span": [919, 924], "annotations": [{"nertag": "O"}]}, {"base_span": [925, 930], "annotations": [{"nertag": "O"}]}, {"base_span": [930, 931], "annotations": [{"nertag": "O"}]}, {"base_span": [932, 935], "annotations": [{"nertag": "O"}]}, {"base_span": [936, 941], "annotations": [{"nertag": "O"}]}, {"base_span": [942, 947], "annotations": [{"nertag": "O"}]}, {"base_span": [948, 953], "annotations": [{"nertag": "O"}]}, {"base_span": [954, 962], "annotations": [{"nertag": "O"}]}, {"base_span": [963, 965], "annotations": [{"nertag": "O"}]}, {"base_span": [966, 971], "annotations": [{"nertag": "O"}]}, {"base_span": [972, 979], "annotations": [{"nertag": "O"}]}, {"base_span": [980, 985], "annotations": [{"nertag": "O"}]}, {"base_span": [985, 986], "annotations": [{"nertag": "O"}]}, {"base_span": [988, 991], "annotations": [{"nertag": "O"}]}, {"base_span": [992, 1001], "annotations": [{"nertag": "O"}]}, {"base_span": [1002, 1006], "annotations": [{"nertag": "B-PER"}]}, {"base_span": [1007, 1014], "annotations": [{"nertag": "I-PER"}]}, {"base_span": [1015, 1018], "annotations": [{"nertag": "O"}]}, {"base_span": [1020, 1023], "annotations": [{"nertag": "B-PER"}]}, {"base_span": [1024, 1029], "annotations": [{"nertag": "I-PER"}]}, {"base_span": [1030, 1033], "annotations": [{"nertag": "O"}]}, {"base_span": [1035, 1039], "annotations": [{"nertag": "B-PER"}]}, {"base_span": [1040, 1048], "annotations": [{"nertag": "I-PER"}]}, {"base_span": [1049, 1052], "annotations": [{"nertag": "O"}]}]}]}