{"text": "\nTeiseks kaebab Pet Melk et Eiama Külla perremehhe Jaan Hermansoni 15nd weist on temma Eina loo peal tallanud, ja Peet Melk ei olle neid mitte kinni aianud. Tallitaja ja Külla Kohtumees on pealt watanud. Alliku Koggokonna Kohtu poolt sai tunnistud et se tõssi on.\n\nTuli ette Jaan Hermanson ja ütleb need ei olnud mitte minno weisid ja mis nemmad tunnistawad  se on keik walle tunnistus.\n\nKohhus mõistis et Jaan Hermanson maksab Seatuse järrel igga weise pealt 20 kop.\n\nJaan ütleb sedda kohhut ma ei tunne ja mitte üks koppik ma ei maksa.\n\nJääb surema kohtu holeks.\n\nPea kohtumes Jürri Walkenklau XXX\n\nJürri Silwester XXX\n\nJürri Usler XXX\n\n\n", "meta": {"origin_directory": "vallakohus_neljas/"}, "layers": [{"name": "gold_ner", "attributes": ["nertag"], "parent": null, "enveloping": null, "ambiguous": false, "serialisation_module": null, "meta": {}, "spans": [{"base_span": [16, 24], "annotations": [{"nertag": "PER"}]}, {"base_span": [28, 39], "annotations": [{"nertag": "LOC_ORG"}]}, {"base_span": [51, 66], "annotations": [{"nertag": "PER"}]}, {"base_span": [114, 123], "annotations": [{"nertag": "PER"}]}, {"base_span": [204, 227], "annotations": [{"nertag": "ORG"}]}, {"base_span": [275, 289], "annotations": [{"nertag": "PER"}]}, {"base_span": [406, 420], "annotations": [{"nertag": "PER"}]}, {"base_span": [469, 473], "annotations": [{"nertag": "PER"}]}, {"base_span": [579, 595], "annotations": [{"nertag": "PER"}]}, {"base_span": [601, 616], "annotations": [{"nertag": "PER"}]}, {"base_span": [622, 633], "annotations": [{"nertag": "PER"}]}]}, {"name": "gold_wordner", "attributes": ["nertag"], "parent": null, "enveloping": null, "ambiguous": false, "serialisation_module": null, "meta": {}, "spans": [{"base_span": [1, 8], "annotations": [{"nertag": "O"}]}, {"base_span": [9, 15], "annotations": [{"nertag": "O"}]}, {"base_span": [16, 19], "annotations": [{"nertag": "B-PER"}]}, {"base_span": [20, 24], "annotations": [{"nertag": "I-PER"}]}, {"base_span": [25, 27], "annotations": [{"nertag": "O"}]}, {"base_span": [28, 33], "annotations": [{"nertag": "B-LOC_ORG"}]}, {"base_span": [34, 39], "annotations": [{"nertag": "I-LOC_ORG"}]}, {"base_span": [40, 50], "annotations": [{"nertag": "O"}]}, {"base_span": [51, 55], "annotations": [{"nertag": "B-PER"}]}, {"base_span": [56, 66], "annotations": [{"nertag": "I-PER"}]}, {"base_span": [67, 71], "annotations": [{"nertag": "O"}]}, {"base_span": [72, 77], "annotations": [{"nertag": "O"}]}, {"base_span": [78, 80], "annotations": [{"nertag": "O"}]}, {"base_span": [81, 86], "annotations": [{"nertag": "O"}]}, {"base_span": [87, 91], "annotations": [{"nertag": "O"}]}, {"base_span": [92, 95], "annotations": [{"nertag": "O"}]}, {"base_span": [96, 100], "annotations": [{"nertag": "O"}]}, {"base_span": [101, 109], "annotations": [{"nertag": "O"}]}, {"base_span": [109, 110], "annotations": [{"nertag": "O"}]}, {"base_span": [111, 113], "annotations": [{"nertag": "O"}]}, {"base_span": [114, 118], "annotations": [{"nertag": "B-PER"}]}, {"base_span": [119, 123], "annotations": [{"nertag": "I-PER"}]}, {"base_span": [124, 126], "annotations": [{"nertag": "O"}]}, {"base_span": [127, 131], "annotations": [{"nertag": "O"}]}, {"base_span": [132, 136], "annotations": [{"nertag": "O"}]}, {"base_span": [137, 142], "annotations": [{"nertag": "O"}]}, {"base_span": [143, 148], "annotations": [{"nertag": "O"}]}, {"base_span": [149, 155], "annotations": [{"nertag": "O"}]}, {"base_span": [155, 156], "annotations": [{"nertag": "O"}]}, {"base_span": [157, 166], "annotations": [{"nertag": "O"}]}, {"base_span": [167, 169], "annotations": [{"nertag": "O"}]}, {"base_span": [170, 175], "annotations": [{"nertag": "O"}]}, {"base_span": [176, 185], "annotations": [{"nertag": "O"}]}, {"base_span": [186, 188], "annotations": [{"nertag": "O"}]}, {"base_span": [189, 194], "annotations": [{"nertag": "O"}]}, {"base_span": [195, 202], "annotations": [{"nertag": "O"}]}, {"base_span": [202, 203], "annotations": [{"nertag": "O"}]}, {"base_span": [204, 210], "annotations": [{"nertag": "B-ORG"}]}, {"base_span": [211, 221], "annotations": [{"nertag": "I-ORG"}]}, {"base_span": [222, 227], "annotations": [{"nertag": "I-ORG"}]}, {"base_span": [228, 233], "annotations": [{"nertag": "O"}]}, {"base_span": [234, 237], "annotations": [{"nertag": "O"}]}, {"base_span": [238, 247], "annotations": [{"nertag": "O"}]}, {"base_span": [248, 250], "annotations": [{"nertag": "O"}]}, {"base_span": [251, 253], "annotations": [{"nertag": "O"}]}, {"base_span": [254, 259], "annotations": [{"nertag": "O"}]}, {"base_span": [260, 262], "annotations": [{"nertag": "O"}]}, {"base_span": [262, 263], "annotations": [{"nertag": "O"}]}, {"base_span": [265, 269], "annotations": [{"nertag": "O"}]}, {"base_span": [270, 274], "annotations": [{"nertag": "O"}]}, {"base_span": [275, 279], "annotations": [{"nertag": "B-PER"}]}, {"base_span": [280, 289], "annotations": [{"nertag": "I-PER"}]}, {"base_span": [290, 292], "annotations": [{"nertag": "O"}]}, {"base_span": [293, 298], "annotations": [{"nertag": "O"}]}, {"base_span": [299, 303], "annotations": [{"nertag": "O"}]}, {"base_span": [304, 306], "annotations": [{"nertag": "O"}]}, {"base_span": [307, 312], "annotations": [{"nertag": "O"}]}, {"base_span": [313, 318], "annotations": [{"nertag": "O"}]}, {"base_span": [319, 324], "annotations": [{"nertag": "O"}]}, {"base_span": [325, 331], "annotations": [{"nertag": "O"}]}, {"base_span": [332, 334], "annotations": [{"nertag": "O"}]}, {"base_span": [335, 338], "annotations": [{"nertag": "O"}]}, {"base_span": [339, 345], "annotations": [{"nertag": "O"}]}, {"base_span": [346, 357], "annotations": [{"nertag": "O"}]}, {"base_span": [359, 361], "annotations": [{"nertag": "O"}]}, {"base_span": [362, 364], "annotations": [{"nertag": "O"}]}, {"base_span": [365, 369], "annotations": [{"nertag": "O"}]}, {"base_span": [370, 375], "annotations": [{"nertag": "O"}]}, {"base_span": [376, 385], "annotations": [{"nertag": "O"}]}, {"base_span": [385, 386], "annotations": [{"nertag": "O"}]}, {"base_span": [388, 394], "annotations": [{"nertag": "O"}]}, {"base_span": [395, 402], "annotations": [{"nertag": "O"}]}, {"base_span": [403, 405], "annotations": [{"nertag": "O"}]}, {"base_span": [406, 410], "annotations": [{"nertag": "B-PER"}]}, {"base_span": [411, 420], "annotations": [{"nertag": "I-PER"}]}, {"base_span": [421, 427], "annotations": [{"nertag": "O"}]}, {"base_span": [428, 435], "annotations": [{"nertag": "O"}]}, {"base_span": [436, 442], "annotations": [{"nertag": "O"}]}, {"base_span": [443, 447], "annotations": [{"nertag": "O"}]}, {"base_span": [448, 453], "annotations": [{"nertag": "O"}]}, {"base_span": [454, 459], "annotations": [{"nertag": "O"}]}, {"base_span": [460, 462], "annotations": [{"nertag": "O"}]}, {"base_span": [463, 466], "annotations": [{"nertag": "O"}]}, {"base_span": [466, 467], "annotations": [{"nertag": "O"}]}, {"base_span": [469, 473], "annotations": [{"nertag": "B-PER"}]}, {"base_span": [474, 479], "annotations": [{"nertag": "O"}]}, {"base_span": [480, 485], "annotations": [{"nertag": "O"}]}, {"base_span": [486, 492], "annotations": [{"nertag": "O"}]}, {"base_span": [493, 495], "annotations": [{"nertag": "O"}]}, {"base_span": [496, 498], "annotations": [{"nertag": "O"}]}, {"base_span": [499, 504], "annotations": [{"nertag": "O"}]}, {"base_span": [505, 507], "annotations": [{"nertag": "O"}]}, {"base_span": [508, 513], "annotations": [{"nertag": "O"}]}, {"base_span": [514, 517], "annotations": [{"nertag": "O"}]}, {"base_span": [518, 524], "annotations": [{"nertag": "O"}]}, {"base_span": [525, 527], "annotations": [{"nertag": "O"}]}, {"base_span": [528, 530], "annotations": [{"nertag": "O"}]}, {"base_span": [531, 536], "annotations": [{"nertag": "O"}]}, {"base_span": [536, 537], "annotations": [{"nertag": "O"}]}, {"base_span": [539, 543], "annotations": [{"nertag": "O"}]}, {"base_span": [544, 550], "annotations": [{"nertag": "O"}]}, {"base_span": [551, 556], "annotations": [{"nertag": "O"}]}, {"base_span": [557, 563], "annotations": [{"nertag": "O"}]}, {"base_span": [563, 564], "annotations": [{"nertag": "O"}]}, {"base_span": [566, 569], "annotations": [{"nertag": "O"}]}, {"base_span": [570, 578], "annotations": [{"nertag": "O"}]}, {"base_span": [579, 584], "annotations": [{"nertag": "B-PER"}]}, {"base_span": [585, 595], "annotations": [{"nertag": "I-PER"}]}, {"base_span": [596, 599], "annotations": [{"nertag": "O"}]}, {"base_span": [601, 606], "annotations": [{"nertag": "B-PER"}]}, {"base_span": [607, 616], "annotations": [{"nertag": "I-PER"}]}, {"base_span": [617, 620], "annotations": [{"nertag": "O"}]}, {"base_span": [622, 627], "annotations": [{"nertag": "B-PER"}]}, {"base_span": [628, 633], "annotations": [{"nertag": "I-PER"}]}, {"base_span": [634, 637], "annotations": [{"nertag": "O"}]}]}]}