{"text": "\nProttokoll sel 14mal Juunis 1879\n\nKoos olid kohtu Peawanem Jaan Saarmann\n\nJaan Kreeps\n\nJaan Saarmo\n\nKirjutaja H. Saarmo\n\n№ 14.\n\nKohtu ette astus  Johan Traugott  ja kaebas, et   Kristjaan Koowit on temal saksa kambrist ühe palitoo ära warastanud ja et se palitoo on 12 Rubla wäärt olnud ja et tema on ka selle palitoo Kristjani Koowiti käest ära wõtnud.\n\n Kristjaan Koowit  astus ette ja ei wõinud seda mitte ära salata, seepärast, et se palitoo on tema käest ära wõetud.\n\nMõistetud sai: Et Kristjaan Koowit peab 7 pääwa puuris olema, seepärast, et tema Johan Traugotti palitoo on ära warastanud. \n\nSemõistmine sai kulutud ja Kristjaan Koowit ütles, et tema seda mitte ei täida, ei ka mitte wäe kaupa.\n\n(On Prottokoll Hakenrihtri kohtuse saadetud)\n\nKirna walla kohtu nimel:\n\nPeawanem Jaan Saarmann XXX\n\nJaan Kreep XXX\n\nJaan Saarmo XXX\n\nTunnistuseks kirjutaja H. Saarmo /allkiri/\n\n\n", "meta": {"origin_directory": "vallakohus_neljas/"}, "layers": [{"name": "gold_ner", "attributes": ["nertag"], "parent": null, "enveloping": null, "ambiguous": false, "serialisation_module": null, "meta": {}, "spans": [{"base_span": [60, 73], "annotations": [{"nertag": "PER"}]}, {"base_span": [75, 86], "annotations": [{"nertag": "PER"}]}, {"base_span": [88, 99], "annotations": [{"nertag": "PER"}]}, {"base_span": [111, 120], "annotations": [{"nertag": "PER"}]}, {"base_span": [147, 161], "annotations": [{"nertag": "PER"}]}, {"base_span": [179, 195], "annotations": [{"nertag": "PER"}]}, {"base_span": [319, 336], "annotations": [{"nertag": "PER"}]}, {"base_span": [357, 373], "annotations": [{"nertag": "PER"}]}, {"base_span": [492, 508], "annotations": [{"nertag": "PER"}]}, {"base_span": [555, 570], "annotations": [{"nertag": "PER"}]}, {"base_span": [627, 643], "annotations": [{"nertag": "PER"}]}, {"base_span": [750, 767], "annotations": [{"nertag": "ORG"}]}, {"base_span": [785, 798], "annotations": [{"nertag": "PER"}]}, {"base_span": [804, 814], "annotations": [{"nertag": "PER"}]}, {"base_span": [820, 831], "annotations": [{"nertag": "PER"}]}, {"base_span": [860, 869], "annotations": [{"nertag": "PER"}]}]}, {"name": "gold_wordner", "attributes": ["nertag"], "parent": null, "enveloping": null, "ambiguous": false, "serialisation_module": null, "meta": {}, "spans": [{"base_span": [1, 11], "annotations": [{"nertag": "O"}]}, {"base_span": [12, 15], "annotations": [{"nertag": "O"}]}, {"base_span": [16, 21], "annotations": [{"nertag": "O"}]}, {"base_span": [22, 28], "annotations": [{"nertag": "O"}]}, {"base_span": [29, 33], "annotations": [{"nertag": "O"}]}, {"base_span": [35, 39], "annotations": [{"nertag": "O"}]}, {"base_span": [40, 44], "annotations": [{"nertag": "O"}]}, {"base_span": [45, 50], "annotations": [{"nertag": "O"}]}, {"base_span": [51, 59], "annotations": [{"nertag": "O"}]}, {"base_span": [60, 64], "annotations": [{"nertag": "B-PER"}]}, {"base_span": [65, 73], "annotations": [{"nertag": "I-PER"}]}, {"base_span": [75, 79], "annotations": [{"nertag": "B-PER"}]}, {"base_span": [80, 86], "annotations": [{"nertag": "I-PER"}]}, {"base_span": [88, 92], "annotations": [{"nertag": "B-PER"}]}, {"base_span": [93, 99], "annotations": [{"nertag": "I-PER"}]}, {"base_span": [101, 110], "annotations": [{"nertag": "O"}]}, {"base_span": [111, 112], "annotations": [{"nertag": "B-PER"}]}, {"base_span": [112, 113], "annotations": [{"nertag": "I-PER"}]}, {"base_span": [114, 120], "annotations": [{"nertag": "I-PER"}]}, {"base_span": [122, 123], "annotations": [{"nertag": "O"}]}, {"base_span": [124, 127], "annotations": [{"nertag": "O"}]}, {"base_span": [129, 134], "annotations": [{"nertag": "O"}]}, {"base_span": [135, 139], "annotations": [{"nertag": "O"}]}, {"base_span": [140, 145], "annotations": [{"nertag": "O"}]}, {"base_span": [147, 152], "annotations": [{"nertag": "B-PER"}]}, {"base_span": [153, 161], "annotations": [{"nertag": "I-PER"}]}, {"base_span": [163, 165], "annotations": [{"nertag": "O"}]}, {"base_span": [166, 172], "annotations": [{"nertag": "O"}]}, {"base_span": [172, 173], "annotations": [{"nertag": "O"}]}, {"base_span": [174, 176], "annotations": [{"nertag": "O"}]}, {"base_span": [179, 188], "annotations": [{"nertag": "B-PER"}]}, {"base_span": [189, 195], "annotations": [{"nertag": "I-PER"}]}, {"base_span": [196, 198], "annotations": [{"nertag": "O"}]}, {"base_span": [199, 204], "annotations": [{"nertag": "O"}]}, {"base_span": [205, 210], "annotations": [{"nertag": "O"}]}, {"base_span": [211, 219], "annotations": [{"nertag": "O"}]}, {"base_span": [220, 223], "annotations": [{"nertag": "O"}]}, {"base_span": [224, 231], "annotations": [{"nertag": "O"}]}, {"base_span": [232, 235], "annotations": [{"nertag": "O"}]}, {"base_span": [236, 246], "annotations": [{"nertag": "O"}]}, {"base_span": [247, 249], "annotations": [{"nertag": "O"}]}, {"base_span": [250, 252], "annotations": [{"nertag": "O"}]}, {"base_span": [253, 255], "annotations": [{"nertag": "O"}]}, {"base_span": [256, 263], "annotations": [{"nertag": "O"}]}, {"base_span": [264, 266], "annotations": [{"nertag": "O"}]}, {"base_span": [267, 269], "annotations": [{"nertag": "O"}]}, {"base_span": [270, 275], "annotations": [{"nertag": "O"}]}, {"base_span": [276, 281], "annotations": [{"nertag": "O"}]}, {"base_span": [282, 287], "annotations": [{"nertag": "O"}]}, {"base_span": [288, 290], "annotations": [{"nertag": "O"}]}, {"base_span": [291, 293], "annotations": [{"nertag": "O"}]}, {"base_span": [294, 298], "annotations": [{"nertag": "O"}]}, {"base_span": [299, 301], "annotations": [{"nertag": "O"}]}, {"base_span": [302, 304], "annotations": [{"nertag": "O"}]}, {"base_span": [305, 310], "annotations": [{"nertag": "O"}]}, {"base_span": [311, 318], "annotations": [{"nertag": "O"}]}, {"base_span": [319, 328], "annotations": [{"nertag": "B-PER"}]}, {"base_span": [329, 336], "annotations": [{"nertag": "I-PER"}]}, {"base_span": [337, 342], "annotations": [{"nertag": "O"}]}, {"base_span": [343, 346], "annotations": [{"nertag": "O"}]}, {"base_span": [347, 353], "annotations": [{"nertag": "O"}]}, {"base_span": [353, 354], "annotations": [{"nertag": "O"}]}, {"base_span": [357, 366], "annotations": [{"nertag": "B-PER"}]}, {"base_span": [367, 373], "annotations": [{"nertag": "I-PER"}]}, {"base_span": [375, 380], "annotations": [{"nertag": "O"}]}, {"base_span": [381, 385], "annotations": [{"nertag": "O"}]}, {"base_span": [386, 388], "annotations": [{"nertag": "O"}]}, {"base_span": [389, 391], "annotations": [{"nertag": "O"}]}, {"base_span": [392, 398], "annotations": [{"nertag": "O"}]}, {"base_span": [399, 403], "annotations": [{"nertag": "O"}]}, {"base_span": [404, 409], "annotations": [{"nertag": "O"}]}, {"base_span": [410, 413], "annotations": [{"nertag": "O"}]}, {"base_span": [414, 420], "annotations": [{"nertag": "O"}]}, {"base_span": [420, 421], "annotations": [{"nertag": "O"}]}, {"base_span": [422, 431], "annotations": [{"nertag": "O"}]}, {"base_span": [431, 432], "annotations": [{"nertag": "O"}]}, {"base_span": [433, 435], "annotations": [{"nertag": "O"}]}, {"base_span": [436, 438], "annotations": [{"nertag": "O"}]}, {"base_span": [439, 446], "annotations": [{"nertag": "O"}]}, {"base_span": [447, 449], "annotations": [{"nertag": "O"}]}, {"base_span": [450, 454], "annotations": [{"nertag": "O"}]}, {"base_span": [455, 460], "annotations": [{"nertag": "O"}]}, {"base_span": [461, 464], "annotations": [{"nertag": "O"}]}, {"base_span": [465, 471], "annotations": [{"nertag": "O"}]}, {"base_span": [471, 472], "annotations": [{"nertag": "O"}]}, {"base_span": [474, 483], "annotations": [{"nertag": "O"}]}, {"base_span": [484, 487], "annotations": [{"nertag": "O"}]}, {"base_span": [487, 488], "annotations": [{"nertag": "O"}]}, {"base_span": [489, 491], "annotations": [{"nertag": "O"}]}, {"base_span": [492, 501], "annotations": [{"nertag": "B-PER"}]}, {"base_span": [502, 508], "annotations": [{"nertag": "I-PER"}]}, {"base_span": [509, 513], "annotations": [{"nertag": "O"}]}, {"base_span": [514, 515], "annotations": [{"nertag": "O"}]}, {"base_span": [516, 521], "annotations": [{"nertag": "O"}]}, {"base_span": [522, 528], "annotations": [{"nertag": "O"}]}, {"base_span": [529, 534], "annotations": [{"nertag": "O"}]}, {"base_span": [534, 535], "annotations": [{"nertag": "O"}]}, {"base_span": [536, 545], "annotations": [{"nertag": "O"}]}, {"base_span": [545, 546], "annotations": [{"nertag": "O"}]}, {"base_span": [547, 549], "annotations": [{"nertag": "O"}]}, {"base_span": [550, 554], "annotations": [{"nertag": "O"}]}, {"base_span": [555, 560], "annotations": [{"nertag": "B-PER"}]}, {"base_span": [561, 570], "annotations": [{"nertag": "I-PER"}]}, {"base_span": [571, 578], "annotations": [{"nertag": "O"}]}, {"base_span": [579, 581], "annotations": [{"nertag": "O"}]}, {"base_span": [582, 585], "annotations": [{"nertag": "O"}]}, {"base_span": [586, 596], "annotations": [{"nertag": "O"}]}, {"base_span": [596, 597], "annotations": [{"nertag": "O"}]}, {"base_span": [600, 611], "annotations": [{"nertag": "O"}]}, {"base_span": [612, 615], "annotations": [{"nertag": "O"}]}, {"base_span": [616, 623], "annotations": [{"nertag": "O"}]}, {"base_span": [624, 626], "annotations": [{"nertag": "O"}]}, {"base_span": [627, 636], "annotations": [{"nertag": "B-PER"}]}, {"base_span": [637, 643], "annotations": [{"nertag": "I-PER"}]}, {"base_span": [644, 649], "annotations": [{"nertag": "O"}]}, {"base_span": [649, 650], "annotations": [{"nertag": "O"}]}, {"base_span": [651, 653], "annotations": [{"nertag": "O"}]}, {"base_span": [654, 658], "annotations": [{"nertag": "O"}]}, {"base_span": [659, 663], "annotations": [{"nertag": "O"}]}, {"base_span": [664, 669], "annotations": [{"nertag": "O"}]}, {"base_span": [670, 672], "annotations": [{"nertag": "O"}]}, {"base_span": [673, 678], "annotations": [{"nertag": "O"}]}, {"base_span": [678, 679], "annotations": [{"nertag": "O"}]}, {"base_span": [680, 682], "annotations": [{"nertag": "O"}]}, {"base_span": [683, 685], "annotations": [{"nertag": "O"}]}, {"base_span": [686, 691], "annotations": [{"nertag": "O"}]}, {"base_span": [692, 695], "annotations": [{"nertag": "O"}]}, {"base_span": [696, 701], "annotations": [{"nertag": "O"}]}, {"base_span": [701, 702], "annotations": [{"nertag": "O"}]}, {"base_span": [704, 705], "annotations": [{"nertag": "O"}]}, {"base_span": [705, 707], "annotations": [{"nertag": "O"}]}, {"base_span": [708, 718], "annotations": [{"nertag": "O"}]}, {"base_span": [719, 730], "annotations": [{"nertag": "O"}]}, {"base_span": [731, 738], "annotations": [{"nertag": "O"}]}, {"base_span": [739, 747], "annotations": [{"nertag": "O"}]}, {"base_span": [747, 748], "annotations": [{"nertag": "O"}]}, {"base_span": [750, 755], "annotations": [{"nertag": "B-ORG"}]}, {"base_span": [756, 761], "annotations": [{"nertag": "I-ORG"}]}, {"base_span": [762, 767], "annotations": [{"nertag": "I-ORG"}]}, {"base_span": [768, 773], "annotations": [{"nertag": "O"}]}, {"base_span": [773, 774], "annotations": [{"nertag": "O"}]}, {"base_span": [776, 784], "annotations": [{"nertag": "O"}]}, {"base_span": [785, 789], "annotations": [{"nertag": "B-PER"}]}, {"base_span": [790, 798], "annotations": [{"nertag": "I-PER"}]}, {"base_span": [799, 802], "annotations": [{"nertag": "O"}]}, {"base_span": [804, 808], "annotations": [{"nertag": "B-PER"}]}, {"base_span": [809, 814], "annotations": [{"nertag": "I-PER"}]}, {"base_span": [815, 818], "annotations": [{"nertag": "O"}]}, {"base_span": [820, 824], "annotations": [{"nertag": "B-PER"}]}, {"base_span": [825, 831], "annotations": [{"nertag": "I-PER"}]}, {"base_span": [832, 835], "annotations": [{"nertag": "O"}]}, {"base_span": [837, 849], "annotations": [{"nertag": "O"}]}, {"base_span": [850, 859], "annotations": [{"nertag": "O"}]}, {"base_span": [860, 861], "annotations": [{"nertag": "B-PER"}]}, {"base_span": [861, 862], "annotations": [{"nertag": "I-PER"}]}, {"base_span": [863, 869], "annotations": [{"nertag": "I-PER"}]}, {"base_span": [870, 871], "annotations": [{"nertag": "O"}]}, {"base_span": [871, 878], "annotations": [{"nertag": "O"}]}, {"base_span": [878, 879], "annotations": [{"nertag": "O"}]}]}]}