{"text": "\nProttokoll sel 12mal Tetsembril 1869.\n\nKoos ollid kohto Peawannem Hans Ehrenwerth\n\nKõrwamehhed\n\nHans Lassel \n\nHans Saarmo\n\nKirjutaja Hindrik Saarmo\n\n№ 27.\n\nKohto ette astus  Mard Ehrenwerth ja kaebas, et  Hans Wink on Kirna Wissowere körtso eest temma re peält 4 Tsetwerikud 4 Garnitsed kaero ärra warrastanud, ja et temma esse on need kaerad otsides   Hans Winki  laust kölgaste seest ülles leidnud ja et selle kotti seest on muist kaero ärra wöetud.\n\nHans Wink astus ette ja ei wõinud sedda mitte sallata sepärrast, et Mard Ehrenwerth on ommad kaerad temma laust ülles leidnud; ja Hans Wink ütles: et temma on muist kaero omma hobbuse kätte söötnud.\n\nMõistetud sai,  et  Hans Wink peab need puduwad kaerad keik täieste Mard Ehrenwertile taggasi maksma ja peäle sedda weel 2 rubla hõbbetat trahwi walla laekasse maksma. \n\nSe mõistminne sai kulutud ja ollid sellega rahhul ni hästi kaebaja   Mard Ehrenwerth, kui ka temma wastane Hans Wink,\n\nja seon ka täitetud.\n\nHans Ehrenwerth XXX\n\nHans Saarmo XXX\n\nHans Lassel XXX\n\nTunnistusseks kirjutaja H. Saarmo.\n\n\n", "meta": {"origin_directory": "vallakohus_neljas/"}, "layers": [{"name": "gold_ner", "attributes": ["nertag"], "parent": null, "enveloping": null, "ambiguous": false, "serialisation_module": null, "meta": {}, "spans": [{"base_span": [67, 82], "annotations": [{"nertag": "PER"}]}, {"base_span": [97, 108], "annotations": [{"nertag": "PER"}]}, {"base_span": [111, 122], "annotations": [{"nertag": "PER"}]}, {"base_span": [134, 148], "annotations": [{"nertag": "PER"}]}, {"base_span": [175, 190], "annotations": [{"nertag": "PER"}]}, {"base_span": [206, 215], "annotations": [{"nertag": "PER"}]}, {"base_span": [219, 224], "annotations": [{"nertag": "LOC"}]}, {"base_span": [225, 241], "annotations": [{"nertag": "LOC_ORG"}]}, {"base_span": [354, 364], "annotations": [{"nertag": "PER"}]}, {"base_span": [454, 463], "annotations": [{"nertag": "PER"}]}, {"base_span": [522, 537], "annotations": [{"nertag": "PER"}]}, {"base_span": [584, 593], "annotations": [{"nertag": "PER"}]}, {"base_span": [674, 683], "annotations": [{"nertag": "PER"}]}, {"base_span": [722, 739], "annotations": [{"nertag": "PER"}]}, {"base_span": [893, 908], "annotations": [{"nertag": "PER"}]}, {"base_span": [931, 940], "annotations": [{"nertag": "PER"}]}, {"base_span": [965, 980], "annotations": [{"nertag": "PER"}]}, {"base_span": [986, 997], "annotations": [{"nertag": "PER"}]}, {"base_span": [1003, 1014], "annotations": [{"nertag": "PER"}]}, {"base_span": [1044, 1053], "annotations": [{"nertag": "PER"}]}]}, {"name": "gold_wordner", "attributes": ["nertag"], "parent": null, "enveloping": null, "ambiguous": false, "serialisation_module": null, "meta": {}, "spans": [{"base_span": [1, 11], "annotations": [{"nertag": "O"}]}, {"base_span": [12, 15], "annotations": [{"nertag": "O"}]}, {"base_span": [16, 21], "annotations": [{"nertag": "O"}]}, {"base_span": [22, 32], "annotations": [{"nertag": "O"}]}, {"base_span": [33, 38], "annotations": [{"nertag": "O"}]}, {"base_span": [40, 44], "annotations": [{"nertag": "O"}]}, {"base_span": [45, 50], "annotations": [{"nertag": "O"}]}, {"base_span": [51, 56], "annotations": [{"nertag": "O"}]}, {"base_span": [57, 66], "annotations": [{"nertag": "O"}]}, {"base_span": [67, 71], "annotations": [{"nertag": "B-PER"}]}, {"base_span": [72, 82], "annotations": [{"nertag": "I-PER"}]}, {"base_span": [84, 95], "annotations": [{"nertag": "O"}]}, {"base_span": [97, 101], "annotations": [{"nertag": "B-PER"}]}, {"base_span": [102, 108], "annotations": [{"nertag": "I-PER"}]}, {"base_span": [111, 115], "annotations": [{"nertag": "B-PER"}]}, {"base_span": [116, 122], "annotations": [{"nertag": "I-PER"}]}, {"base_span": [124, 133], "annotations": [{"nertag": "O"}]}, {"base_span": [134, 141], "annotations": [{"nertag": "B-PER"}]}, {"base_span": [142, 148], "annotations": [{"nertag": "I-PER"}]}, {"base_span": [150, 151], "annotations": [{"nertag": "O"}]}, {"base_span": [152, 155], "annotations": [{"nertag": "O"}]}, {"base_span": [157, 162], "annotations": [{"nertag": "O"}]}, {"base_span": [163, 167], "annotations": [{"nertag": "O"}]}, {"base_span": [168, 173], "annotations": [{"nertag": "O"}]}, {"base_span": [175, 179], "annotations": [{"nertag": "B-PER"}]}, {"base_span": [180, 190], "annotations": [{"nertag": "I-PER"}]}, {"base_span": [191, 193], "annotations": [{"nertag": "O"}]}, {"base_span": [194, 200], "annotations": [{"nertag": "O"}]}, {"base_span": [200, 201], "annotations": [{"nertag": "O"}]}, {"base_span": [202, 204], "annotations": [{"nertag": "O"}]}, {"base_span": [206, 210], "annotations": [{"nertag": "B-PER"}]}, {"base_span": [211, 215], "annotations": [{"nertag": "I-PER"}]}, {"base_span": [216, 218], "annotations": [{"nertag": "O"}]}, {"base_span": [219, 224], "annotations": [{"nertag": "B-LOC"}]}, {"base_span": [225, 234], "annotations": [{"nertag": "B-LOC_ORG"}]}, {"base_span": [235, 241], "annotations": [{"nertag": "I-LOC_ORG"}]}, {"base_span": [242, 246], "annotations": [{"nertag": "O"}]}, {"base_span": [247, 252], "annotations": [{"nertag": "O"}]}, {"base_span": [253, 255], "annotations": [{"nertag": "O"}]}, {"base_span": [256, 261], "annotations": [{"nertag": "O"}]}, {"base_span": [262, 263], "annotations": [{"nertag": "O"}]}, {"base_span": [264, 275], "annotations": [{"nertag": "O"}]}, {"base_span": [276, 277], "annotations": [{"nertag": "O"}]}, {"base_span": [278, 287], "annotations": [{"nertag": "O"}]}, {"base_span": [288, 293], "annotations": [{"nertag": "O"}]}, {"base_span": [294, 298], "annotations": [{"nertag": "O"}]}, {"base_span": [299, 310], "annotations": [{"nertag": "O"}]}, {"base_span": [310, 311], "annotations": [{"nertag": "O"}]}, {"base_span": [312, 314], "annotations": [{"nertag": "O"}]}, {"base_span": [315, 317], "annotations": [{"nertag": "O"}]}, {"base_span": [318, 323], "annotations": [{"nertag": "O"}]}, {"base_span": [324, 328], "annotations": [{"nertag": "O"}]}, {"base_span": [329, 331], "annotations": [{"nertag": "O"}]}, {"base_span": [332, 336], "annotations": [{"nertag": "O"}]}, {"base_span": [337, 343], "annotations": [{"nertag": "O"}]}, {"base_span": [344, 351], "annotations": [{"nertag": "O"}]}, {"base_span": [354, 358], "annotations": [{"nertag": "B-PER"}]}, {"base_span": [359, 364], "annotations": [{"nertag": "I-PER"}]}, {"base_span": [366, 371], "annotations": [{"nertag": "O"}]}, {"base_span": [372, 380], "annotations": [{"nertag": "O"}]}, {"base_span": [381, 386], "annotations": [{"nertag": "O"}]}, {"base_span": [387, 392], "annotations": [{"nertag": "O"}]}, {"base_span": [393, 400], "annotations": [{"nertag": "O"}]}, {"base_span": [401, 403], "annotations": [{"nertag": "O"}]}, {"base_span": [404, 406], "annotations": [{"nertag": "O"}]}, {"base_span": [407, 412], "annotations": [{"nertag": "O"}]}, {"base_span": [413, 418], "annotations": [{"nertag": "O"}]}, {"base_span": [419, 424], "annotations": [{"nertag": "O"}]}, {"base_span": [425, 427], "annotations": [{"nertag": "O"}]}, {"base_span": [428, 433], "annotations": [{"nertag": "O"}]}, {"base_span": [434, 439], "annotations": [{"nertag": "O"}]}, {"base_span": [440, 444], "annotations": [{"nertag": "O"}]}, {"base_span": [445, 451], "annotations": [{"nertag": "O"}]}, {"base_span": [451, 452], "annotations": [{"nertag": "O"}]}, {"base_span": [454, 458], "annotations": [{"nertag": "B-PER"}]}, {"base_span": [459, 463], "annotations": [{"nertag": "I-PER"}]}, {"base_span": [464, 469], "annotations": [{"nertag": "O"}]}, {"base_span": [470, 474], "annotations": [{"nertag": "O"}]}, {"base_span": [475, 477], "annotations": [{"nertag": "O"}]}, {"base_span": [478, 480], "annotations": [{"nertag": "O"}]}, {"base_span": [481, 487], "annotations": [{"nertag": "O"}]}, {"base_span": [488, 493], "annotations": [{"nertag": "O"}]}, {"base_span": [494, 499], "annotations": [{"nertag": "O"}]}, {"base_span": [500, 507], "annotations": [{"nertag": "O"}]}, {"base_span": [508, 517], "annotations": [{"nertag": "O"}]}, {"base_span": [517, 518], "annotations": [{"nertag": "O"}]}, {"base_span": [519, 521], "annotations": [{"nertag": "O"}]}, {"base_span": [522, 526], "annotations": [{"nertag": "B-PER"}]}, {"base_span": [527, 537], "annotations": [{"nertag": "I-PER"}]}, {"base_span": [538, 540], "annotations": [{"nertag": "O"}]}, {"base_span": [541, 546], "annotations": [{"nertag": "O"}]}, {"base_span": [547, 553], "annotations": [{"nertag": "O"}]}, {"base_span": [554, 559], "annotations": [{"nertag": "O"}]}, {"base_span": [560, 565], "annotations": [{"nertag": "O"}]}, {"base_span": [566, 571], "annotations": [{"nertag": "O"}]}, {"base_span": [572, 579], "annotations": [{"nertag": "O"}]}, {"base_span": [579, 580], "annotations": [{"nertag": "O"}]}, {"base_span": [581, 583], "annotations": [{"nertag": "O"}]}, {"base_span": [584, 588], "annotations": [{"nertag": "B-PER"}]}, {"base_span": [589, 593], "annotations": [{"nertag": "I-PER"}]}, {"base_span": [594, 599], "annotations": [{"nertag": "O"}]}, {"base_span": [599, 600], "annotations": [{"nertag": "O"}]}, {"base_span": [601, 603], "annotations": [{"nertag": "O"}]}, {"base_span": [604, 609], "annotations": [{"nertag": "O"}]}, {"base_span": [610, 612], "annotations": [{"nertag": "O"}]}, {"base_span": [613, 618], "annotations": [{"nertag": "O"}]}, {"base_span": [619, 624], "annotations": [{"nertag": "O"}]}, {"base_span": [625, 629], "annotations": [{"nertag": "O"}]}, {"base_span": [630, 637], "annotations": [{"nertag": "O"}]}, {"base_span": [638, 643], "annotations": [{"nertag": "O"}]}, {"base_span": [644, 651], "annotations": [{"nertag": "O"}]}, {"base_span": [651, 652], "annotations": [{"nertag": "O"}]}, {"base_span": [654, 663], "annotations": [{"nertag": "O"}]}, {"base_span": [664, 667], "annotations": [{"nertag": "O"}]}, {"base_span": [667, 668], "annotations": [{"nertag": "O"}]}, {"base_span": [670, 672], "annotations": [{"nertag": "O"}]}, {"base_span": [674, 678], "annotations": [{"nertag": "B-PER"}]}, {"base_span": [679, 683], "annotations": [{"nertag": "I-PER"}]}, {"base_span": [684, 688], "annotations": [{"nertag": "O"}]}, {"base_span": [689, 693], "annotations": [{"nertag": "O"}]}, {"base_span": [694, 701], "annotations": [{"nertag": "O"}]}, {"base_span": [702, 708], "annotations": [{"nertag": "O"}]}, {"base_span": [709, 713], "annotations": [{"nertag": "O"}]}, {"base_span": [714, 721], "annotations": [{"nertag": "O"}]}, {"base_span": [722, 726], "annotations": [{"nertag": "B-PER"}]}, {"base_span": [727, 739], "annotations": [{"nertag": "I-PER"}]}, {"base_span": [740, 747], "annotations": [{"nertag": "O"}]}, {"base_span": [748, 754], "annotations": [{"nertag": "O"}]}, {"base_span": [755, 757], "annotations": [{"nertag": "O"}]}, {"base_span": [758, 763], "annotations": [{"nertag": "O"}]}, {"base_span": [764, 769], "annotations": [{"nertag": "O"}]}, {"base_span": [770, 774], "annotations": [{"nertag": "O"}]}, {"base_span": [775, 776], "annotations": [{"nertag": "O"}]}, {"base_span": [777, 782], "annotations": [{"nertag": "O"}]}, {"base_span": [783, 791], "annotations": [{"nertag": "O"}]}, {"base_span": [792, 798], "annotations": [{"nertag": "O"}]}, {"base_span": [799, 804], "annotations": [{"nertag": "O"}]}, {"base_span": [805, 813], "annotations": [{"nertag": "O"}]}, {"base_span": [814, 820], "annotations": [{"nertag": "O"}]}, {"base_span": [820, 821], "annotations": [{"nertag": "O"}]}, {"base_span": [824, 826], "annotations": [{"nertag": "O"}]}, {"base_span": [827, 837], "annotations": [{"nertag": "O"}]}, {"base_span": [838, 841], "annotations": [{"nertag": "O"}]}, {"base_span": [842, 849], "annotations": [{"nertag": "O"}]}, {"base_span": [850, 852], "annotations": [{"nertag": "O"}]}, {"base_span": [853, 858], "annotations": [{"nertag": "O"}]}, {"base_span": [859, 866], "annotations": [{"nertag": "O"}]}, {"base_span": [867, 873], "annotations": [{"nertag": "O"}]}, {"base_span": [874, 876], "annotations": [{"nertag": "O"}]}, {"base_span": [877, 882], "annotations": [{"nertag": "O"}]}, {"base_span": [883, 890], "annotations": [{"nertag": "O"}]}, {"base_span": [893, 897], "annotations": [{"nertag": "B-PER"}]}, {"base_span": [898, 908], "annotations": [{"nertag": "I-PER"}]}, {"base_span": [908, 909], "annotations": [{"nertag": "O"}]}, {"base_span": [910, 913], "annotations": [{"nertag": "O"}]}, {"base_span": [914, 916], "annotations": [{"nertag": "O"}]}, {"base_span": [917, 922], "annotations": [{"nertag": "O"}]}, {"base_span": [923, 930], "annotations": [{"nertag": "O"}]}, {"base_span": [931, 935], "annotations": [{"nertag": "B-PER"}]}, {"base_span": [936, 940], "annotations": [{"nertag": "I-PER"}]}, {"base_span": [940, 941], "annotations": [{"nertag": "O"}]}, {"base_span": [943, 945], "annotations": [{"nertag": "O"}]}, {"base_span": [946, 950], "annotations": [{"nertag": "O"}]}, {"base_span": [951, 953], "annotations": [{"nertag": "O"}]}, {"base_span": [954, 962], "annotations": [{"nertag": "O"}]}, {"base_span": [962, 963], "annotations": [{"nertag": "O"}]}, {"base_span": [965, 969], "annotations": [{"nertag": "B-PER"}]}, {"base_span": [970, 980], "annotations": [{"nertag": "I-PER"}]}, {"base_span": [981, 984], "annotations": [{"nertag": "O"}]}, {"base_span": [986, 990], "annotations": [{"nertag": "B-PER"}]}, {"base_span": [991, 997], "annotations": [{"nertag": "I-PER"}]}, {"base_span": [998, 1001], "annotations": [{"nertag": "O"}]}, {"base_span": [1003, 1007], "annotations": [{"nertag": "B-PER"}]}, {"base_span": [1008, 1014], "annotations": [{"nertag": "I-PER"}]}, {"base_span": [1015, 1018], "annotations": [{"nertag": "O"}]}, {"base_span": [1020, 1033], "annotations": [{"nertag": "O"}]}, {"base_span": [1034, 1043], "annotations": [{"nertag": "O"}]}, {"base_span": [1044, 1045], "annotations": [{"nertag": "B-PER"}]}, {"base_span": [1045, 1046], "annotations": [{"nertag": "I-PER"}]}, {"base_span": [1047, 1053], "annotations": [{"nertag": "I-PER"}]}, {"base_span": [1053, 1054], "annotations": [{"nertag": "O"}]}]}]}