{"text": "\nJaan Ehrenwerthil on 50 Rubla ärrakaddunud, kelle kaddumissest temma agga enne ei teadnud, sest et se Rahha ühhes kindlas Kappis seisis, kunni temma täddi Mai Mikkenberg kes Lõõlas ellab, Rättsepa Jürri Kredemanni Rahha leidmessest olli kuulnud, et Jürri Kredemann selle aija sees Jaan Ehrenwerthi juures tööl olnud. Annab sedda Jaan Ehrenwerthile teada ja tõesti leiab, et temma Rahha 50 Rublane Paber kaddunud on.\n\nKäemehhed Jürri Kilgas ja Mai Tõnsberg, kes mõllemad selle Jürri Kredemanniga ühhes on Paide läinud, milla temma sedda Rahha leidnud ütleb ollewad, tunnistawad, et se mitte tõssi ei olle, ka ütleb Jürri Kredemann Mai Tõnsbergi kelle Suggulane essimenne on, mitte Koppikad andnud ollewad ja ommiti tunnistab Mai Tõnsberg wiis Rubla omma käe ollewad kellega tedda on käsknud osta mis temmal tarwis on, mis temma ka siin kätte andis. Jürri Kilgas on seal juures olnud Paides Schrödre Poodis kui Jürri Pallenberg kes ka Rätsep, kedda Jürri Kredemann on pallunud sedda wiekümbest Rublast wahhetada, wahhetanud  ja weel nelli kümne Rublast ja nattuke peent Rahha mis Jürri Kilgas et ta üllesanda taggasi sanud muist on Kauba eest jänud.\n\nKeige nende Tunnistuste wasto, ütleb Jürri Kredemann sedda Rahha siin pool Paide loune poolt maande ärest Paide minnes leidnud ollema.\n\nKohtomehhed mõistawad tedda Hakenrichtre kohto alla, et temma siin mitte koggoniste ei tunnista.\n\nWalla estseisja: Hans Ehrenwerth XXX\n\nAbbimehhed Mart Kredemann XXX\n\nJürri Reemann XXX\n\n\n", "meta": {"origin_directory": "vallakohus_kolmas/"}, "layers": [{"name": "gold_ner", "attributes": ["nertag"], "parent": null, "enveloping": null, "ambiguous": false, "serialisation_module": null, "meta": {}, "spans": [{"base_span": [1, 18], "annotations": [{"nertag": "PER"}]}, {"base_span": [156, 170], "annotations": [{"nertag": "PER"}]}, {"base_span": [175, 181], "annotations": [{"nertag": "LOC"}]}, {"base_span": [198, 214], "annotations": [{"nertag": "PER"}]}, {"base_span": [250, 265], "annotations": [{"nertag": "PER"}]}, {"base_span": [282, 298], "annotations": [{"nertag": "PER"}]}, {"base_span": [330, 348], "annotations": [{"nertag": "PER"}]}, {"base_span": [428, 440], "annotations": [{"nertag": "PER"}]}, {"base_span": [444, 456], "annotations": [{"nertag": "PER"}]}, {"base_span": [477, 495], "annotations": [{"nertag": "PER"}]}, {"base_span": [505, 510], "annotations": [{"nertag": "LOC"}]}, {"base_span": [615, 630], "annotations": [{"nertag": "PER"}]}, {"base_span": [631, 644], "annotations": [{"nertag": "PER"}]}, {"base_span": [725, 737], "annotations": [{"nertag": "PER"}]}, {"base_span": [849, 861], "annotations": [{"nertag": "PER"}]}, {"base_span": [883, 889], "annotations": [{"nertag": "LOC"}]}, {"base_span": [890, 905], "annotations": [{"nertag": "LOC_ORG"}]}, {"base_span": [910, 926], "annotations": [{"nertag": "PER"}]}, {"base_span": [948, 963], "annotations": [{"nertag": "PER"}]}, {"base_span": [1079, 1091], "annotations": [{"nertag": "PER"}]}, {"base_span": [1187, 1202], "annotations": [{"nertag": "PER"}]}, {"base_span": [1225, 1230], "annotations": [{"nertag": "LOC"}]}, {"base_span": [1256, 1261], "annotations": [{"nertag": "LOC"}]}, {"base_span": [1401, 1416], "annotations": [{"nertag": "PER"}]}, {"base_span": [1433, 1447], "annotations": [{"nertag": "PER"}]}, {"base_span": [1453, 1466], "annotations": [{"nertag": "PER"}]}]}, {"name": "gold_wordner", "attributes": ["nertag"], "parent": null, "enveloping": null, "ambiguous": false, "serialisation_module": null, "meta": {}, "spans": [{"base_span": [1, 5], "annotations": [{"nertag": "B-PER"}]}, {"base_span": [6, 18], "annotations": [{"nertag": "I-PER"}]}, {"base_span": [19, 21], "annotations": [{"nertag": "O"}]}, {"base_span": [22, 24], "annotations": [{"nertag": "O"}]}, {"base_span": [25, 30], "annotations": [{"nertag": "O"}]}, {"base_span": [31, 43], "annotations": [{"nertag": "O"}]}, {"base_span": [43, 44], "annotations": [{"nertag": "O"}]}, {"base_span": [45, 50], "annotations": [{"nertag": "O"}]}, {"base_span": [51, 63], "annotations": [{"nertag": "O"}]}, {"base_span": [64, 69], "annotations": [{"nertag": "O"}]}, {"base_span": [70, 74], "annotations": [{"nertag": "O"}]}, {"base_span": [75, 79], "annotations": [{"nertag": "O"}]}, {"base_span": [80, 82], "annotations": [{"nertag": "O"}]}, {"base_span": [83, 90], "annotations": [{"nertag": "O"}]}, {"base_span": [90, 91], "annotations": [{"nertag": "O"}]}, {"base_span": [92, 96], "annotations": [{"nertag": "O"}]}, {"base_span": [97, 99], "annotations": [{"nertag": "O"}]}, {"base_span": [100, 102], "annotations": [{"nertag": "O"}]}, {"base_span": [103, 108], "annotations": [{"nertag": "O"}]}, {"base_span": [109, 114], "annotations": [{"nertag": "O"}]}, {"base_span": [115, 122], "annotations": [{"nertag": "O"}]}, {"base_span": [123, 129], "annotations": [{"nertag": "O"}]}, {"base_span": [130, 136], "annotations": [{"nertag": "O"}]}, {"base_span": [136, 137], "annotations": [{"nertag": "O"}]}, {"base_span": [138, 143], "annotations": [{"nertag": "O"}]}, {"base_span": [144, 149], "annotations": [{"nertag": "O"}]}, {"base_span": [150, 155], "annotations": [{"nertag": "O"}]}, {"base_span": [156, 159], "annotations": [{"nertag": "B-PER"}]}, {"base_span": [160, 170], "annotations": [{"nertag": "I-PER"}]}, {"base_span": [171, 174], "annotations": [{"nertag": "O"}]}, {"base_span": [175, 181], "annotations": [{"nertag": "B-LOC"}]}, {"base_span": [182, 187], "annotations": [{"nertag": "O"}]}, {"base_span": [187, 188], "annotations": [{"nertag": "O"}]}, {"base_span": [189, 197], "annotations": [{"nertag": "O"}]}, {"base_span": [198, 203], "annotations": [{"nertag": "B-PER"}]}, {"base_span": [204, 214], "annotations": [{"nertag": "I-PER"}]}, {"base_span": [215, 220], "annotations": [{"nertag": "O"}]}, {"base_span": [221, 232], "annotations": [{"nertag": "O"}]}, {"base_span": [233, 237], "annotations": [{"nertag": "O"}]}, {"base_span": [238, 245], "annotations": [{"nertag": "O"}]}, {"base_span": [245, 246], "annotations": [{"nertag": "O"}]}, {"base_span": [247, 249], "annotations": [{"nertag": "O"}]}, {"base_span": [250, 255], "annotations": [{"nertag": "B-PER"}]}, {"base_span": [256, 265], "annotations": [{"nertag": "I-PER"}]}, {"base_span": [266, 271], "annotations": [{"nertag": "O"}]}, {"base_span": [272, 276], "annotations": [{"nertag": "O"}]}, {"base_span": [277, 281], "annotations": [{"nertag": "O"}]}, {"base_span": [282, 286], "annotations": [{"nertag": "B-PER"}]}, {"base_span": [287, 298], "annotations": [{"nertag": "I-PER"}]}, {"base_span": [299, 305], "annotations": [{"nertag": "O"}]}, {"base_span": [306, 310], "annotations": [{"nertag": "O"}]}, {"base_span": [311, 316], "annotations": [{"nertag": "O"}]}, {"base_span": [316, 317], "annotations": [{"nertag": "O"}]}, {"base_span": [318, 323], "annotations": [{"nertag": "O"}]}, {"base_span": [324, 329], "annotations": [{"nertag": "O"}]}, {"base_span": [330, 334], "annotations": [{"nertag": "B-PER"}]}, {"base_span": [335, 348], "annotations": [{"nertag": "I-PER"}]}, {"base_span": [349, 354], "annotations": [{"nertag": "O"}]}, {"base_span": [355, 357], "annotations": [{"nertag": "O"}]}, {"base_span": [358, 364], "annotations": [{"nertag": "O"}]}, {"base_span": [365, 370], "annotations": [{"nertag": "O"}]}, {"base_span": [370, 371], "annotations": [{"nertag": "O"}]}, {"base_span": [372, 374], "annotations": [{"nertag": "O"}]}, {"base_span": [375, 380], "annotations": [{"nertag": "O"}]}, {"base_span": [381, 386], "annotations": [{"nertag": "O"}]}, {"base_span": [387, 389], "annotations": [{"nertag": "O"}]}, {"base_span": [390, 397], "annotations": [{"nertag": "O"}]}, {"base_span": [398, 403], "annotations": [{"nertag": "O"}]}, {"base_span": [404, 412], "annotations": [{"nertag": "O"}]}, {"base_span": [413, 415], "annotations": [{"nertag": "O"}]}, {"base_span": [415, 416], "annotations": [{"nertag": "O"}]}, {"base_span": [418, 427], "annotations": [{"nertag": "O"}]}, {"base_span": [428, 433], "annotations": [{"nertag": "B-PER"}]}, {"base_span": [434, 440], "annotations": [{"nertag": "I-PER"}]}, {"base_span": [441, 443], "annotations": [{"nertag": "O"}]}, {"base_span": [444, 447], "annotations": [{"nertag": "B-PER"}]}, {"base_span": [448, 456], "annotations": [{"nertag": "I-PER"}]}, {"base_span": [456, 457], "annotations": [{"nertag": "O"}]}, {"base_span": [458, 461], "annotations": [{"nertag": "O"}]}, {"base_span": [462, 470], "annotations": [{"nertag": "O"}]}, {"base_span": [471, 476], "annotations": [{"nertag": "O"}]}, {"base_span": [477, 482], "annotations": [{"nertag": "B-PER"}]}, {"base_span": [483, 495], "annotations": [{"nertag": "I-PER"}]}, {"base_span": [496, 501], "annotations": [{"nertag": "O"}]}, {"base_span": [502, 504], "annotations": [{"nertag": "O"}]}, {"base_span": [505, 510], "annotations": [{"nertag": "B-LOC"}]}, {"base_span": [511, 517], "annotations": [{"nertag": "O"}]}, {"base_span": [517, 518], "annotations": [{"nertag": "O"}]}, {"base_span": [519, 524], "annotations": [{"nertag": "O"}]}, {"base_span": [525, 530], "annotations": [{"nertag": "O"}]}, {"base_span": [531, 536], "annotations": [{"nertag": "O"}]}, {"base_span": [537, 542], "annotations": [{"nertag": "O"}]}, {"base_span": [543, 550], "annotations": [{"nertag": "O"}]}, {"base_span": [551, 556], "annotations": [{"nertag": "O"}]}, {"base_span": [557, 564], "annotations": [{"nertag": "O"}]}, {"base_span": [564, 565], "annotations": [{"nertag": "O"}]}, {"base_span": [566, 577], "annotations": [{"nertag": "O"}]}, {"base_span": [577, 578], "annotations": [{"nertag": "O"}]}, {"base_span": [579, 581], "annotations": [{"nertag": "O"}]}, {"base_span": [582, 584], "annotations": [{"nertag": "O"}]}, {"base_span": [585, 590], "annotations": [{"nertag": "O"}]}, {"base_span": [591, 596], "annotations": [{"nertag": "O"}]}, {"base_span": [597, 599], "annotations": [{"nertag": "O"}]}, {"base_span": [600, 604], "annotations": [{"nertag": "O"}]}, {"base_span": [604, 605], "annotations": [{"nertag": "O"}]}, {"base_span": [606, 608], "annotations": [{"nertag": "O"}]}, {"base_span": [609, 614], "annotations": [{"nertag": "O"}]}, {"base_span": [615, 620], "annotations": [{"nertag": "B-PER"}]}, {"base_span": [621, 630], "annotations": [{"nertag": "I-PER"}]}, {"base_span": [631, 634], "annotations": [{"nertag": "B-PER"}]}, {"base_span": [635, 644], "annotations": [{"nertag": "I-PER"}]}, {"base_span": [645, 650], "annotations": [{"nertag": "O"}]}, {"base_span": [651, 660], "annotations": [{"nertag": "O"}]}, {"base_span": [661, 670], "annotations": [{"nertag": "O"}]}, {"base_span": [671, 673], "annotations": [{"nertag": "O"}]}, {"base_span": [673, 674], "annotations": [{"nertag": "O"}]}, {"base_span": [675, 680], "annotations": [{"nertag": "O"}]}, {"base_span": [681, 689], "annotations": [{"nertag": "O"}]}, {"base_span": [690, 696], "annotations": [{"nertag": "O"}]}, {"base_span": [697, 704], "annotations": [{"nertag": "O"}]}, {"base_span": [705, 707], "annotations": [{"nertag": "O"}]}, {"base_span": [708, 714], "annotations": [{"nertag": "O"}]}, {"base_span": [715, 724], "annotations": [{"nertag": "O"}]}, {"base_span": [725, 728], "annotations": [{"nertag": "B-PER"}]}, {"base_span": [729, 737], "annotations": [{"nertag": "I-PER"}]}, {"base_span": [738, 742], "annotations": [{"nertag": "O"}]}, {"base_span": [743, 748], "annotations": [{"nertag": "O"}]}, {"base_span": [749, 753], "annotations": [{"nertag": "O"}]}, {"base_span": [754, 757], "annotations": [{"nertag": "O"}]}, {"base_span": [758, 765], "annotations": [{"nertag": "O"}]}, {"base_span": [766, 773], "annotations": [{"nertag": "O"}]}, {"base_span": [774, 779], "annotations": [{"nertag": "O"}]}, {"base_span": [780, 782], "annotations": [{"nertag": "O"}]}, {"base_span": [783, 790], "annotations": [{"nertag": "O"}]}, {"base_span": [791, 795], "annotations": [{"nertag": "O"}]}, {"base_span": [796, 799], "annotations": [{"nertag": "O"}]}, {"base_span": [800, 806], "annotations": [{"nertag": "O"}]}, {"base_span": [807, 813], "annotations": [{"nertag": "O"}]}, {"base_span": [814, 816], "annotations": [{"nertag": "O"}]}, {"base_span": [816, 817], "annotations": [{"nertag": "O"}]}, {"base_span": [818, 821], "annotations": [{"nertag": "O"}]}, {"base_span": [822, 827], "annotations": [{"nertag": "O"}]}, {"base_span": [828, 830], "annotations": [{"nertag": "O"}]}, {"base_span": [831, 835], "annotations": [{"nertag": "O"}]}, {"base_span": [836, 841], "annotations": [{"nertag": "O"}]}, {"base_span": [842, 847], "annotations": [{"nertag": "O"}]}, {"base_span": [847, 848], "annotations": [{"nertag": "O"}]}, {"base_span": [849, 854], "annotations": [{"nertag": "B-PER"}]}, {"base_span": [855, 861], "annotations": [{"nertag": "I-PER"}]}, {"base_span": [862, 864], "annotations": [{"nertag": "O"}]}, {"base_span": [865, 869], "annotations": [{"nertag": "O"}]}, {"base_span": [870, 876], "annotations": [{"nertag": "O"}]}, {"base_span": [877, 882], "annotations": [{"nertag": "O"}]}, {"base_span": [883, 889], "annotations": [{"nertag": "B-LOC"}]}, {"base_span": [890, 898], "annotations": [{"nertag": "B-LOC_ORG"}]}, {"base_span": [899, 905], "annotations": [{"nertag": "I-LOC_ORG"}]}, {"base_span": [906, 909], "annotations": [{"nertag": "O"}]}, {"base_span": [910, 915], "annotations": [{"nertag": "B-PER"}]}, {"base_span": [916, 926], "annotations": [{"nertag": "I-PER"}]}, {"base_span": [927, 930], "annotations": [{"nertag": "O"}]}, {"base_span": [931, 933], "annotations": [{"nertag": "O"}]}, {"base_span": [934, 940], "annotations": [{"nertag": "O"}]}, {"base_span": [940, 941], "annotations": [{"nertag": "O"}]}, {"base_span": [942, 947], "annotations": [{"nertag": "O"}]}, {"base_span": [948, 953], "annotations": [{"nertag": "B-PER"}]}, {"base_span": [954, 963], "annotations": [{"nertag": "I-PER"}]}, {"base_span": [964, 966], "annotations": [{"nertag": "O"}]}, {"base_span": [967, 975], "annotations": [{"nertag": "O"}]}, {"base_span": [976, 981], "annotations": [{"nertag": "O"}]}, {"base_span": [982, 992], "annotations": [{"nertag": "O"}]}, {"base_span": [993, 1000], "annotations": [{"nertag": "O"}]}, {"base_span": [1001, 1010], "annotations": [{"nertag": "O"}]}, {"base_span": [1010, 1011], "annotations": [{"nertag": "O"}]}, {"base_span": [1012, 1022], "annotations": [{"nertag": "O"}]}, {"base_span": [1024, 1026], "annotations": [{"nertag": "O"}]}, {"base_span": [1027, 1031], "annotations": [{"nertag": "O"}]}, {"base_span": [1032, 1037], "annotations": [{"nertag": "O"}]}, {"base_span": [1038, 1043], "annotations": [{"nertag": "O"}]}, {"base_span": [1044, 1051], "annotations": [{"nertag": "O"}]}, {"base_span": [1052, 1054], "annotations": [{"nertag": "O"}]}, {"base_span": [1055, 1062], "annotations": [{"nertag": "O"}]}, {"base_span": [1063, 1068], "annotations": [{"nertag": "O"}]}, {"base_span": [1069, 1074], "annotations": [{"nertag": "O"}]}, {"base_span": [1075, 1078], "annotations": [{"nertag": "O"}]}, {"base_span": [1079, 1084], "annotations": [{"nertag": "B-PER"}]}, {"base_span": [1085, 1091], "annotations": [{"nertag": "I-PER"}]}, {"base_span": [1092, 1094], "annotations": [{"nertag": "O"}]}, {"base_span": [1095, 1097], "annotations": [{"nertag": "O"}]}, {"base_span": [1098, 1107], "annotations": [{"nertag": "O"}]}, {"base_span": [1108, 1115], "annotations": [{"nertag": "O"}]}, {"base_span": [1116, 1121], "annotations": [{"nertag": "O"}]}, {"base_span": [1122, 1127], "annotations": [{"nertag": "O"}]}, {"base_span": [1128, 1130], "annotations": [{"nertag": "O"}]}, {"base_span": [1131, 1136], "annotations": [{"nertag": "O"}]}, {"base_span": [1137, 1141], "annotations": [{"nertag": "O"}]}, {"base_span": [1142, 1147], "annotations": [{"nertag": "O"}]}, {"base_span": [1147, 1148], "annotations": [{"nertag": "O"}]}, {"base_span": [1150, 1155], "annotations": [{"nertag": "O"}]}, {"base_span": [1156, 1161], "annotations": [{"nertag": "O"}]}, {"base_span": [1162, 1173], "annotations": [{"nertag": "O"}]}, {"base_span": [1174, 1179], "annotations": [{"nertag": "O"}]}, {"base_span": [1179, 1180], "annotations": [{"nertag": "O"}]}, {"base_span": [1181, 1186], "annotations": [{"nertag": "O"}]}, {"base_span": [1187, 1192], "annotations": [{"nertag": "B-PER"}]}, {"base_span": [1193, 1202], "annotations": [{"nertag": "I-PER"}]}, {"base_span": [1203, 1208], "annotations": [{"nertag": "O"}]}, {"base_span": [1209, 1214], "annotations": [{"nertag": "O"}]}, {"base_span": [1215, 1219], "annotations": [{"nertag": "O"}]}, {"base_span": [1220, 1224], "annotations": [{"nertag": "O"}]}, {"base_span": [1225, 1230], "annotations": [{"nertag": "B-LOC"}]}, {"base_span": [1231, 1236], "annotations": [{"nertag": "O"}]}, {"base_span": [1237, 1242], "annotations": [{"nertag": "O"}]}, {"base_span": [1243, 1249], "annotations": [{"nertag": "O"}]}, {"base_span": [1250, 1255], "annotations": [{"nertag": "O"}]}, {"base_span": [1256, 1261], "annotations": [{"nertag": "B-LOC"}]}, {"base_span": [1262, 1268], "annotations": [{"nertag": "O"}]}, {"base_span": [1269, 1276], "annotations": [{"nertag": "O"}]}, {"base_span": [1277, 1283], "annotations": [{"nertag": "O"}]}, {"base_span": [1283, 1284], "annotations": [{"nertag": "O"}]}, {"base_span": [1286, 1297], "annotations": [{"nertag": "O"}]}, {"base_span": [1298, 1307], "annotations": [{"nertag": "O"}]}, {"base_span": [1308, 1313], "annotations": [{"nertag": "O"}]}, {"base_span": [1314, 1326], "annotations": [{"nertag": "O"}]}, {"base_span": [1327, 1332], "annotations": [{"nertag": "O"}]}, {"base_span": [1333, 1337], "annotations": [{"nertag": "O"}]}, {"base_span": [1337, 1338], "annotations": [{"nertag": "O"}]}, {"base_span": [1339, 1341], "annotations": [{"nertag": "O"}]}, {"base_span": [1342, 1347], "annotations": [{"nertag": "O"}]}, {"base_span": [1348, 1352], "annotations": [{"nertag": "O"}]}, {"base_span": [1353, 1358], "annotations": [{"nertag": "O"}]}, {"base_span": [1359, 1369], "annotations": [{"nertag": "O"}]}, {"base_span": [1370, 1372], "annotations": [{"nertag": "O"}]}, {"base_span": [1373, 1381], "annotations": [{"nertag": "O"}]}, {"base_span": [1381, 1382], "annotations": [{"nertag": "O"}]}, {"base_span": [1384, 1389], "annotations": [{"nertag": "O"}]}, {"base_span": [1390, 1399], "annotations": [{"nertag": "O"}]}, {"base_span": [1399, 1400], "annotations": [{"nertag": "O"}]}, {"base_span": [1401, 1405], "annotations": [{"nertag": "B-PER"}]}, {"base_span": [1406, 1416], "annotations": [{"nertag": "I-PER"}]}, {"base_span": [1417, 1420], "annotations": [{"nertag": "O"}]}, {"base_span": [1422, 1432], "annotations": [{"nertag": "O"}]}, {"base_span": [1433, 1437], "annotations": [{"nertag": "B-PER"}]}, {"base_span": [1438, 1447], "annotations": [{"nertag": "I-PER"}]}, {"base_span": [1448, 1451], "annotations": [{"nertag": "O"}]}, {"base_span": [1453, 1458], "annotations": [{"nertag": "B-PER"}]}, {"base_span": [1459, 1466], "annotations": [{"nertag": "I-PER"}]}, {"base_span": [1467, 1470], "annotations": [{"nertag": "O"}]}]}]}