{"text": "\nSilmsi Mois sel 16mal April 1869\n\nKoos ollid Kohto mehhed\n\npeawannem Juhhan Wende\n\nKorwa mehed Pretik Gassa\n\nMard Grünbärg\n\nProtokoll\n\nEtte tulli Kebaja Jaan Kaln ja Kebas Jürri Sepaldi Naise Lenno peale. Jaan Kaln olli ostnud Jürri Sepaldi käest üks Wassika nahk ja on sedda täiesti wälja maksnud ja on weel sedda nahka Jürri Sepaldi iuure mahha telinud ja pari päwa pärrast müib Leno Sepald sedda nahka ühhe teisele et teine par kobkad rohkem andis kui enne olli sadud. Selle ülle moistis Kohos et Leno Sepald maksab se rahha mis Jaan Kaln olli ostmese aial anud iäle taggasi ja 25 Kobkad walla laekase trahwi. \n\nJuhhan Wende xxx\n\nPretik Gassa xxx\n\nMard Grünbärg xxx\n\nJ Idol Kirjot\n\n\n", "meta": {"origin_directory": "vallakohus_neljas/"}, "layers": [{"name": "gold_ner", "attributes": ["nertag"], "parent": null, "enveloping": null, "ambiguous": false, "serialisation_module": null, "meta": {}, "spans": [{"base_span": [1, 12], "annotations": [{"nertag": "LOC_ORG"}]}, {"base_span": [70, 82], "annotations": [{"nertag": "PER"}]}, {"base_span": [96, 108], "annotations": [{"nertag": "PER"}]}, {"base_span": [110, 123], "annotations": [{"nertag": "PER"}]}, {"base_span": [147, 153], "annotations": [{"nertag": "LOC_ORG"}]}, {"base_span": [154, 163], "annotations": [{"nertag": "PER"}]}, {"base_span": [173, 186], "annotations": [{"nertag": "PER"}]}, {"base_span": [193, 198], "annotations": [{"nertag": "PER"}]}, {"base_span": [206, 215], "annotations": [{"nertag": "PER"}]}, {"base_span": [228, 241], "annotations": [{"nertag": "PER"}]}, {"base_span": [322, 335], "annotations": [{"nertag": "PER"}]}, {"base_span": [382, 393], "annotations": [{"nertag": "PER"}]}, {"base_span": [501, 512], "annotations": [{"nertag": "PER"}]}, {"base_span": [533, 542], "annotations": [{"nertag": "PER"}]}, {"base_span": [616, 628], "annotations": [{"nertag": "PER"}]}, {"base_span": [634, 646], "annotations": [{"nertag": "PER"}]}, {"base_span": [652, 665], "annotations": [{"nertag": "PER"}]}, {"base_span": [671, 677], "annotations": [{"nertag": "PER"}]}]}, {"name": "gold_wordner", "attributes": ["nertag"], "parent": null, "enveloping": null, "ambiguous": false, "serialisation_module": null, "meta": {}, "spans": [{"base_span": [1, 7], "annotations": [{"nertag": "B-LOC_ORG"}]}, {"base_span": [8, 12], "annotations": [{"nertag": "I-LOC_ORG"}]}, {"base_span": [13, 16], "annotations": [{"nertag": "O"}]}, {"base_span": [17, 22], "annotations": [{"nertag": "O"}]}, {"base_span": [23, 28], "annotations": [{"nertag": "O"}]}, {"base_span": [29, 33], "annotations": [{"nertag": "O"}]}, {"base_span": [35, 39], "annotations": [{"nertag": "O"}]}, {"base_span": [40, 45], "annotations": [{"nertag": "O"}]}, {"base_span": [46, 51], "annotations": [{"nertag": "O"}]}, {"base_span": [52, 58], "annotations": [{"nertag": "O"}]}, {"base_span": [60, 69], "annotations": [{"nertag": "O"}]}, {"base_span": [70, 76], "annotations": [{"nertag": "B-PER"}]}, {"base_span": [77, 82], "annotations": [{"nertag": "I-PER"}]}, {"base_span": [84, 89], "annotations": [{"nertag": "O"}]}, {"base_span": [90, 95], "annotations": [{"nertag": "O"}]}, {"base_span": [96, 102], "annotations": [{"nertag": "B-PER"}]}, {"base_span": [103, 108], "annotations": [{"nertag": "I-PER"}]}, {"base_span": [110, 114], "annotations": [{"nertag": "B-PER"}]}, {"base_span": [115, 123], "annotations": [{"nertag": "I-PER"}]}, {"base_span": [125, 134], "annotations": [{"nertag": "O"}]}, {"base_span": [136, 140], "annotations": [{"nertag": "O"}]}, {"base_span": [141, 146], "annotations": [{"nertag": "O"}]}, {"base_span": [147, 153], "annotations": [{"nertag": "B-LOC_ORG"}]}, {"base_span": [154, 158], "annotations": [{"nertag": "B-PER"}]}, {"base_span": [159, 163], "annotations": [{"nertag": "I-PER"}]}, {"base_span": [164, 166], "annotations": [{"nertag": "O"}]}, {"base_span": [167, 172], "annotations": [{"nertag": "O"}]}, {"base_span": [173, 178], "annotations": [{"nertag": "B-PER"}]}, {"base_span": [179, 186], "annotations": [{"nertag": "I-PER"}]}, {"base_span": [187, 192], "annotations": [{"nertag": "O"}]}, {"base_span": [193, 198], "annotations": [{"nertag": "B-PER"}]}, {"base_span": [199, 204], "annotations": [{"nertag": "O"}]}, {"base_span": [204, 205], "annotations": [{"nertag": "O"}]}, {"base_span": [206, 210], "annotations": [{"nertag": "B-PER"}]}, {"base_span": [211, 215], "annotations": [{"nertag": "I-PER"}]}, {"base_span": [216, 220], "annotations": [{"nertag": "O"}]}, {"base_span": [221, 227], "annotations": [{"nertag": "O"}]}, {"base_span": [228, 233], "annotations": [{"nertag": "B-PER"}]}, {"base_span": [234, 241], "annotations": [{"nertag": "I-PER"}]}, {"base_span": [242, 247], "annotations": [{"nertag": "O"}]}, {"base_span": [248, 251], "annotations": [{"nertag": "O"}]}, {"base_span": [252, 259], "annotations": [{"nertag": "O"}]}, {"base_span": [260, 264], "annotations": [{"nertag": "O"}]}, {"base_span": [265, 267], "annotations": [{"nertag": "O"}]}, {"base_span": [268, 270], "annotations": [{"nertag": "O"}]}, {"base_span": [271, 276], "annotations": [{"nertag": "O"}]}, {"base_span": [277, 284], "annotations": [{"nertag": "O"}]}, {"base_span": [285, 290], "annotations": [{"nertag": "O"}]}, {"base_span": [291, 298], "annotations": [{"nertag": "O"}]}, {"base_span": [299, 301], "annotations": [{"nertag": "O"}]}, {"base_span": [302, 304], "annotations": [{"nertag": "O"}]}, {"base_span": [305, 309], "annotations": [{"nertag": "O"}]}, {"base_span": [310, 315], "annotations": [{"nertag": "O"}]}, {"base_span": [316, 321], "annotations": [{"nertag": "O"}]}, {"base_span": [322, 327], "annotations": [{"nertag": "B-PER"}]}, {"base_span": [328, 335], "annotations": [{"nertag": "I-PER"}]}, {"base_span": [336, 341], "annotations": [{"nertag": "O"}]}, {"base_span": [342, 347], "annotations": [{"nertag": "O"}]}, {"base_span": [348, 355], "annotations": [{"nertag": "O"}]}, {"base_span": [356, 358], "annotations": [{"nertag": "O"}]}, {"base_span": [359, 363], "annotations": [{"nertag": "O"}]}, {"base_span": [364, 368], "annotations": [{"nertag": "O"}]}, {"base_span": [369, 376], "annotations": [{"nertag": "O"}]}, {"base_span": [377, 381], "annotations": [{"nertag": "O"}]}, {"base_span": [382, 386], "annotations": [{"nertag": "B-PER"}]}, {"base_span": [387, 393], "annotations": [{"nertag": "I-PER"}]}, {"base_span": [394, 399], "annotations": [{"nertag": "O"}]}, {"base_span": [400, 405], "annotations": [{"nertag": "O"}]}, {"base_span": [406, 410], "annotations": [{"nertag": "O"}]}, {"base_span": [411, 418], "annotations": [{"nertag": "O"}]}, {"base_span": [419, 421], "annotations": [{"nertag": "O"}]}, {"base_span": [422, 427], "annotations": [{"nertag": "O"}]}, {"base_span": [428, 431], "annotations": [{"nertag": "O"}]}, {"base_span": [432, 438], "annotations": [{"nertag": "O"}]}, {"base_span": [439, 445], "annotations": [{"nertag": "O"}]}, {"base_span": [446, 451], "annotations": [{"nertag": "O"}]}, {"base_span": [452, 455], "annotations": [{"nertag": "O"}]}, {"base_span": [456, 460], "annotations": [{"nertag": "O"}]}, {"base_span": [461, 465], "annotations": [{"nertag": "O"}]}, {"base_span": [466, 471], "annotations": [{"nertag": "O"}]}, {"base_span": [471, 472], "annotations": [{"nertag": "O"}]}, {"base_span": [473, 478], "annotations": [{"nertag": "O"}]}, {"base_span": [479, 483], "annotations": [{"nertag": "O"}]}, {"base_span": [484, 491], "annotations": [{"nertag": "O"}]}, {"base_span": [492, 497], "annotations": [{"nertag": "O"}]}, {"base_span": [498, 500], "annotations": [{"nertag": "O"}]}, {"base_span": [501, 505], "annotations": [{"nertag": "B-PER"}]}, {"base_span": [506, 512], "annotations": [{"nertag": "I-PER"}]}, {"base_span": [513, 519], "annotations": [{"nertag": "O"}]}, {"base_span": [520, 522], "annotations": [{"nertag": "O"}]}, {"base_span": [523, 528], "annotations": [{"nertag": "O"}]}, {"base_span": [529, 532], "annotations": [{"nertag": "O"}]}, {"base_span": [533, 537], "annotations": [{"nertag": "B-PER"}]}, {"base_span": [538, 542], "annotations": [{"nertag": "I-PER"}]}, {"base_span": [543, 547], "annotations": [{"nertag": "O"}]}, {"base_span": [548, 555], "annotations": [{"nertag": "O"}]}, {"base_span": [556, 560], "annotations": [{"nertag": "O"}]}, {"base_span": [561, 565], "annotations": [{"nertag": "O"}]}, {"base_span": [566, 570], "annotations": [{"nertag": "O"}]}, {"base_span": [571, 578], "annotations": [{"nertag": "O"}]}, {"base_span": [579, 581], "annotations": [{"nertag": "O"}]}, {"base_span": [582, 584], "annotations": [{"nertag": "O"}]}, {"base_span": [585, 591], "annotations": [{"nertag": "O"}]}, {"base_span": [592, 597], "annotations": [{"nertag": "O"}]}, {"base_span": [598, 605], "annotations": [{"nertag": "O"}]}, {"base_span": [606, 612], "annotations": [{"nertag": "O"}]}, {"base_span": [612, 613], "annotations": [{"nertag": "O"}]}, {"base_span": [616, 622], "annotations": [{"nertag": "B-PER"}]}, {"base_span": [623, 628], "annotations": [{"nertag": "I-PER"}]}, {"base_span": [629, 632], "annotations": [{"nertag": "O"}]}, {"base_span": [634, 640], "annotations": [{"nertag": "B-PER"}]}, {"base_span": [641, 646], "annotations": [{"nertag": "I-PER"}]}, {"base_span": [647, 650], "annotations": [{"nertag": "O"}]}, {"base_span": [652, 656], "annotations": [{"nertag": "B-PER"}]}, {"base_span": [657, 665], "annotations": [{"nertag": "I-PER"}]}, {"base_span": [666, 669], "annotations": [{"nertag": "O"}]}, {"base_span": [671, 672], "annotations": [{"nertag": "B-PER"}]}, {"base_span": [673, 677], "annotations": [{"nertag": "I-PER"}]}, {"base_span": [678, 684], "annotations": [{"nertag": "O"}]}]}]}