{"text": "Mai Udelep kaebab Jakob Rässa peale, et Jakub Rässa ollema tedda kolm korda rehha warrega löönud. Selle pärrast et temmal, pahhad sönad ütlend. Jakob Rässa ütleb et Mai Udelep on kiwwiga wiskanud, ja hammastega katki kiskunud, ja Maie U... Tüttar on ka Jakob Rässa kallale läinud ja peksnud. Ja Karel Kurgmann tunnistas, et temma on näinud, et Mai Udelep ja temma tüttar, on Jakob Rässa peksnud. Ja Mai Udelep, ja Jakob Rässa Leppisiwad Kohto ees ja antsiwad teineteisele kätt, ja Kohhus nomis neid, nende häbbematta sannade pärrast. Ja naad lubbasiwad rahho sees ellada.\n\n", "meta": {"origin_directory": "vallakohus_neljas/"}, "layers": [{"name": "gold_ner", "attributes": ["nertag"], "parent": null, "enveloping": null, "ambiguous": false, "serialisation_module": null, "meta": {}, "spans": [{"base_span": [0, 10], "annotations": [{"nertag": "PER"}]}, {"base_span": [18, 29], "annotations": [{"nertag": "PER"}]}, {"base_span": [40, 51], "annotations": [{"nertag": "PER"}]}, {"base_span": [144, 155], "annotations": [{"nertag": "PER"}]}, {"base_span": [165, 175], "annotations": [{"nertag": "PER"}]}, {"base_span": [230, 239], "annotations": [{"nertag": "PER"}]}, {"base_span": [253, 264], "annotations": [{"nertag": "PER"}]}, {"base_span": [295, 309], "annotations": [{"nertag": "PER"}]}, {"base_span": [344, 354], "annotations": [{"nertag": "PER"}]}, {"base_span": [375, 386], "annotations": [{"nertag": "PER"}]}, {"base_span": [399, 409], "annotations": [{"nertag": "PER"}]}, {"base_span": [414, 425], "annotations": [{"nertag": "PER"}]}]}, {"name": "gold_wordner", "attributes": ["nertag"], "parent": null, "enveloping": null, "ambiguous": false, "serialisation_module": null, "meta": {}, "spans": [{"base_span": [0, 3], "annotations": [{"nertag": "B-PER"}]}, {"base_span": [4, 10], "annotations": [{"nertag": "I-PER"}]}, {"base_span": [11, 17], "annotations": [{"nertag": "O"}]}, {"base_span": [18, 23], "annotations": [{"nertag": "B-PER"}]}, {"base_span": [24, 29], "annotations": [{"nertag": "I-PER"}]}, {"base_span": [30, 35], "annotations": [{"nertag": "O"}]}, {"base_span": [35, 36], "annotations": [{"nertag": "O"}]}, {"base_span": [37, 39], "annotations": [{"nertag": "O"}]}, {"base_span": [40, 45], "annotations": [{"nertag": "B-PER"}]}, {"base_span": [46, 51], "annotations": [{"nertag": "I-PER"}]}, {"base_span": [52, 58], "annotations": [{"nertag": "O"}]}, {"base_span": [59, 64], "annotations": [{"nertag": "O"}]}, {"base_span": [65, 69], "annotations": [{"nertag": "O"}]}, {"base_span": [70, 75], "annotations": [{"nertag": "O"}]}, {"base_span": [76, 81], "annotations": [{"nertag": "O"}]}, {"base_span": [82, 89], "annotations": [{"nertag": "O"}]}, {"base_span": [90, 96], "annotations": [{"nertag": "O"}]}, {"base_span": [96, 97], "annotations": [{"nertag": "O"}]}, {"base_span": [98, 103], "annotations": [{"nertag": "O"}]}, {"base_span": [104, 111], "annotations": [{"nertag": "O"}]}, {"base_span": [112, 114], "annotations": [{"nertag": "O"}]}, {"base_span": [115, 121], "annotations": [{"nertag": "O"}]}, {"base_span": [121, 122], "annotations": [{"nertag": "O"}]}, {"base_span": [123, 129], "annotations": [{"nertag": "O"}]}, {"base_span": [130, 135], "annotations": [{"nertag": "O"}]}, {"base_span": [136, 142], "annotations": [{"nertag": "O"}]}, {"base_span": [142, 143], "annotations": [{"nertag": "O"}]}, {"base_span": [144, 149], "annotations": [{"nertag": "B-PER"}]}, {"base_span": [150, 155], "annotations": [{"nertag": "I-PER"}]}, {"base_span": [156, 161], "annotations": [{"nertag": "O"}]}, {"base_span": [162, 164], "annotations": [{"nertag": "O"}]}, {"base_span": [165, 168], "annotations": [{"nertag": "B-PER"}]}, {"base_span": [169, 175], "annotations": [{"nertag": "I-PER"}]}, {"base_span": [176, 178], "annotations": [{"nertag": "O"}]}, {"base_span": [179, 186], "annotations": [{"nertag": "O"}]}, {"base_span": [187, 195], "annotations": [{"nertag": "O"}]}, {"base_span": [195, 196], "annotations": [{"nertag": "O"}]}, {"base_span": [197, 199], "annotations": [{"nertag": "O"}]}, {"base_span": [200, 210], "annotations": [{"nertag": "O"}]}, {"base_span": [211, 216], "annotations": [{"nertag": "O"}]}, {"base_span": [217, 225], "annotations": [{"nertag": "O"}]}, {"base_span": [225, 226], "annotations": [{"nertag": "O"}]}, {"base_span": [227, 229], "annotations": [{"nertag": "O"}]}, {"base_span": [230, 234], "annotations": [{"nertag": "B-PER"}]}, {"base_span": [235, 236], "annotations": [{"nertag": "I-PER"}]}, {"base_span": [236, 239], "annotations": [{"nertag": "I-PER"}]}, {"base_span": [240, 246], "annotations": [{"nertag": "O"}]}, {"base_span": [247, 249], "annotations": [{"nertag": "O"}]}, {"base_span": [250, 252], "annotations": [{"nertag": "O"}]}, {"base_span": [253, 258], "annotations": [{"nertag": "B-PER"}]}, {"base_span": [259, 264], "annotations": [{"nertag": "I-PER"}]}, {"base_span": [265, 272], "annotations": [{"nertag": "O"}]}, {"base_span": [273, 279], "annotations": [{"nertag": "O"}]}, {"base_span": [280, 282], "annotations": [{"nertag": "O"}]}, {"base_span": [283, 290], "annotations": [{"nertag": "O"}]}, {"base_span": [290, 291], "annotations": [{"nertag": "O"}]}, {"base_span": [292, 294], "annotations": [{"nertag": "O"}]}, {"base_span": [295, 300], "annotations": [{"nertag": "B-PER"}]}, {"base_span": [301, 309], "annotations": [{"nertag": "I-PER"}]}, {"base_span": [310, 319], "annotations": [{"nertag": "O"}]}, {"base_span": [319, 320], "annotations": [{"nertag": "O"}]}, {"base_span": [321, 323], "annotations": [{"nertag": "O"}]}, {"base_span": [324, 329], "annotations": [{"nertag": "O"}]}, {"base_span": [330, 332], "annotations": [{"nertag": "O"}]}, {"base_span": [333, 339], "annotations": [{"nertag": "O"}]}, {"base_span": [339, 340], "annotations": [{"nertag": "O"}]}, {"base_span": [341, 343], "annotations": [{"nertag": "O"}]}, {"base_span": [344, 347], "annotations": [{"nertag": "B-PER"}]}, {"base_span": [348, 354], "annotations": [{"nertag": "I-PER"}]}, {"base_span": [355, 357], "annotations": [{"nertag": "O"}]}, {"base_span": [358, 363], "annotations": [{"nertag": "O"}]}, {"base_span": [364, 370], "annotations": [{"nertag": "O"}]}, {"base_span": [370, 371], "annotations": [{"nertag": "O"}]}, {"base_span": [372, 374], "annotations": [{"nertag": "O"}]}, {"base_span": [375, 380], "annotations": [{"nertag": "B-PER"}]}, {"base_span": [381, 386], "annotations": [{"nertag": "I-PER"}]}, {"base_span": [387, 394], "annotations": [{"nertag": "O"}]}, {"base_span": [394, 395], "annotations": [{"nertag": "O"}]}, {"base_span": [396, 398], "annotations": [{"nertag": "O"}]}, {"base_span": [399, 402], "annotations": [{"nertag": "B-PER"}]}, {"base_span": [403, 409], "annotations": [{"nertag": "I-PER"}]}, {"base_span": [409, 410], "annotations": [{"nertag": "O"}]}, {"base_span": [411, 413], "annotations": [{"nertag": "O"}]}, {"base_span": [414, 419], "annotations": [{"nertag": "B-PER"}]}, {"base_span": [420, 425], "annotations": [{"nertag": "I-PER"}]}, {"base_span": [426, 436], "annotations": [{"nertag": "O"}]}, {"base_span": [437, 442], "annotations": [{"nertag": "O"}]}, {"base_span": [443, 446], "annotations": [{"nertag": "O"}]}, {"base_span": [447, 449], "annotations": [{"nertag": "O"}]}, {"base_span": [450, 458], "annotations": [{"nertag": "O"}]}, {"base_span": [459, 471], "annotations": [{"nertag": "O"}]}, {"base_span": [472, 476], "annotations": [{"nertag": "O"}]}, {"base_span": [476, 477], "annotations": [{"nertag": "O"}]}, {"base_span": [478, 480], "annotations": [{"nertag": "O"}]}, {"base_span": [481, 487], "annotations": [{"nertag": "O"}]}, {"base_span": [488, 493], "annotations": [{"nertag": "O"}]}, {"base_span": [494, 498], "annotations": [{"nertag": "O"}]}, {"base_span": [498, 499], "annotations": [{"nertag": "O"}]}, {"base_span": [500, 505], "annotations": [{"nertag": "O"}]}, {"base_span": [506, 516], "annotations": [{"nertag": "O"}]}, {"base_span": [517, 524], "annotations": [{"nertag": "O"}]}, {"base_span": [525, 532], "annotations": [{"nertag": "O"}]}, {"base_span": [532, 533], "annotations": [{"nertag": "O"}]}, {"base_span": [534, 536], "annotations": [{"nertag": "O"}]}, {"base_span": [537, 541], "annotations": [{"nertag": "O"}]}, {"base_span": [542, 552], "annotations": [{"nertag": "O"}]}, {"base_span": [553, 558], "annotations": [{"nertag": "O"}]}, {"base_span": [559, 563], "annotations": [{"nertag": "O"}]}, {"base_span": [564, 570], "annotations": [{"nertag": "O"}]}, {"base_span": [570, 571], "annotations": [{"nertag": "O"}]}]}]}