{"text": "\n1902 a. Januari kuu 17 päewal ilmusid Wäätsa walla kohtu koosolekule isiklikult tuntud Wäätsa walla liikmed  Kaarel Kustase p. Leht ja  Jakob Kustase p. Leht ja palusid kohut akti raamatusse sisse kirjutada endi järgmist suusõnalist lepingut:\n\n Kaarel Leht annab oma wenna Jakob Leht'ele oma Wäätsa mõisa järele olewa talukoha  \"Kerneri\" krundis olewa sauna  kõige aluskrundiga omanduseks ühesaja /100/ rubla eest nende summade tasumiseks, mis Kaarel  Jakobile maksa isa testamendi järele. (Isa testamendi järele peab Jakob Kaarle käest saama 200 rubla). Siin juures andsid pooled üles, et ta, Jakob, on kätte saanud Kaarle käest isa testamendi järele wiiskümmend /50/ rubla juba enne, niisiis weel saada wiiskümmend /50/ rubla.\n\n Karel Leht /allkiri/\n\nJakob Leht ei oska kirjutada, tema palwe peale kirjutas alla\n\nK. Pommer /allkiri/\n\nSee leping sai pärast akti raamatusse kirjutamist pooltele etteloetud ja  allakirjutatud Kaarel Leht'e enese poolt ja Jakob Lehe eest tema palwe peale Sooru walla liikme Karl Pommeri poolt.\n\nEesistuja  J. Käsper/allkiri/\n\nLiikmed \n\nH. Rass /allkiri/\n\nW. Baunwerk /allkiri/\n\nK. Ruut /allkiri/\n\nKirjutaja Pommer /allkiri/\n\n\n", "meta": {"origin_directory": "vallakohus_neljas/"}, "layers": [{"name": "gold_ner", "attributes": ["nertag"], "parent": null, "enveloping": null, "ambiguous": false, "serialisation_module": null, "meta": {}, "spans": [{"base_span": [39, 57], "annotations": [{"nertag": "ORG"}]}, {"base_span": [88, 100], "annotations": [{"nertag": "LOC_ORG"}]}, {"base_span": [110, 132], "annotations": [{"nertag": "PER"}]}, {"base_span": [137, 158], "annotations": [{"nertag": "PER"}]}, {"base_span": [246, 257], "annotations": [{"nertag": "PER"}]}, {"base_span": [274, 288], "annotations": [{"nertag": "PER"}]}, {"base_span": [293, 305], "annotations": [{"nertag": "LOC_ORG"}]}, {"base_span": [329, 346], "annotations": [{"nertag": "LOC_ORG"}]}, {"base_span": [445, 451], "annotations": [{"nertag": "PER"}]}, {"base_span": [453, 461], "annotations": [{"nertag": "PER"}]}, {"base_span": [519, 524], "annotations": [{"nertag": "PER"}]}, {"base_span": [525, 531], "annotations": [{"nertag": "PER"}]}, {"base_span": [595, 600], "annotations": [{"nertag": "PER"}]}, {"base_span": [618, 624], "annotations": [{"nertag": "PER"}]}, {"base_span": [732, 742], "annotations": [{"nertag": "PER"}]}, {"base_span": [754, 764], "annotations": [{"nertag": "PER"}]}, {"base_span": [816, 825], "annotations": [{"nertag": "PER"}]}, {"base_span": [926, 939], "annotations": [{"nertag": "PER"}]}, {"base_span": [955, 965], "annotations": [{"nertag": "PER"}]}, {"base_span": [988, 999], "annotations": [{"nertag": "LOC_ORG"}]}, {"base_span": [1007, 1019], "annotations": [{"nertag": "PER"}]}, {"base_span": [1039, 1048], "annotations": [{"nertag": "PER"}]}, {"base_span": [1069, 1076], "annotations": [{"nertag": "PER"}]}, {"base_span": [1088, 1099], "annotations": [{"nertag": "PER"}]}, {"base_span": [1111, 1118], "annotations": [{"nertag": "PER"}]}, {"base_span": [1140, 1146], "annotations": [{"nertag": "PER"}]}]}, {"name": "gold_wordner", "attributes": ["nertag"], "parent": null, "enveloping": null, "ambiguous": false, "serialisation_module": null, "meta": {}, "spans": [{"base_span": [1, 5], "annotations": [{"nertag": "O"}]}, {"base_span": [6, 7], "annotations": [{"nertag": "O"}]}, {"base_span": [7, 8], "annotations": [{"nertag": "O"}]}, {"base_span": [9, 16], "annotations": [{"nertag": "O"}]}, {"base_span": [17, 20], "annotations": [{"nertag": "O"}]}, {"base_span": [21, 23], "annotations": [{"nertag": "O"}]}, {"base_span": [24, 30], "annotations": [{"nertag": "O"}]}, {"base_span": [31, 38], "annotations": [{"nertag": "O"}]}, {"base_span": [39, 45], "annotations": [{"nertag": "B-ORG"}]}, {"base_span": [46, 51], "annotations": [{"nertag": "I-ORG"}]}, {"base_span": [52, 57], "annotations": [{"nertag": "I-ORG"}]}, {"base_span": [58, 69], "annotations": [{"nertag": "O"}]}, {"base_span": [70, 80], "annotations": [{"nertag": "O"}]}, {"base_span": [81, 87], "annotations": [{"nertag": "O"}]}, {"base_span": [88, 94], "annotations": [{"nertag": "B-LOC_ORG"}]}, {"base_span": [95, 100], "annotations": [{"nertag": "I-LOC_ORG"}]}, {"base_span": [101, 108], "annotations": [{"nertag": "O"}]}, {"base_span": [110, 116], "annotations": [{"nertag": "B-PER"}]}, {"base_span": [117, 124], "annotations": [{"nertag": "I-PER"}]}, {"base_span": [125, 126], "annotations": [{"nertag": "I-PER"}]}, {"base_span": [126, 127], "annotations": [{"nertag": "I-PER"}]}, {"base_span": [128, 132], "annotations": [{"nertag": "I-PER"}]}, {"base_span": [133, 135], "annotations": [{"nertag": "O"}]}, {"base_span": [137, 142], "annotations": [{"nertag": "B-PER"}]}, {"base_span": [143, 150], "annotations": [{"nertag": "I-PER"}]}, {"base_span": [151, 152], "annotations": [{"nertag": "I-PER"}]}, {"base_span": [152, 153], "annotations": [{"nertag": "I-PER"}]}, {"base_span": [154, 158], "annotations": [{"nertag": "I-PER"}]}, {"base_span": [159, 161], "annotations": [{"nertag": "O"}]}, {"base_span": [162, 169], "annotations": [{"nertag": "O"}]}, {"base_span": [170, 175], "annotations": [{"nertag": "O"}]}, {"base_span": [176, 180], "annotations": [{"nertag": "O"}]}, {"base_span": [181, 191], "annotations": [{"nertag": "O"}]}, {"base_span": [192, 197], "annotations": [{"nertag": "O"}]}, {"base_span": [198, 207], "annotations": [{"nertag": "O"}]}, {"base_span": [208, 212], "annotations": [{"nertag": "O"}]}, {"base_span": [213, 221], "annotations": [{"nertag": "O"}]}, {"base_span": [222, 233], "annotations": [{"nertag": "O"}]}, {"base_span": [234, 242], "annotations": [{"nertag": "O"}]}, {"base_span": [242, 243], "annotations": [{"nertag": "O"}]}, {"base_span": [246, 252], "annotations": [{"nertag": "B-PER"}]}, {"base_span": [253, 257], "annotations": [{"nertag": "I-PER"}]}, {"base_span": [258, 263], "annotations": [{"nertag": "O"}]}, {"base_span": [264, 267], "annotations": [{"nertag": "O"}]}, {"base_span": [268, 273], "annotations": [{"nertag": "O"}]}, {"base_span": [274, 279], "annotations": [{"nertag": "B-PER"}]}, {"base_span": [280, 284], "annotations": [{"nertag": "I-PER"}]}, {"base_span": [284, 285], "annotations": [{"nertag": "I-PER"}]}, {"base_span": [285, 288], "annotations": [{"nertag": "I-PER"}]}, {"base_span": [289, 292], "annotations": [{"nertag": "O"}]}, {"base_span": [293, 299], "annotations": [{"nertag": "B-LOC_ORG"}]}, {"base_span": [300, 305], "annotations": [{"nertag": "I-LOC_ORG"}]}, {"base_span": [306, 312], "annotations": [{"nertag": "O"}]}, {"base_span": [313, 318], "annotations": [{"nertag": "O"}]}, {"base_span": [319, 327], "annotations": [{"nertag": "O"}]}, {"base_span": [329, 330], "annotations": [{"nertag": "B-LOC_ORG"}]}, {"base_span": [330, 337], "annotations": [{"nertag": "I-LOC_ORG"}]}, {"base_span": [337, 338], "annotations": [{"nertag": "I-LOC_ORG"}]}, {"base_span": [339, 346], "annotations": [{"nertag": "I-LOC_ORG"}]}, {"base_span": [347, 352], "annotations": [{"nertag": "O"}]}, {"base_span": [353, 358], "annotations": [{"nertag": "O"}]}, {"base_span": [360, 365], "annotations": [{"nertag": "O"}]}, {"base_span": [366, 378], "annotations": [{"nertag": "O"}]}, {"base_span": [379, 389], "annotations": [{"nertag": "O"}]}, {"base_span": [390, 397], "annotations": [{"nertag": "O"}]}, {"base_span": [398, 399], "annotations": [{"nertag": "O"}]}, {"base_span": [399, 402], "annotations": [{"nertag": "O"}]}, {"base_span": [402, 403], "annotations": [{"nertag": "O"}]}, {"base_span": [404, 409], "annotations": [{"nertag": "O"}]}, {"base_span": [410, 414], "annotations": [{"nertag": "O"}]}, {"base_span": [415, 420], "annotations": [{"nertag": "O"}]}, {"base_span": [421, 428], "annotations": [{"nertag": "O"}]}, {"base_span": [429, 439], "annotations": [{"nertag": "O"}]}, {"base_span": [439, 440], "annotations": [{"nertag": "O"}]}, {"base_span": [441, 444], "annotations": [{"nertag": "O"}]}, {"base_span": [445, 451], "annotations": [{"nertag": "B-PER"}]}, {"base_span": [453, 461], "annotations": [{"nertag": "B-PER"}]}, {"base_span": [462, 467], "annotations": [{"nertag": "O"}]}, {"base_span": [468, 471], "annotations": [{"nertag": "O"}]}, {"base_span": [472, 482], "annotations": [{"nertag": "O"}]}, {"base_span": [483, 489], "annotations": [{"nertag": "O"}]}, {"base_span": [489, 490], "annotations": [{"nertag": "O"}]}, {"base_span": [491, 492], "annotations": [{"nertag": "O"}]}, {"base_span": [492, 495], "annotations": [{"nertag": "O"}]}, {"base_span": [496, 506], "annotations": [{"nertag": "O"}]}, {"base_span": [507, 513], "annotations": [{"nertag": "O"}]}, {"base_span": [514, 518], "annotations": [{"nertag": "O"}]}, {"base_span": [519, 524], "annotations": [{"nertag": "B-PER"}]}, {"base_span": [525, 531], "annotations": [{"nertag": "B-PER"}]}, {"base_span": [532, 537], "annotations": [{"nertag": "O"}]}, {"base_span": [538, 543], "annotations": [{"nertag": "O"}]}, {"base_span": [544, 547], "annotations": [{"nertag": "O"}]}, {"base_span": [548, 553], "annotations": [{"nertag": "O"}]}, {"base_span": [553, 554], "annotations": [{"nertag": "O"}]}, {"base_span": [554, 555], "annotations": [{"nertag": "O"}]}, {"base_span": [556, 560], "annotations": [{"nertag": "O"}]}, {"base_span": [561, 567], "annotations": [{"nertag": "O"}]}, {"base_span": [568, 574], "annotations": [{"nertag": "O"}]}, {"base_span": [575, 581], "annotations": [{"nertag": "O"}]}, {"base_span": [582, 586], "annotations": [{"nertag": "O"}]}, {"base_span": [586, 587], "annotations": [{"nertag": "O"}]}, {"base_span": [588, 590], "annotations": [{"nertag": "O"}]}, {"base_span": [591, 593], "annotations": [{"nertag": "O"}]}, {"base_span": [593, 594], "annotations": [{"nertag": "O"}]}, {"base_span": [595, 600], "annotations": [{"nertag": "B-PER"}]}, {"base_span": [600, 601], "annotations": [{"nertag": "O"}]}, {"base_span": [602, 604], "annotations": [{"nertag": "O"}]}, {"base_span": [605, 610], "annotations": [{"nertag": "O"}]}, {"base_span": [611, 617], "annotations": [{"nertag": "O"}]}, {"base_span": [618, 624], "annotations": [{"nertag": "B-PER"}]}, {"base_span": [625, 630], "annotations": [{"nertag": "O"}]}, {"base_span": [631, 634], "annotations": [{"nertag": "O"}]}, {"base_span": [635, 645], "annotations": [{"nertag": "O"}]}, {"base_span": [646, 652], "annotations": [{"nertag": "O"}]}, {"base_span": [653, 664], "annotations": [{"nertag": "O"}]}, {"base_span": [665, 666], "annotations": [{"nertag": "O"}]}, {"base_span": [666, 668], "annotations": [{"nertag": "O"}]}, {"base_span": [668, 669], "annotations": [{"nertag": "O"}]}, {"base_span": [670, 675], "annotations": [{"nertag": "O"}]}, {"base_span": [676, 680], "annotations": [{"nertag": "O"}]}, {"base_span": [681, 685], "annotations": [{"nertag": "O"}]}, {"base_span": [685, 686], "annotations": [{"nertag": "O"}]}, {"base_span": [687, 694], "annotations": [{"nertag": "O"}]}, {"base_span": [695, 699], "annotations": [{"nertag": "O"}]}, {"base_span": [700, 705], "annotations": [{"nertag": "O"}]}, {"base_span": [706, 717], "annotations": [{"nertag": "O"}]}, {"base_span": [718, 719], "annotations": [{"nertag": "O"}]}, {"base_span": [719, 721], "annotations": [{"nertag": "O"}]}, {"base_span": [721, 722], "annotations": [{"nertag": "O"}]}, {"base_span": [723, 728], "annotations": [{"nertag": "O"}]}, {"base_span": [728, 729], "annotations": [{"nertag": "O"}]}, {"base_span": [732, 737], "annotations": [{"nertag": "B-PER"}]}, {"base_span": [738, 742], "annotations": [{"nertag": "I-PER"}]}, {"base_span": [743, 744], "annotations": [{"nertag": "O"}]}, {"base_span": [744, 751], "annotations": [{"nertag": "O"}]}, {"base_span": [751, 752], "annotations": [{"nertag": "O"}]}, {"base_span": [754, 759], "annotations": [{"nertag": "B-PER"}]}, {"base_span": [760, 764], "annotations": [{"nertag": "I-PER"}]}, {"base_span": [765, 767], "annotations": [{"nertag": "O"}]}, {"base_span": [768, 772], "annotations": [{"nertag": "O"}]}, {"base_span": [773, 782], "annotations": [{"nertag": "O"}]}, {"base_span": [782, 783], "annotations": [{"nertag": "O"}]}, {"base_span": [784, 788], "annotations": [{"nertag": "O"}]}, {"base_span": [789, 794], "annotations": [{"nertag": "O"}]}, {"base_span": [795, 800], "annotations": [{"nertag": "O"}]}, {"base_span": [801, 809], "annotations": [{"nertag": "O"}]}, {"base_span": [810, 814], "annotations": [{"nertag": "O"}]}, {"base_span": [816, 817], "annotations": [{"nertag": "B-PER"}]}, {"base_span": [817, 818], "annotations": [{"nertag": "I-PER"}]}, {"base_span": [819, 825], "annotations": [{"nertag": "I-PER"}]}, {"base_span": [826, 827], "annotations": [{"nertag": "O"}]}, {"base_span": [827, 834], "annotations": [{"nertag": "O"}]}, {"base_span": [834, 835], "annotations": [{"nertag": "O"}]}, {"base_span": [837, 840], "annotations": [{"nertag": "O"}]}, {"base_span": [841, 847], "annotations": [{"nertag": "O"}]}, {"base_span": [848, 851], "annotations": [{"nertag": "O"}]}, {"base_span": [852, 858], "annotations": [{"nertag": "O"}]}, {"base_span": [859, 863], "annotations": [{"nertag": "O"}]}, {"base_span": [864, 874], "annotations": [{"nertag": "O"}]}, {"base_span": [875, 886], "annotations": [{"nertag": "O"}]}, {"base_span": [887, 895], "annotations": [{"nertag": "O"}]}, {"base_span": [896, 906], "annotations": [{"nertag": "O"}]}, {"base_span": [907, 909], "annotations": [{"nertag": "O"}]}, {"base_span": [911, 925], "annotations": [{"nertag": "O"}]}, {"base_span": [926, 932], "annotations": [{"nertag": "B-PER"}]}, {"base_span": [933, 939], "annotations": [{"nertag": "I-PER"}]}, {"base_span": [940, 945], "annotations": [{"nertag": "O"}]}, {"base_span": [946, 951], "annotations": [{"nertag": "O"}]}, {"base_span": [952, 954], "annotations": [{"nertag": "O"}]}, {"base_span": [955, 960], "annotations": [{"nertag": "B-PER"}]}, {"base_span": [961, 965], "annotations": [{"nertag": "I-PER"}]}, {"base_span": [966, 970], "annotations": [{"nertag": "O"}]}, {"base_span": [971, 975], "annotations": [{"nertag": "O"}]}, {"base_span": [976, 981], "annotations": [{"nertag": "O"}]}, {"base_span": [982, 987], "annotations": [{"nertag": "O"}]}, {"base_span": [988, 993], "annotations": [{"nertag": "B-LOC_ORG"}]}, {"base_span": [994, 999], "annotations": [{"nertag": "I-LOC_ORG"}]}, {"base_span": [1000, 1006], "annotations": [{"nertag": "O"}]}, {"base_span": [1007, 1011], "annotations": [{"nertag": "B-PER"}]}, {"base_span": [1012, 1019], "annotations": [{"nertag": "I-PER"}]}, {"base_span": [1020, 1025], "annotations": [{"nertag": "O"}]}, {"base_span": [1025, 1026], "annotations": [{"nertag": "O"}]}, {"base_span": [1028, 1037], "annotations": [{"nertag": "O"}]}, {"base_span": [1039, 1040], "annotations": [{"nertag": "B-PER"}]}, {"base_span": [1040, 1041], "annotations": [{"nertag": "I-PER"}]}, {"base_span": [1042, 1048], "annotations": [{"nertag": "I-PER"}]}, {"base_span": [1048, 1049], "annotations": [{"nertag": "O"}]}, {"base_span": [1049, 1056], "annotations": [{"nertag": "O"}]}, {"base_span": [1056, 1057], "annotations": [{"nertag": "O"}]}, {"base_span": [1059, 1066], "annotations": [{"nertag": "O"}]}, {"base_span": [1069, 1070], "annotations": [{"nertag": "B-PER"}]}, {"base_span": [1070, 1071], "annotations": [{"nertag": "I-PER"}]}, {"base_span": [1072, 1076], "annotations": [{"nertag": "I-PER"}]}, {"base_span": [1077, 1078], "annotations": [{"nertag": "O"}]}, {"base_span": [1078, 1085], "annotations": [{"nertag": "O"}]}, {"base_span": [1085, 1086], "annotations": [{"nertag": "O"}]}, {"base_span": [1088, 1089], "annotations": [{"nertag": "B-PER"}]}, {"base_span": [1089, 1090], "annotations": [{"nertag": "I-PER"}]}, {"base_span": [1091, 1099], "annotations": [{"nertag": "I-PER"}]}, {"base_span": [1100, 1101], "annotations": [{"nertag": "O"}]}, {"base_span": [1101, 1108], "annotations": [{"nertag": "O"}]}, {"base_span": [1108, 1109], "annotations": [{"nertag": "O"}]}, {"base_span": [1111, 1112], "annotations": [{"nertag": "B-PER"}]}, {"base_span": [1112, 1113], "annotations": [{"nertag": "I-PER"}]}, {"base_span": [1114, 1118], "annotations": [{"nertag": "I-PER"}]}, {"base_span": [1119, 1120], "annotations": [{"nertag": "O"}]}, {"base_span": [1120, 1127], "annotations": [{"nertag": "O"}]}, {"base_span": [1127, 1128], "annotations": [{"nertag": "O"}]}, {"base_span": [1130, 1139], "annotations": [{"nertag": "O"}]}, {"base_span": [1140, 1146], "annotations": [{"nertag": "B-PER"}]}, {"base_span": [1147, 1148], "annotations": [{"nertag": "O"}]}, {"base_span": [1148, 1155], "annotations": [{"nertag": "O"}]}, {"base_span": [1155, 1156], "annotations": [{"nertag": "O"}]}]}]}