{"text": "\nOliwad kohtu korra pärast kohtu majasse kokku tulnud:\nKohtu wanem: J. Korkmann\nKõrwas mees: J. Freiberg\n- \" - H. Ölbaum\n\nKohtu ette tuli Jaagup Wiitpom ja kaebas: Minul on Mihkel Kauna käest saada \n\n7 kuu ahju kütti wedasin oma leiwa ja hobuse a 1 rbl\n   7 rbl\n   \n  \n\nkiriku puu koorma raiusin poisiga oma leiwaga ja wiisin Amblasse\n\n   1. - \n   \n  \n\nkewadesed tee silla tegin ja wedasin kruusi\n   1. - \n   50 k.\n  \n\n4 paari saapaid parandasin ja 1 paar uusi\n   2. -\n   85 - \n  \n\n1. päewa wedasin oma poisiga sõnnikut\n   1. - \n   \n  \n\n2 sööma wahet kündsin\n   \n   50 - \n  \n\nTõin wiina\n   \n   83 - \n  \n\nWõttis raha minu käest\n   4 - \n   50 - \n  \n\nkäis minu wankrega Mustwes ja tegi waljad katki, kautas köie ära\n   3 - \n   \n  \n\n40 Ltt hõlgi a 9 kopikat Ltt\n   3 - \n   60 - \n  \n\n1 paar wee ämbreid ja wee kapp\n   -\n   35 - \n  \n\n1 tünder walgeid kartuhwleid\n   1 - \n   20 - \n  \n\nKokku: \n   27 R.\n   33 k.\n  \n\nPeale selle on mull weel 1 hobuse, 1 lehma, 2 lamba ja 1 sea sõnnik.\n\nMihkel Kaun tuli kohtu ette, ja ütleb enesel kaebaja Jaagup Wiitpomi käest saada olema. \n\n11 kuu üiri raha a 1. rbl kuus. kaupa just ei olnud ega tunnismeest ka\n   11 rbl\n   - kop.\n  \n\n1. wakamaa kaera maad oli tema käes\n   5 - \n   -\n  \n\n2 tünd kartuhwleid oli wäljal maas\n   3 - \n   \n  \n\n2 waka kartuhwleid õue maas(ajas)\n   1-\n   50\n  \n\nHobuse rahast\n   1-\n   \n  \n\n1. tük nahku a 60 kop.\n   \n   60 - \n  \n\nraha oli\n   \n   35 - \n  \n\nMihkel Kauna rehnung kokku 22 rbl 45 kop.\n\nJaagup Wiitpomi rehnung 27 rbl 33 kop.\n\nMihkel Kauna rehnungm - 22- 45 - \n\nJaagup Wiitpomil on järele weel 4 rbl. 88 kop.\n\nSõnniku pidin mina omale saama ütleb Mihkel Kaun, ses mina lubasin sulle hõlgi nii palju kui kulub kas alla panna ehk ära sööta, muud mina ei taha kui sõnnik saab mulle. Hans Tikwa ja Jaan Priidemann kuulsiwad seda pealt, kartuhwlid wõtsin 1. tünder walgeid aga andsin punaseid wastu. \n\nJaagup Wiitpom aga ütleb mina ei ole saanud hõlgi waid panin põhku ja muud sinna alla, esiteks panid sina natuke hõlgi selle eest wõtta hobuse sea ning lamba sõnnik omale. 1 tünder walgeid kartuhwleid on aga maksmata, sest sa said teise tündri punaseid mis punastega ära maksid. \n\nKohus mõistis kartuhwli tündri hinna 1 rubla 20 kopikat pooleks, Mihkel Kaun maksab 60 kopikat Jaagup Wiitpomile katuhwlite eest. Leppisid ise ära kohtu ees: et Mihkel Kaun maksab 40 Ltt hõlgi ja annab lehma sõnniku laudast tagasi ning 68 kopikat raha Jaagup Wiitpomile tagasi (see on 60 kopikat kart. eest ja 8 kopikat wõlga 2 nädala aja sees.\n\nKohtu wanem: J. Korkmann xxx\nKõrwas mees: J. Freiberg xxx \n- \" -  H. Ölbaum xxx\nKirjutaja: K. Wilmansen xxx\n\nIse leppisid kohtu ees.\n\nTäidetud. \n\n\n", "meta": {"origin_directory": "vallakohus_teine/"}, "layers": [{"name": "gold_ner", "attributes": ["nertag"], "parent": null, "enveloping": null, "ambiguous": false, "serialisation_module": null, "meta": {}, "spans": [{"base_span": [68, 79], "annotations": [{"nertag": "PER"}]}, {"base_span": [93, 104], "annotations": [{"nertag": "PER"}]}, {"base_span": [111, 120], "annotations": [{"nertag": "PER"}]}, {"base_span": [138, 152], "annotations": [{"nertag": "PER"}]}, {"base_span": [173, 185], "annotations": [{"nertag": "PER"}]}, {"base_span": [326, 334], "annotations": [{"nertag": "LOC"}]}, {"base_span": [667, 674], "annotations": [{"nertag": "LOC"}]}, {"base_span": [978, 989], "annotations": [{"nertag": "PER"}]}, {"base_span": [1031, 1046], "annotations": [{"nertag": "PER"}]}, {"base_span": [1411, 1423], "annotations": [{"nertag": "PER"}]}, {"base_span": [1454, 1469], "annotations": [{"nertag": "PER"}]}, {"base_span": [1494, 1506], "annotations": [{"nertag": "PER"}]}, {"base_span": [1529, 1545], "annotations": [{"nertag": "PER"}]}, {"base_span": [1614, 1625], "annotations": [{"nertag": "PER"}]}, {"base_span": [1747, 1757], "annotations": [{"nertag": "PER"}]}, {"base_span": [1761, 1776], "annotations": [{"nertag": "PER"}]}, {"base_span": [1864, 1878], "annotations": [{"nertag": "PER"}]}, {"base_span": [2210, 2221], "annotations": [{"nertag": "PER"}]}, {"base_span": [2240, 2257], "annotations": [{"nertag": "PER"}]}, {"base_span": [2306, 2317], "annotations": [{"nertag": "PER"}]}, {"base_span": [2397, 2414], "annotations": [{"nertag": "PER"}]}, {"base_span": [2504, 2515], "annotations": [{"nertag": "PER"}]}, {"base_span": [2533, 2544], "annotations": [{"nertag": "PER"}]}, {"base_span": [2557, 2566], "annotations": [{"nertag": "PER"}]}, {"base_span": [2582, 2594], "annotations": [{"nertag": "PER"}]}]}, {"name": "gold_wordner", "attributes": ["nertag"], "parent": null, "enveloping": null, "ambiguous": false, "serialisation_module": null, "meta": {}, "spans": [{"base_span": [1, 7], "annotations": [{"nertag": "O"}]}, {"base_span": [8, 13], "annotations": [{"nertag": "O"}]}, {"base_span": [14, 19], "annotations": [{"nertag": "O"}]}, {"base_span": [20, 26], "annotations": [{"nertag": "O"}]}, {"base_span": [27, 32], "annotations": [{"nertag": "O"}]}, {"base_span": [33, 40], "annotations": [{"nertag": "O"}]}, {"base_span": [41, 46], "annotations": [{"nertag": "O"}]}, {"base_span": [47, 53], "annotations": [{"nertag": "O"}]}, {"base_span": [53, 54], "annotations": [{"nertag": "O"}]}, {"base_span": [55, 60], "annotations": [{"nertag": "O"}]}, {"base_span": [61, 66], "annotations": [{"nertag": "O"}]}, {"base_span": [66, 67], "annotations": [{"nertag": "O"}]}, {"base_span": [68, 69], "annotations": [{"nertag": "B-PER"}]}, {"base_span": [69, 70], "annotations": [{"nertag": "I-PER"}]}, {"base_span": [71, 79], "annotations": [{"nertag": "I-PER"}]}, {"base_span": [80, 86], "annotations": [{"nertag": "O"}]}, {"base_span": [87, 91], "annotations": [{"nertag": "O"}]}, {"base_span": [91, 92], "annotations": [{"nertag": "O"}]}, {"base_span": [93, 94], "annotations": [{"nertag": "B-PER"}]}, {"base_span": [94, 95], "annotations": [{"nertag": "I-PER"}]}, {"base_span": [96, 104], "annotations": [{"nertag": "I-PER"}]}, {"base_span": [105, 106], "annotations": [{"nertag": "O"}]}, {"base_span": [107, 108], "annotations": [{"nertag": "O"}]}, {"base_span": [109, 110], "annotations": [{"nertag": "O"}]}, {"base_span": [111, 112], "annotations": [{"nertag": "B-PER"}]}, {"base_span": [112, 113], "annotations": [{"nertag": "I-PER"}]}, {"base_span": [114, 120], "annotations": [{"nertag": "I-PER"}]}, {"base_span": [122, 127], "annotations": [{"nertag": "O"}]}, {"base_span": [128, 132], "annotations": [{"nertag": "O"}]}, {"base_span": [133, 137], "annotations": [{"nertag": "O"}]}, {"base_span": [138, 144], "annotations": [{"nertag": "B-PER"}]}, {"base_span": [145, 152], "annotations": [{"nertag": "I-PER"}]}, {"base_span": [153, 155], "annotations": [{"nertag": "O"}]}, {"base_span": [156, 162], "annotations": [{"nertag": "O"}]}, {"base_span": [162, 163], "annotations": [{"nertag": "O"}]}, {"base_span": [164, 169], "annotations": [{"nertag": "O"}]}, {"base_span": [170, 172], "annotations": [{"nertag": "O"}]}, {"base_span": [173, 179], "annotations": [{"nertag": "B-PER"}]}, {"base_span": [180, 185], "annotations": [{"nertag": "I-PER"}]}, {"base_span": [186, 191], "annotations": [{"nertag": "O"}]}, {"base_span": [192, 197], "annotations": [{"nertag": "O"}]}, {"base_span": [200, 201], "annotations": [{"nertag": "O"}]}, {"base_span": [202, 205], "annotations": [{"nertag": "O"}]}, {"base_span": [206, 210], "annotations": [{"nertag": "O"}]}, {"base_span": [211, 216], "annotations": [{"nertag": "O"}]}, {"base_span": [217, 224], "annotations": [{"nertag": "O"}]}, {"base_span": [225, 228], "annotations": [{"nertag": "O"}]}, {"base_span": [229, 234], "annotations": [{"nertag": "O"}]}, {"base_span": [235, 237], "annotations": [{"nertag": "O"}]}, {"base_span": [238, 244], "annotations": [{"nertag": "O"}]}, {"base_span": [245, 246], "annotations": [{"nertag": "O"}]}, {"base_span": [247, 248], "annotations": [{"nertag": "O"}]}, {"base_span": [249, 252], "annotations": [{"nertag": "O"}]}, {"base_span": [256, 257], "annotations": [{"nertag": "O"}]}, {"base_span": [258, 261], "annotations": [{"nertag": "O"}]}, {"base_span": [270, 276], "annotations": [{"nertag": "O"}]}, {"base_span": [277, 280], "annotations": [{"nertag": "O"}]}, {"base_span": [281, 287], "annotations": [{"nertag": "O"}]}, {"base_span": [288, 295], "annotations": [{"nertag": "O"}]}, {"base_span": [296, 303], "annotations": [{"nertag": "O"}]}, {"base_span": [304, 307], "annotations": [{"nertag": "O"}]}, {"base_span": [308, 315], "annotations": [{"nertag": "O"}]}, {"base_span": [316, 318], "annotations": [{"nertag": "O"}]}, {"base_span": [319, 325], "annotations": [{"nertag": "O"}]}, {"base_span": [326, 334], "annotations": [{"nertag": "B-LOC"}]}, {"base_span": [339, 341], "annotations": [{"nertag": "O"}]}, {"base_span": [342, 343], "annotations": [{"nertag": "O"}]}, {"base_span": [353, 362], "annotations": [{"nertag": "O"}]}, {"base_span": [363, 366], "annotations": [{"nertag": "O"}]}, {"base_span": [367, 372], "annotations": [{"nertag": "O"}]}, {"base_span": [373, 378], "annotations": [{"nertag": "O"}]}, {"base_span": [379, 381], "annotations": [{"nertag": "O"}]}, {"base_span": [382, 389], "annotations": [{"nertag": "O"}]}, {"base_span": [390, 396], "annotations": [{"nertag": "O"}]}, {"base_span": [400, 402], "annotations": [{"nertag": "O"}]}, {"base_span": [403, 404], "annotations": [{"nertag": "O"}]}, {"base_span": [409, 411], "annotations": [{"nertag": "O"}]}, {"base_span": [412, 413], "annotations": [{"nertag": "O"}]}, {"base_span": [413, 414], "annotations": [{"nertag": "O"}]}, {"base_span": [419, 420], "annotations": [{"nertag": "O"}]}, {"base_span": [421, 426], "annotations": [{"nertag": "O"}]}, {"base_span": [427, 434], "annotations": [{"nertag": "O"}]}, {"base_span": [435, 445], "annotations": [{"nertag": "O"}]}, {"base_span": [446, 448], "annotations": [{"nertag": "O"}]}, {"base_span": [449, 450], "annotations": [{"nertag": "O"}]}, {"base_span": [451, 455], "annotations": [{"nertag": "O"}]}, {"base_span": [456, 460], "annotations": [{"nertag": "O"}]}, {"base_span": [464, 466], "annotations": [{"nertag": "O"}]}, {"base_span": [467, 468], "annotations": [{"nertag": "O"}]}, {"base_span": [472, 474], "annotations": [{"nertag": "O"}]}, {"base_span": [475, 476], "annotations": [{"nertag": "O"}]}, {"base_span": [482, 484], "annotations": [{"nertag": "O"}]}, {"base_span": [485, 490], "annotations": [{"nertag": "O"}]}, {"base_span": [491, 498], "annotations": [{"nertag": "O"}]}, {"base_span": [499, 502], "annotations": [{"nertag": "O"}]}, {"base_span": [503, 510], "annotations": [{"nertag": "O"}]}, {"base_span": [511, 519], "annotations": [{"nertag": "O"}]}, {"base_span": [523, 525], "annotations": [{"nertag": "O"}]}, {"base_span": [526, 527], "annotations": [{"nertag": "O"}]}, {"base_span": [537, 538], "annotations": [{"nertag": "O"}]}, {"base_span": [539, 544], "annotations": [{"nertag": "O"}]}, {"base_span": [545, 550], "annotations": [{"nertag": "O"}]}, {"base_span": [551, 558], "annotations": [{"nertag": "O"}]}, {"base_span": [566, 568], "annotations": [{"nertag": "O"}]}, {"base_span": [569, 570], "annotations": [{"nertag": "O"}]}, {"base_span": [576, 580], "annotations": [{"nertag": "O"}]}, {"base_span": [581, 586], "annotations": [{"nertag": "O"}]}, {"base_span": [594, 596], "annotations": [{"nertag": "O"}]}, {"base_span": [597, 598], "annotations": [{"nertag": "O"}]}, {"base_span": [604, 610], "annotations": [{"nertag": "O"}]}, {"base_span": [611, 615], "annotations": [{"nertag": "O"}]}, {"base_span": [616, 620], "annotations": [{"nertag": "O"}]}, {"base_span": [621, 626], "annotations": [{"nertag": "O"}]}, {"base_span": [630, 631], "annotations": [{"nertag": "O"}]}, {"base_span": [632, 633], "annotations": [{"nertag": "O"}]}, {"base_span": [638, 640], "annotations": [{"nertag": "O"}]}, {"base_span": [641, 642], "annotations": [{"nertag": "O"}]}, {"base_span": [648, 652], "annotations": [{"nertag": "O"}]}, {"base_span": [653, 657], "annotations": [{"nertag": "O"}]}, {"base_span": [658, 666], "annotations": [{"nertag": "O"}]}, {"base_span": [667, 674], "annotations": [{"nertag": "B-LOC"}]}, {"base_span": [675, 677], "annotations": [{"nertag": "O"}]}, {"base_span": [678, 682], "annotations": [{"nertag": "O"}]}, {"base_span": [683, 689], "annotations": [{"nertag": "O"}]}, {"base_span": [690, 695], "annotations": [{"nertag": "O"}]}, {"base_span": [695, 696], "annotations": [{"nertag": "O"}]}, {"base_span": [697, 703], "annotations": [{"nertag": "O"}]}, {"base_span": [704, 708], "annotations": [{"nertag": "O"}]}, {"base_span": [709, 712], "annotations": [{"nertag": "O"}]}, {"base_span": [716, 717], "annotations": [{"nertag": "O"}]}, {"base_span": [718, 719], "annotations": [{"nertag": "O"}]}, {"base_span": [729, 731], "annotations": [{"nertag": "O"}]}, {"base_span": [732, 735], "annotations": [{"nertag": "O"}]}, {"base_span": [736, 741], "annotations": [{"nertag": "O"}]}, {"base_span": [742, 743], "annotations": [{"nertag": "O"}]}, {"base_span": [744, 745], "annotations": [{"nertag": "O"}]}, {"base_span": [746, 753], "annotations": [{"nertag": "O"}]}, {"base_span": [754, 757], "annotations": [{"nertag": "O"}]}, {"base_span": [761, 762], "annotations": [{"nertag": "O"}]}, {"base_span": [763, 764], "annotations": [{"nertag": "O"}]}, {"base_span": [769, 771], "annotations": [{"nertag": "O"}]}, {"base_span": [772, 773], "annotations": [{"nertag": "O"}]}, {"base_span": [779, 780], "annotations": [{"nertag": "O"}]}, {"base_span": [781, 785], "annotations": [{"nertag": "O"}]}, {"base_span": [786, 789], "annotations": [{"nertag": "O"}]}, {"base_span": [790, 797], "annotations": [{"nertag": "O"}]}, {"base_span": [798, 800], "annotations": [{"nertag": "O"}]}, {"base_span": [801, 804], "annotations": [{"nertag": "O"}]}, {"base_span": [805, 809], "annotations": [{"nertag": "O"}]}, {"base_span": [813, 814], "annotations": [{"nertag": "O"}]}, {"base_span": [818, 820], "annotations": [{"nertag": "O"}]}, {"base_span": [821, 822], "annotations": [{"nertag": "O"}]}, {"base_span": [828, 829], "annotations": [{"nertag": "O"}]}, {"base_span": [830, 836], "annotations": [{"nertag": "O"}]}, {"base_span": [837, 844], "annotations": [{"nertag": "O"}]}, {"base_span": [845, 856], "annotations": [{"nertag": "O"}]}, {"base_span": [860, 861], "annotations": [{"nertag": "O"}]}, {"base_span": [862, 863], "annotations": [{"nertag": "O"}]}, {"base_span": [868, 870], "annotations": [{"nertag": "O"}]}, {"base_span": [871, 872], "annotations": [{"nertag": "O"}]}, {"base_span": [878, 883], "annotations": [{"nertag": "O"}]}, {"base_span": [883, 884], "annotations": [{"nertag": "O"}]}, {"base_span": [889, 891], "annotations": [{"nertag": "O"}]}, {"base_span": [892, 893], "annotations": [{"nertag": "O"}]}, {"base_span": [893, 894], "annotations": [{"nertag": "O"}]}, {"base_span": [898, 900], "annotations": [{"nertag": "O"}]}, {"base_span": [901, 902], "annotations": [{"nertag": "O"}]}, {"base_span": [902, 903], "annotations": [{"nertag": "O"}]}, {"base_span": [908, 913], "annotations": [{"nertag": "O"}]}, {"base_span": [914, 919], "annotations": [{"nertag": "O"}]}, {"base_span": [920, 922], "annotations": [{"nertag": "O"}]}, {"base_span": [923, 927], "annotations": [{"nertag": "O"}]}, {"base_span": [928, 932], "annotations": [{"nertag": "O"}]}, {"base_span": [933, 934], "annotations": [{"nertag": "O"}]}, {"base_span": [935, 941], "annotations": [{"nertag": "O"}]}, {"base_span": [941, 942], "annotations": [{"nertag": "O"}]}, {"base_span": [943, 944], "annotations": [{"nertag": "O"}]}, {"base_span": [945, 950], "annotations": [{"nertag": "O"}]}, {"base_span": [950, 951], "annotations": [{"nertag": "O"}]}, {"base_span": [952, 953], "annotations": [{"nertag": "O"}]}, {"base_span": [954, 959], "annotations": [{"nertag": "O"}]}, {"base_span": [960, 962], "annotations": [{"nertag": "O"}]}, {"base_span": [963, 964], "annotations": [{"nertag": "O"}]}, {"base_span": [965, 968], "annotations": [{"nertag": "O"}]}, {"base_span": [969, 975], "annotations": [{"nertag": "O"}]}, {"base_span": [975, 976], "annotations": [{"nertag": "O"}]}, {"base_span": [978, 984], "annotations": [{"nertag": "B-PER"}]}, {"base_span": [985, 989], "annotations": [{"nertag": "I-PER"}]}, {"base_span": [990, 994], "annotations": [{"nertag": "O"}]}, {"base_span": [995, 1000], "annotations": [{"nertag": "O"}]}, {"base_span": [1001, 1005], "annotations": [{"nertag": "O"}]}, {"base_span": [1005, 1006], "annotations": [{"nertag": "O"}]}, {"base_span": [1007, 1009], "annotations": [{"nertag": "O"}]}, {"base_span": [1010, 1015], "annotations": [{"nertag": "O"}]}, {"base_span": [1016, 1022], "annotations": [{"nertag": "O"}]}, {"base_span": [1023, 1030], "annotations": [{"nertag": "O"}]}, {"base_span": [1031, 1037], "annotations": [{"nertag": "B-PER"}]}, {"base_span": [1038, 1046], "annotations": [{"nertag": "I-PER"}]}, {"base_span": [1047, 1052], "annotations": [{"nertag": "O"}]}, {"base_span": [1053, 1058], "annotations": [{"nertag": "O"}]}, {"base_span": [1059, 1064], "annotations": [{"nertag": "O"}]}, {"base_span": [1064, 1065], "annotations": [{"nertag": "O"}]}, {"base_span": [1068, 1070], "annotations": [{"nertag": "O"}]}, {"base_span": [1071, 1074], "annotations": [{"nertag": "O"}]}, {"base_span": [1075, 1079], "annotations": [{"nertag": "O"}]}, {"base_span": [1080, 1084], "annotations": [{"nertag": "O"}]}, {"base_span": [1085, 1086], "annotations": [{"nertag": "O"}]}, {"base_span": [1087, 1089], "annotations": [{"nertag": "O"}]}, {"base_span": [1090, 1093], "annotations": [{"nertag": "O"}]}, {"base_span": [1094, 1098], "annotations": [{"nertag": "O"}]}, {"base_span": [1098, 1099], "annotations": [{"nertag": "O"}]}, {"base_span": [1100, 1105], "annotations": [{"nertag": "O"}]}, {"base_span": [1106, 1110], "annotations": [{"nertag": "O"}]}, {"base_span": [1111, 1113], "annotations": [{"nertag": "O"}]}, {"base_span": [1114, 1119], "annotations": [{"nertag": "O"}]}, {"base_span": [1120, 1123], "annotations": [{"nertag": "O"}]}, {"base_span": [1124, 1135], "annotations": [{"nertag": "O"}]}, {"base_span": [1136, 1138], "annotations": [{"nertag": "O"}]}, {"base_span": [1142, 1144], "annotations": [{"nertag": "O"}]}, {"base_span": [1145, 1148], "annotations": [{"nertag": "O"}]}, {"base_span": [1152, 1153], "annotations": [{"nertag": "O"}]}, {"base_span": [1154, 1157], "annotations": [{"nertag": "O"}]}, {"base_span": [1157, 1158], "annotations": [{"nertag": "O"}]}, {"base_span": [1163, 1165], "annotations": [{"nertag": "O"}]}, {"base_span": [1166, 1173], "annotations": [{"nertag": "O"}]}, {"base_span": [1174, 1179], "annotations": [{"nertag": "O"}]}, {"base_span": [1180, 1184], "annotations": [{"nertag": "O"}]}, {"base_span": [1185, 1188], "annotations": [{"nertag": "O"}]}, {"base_span": [1189, 1193], "annotations": [{"nertag": "O"}]}, {"base_span": [1194, 1198], "annotations": [{"nertag": "O"}]}, {"base_span": [1202, 1203], "annotations": [{"nertag": "O"}]}, {"base_span": [1204, 1205], "annotations": [{"nertag": "O"}]}, {"base_span": [1210, 1211], "annotations": [{"nertag": "O"}]}, {"base_span": [1216, 1217], "annotations": [{"nertag": "O"}]}, {"base_span": [1218, 1222], "annotations": [{"nertag": "O"}]}, {"base_span": [1223, 1234], "annotations": [{"nertag": "O"}]}, {"base_span": [1235, 1238], "annotations": [{"nertag": "O"}]}, {"base_span": [1239, 1245], "annotations": [{"nertag": "O"}]}, {"base_span": [1246, 1250], "annotations": [{"nertag": "O"}]}, {"base_span": [1254, 1255], "annotations": [{"nertag": "O"}]}, {"base_span": [1256, 1257], "annotations": [{"nertag": "O"}]}, {"base_span": [1267, 1268], "annotations": [{"nertag": "O"}]}, {"base_span": [1269, 1273], "annotations": [{"nertag": "O"}]}, {"base_span": [1274, 1285], "annotations": [{"nertag": "O"}]}, {"base_span": [1286, 1289], "annotations": [{"nertag": "O"}]}, {"base_span": [1290, 1294], "annotations": [{"nertag": "O"}]}, {"base_span": [1294, 1295], "annotations": [{"nertag": "O"}]}, {"base_span": [1295, 1299], "annotations": [{"nertag": "O"}]}, {"base_span": [1299, 1300], "annotations": [{"nertag": "O"}]}, {"base_span": [1304, 1305], "annotations": [{"nertag": "O"}]}, {"base_span": [1305, 1306], "annotations": [{"nertag": "O"}]}, {"base_span": [1310, 1312], "annotations": [{"nertag": "O"}]}, {"base_span": [1317, 1323], "annotations": [{"nertag": "O"}]}, {"base_span": [1324, 1330], "annotations": [{"nertag": "O"}]}, {"base_span": [1334, 1335], "annotations": [{"nertag": "O"}]}, {"base_span": [1335, 1336], "annotations": [{"nertag": "O"}]}, {"base_span": [1345, 1347], "annotations": [{"nertag": "O"}]}, {"base_span": [1348, 1351], "annotations": [{"nertag": "O"}]}, {"base_span": [1352, 1357], "annotations": [{"nertag": "O"}]}, {"base_span": [1358, 1359], "annotations": [{"nertag": "O"}]}, {"base_span": [1360, 1362], "annotations": [{"nertag": "O"}]}, {"base_span": [1363, 1366], "annotations": [{"nertag": "O"}]}, {"base_span": [1366, 1367], "annotations": [{"nertag": "O"}]}, {"base_span": [1375, 1377], "annotations": [{"nertag": "O"}]}, {"base_span": [1378, 1379], "annotations": [{"nertag": "O"}]}, {"base_span": [1385, 1389], "annotations": [{"nertag": "O"}]}, {"base_span": [1390, 1393], "annotations": [{"nertag": "O"}]}, {"base_span": [1401, 1403], "annotations": [{"nertag": "O"}]}, {"base_span": [1404, 1405], "annotations": [{"nertag": "O"}]}, {"base_span": [1411, 1417], "annotations": [{"nertag": "B-PER"}]}, {"base_span": [1418, 1423], "annotations": [{"nertag": "I-PER"}]}, {"base_span": [1424, 1431], "annotations": [{"nertag": "O"}]}, {"base_span": [1432, 1437], "annotations": [{"nertag": "O"}]}, {"base_span": [1438, 1440], "annotations": [{"nertag": "O"}]}, {"base_span": [1441, 1444], "annotations": [{"nertag": "O"}]}, {"base_span": [1445, 1447], "annotations": [{"nertag": "O"}]}, {"base_span": [1448, 1451], "annotations": [{"nertag": "O"}]}, {"base_span": [1451, 1452], "annotations": [{"nertag": "O"}]}, {"base_span": [1454, 1460], "annotations": [{"nertag": "B-PER"}]}, {"base_span": [1461, 1469], "annotations": [{"nertag": "I-PER"}]}, {"base_span": [1470, 1477], "annotations": [{"nertag": "O"}]}, {"base_span": [1478, 1480], "annotations": [{"nertag": "O"}]}, {"base_span": [1481, 1484], "annotations": [{"nertag": "O"}]}, {"base_span": [1485, 1487], "annotations": [{"nertag": "O"}]}, {"base_span": [1488, 1491], "annotations": [{"nertag": "O"}]}, {"base_span": [1491, 1492], "annotations": [{"nertag": "O"}]}, {"base_span": [1494, 1500], "annotations": [{"nertag": "B-PER"}]}, {"base_span": [1501, 1506], "annotations": [{"nertag": "I-PER"}]}, {"base_span": [1507, 1515], "annotations": [{"nertag": "O"}]}, {"base_span": [1516, 1517], "annotations": [{"nertag": "O"}]}, {"base_span": [1518, 1520], "annotations": [{"nertag": "O"}]}, {"base_span": [1520, 1521], "annotations": [{"nertag": "O"}]}, {"base_span": [1522, 1524], "annotations": [{"nertag": "O"}]}, {"base_span": [1525, 1526], "annotations": [{"nertag": "O"}]}, {"base_span": [1529, 1535], "annotations": [{"nertag": "B-PER"}]}, {"base_span": [1536, 1545], "annotations": [{"nertag": "I-PER"}]}, {"base_span": [1546, 1548], "annotations": [{"nertag": "O"}]}, {"base_span": [1549, 1555], "annotations": [{"nertag": "O"}]}, {"base_span": [1556, 1560], "annotations": [{"nertag": "O"}]}, {"base_span": [1561, 1562], "annotations": [{"nertag": "O"}]}, {"base_span": [1563, 1566], "annotations": [{"nertag": "O"}]}, {"base_span": [1566, 1567], "annotations": [{"nertag": "O"}]}, {"base_span": [1568, 1570], "annotations": [{"nertag": "O"}]}, {"base_span": [1571, 1574], "annotations": [{"nertag": "O"}]}, {"base_span": [1574, 1575], "annotations": [{"nertag": "O"}]}, {"base_span": [1577, 1584], "annotations": [{"nertag": "O"}]}, {"base_span": [1585, 1590], "annotations": [{"nertag": "O"}]}, {"base_span": [1591, 1595], "annotations": [{"nertag": "O"}]}, {"base_span": [1596, 1601], "annotations": [{"nertag": "O"}]}, {"base_span": [1602, 1607], "annotations": [{"nertag": "O"}]}, {"base_span": [1608, 1613], "annotations": [{"nertag": "O"}]}, {"base_span": [1614, 1620], "annotations": [{"nertag": "B-PER"}]}, {"base_span": [1621, 1625], "annotations": [{"nertag": "I-PER"}]}, {"base_span": [1625, 1626], "annotations": [{"nertag": "O"}]}, {"base_span": [1627, 1630], "annotations": [{"nertag": "O"}]}, {"base_span": [1631, 1635], "annotations": [{"nertag": "O"}]}, {"base_span": [1636, 1643], "annotations": [{"nertag": "O"}]}, {"base_span": [1644, 1649], "annotations": [{"nertag": "O"}]}, {"base_span": [1650, 1655], "annotations": [{"nertag": "O"}]}, {"base_span": [1656, 1659], "annotations": [{"nertag": "O"}]}, {"base_span": [1660, 1665], "annotations": [{"nertag": "O"}]}, {"base_span": [1666, 1669], "annotations": [{"nertag": "O"}]}, {"base_span": [1670, 1675], "annotations": [{"nertag": "O"}]}, {"base_span": [1676, 1679], "annotations": [{"nertag": "O"}]}, {"base_span": [1680, 1684], "annotations": [{"nertag": "O"}]}, {"base_span": [1685, 1690], "annotations": [{"nertag": "O"}]}, {"base_span": [1691, 1694], "annotations": [{"nertag": "O"}]}, {"base_span": [1695, 1698], "annotations": [{"nertag": "O"}]}, {"base_span": [1699, 1704], "annotations": [{"nertag": "O"}]}, {"base_span": [1704, 1705], "annotations": [{"nertag": "O"}]}, {"base_span": [1706, 1710], "annotations": [{"nertag": "O"}]}, {"base_span": [1711, 1715], "annotations": [{"nertag": "O"}]}, {"base_span": [1716, 1718], "annotations": [{"nertag": "O"}]}, {"base_span": [1719, 1723], "annotations": [{"nertag": "O"}]}, {"base_span": [1724, 1727], "annotations": [{"nertag": "O"}]}, {"base_span": [1728, 1734], "annotations": [{"nertag": "O"}]}, {"base_span": [1735, 1739], "annotations": [{"nertag": "O"}]}, {"base_span": [1740, 1745], "annotations": [{"nertag": "O"}]}, {"base_span": [1745, 1746], "annotations": [{"nertag": "O"}]}, {"base_span": [1747, 1751], "annotations": [{"nertag": "B-PER"}]}, {"base_span": [1752, 1757], "annotations": [{"nertag": "I-PER"}]}, {"base_span": [1758, 1760], "annotations": [{"nertag": "O"}]}, {"base_span": [1761, 1765], "annotations": [{"nertag": "B-PER"}]}, {"base_span": [1766, 1776], "annotations": [{"nertag": "I-PER"}]}, {"base_span": [1777, 1786], "annotations": [{"nertag": "O"}]}, {"base_span": [1787, 1791], "annotations": [{"nertag": "O"}]}, {"base_span": [1792, 1797], "annotations": [{"nertag": "O"}]}, {"base_span": [1797, 1798], "annotations": [{"nertag": "O"}]}, {"base_span": [1799, 1809], "annotations": [{"nertag": "O"}]}, {"base_span": [1810, 1816], "annotations": [{"nertag": "O"}]}, {"base_span": [1817, 1819], "annotations": [{"nertag": "O"}]}, {"base_span": [1820, 1826], "annotations": [{"nertag": "O"}]}, {"base_span": [1827, 1834], "annotations": [{"nertag": "O"}]}, {"base_span": [1835, 1838], "annotations": [{"nertag": "O"}]}, {"base_span": [1839, 1845], "annotations": [{"nertag": "O"}]}, {"base_span": [1846, 1854], "annotations": [{"nertag": "O"}]}, {"base_span": [1855, 1860], "annotations": [{"nertag": "O"}]}, {"base_span": [1860, 1861], "annotations": [{"nertag": "O"}]}, {"base_span": [1864, 1870], "annotations": [{"nertag": "B-PER"}]}, {"base_span": [1871, 1878], "annotations": [{"nertag": "I-PER"}]}, {"base_span": [1879, 1882], "annotations": [{"nertag": "O"}]}, {"base_span": [1883, 1888], "annotations": [{"nertag": "O"}]}, {"base_span": [1889, 1893], "annotations": [{"nertag": "O"}]}, {"base_span": [1894, 1896], "annotations": [{"nertag": "O"}]}, {"base_span": [1897, 1900], "annotations": [{"nertag": "O"}]}, {"base_span": [1901, 1907], "annotations": [{"nertag": "O"}]}, {"base_span": [1908, 1913], "annotations": [{"nertag": "O"}]}, {"base_span": [1914, 1918], "annotations": [{"nertag": "O"}]}, {"base_span": [1919, 1924], "annotations": [{"nertag": "O"}]}, {"base_span": [1925, 1930], "annotations": [{"nertag": "O"}]}, {"base_span": [1931, 1933], "annotations": [{"nertag": "O"}]}, {"base_span": [1934, 1938], "annotations": [{"nertag": "O"}]}, {"base_span": [1939, 1944], "annotations": [{"nertag": "O"}]}, {"base_span": [1945, 1949], "annotations": [{"nertag": "O"}]}, {"base_span": [1949, 1950], "annotations": [{"nertag": "O"}]}, {"base_span": [1951, 1958], "annotations": [{"nertag": "O"}]}, {"base_span": [1959, 1964], "annotations": [{"nertag": "O"}]}, {"base_span": [1965, 1969], "annotations": [{"nertag": "O"}]}, {"base_span": [1970, 1976], "annotations": [{"nertag": "O"}]}, {"base_span": [1977, 1982], "annotations": [{"nertag": "O"}]}, {"base_span": [1983, 1988], "annotations": [{"nertag": "O"}]}, {"base_span": [1989, 1993], "annotations": [{"nertag": "O"}]}, {"base_span": [1994, 1999], "annotations": [{"nertag": "O"}]}, {"base_span": [2000, 2006], "annotations": [{"nertag": "O"}]}, {"base_span": [2007, 2010], "annotations": [{"nertag": "O"}]}, {"base_span": [2011, 2015], "annotations": [{"nertag": "O"}]}, {"base_span": [2016, 2021], "annotations": [{"nertag": "O"}]}, {"base_span": [2022, 2028], "annotations": [{"nertag": "O"}]}, {"base_span": [2029, 2034], "annotations": [{"nertag": "O"}]}, {"base_span": [2034, 2035], "annotations": [{"nertag": "O"}]}, {"base_span": [2036, 2037], "annotations": [{"nertag": "O"}]}, {"base_span": [2038, 2044], "annotations": [{"nertag": "O"}]}, {"base_span": [2045, 2052], "annotations": [{"nertag": "O"}]}, {"base_span": [2053, 2064], "annotations": [{"nertag": "O"}]}, {"base_span": [2065, 2067], "annotations": [{"nertag": "O"}]}, {"base_span": [2068, 2071], "annotations": [{"nertag": "O"}]}, {"base_span": [2072, 2080], "annotations": [{"nertag": "O"}]}, {"base_span": [2080, 2081], "annotations": [{"nertag": "O"}]}, {"base_span": [2082, 2086], "annotations": [{"nertag": "O"}]}, {"base_span": [2087, 2089], "annotations": [{"nertag": "O"}]}, {"base_span": [2090, 2094], "annotations": [{"nertag": "O"}]}, {"base_span": [2095, 2100], "annotations": [{"nertag": "O"}]}, {"base_span": [2101, 2107], "annotations": [{"nertag": "O"}]}, {"base_span": [2108, 2116], "annotations": [{"nertag": "O"}]}, {"base_span": [2117, 2120], "annotations": [{"nertag": "O"}]}, {"base_span": [2121, 2130], "annotations": [{"nertag": "O"}]}, {"base_span": [2131, 2134], "annotations": [{"nertag": "O"}]}, {"base_span": [2135, 2141], "annotations": [{"nertag": "O"}]}, {"base_span": [2141, 2142], "annotations": [{"nertag": "O"}]}, {"base_span": [2145, 2150], "annotations": [{"nertag": "O"}]}, {"base_span": [2151, 2158], "annotations": [{"nertag": "O"}]}, {"base_span": [2159, 2168], "annotations": [{"nertag": "O"}]}, {"base_span": [2169, 2175], "annotations": [{"nertag": "O"}]}, {"base_span": [2176, 2181], "annotations": [{"nertag": "O"}]}, {"base_span": [2182, 2183], "annotations": [{"nertag": "O"}]}, {"base_span": [2184, 2189], "annotations": [{"nertag": "O"}]}, {"base_span": [2190, 2192], "annotations": [{"nertag": "O"}]}, {"base_span": [2193, 2200], "annotations": [{"nertag": "O"}]}, {"base_span": [2201, 2208], "annotations": [{"nertag": "O"}]}, {"base_span": [2208, 2209], "annotations": [{"nertag": "O"}]}, {"base_span": [2210, 2216], "annotations": [{"nertag": "B-PER"}]}, {"base_span": [2217, 2221], "annotations": [{"nertag": "I-PER"}]}, {"base_span": [2222, 2228], "annotations": [{"nertag": "O"}]}, {"base_span": [2229, 2231], "annotations": [{"nertag": "O"}]}, {"base_span": [2232, 2239], "annotations": [{"nertag": "O"}]}, {"base_span": [2240, 2246], "annotations": [{"nertag": "B-PER"}]}, {"base_span": [2247, 2257], "annotations": [{"nertag": "I-PER"}]}, {"base_span": [2258, 2268], "annotations": [{"nertag": "O"}]}, {"base_span": [2269, 2273], "annotations": [{"nertag": "O"}]}, {"base_span": [2273, 2274], "annotations": [{"nertag": "O"}]}, {"base_span": [2275, 2283], "annotations": [{"nertag": "O"}]}, {"base_span": [2284, 2287], "annotations": [{"nertag": "O"}]}, {"base_span": [2288, 2291], "annotations": [{"nertag": "O"}]}, {"base_span": [2292, 2297], "annotations": [{"nertag": "O"}]}, {"base_span": [2298, 2301], "annotations": [{"nertag": "O"}]}, {"base_span": [2301, 2302], "annotations": [{"nertag": "O"}]}, {"base_span": [2303, 2305], "annotations": [{"nertag": "O"}]}, {"base_span": [2306, 2312], "annotations": [{"nertag": "B-PER"}]}, {"base_span": [2313, 2317], "annotations": [{"nertag": "I-PER"}]}, {"base_span": [2318, 2324], "annotations": [{"nertag": "O"}]}, {"base_span": [2325, 2327], "annotations": [{"nertag": "O"}]}, {"base_span": [2328, 2331], "annotations": [{"nertag": "O"}]}, {"base_span": [2332, 2337], "annotations": [{"nertag": "O"}]}, {"base_span": [2338, 2340], "annotations": [{"nertag": "O"}]}, {"base_span": [2341, 2346], "annotations": [{"nertag": "O"}]}, {"base_span": [2347, 2352], "annotations": [{"nertag": "O"}]}, {"base_span": [2353, 2360], "annotations": [{"nertag": "O"}]}, {"base_span": [2361, 2368], "annotations": [{"nertag": "O"}]}, {"base_span": [2369, 2375], "annotations": [{"nertag": "O"}]}, {"base_span": [2376, 2380], "annotations": [{"nertag": "O"}]}, {"base_span": [2381, 2383], "annotations": [{"nertag": "O"}]}, {"base_span": [2384, 2391], "annotations": [{"nertag": "O"}]}, {"base_span": [2392, 2396], "annotations": [{"nertag": "O"}]}, {"base_span": [2397, 2403], "annotations": [{"nertag": "B-PER"}]}, {"base_span": [2404, 2414], "annotations": [{"nertag": "I-PER"}]}, {"base_span": [2415, 2421], "annotations": [{"nertag": "O"}]}, {"base_span": [2422, 2423], "annotations": [{"nertag": "O"}]}, {"base_span": [2423, 2426], "annotations": [{"nertag": "O"}]}, {"base_span": [2427, 2429], "annotations": [{"nertag": "O"}]}, {"base_span": [2430, 2432], "annotations": [{"nertag": "O"}]}, {"base_span": [2433, 2440], "annotations": [{"nertag": "O"}]}, {"base_span": [2441, 2445], "annotations": [{"nertag": "O"}]}, {"base_span": [2445, 2446], "annotations": [{"nertag": "O"}]}, {"base_span": [2447, 2451], "annotations": [{"nertag": "O"}]}, {"base_span": [2452, 2454], "annotations": [{"nertag": "O"}]}, {"base_span": [2455, 2456], "annotations": [{"nertag": "O"}]}, {"base_span": [2457, 2464], "annotations": [{"nertag": "O"}]}, {"base_span": [2465, 2470], "annotations": [{"nertag": "O"}]}, {"base_span": [2471, 2472], "annotations": [{"nertag": "O"}]}, {"base_span": [2473, 2479], "annotations": [{"nertag": "O"}]}, {"base_span": [2480, 2483], "annotations": [{"nertag": "O"}]}, {"base_span": [2484, 2488], "annotations": [{"nertag": "O"}]}, {"base_span": [2488, 2489], "annotations": [{"nertag": "O"}]}, {"base_span": [2491, 2496], "annotations": [{"nertag": "O"}]}, {"base_span": [2497, 2502], "annotations": [{"nertag": "O"}]}, {"base_span": [2502, 2503], "annotations": [{"nertag": "O"}]}, {"base_span": [2504, 2505], "annotations": [{"nertag": "B-PER"}]}, {"base_span": [2505, 2506], "annotations": [{"nertag": "I-PER"}]}, {"base_span": [2507, 2515], "annotations": [{"nertag": "I-PER"}]}, {"base_span": [2516, 2519], "annotations": [{"nertag": "O"}]}, {"base_span": [2520, 2526], "annotations": [{"nertag": "O"}]}, {"base_span": [2527, 2531], "annotations": [{"nertag": "O"}]}, {"base_span": [2531, 2532], "annotations": [{"nertag": "O"}]}, {"base_span": [2533, 2534], "annotations": [{"nertag": "B-PER"}]}, {"base_span": [2534, 2535], "annotations": [{"nertag": "I-PER"}]}, {"base_span": [2536, 2544], "annotations": [{"nertag": "I-PER"}]}, {"base_span": [2545, 2548], "annotations": [{"nertag": "O"}]}, {"base_span": [2550, 2551], "annotations": [{"nertag": "O"}]}, {"base_span": [2552, 2553], "annotations": [{"nertag": "O"}]}, {"base_span": [2554, 2555], "annotations": [{"nertag": "O"}]}, {"base_span": [2557, 2558], "annotations": [{"nertag": "B-PER"}]}, {"base_span": [2558, 2559], "annotations": [{"nertag": "I-PER"}]}, {"base_span": [2560, 2566], "annotations": [{"nertag": "I-PER"}]}, {"base_span": [2567, 2570], "annotations": [{"nertag": "O"}]}, {"base_span": [2571, 2580], "annotations": [{"nertag": "O"}]}, {"base_span": [2580, 2581], "annotations": [{"nertag": "O"}]}, {"base_span": [2582, 2583], "annotations": [{"nertag": "B-PER"}]}, {"base_span": [2583, 2584], "annotations": [{"nertag": "I-PER"}]}, {"base_span": [2585, 2594], "annotations": [{"nertag": "I-PER"}]}, {"base_span": [2595, 2598], "annotations": [{"nertag": "O"}]}, {"base_span": [2600, 2603], "annotations": [{"nertag": "O"}]}, {"base_span": [2604, 2612], "annotations": [{"nertag": "O"}]}, {"base_span": [2613, 2618], "annotations": [{"nertag": "O"}]}, {"base_span": [2619, 2622], "annotations": [{"nertag": "O"}]}, {"base_span": [2622, 2623], "annotations": [{"nertag": "O"}]}, {"base_span": [2625, 2633], "annotations": [{"nertag": "O"}]}, {"base_span": [2633, 2634], "annotations": [{"nertag": "O"}]}]}]}