{"text": " 6\nSel 1mal Junis 1885\nOlid koos kohtumehed Peawanem Karel Traugott, Jaan Pernestein, Hans Pent.\nTuli kohtu ette kaebaja An Albinus, Kaebab Jaan Sarman tuli mino juure ja on mind ära Raisand, ma ütlesin: sina oled peremes ära sa mitte minoga seda tee, ega meie Abi ellu rahwas ei ole, Jaan ütleb noh meie wõime  abieluse heita.\nKutsuti ette Jaan Saarman. Kohus nõudis Jaan Saarmani käest Kas sa oled tema juures käind; Jaan Saarman ütleb ma olen kül tema juures käind, aga sest et temal palju teisi ka käimas oli ega ta mino üksi ei olle.\nSiis kohus mõistis, Jaan Saarman, sina maksad Lapse Wilemine Albinuse heaks 30 rubla kaswatameseks Kihelkona Kohtuse, ja 3 rubla walla laeka. Ja An Albinus sina Maksad 2 rubla wala laeka trahwi.\nSe sai neile Kohtu poolt kulutud ja An Albinus ei ole rahul nõuab suremad kohut.\nPeakohtumes Karel Traugott XXX\nJaan Pernestein XXX\nHans Pent XXX\n\n", "meta": {"origin_directory": "vallakohus_esimene/"}, "layers": [{"name": "gold_ner", "attributes": ["nertag"], "parent": null, "enveloping": null, "ambiguous": false, "serialisation_module": null, "meta": {}, "spans": [{"base_span": [53, 67], "annotations": [{"nertag": "PER"}]}, {"base_span": [69, 84], "annotations": [{"nertag": "PER"}]}, {"base_span": [86, 95], "annotations": [{"nertag": "PER"}]}, {"base_span": [121, 131], "annotations": [{"nertag": "PER"}]}, {"base_span": [140, 151], "annotations": [{"nertag": "PER"}]}, {"base_span": [285, 289], "annotations": [{"nertag": "PER"}]}, {"base_span": [341, 353], "annotations": [{"nertag": "PER"}]}, {"base_span": [368, 381], "annotations": [{"nertag": "PER"}]}, {"base_span": [419, 431], "annotations": [{"nertag": "PER"}]}, {"base_span": [559, 571], "annotations": [{"nertag": "PER"}]}, {"base_span": [591, 608], "annotations": [{"nertag": "PER"}]}, {"base_span": [684, 694], "annotations": [{"nertag": "PER"}]}, {"base_span": [770, 780], "annotations": [{"nertag": "PER"}]}, {"base_span": [827, 841], "annotations": [{"nertag": "PER"}]}, {"base_span": [846, 861], "annotations": [{"nertag": "PER"}]}, {"base_span": [866, 875], "annotations": [{"nertag": "PER"}]}]}, {"name": "gold_wordner", "attributes": ["nertag"], "parent": null, "enveloping": null, "ambiguous": false, "serialisation_module": null, "meta": {}, "spans": [{"base_span": [1, 2], "annotations": [{"nertag": "O"}]}, {"base_span": [3, 6], "annotations": [{"nertag": "O"}]}, {"base_span": [7, 11], "annotations": [{"nertag": "O"}]}, {"base_span": [12, 17], "annotations": [{"nertag": "O"}]}, {"base_span": [18, 22], "annotations": [{"nertag": "O"}]}, {"base_span": [23, 27], "annotations": [{"nertag": "O"}]}, {"base_span": [28, 32], "annotations": [{"nertag": "O"}]}, {"base_span": [33, 43], "annotations": [{"nertag": "O"}]}, {"base_span": [44, 52], "annotations": [{"nertag": "O"}]}, {"base_span": [53, 58], "annotations": [{"nertag": "B-PER"}]}, {"base_span": [59, 67], "annotations": [{"nertag": "I-PER"}]}, {"base_span": [67, 68], "annotations": [{"nertag": "O"}]}, {"base_span": [69, 73], "annotations": [{"nertag": "B-PER"}]}, {"base_span": [74, 84], "annotations": [{"nertag": "I-PER"}]}, {"base_span": [84, 85], "annotations": [{"nertag": "O"}]}, {"base_span": [86, 90], "annotations": [{"nertag": "B-PER"}]}, {"base_span": [91, 95], "annotations": [{"nertag": "I-PER"}]}, {"base_span": [95, 96], "annotations": [{"nertag": "O"}]}, {"base_span": [97, 101], "annotations": [{"nertag": "O"}]}, {"base_span": [102, 107], "annotations": [{"nertag": "O"}]}, {"base_span": [108, 112], "annotations": [{"nertag": "O"}]}, {"base_span": [113, 120], "annotations": [{"nertag": "O"}]}, {"base_span": [121, 123], "annotations": [{"nertag": "B-PER"}]}, {"base_span": [124, 131], "annotations": [{"nertag": "I-PER"}]}, {"base_span": [131, 132], "annotations": [{"nertag": "O"}]}, {"base_span": [133, 139], "annotations": [{"nertag": "O"}]}, {"base_span": [140, 144], "annotations": [{"nertag": "B-PER"}]}, {"base_span": [145, 151], "annotations": [{"nertag": "I-PER"}]}, {"base_span": [152, 156], "annotations": [{"nertag": "O"}]}, {"base_span": [157, 161], "annotations": [{"nertag": "O"}]}, {"base_span": [162, 167], "annotations": [{"nertag": "O"}]}, {"base_span": [168, 170], "annotations": [{"nertag": "O"}]}, {"base_span": [171, 173], "annotations": [{"nertag": "O"}]}, {"base_span": [174, 178], "annotations": [{"nertag": "O"}]}, {"base_span": [179, 182], "annotations": [{"nertag": "O"}]}, {"base_span": [183, 190], "annotations": [{"nertag": "O"}]}, {"base_span": [190, 191], "annotations": [{"nertag": "O"}]}, {"base_span": [192, 194], "annotations": [{"nertag": "O"}]}, {"base_span": [195, 202], "annotations": [{"nertag": "O"}]}, {"base_span": [202, 203], "annotations": [{"nertag": "O"}]}, {"base_span": [204, 208], "annotations": [{"nertag": "O"}]}, {"base_span": [209, 213], "annotations": [{"nertag": "O"}]}, {"base_span": [214, 221], "annotations": [{"nertag": "O"}]}, {"base_span": [222, 225], "annotations": [{"nertag": "O"}]}, {"base_span": [226, 228], "annotations": [{"nertag": "O"}]}, {"base_span": [229, 234], "annotations": [{"nertag": "O"}]}, {"base_span": [235, 241], "annotations": [{"nertag": "O"}]}, {"base_span": [242, 246], "annotations": [{"nertag": "O"}]}, {"base_span": [247, 250], "annotations": [{"nertag": "O"}]}, {"base_span": [250, 251], "annotations": [{"nertag": "O"}]}, {"base_span": [252, 255], "annotations": [{"nertag": "O"}]}, {"base_span": [256, 260], "annotations": [{"nertag": "O"}]}, {"base_span": [261, 264], "annotations": [{"nertag": "O"}]}, {"base_span": [265, 269], "annotations": [{"nertag": "O"}]}, {"base_span": [270, 276], "annotations": [{"nertag": "O"}]}, {"base_span": [277, 279], "annotations": [{"nertag": "O"}]}, {"base_span": [280, 283], "annotations": [{"nertag": "O"}]}, {"base_span": [283, 284], "annotations": [{"nertag": "O"}]}, {"base_span": [285, 289], "annotations": [{"nertag": "B-PER"}]}, {"base_span": [290, 295], "annotations": [{"nertag": "O"}]}, {"base_span": [296, 299], "annotations": [{"nertag": "O"}]}, {"base_span": [300, 304], "annotations": [{"nertag": "O"}]}, {"base_span": [305, 310], "annotations": [{"nertag": "O"}]}, {"base_span": [312, 320], "annotations": [{"nertag": "O"}]}, {"base_span": [321, 326], "annotations": [{"nertag": "O"}]}, {"base_span": [326, 327], "annotations": [{"nertag": "O"}]}, {"base_span": [328, 335], "annotations": [{"nertag": "O"}]}, {"base_span": [336, 340], "annotations": [{"nertag": "O"}]}, {"base_span": [341, 345], "annotations": [{"nertag": "B-PER"}]}, {"base_span": [346, 353], "annotations": [{"nertag": "I-PER"}]}, {"base_span": [353, 354], "annotations": [{"nertag": "O"}]}, {"base_span": [355, 360], "annotations": [{"nertag": "O"}]}, {"base_span": [361, 367], "annotations": [{"nertag": "O"}]}, {"base_span": [368, 372], "annotations": [{"nertag": "B-PER"}]}, {"base_span": [373, 381], "annotations": [{"nertag": "I-PER"}]}, {"base_span": [382, 387], "annotations": [{"nertag": "O"}]}, {"base_span": [388, 391], "annotations": [{"nertag": "O"}]}, {"base_span": [392, 394], "annotations": [{"nertag": "O"}]}, {"base_span": [395, 399], "annotations": [{"nertag": "O"}]}, {"base_span": [400, 404], "annotations": [{"nertag": "O"}]}, {"base_span": [405, 411], "annotations": [{"nertag": "O"}]}, {"base_span": [412, 417], "annotations": [{"nertag": "O"}]}, {"base_span": [417, 418], "annotations": [{"nertag": "O"}]}, {"base_span": [419, 423], "annotations": [{"nertag": "B-PER"}]}, {"base_span": [424, 431], "annotations": [{"nertag": "I-PER"}]}, {"base_span": [432, 437], "annotations": [{"nertag": "O"}]}, {"base_span": [438, 440], "annotations": [{"nertag": "O"}]}, {"base_span": [441, 445], "annotations": [{"nertag": "O"}]}, {"base_span": [446, 449], "annotations": [{"nertag": "O"}]}, {"base_span": [450, 454], "annotations": [{"nertag": "O"}]}, {"base_span": [455, 461], "annotations": [{"nertag": "O"}]}, {"base_span": [462, 467], "annotations": [{"nertag": "O"}]}, {"base_span": [467, 468], "annotations": [{"nertag": "O"}]}, {"base_span": [469, 472], "annotations": [{"nertag": "O"}]}, {"base_span": [473, 477], "annotations": [{"nertag": "O"}]}, {"base_span": [478, 480], "annotations": [{"nertag": "O"}]}, {"base_span": [481, 486], "annotations": [{"nertag": "O"}]}, {"base_span": [487, 492], "annotations": [{"nertag": "O"}]}, {"base_span": [493, 498], "annotations": [{"nertag": "O"}]}, {"base_span": [499, 501], "annotations": [{"nertag": "O"}]}, {"base_span": [502, 508], "annotations": [{"nertag": "O"}]}, {"base_span": [509, 512], "annotations": [{"nertag": "O"}]}, {"base_span": [513, 516], "annotations": [{"nertag": "O"}]}, {"base_span": [517, 519], "annotations": [{"nertag": "O"}]}, {"base_span": [520, 524], "annotations": [{"nertag": "O"}]}, {"base_span": [525, 529], "annotations": [{"nertag": "O"}]}, {"base_span": [530, 532], "annotations": [{"nertag": "O"}]}, {"base_span": [533, 537], "annotations": [{"nertag": "O"}]}, {"base_span": [537, 538], "annotations": [{"nertag": "O"}]}, {"base_span": [539, 543], "annotations": [{"nertag": "O"}]}, {"base_span": [544, 549], "annotations": [{"nertag": "O"}]}, {"base_span": [550, 557], "annotations": [{"nertag": "O"}]}, {"base_span": [557, 558], "annotations": [{"nertag": "O"}]}, {"base_span": [559, 563], "annotations": [{"nertag": "B-PER"}]}, {"base_span": [564, 571], "annotations": [{"nertag": "I-PER"}]}, {"base_span": [571, 572], "annotations": [{"nertag": "O"}]}, {"base_span": [573, 577], "annotations": [{"nertag": "O"}]}, {"base_span": [578, 584], "annotations": [{"nertag": "O"}]}, {"base_span": [585, 590], "annotations": [{"nertag": "O"}]}, {"base_span": [591, 599], "annotations": [{"nertag": "B-PER"}]}, {"base_span": [600, 608], "annotations": [{"nertag": "I-PER"}]}, {"base_span": [609, 614], "annotations": [{"nertag": "O"}]}, {"base_span": [615, 617], "annotations": [{"nertag": "O"}]}, {"base_span": [618, 623], "annotations": [{"nertag": "O"}]}, {"base_span": [624, 637], "annotations": [{"nertag": "O"}]}, {"base_span": [638, 647], "annotations": [{"nertag": "O"}]}, {"base_span": [648, 655], "annotations": [{"nertag": "O"}]}, {"base_span": [655, 656], "annotations": [{"nertag": "O"}]}, {"base_span": [657, 659], "annotations": [{"nertag": "O"}]}, {"base_span": [660, 661], "annotations": [{"nertag": "O"}]}, {"base_span": [662, 667], "annotations": [{"nertag": "O"}]}, {"base_span": [668, 673], "annotations": [{"nertag": "O"}]}, {"base_span": [674, 679], "annotations": [{"nertag": "O"}]}, {"base_span": [679, 680], "annotations": [{"nertag": "O"}]}, {"base_span": [681, 683], "annotations": [{"nertag": "O"}]}, {"base_span": [684, 686], "annotations": [{"nertag": "B-PER"}]}, {"base_span": [687, 694], "annotations": [{"nertag": "I-PER"}]}, {"base_span": [695, 699], "annotations": [{"nertag": "O"}]}, {"base_span": [700, 706], "annotations": [{"nertag": "O"}]}, {"base_span": [707, 708], "annotations": [{"nertag": "O"}]}, {"base_span": [709, 714], "annotations": [{"nertag": "O"}]}, {"base_span": [715, 719], "annotations": [{"nertag": "O"}]}, {"base_span": [720, 725], "annotations": [{"nertag": "O"}]}, {"base_span": [726, 732], "annotations": [{"nertag": "O"}]}, {"base_span": [732, 733], "annotations": [{"nertag": "O"}]}, {"base_span": [734, 736], "annotations": [{"nertag": "O"}]}, {"base_span": [737, 740], "annotations": [{"nertag": "O"}]}, {"base_span": [741, 746], "annotations": [{"nertag": "O"}]}, {"base_span": [747, 752], "annotations": [{"nertag": "O"}]}, {"base_span": [753, 758], "annotations": [{"nertag": "O"}]}, {"base_span": [759, 766], "annotations": [{"nertag": "O"}]}, {"base_span": [767, 769], "annotations": [{"nertag": "O"}]}, {"base_span": [770, 772], "annotations": [{"nertag": "B-PER"}]}, {"base_span": [773, 780], "annotations": [{"nertag": "I-PER"}]}, {"base_span": [781, 783], "annotations": [{"nertag": "O"}]}, {"base_span": [784, 787], "annotations": [{"nertag": "O"}]}, {"base_span": [788, 793], "annotations": [{"nertag": "O"}]}, {"base_span": [794, 799], "annotations": [{"nertag": "O"}]}, {"base_span": [800, 807], "annotations": [{"nertag": "O"}]}, {"base_span": [808, 813], "annotations": [{"nertag": "O"}]}, {"base_span": [813, 814], "annotations": [{"nertag": "O"}]}, {"base_span": [815, 826], "annotations": [{"nertag": "O"}]}, {"base_span": [827, 832], "annotations": [{"nertag": "B-PER"}]}, {"base_span": [833, 841], "annotations": [{"nertag": "I-PER"}]}, {"base_span": [842, 845], "annotations": [{"nertag": "O"}]}, {"base_span": [846, 850], "annotations": [{"nertag": "B-PER"}]}, {"base_span": [851, 861], "annotations": [{"nertag": "I-PER"}]}, {"base_span": [862, 865], "annotations": [{"nertag": "O"}]}, {"base_span": [866, 870], "annotations": [{"nertag": "B-PER"}]}, {"base_span": [871, 875], "annotations": [{"nertag": "I-PER"}]}, {"base_span": [876, 879], "annotations": [{"nertag": "O"}]}]}]}