{"text": "\nKokku olid tulnud, kohtuwanem: Kustas Koppel\n\n                                           abiline: Karel Laal\n\n                                                -\"-  : Karel Partokowskij\n\n                                       Kirjuaja: M.Redlich\n\n4.  Sellega tunnistab nimetud kogukonna kohus, et Kuluse Madise peremees Tawet Ku on selle koha heinamaa peale kaks heina küüne oma kuluga ehitanud, mis seepärast tema omadus on.\n\n5.  Mai Domin kaibas, et tema tütar Mari on Jaan Paalbergiga ühe aasta peale tüdruku kauba teinud, aga perenaene on teda lahti ütlend. Peremees Jaan Paalberg peab aga tema riided kinni se on: 1 punasekirju siidi rätik, 1 punase kirju willane rätik, 1 punase ruuduline siilik, 1 Tek ja 1 Padi.\n\nKohtu poolt sai Jaan Paalberg päritud, ja tema ei salgand seda mitte ära, waid nimetas et tüdruk olla wastuseks jäänud ja wiimaks ilma teadmatta ise ära läinud. Tema ei tahagi teda enam tagasi saada, aga sellepärast peab tema need asjad kinni kuni tüdruk tema 275 kop tagasi maksab, mis ta tema käest wõtnud. Seda ei saand kaebaja ka mitte salada sellepärast\n\nmõistis kohus: Jaan Paalberg annab tüdruku juba nimetud asjad kätte ja tüdruk Mari Domin maksab tema 275 kop tagasi. Pärast kohtu otsuse kuulutust maksis kaibaja Mari Domin Jaan Paalbergile 275 kop wälja ja kohtu poolest sai luba nimetud asjad ära wiia.\n\nKohtuwanem: Kustas Koppel        XXX\n\n           abiline: Karel Laal                XXX\n\n           abiline: Karel Partokowskij   XXX\n\n       Kirjutaja: M.Redlich\n\n\n", "meta": {"origin_directory": "vallakohus_kolmas/"}, "layers": [{"name": "gold_ner", "attributes": ["nertag"], "parent": null, "enveloping": null, "ambiguous": false, "serialisation_module": null, "meta": {}, "spans": [{"base_span": [32, 45], "annotations": [{"nertag": "PER"}]}, {"base_span": [99, 109], "annotations": [{"nertag": "PER"}]}, {"base_span": [166, 184], "annotations": [{"nertag": "PER"}]}, {"base_span": [235, 244], "annotations": [{"nertag": "PER"}]}, {"base_span": [296, 302], "annotations": [{"nertag": "LOC"}]}, {"base_span": [303, 309], "annotations": [{"nertag": "LOC_ORG"}]}, {"base_span": [319, 327], "annotations": [{"nertag": "PER"}]}, {"base_span": [430, 439], "annotations": [{"nertag": "PER"}]}, {"base_span": [462, 466], "annotations": [{"nertag": "PER"}]}, {"base_span": [470, 486], "annotations": [{"nertag": "PER"}]}, {"base_span": [570, 583], "annotations": [{"nertag": "PER"}]}, {"base_span": [736, 749], "annotations": [{"nertag": "PER"}]}, {"base_span": [1095, 1108], "annotations": [{"nertag": "PER"}]}, {"base_span": [1158, 1168], "annotations": [{"nertag": "PER"}]}, {"base_span": [1242, 1252], "annotations": [{"nertag": "PER"}]}, {"base_span": [1253, 1269], "annotations": [{"nertag": "PER"}]}, {"base_span": [1347, 1360], "annotations": [{"nertag": "PER"}]}, {"base_span": [1393, 1403], "annotations": [{"nertag": "PER"}]}, {"base_span": [1444, 1462], "annotations": [{"nertag": "PER"}]}, {"base_span": [1488, 1497], "annotations": [{"nertag": "PER"}]}]}, {"name": "gold_wordner", "attributes": ["nertag"], "parent": null, "enveloping": null, "ambiguous": false, "serialisation_module": null, "meta": {}, "spans": [{"base_span": [1, 6], "annotations": [{"nertag": "O"}]}, {"base_span": [7, 11], "annotations": [{"nertag": "O"}]}, {"base_span": [12, 18], "annotations": [{"nertag": "O"}]}, {"base_span": [18, 19], "annotations": [{"nertag": "O"}]}, {"base_span": [20, 30], "annotations": [{"nertag": "O"}]}, {"base_span": [30, 31], "annotations": [{"nertag": "O"}]}, {"base_span": [32, 38], "annotations": [{"nertag": "B-PER"}]}, {"base_span": [39, 45], "annotations": [{"nertag": "I-PER"}]}, {"base_span": [90, 97], "annotations": [{"nertag": "O"}]}, {"base_span": [97, 98], "annotations": [{"nertag": "O"}]}, {"base_span": [99, 104], "annotations": [{"nertag": "B-PER"}]}, {"base_span": [105, 109], "annotations": [{"nertag": "I-PER"}]}, {"base_span": [159, 160], "annotations": [{"nertag": "O"}]}, {"base_span": [160, 161], "annotations": [{"nertag": "O"}]}, {"base_span": [161, 162], "annotations": [{"nertag": "O"}]}, {"base_span": [164, 165], "annotations": [{"nertag": "O"}]}, {"base_span": [166, 171], "annotations": [{"nertag": "B-PER"}]}, {"base_span": [172, 184], "annotations": [{"nertag": "I-PER"}]}, {"base_span": [225, 233], "annotations": [{"nertag": "O"}]}, {"base_span": [233, 234], "annotations": [{"nertag": "O"}]}, {"base_span": [235, 236], "annotations": [{"nertag": "B-PER"}]}, {"base_span": [236, 237], "annotations": [{"nertag": "I-PER"}]}, {"base_span": [237, 244], "annotations": [{"nertag": "I-PER"}]}, {"base_span": [246, 248], "annotations": [{"nertag": "O"}]}, {"base_span": [250, 257], "annotations": [{"nertag": "O"}]}, {"base_span": [258, 267], "annotations": [{"nertag": "O"}]}, {"base_span": [268, 275], "annotations": [{"nertag": "O"}]}, {"base_span": [276, 285], "annotations": [{"nertag": "O"}]}, {"base_span": [286, 291], "annotations": [{"nertag": "O"}]}, {"base_span": [291, 292], "annotations": [{"nertag": "O"}]}, {"base_span": [293, 295], "annotations": [{"nertag": "O"}]}, {"base_span": [296, 302], "annotations": [{"nertag": "B-LOC"}]}, {"base_span": [303, 309], "annotations": [{"nertag": "B-LOC_ORG"}]}, {"base_span": [310, 318], "annotations": [{"nertag": "O"}]}, {"base_span": [319, 324], "annotations": [{"nertag": "B-PER"}]}, {"base_span": [325, 327], "annotations": [{"nertag": "I-PER"}]}, {"base_span": [328, 330], "annotations": [{"nertag": "O"}]}, {"base_span": [331, 336], "annotations": [{"nertag": "O"}]}, {"base_span": [337, 341], "annotations": [{"nertag": "O"}]}, {"base_span": [342, 350], "annotations": [{"nertag": "O"}]}, {"base_span": [351, 356], "annotations": [{"nertag": "O"}]}, {"base_span": [357, 361], "annotations": [{"nertag": "O"}]}, {"base_span": [362, 367], "annotations": [{"nertag": "O"}]}, {"base_span": [368, 373], "annotations": [{"nertag": "O"}]}, {"base_span": [374, 377], "annotations": [{"nertag": "O"}]}, {"base_span": [378, 384], "annotations": [{"nertag": "O"}]}, {"base_span": [385, 393], "annotations": [{"nertag": "O"}]}, {"base_span": [393, 394], "annotations": [{"nertag": "O"}]}, {"base_span": [395, 398], "annotations": [{"nertag": "O"}]}, {"base_span": [399, 408], "annotations": [{"nertag": "O"}]}, {"base_span": [409, 413], "annotations": [{"nertag": "O"}]}, {"base_span": [414, 420], "annotations": [{"nertag": "O"}]}, {"base_span": [421, 423], "annotations": [{"nertag": "O"}]}, {"base_span": [423, 424], "annotations": [{"nertag": "O"}]}, {"base_span": [426, 428], "annotations": [{"nertag": "O"}]}, {"base_span": [430, 433], "annotations": [{"nertag": "B-PER"}]}, {"base_span": [434, 439], "annotations": [{"nertag": "I-PER"}]}, {"base_span": [440, 446], "annotations": [{"nertag": "O"}]}, {"base_span": [446, 447], "annotations": [{"nertag": "O"}]}, {"base_span": [448, 450], "annotations": [{"nertag": "O"}]}, {"base_span": [451, 455], "annotations": [{"nertag": "O"}]}, {"base_span": [456, 461], "annotations": [{"nertag": "O"}]}, {"base_span": [462, 466], "annotations": [{"nertag": "B-PER"}]}, {"base_span": [467, 469], "annotations": [{"nertag": "O"}]}, {"base_span": [470, 474], "annotations": [{"nertag": "B-PER"}]}, {"base_span": [475, 486], "annotations": [{"nertag": "I-PER"}]}, {"base_span": [487, 490], "annotations": [{"nertag": "O"}]}, {"base_span": [491, 496], "annotations": [{"nertag": "O"}]}, {"base_span": [497, 502], "annotations": [{"nertag": "O"}]}, {"base_span": [503, 510], "annotations": [{"nertag": "O"}]}, {"base_span": [511, 516], "annotations": [{"nertag": "O"}]}, {"base_span": [517, 523], "annotations": [{"nertag": "O"}]}, {"base_span": [523, 524], "annotations": [{"nertag": "O"}]}, {"base_span": [525, 528], "annotations": [{"nertag": "O"}]}, {"base_span": [529, 538], "annotations": [{"nertag": "O"}]}, {"base_span": [539, 541], "annotations": [{"nertag": "O"}]}, {"base_span": [542, 546], "annotations": [{"nertag": "O"}]}, {"base_span": [547, 552], "annotations": [{"nertag": "O"}]}, {"base_span": [553, 559], "annotations": [{"nertag": "O"}]}, {"base_span": [559, 560], "annotations": [{"nertag": "O"}]}, {"base_span": [561, 569], "annotations": [{"nertag": "O"}]}, {"base_span": [570, 574], "annotations": [{"nertag": "B-PER"}]}, {"base_span": [575, 583], "annotations": [{"nertag": "I-PER"}]}, {"base_span": [584, 588], "annotations": [{"nertag": "O"}]}, {"base_span": [589, 592], "annotations": [{"nertag": "O"}]}, {"base_span": [593, 597], "annotations": [{"nertag": "O"}]}, {"base_span": [598, 604], "annotations": [{"nertag": "O"}]}, {"base_span": [605, 610], "annotations": [{"nertag": "O"}]}, {"base_span": [611, 613], "annotations": [{"nertag": "O"}]}, {"base_span": [614, 616], "annotations": [{"nertag": "O"}]}, {"base_span": [616, 617], "annotations": [{"nertag": "O"}]}, {"base_span": [618, 619], "annotations": [{"nertag": "O"}]}, {"base_span": [620, 631], "annotations": [{"nertag": "O"}]}, {"base_span": [632, 637], "annotations": [{"nertag": "O"}]}, {"base_span": [638, 643], "annotations": [{"nertag": "O"}]}, {"base_span": [643, 644], "annotations": [{"nertag": "O"}]}, {"base_span": [645, 646], "annotations": [{"nertag": "O"}]}, {"base_span": [647, 653], "annotations": [{"nertag": "O"}]}, {"base_span": [654, 659], "annotations": [{"nertag": "O"}]}, {"base_span": [660, 667], "annotations": [{"nertag": "O"}]}, {"base_span": [668, 673], "annotations": [{"nertag": "O"}]}, {"base_span": [673, 674], "annotations": [{"nertag": "O"}]}, {"base_span": [675, 676], "annotations": [{"nertag": "O"}]}, {"base_span": [677, 683], "annotations": [{"nertag": "O"}]}, {"base_span": [684, 693], "annotations": [{"nertag": "O"}]}, {"base_span": [694, 700], "annotations": [{"nertag": "O"}]}, {"base_span": [700, 701], "annotations": [{"nertag": "O"}]}, {"base_span": [702, 703], "annotations": [{"nertag": "O"}]}, {"base_span": [704, 707], "annotations": [{"nertag": "O"}]}, {"base_span": [708, 710], "annotations": [{"nertag": "O"}]}, {"base_span": [711, 712], "annotations": [{"nertag": "O"}]}, {"base_span": [713, 717], "annotations": [{"nertag": "O"}]}, {"base_span": [717, 718], "annotations": [{"nertag": "O"}]}, {"base_span": [720, 725], "annotations": [{"nertag": "O"}]}, {"base_span": [726, 731], "annotations": [{"nertag": "O"}]}, {"base_span": [732, 735], "annotations": [{"nertag": "O"}]}, {"base_span": [736, 740], "annotations": [{"nertag": "B-PER"}]}, {"base_span": [741, 749], "annotations": [{"nertag": "I-PER"}]}, {"base_span": [750, 757], "annotations": [{"nertag": "O"}]}, {"base_span": [757, 758], "annotations": [{"nertag": "O"}]}, {"base_span": [759, 761], "annotations": [{"nertag": "O"}]}, {"base_span": [762, 766], "annotations": [{"nertag": "O"}]}, {"base_span": [767, 769], "annotations": [{"nertag": "O"}]}, {"base_span": [770, 777], "annotations": [{"nertag": "O"}]}, {"base_span": [778, 782], "annotations": [{"nertag": "O"}]}, {"base_span": [783, 788], "annotations": [{"nertag": "O"}]}, {"base_span": [789, 792], "annotations": [{"nertag": "O"}]}, {"base_span": [792, 793], "annotations": [{"nertag": "O"}]}, {"base_span": [794, 798], "annotations": [{"nertag": "O"}]}, {"base_span": [799, 806], "annotations": [{"nertag": "O"}]}, {"base_span": [807, 809], "annotations": [{"nertag": "O"}]}, {"base_span": [810, 816], "annotations": [{"nertag": "O"}]}, {"base_span": [817, 821], "annotations": [{"nertag": "O"}]}, {"base_span": [822, 831], "annotations": [{"nertag": "O"}]}, {"base_span": [832, 838], "annotations": [{"nertag": "O"}]}, {"base_span": [839, 841], "annotations": [{"nertag": "O"}]}, {"base_span": [842, 849], "annotations": [{"nertag": "O"}]}, {"base_span": [850, 854], "annotations": [{"nertag": "O"}]}, {"base_span": [855, 864], "annotations": [{"nertag": "O"}]}, {"base_span": [865, 868], "annotations": [{"nertag": "O"}]}, {"base_span": [869, 872], "annotations": [{"nertag": "O"}]}, {"base_span": [873, 879], "annotations": [{"nertag": "O"}]}, {"base_span": [879, 880], "annotations": [{"nertag": "O"}]}, {"base_span": [881, 885], "annotations": [{"nertag": "O"}]}, {"base_span": [886, 888], "annotations": [{"nertag": "O"}]}, {"base_span": [889, 895], "annotations": [{"nertag": "O"}]}, {"base_span": [896, 900], "annotations": [{"nertag": "O"}]}, {"base_span": [901, 905], "annotations": [{"nertag": "O"}]}, {"base_span": [906, 912], "annotations": [{"nertag": "O"}]}, {"base_span": [913, 918], "annotations": [{"nertag": "O"}]}, {"base_span": [918, 919], "annotations": [{"nertag": "O"}]}, {"base_span": [920, 923], "annotations": [{"nertag": "O"}]}, {"base_span": [924, 935], "annotations": [{"nertag": "O"}]}, {"base_span": [936, 940], "annotations": [{"nertag": "O"}]}, {"base_span": [941, 945], "annotations": [{"nertag": "O"}]}, {"base_span": [946, 950], "annotations": [{"nertag": "O"}]}, {"base_span": [951, 956], "annotations": [{"nertag": "O"}]}, {"base_span": [957, 962], "annotations": [{"nertag": "O"}]}, {"base_span": [963, 967], "annotations": [{"nertag": "O"}]}, {"base_span": [968, 974], "annotations": [{"nertag": "O"}]}, {"base_span": [975, 979], "annotations": [{"nertag": "O"}]}, {"base_span": [980, 983], "annotations": [{"nertag": "O"}]}, {"base_span": [984, 987], "annotations": [{"nertag": "O"}]}, {"base_span": [988, 994], "annotations": [{"nertag": "O"}]}, {"base_span": [995, 1001], "annotations": [{"nertag": "O"}]}, {"base_span": [1001, 1002], "annotations": [{"nertag": "O"}]}, {"base_span": [1003, 1006], "annotations": [{"nertag": "O"}]}, {"base_span": [1007, 1009], "annotations": [{"nertag": "O"}]}, {"base_span": [1010, 1014], "annotations": [{"nertag": "O"}]}, {"base_span": [1015, 1020], "annotations": [{"nertag": "O"}]}, {"base_span": [1021, 1027], "annotations": [{"nertag": "O"}]}, {"base_span": [1027, 1028], "annotations": [{"nertag": "O"}]}, {"base_span": [1029, 1033], "annotations": [{"nertag": "O"}]}, {"base_span": [1034, 1036], "annotations": [{"nertag": "O"}]}, {"base_span": [1037, 1042], "annotations": [{"nertag": "O"}]}, {"base_span": [1043, 1050], "annotations": [{"nertag": "O"}]}, {"base_span": [1051, 1053], "annotations": [{"nertag": "O"}]}, {"base_span": [1054, 1059], "annotations": [{"nertag": "O"}]}, {"base_span": [1060, 1066], "annotations": [{"nertag": "O"}]}, {"base_span": [1067, 1078], "annotations": [{"nertag": "O"}]}, {"base_span": [1080, 1087], "annotations": [{"nertag": "O"}]}, {"base_span": [1088, 1093], "annotations": [{"nertag": "O"}]}, {"base_span": [1093, 1094], "annotations": [{"nertag": "O"}]}, {"base_span": [1095, 1099], "annotations": [{"nertag": "B-PER"}]}, {"base_span": [1100, 1108], "annotations": [{"nertag": "I-PER"}]}, {"base_span": [1109, 1114], "annotations": [{"nertag": "O"}]}, {"base_span": [1115, 1122], "annotations": [{"nertag": "O"}]}, {"base_span": [1123, 1127], "annotations": [{"nertag": "O"}]}, {"base_span": [1128, 1135], "annotations": [{"nertag": "O"}]}, {"base_span": [1136, 1141], "annotations": [{"nertag": "O"}]}, {"base_span": [1142, 1147], "annotations": [{"nertag": "O"}]}, {"base_span": [1148, 1150], "annotations": [{"nertag": "O"}]}, {"base_span": [1151, 1157], "annotations": [{"nertag": "O"}]}, {"base_span": [1158, 1162], "annotations": [{"nertag": "B-PER"}]}, {"base_span": [1163, 1168], "annotations": [{"nertag": "I-PER"}]}, {"base_span": [1169, 1175], "annotations": [{"nertag": "O"}]}, {"base_span": [1176, 1180], "annotations": [{"nertag": "O"}]}, {"base_span": [1181, 1184], "annotations": [{"nertag": "O"}]}, {"base_span": [1185, 1188], "annotations": [{"nertag": "O"}]}, {"base_span": [1189, 1195], "annotations": [{"nertag": "O"}]}, {"base_span": [1195, 1196], "annotations": [{"nertag": "O"}]}, {"base_span": [1197, 1203], "annotations": [{"nertag": "O"}]}, {"base_span": [1204, 1209], "annotations": [{"nertag": "O"}]}, {"base_span": [1210, 1216], "annotations": [{"nertag": "O"}]}, {"base_span": [1217, 1226], "annotations": [{"nertag": "O"}]}, {"base_span": [1227, 1233], "annotations": [{"nertag": "O"}]}, {"base_span": [1234, 1241], "annotations": [{"nertag": "O"}]}, {"base_span": [1242, 1246], "annotations": [{"nertag": "B-PER"}]}, {"base_span": [1247, 1252], "annotations": [{"nertag": "I-PER"}]}, {"base_span": [1253, 1257], "annotations": [{"nertag": "B-PER"}]}, {"base_span": [1258, 1269], "annotations": [{"nertag": "I-PER"}]}, {"base_span": [1270, 1273], "annotations": [{"nertag": "O"}]}, {"base_span": [1274, 1277], "annotations": [{"nertag": "O"}]}, {"base_span": [1278, 1283], "annotations": [{"nertag": "O"}]}, {"base_span": [1284, 1286], "annotations": [{"nertag": "O"}]}, {"base_span": [1287, 1292], "annotations": [{"nertag": "O"}]}, {"base_span": [1293, 1300], "annotations": [{"nertag": "O"}]}, {"base_span": [1301, 1304], "annotations": [{"nertag": "O"}]}, {"base_span": [1305, 1309], "annotations": [{"nertag": "O"}]}, {"base_span": [1310, 1317], "annotations": [{"nertag": "O"}]}, {"base_span": [1318, 1323], "annotations": [{"nertag": "O"}]}, {"base_span": [1324, 1327], "annotations": [{"nertag": "O"}]}, {"base_span": [1328, 1332], "annotations": [{"nertag": "O"}]}, {"base_span": [1332, 1333], "annotations": [{"nertag": "O"}]}, {"base_span": [1335, 1345], "annotations": [{"nertag": "O"}]}, {"base_span": [1345, 1346], "annotations": [{"nertag": "O"}]}, {"base_span": [1347, 1353], "annotations": [{"nertag": "B-PER"}]}, {"base_span": [1354, 1360], "annotations": [{"nertag": "I-PER"}]}, {"base_span": [1368, 1371], "annotations": [{"nertag": "O"}]}, {"base_span": [1384, 1391], "annotations": [{"nertag": "O"}]}, {"base_span": [1391, 1392], "annotations": [{"nertag": "O"}]}, {"base_span": [1393, 1398], "annotations": [{"nertag": "B-PER"}]}, {"base_span": [1399, 1403], "annotations": [{"nertag": "I-PER"}]}, {"base_span": [1419, 1422], "annotations": [{"nertag": "O"}]}, {"base_span": [1435, 1442], "annotations": [{"nertag": "O"}]}, {"base_span": [1442, 1443], "annotations": [{"nertag": "O"}]}, {"base_span": [1444, 1449], "annotations": [{"nertag": "B-PER"}]}, {"base_span": [1450, 1462], "annotations": [{"nertag": "I-PER"}]}, {"base_span": [1465, 1468], "annotations": [{"nertag": "O"}]}, {"base_span": [1477, 1486], "annotations": [{"nertag": "O"}]}, {"base_span": [1486, 1487], "annotations": [{"nertag": "O"}]}, {"base_span": [1488, 1489], "annotations": [{"nertag": "B-PER"}]}, {"base_span": [1489, 1490], "annotations": [{"nertag": "I-PER"}]}, {"base_span": [1490, 1497], "annotations": [{"nertag": "I-PER"}]}]}]}