{"text": "\nPisallo walla koggokonna kohto maiasse ollid tallitaja tallutamisse all koko tulnud.\n\nAbbimees Kustas Treier\n\nEestseisus Mart Ustal\n\nPridik Kirpman\n\nWollinikud Jakob Sarrapu\n\nJaan Wahhartal\n\nJaan Tattar\n\nJaan Tõnning\n\nMaddis Sarrapu\n\nMart Mik\n\nMart Koppel\n\nJakob Tõns\n\nNouks sai wõetud 1884 II aasta kroono pea rahha sisse korjata. Rewisjonis on järrel 291 hinge, ja igga hinge pealt pärrib kroono 1 rbl 68 kop se teeb 244 Rbl 44 kop. Nüüd arwati maksjad hinged järrele 17-60 aastani, ja leiti 169 hinge ollewad, ja nende peale arwati se 244 rbl 44 kop. Se teeb maksja hinge maksta 1 rbl 45 kop\n\nTallitaja\n\nAbbimees\n\nEestseisus Mart Ustal XXX\n\nPridik Kirpman XXX\n\nWollinikud Jakob Sarrapu XXX\n\nJaan Wahhartal XXX\n\nJaan Tattar XXX\n\nJaan Tõnning XXX\n\nMaddis Sarrapu XXX\n\nMart Mik\n\nMart Koppel XXX\n\nJakob Tõns XXX\n\n\n", "meta": {"origin_directory": "vallakohus_neljas/"}, "layers": [{"name": "gold_ner", "attributes": ["nertag"], "parent": null, "enveloping": null, "ambiguous": false, "serialisation_module": null, "meta": {}, "spans": [{"base_span": [1, 39], "annotations": [{"nertag": "LOC"}]}, {"base_span": [96, 109], "annotations": [{"nertag": "PER"}]}, {"base_span": [122, 132], "annotations": [{"nertag": "PER"}]}, {"base_span": [134, 148], "annotations": [{"nertag": "PER"}]}, {"base_span": [161, 174], "annotations": [{"nertag": "PER"}]}, {"base_span": [176, 190], "annotations": [{"nertag": "PER"}]}, {"base_span": [192, 203], "annotations": [{"nertag": "PER"}]}, {"base_span": [205, 217], "annotations": [{"nertag": "PER"}]}, {"base_span": [219, 233], "annotations": [{"nertag": "PER"}]}, {"base_span": [235, 243], "annotations": [{"nertag": "PER"}]}, {"base_span": [245, 256], "annotations": [{"nertag": "PER"}]}, {"base_span": [258, 268], "annotations": [{"nertag": "PER"}]}, {"base_span": [629, 639], "annotations": [{"nertag": "PER"}]}, {"base_span": [645, 659], "annotations": [{"nertag": "PER"}]}, {"base_span": [676, 689], "annotations": [{"nertag": "PER"}]}, {"base_span": [695, 709], "annotations": [{"nertag": "PER"}]}, {"base_span": [715, 726], "annotations": [{"nertag": "PER"}]}, {"base_span": [732, 744], "annotations": [{"nertag": "PER"}]}, {"base_span": [750, 764], "annotations": [{"nertag": "PER"}]}, {"base_span": [770, 778], "annotations": [{"nertag": "PER"}]}, {"base_span": [780, 791], "annotations": [{"nertag": "PER"}]}, {"base_span": [797, 807], "annotations": [{"nertag": "PER"}]}]}, {"name": "gold_wordner", "attributes": ["nertag"], "parent": null, "enveloping": null, "ambiguous": false, "serialisation_module": null, "meta": {}, "spans": [{"base_span": [1, 8], "annotations": [{"nertag": "B-LOC"}]}, {"base_span": [9, 14], "annotations": [{"nertag": "I-LOC"}]}, {"base_span": [15, 25], "annotations": [{"nertag": "I-LOC"}]}, {"base_span": [26, 31], "annotations": [{"nertag": "I-LOC"}]}, {"base_span": [32, 39], "annotations": [{"nertag": "I-LOC"}]}, {"base_span": [40, 45], "annotations": [{"nertag": "O"}]}, {"base_span": [46, 55], "annotations": [{"nertag": "O"}]}, {"base_span": [56, 68], "annotations": [{"nertag": "O"}]}, {"base_span": [69, 72], "annotations": [{"nertag": "O"}]}, {"base_span": [73, 77], "annotations": [{"nertag": "O"}]}, {"base_span": [78, 84], "annotations": [{"nertag": "O"}]}, {"base_span": [84, 85], "annotations": [{"nertag": "O"}]}, {"base_span": [87, 95], "annotations": [{"nertag": "O"}]}, {"base_span": [96, 102], "annotations": [{"nertag": "B-PER"}]}, {"base_span": [103, 109], "annotations": [{"nertag": "I-PER"}]}, {"base_span": [111, 121], "annotations": [{"nertag": "O"}]}, {"base_span": [122, 126], "annotations": [{"nertag": "B-PER"}]}, {"base_span": [127, 132], "annotations": [{"nertag": "I-PER"}]}, {"base_span": [134, 140], "annotations": [{"nertag": "B-PER"}]}, {"base_span": [141, 148], "annotations": [{"nertag": "I-PER"}]}, {"base_span": [150, 160], "annotations": [{"nertag": "O"}]}, {"base_span": [161, 166], "annotations": [{"nertag": "B-PER"}]}, {"base_span": [167, 174], "annotations": [{"nertag": "I-PER"}]}, {"base_span": [176, 180], "annotations": [{"nertag": "B-PER"}]}, {"base_span": [181, 190], "annotations": [{"nertag": "I-PER"}]}, {"base_span": [192, 196], "annotations": [{"nertag": "B-PER"}]}, {"base_span": [197, 203], "annotations": [{"nertag": "I-PER"}]}, {"base_span": [205, 209], "annotations": [{"nertag": "B-PER"}]}, {"base_span": [210, 217], "annotations": [{"nertag": "I-PER"}]}, {"base_span": [219, 225], "annotations": [{"nertag": "B-PER"}]}, {"base_span": [226, 233], "annotations": [{"nertag": "I-PER"}]}, {"base_span": [235, 239], "annotations": [{"nertag": "B-PER"}]}, {"base_span": [240, 243], "annotations": [{"nertag": "I-PER"}]}, {"base_span": [245, 249], "annotations": [{"nertag": "B-PER"}]}, {"base_span": [250, 256], "annotations": [{"nertag": "I-PER"}]}, {"base_span": [258, 263], "annotations": [{"nertag": "B-PER"}]}, {"base_span": [264, 268], "annotations": [{"nertag": "I-PER"}]}, {"base_span": [270, 275], "annotations": [{"nertag": "O"}]}, {"base_span": [276, 279], "annotations": [{"nertag": "O"}]}, {"base_span": [280, 286], "annotations": [{"nertag": "O"}]}, {"base_span": [287, 291], "annotations": [{"nertag": "O"}]}, {"base_span": [292, 294], "annotations": [{"nertag": "O"}]}, {"base_span": [295, 300], "annotations": [{"nertag": "O"}]}, {"base_span": [301, 307], "annotations": [{"nertag": "O"}]}, {"base_span": [308, 311], "annotations": [{"nertag": "O"}]}, {"base_span": [312, 317], "annotations": [{"nertag": "O"}]}, {"base_span": [318, 323], "annotations": [{"nertag": "O"}]}, {"base_span": [324, 331], "annotations": [{"nertag": "O"}]}, {"base_span": [331, 332], "annotations": [{"nertag": "O"}]}, {"base_span": [333, 343], "annotations": [{"nertag": "O"}]}, {"base_span": [344, 346], "annotations": [{"nertag": "O"}]}, {"base_span": [347, 353], "annotations": [{"nertag": "O"}]}, {"base_span": [354, 357], "annotations": [{"nertag": "O"}]}, {"base_span": [358, 363], "annotations": [{"nertag": "O"}]}, {"base_span": [363, 364], "annotations": [{"nertag": "O"}]}, {"base_span": [365, 367], "annotations": [{"nertag": "O"}]}, {"base_span": [368, 372], "annotations": [{"nertag": "O"}]}, {"base_span": [373, 378], "annotations": [{"nertag": "O"}]}, {"base_span": [379, 384], "annotations": [{"nertag": "O"}]}, {"base_span": [385, 391], "annotations": [{"nertag": "O"}]}, {"base_span": [392, 398], "annotations": [{"nertag": "O"}]}, {"base_span": [399, 400], "annotations": [{"nertag": "O"}]}, {"base_span": [401, 404], "annotations": [{"nertag": "O"}]}, {"base_span": [405, 407], "annotations": [{"nertag": "O"}]}, {"base_span": [408, 411], "annotations": [{"nertag": "O"}]}, {"base_span": [412, 414], "annotations": [{"nertag": "O"}]}, {"base_span": [415, 419], "annotations": [{"nertag": "O"}]}, {"base_span": [420, 423], "annotations": [{"nertag": "O"}]}, {"base_span": [424, 427], "annotations": [{"nertag": "O"}]}, {"base_span": [428, 430], "annotations": [{"nertag": "O"}]}, {"base_span": [431, 434], "annotations": [{"nertag": "O"}]}, {"base_span": [434, 435], "annotations": [{"nertag": "O"}]}, {"base_span": [436, 440], "annotations": [{"nertag": "O"}]}, {"base_span": [441, 447], "annotations": [{"nertag": "O"}]}, {"base_span": [448, 455], "annotations": [{"nertag": "O"}]}, {"base_span": [456, 462], "annotations": [{"nertag": "O"}]}, {"base_span": [463, 470], "annotations": [{"nertag": "O"}]}, {"base_span": [471, 473], "annotations": [{"nertag": "O"}]}, {"base_span": [473, 474], "annotations": [{"nertag": "O"}]}, {"base_span": [474, 476], "annotations": [{"nertag": "O"}]}, {"base_span": [477, 484], "annotations": [{"nertag": "O"}]}, {"base_span": [484, 485], "annotations": [{"nertag": "O"}]}, {"base_span": [486, 488], "annotations": [{"nertag": "O"}]}, {"base_span": [489, 494], "annotations": [{"nertag": "O"}]}, {"base_span": [495, 498], "annotations": [{"nertag": "O"}]}, {"base_span": [499, 504], "annotations": [{"nertag": "O"}]}, {"base_span": [505, 512], "annotations": [{"nertag": "O"}]}, {"base_span": [512, 513], "annotations": [{"nertag": "O"}]}, {"base_span": [514, 516], "annotations": [{"nertag": "O"}]}, {"base_span": [517, 522], "annotations": [{"nertag": "O"}]}, {"base_span": [523, 528], "annotations": [{"nertag": "O"}]}, {"base_span": [529, 535], "annotations": [{"nertag": "O"}]}, {"base_span": [536, 538], "annotations": [{"nertag": "O"}]}, {"base_span": [539, 542], "annotations": [{"nertag": "O"}]}, {"base_span": [543, 546], "annotations": [{"nertag": "O"}]}, {"base_span": [547, 549], "annotations": [{"nertag": "O"}]}, {"base_span": [550, 553], "annotations": [{"nertag": "O"}]}, {"base_span": [553, 554], "annotations": [{"nertag": "O"}]}, {"base_span": [555, 557], "annotations": [{"nertag": "O"}]}, {"base_span": [558, 562], "annotations": [{"nertag": "O"}]}, {"base_span": [563, 569], "annotations": [{"nertag": "O"}]}, {"base_span": [570, 575], "annotations": [{"nertag": "O"}]}, {"base_span": [576, 582], "annotations": [{"nertag": "O"}]}, {"base_span": [583, 584], "annotations": [{"nertag": "O"}]}, {"base_span": [585, 588], "annotations": [{"nertag": "O"}]}, {"base_span": [589, 591], "annotations": [{"nertag": "O"}]}, {"base_span": [592, 595], "annotations": [{"nertag": "O"}]}, {"base_span": [597, 606], "annotations": [{"nertag": "O"}]}, {"base_span": [608, 616], "annotations": [{"nertag": "O"}]}, {"base_span": [618, 628], "annotations": [{"nertag": "O"}]}, {"base_span": [629, 633], "annotations": [{"nertag": "B-PER"}]}, {"base_span": [634, 639], "annotations": [{"nertag": "I-PER"}]}, {"base_span": [640, 643], "annotations": [{"nertag": "O"}]}, {"base_span": [645, 651], "annotations": [{"nertag": "B-PER"}]}, {"base_span": [652, 659], "annotations": [{"nertag": "I-PER"}]}, {"base_span": [660, 663], "annotations": [{"nertag": "O"}]}, {"base_span": [665, 675], "annotations": [{"nertag": "O"}]}, {"base_span": [676, 681], "annotations": [{"nertag": "B-PER"}]}, {"base_span": [682, 689], "annotations": [{"nertag": "I-PER"}]}, {"base_span": [690, 693], "annotations": [{"nertag": "O"}]}, {"base_span": [695, 699], "annotations": [{"nertag": "B-PER"}]}, {"base_span": [700, 709], "annotations": [{"nertag": "I-PER"}]}, {"base_span": [710, 713], "annotations": [{"nertag": "O"}]}, {"base_span": [715, 719], "annotations": [{"nertag": "B-PER"}]}, {"base_span": [720, 726], "annotations": [{"nertag": "I-PER"}]}, {"base_span": [727, 730], "annotations": [{"nertag": "O"}]}, {"base_span": [732, 736], "annotations": [{"nertag": "B-PER"}]}, {"base_span": [737, 744], "annotations": [{"nertag": "I-PER"}]}, {"base_span": [745, 748], "annotations": [{"nertag": "O"}]}, {"base_span": [750, 756], "annotations": [{"nertag": "B-PER"}]}, {"base_span": [757, 764], "annotations": [{"nertag": "I-PER"}]}, {"base_span": [765, 768], "annotations": [{"nertag": "O"}]}, {"base_span": [770, 774], "annotations": [{"nertag": "B-PER"}]}, {"base_span": [775, 778], "annotations": [{"nertag": "I-PER"}]}, {"base_span": [780, 784], "annotations": [{"nertag": "B-PER"}]}, {"base_span": [785, 791], "annotations": [{"nertag": "I-PER"}]}, {"base_span": [792, 795], "annotations": [{"nertag": "O"}]}, {"base_span": [797, 802], "annotations": [{"nertag": "B-PER"}]}, {"base_span": [803, 807], "annotations": [{"nertag": "I-PER"}]}, {"base_span": [808, 811], "annotations": [{"nertag": "O"}]}]}]}