{"text": "\nÜkstuhat kaheksasada üheksakümmend seitsmendamal aastal kahekümne kaheksamal Paasu kuupäewal, Emmaste walla liikmed, kes kohtule tuntud, kipper Toomas Leisberg ja madrused Peet Kiwi ja Juhan Kiwi palusiwad nendelt sisseantud kirjaliku lepingut selle kohtu raamatusse üles wötta ja kinnitada: Laewa \"Kalewi\" kipper Toomas Leisberg kauples 1897a. meresöidu ajaks, mis wiieteistkümnemal Jüri kuupäewal Puulaidus algab, madrusteks, Peet Kiwi kaheksateistrubla kuu palga ja Juhan Kiwi neliteistrubla kuupalgaga. See leping sai pärast lepingu raamatusse kirjutamist pooltelt ette loetud ja nendelt Toomas Leisberg'ilt ja Peet ja Juhan Kiwilt alla kirjutatud, mis kohus õigeks tunnistab.\n\nUstawaks tunnistatud lepingu wöttis wasta: T. Leisberg [allkiri].\n\n\n", "meta": {"origin_directory": "vallakohus_teine/"}, "layers": [{"name": "gold_ner", "attributes": ["nertag"], "parent": null, "enveloping": null, "ambiguous": false, "serialisation_module": null, "meta": {}, "spans": [{"base_span": [95, 108], "annotations": [{"nertag": "LOC_ORG"}]}, {"base_span": [145, 160], "annotations": [{"nertag": "PER"}]}, {"base_span": [173, 182], "annotations": [{"nertag": "PER"}]}, {"base_span": [186, 196], "annotations": [{"nertag": "PER"}]}, {"base_span": [293, 307], "annotations": [{"nertag": "MISC"}]}, {"base_span": [315, 330], "annotations": [{"nertag": "PER"}]}, {"base_span": [400, 409], "annotations": [{"nertag": "LOC"}]}, {"base_span": [429, 438], "annotations": [{"nertag": "PER"}]}, {"base_span": [470, 480], "annotations": [{"nertag": "PER"}]}, {"base_span": [593, 612], "annotations": [{"nertag": "PER"}]}, {"base_span": [616, 620], "annotations": [{"nertag": "PER"}]}, {"base_span": [624, 636], "annotations": [{"nertag": "PER"}]}, {"base_span": [726, 737], "annotations": [{"nertag": "PER"}]}]}, {"name": "gold_wordner", "attributes": ["nertag"], "parent": null, "enveloping": null, "ambiguous": false, "serialisation_module": null, "meta": {}, "spans": [{"base_span": [1, 9], "annotations": [{"nertag": "O"}]}, {"base_span": [10, 21], "annotations": [{"nertag": "O"}]}, {"base_span": [22, 35], "annotations": [{"nertag": "O"}]}, {"base_span": [36, 49], "annotations": [{"nertag": "O"}]}, {"base_span": [50, 56], "annotations": [{"nertag": "O"}]}, {"base_span": [57, 66], "annotations": [{"nertag": "O"}]}, {"base_span": [67, 77], "annotations": [{"nertag": "O"}]}, {"base_span": [78, 83], "annotations": [{"nertag": "O"}]}, {"base_span": [84, 93], "annotations": [{"nertag": "O"}]}, {"base_span": [93, 94], "annotations": [{"nertag": "O"}]}, {"base_span": [95, 102], "annotations": [{"nertag": "B-LOC_ORG"}]}, {"base_span": [103, 108], "annotations": [{"nertag": "I-LOC_ORG"}]}, {"base_span": [109, 116], "annotations": [{"nertag": "O"}]}, {"base_span": [116, 117], "annotations": [{"nertag": "O"}]}, {"base_span": [118, 121], "annotations": [{"nertag": "O"}]}, {"base_span": [122, 129], "annotations": [{"nertag": "O"}]}, {"base_span": [130, 136], "annotations": [{"nertag": "O"}]}, {"base_span": [136, 137], "annotations": [{"nertag": "O"}]}, {"base_span": [138, 144], "annotations": [{"nertag": "O"}]}, {"base_span": [145, 151], "annotations": [{"nertag": "B-PER"}]}, {"base_span": [152, 160], "annotations": [{"nertag": "I-PER"}]}, {"base_span": [161, 163], "annotations": [{"nertag": "O"}]}, {"base_span": [164, 172], "annotations": [{"nertag": "O"}]}, {"base_span": [173, 177], "annotations": [{"nertag": "B-PER"}]}, {"base_span": [178, 182], "annotations": [{"nertag": "I-PER"}]}, {"base_span": [183, 185], "annotations": [{"nertag": "O"}]}, {"base_span": [186, 191], "annotations": [{"nertag": "B-PER"}]}, {"base_span": [192, 196], "annotations": [{"nertag": "I-PER"}]}, {"base_span": [197, 206], "annotations": [{"nertag": "O"}]}, {"base_span": [207, 214], "annotations": [{"nertag": "O"}]}, {"base_span": [215, 225], "annotations": [{"nertag": "O"}]}, {"base_span": [226, 235], "annotations": [{"nertag": "O"}]}, {"base_span": [236, 244], "annotations": [{"nertag": "O"}]}, {"base_span": [245, 250], "annotations": [{"nertag": "O"}]}, {"base_span": [251, 256], "annotations": [{"nertag": "O"}]}, {"base_span": [257, 267], "annotations": [{"nertag": "O"}]}, {"base_span": [268, 272], "annotations": [{"nertag": "O"}]}, {"base_span": [273, 278], "annotations": [{"nertag": "O"}]}, {"base_span": [279, 281], "annotations": [{"nertag": "O"}]}, {"base_span": [282, 291], "annotations": [{"nertag": "O"}]}, {"base_span": [291, 292], "annotations": [{"nertag": "O"}]}, {"base_span": [293, 298], "annotations": [{"nertag": "B-MISC"}]}, {"base_span": [299, 300], "annotations": [{"nertag": "I-MISC"}]}, {"base_span": [300, 306], "annotations": [{"nertag": "I-MISC"}]}, {"base_span": [306, 307], "annotations": [{"nertag": "I-MISC"}]}, {"base_span": [308, 314], "annotations": [{"nertag": "O"}]}, {"base_span": [315, 321], "annotations": [{"nertag": "B-PER"}]}, {"base_span": [322, 330], "annotations": [{"nertag": "I-PER"}]}, {"base_span": [331, 338], "annotations": [{"nertag": "O"}]}, {"base_span": [339, 344], "annotations": [{"nertag": "O"}]}, {"base_span": [344, 345], "annotations": [{"nertag": "O"}]}, {"base_span": [346, 355], "annotations": [{"nertag": "O"}]}, {"base_span": [356, 361], "annotations": [{"nertag": "O"}]}, {"base_span": [361, 362], "annotations": [{"nertag": "O"}]}, {"base_span": [363, 366], "annotations": [{"nertag": "O"}]}, {"base_span": [367, 384], "annotations": [{"nertag": "O"}]}, {"base_span": [385, 389], "annotations": [{"nertag": "O"}]}, {"base_span": [390, 399], "annotations": [{"nertag": "O"}]}, {"base_span": [400, 409], "annotations": [{"nertag": "B-LOC"}]}, {"base_span": [410, 415], "annotations": [{"nertag": "O"}]}, {"base_span": [415, 416], "annotations": [{"nertag": "O"}]}, {"base_span": [417, 427], "annotations": [{"nertag": "O"}]}, {"base_span": [427, 428], "annotations": [{"nertag": "O"}]}, {"base_span": [429, 433], "annotations": [{"nertag": "B-PER"}]}, {"base_span": [434, 438], "annotations": [{"nertag": "I-PER"}]}, {"base_span": [439, 456], "annotations": [{"nertag": "O"}]}, {"base_span": [457, 460], "annotations": [{"nertag": "O"}]}, {"base_span": [461, 466], "annotations": [{"nertag": "O"}]}, {"base_span": [467, 469], "annotations": [{"nertag": "O"}]}, {"base_span": [470, 475], "annotations": [{"nertag": "B-PER"}]}, {"base_span": [476, 480], "annotations": [{"nertag": "I-PER"}]}, {"base_span": [481, 495], "annotations": [{"nertag": "O"}]}, {"base_span": [496, 506], "annotations": [{"nertag": "O"}]}, {"base_span": [506, 507], "annotations": [{"nertag": "O"}]}, {"base_span": [508, 511], "annotations": [{"nertag": "O"}]}, {"base_span": [512, 518], "annotations": [{"nertag": "O"}]}, {"base_span": [519, 522], "annotations": [{"nertag": "O"}]}, {"base_span": [523, 529], "annotations": [{"nertag": "O"}]}, {"base_span": [530, 537], "annotations": [{"nertag": "O"}]}, {"base_span": [538, 548], "annotations": [{"nertag": "O"}]}, {"base_span": [549, 560], "annotations": [{"nertag": "O"}]}, {"base_span": [561, 569], "annotations": [{"nertag": "O"}]}, {"base_span": [570, 574], "annotations": [{"nertag": "O"}]}, {"base_span": [575, 581], "annotations": [{"nertag": "O"}]}, {"base_span": [582, 584], "annotations": [{"nertag": "O"}]}, {"base_span": [585, 592], "annotations": [{"nertag": "O"}]}, {"base_span": [593, 599], "annotations": [{"nertag": "B-PER"}]}, {"base_span": [600, 612], "annotations": [{"nertag": "I-PER"}]}, {"base_span": [613, 615], "annotations": [{"nertag": "O"}]}, {"base_span": [616, 620], "annotations": [{"nertag": "B-PER"}]}, {"base_span": [621, 623], "annotations": [{"nertag": "O"}]}, {"base_span": [624, 629], "annotations": [{"nertag": "B-PER"}]}, {"base_span": [630, 636], "annotations": [{"nertag": "I-PER"}]}, {"base_span": [637, 641], "annotations": [{"nertag": "O"}]}, {"base_span": [642, 652], "annotations": [{"nertag": "O"}]}, {"base_span": [652, 653], "annotations": [{"nertag": "O"}]}, {"base_span": [654, 657], "annotations": [{"nertag": "O"}]}, {"base_span": [658, 663], "annotations": [{"nertag": "O"}]}, {"base_span": [664, 670], "annotations": [{"nertag": "O"}]}, {"base_span": [671, 680], "annotations": [{"nertag": "O"}]}, {"base_span": [680, 681], "annotations": [{"nertag": "O"}]}, {"base_span": [683, 691], "annotations": [{"nertag": "O"}]}, {"base_span": [692, 703], "annotations": [{"nertag": "O"}]}, {"base_span": [704, 711], "annotations": [{"nertag": "O"}]}, {"base_span": [712, 718], "annotations": [{"nertag": "O"}]}, {"base_span": [719, 724], "annotations": [{"nertag": "O"}]}, {"base_span": [724, 725], "annotations": [{"nertag": "O"}]}, {"base_span": [726, 727], "annotations": [{"nertag": "B-PER"}]}, {"base_span": [727, 728], "annotations": [{"nertag": "I-PER"}]}, {"base_span": [729, 737], "annotations": [{"nertag": "I-PER"}]}, {"base_span": [738, 739], "annotations": [{"nertag": "O"}]}, {"base_span": [739, 746], "annotations": [{"nertag": "O"}]}, {"base_span": [746, 747], "annotations": [{"nertag": "O"}]}, {"base_span": [747, 748], "annotations": [{"nertag": "O"}]}]}]}