{"text": "Lesk Aeth Simoaue astus ette ja kaebab, et tema 3 aastat aega uma wäimehe Nigolas Muru juures teeninud, tema majatööd köik teinud ja ta lapsed kaitsenud, köik see aeg mis N. Muru lesk olnud. Ka enne kui ta naene weel elanud, on tema neid mitme asja polest omalt poolt awitanud. Nüüd, et Nig. Muru jälle omale teise naese on wötnud on ta teda sügisel oma juurest ärasaatnud ja pole temale midagi annud selle tasumiseks et ta teda nii kaua ilma palgata, palja sööma eest on teeninud. \nKui tema senno läinud, wiinud tema senna 10 vakka wöid ja 1/2 kül. soola; pärast ostnud weel 5 wakka wöid oma raha eest. Ka mõned maja asjad on ta senna wiinud, mis seal pruukida olnud. Kõigest sest ei arwa temale N. Muru midagi. Ka on nemad nelja aasta eest N. Muruga ühtekokku N. Mähle poodi raha intressi peale pannud. Tema pannud oma raha 50 Rub höb. N. Muru 25 Rub höb. Summa 75 Rub höb. See raha saanud N. Muru nime peale senna kirjutud. Hiljem nöutud senna weel raja juure, et sada rub. täis oleks. Nemad pannud juure.\n\n", "meta": {"origin_directory": "vallakohus_esimene/"}, "layers": [{"name": "gold_ner", "attributes": ["nertag"], "parent": null, "enveloping": null, "ambiguous": false, "serialisation_module": null, "meta": {}, "spans": [{"base_span": [5, 17], "annotations": [{"nertag": "PER"}]}, {"base_span": [74, 86], "annotations": [{"nertag": "PER"}]}, {"base_span": [171, 178], "annotations": [{"nertag": "PER"}]}, {"base_span": [287, 296], "annotations": [{"nertag": "PER"}]}, {"base_span": [697, 704], "annotations": [{"nertag": "PER"}]}, {"base_span": [742, 751], "annotations": [{"nertag": "PER"}]}, {"base_span": [762, 770], "annotations": [{"nertag": "PER"}]}, {"base_span": [838, 845], "annotations": [{"nertag": "PER"}]}, {"base_span": [892, 899], "annotations": [{"nertag": "PER"}]}]}, {"name": "gold_wordner", "attributes": ["nertag"], "parent": null, "enveloping": null, "ambiguous": false, "serialisation_module": null, "meta": {}, "spans": [{"base_span": [0, 4], "annotations": [{"nertag": "O"}]}, {"base_span": [5, 9], "annotations": [{"nertag": "B-PER"}]}, {"base_span": [10, 17], "annotations": [{"nertag": "I-PER"}]}, {"base_span": [18, 23], "annotations": [{"nertag": "O"}]}, {"base_span": [24, 28], "annotations": [{"nertag": "O"}]}, {"base_span": [29, 31], "annotations": [{"nertag": "O"}]}, {"base_span": [32, 38], "annotations": [{"nertag": "O"}]}, {"base_span": [38, 39], "annotations": [{"nertag": "O"}]}, {"base_span": [40, 42], "annotations": [{"nertag": "O"}]}, {"base_span": [43, 47], "annotations": [{"nertag": "O"}]}, {"base_span": [48, 49], "annotations": [{"nertag": "O"}]}, {"base_span": [50, 56], "annotations": [{"nertag": "O"}]}, {"base_span": [57, 61], "annotations": [{"nertag": "O"}]}, {"base_span": [62, 65], "annotations": [{"nertag": "O"}]}, {"base_span": [66, 73], "annotations": [{"nertag": "O"}]}, {"base_span": [74, 81], "annotations": [{"nertag": "B-PER"}]}, {"base_span": [82, 86], "annotations": [{"nertag": "I-PER"}]}, {"base_span": [87, 93], "annotations": [{"nertag": "O"}]}, {"base_span": [94, 102], "annotations": [{"nertag": "O"}]}, {"base_span": [102, 103], "annotations": [{"nertag": "O"}]}, {"base_span": [104, 108], "annotations": [{"nertag": "O"}]}, {"base_span": [109, 117], "annotations": [{"nertag": "O"}]}, {"base_span": [118, 122], "annotations": [{"nertag": "O"}]}, {"base_span": [123, 129], "annotations": [{"nertag": "O"}]}, {"base_span": [130, 132], "annotations": [{"nertag": "O"}]}, {"base_span": [133, 135], "annotations": [{"nertag": "O"}]}, {"base_span": [136, 142], "annotations": [{"nertag": "O"}]}, {"base_span": [143, 152], "annotations": [{"nertag": "O"}]}, {"base_span": [152, 153], "annotations": [{"nertag": "O"}]}, {"base_span": [154, 158], "annotations": [{"nertag": "O"}]}, {"base_span": [159, 162], "annotations": [{"nertag": "O"}]}, {"base_span": [163, 166], "annotations": [{"nertag": "O"}]}, {"base_span": [167, 170], "annotations": [{"nertag": "O"}]}, {"base_span": [171, 172], "annotations": [{"nertag": "B-PER"}]}, {"base_span": [172, 173], "annotations": [{"nertag": "I-PER"}]}, {"base_span": [174, 178], "annotations": [{"nertag": "I-PER"}]}, {"base_span": [179, 183], "annotations": [{"nertag": "O"}]}, {"base_span": [184, 189], "annotations": [{"nertag": "O"}]}, {"base_span": [189, 190], "annotations": [{"nertag": "O"}]}, {"base_span": [191, 193], "annotations": [{"nertag": "O"}]}, {"base_span": [194, 198], "annotations": [{"nertag": "O"}]}, {"base_span": [199, 202], "annotations": [{"nertag": "O"}]}, {"base_span": [203, 205], "annotations": [{"nertag": "O"}]}, {"base_span": [206, 211], "annotations": [{"nertag": "O"}]}, {"base_span": [212, 216], "annotations": [{"nertag": "O"}]}, {"base_span": [217, 223], "annotations": [{"nertag": "O"}]}, {"base_span": [223, 224], "annotations": [{"nertag": "O"}]}, {"base_span": [225, 227], "annotations": [{"nertag": "O"}]}, {"base_span": [228, 232], "annotations": [{"nertag": "O"}]}, {"base_span": [233, 237], "annotations": [{"nertag": "O"}]}, {"base_span": [238, 243], "annotations": [{"nertag": "O"}]}, {"base_span": [244, 248], "annotations": [{"nertag": "O"}]}, {"base_span": [249, 255], "annotations": [{"nertag": "O"}]}, {"base_span": [256, 261], "annotations": [{"nertag": "O"}]}, {"base_span": [262, 267], "annotations": [{"nertag": "O"}]}, {"base_span": [268, 276], "annotations": [{"nertag": "O"}]}, {"base_span": [276, 277], "annotations": [{"nertag": "O"}]}, {"base_span": [278, 282], "annotations": [{"nertag": "O"}]}, {"base_span": [282, 283], "annotations": [{"nertag": "O"}]}, {"base_span": [284, 286], "annotations": [{"nertag": "O"}]}, {"base_span": [287, 290], "annotations": [{"nertag": "B-PER"}]}, {"base_span": [290, 291], "annotations": [{"nertag": "I-PER"}]}, {"base_span": [292, 296], "annotations": [{"nertag": "I-PER"}]}, {"base_span": [297, 302], "annotations": [{"nertag": "O"}]}, {"base_span": [303, 308], "annotations": [{"nertag": "O"}]}, {"base_span": [309, 314], "annotations": [{"nertag": "O"}]}, {"base_span": [315, 320], "annotations": [{"nertag": "O"}]}, {"base_span": [321, 323], "annotations": [{"nertag": "O"}]}, {"base_span": [324, 330], "annotations": [{"nertag": "O"}]}, {"base_span": [331, 333], "annotations": [{"nertag": "O"}]}, {"base_span": [334, 336], "annotations": [{"nertag": "O"}]}, {"base_span": [337, 341], "annotations": [{"nertag": "O"}]}, {"base_span": [342, 349], "annotations": [{"nertag": "O"}]}, {"base_span": [350, 353], "annotations": [{"nertag": "O"}]}, {"base_span": [354, 361], "annotations": [{"nertag": "O"}]}, {"base_span": [362, 372], "annotations": [{"nertag": "O"}]}, {"base_span": [373, 375], "annotations": [{"nertag": "O"}]}, {"base_span": [376, 380], "annotations": [{"nertag": "O"}]}, {"base_span": [381, 387], "annotations": [{"nertag": "O"}]}, {"base_span": [388, 394], "annotations": [{"nertag": "O"}]}, {"base_span": [395, 400], "annotations": [{"nertag": "O"}]}, {"base_span": [401, 406], "annotations": [{"nertag": "O"}]}, {"base_span": [407, 417], "annotations": [{"nertag": "O"}]}, {"base_span": [418, 420], "annotations": [{"nertag": "O"}]}, {"base_span": [421, 423], "annotations": [{"nertag": "O"}]}, {"base_span": [424, 428], "annotations": [{"nertag": "O"}]}, {"base_span": [429, 432], "annotations": [{"nertag": "O"}]}, {"base_span": [433, 437], "annotations": [{"nertag": "O"}]}, {"base_span": [438, 442], "annotations": [{"nertag": "O"}]}, {"base_span": [443, 450], "annotations": [{"nertag": "O"}]}, {"base_span": [450, 451], "annotations": [{"nertag": "O"}]}, {"base_span": [452, 457], "annotations": [{"nertag": "O"}]}, {"base_span": [458, 463], "annotations": [{"nertag": "O"}]}, {"base_span": [464, 468], "annotations": [{"nertag": "O"}]}, {"base_span": [469, 471], "annotations": [{"nertag": "O"}]}, {"base_span": [472, 480], "annotations": [{"nertag": "O"}]}, {"base_span": [480, 481], "annotations": [{"nertag": "O"}]}, {"base_span": [483, 486], "annotations": [{"nertag": "O"}]}, {"base_span": [487, 491], "annotations": [{"nertag": "O"}]}, {"base_span": [492, 497], "annotations": [{"nertag": "O"}]}, {"base_span": [498, 504], "annotations": [{"nertag": "O"}]}, {"base_span": [504, 505], "annotations": [{"nertag": "O"}]}, {"base_span": [506, 512], "annotations": [{"nertag": "O"}]}, {"base_span": [513, 517], "annotations": [{"nertag": "O"}]}, {"base_span": [518, 523], "annotations": [{"nertag": "O"}]}, {"base_span": [524, 526], "annotations": [{"nertag": "O"}]}, {"base_span": [527, 532], "annotations": [{"nertag": "O"}]}, {"base_span": [533, 537], "annotations": [{"nertag": "O"}]}, {"base_span": [538, 540], "annotations": [{"nertag": "O"}]}, {"base_span": [541, 542], "annotations": [{"nertag": "O"}]}, {"base_span": [542, 543], "annotations": [{"nertag": "O"}]}, {"base_span": [543, 544], "annotations": [{"nertag": "O"}]}, {"base_span": [545, 548], "annotations": [{"nertag": "O"}]}, {"base_span": [548, 549], "annotations": [{"nertag": "O"}]}, {"base_span": [550, 555], "annotations": [{"nertag": "O"}]}, {"base_span": [555, 556], "annotations": [{"nertag": "O"}]}, {"base_span": [557, 563], "annotations": [{"nertag": "O"}]}, {"base_span": [564, 570], "annotations": [{"nertag": "O"}]}, {"base_span": [571, 575], "annotations": [{"nertag": "O"}]}, {"base_span": [576, 577], "annotations": [{"nertag": "O"}]}, {"base_span": [578, 583], "annotations": [{"nertag": "O"}]}, {"base_span": [584, 588], "annotations": [{"nertag": "O"}]}, {"base_span": [589, 592], "annotations": [{"nertag": "O"}]}, {"base_span": [593, 597], "annotations": [{"nertag": "O"}]}, {"base_span": [598, 602], "annotations": [{"nertag": "O"}]}, {"base_span": [602, 603], "annotations": [{"nertag": "O"}]}, {"base_span": [604, 606], "annotations": [{"nertag": "O"}]}, {"base_span": [607, 612], "annotations": [{"nertag": "O"}]}, {"base_span": [613, 617], "annotations": [{"nertag": "O"}]}, {"base_span": [618, 623], "annotations": [{"nertag": "O"}]}, {"base_span": [624, 626], "annotations": [{"nertag": "O"}]}, {"base_span": [627, 629], "annotations": [{"nertag": "O"}]}, {"base_span": [630, 635], "annotations": [{"nertag": "O"}]}, {"base_span": [636, 642], "annotations": [{"nertag": "O"}]}, {"base_span": [642, 643], "annotations": [{"nertag": "O"}]}, {"base_span": [644, 647], "annotations": [{"nertag": "O"}]}, {"base_span": [648, 652], "annotations": [{"nertag": "O"}]}, {"base_span": [653, 661], "annotations": [{"nertag": "O"}]}, {"base_span": [662, 667], "annotations": [{"nertag": "O"}]}, {"base_span": [667, 668], "annotations": [{"nertag": "O"}]}, {"base_span": [669, 676], "annotations": [{"nertag": "O"}]}, {"base_span": [677, 681], "annotations": [{"nertag": "O"}]}, {"base_span": [682, 684], "annotations": [{"nertag": "O"}]}, {"base_span": [685, 689], "annotations": [{"nertag": "O"}]}, {"base_span": [690, 696], "annotations": [{"nertag": "O"}]}, {"base_span": [697, 698], "annotations": [{"nertag": "B-PER"}]}, {"base_span": [698, 699], "annotations": [{"nertag": "I-PER"}]}, {"base_span": [700, 704], "annotations": [{"nertag": "I-PER"}]}, {"base_span": [705, 711], "annotations": [{"nertag": "O"}]}, {"base_span": [711, 712], "annotations": [{"nertag": "O"}]}, {"base_span": [713, 715], "annotations": [{"nertag": "O"}]}, {"base_span": [716, 718], "annotations": [{"nertag": "O"}]}, {"base_span": [719, 724], "annotations": [{"nertag": "O"}]}, {"base_span": [725, 730], "annotations": [{"nertag": "O"}]}, {"base_span": [731, 736], "annotations": [{"nertag": "O"}]}, {"base_span": [737, 741], "annotations": [{"nertag": "O"}]}, {"base_span": [742, 743], "annotations": [{"nertag": "B-PER"}]}, {"base_span": [743, 744], "annotations": [{"nertag": "I-PER"}]}, {"base_span": [745, 751], "annotations": [{"nertag": "I-PER"}]}, {"base_span": [752, 761], "annotations": [{"nertag": "O"}]}, {"base_span": [762, 763], "annotations": [{"nertag": "B-PER"}]}, {"base_span": [763, 764], "annotations": [{"nertag": "I-PER"}]}, {"base_span": [765, 770], "annotations": [{"nertag": "I-PER"}]}, {"base_span": [771, 776], "annotations": [{"nertag": "O"}]}, {"base_span": [777, 781], "annotations": [{"nertag": "O"}]}, {"base_span": [782, 790], "annotations": [{"nertag": "O"}]}, {"base_span": [791, 796], "annotations": [{"nertag": "O"}]}, {"base_span": [797, 803], "annotations": [{"nertag": "O"}]}, {"base_span": [803, 804], "annotations": [{"nertag": "O"}]}, {"base_span": [805, 809], "annotations": [{"nertag": "O"}]}, {"base_span": [810, 816], "annotations": [{"nertag": "O"}]}, {"base_span": [817, 820], "annotations": [{"nertag": "O"}]}, {"base_span": [821, 825], "annotations": [{"nertag": "O"}]}, {"base_span": [826, 828], "annotations": [{"nertag": "O"}]}, {"base_span": [829, 832], "annotations": [{"nertag": "O"}]}, {"base_span": [833, 836], "annotations": [{"nertag": "O"}]}, {"base_span": [836, 837], "annotations": [{"nertag": "O"}]}, {"base_span": [838, 839], "annotations": [{"nertag": "B-PER"}]}, {"base_span": [839, 840], "annotations": [{"nertag": "I-PER"}]}, {"base_span": [841, 845], "annotations": [{"nertag": "I-PER"}]}, {"base_span": [846, 848], "annotations": [{"nertag": "O"}]}, {"base_span": [849, 852], "annotations": [{"nertag": "O"}]}, {"base_span": [853, 856], "annotations": [{"nertag": "O"}]}, {"base_span": [856, 857], "annotations": [{"nertag": "O"}]}, {"base_span": [858, 863], "annotations": [{"nertag": "O"}]}, {"base_span": [864, 866], "annotations": [{"nertag": "O"}]}, {"base_span": [867, 870], "annotations": [{"nertag": "O"}]}, {"base_span": [871, 874], "annotations": [{"nertag": "O"}]}, {"base_span": [874, 875], "annotations": [{"nertag": "O"}]}, {"base_span": [876, 879], "annotations": [{"nertag": "O"}]}, {"base_span": [880, 884], "annotations": [{"nertag": "O"}]}, {"base_span": [885, 891], "annotations": [{"nertag": "O"}]}, {"base_span": [892, 893], "annotations": [{"nertag": "B-PER"}]}, {"base_span": [893, 894], "annotations": [{"nertag": "I-PER"}]}, {"base_span": [895, 899], "annotations": [{"nertag": "I-PER"}]}, {"base_span": [900, 904], "annotations": [{"nertag": "O"}]}, {"base_span": [905, 910], "annotations": [{"nertag": "O"}]}, {"base_span": [911, 916], "annotations": [{"nertag": "O"}]}, {"base_span": [917, 925], "annotations": [{"nertag": "O"}]}, {"base_span": [925, 926], "annotations": [{"nertag": "O"}]}, {"base_span": [927, 933], "annotations": [{"nertag": "O"}]}, {"base_span": [934, 940], "annotations": [{"nertag": "O"}]}, {"base_span": [941, 946], "annotations": [{"nertag": "O"}]}, {"base_span": [947, 951], "annotations": [{"nertag": "O"}]}, {"base_span": [952, 956], "annotations": [{"nertag": "O"}]}, {"base_span": [957, 962], "annotations": [{"nertag": "O"}]}, {"base_span": [962, 963], "annotations": [{"nertag": "O"}]}, {"base_span": [964, 966], "annotations": [{"nertag": "O"}]}, {"base_span": [967, 971], "annotations": [{"nertag": "O"}]}, {"base_span": [972, 975], "annotations": [{"nertag": "O"}]}, {"base_span": [975, 976], "annotations": [{"nertag": "O"}]}, {"base_span": [977, 981], "annotations": [{"nertag": "O"}]}, {"base_span": [982, 987], "annotations": [{"nertag": "O"}]}, {"base_span": [987, 988], "annotations": [{"nertag": "O"}]}, {"base_span": [989, 994], "annotations": [{"nertag": "O"}]}, {"base_span": [995, 1001], "annotations": [{"nertag": "O"}]}, {"base_span": [1002, 1007], "annotations": [{"nertag": "O"}]}, {"base_span": [1007, 1008], "annotations": [{"nertag": "O"}]}]}]}