{"text": "10 März kp Kontrakt\nKassari walla wolikogu ja Kustaw Wälja tegiwad ühe teisega kaupa Kassari walla Kooli maade üle.Praegune koolmeister Piik oli ette pannud et Koolmeistril neid maid pidada ei lähe olgu siin Koolmeistriks kes tahab,et walla toimetustes on juba nii paljo tegemist et maa tööd pole aegagi teha.Wolikogu leidis selle ette paneku õige olewad ja wõttis nõu maad wälja rentida.Tulgu siis Koolmeistriks kes tahab edespidi siis ei saa sellel maid antud,muud kui Sulli Umbaed.Kustaw Wälja rentis maad oksjoni pealt ära 40(nelja kümne rubla eest) walla käest.Maha arwatud Sulli Umbaid mis Koolmeistrile jäeb.Kustaw Wäljale saab walla poolest ega aasta 150 hirt ja 300 teiwast aedade juure toodud;hirred peawad 9 jalga pitkad olema.Rehe kütmiseks saab 1 süld puid toodud.Koolmeistri lehma wõtab Kustaw Wälja siis ka oma niiti,sell ajal kui ta omad loomad hakkamad niitis käima.See Kontrahti aeg hakkab tänawu Jüri päewast peale ja kestab Kuus aastad edasi see on Jüripäewani 1895(üheksakümmend/wiis).Rent saab aastas 2 kord makstud,20 rbl Jüripaewa ja 20 rbl Mihkli p.aega.Seda Kontrakti kinnitawad alla\nWolimehed:Andrus Norgan,Mihkel Kurru,Mihkel Risti,Mihkel Kebus,Prido Krumolts,Peter Soba\nKauba wõtja Kustaw Wälja,Talitaja Alhoff(allkiri),Kirjutaja Piik(allkiri)\n\n", "meta": {"origin_directory": "vallakohus_esimene/"}, "layers": [{"name": "gold_ner", "attributes": ["nertag"], "parent": null, "enveloping": null, "ambiguous": false, "serialisation_module": null, "meta": {}, "spans": [{"base_span": [20, 42], "annotations": [{"nertag": "ORG"}]}, {"base_span": [46, 58], "annotations": [{"nertag": "PER"}]}, {"base_span": [85, 98], "annotations": [{"nertag": "LOC_ORG"}]}, {"base_span": [136, 140], "annotations": [{"nertag": "PER"}]}, {"base_span": [471, 483], "annotations": [{"nertag": "LOC"}]}, {"base_span": [484, 496], "annotations": [{"nertag": "PER"}]}, {"base_span": [579, 591], "annotations": [{"nertag": "LOC"}]}, {"base_span": [615, 629], "annotations": [{"nertag": "PER"}]}, {"base_span": [801, 813], "annotations": [{"nertag": "PER"}]}, {"base_span": [1120, 1133], "annotations": [{"nertag": "PER"}]}, {"base_span": [1134, 1146], "annotations": [{"nertag": "PER"}]}, {"base_span": [1147, 1159], "annotations": [{"nertag": "PER"}]}, {"base_span": [1160, 1172], "annotations": [{"nertag": "PER"}]}, {"base_span": [1173, 1187], "annotations": [{"nertag": "PER"}]}, {"base_span": [1188, 1198], "annotations": [{"nertag": "PER"}]}, {"base_span": [1211, 1223], "annotations": [{"nertag": "PER"}]}, {"base_span": [1233, 1239], "annotations": [{"nertag": "PER"}]}, {"base_span": [1259, 1263], "annotations": [{"nertag": "PER"}]}]}, {"name": "gold_wordner", "attributes": ["nertag"], "parent": null, "enveloping": null, "ambiguous": false, "serialisation_module": null, "meta": {}, "spans": [{"base_span": [0, 2], "annotations": [{"nertag": "O"}]}, {"base_span": [3, 7], "annotations": [{"nertag": "O"}]}, {"base_span": [8, 10], "annotations": [{"nertag": "O"}]}, {"base_span": [11, 19], "annotations": [{"nertag": "O"}]}, {"base_span": [20, 27], "annotations": [{"nertag": "B-ORG"}]}, {"base_span": [28, 33], "annotations": [{"nertag": "I-ORG"}]}, {"base_span": [34, 42], "annotations": [{"nertag": "I-ORG"}]}, {"base_span": [43, 45], "annotations": [{"nertag": "O"}]}, {"base_span": [46, 52], "annotations": [{"nertag": "B-PER"}]}, {"base_span": [53, 58], "annotations": [{"nertag": "I-PER"}]}, {"base_span": [59, 66], "annotations": [{"nertag": "O"}]}, {"base_span": [67, 70], "annotations": [{"nertag": "O"}]}, {"base_span": [71, 78], "annotations": [{"nertag": "O"}]}, {"base_span": [79, 84], "annotations": [{"nertag": "O"}]}, {"base_span": [85, 92], "annotations": [{"nertag": "B-LOC_ORG"}]}, {"base_span": [93, 98], "annotations": [{"nertag": "I-LOC_ORG"}]}, {"base_span": [99, 104], "annotations": [{"nertag": "O"}]}, {"base_span": [105, 110], "annotations": [{"nertag": "O"}]}, {"base_span": [111, 114], "annotations": [{"nertag": "O"}]}, {"base_span": [114, 115], "annotations": [{"nertag": "O"}]}, {"base_span": [115, 123], "annotations": [{"nertag": "O"}]}, {"base_span": [124, 135], "annotations": [{"nertag": "O"}]}, {"base_span": [136, 140], "annotations": [{"nertag": "B-PER"}]}, {"base_span": [141, 144], "annotations": [{"nertag": "O"}]}, {"base_span": [145, 149], "annotations": [{"nertag": "O"}]}, {"base_span": [150, 156], "annotations": [{"nertag": "O"}]}, {"base_span": [157, 159], "annotations": [{"nertag": "O"}]}, {"base_span": [160, 172], "annotations": [{"nertag": "O"}]}, {"base_span": [173, 177], "annotations": [{"nertag": "O"}]}, {"base_span": [178, 182], "annotations": [{"nertag": "O"}]}, {"base_span": [183, 189], "annotations": [{"nertag": "O"}]}, {"base_span": [190, 192], "annotations": [{"nertag": "O"}]}, {"base_span": [193, 197], "annotations": [{"nertag": "O"}]}, {"base_span": [198, 202], "annotations": [{"nertag": "O"}]}, {"base_span": [203, 207], "annotations": [{"nertag": "O"}]}, {"base_span": [208, 221], "annotations": [{"nertag": "O"}]}, {"base_span": [222, 225], "annotations": [{"nertag": "O"}]}, {"base_span": [226, 231], "annotations": [{"nertag": "O"}]}, {"base_span": [231, 232], "annotations": [{"nertag": "O"}]}, {"base_span": [232, 234], "annotations": [{"nertag": "O"}]}, {"base_span": [235, 240], "annotations": [{"nertag": "O"}]}, {"base_span": [241, 252], "annotations": [{"nertag": "O"}]}, {"base_span": [253, 255], "annotations": [{"nertag": "O"}]}, {"base_span": [256, 260], "annotations": [{"nertag": "O"}]}, {"base_span": [261, 264], "annotations": [{"nertag": "O"}]}, {"base_span": [265, 270], "annotations": [{"nertag": "O"}]}, {"base_span": [271, 279], "annotations": [{"nertag": "O"}]}, {"base_span": [280, 282], "annotations": [{"nertag": "O"}]}, {"base_span": [283, 286], "annotations": [{"nertag": "O"}]}, {"base_span": [287, 291], "annotations": [{"nertag": "O"}]}, {"base_span": [292, 296], "annotations": [{"nertag": "O"}]}, {"base_span": [297, 303], "annotations": [{"nertag": "O"}]}, {"base_span": [304, 308], "annotations": [{"nertag": "O"}]}, {"base_span": [308, 309], "annotations": [{"nertag": "O"}]}, {"base_span": [309, 317], "annotations": [{"nertag": "O"}]}, {"base_span": [318, 324], "annotations": [{"nertag": "O"}]}, {"base_span": [325, 330], "annotations": [{"nertag": "O"}]}, {"base_span": [331, 335], "annotations": [{"nertag": "O"}]}, {"base_span": [336, 342], "annotations": [{"nertag": "O"}]}, {"base_span": [343, 347], "annotations": [{"nertag": "O"}]}, {"base_span": [348, 354], "annotations": [{"nertag": "O"}]}, {"base_span": [355, 357], "annotations": [{"nertag": "O"}]}, {"base_span": [358, 364], "annotations": [{"nertag": "O"}]}, {"base_span": [365, 368], "annotations": [{"nertag": "O"}]}, {"base_span": [369, 373], "annotations": [{"nertag": "O"}]}, {"base_span": [374, 379], "annotations": [{"nertag": "O"}]}, {"base_span": [380, 387], "annotations": [{"nertag": "O"}]}, {"base_span": [387, 388], "annotations": [{"nertag": "O"}]}, {"base_span": [388, 393], "annotations": [{"nertag": "O"}]}, {"base_span": [394, 398], "annotations": [{"nertag": "O"}]}, {"base_span": [399, 412], "annotations": [{"nertag": "O"}]}, {"base_span": [413, 416], "annotations": [{"nertag": "O"}]}, {"base_span": [417, 422], "annotations": [{"nertag": "O"}]}, {"base_span": [423, 431], "annotations": [{"nertag": "O"}]}, {"base_span": [432, 436], "annotations": [{"nertag": "O"}]}, {"base_span": [437, 439], "annotations": [{"nertag": "O"}]}, {"base_span": [440, 443], "annotations": [{"nertag": "O"}]}, {"base_span": [444, 450], "annotations": [{"nertag": "O"}]}, {"base_span": [451, 455], "annotations": [{"nertag": "O"}]}, {"base_span": [456, 461], "annotations": [{"nertag": "O"}]}, {"base_span": [461, 462], "annotations": [{"nertag": "O"}]}, {"base_span": [462, 466], "annotations": [{"nertag": "O"}]}, {"base_span": [467, 470], "annotations": [{"nertag": "O"}]}, {"base_span": [471, 476], "annotations": [{"nertag": "B-LOC"}]}, {"base_span": [477, 483], "annotations": [{"nertag": "I-LOC"}]}, {"base_span": [483, 484], "annotations": [{"nertag": "O"}]}, {"base_span": [484, 490], "annotations": [{"nertag": "B-PER"}]}, {"base_span": [491, 496], "annotations": [{"nertag": "I-PER"}]}, {"base_span": [497, 503], "annotations": [{"nertag": "O"}]}, {"base_span": [504, 508], "annotations": [{"nertag": "O"}]}, {"base_span": [509, 516], "annotations": [{"nertag": "O"}]}, {"base_span": [517, 522], "annotations": [{"nertag": "O"}]}, {"base_span": [523, 526], "annotations": [{"nertag": "O"}]}, {"base_span": [527, 529], "annotations": [{"nertag": "O"}]}, {"base_span": [529, 530], "annotations": [{"nertag": "O"}]}, {"base_span": [530, 535], "annotations": [{"nertag": "O"}]}, {"base_span": [536, 541], "annotations": [{"nertag": "O"}]}, {"base_span": [542, 547], "annotations": [{"nertag": "O"}]}, {"base_span": [548, 552], "annotations": [{"nertag": "O"}]}, {"base_span": [552, 553], "annotations": [{"nertag": "O"}]}, {"base_span": [554, 559], "annotations": [{"nertag": "O"}]}, {"base_span": [560, 565], "annotations": [{"nertag": "O"}]}, {"base_span": [565, 566], "annotations": [{"nertag": "O"}]}, {"base_span": [566, 570], "annotations": [{"nertag": "O"}]}, {"base_span": [571, 578], "annotations": [{"nertag": "O"}]}, {"base_span": [579, 584], "annotations": [{"nertag": "B-LOC"}]}, {"base_span": [585, 591], "annotations": [{"nertag": "I-LOC"}]}, {"base_span": [592, 595], "annotations": [{"nertag": "O"}]}, {"base_span": [596, 609], "annotations": [{"nertag": "O"}]}, {"base_span": [610, 614], "annotations": [{"nertag": "O"}]}, {"base_span": [614, 615], "annotations": [{"nertag": "O"}]}, {"base_span": [615, 621], "annotations": [{"nertag": "B-PER"}]}, {"base_span": [622, 629], "annotations": [{"nertag": "I-PER"}]}, {"base_span": [630, 634], "annotations": [{"nertag": "O"}]}, {"base_span": [635, 640], "annotations": [{"nertag": "O"}]}, {"base_span": [641, 648], "annotations": [{"nertag": "O"}]}, {"base_span": [649, 652], "annotations": [{"nertag": "O"}]}, {"base_span": [653, 658], "annotations": [{"nertag": "O"}]}, {"base_span": [659, 662], "annotations": [{"nertag": "O"}]}, {"base_span": [663, 667], "annotations": [{"nertag": "O"}]}, {"base_span": [668, 670], "annotations": [{"nertag": "O"}]}, {"base_span": [671, 674], "annotations": [{"nertag": "O"}]}, {"base_span": [675, 682], "annotations": [{"nertag": "O"}]}, {"base_span": [683, 689], "annotations": [{"nertag": "O"}]}, {"base_span": [690, 695], "annotations": [{"nertag": "O"}]}, {"base_span": [696, 702], "annotations": [{"nertag": "O"}]}, {"base_span": [702, 703], "annotations": [{"nertag": "O"}]}, {"base_span": [703, 709], "annotations": [{"nertag": "O"}]}, {"base_span": [710, 716], "annotations": [{"nertag": "O"}]}, {"base_span": [717, 718], "annotations": [{"nertag": "O"}]}, {"base_span": [719, 724], "annotations": [{"nertag": "O"}]}, {"base_span": [725, 731], "annotations": [{"nertag": "O"}]}, {"base_span": [732, 737], "annotations": [{"nertag": "O"}]}, {"base_span": [737, 738], "annotations": [{"nertag": "O"}]}, {"base_span": [738, 742], "annotations": [{"nertag": "O"}]}, {"base_span": [743, 752], "annotations": [{"nertag": "O"}]}, {"base_span": [753, 757], "annotations": [{"nertag": "O"}]}, {"base_span": [758, 759], "annotations": [{"nertag": "O"}]}, {"base_span": [760, 764], "annotations": [{"nertag": "O"}]}, {"base_span": [765, 769], "annotations": [{"nertag": "O"}]}, {"base_span": [770, 776], "annotations": [{"nertag": "O"}]}, {"base_span": [776, 777], "annotations": [{"nertag": "O"}]}, {"base_span": [777, 788], "annotations": [{"nertag": "O"}]}, {"base_span": [789, 794], "annotations": [{"nertag": "O"}]}, {"base_span": [795, 800], "annotations": [{"nertag": "O"}]}, {"base_span": [801, 807], "annotations": [{"nertag": "B-PER"}]}, {"base_span": [808, 813], "annotations": [{"nertag": "I-PER"}]}, {"base_span": [814, 818], "annotations": [{"nertag": "O"}]}, {"base_span": [819, 821], "annotations": [{"nertag": "O"}]}, {"base_span": [822, 825], "annotations": [{"nertag": "O"}]}, {"base_span": [826, 831], "annotations": [{"nertag": "O"}]}, {"base_span": [831, 832], "annotations": [{"nertag": "O"}]}, {"base_span": [832, 836], "annotations": [{"nertag": "O"}]}, {"base_span": [837, 841], "annotations": [{"nertag": "O"}]}, {"base_span": [842, 845], "annotations": [{"nertag": "O"}]}, {"base_span": [846, 848], "annotations": [{"nertag": "O"}]}, {"base_span": [849, 853], "annotations": [{"nertag": "O"}]}, {"base_span": [854, 860], "annotations": [{"nertag": "O"}]}, {"base_span": [861, 869], "annotations": [{"nertag": "O"}]}, {"base_span": [870, 876], "annotations": [{"nertag": "O"}]}, {"base_span": [877, 882], "annotations": [{"nertag": "O"}]}, {"base_span": [882, 883], "annotations": [{"nertag": "O"}]}, {"base_span": [883, 886], "annotations": [{"nertag": "O"}]}, {"base_span": [887, 896], "annotations": [{"nertag": "O"}]}, {"base_span": [897, 900], "annotations": [{"nertag": "O"}]}, {"base_span": [901, 907], "annotations": [{"nertag": "O"}]}, {"base_span": [908, 914], "annotations": [{"nertag": "O"}]}, {"base_span": [915, 919], "annotations": [{"nertag": "O"}]}, {"base_span": [920, 927], "annotations": [{"nertag": "O"}]}, {"base_span": [928, 933], "annotations": [{"nertag": "O"}]}, {"base_span": [934, 936], "annotations": [{"nertag": "O"}]}, {"base_span": [937, 943], "annotations": [{"nertag": "O"}]}, {"base_span": [944, 948], "annotations": [{"nertag": "O"}]}, {"base_span": [949, 955], "annotations": [{"nertag": "O"}]}, {"base_span": [956, 961], "annotations": [{"nertag": "O"}]}, {"base_span": [962, 965], "annotations": [{"nertag": "O"}]}, {"base_span": [966, 968], "annotations": [{"nertag": "O"}]}, {"base_span": [969, 980], "annotations": [{"nertag": "O"}]}, {"base_span": [981, 985], "annotations": [{"nertag": "O"}]}, {"base_span": [985, 986], "annotations": [{"nertag": "O"}]}, {"base_span": [986, 999], "annotations": [{"nertag": "O"}]}, {"base_span": [999, 1000], "annotations": [{"nertag": "O"}]}, {"base_span": [1000, 1004], "annotations": [{"nertag": "O"}]}, {"base_span": [1004, 1005], "annotations": [{"nertag": "O"}]}, {"base_span": [1005, 1006], "annotations": [{"nertag": "O"}]}, {"base_span": [1006, 1010], "annotations": [{"nertag": "O"}]}, {"base_span": [1011, 1015], "annotations": [{"nertag": "O"}]}, {"base_span": [1016, 1022], "annotations": [{"nertag": "O"}]}, {"base_span": [1023, 1024], "annotations": [{"nertag": "O"}]}, {"base_span": [1025, 1029], "annotations": [{"nertag": "O"}]}, {"base_span": [1030, 1037], "annotations": [{"nertag": "O"}]}, {"base_span": [1037, 1038], "annotations": [{"nertag": "O"}]}, {"base_span": [1038, 1040], "annotations": [{"nertag": "O"}]}, {"base_span": [1041, 1044], "annotations": [{"nertag": "O"}]}, {"base_span": [1045, 1054], "annotations": [{"nertag": "O"}]}, {"base_span": [1055, 1057], "annotations": [{"nertag": "O"}]}, {"base_span": [1058, 1060], "annotations": [{"nertag": "O"}]}, {"base_span": [1061, 1064], "annotations": [{"nertag": "O"}]}, {"base_span": [1065, 1071], "annotations": [{"nertag": "O"}]}, {"base_span": [1072, 1073], "annotations": [{"nertag": "O"}]}, {"base_span": [1073, 1074], "annotations": [{"nertag": "O"}]}, {"base_span": [1074, 1078], "annotations": [{"nertag": "O"}]}, {"base_span": [1078, 1079], "annotations": [{"nertag": "O"}]}, {"base_span": [1079, 1083], "annotations": [{"nertag": "O"}]}, {"base_span": [1084, 1093], "annotations": [{"nertag": "O"}]}, {"base_span": [1094, 1104], "annotations": [{"nertag": "O"}]}, {"base_span": [1105, 1109], "annotations": [{"nertag": "O"}]}, {"base_span": [1110, 1119], "annotations": [{"nertag": "O"}]}, {"base_span": [1119, 1120], "annotations": [{"nertag": "O"}]}, {"base_span": [1120, 1126], "annotations": [{"nertag": "B-PER"}]}, {"base_span": [1127, 1133], "annotations": [{"nertag": "I-PER"}]}, {"base_span": [1133, 1134], "annotations": [{"nertag": "O"}]}, {"base_span": [1134, 1140], "annotations": [{"nertag": "B-PER"}]}, {"base_span": [1141, 1146], "annotations": [{"nertag": "I-PER"}]}, {"base_span": [1146, 1147], "annotations": [{"nertag": "O"}]}, {"base_span": [1147, 1153], "annotations": [{"nertag": "B-PER"}]}, {"base_span": [1154, 1159], "annotations": [{"nertag": "I-PER"}]}, {"base_span": [1159, 1160], "annotations": [{"nertag": "O"}]}, {"base_span": [1160, 1166], "annotations": [{"nertag": "B-PER"}]}, {"base_span": [1167, 1172], "annotations": [{"nertag": "I-PER"}]}, {"base_span": [1172, 1173], "annotations": [{"nertag": "O"}]}, {"base_span": [1173, 1178], "annotations": [{"nertag": "B-PER"}]}, {"base_span": [1179, 1187], "annotations": [{"nertag": "I-PER"}]}, {"base_span": [1187, 1188], "annotations": [{"nertag": "O"}]}, {"base_span": [1188, 1193], "annotations": [{"nertag": "B-PER"}]}, {"base_span": [1194, 1198], "annotations": [{"nertag": "I-PER"}]}, {"base_span": [1199, 1204], "annotations": [{"nertag": "O"}]}, {"base_span": [1205, 1210], "annotations": [{"nertag": "O"}]}, {"base_span": [1211, 1217], "annotations": [{"nertag": "B-PER"}]}, {"base_span": [1218, 1223], "annotations": [{"nertag": "I-PER"}]}, {"base_span": [1223, 1224], "annotations": [{"nertag": "O"}]}, {"base_span": [1224, 1232], "annotations": [{"nertag": "O"}]}, {"base_span": [1233, 1239], "annotations": [{"nertag": "B-PER"}]}, {"base_span": [1239, 1240], "annotations": [{"nertag": "O"}]}, {"base_span": [1240, 1247], "annotations": [{"nertag": "O"}]}, {"base_span": [1247, 1248], "annotations": [{"nertag": "O"}]}, {"base_span": [1248, 1249], "annotations": [{"nertag": "O"}]}, {"base_span": [1249, 1258], "annotations": [{"nertag": "O"}]}, {"base_span": [1259, 1263], "annotations": [{"nertag": "B-PER"}]}, {"base_span": [1263, 1264], "annotations": [{"nertag": "O"}]}, {"base_span": [1264, 1271], "annotations": [{"nertag": "O"}]}, {"base_span": [1271, 1272], "annotations": [{"nertag": "O"}]}]}]}