{"text": "\nKohto korra pärrast ollid Pisallo walla kohto hones kokko tulnud.\n\nKohto wannem Mart Mänd\n\nKohto kõrwamehed Jürri Karing\n\nJakob Tanner.\n\nEtte wõetud sai se asi mis protokol No 3me al sel 30 Mail polele jäi mis An Mets selle lööma ülle kaebas,\n\nMart Mänd ütles: minna ollen Murro Jaani käest sedda An Mets lööma asja järrele kuulanud, Jaan ütles: ma polle mitte Anne mahha lükkanud, waid ma löein weikse witsaga Anne seliko peale ja ütlesin mikssa minno karduli augo lahti teggid, ja minno kardulid warrastasid, siis Anne silmad ollid terwed.\n\nKohus moistis, et Mai Kruuspan maksab An Metsale lööm ette 1 Rbl. ja 50 kop trahwi walla laeka.\n\nKohto wannem Mart Mänd XXX\n\nKohto kõrrwamehed Jürri Karing XXX\n\nJakob Tanner XXX\n\nKirjutaja Kustas Liiw\n\n\n", "meta": {"origin_directory": "vallakohus_neljas/"}, "layers": [{"name": "gold_ner", "attributes": ["nertag"], "parent": null, "enveloping": null, "ambiguous": false, "serialisation_module": null, "meta": {}, "spans": [{"base_span": [27, 52], "annotations": [{"nertag": "LOC"}]}, {"base_span": [81, 90], "annotations": [{"nertag": "PER"}]}, {"base_span": [109, 121], "annotations": [{"nertag": "PER"}]}, {"base_span": [123, 135], "annotations": [{"nertag": "PER"}]}, {"base_span": [211, 218], "annotations": [{"nertag": "PER"}]}, {"base_span": [245, 254], "annotations": [{"nertag": "PER"}]}, {"base_span": [274, 279], "annotations": [{"nertag": "LOC_ORG"}]}, {"base_span": [280, 285], "annotations": [{"nertag": "PER"}]}, {"base_span": [298, 305], "annotations": [{"nertag": "PER"}]}, {"base_span": [335, 339], "annotations": [{"nertag": "PER"}]}, {"base_span": [362, 366], "annotations": [{"nertag": "PER"}]}, {"base_span": [412, 416], "annotations": [{"nertag": "PER"}]}, {"base_span": [517, 521], "annotations": [{"nertag": "PER"}]}, {"base_span": [562, 574], "annotations": [{"nertag": "PER"}]}, {"base_span": [582, 592], "annotations": [{"nertag": "PER"}]}, {"base_span": [654, 663], "annotations": [{"nertag": "PER"}]}, {"base_span": [687, 699], "annotations": [{"nertag": "PER"}]}, {"base_span": [705, 717], "annotations": [{"nertag": "PER"}]}, {"base_span": [733, 744], "annotations": [{"nertag": "PER"}]}]}, {"name": "gold_wordner", "attributes": ["nertag"], "parent": null, "enveloping": null, "ambiguous": false, "serialisation_module": null, "meta": {}, "spans": [{"base_span": [1, 6], "annotations": [{"nertag": "O"}]}, {"base_span": [7, 12], "annotations": [{"nertag": "O"}]}, {"base_span": [13, 20], "annotations": [{"nertag": "O"}]}, {"base_span": [21, 26], "annotations": [{"nertag": "O"}]}, {"base_span": [27, 34], "annotations": [{"nertag": "B-LOC"}]}, {"base_span": [35, 40], "annotations": [{"nertag": "I-LOC"}]}, {"base_span": [41, 46], "annotations": [{"nertag": "I-LOC"}]}, {"base_span": [47, 52], "annotations": [{"nertag": "I-LOC"}]}, {"base_span": [53, 58], "annotations": [{"nertag": "O"}]}, {"base_span": [59, 65], "annotations": [{"nertag": "O"}]}, {"base_span": [65, 66], "annotations": [{"nertag": "O"}]}, {"base_span": [68, 73], "annotations": [{"nertag": "O"}]}, {"base_span": [74, 80], "annotations": [{"nertag": "O"}]}, {"base_span": [81, 85], "annotations": [{"nertag": "B-PER"}]}, {"base_span": [86, 90], "annotations": [{"nertag": "I-PER"}]}, {"base_span": [92, 97], "annotations": [{"nertag": "O"}]}, {"base_span": [98, 108], "annotations": [{"nertag": "O"}]}, {"base_span": [109, 114], "annotations": [{"nertag": "B-PER"}]}, {"base_span": [115, 121], "annotations": [{"nertag": "I-PER"}]}, {"base_span": [123, 128], "annotations": [{"nertag": "B-PER"}]}, {"base_span": [129, 135], "annotations": [{"nertag": "I-PER"}]}, {"base_span": [135, 136], "annotations": [{"nertag": "O"}]}, {"base_span": [138, 142], "annotations": [{"nertag": "O"}]}, {"base_span": [143, 149], "annotations": [{"nertag": "O"}]}, {"base_span": [150, 153], "annotations": [{"nertag": "O"}]}, {"base_span": [154, 156], "annotations": [{"nertag": "O"}]}, {"base_span": [157, 160], "annotations": [{"nertag": "O"}]}, {"base_span": [161, 164], "annotations": [{"nertag": "O"}]}, {"base_span": [165, 173], "annotations": [{"nertag": "O"}]}, {"base_span": [174, 176], "annotations": [{"nertag": "O"}]}, {"base_span": [177, 180], "annotations": [{"nertag": "O"}]}, {"base_span": [181, 183], "annotations": [{"nertag": "O"}]}, {"base_span": [184, 187], "annotations": [{"nertag": "O"}]}, {"base_span": [188, 190], "annotations": [{"nertag": "O"}]}, {"base_span": [191, 195], "annotations": [{"nertag": "O"}]}, {"base_span": [196, 202], "annotations": [{"nertag": "O"}]}, {"base_span": [203, 206], "annotations": [{"nertag": "O"}]}, {"base_span": [207, 210], "annotations": [{"nertag": "O"}]}, {"base_span": [211, 213], "annotations": [{"nertag": "B-PER"}]}, {"base_span": [214, 218], "annotations": [{"nertag": "I-PER"}]}, {"base_span": [219, 224], "annotations": [{"nertag": "O"}]}, {"base_span": [225, 230], "annotations": [{"nertag": "O"}]}, {"base_span": [231, 235], "annotations": [{"nertag": "O"}]}, {"base_span": [236, 242], "annotations": [{"nertag": "O"}]}, {"base_span": [242, 243], "annotations": [{"nertag": "O"}]}, {"base_span": [245, 249], "annotations": [{"nertag": "B-PER"}]}, {"base_span": [250, 254], "annotations": [{"nertag": "I-PER"}]}, {"base_span": [255, 260], "annotations": [{"nertag": "O"}]}, {"base_span": [260, 261], "annotations": [{"nertag": "O"}]}, {"base_span": [262, 267], "annotations": [{"nertag": "O"}]}, {"base_span": [268, 273], "annotations": [{"nertag": "O"}]}, {"base_span": [274, 279], "annotations": [{"nertag": "B-LOC_ORG"}]}, {"base_span": [280, 285], "annotations": [{"nertag": "B-PER"}]}, {"base_span": [286, 291], "annotations": [{"nertag": "O"}]}, {"base_span": [292, 297], "annotations": [{"nertag": "O"}]}, {"base_span": [298, 300], "annotations": [{"nertag": "B-PER"}]}, {"base_span": [301, 305], "annotations": [{"nertag": "I-PER"}]}, {"base_span": [306, 311], "annotations": [{"nertag": "O"}]}, {"base_span": [312, 316], "annotations": [{"nertag": "O"}]}, {"base_span": [317, 324], "annotations": [{"nertag": "O"}]}, {"base_span": [325, 333], "annotations": [{"nertag": "O"}]}, {"base_span": [333, 334], "annotations": [{"nertag": "O"}]}, {"base_span": [335, 339], "annotations": [{"nertag": "B-PER"}]}, {"base_span": [340, 345], "annotations": [{"nertag": "O"}]}, {"base_span": [345, 346], "annotations": [{"nertag": "O"}]}, {"base_span": [347, 349], "annotations": [{"nertag": "O"}]}, {"base_span": [350, 355], "annotations": [{"nertag": "O"}]}, {"base_span": [356, 361], "annotations": [{"nertag": "O"}]}, {"base_span": [362, 366], "annotations": [{"nertag": "B-PER"}]}, {"base_span": [367, 372], "annotations": [{"nertag": "O"}]}, {"base_span": [373, 381], "annotations": [{"nertag": "O"}]}, {"base_span": [381, 382], "annotations": [{"nertag": "O"}]}, {"base_span": [383, 387], "annotations": [{"nertag": "O"}]}, {"base_span": [388, 390], "annotations": [{"nertag": "O"}]}, {"base_span": [391, 396], "annotations": [{"nertag": "O"}]}, {"base_span": [397, 403], "annotations": [{"nertag": "O"}]}, {"base_span": [404, 411], "annotations": [{"nertag": "O"}]}, {"base_span": [412, 416], "annotations": [{"nertag": "B-PER"}]}, {"base_span": [417, 423], "annotations": [{"nertag": "O"}]}, {"base_span": [424, 429], "annotations": [{"nertag": "O"}]}, {"base_span": [430, 432], "annotations": [{"nertag": "O"}]}, {"base_span": [433, 440], "annotations": [{"nertag": "O"}]}, {"base_span": [441, 447], "annotations": [{"nertag": "O"}]}, {"base_span": [448, 453], "annotations": [{"nertag": "O"}]}, {"base_span": [454, 461], "annotations": [{"nertag": "O"}]}, {"base_span": [462, 466], "annotations": [{"nertag": "O"}]}, {"base_span": [467, 472], "annotations": [{"nertag": "O"}]}, {"base_span": [473, 479], "annotations": [{"nertag": "O"}]}, {"base_span": [479, 480], "annotations": [{"nertag": "O"}]}, {"base_span": [481, 483], "annotations": [{"nertag": "O"}]}, {"base_span": [484, 489], "annotations": [{"nertag": "O"}]}, {"base_span": [490, 498], "annotations": [{"nertag": "O"}]}, {"base_span": [499, 510], "annotations": [{"nertag": "O"}]}, {"base_span": [510, 511], "annotations": [{"nertag": "O"}]}, {"base_span": [512, 516], "annotations": [{"nertag": "O"}]}, {"base_span": [517, 521], "annotations": [{"nertag": "B-PER"}]}, {"base_span": [522, 528], "annotations": [{"nertag": "O"}]}, {"base_span": [529, 534], "annotations": [{"nertag": "O"}]}, {"base_span": [535, 541], "annotations": [{"nertag": "O"}]}, {"base_span": [541, 542], "annotations": [{"nertag": "O"}]}, {"base_span": [544, 549], "annotations": [{"nertag": "O"}]}, {"base_span": [550, 557], "annotations": [{"nertag": "O"}]}, {"base_span": [557, 558], "annotations": [{"nertag": "O"}]}, {"base_span": [559, 561], "annotations": [{"nertag": "O"}]}, {"base_span": [562, 565], "annotations": [{"nertag": "B-PER"}]}, {"base_span": [566, 574], "annotations": [{"nertag": "I-PER"}]}, {"base_span": [575, 581], "annotations": [{"nertag": "O"}]}, {"base_span": [582, 584], "annotations": [{"nertag": "B-PER"}]}, {"base_span": [585, 592], "annotations": [{"nertag": "I-PER"}]}, {"base_span": [593, 597], "annotations": [{"nertag": "O"}]}, {"base_span": [598, 602], "annotations": [{"nertag": "O"}]}, {"base_span": [603, 604], "annotations": [{"nertag": "O"}]}, {"base_span": [605, 608], "annotations": [{"nertag": "O"}]}, {"base_span": [608, 609], "annotations": [{"nertag": "O"}]}, {"base_span": [610, 612], "annotations": [{"nertag": "O"}]}, {"base_span": [613, 615], "annotations": [{"nertag": "O"}]}, {"base_span": [616, 619], "annotations": [{"nertag": "O"}]}, {"base_span": [620, 626], "annotations": [{"nertag": "O"}]}, {"base_span": [627, 632], "annotations": [{"nertag": "O"}]}, {"base_span": [633, 638], "annotations": [{"nertag": "O"}]}, {"base_span": [638, 639], "annotations": [{"nertag": "O"}]}, {"base_span": [641, 646], "annotations": [{"nertag": "O"}]}, {"base_span": [647, 653], "annotations": [{"nertag": "O"}]}, {"base_span": [654, 658], "annotations": [{"nertag": "B-PER"}]}, {"base_span": [659, 663], "annotations": [{"nertag": "I-PER"}]}, {"base_span": [664, 667], "annotations": [{"nertag": "O"}]}, {"base_span": [669, 674], "annotations": [{"nertag": "O"}]}, {"base_span": [675, 686], "annotations": [{"nertag": "O"}]}, {"base_span": [687, 692], "annotations": [{"nertag": "B-PER"}]}, {"base_span": [693, 699], "annotations": [{"nertag": "I-PER"}]}, {"base_span": [700, 703], "annotations": [{"nertag": "O"}]}, {"base_span": [705, 710], "annotations": [{"nertag": "B-PER"}]}, {"base_span": [711, 717], "annotations": [{"nertag": "I-PER"}]}, {"base_span": [718, 721], "annotations": [{"nertag": "O"}]}, {"base_span": [723, 732], "annotations": [{"nertag": "O"}]}, {"base_span": [733, 739], "annotations": [{"nertag": "B-PER"}]}, {"base_span": [740, 744], "annotations": [{"nertag": "I-PER"}]}]}]}