{"text": "\nKohto korra pärrast ollid Kuie walla kohto hones kokko tulnud.\n\nKohtowannem: Jaan Sillart\n\nKõrwamehed: Juhan Krusert\n\nJuhan Krusel\n\nKirjutaja R. Robach\n\nAstus ette Mai Mali Kallajõggi ja kaebas, et mõisa aidamees Jürri Ering on tedda 2 korda rehhaga ja 1 kord käega lönud ja se löminne on  1) sepärrast tulnud, et aidamehhe naene on Maiele räkind, et Jürri liderdab tüdrukutega ja 2) et aidamehhe naene on sedda ka Maiele räkind, et mo mees peksis minda ja need asjad on Mai teistele räkind.\n\nAstus ette tunnistusmees Jakob Tambaom ja ütles: Aidamees ütles, et kes sedda jutto rägib, et ma liderdan tüdrukutega, sellelele löön raikaga pähha, ehk noaga sisse, sest mul on mehhe süda sees.\n\nAstusid ette 2 tunnistusmeest Wio Tenberg ja Marri Summil ja ütlesid mõlemad, aidamees lõi Maie 3 kord.\n\nAstus ette aidamees ja ütles: Ma ei lönud tedda, waid lükkasin tedda rehhaga ennesest emale ja ta wiskas mind wõtmega.\n\nAstus ette, Maie poolt, teisel kohto päwal, tunnistusmees: An Waldam ja ütles Mai näitas teisel hommikul mulle need sinised hopid, mis Jürri Ering olli lönud.\n\nKohhus mõistis: Et Jürri Ering maksab 1) Maiele 3me löma hobi eest 9 rbl ja 2) et ta epolle kasso järrel kohto ette tundud, wallalaekale 1 rbl.\n\nKohtowannem: Jaan Sillart\n\nKõrwamehed: Juhan Krusert\n\nJuhan Krusel\n\nKirjutaja R. Robach\n\nKohto käiad nõudsid suremat kohhut ja sai neile se tarwis täht wälja antud.\n\n\n", "meta": {"origin_directory": "vallakohus_kolmas/"}, "layers": [{"name": "gold_ner", "attributes": ["nertag"], "parent": null, "enveloping": null, "ambiguous": false, "serialisation_module": null, "meta": {}, "spans": [{"base_span": [27, 49], "annotations": [{"nertag": "LOC"}]}, {"base_span": [78, 90], "annotations": [{"nertag": "PER"}]}, {"base_span": [104, 117], "annotations": [{"nertag": "PER"}]}, {"base_span": [119, 131], "annotations": [{"nertag": "PER"}]}, {"base_span": [143, 152], "annotations": [{"nertag": "PER"}]}, {"base_span": [165, 184], "annotations": [{"nertag": "PER"}]}, {"base_span": [214, 225], "annotations": [{"nertag": "PER"}]}, {"base_span": [334, 340], "annotations": [{"nertag": "PER"}]}, {"base_span": [352, 357], "annotations": [{"nertag": "PER"}]}, {"base_span": [416, 422], "annotations": [{"nertag": "PER"}]}, {"base_span": [472, 475], "annotations": [{"nertag": "PER"}]}, {"base_span": [519, 532], "annotations": [{"nertag": "PER"}]}, {"base_span": [720, 731], "annotations": [{"nertag": "PER"}]}, {"base_span": [735, 747], "annotations": [{"nertag": "PER"}]}, {"base_span": [781, 785], "annotations": [{"nertag": "PER"}]}, {"base_span": [927, 931], "annotations": [{"nertag": "PER"}]}, {"base_span": [974, 983], "annotations": [{"nertag": "PER"}]}, {"base_span": [993, 996], "annotations": [{"nertag": "PER"}]}, {"base_span": [1050, 1061], "annotations": [{"nertag": "PER"}]}, {"base_span": [1094, 1105], "annotations": [{"nertag": "PER"}]}, {"base_span": [1116, 1122], "annotations": [{"nertag": "PER"}]}, {"base_span": [1233, 1245], "annotations": [{"nertag": "PER"}]}, {"base_span": [1259, 1272], "annotations": [{"nertag": "PER"}]}, {"base_span": [1274, 1286], "annotations": [{"nertag": "PER"}]}, {"base_span": [1298, 1307], "annotations": [{"nertag": "PER"}]}]}, {"name": "gold_wordner", "attributes": ["nertag"], "parent": null, "enveloping": null, "ambiguous": false, "serialisation_module": null, "meta": {}, "spans": [{"base_span": [1, 6], "annotations": [{"nertag": "O"}]}, {"base_span": [7, 12], "annotations": [{"nertag": "O"}]}, {"base_span": [13, 20], "annotations": [{"nertag": "O"}]}, {"base_span": [21, 26], "annotations": [{"nertag": "O"}]}, {"base_span": [27, 31], "annotations": [{"nertag": "B-LOC"}]}, {"base_span": [32, 37], "annotations": [{"nertag": "I-LOC"}]}, {"base_span": [38, 43], "annotations": [{"nertag": "I-LOC"}]}, {"base_span": [44, 49], "annotations": [{"nertag": "I-LOC"}]}, {"base_span": [50, 55], "annotations": [{"nertag": "O"}]}, {"base_span": [56, 62], "annotations": [{"nertag": "O"}]}, {"base_span": [62, 63], "annotations": [{"nertag": "O"}]}, {"base_span": [65, 76], "annotations": [{"nertag": "O"}]}, {"base_span": [76, 77], "annotations": [{"nertag": "O"}]}, {"base_span": [78, 82], "annotations": [{"nertag": "B-PER"}]}, {"base_span": [83, 90], "annotations": [{"nertag": "I-PER"}]}, {"base_span": [92, 102], "annotations": [{"nertag": "O"}]}, {"base_span": [102, 103], "annotations": [{"nertag": "O"}]}, {"base_span": [104, 109], "annotations": [{"nertag": "B-PER"}]}, {"base_span": [110, 117], "annotations": [{"nertag": "I-PER"}]}, {"base_span": [119, 124], "annotations": [{"nertag": "B-PER"}]}, {"base_span": [125, 131], "annotations": [{"nertag": "I-PER"}]}, {"base_span": [133, 142], "annotations": [{"nertag": "O"}]}, {"base_span": [143, 144], "annotations": [{"nertag": "B-PER"}]}, {"base_span": [144, 145], "annotations": [{"nertag": "I-PER"}]}, {"base_span": [146, 152], "annotations": [{"nertag": "I-PER"}]}, {"base_span": [154, 159], "annotations": [{"nertag": "O"}]}, {"base_span": [160, 164], "annotations": [{"nertag": "O"}]}, {"base_span": [165, 168], "annotations": [{"nertag": "B-PER"}]}, {"base_span": [169, 173], "annotations": [{"nertag": "I-PER"}]}, {"base_span": [174, 184], "annotations": [{"nertag": "I-PER"}]}, {"base_span": [185, 187], "annotations": [{"nertag": "O"}]}, {"base_span": [188, 194], "annotations": [{"nertag": "O"}]}, {"base_span": [194, 195], "annotations": [{"nertag": "O"}]}, {"base_span": [196, 198], "annotations": [{"nertag": "O"}]}, {"base_span": [199, 204], "annotations": [{"nertag": "O"}]}, {"base_span": [205, 213], "annotations": [{"nertag": "O"}]}, {"base_span": [214, 219], "annotations": [{"nertag": "B-PER"}]}, {"base_span": [220, 225], "annotations": [{"nertag": "I-PER"}]}, {"base_span": [226, 228], "annotations": [{"nertag": "O"}]}, {"base_span": [229, 234], "annotations": [{"nertag": "O"}]}, {"base_span": [235, 236], "annotations": [{"nertag": "O"}]}, {"base_span": [237, 242], "annotations": [{"nertag": "O"}]}, {"base_span": [243, 250], "annotations": [{"nertag": "O"}]}, {"base_span": [251, 253], "annotations": [{"nertag": "O"}]}, {"base_span": [254, 255], "annotations": [{"nertag": "O"}]}, {"base_span": [256, 260], "annotations": [{"nertag": "O"}]}, {"base_span": [261, 266], "annotations": [{"nertag": "O"}]}, {"base_span": [267, 272], "annotations": [{"nertag": "O"}]}, {"base_span": [273, 275], "annotations": [{"nertag": "O"}]}, {"base_span": [276, 278], "annotations": [{"nertag": "O"}]}, {"base_span": [279, 286], "annotations": [{"nertag": "O"}]}, {"base_span": [287, 289], "annotations": [{"nertag": "O"}]}, {"base_span": [291, 292], "annotations": [{"nertag": "O"}]}, {"base_span": [292, 293], "annotations": [{"nertag": "O"}]}, {"base_span": [294, 303], "annotations": [{"nertag": "O"}]}, {"base_span": [304, 310], "annotations": [{"nertag": "O"}]}, {"base_span": [310, 311], "annotations": [{"nertag": "O"}]}, {"base_span": [312, 314], "annotations": [{"nertag": "O"}]}, {"base_span": [315, 324], "annotations": [{"nertag": "O"}]}, {"base_span": [325, 330], "annotations": [{"nertag": "O"}]}, {"base_span": [331, 333], "annotations": [{"nertag": "O"}]}, {"base_span": [334, 340], "annotations": [{"nertag": "B-PER"}]}, {"base_span": [341, 347], "annotations": [{"nertag": "O"}]}, {"base_span": [347, 348], "annotations": [{"nertag": "O"}]}, {"base_span": [349, 351], "annotations": [{"nertag": "O"}]}, {"base_span": [352, 357], "annotations": [{"nertag": "B-PER"}]}, {"base_span": [358, 366], "annotations": [{"nertag": "O"}]}, {"base_span": [367, 378], "annotations": [{"nertag": "O"}]}, {"base_span": [379, 381], "annotations": [{"nertag": "O"}]}, {"base_span": [382, 383], "annotations": [{"nertag": "O"}]}, {"base_span": [383, 384], "annotations": [{"nertag": "O"}]}, {"base_span": [385, 387], "annotations": [{"nertag": "O"}]}, {"base_span": [388, 397], "annotations": [{"nertag": "O"}]}, {"base_span": [398, 403], "annotations": [{"nertag": "O"}]}, {"base_span": [404, 406], "annotations": [{"nertag": "O"}]}, {"base_span": [407, 412], "annotations": [{"nertag": "O"}]}, {"base_span": [413, 415], "annotations": [{"nertag": "O"}]}, {"base_span": [416, 422], "annotations": [{"nertag": "B-PER"}]}, {"base_span": [423, 429], "annotations": [{"nertag": "O"}]}, {"base_span": [429, 430], "annotations": [{"nertag": "O"}]}, {"base_span": [431, 433], "annotations": [{"nertag": "O"}]}, {"base_span": [434, 436], "annotations": [{"nertag": "O"}]}, {"base_span": [437, 441], "annotations": [{"nertag": "O"}]}, {"base_span": [442, 448], "annotations": [{"nertag": "O"}]}, {"base_span": [449, 454], "annotations": [{"nertag": "O"}]}, {"base_span": [455, 457], "annotations": [{"nertag": "O"}]}, {"base_span": [458, 462], "annotations": [{"nertag": "O"}]}, {"base_span": [463, 468], "annotations": [{"nertag": "O"}]}, {"base_span": [469, 471], "annotations": [{"nertag": "O"}]}, {"base_span": [472, 475], "annotations": [{"nertag": "B-PER"}]}, {"base_span": [476, 484], "annotations": [{"nertag": "O"}]}, {"base_span": [485, 491], "annotations": [{"nertag": "O"}]}, {"base_span": [491, 492], "annotations": [{"nertag": "O"}]}, {"base_span": [494, 499], "annotations": [{"nertag": "O"}]}, {"base_span": [500, 504], "annotations": [{"nertag": "O"}]}, {"base_span": [505, 518], "annotations": [{"nertag": "O"}]}, {"base_span": [519, 524], "annotations": [{"nertag": "B-PER"}]}, {"base_span": [525, 532], "annotations": [{"nertag": "I-PER"}]}, {"base_span": [533, 535], "annotations": [{"nertag": "O"}]}, {"base_span": [536, 541], "annotations": [{"nertag": "O"}]}, {"base_span": [541, 542], "annotations": [{"nertag": "O"}]}, {"base_span": [543, 551], "annotations": [{"nertag": "O"}]}, {"base_span": [552, 557], "annotations": [{"nertag": "O"}]}, {"base_span": [557, 558], "annotations": [{"nertag": "O"}]}, {"base_span": [559, 561], "annotations": [{"nertag": "O"}]}, {"base_span": [562, 565], "annotations": [{"nertag": "O"}]}, {"base_span": [566, 571], "annotations": [{"nertag": "O"}]}, {"base_span": [572, 577], "annotations": [{"nertag": "O"}]}, {"base_span": [578, 583], "annotations": [{"nertag": "O"}]}, {"base_span": [583, 584], "annotations": [{"nertag": "O"}]}, {"base_span": [585, 587], "annotations": [{"nertag": "O"}]}, {"base_span": [588, 590], "annotations": [{"nertag": "O"}]}, {"base_span": [591, 599], "annotations": [{"nertag": "O"}]}, {"base_span": [600, 611], "annotations": [{"nertag": "O"}]}, {"base_span": [611, 612], "annotations": [{"nertag": "O"}]}, {"base_span": [613, 622], "annotations": [{"nertag": "O"}]}, {"base_span": [623, 627], "annotations": [{"nertag": "O"}]}, {"base_span": [628, 635], "annotations": [{"nertag": "O"}]}, {"base_span": [636, 641], "annotations": [{"nertag": "O"}]}, {"base_span": [641, 642], "annotations": [{"nertag": "O"}]}, {"base_span": [643, 646], "annotations": [{"nertag": "O"}]}, {"base_span": [647, 652], "annotations": [{"nertag": "O"}]}, {"base_span": [653, 658], "annotations": [{"nertag": "O"}]}, {"base_span": [658, 659], "annotations": [{"nertag": "O"}]}, {"base_span": [660, 664], "annotations": [{"nertag": "O"}]}, {"base_span": [665, 668], "annotations": [{"nertag": "O"}]}, {"base_span": [669, 671], "annotations": [{"nertag": "O"}]}, {"base_span": [672, 677], "annotations": [{"nertag": "O"}]}, {"base_span": [678, 682], "annotations": [{"nertag": "O"}]}, {"base_span": [683, 687], "annotations": [{"nertag": "O"}]}, {"base_span": [687, 688], "annotations": [{"nertag": "O"}]}, {"base_span": [690, 697], "annotations": [{"nertag": "O"}]}, {"base_span": [698, 702], "annotations": [{"nertag": "O"}]}, {"base_span": [703, 704], "annotations": [{"nertag": "O"}]}, {"base_span": [705, 719], "annotations": [{"nertag": "O"}]}, {"base_span": [720, 723], "annotations": [{"nertag": "B-PER"}]}, {"base_span": [724, 731], "annotations": [{"nertag": "I-PER"}]}, {"base_span": [732, 734], "annotations": [{"nertag": "O"}]}, {"base_span": [735, 740], "annotations": [{"nertag": "B-PER"}]}, {"base_span": [741, 747], "annotations": [{"nertag": "I-PER"}]}, {"base_span": [748, 750], "annotations": [{"nertag": "O"}]}, {"base_span": [751, 758], "annotations": [{"nertag": "O"}]}, {"base_span": [759, 766], "annotations": [{"nertag": "O"}]}, {"base_span": [766, 767], "annotations": [{"nertag": "O"}]}, {"base_span": [768, 776], "annotations": [{"nertag": "O"}]}, {"base_span": [777, 780], "annotations": [{"nertag": "O"}]}, {"base_span": [781, 785], "annotations": [{"nertag": "B-PER"}]}, {"base_span": [786, 787], "annotations": [{"nertag": "O"}]}, {"base_span": [788, 792], "annotations": [{"nertag": "O"}]}, {"base_span": [792, 793], "annotations": [{"nertag": "O"}]}, {"base_span": [795, 800], "annotations": [{"nertag": "O"}]}, {"base_span": [801, 805], "annotations": [{"nertag": "O"}]}, {"base_span": [806, 814], "annotations": [{"nertag": "O"}]}, {"base_span": [815, 817], "annotations": [{"nertag": "O"}]}, {"base_span": [818, 823], "annotations": [{"nertag": "O"}]}, {"base_span": [823, 824], "annotations": [{"nertag": "O"}]}, {"base_span": [825, 827], "annotations": [{"nertag": "O"}]}, {"base_span": [828, 830], "annotations": [{"nertag": "O"}]}, {"base_span": [831, 836], "annotations": [{"nertag": "O"}]}, {"base_span": [837, 842], "annotations": [{"nertag": "O"}]}, {"base_span": [842, 843], "annotations": [{"nertag": "O"}]}, {"base_span": [844, 848], "annotations": [{"nertag": "O"}]}, {"base_span": [849, 857], "annotations": [{"nertag": "O"}]}, {"base_span": [858, 863], "annotations": [{"nertag": "O"}]}, {"base_span": [864, 871], "annotations": [{"nertag": "O"}]}, {"base_span": [872, 880], "annotations": [{"nertag": "O"}]}, {"base_span": [881, 886], "annotations": [{"nertag": "O"}]}, {"base_span": [887, 889], "annotations": [{"nertag": "O"}]}, {"base_span": [890, 892], "annotations": [{"nertag": "O"}]}, {"base_span": [893, 899], "annotations": [{"nertag": "O"}]}, {"base_span": [900, 904], "annotations": [{"nertag": "O"}]}, {"base_span": [905, 912], "annotations": [{"nertag": "O"}]}, {"base_span": [912, 913], "annotations": [{"nertag": "O"}]}, {"base_span": [915, 920], "annotations": [{"nertag": "O"}]}, {"base_span": [921, 925], "annotations": [{"nertag": "O"}]}, {"base_span": [925, 926], "annotations": [{"nertag": "O"}]}, {"base_span": [927, 931], "annotations": [{"nertag": "B-PER"}]}, {"base_span": [932, 937], "annotations": [{"nertag": "O"}]}, {"base_span": [937, 938], "annotations": [{"nertag": "O"}]}, {"base_span": [939, 945], "annotations": [{"nertag": "O"}]}, {"base_span": [946, 951], "annotations": [{"nertag": "O"}]}, {"base_span": [952, 957], "annotations": [{"nertag": "O"}]}, {"base_span": [957, 958], "annotations": [{"nertag": "O"}]}, {"base_span": [959, 972], "annotations": [{"nertag": "O"}]}, {"base_span": [972, 973], "annotations": [{"nertag": "O"}]}, {"base_span": [974, 976], "annotations": [{"nertag": "B-PER"}]}, {"base_span": [977, 983], "annotations": [{"nertag": "I-PER"}]}, {"base_span": [984, 986], "annotations": [{"nertag": "O"}]}, {"base_span": [987, 992], "annotations": [{"nertag": "O"}]}, {"base_span": [993, 996], "annotations": [{"nertag": "B-PER"}]}, {"base_span": [997, 1003], "annotations": [{"nertag": "O"}]}, {"base_span": [1004, 1010], "annotations": [{"nertag": "O"}]}, {"base_span": [1011, 1019], "annotations": [{"nertag": "O"}]}, {"base_span": [1020, 1025], "annotations": [{"nertag": "O"}]}, {"base_span": [1026, 1030], "annotations": [{"nertag": "O"}]}, {"base_span": [1031, 1038], "annotations": [{"nertag": "O"}]}, {"base_span": [1039, 1044], "annotations": [{"nertag": "O"}]}, {"base_span": [1044, 1045], "annotations": [{"nertag": "O"}]}, {"base_span": [1046, 1049], "annotations": [{"nertag": "O"}]}, {"base_span": [1050, 1055], "annotations": [{"nertag": "B-PER"}]}, {"base_span": [1056, 1061], "annotations": [{"nertag": "I-PER"}]}, {"base_span": [1062, 1066], "annotations": [{"nertag": "O"}]}, {"base_span": [1067, 1072], "annotations": [{"nertag": "O"}]}, {"base_span": [1072, 1073], "annotations": [{"nertag": "O"}]}, {"base_span": [1075, 1081], "annotations": [{"nertag": "O"}]}, {"base_span": [1082, 1089], "annotations": [{"nertag": "O"}]}, {"base_span": [1089, 1090], "annotations": [{"nertag": "O"}]}, {"base_span": [1091, 1093], "annotations": [{"nertag": "O"}]}, {"base_span": [1094, 1099], "annotations": [{"nertag": "B-PER"}]}, {"base_span": [1100, 1105], "annotations": [{"nertag": "I-PER"}]}, {"base_span": [1106, 1112], "annotations": [{"nertag": "O"}]}, {"base_span": [1113, 1114], "annotations": [{"nertag": "O"}]}, {"base_span": [1114, 1115], "annotations": [{"nertag": "O"}]}, {"base_span": [1116, 1122], "annotations": [{"nertag": "B-PER"}]}, {"base_span": [1123, 1126], "annotations": [{"nertag": "O"}]}, {"base_span": [1127, 1131], "annotations": [{"nertag": "O"}]}, {"base_span": [1132, 1136], "annotations": [{"nertag": "O"}]}, {"base_span": [1137, 1141], "annotations": [{"nertag": "O"}]}, {"base_span": [1142, 1143], "annotations": [{"nertag": "O"}]}, {"base_span": [1144, 1147], "annotations": [{"nertag": "O"}]}, {"base_span": [1148, 1150], "annotations": [{"nertag": "O"}]}, {"base_span": [1151, 1152], "annotations": [{"nertag": "O"}]}, {"base_span": [1152, 1153], "annotations": [{"nertag": "O"}]}, {"base_span": [1154, 1156], "annotations": [{"nertag": "O"}]}, {"base_span": [1157, 1159], "annotations": [{"nertag": "O"}]}, {"base_span": [1160, 1166], "annotations": [{"nertag": "O"}]}, {"base_span": [1167, 1172], "annotations": [{"nertag": "O"}]}, {"base_span": [1173, 1179], "annotations": [{"nertag": "O"}]}, {"base_span": [1180, 1185], "annotations": [{"nertag": "O"}]}, {"base_span": [1186, 1190], "annotations": [{"nertag": "O"}]}, {"base_span": [1191, 1197], "annotations": [{"nertag": "O"}]}, {"base_span": [1197, 1198], "annotations": [{"nertag": "O"}]}, {"base_span": [1199, 1211], "annotations": [{"nertag": "O"}]}, {"base_span": [1212, 1213], "annotations": [{"nertag": "O"}]}, {"base_span": [1214, 1217], "annotations": [{"nertag": "O"}]}, {"base_span": [1217, 1218], "annotations": [{"nertag": "O"}]}, {"base_span": [1220, 1231], "annotations": [{"nertag": "O"}]}, {"base_span": [1231, 1232], "annotations": [{"nertag": "O"}]}, {"base_span": [1233, 1237], "annotations": [{"nertag": "B-PER"}]}, {"base_span": [1238, 1245], "annotations": [{"nertag": "I-PER"}]}, {"base_span": [1247, 1257], "annotations": [{"nertag": "O"}]}, {"base_span": [1257, 1258], "annotations": [{"nertag": "O"}]}, {"base_span": [1259, 1264], "annotations": [{"nertag": "B-PER"}]}, {"base_span": [1265, 1272], "annotations": [{"nertag": "I-PER"}]}, {"base_span": [1274, 1279], "annotations": [{"nertag": "B-PER"}]}, {"base_span": [1280, 1286], "annotations": [{"nertag": "I-PER"}]}, {"base_span": [1288, 1297], "annotations": [{"nertag": "O"}]}, {"base_span": [1298, 1299], "annotations": [{"nertag": "B-PER"}]}, {"base_span": [1299, 1300], "annotations": [{"nertag": "I-PER"}]}, {"base_span": [1301, 1307], "annotations": [{"nertag": "I-PER"}]}, {"base_span": [1309, 1314], "annotations": [{"nertag": "O"}]}, {"base_span": [1315, 1320], "annotations": [{"nertag": "O"}]}, {"base_span": [1321, 1328], "annotations": [{"nertag": "O"}]}, {"base_span": [1329, 1336], "annotations": [{"nertag": "O"}]}, {"base_span": [1337, 1343], "annotations": [{"nertag": "O"}]}, {"base_span": [1344, 1346], "annotations": [{"nertag": "O"}]}, {"base_span": [1347, 1350], "annotations": [{"nertag": "O"}]}, {"base_span": [1351, 1356], "annotations": [{"nertag": "O"}]}, {"base_span": [1357, 1359], "annotations": [{"nertag": "O"}]}, {"base_span": [1360, 1366], "annotations": [{"nertag": "O"}]}, {"base_span": [1367, 1371], "annotations": [{"nertag": "O"}]}, {"base_span": [1372, 1377], "annotations": [{"nertag": "O"}]}, {"base_span": [1378, 1383], "annotations": [{"nertag": "O"}]}, {"base_span": [1383, 1384], "annotations": [{"nertag": "O"}]}]}]}