{"text": "\nKohto korra pärrast ollid Kuie walla kohtomaiasse kokko tulnud:\n\nKohtowannem, kohto kõrwamehhed ja kirjutaja.\n\nSellitatud sai sedda eio asja: Märtsil Kuie Jõe äre kõrtsus olli sündinud.\n\nTallitaja Jakob Iis ja abbimees Jakob Laan tunnistasid: et Kuie walla perremehhed tulnud 8mal Märtsil maggasi asidast ja läinud kõrtso sisse, siis tulnud kümme Hio meest omma küdilidtega kõrtso, üks mees nendest, Peter Pülberg wõtnud ühhe Kuie mehhe pibo omma kätte suitsetada, agga warsti wahhetanud selle pibo Kilsi walla mehhe Mart Mannile ja Kuie mees wõtnud omma pibo jälle Kilsi mehhe suust ärra, agga se läinud omma pipo jälle Hiidlasse käest kätte sama, agga se üttelnud: minna polle so pipo näinudki, ja hakkand isse kõrtsust wälja minnema, agga mees hakkanud temmast kinni ja üttelnud, teie ei pea mitte enne minnema, kui ma omma pibo alles kätte sanud, sest Kuie walla tallitaja on ju ka ommotigi siin, kui hiidlassed sedda kuulnud, siis tulnud nad kaikad käes kokko ja küssinud kesse tallitaja on, a lönud ühhe mehhele wasto rindo käega, siis küssinud tallita, mis eest se olli? Siis lönud teine tallitajale keppiga pähhe ja teine weel pu allaga, siis pannud tallitaja lati ukse eest kinni, agga taggunud Hiidlassed letti pulgad katki, siis läinud Kuie mehhed kõrtso haknast wälja ja Hiidlassed hakkanud ka minnema, tallitaja agga läinud moisa jue ette, et saab mehhed kinni wotta, mis agga mitte polle korda läinud, siis ta sõitnud Kloostri moisa ette ja wõtnud sealt rohkme abbi ja tonud sealt Hiidlassed taggasi. \n\nSiis sai Hiidlasste käest küssitud: kas se piddi tõssi ollema, need tunnistasid sedda kõik tõssi ollema, ja pallusid süddamest omma joobunud pea tööd andeks anda, ja ei lubband ilmas ennam ni suggust tükki tehha.\n\nKohto otsus.\n\nIggamees tunnistas omma süüd ja leppis wennalikkult sellega, kellele ta liga olli teinud, ja peale sedda maksid nad üks rubla kõrtso kahjo parrandamiseks.\n\nKohtowannem: Juhhan Krusert XXX\n\nKohto kõrwamehhed Kustas Lepberg XXX\n\nKustas Krusel XXX\n\nKirjutaja J. Schillert\n\nLeppitud.\n\n\n", "meta": {"origin_directory": "vallakohus_kolmas/"}, "layers": [{"name": "gold_ner", "attributes": ["nertag"], "parent": null, "enveloping": null, "ambiguous": false, "serialisation_module": null, "meta": {}, "spans": [{"base_span": [27, 50], "annotations": [{"nertag": "LOC"}]}, {"base_span": [151, 155], "annotations": [{"nertag": "LOC_ORG"}]}, {"base_span": [156, 171], "annotations": [{"nertag": "LOC_ORG"}]}, {"base_span": [198, 207], "annotations": [{"nertag": "PER"}]}, {"base_span": [220, 230], "annotations": [{"nertag": "PER"}]}, {"base_span": [247, 257], "annotations": [{"nertag": "LOC_ORG"}]}, {"base_span": [348, 351], "annotations": [{"nertag": "LOC"}]}, {"base_span": [401, 414], "annotations": [{"nertag": "PER"}]}, {"base_span": [427, 431], "annotations": [{"nertag": "LOC_ORG"}]}, {"base_span": [500, 511], "annotations": [{"nertag": "LOC_ORG"}]}, {"base_span": [518, 530], "annotations": [{"nertag": "PER"}]}, {"base_span": [534, 538], "annotations": [{"nertag": "LOC_ORG"}]}, {"base_span": [567, 572], "annotations": [{"nertag": "LOC_ORG"}]}, {"base_span": [857, 861], "annotations": [{"nertag": "LOC_ORG"}]}, {"base_span": [1248, 1252], "annotations": [{"nertag": "LOC_ORG"}]}, {"base_span": [1433, 1447], "annotations": [{"nertag": "LOC_ORG"}]}, {"base_span": [1915, 1929], "annotations": [{"nertag": "PER"}]}, {"base_span": [1953, 1967], "annotations": [{"nertag": "PER"}]}, {"base_span": [1973, 1986], "annotations": [{"nertag": "PER"}]}, {"base_span": [2002, 2014], "annotations": [{"nertag": "PER"}]}]}, {"name": "gold_wordner", "attributes": ["nertag"], "parent": null, "enveloping": null, "ambiguous": false, "serialisation_module": null, "meta": {}, "spans": [{"base_span": [1, 6], "annotations": [{"nertag": "O"}]}, {"base_span": [7, 12], "annotations": [{"nertag": "O"}]}, {"base_span": [13, 20], "annotations": [{"nertag": "O"}]}, {"base_span": [21, 26], "annotations": [{"nertag": "O"}]}, {"base_span": [27, 31], "annotations": [{"nertag": "B-LOC"}]}, {"base_span": [32, 37], "annotations": [{"nertag": "I-LOC"}]}, {"base_span": [38, 50], "annotations": [{"nertag": "I-LOC"}]}, {"base_span": [51, 56], "annotations": [{"nertag": "O"}]}, {"base_span": [57, 63], "annotations": [{"nertag": "O"}]}, {"base_span": [63, 64], "annotations": [{"nertag": "O"}]}, {"base_span": [66, 77], "annotations": [{"nertag": "O"}]}, {"base_span": [77, 78], "annotations": [{"nertag": "O"}]}, {"base_span": [79, 84], "annotations": [{"nertag": "O"}]}, {"base_span": [85, 96], "annotations": [{"nertag": "O"}]}, {"base_span": [97, 99], "annotations": [{"nertag": "O"}]}, {"base_span": [100, 109], "annotations": [{"nertag": "O"}]}, {"base_span": [109, 110], "annotations": [{"nertag": "O"}]}, {"base_span": [112, 122], "annotations": [{"nertag": "O"}]}, {"base_span": [123, 126], "annotations": [{"nertag": "O"}]}, {"base_span": [127, 132], "annotations": [{"nertag": "O"}]}, {"base_span": [133, 136], "annotations": [{"nertag": "O"}]}, {"base_span": [137, 141], "annotations": [{"nertag": "O"}]}, {"base_span": [141, 142], "annotations": [{"nertag": "O"}]}, {"base_span": [143, 150], "annotations": [{"nertag": "O"}]}, {"base_span": [151, 155], "annotations": [{"nertag": "B-LOC_ORG"}]}, {"base_span": [156, 159], "annotations": [{"nertag": "B-LOC_ORG"}]}, {"base_span": [160, 163], "annotations": [{"nertag": "I-LOC_ORG"}]}, {"base_span": [164, 171], "annotations": [{"nertag": "I-LOC_ORG"}]}, {"base_span": [172, 176], "annotations": [{"nertag": "O"}]}, {"base_span": [177, 185], "annotations": [{"nertag": "O"}]}, {"base_span": [185, 186], "annotations": [{"nertag": "O"}]}, {"base_span": [188, 197], "annotations": [{"nertag": "O"}]}, {"base_span": [198, 203], "annotations": [{"nertag": "B-PER"}]}, {"base_span": [204, 207], "annotations": [{"nertag": "I-PER"}]}, {"base_span": [208, 210], "annotations": [{"nertag": "O"}]}, {"base_span": [211, 219], "annotations": [{"nertag": "O"}]}, {"base_span": [220, 225], "annotations": [{"nertag": "B-PER"}]}, {"base_span": [226, 230], "annotations": [{"nertag": "I-PER"}]}, {"base_span": [231, 242], "annotations": [{"nertag": "O"}]}, {"base_span": [242, 243], "annotations": [{"nertag": "O"}]}, {"base_span": [244, 246], "annotations": [{"nertag": "O"}]}, {"base_span": [247, 251], "annotations": [{"nertag": "B-LOC_ORG"}]}, {"base_span": [252, 257], "annotations": [{"nertag": "I-LOC_ORG"}]}, {"base_span": [258, 269], "annotations": [{"nertag": "O"}]}, {"base_span": [270, 276], "annotations": [{"nertag": "O"}]}, {"base_span": [277, 281], "annotations": [{"nertag": "O"}]}, {"base_span": [282, 289], "annotations": [{"nertag": "O"}]}, {"base_span": [290, 297], "annotations": [{"nertag": "O"}]}, {"base_span": [298, 305], "annotations": [{"nertag": "O"}]}, {"base_span": [306, 308], "annotations": [{"nertag": "O"}]}, {"base_span": [309, 315], "annotations": [{"nertag": "O"}]}, {"base_span": [316, 322], "annotations": [{"nertag": "O"}]}, {"base_span": [323, 328], "annotations": [{"nertag": "O"}]}, {"base_span": [328, 329], "annotations": [{"nertag": "O"}]}, {"base_span": [330, 334], "annotations": [{"nertag": "O"}]}, {"base_span": [335, 341], "annotations": [{"nertag": "O"}]}, {"base_span": [342, 347], "annotations": [{"nertag": "O"}]}, {"base_span": [348, 351], "annotations": [{"nertag": "B-LOC"}]}, {"base_span": [352, 357], "annotations": [{"nertag": "O"}]}, {"base_span": [358, 362], "annotations": [{"nertag": "O"}]}, {"base_span": [363, 374], "annotations": [{"nertag": "O"}]}, {"base_span": [375, 381], "annotations": [{"nertag": "O"}]}, {"base_span": [381, 382], "annotations": [{"nertag": "O"}]}, {"base_span": [383, 386], "annotations": [{"nertag": "O"}]}, {"base_span": [387, 391], "annotations": [{"nertag": "O"}]}, {"base_span": [392, 399], "annotations": [{"nertag": "O"}]}, {"base_span": [399, 400], "annotations": [{"nertag": "O"}]}, {"base_span": [401, 406], "annotations": [{"nertag": "B-PER"}]}, {"base_span": [407, 414], "annotations": [{"nertag": "I-PER"}]}, {"base_span": [415, 421], "annotations": [{"nertag": "O"}]}, {"base_span": [422, 426], "annotations": [{"nertag": "O"}]}, {"base_span": [427, 431], "annotations": [{"nertag": "B-LOC_ORG"}]}, {"base_span": [432, 437], "annotations": [{"nertag": "O"}]}, {"base_span": [438, 442], "annotations": [{"nertag": "O"}]}, {"base_span": [443, 447], "annotations": [{"nertag": "O"}]}, {"base_span": [448, 453], "annotations": [{"nertag": "O"}]}, {"base_span": [454, 464], "annotations": [{"nertag": "O"}]}, {"base_span": [464, 465], "annotations": [{"nertag": "O"}]}, {"base_span": [466, 470], "annotations": [{"nertag": "O"}]}, {"base_span": [471, 477], "annotations": [{"nertag": "O"}]}, {"base_span": [478, 488], "annotations": [{"nertag": "O"}]}, {"base_span": [489, 494], "annotations": [{"nertag": "O"}]}, {"base_span": [495, 499], "annotations": [{"nertag": "O"}]}, {"base_span": [500, 505], "annotations": [{"nertag": "B-LOC_ORG"}]}, {"base_span": [506, 511], "annotations": [{"nertag": "I-LOC_ORG"}]}, {"base_span": [512, 517], "annotations": [{"nertag": "O"}]}, {"base_span": [518, 522], "annotations": [{"nertag": "B-PER"}]}, {"base_span": [523, 530], "annotations": [{"nertag": "I-PER"}]}, {"base_span": [531, 533], "annotations": [{"nertag": "O"}]}, {"base_span": [534, 538], "annotations": [{"nertag": "B-LOC_ORG"}]}, {"base_span": [539, 543], "annotations": [{"nertag": "O"}]}, {"base_span": [544, 550], "annotations": [{"nertag": "O"}]}, {"base_span": [551, 555], "annotations": [{"nertag": "O"}]}, {"base_span": [556, 560], "annotations": [{"nertag": "O"}]}, {"base_span": [561, 566], "annotations": [{"nertag": "O"}]}, {"base_span": [567, 572], "annotations": [{"nertag": "B-LOC_ORG"}]}, {"base_span": [573, 578], "annotations": [{"nertag": "O"}]}, {"base_span": [579, 584], "annotations": [{"nertag": "O"}]}, {"base_span": [585, 589], "annotations": [{"nertag": "O"}]}, {"base_span": [589, 590], "annotations": [{"nertag": "O"}]}, {"base_span": [591, 595], "annotations": [{"nertag": "O"}]}, {"base_span": [596, 598], "annotations": [{"nertag": "O"}]}, {"base_span": [599, 605], "annotations": [{"nertag": "O"}]}, {"base_span": [606, 610], "annotations": [{"nertag": "O"}]}, {"base_span": [611, 615], "annotations": [{"nertag": "O"}]}, {"base_span": [616, 621], "annotations": [{"nertag": "O"}]}, {"base_span": [622, 631], "annotations": [{"nertag": "O"}]}, {"base_span": [632, 637], "annotations": [{"nertag": "O"}]}, {"base_span": [638, 643], "annotations": [{"nertag": "O"}]}, {"base_span": [644, 648], "annotations": [{"nertag": "O"}]}, {"base_span": [648, 649], "annotations": [{"nertag": "O"}]}, {"base_span": [650, 654], "annotations": [{"nertag": "O"}]}, {"base_span": [655, 657], "annotations": [{"nertag": "O"}]}, {"base_span": [658, 666], "annotations": [{"nertag": "O"}]}, {"base_span": [666, 667], "annotations": [{"nertag": "O"}]}, {"base_span": [668, 673], "annotations": [{"nertag": "O"}]}, {"base_span": [674, 679], "annotations": [{"nertag": "O"}]}, {"base_span": [680, 682], "annotations": [{"nertag": "O"}]}, {"base_span": [683, 687], "annotations": [{"nertag": "O"}]}, {"base_span": [688, 696], "annotations": [{"nertag": "O"}]}, {"base_span": [696, 697], "annotations": [{"nertag": "O"}]}, {"base_span": [698, 700], "annotations": [{"nertag": "O"}]}, {"base_span": [701, 708], "annotations": [{"nertag": "O"}]}, {"base_span": [709, 713], "annotations": [{"nertag": "O"}]}, {"base_span": [714, 722], "annotations": [{"nertag": "O"}]}, {"base_span": [723, 728], "annotations": [{"nertag": "O"}]}, {"base_span": [729, 736], "annotations": [{"nertag": "O"}]}, {"base_span": [736, 737], "annotations": [{"nertag": "O"}]}, {"base_span": [738, 742], "annotations": [{"nertag": "O"}]}, {"base_span": [743, 747], "annotations": [{"nertag": "O"}]}, {"base_span": [748, 756], "annotations": [{"nertag": "O"}]}, {"base_span": [757, 764], "annotations": [{"nertag": "O"}]}, {"base_span": [765, 770], "annotations": [{"nertag": "O"}]}, {"base_span": [771, 773], "annotations": [{"nertag": "O"}]}, {"base_span": [774, 782], "annotations": [{"nertag": "O"}]}, {"base_span": [782, 783], "annotations": [{"nertag": "O"}]}, {"base_span": [784, 788], "annotations": [{"nertag": "O"}]}, {"base_span": [789, 791], "annotations": [{"nertag": "O"}]}, {"base_span": [792, 795], "annotations": [{"nertag": "O"}]}, {"base_span": [796, 801], "annotations": [{"nertag": "O"}]}, {"base_span": [802, 806], "annotations": [{"nertag": "O"}]}, {"base_span": [807, 814], "annotations": [{"nertag": "O"}]}, {"base_span": [814, 815], "annotations": [{"nertag": "O"}]}, {"base_span": [816, 819], "annotations": [{"nertag": "O"}]}, {"base_span": [820, 822], "annotations": [{"nertag": "O"}]}, {"base_span": [823, 827], "annotations": [{"nertag": "O"}]}, {"base_span": [828, 832], "annotations": [{"nertag": "O"}]}, {"base_span": [833, 838], "annotations": [{"nertag": "O"}]}, {"base_span": [839, 844], "annotations": [{"nertag": "O"}]}, {"base_span": [845, 850], "annotations": [{"nertag": "O"}]}, {"base_span": [850, 851], "annotations": [{"nertag": "O"}]}, {"base_span": [852, 856], "annotations": [{"nertag": "O"}]}, {"base_span": [857, 861], "annotations": [{"nertag": "B-LOC_ORG"}]}, {"base_span": [862, 867], "annotations": [{"nertag": "O"}]}, {"base_span": [868, 877], "annotations": [{"nertag": "O"}]}, {"base_span": [878, 880], "annotations": [{"nertag": "O"}]}, {"base_span": [881, 883], "annotations": [{"nertag": "O"}]}, {"base_span": [884, 886], "annotations": [{"nertag": "O"}]}, {"base_span": [887, 895], "annotations": [{"nertag": "O"}]}, {"base_span": [896, 900], "annotations": [{"nertag": "O"}]}, {"base_span": [900, 901], "annotations": [{"nertag": "O"}]}, {"base_span": [902, 905], "annotations": [{"nertag": "O"}]}, {"base_span": [906, 916], "annotations": [{"nertag": "O"}]}, {"base_span": [917, 922], "annotations": [{"nertag": "O"}]}, {"base_span": [923, 930], "annotations": [{"nertag": "O"}]}, {"base_span": [930, 931], "annotations": [{"nertag": "O"}]}, {"base_span": [932, 936], "annotations": [{"nertag": "O"}]}, {"base_span": [937, 943], "annotations": [{"nertag": "O"}]}, {"base_span": [944, 947], "annotations": [{"nertag": "O"}]}, {"base_span": [948, 954], "annotations": [{"nertag": "O"}]}, {"base_span": [955, 959], "annotations": [{"nertag": "O"}]}, {"base_span": [960, 965], "annotations": [{"nertag": "O"}]}, {"base_span": [966, 968], "annotations": [{"nertag": "O"}]}, {"base_span": [969, 977], "annotations": [{"nertag": "O"}]}, {"base_span": [978, 983], "annotations": [{"nertag": "O"}]}, {"base_span": [984, 993], "annotations": [{"nertag": "O"}]}, {"base_span": [994, 996], "annotations": [{"nertag": "O"}]}, {"base_span": [996, 997], "annotations": [{"nertag": "O"}]}, {"base_span": [998, 999], "annotations": [{"nertag": "O"}]}, {"base_span": [1000, 1005], "annotations": [{"nertag": "O"}]}, {"base_span": [1006, 1010], "annotations": [{"nertag": "O"}]}, {"base_span": [1011, 1018], "annotations": [{"nertag": "O"}]}, {"base_span": [1019, 1024], "annotations": [{"nertag": "O"}]}, {"base_span": [1025, 1030], "annotations": [{"nertag": "O"}]}, {"base_span": [1031, 1036], "annotations": [{"nertag": "O"}]}, {"base_span": [1036, 1037], "annotations": [{"nertag": "O"}]}, {"base_span": [1038, 1042], "annotations": [{"nertag": "O"}]}, {"base_span": [1043, 1051], "annotations": [{"nertag": "O"}]}, {"base_span": [1052, 1059], "annotations": [{"nertag": "O"}]}, {"base_span": [1059, 1060], "annotations": [{"nertag": "O"}]}, {"base_span": [1061, 1064], "annotations": [{"nertag": "O"}]}, {"base_span": [1065, 1069], "annotations": [{"nertag": "O"}]}, {"base_span": [1070, 1072], "annotations": [{"nertag": "O"}]}, {"base_span": [1073, 1077], "annotations": [{"nertag": "O"}]}, {"base_span": [1077, 1078], "annotations": [{"nertag": "O"}]}, {"base_span": [1079, 1083], "annotations": [{"nertag": "O"}]}, {"base_span": [1084, 1089], "annotations": [{"nertag": "O"}]}, {"base_span": [1090, 1095], "annotations": [{"nertag": "O"}]}, {"base_span": [1096, 1107], "annotations": [{"nertag": "O"}]}, {"base_span": [1108, 1115], "annotations": [{"nertag": "O"}]}, {"base_span": [1116, 1121], "annotations": [{"nertag": "O"}]}, {"base_span": [1122, 1124], "annotations": [{"nertag": "O"}]}, {"base_span": [1125, 1130], "annotations": [{"nertag": "O"}]}, {"base_span": [1131, 1135], "annotations": [{"nertag": "O"}]}, {"base_span": [1136, 1138], "annotations": [{"nertag": "O"}]}, {"base_span": [1139, 1145], "annotations": [{"nertag": "O"}]}, {"base_span": [1145, 1146], "annotations": [{"nertag": "O"}]}, {"base_span": [1147, 1151], "annotations": [{"nertag": "O"}]}, {"base_span": [1152, 1158], "annotations": [{"nertag": "O"}]}, {"base_span": [1159, 1168], "annotations": [{"nertag": "O"}]}, {"base_span": [1169, 1173], "annotations": [{"nertag": "O"}]}, {"base_span": [1174, 1178], "annotations": [{"nertag": "O"}]}, {"base_span": [1179, 1183], "annotations": [{"nertag": "O"}]}, {"base_span": [1184, 1189], "annotations": [{"nertag": "O"}]}, {"base_span": [1189, 1190], "annotations": [{"nertag": "O"}]}, {"base_span": [1191, 1195], "annotations": [{"nertag": "O"}]}, {"base_span": [1196, 1204], "annotations": [{"nertag": "O"}]}, {"base_span": [1205, 1215], "annotations": [{"nertag": "O"}]}, {"base_span": [1216, 1221], "annotations": [{"nertag": "O"}]}, {"base_span": [1222, 1228], "annotations": [{"nertag": "O"}]}, {"base_span": [1229, 1234], "annotations": [{"nertag": "O"}]}, {"base_span": [1234, 1235], "annotations": [{"nertag": "O"}]}, {"base_span": [1236, 1240], "annotations": [{"nertag": "O"}]}, {"base_span": [1241, 1247], "annotations": [{"nertag": "O"}]}, {"base_span": [1248, 1252], "annotations": [{"nertag": "B-LOC_ORG"}]}, {"base_span": [1253, 1259], "annotations": [{"nertag": "O"}]}, {"base_span": [1260, 1266], "annotations": [{"nertag": "O"}]}, {"base_span": [1267, 1274], "annotations": [{"nertag": "O"}]}, {"base_span": [1275, 1280], "annotations": [{"nertag": "O"}]}, {"base_span": [1281, 1283], "annotations": [{"nertag": "O"}]}, {"base_span": [1284, 1294], "annotations": [{"nertag": "O"}]}, {"base_span": [1295, 1303], "annotations": [{"nertag": "O"}]}, {"base_span": [1304, 1306], "annotations": [{"nertag": "O"}]}, {"base_span": [1307, 1314], "annotations": [{"nertag": "O"}]}, {"base_span": [1314, 1315], "annotations": [{"nertag": "O"}]}, {"base_span": [1316, 1325], "annotations": [{"nertag": "O"}]}, {"base_span": [1326, 1330], "annotations": [{"nertag": "O"}]}, {"base_span": [1331, 1337], "annotations": [{"nertag": "O"}]}, {"base_span": [1338, 1343], "annotations": [{"nertag": "O"}]}, {"base_span": [1344, 1347], "annotations": [{"nertag": "O"}]}, {"base_span": [1348, 1352], "annotations": [{"nertag": "O"}]}, {"base_span": [1352, 1353], "annotations": [{"nertag": "O"}]}, {"base_span": [1354, 1356], "annotations": [{"nertag": "O"}]}, {"base_span": [1357, 1361], "annotations": [{"nertag": "O"}]}, {"base_span": [1362, 1368], "annotations": [{"nertag": "O"}]}, {"base_span": [1369, 1374], "annotations": [{"nertag": "O"}]}, {"base_span": [1375, 1380], "annotations": [{"nertag": "O"}]}, {"base_span": [1380, 1381], "annotations": [{"nertag": "O"}]}, {"base_span": [1382, 1385], "annotations": [{"nertag": "O"}]}, {"base_span": [1386, 1390], "annotations": [{"nertag": "O"}]}, {"base_span": [1391, 1396], "annotations": [{"nertag": "O"}]}, {"base_span": [1397, 1402], "annotations": [{"nertag": "O"}]}, {"base_span": [1403, 1408], "annotations": [{"nertag": "O"}]}, {"base_span": [1409, 1415], "annotations": [{"nertag": "O"}]}, {"base_span": [1415, 1416], "annotations": [{"nertag": "O"}]}, {"base_span": [1417, 1421], "annotations": [{"nertag": "O"}]}, {"base_span": [1422, 1424], "annotations": [{"nertag": "O"}]}, {"base_span": [1425, 1432], "annotations": [{"nertag": "O"}]}, {"base_span": [1433, 1441], "annotations": [{"nertag": "B-LOC_ORG"}]}, {"base_span": [1442, 1447], "annotations": [{"nertag": "I-LOC_ORG"}]}, {"base_span": [1448, 1452], "annotations": [{"nertag": "O"}]}, {"base_span": [1453, 1455], "annotations": [{"nertag": "O"}]}, {"base_span": [1456, 1462], "annotations": [{"nertag": "O"}]}, {"base_span": [1463, 1468], "annotations": [{"nertag": "O"}]}, {"base_span": [1469, 1475], "annotations": [{"nertag": "O"}]}, {"base_span": [1476, 1480], "annotations": [{"nertag": "O"}]}, {"base_span": [1481, 1483], "annotations": [{"nertag": "O"}]}, {"base_span": [1484, 1489], "annotations": [{"nertag": "O"}]}, {"base_span": [1490, 1495], "annotations": [{"nertag": "O"}]}, {"base_span": [1496, 1506], "annotations": [{"nertag": "O"}]}, {"base_span": [1507, 1514], "annotations": [{"nertag": "O"}]}, {"base_span": [1514, 1515], "annotations": [{"nertag": "O"}]}, {"base_span": [1518, 1522], "annotations": [{"nertag": "O"}]}, {"base_span": [1523, 1526], "annotations": [{"nertag": "O"}]}, {"base_span": [1527, 1537], "annotations": [{"nertag": "O"}]}, {"base_span": [1538, 1543], "annotations": [{"nertag": "O"}]}, {"base_span": [1544, 1552], "annotations": [{"nertag": "O"}]}, {"base_span": [1552, 1553], "annotations": [{"nertag": "O"}]}, {"base_span": [1554, 1557], "annotations": [{"nertag": "O"}]}, {"base_span": [1558, 1560], "annotations": [{"nertag": "O"}]}, {"base_span": [1561, 1566], "annotations": [{"nertag": "O"}]}, {"base_span": [1567, 1572], "annotations": [{"nertag": "O"}]}, {"base_span": [1573, 1579], "annotations": [{"nertag": "O"}]}, {"base_span": [1579, 1580], "annotations": [{"nertag": "O"}]}, {"base_span": [1581, 1585], "annotations": [{"nertag": "O"}]}, {"base_span": [1586, 1597], "annotations": [{"nertag": "O"}]}, {"base_span": [1598, 1603], "annotations": [{"nertag": "O"}]}, {"base_span": [1604, 1608], "annotations": [{"nertag": "O"}]}, {"base_span": [1609, 1614], "annotations": [{"nertag": "O"}]}, {"base_span": [1615, 1621], "annotations": [{"nertag": "O"}]}, {"base_span": [1621, 1622], "annotations": [{"nertag": "O"}]}, {"base_span": [1623, 1625], "annotations": [{"nertag": "O"}]}, {"base_span": [1626, 1634], "annotations": [{"nertag": "O"}]}, {"base_span": [1635, 1644], "annotations": [{"nertag": "O"}]}, {"base_span": [1645, 1649], "annotations": [{"nertag": "O"}]}, {"base_span": [1650, 1658], "annotations": [{"nertag": "O"}]}, {"base_span": [1659, 1662], "annotations": [{"nertag": "O"}]}, {"base_span": [1663, 1667], "annotations": [{"nertag": "O"}]}, {"base_span": [1668, 1674], "annotations": [{"nertag": "O"}]}, {"base_span": [1675, 1679], "annotations": [{"nertag": "O"}]}, {"base_span": [1679, 1680], "annotations": [{"nertag": "O"}]}, {"base_span": [1681, 1683], "annotations": [{"nertag": "O"}]}, {"base_span": [1684, 1686], "annotations": [{"nertag": "O"}]}, {"base_span": [1687, 1694], "annotations": [{"nertag": "O"}]}, {"base_span": [1695, 1700], "annotations": [{"nertag": "O"}]}, {"base_span": [1701, 1706], "annotations": [{"nertag": "O"}]}, {"base_span": [1707, 1709], "annotations": [{"nertag": "O"}]}, {"base_span": [1710, 1717], "annotations": [{"nertag": "O"}]}, {"base_span": [1718, 1723], "annotations": [{"nertag": "O"}]}, {"base_span": [1724, 1729], "annotations": [{"nertag": "O"}]}, {"base_span": [1729, 1730], "annotations": [{"nertag": "O"}]}, {"base_span": [1732, 1737], "annotations": [{"nertag": "O"}]}, {"base_span": [1738, 1743], "annotations": [{"nertag": "O"}]}, {"base_span": [1743, 1744], "annotations": [{"nertag": "O"}]}, {"base_span": [1746, 1754], "annotations": [{"nertag": "O"}]}, {"base_span": [1755, 1764], "annotations": [{"nertag": "O"}]}, {"base_span": [1765, 1769], "annotations": [{"nertag": "O"}]}, {"base_span": [1770, 1774], "annotations": [{"nertag": "O"}]}, {"base_span": [1775, 1777], "annotations": [{"nertag": "O"}]}, {"base_span": [1778, 1784], "annotations": [{"nertag": "O"}]}, {"base_span": [1785, 1797], "annotations": [{"nertag": "O"}]}, {"base_span": [1798, 1805], "annotations": [{"nertag": "O"}]}, {"base_span": [1805, 1806], "annotations": [{"nertag": "O"}]}, {"base_span": [1807, 1814], "annotations": [{"nertag": "O"}]}, {"base_span": [1815, 1817], "annotations": [{"nertag": "O"}]}, {"base_span": [1818, 1822], "annotations": [{"nertag": "O"}]}, {"base_span": [1823, 1827], "annotations": [{"nertag": "O"}]}, {"base_span": [1828, 1834], "annotations": [{"nertag": "O"}]}, {"base_span": [1834, 1835], "annotations": [{"nertag": "O"}]}, {"base_span": [1836, 1838], "annotations": [{"nertag": "O"}]}, {"base_span": [1839, 1844], "annotations": [{"nertag": "O"}]}, {"base_span": [1845, 1850], "annotations": [{"nertag": "O"}]}, {"base_span": [1851, 1857], "annotations": [{"nertag": "O"}]}, {"base_span": [1858, 1861], "annotations": [{"nertag": "O"}]}, {"base_span": [1862, 1865], "annotations": [{"nertag": "O"}]}, {"base_span": [1866, 1871], "annotations": [{"nertag": "O"}]}, {"base_span": [1872, 1878], "annotations": [{"nertag": "O"}]}, {"base_span": [1879, 1884], "annotations": [{"nertag": "O"}]}, {"base_span": [1885, 1899], "annotations": [{"nertag": "O"}]}, {"base_span": [1899, 1900], "annotations": [{"nertag": "O"}]}, {"base_span": [1902, 1913], "annotations": [{"nertag": "O"}]}, {"base_span": [1913, 1914], "annotations": [{"nertag": "O"}]}, {"base_span": [1915, 1921], "annotations": [{"nertag": "B-PER"}]}, {"base_span": [1922, 1929], "annotations": [{"nertag": "I-PER"}]}, {"base_span": [1930, 1933], "annotations": [{"nertag": "O"}]}, {"base_span": [1935, 1940], "annotations": [{"nertag": "O"}]}, {"base_span": [1941, 1952], "annotations": [{"nertag": "O"}]}, {"base_span": [1953, 1959], "annotations": [{"nertag": "B-PER"}]}, {"base_span": [1960, 1967], "annotations": [{"nertag": "I-PER"}]}, {"base_span": [1968, 1971], "annotations": [{"nertag": "O"}]}, {"base_span": [1973, 1979], "annotations": [{"nertag": "B-PER"}]}, {"base_span": [1980, 1986], "annotations": [{"nertag": "I-PER"}]}, {"base_span": [1987, 1990], "annotations": [{"nertag": "O"}]}, {"base_span": [1992, 2001], "annotations": [{"nertag": "O"}]}, {"base_span": [2002, 2003], "annotations": [{"nertag": "B-PER"}]}, {"base_span": [2003, 2004], "annotations": [{"nertag": "I-PER"}]}, {"base_span": [2005, 2014], "annotations": [{"nertag": "I-PER"}]}, {"base_span": [2016, 2024], "annotations": [{"nertag": "O"}]}, {"base_span": [2024, 2025], "annotations": [{"nertag": "O"}]}]}]}