{"text": "Kohto ette astus Parila Kahmiju haki Jüri Kukers ja kaebas, et tema sahk on kahe aasta eest põllalt ära wärastud, nüüd kuulmisse järel kuulda saanud, et Kärbla walda, Hindreku Jüri Jewert kätte üks sahk wiidud, siis on senna waatama läinud leidnud, et oma sahk on. Siis küssinud: Kes selle saha siia tõi? Jüri Jewert öölnud: Parila Saueaugo Mihkel Pall tõi minnu juurde saha, pidi ta oma sahk ollema, kui mõni pidi tahtma osta, siis kästi ära müüa.\nSaueaugu Mihkel Pall kutsuti kohtu ette, ja küssiti:''Kas sina warastasid Kahmija hani Jüri Kukure Saha põllu pealt ära, ja wiisid Kärblasse? Mihkel Pall, ütles: Minna ollen seda kül teinud.\nSiis sai Jüri Kukers käest küssitud: Kas sa leppid Mihkel Palliga ärra, ja annad seda temmale andeks? Jüri Kukers wastas: Ma pallun, et tema omma warguse ülle saab trahwitud.\nKohtuotsus.\nMihkel Pall maksab Jüri Kukers kahjo ja kaima ette 4 rbl. J. Kukers'il ja peale seda 2 rbl Parila walla laeka.\nMihkel Pall maksis wälja ja olli rahul.\n\nKohtuwannem: Jaan Jaaks XXX\nKõrwamehed Jüri Jürjer XXX Jaan Lamp XXX\n\n", "meta": {"origin_directory": "vallakohus_esimene/"}, "layers": [{"name": "gold_ner", "attributes": ["nertag"], "parent": null, "enveloping": null, "ambiguous": false, "serialisation_module": null, "meta": {}, "spans": [{"base_span": [17, 23], "annotations": [{"nertag": "LOC_ORG"}]}, {"base_span": [24, 36], "annotations": [{"nertag": "MISC"}]}, {"base_span": [37, 48], "annotations": [{"nertag": "PER"}]}, {"base_span": [153, 165], "annotations": [{"nertag": "LOC_ORG"}]}, {"base_span": [167, 175], "annotations": [{"nertag": "LOC_ORG"}]}, {"base_span": [176, 187], "annotations": [{"nertag": "PER"}]}, {"base_span": [305, 316], "annotations": [{"nertag": "PER"}]}, {"base_span": [325, 331], "annotations": [{"nertag": "LOC_ORG"}]}, {"base_span": [332, 340], "annotations": [{"nertag": "LOC_ORG"}]}, {"base_span": [341, 352], "annotations": [{"nertag": "PER"}]}, {"base_span": [449, 457], "annotations": [{"nertag": "LOC_ORG"}]}, {"base_span": [458, 469], "annotations": [{"nertag": "PER"}]}, {"base_span": [523, 535], "annotations": [{"nertag": "MISC"}]}, {"base_span": [536, 547], "annotations": [{"nertag": "PER"}]}, {"base_span": [580, 589], "annotations": [{"nertag": "LOC"}]}, {"base_span": [591, 602], "annotations": [{"nertag": "PER"}]}, {"base_span": [649, 660], "annotations": [{"nertag": "PER"}]}, {"base_span": [691, 705], "annotations": [{"nertag": "PER"}]}, {"base_span": [742, 753], "annotations": [{"nertag": "PER"}]}, {"base_span": [827, 838], "annotations": [{"nertag": "PER"}]}, {"base_span": [846, 857], "annotations": [{"nertag": "PER"}]}, {"base_span": [885, 897], "annotations": [{"nertag": "PER"}]}, {"base_span": [918, 924], "annotations": [{"nertag": "LOC_ORG"}]}, {"base_span": [938, 949], "annotations": [{"nertag": "PER"}]}, {"base_span": [992, 1002], "annotations": [{"nertag": "PER"}]}, {"base_span": [1018, 1029], "annotations": [{"nertag": "PER"}]}, {"base_span": [1034, 1043], "annotations": [{"nertag": "PER"}]}]}, {"name": "gold_wordner", "attributes": ["nertag"], "parent": null, "enveloping": null, "ambiguous": false, "serialisation_module": null, "meta": {}, "spans": [{"base_span": [0, 5], "annotations": [{"nertag": "O"}]}, {"base_span": [6, 10], "annotations": [{"nertag": "O"}]}, {"base_span": [11, 16], "annotations": [{"nertag": "O"}]}, {"base_span": [17, 23], "annotations": [{"nertag": "B-LOC_ORG"}]}, {"base_span": [24, 31], "annotations": [{"nertag": "B-MISC"}]}, {"base_span": [32, 36], "annotations": [{"nertag": "I-MISC"}]}, {"base_span": [37, 41], "annotations": [{"nertag": "B-PER"}]}, {"base_span": [42, 48], "annotations": [{"nertag": "I-PER"}]}, {"base_span": [49, 51], "annotations": [{"nertag": "O"}]}, {"base_span": [52, 58], "annotations": [{"nertag": "O"}]}, {"base_span": [58, 59], "annotations": [{"nertag": "O"}]}, {"base_span": [60, 62], "annotations": [{"nertag": "O"}]}, {"base_span": [63, 67], "annotations": [{"nertag": "O"}]}, {"base_span": [68, 72], "annotations": [{"nertag": "O"}]}, {"base_span": [73, 75], "annotations": [{"nertag": "O"}]}, {"base_span": [76, 80], "annotations": [{"nertag": "O"}]}, {"base_span": [81, 86], "annotations": [{"nertag": "O"}]}, {"base_span": [87, 91], "annotations": [{"nertag": "O"}]}, {"base_span": [92, 99], "annotations": [{"nertag": "O"}]}, {"base_span": [100, 103], "annotations": [{"nertag": "O"}]}, {"base_span": [104, 112], "annotations": [{"nertag": "O"}]}, {"base_span": [112, 113], "annotations": [{"nertag": "O"}]}, {"base_span": [114, 118], "annotations": [{"nertag": "O"}]}, {"base_span": [119, 128], "annotations": [{"nertag": "O"}]}, {"base_span": [129, 134], "annotations": [{"nertag": "O"}]}, {"base_span": [135, 141], "annotations": [{"nertag": "O"}]}, {"base_span": [142, 148], "annotations": [{"nertag": "O"}]}, {"base_span": [148, 149], "annotations": [{"nertag": "O"}]}, {"base_span": [150, 152], "annotations": [{"nertag": "O"}]}, {"base_span": [153, 159], "annotations": [{"nertag": "B-LOC_ORG"}]}, {"base_span": [160, 165], "annotations": [{"nertag": "I-LOC_ORG"}]}, {"base_span": [165, 166], "annotations": [{"nertag": "O"}]}, {"base_span": [167, 175], "annotations": [{"nertag": "B-LOC_ORG"}]}, {"base_span": [176, 180], "annotations": [{"nertag": "B-PER"}]}, {"base_span": [181, 187], "annotations": [{"nertag": "I-PER"}]}, {"base_span": [188, 193], "annotations": [{"nertag": "O"}]}, {"base_span": [194, 197], "annotations": [{"nertag": "O"}]}, {"base_span": [198, 202], "annotations": [{"nertag": "O"}]}, {"base_span": [203, 209], "annotations": [{"nertag": "O"}]}, {"base_span": [209, 210], "annotations": [{"nertag": "O"}]}, {"base_span": [211, 215], "annotations": [{"nertag": "O"}]}, {"base_span": [216, 218], "annotations": [{"nertag": "O"}]}, {"base_span": [219, 224], "annotations": [{"nertag": "O"}]}, {"base_span": [225, 232], "annotations": [{"nertag": "O"}]}, {"base_span": [233, 239], "annotations": [{"nertag": "O"}]}, {"base_span": [240, 247], "annotations": [{"nertag": "O"}]}, {"base_span": [247, 248], "annotations": [{"nertag": "O"}]}, {"base_span": [249, 251], "annotations": [{"nertag": "O"}]}, {"base_span": [252, 255], "annotations": [{"nertag": "O"}]}, {"base_span": [256, 260], "annotations": [{"nertag": "O"}]}, {"base_span": [261, 263], "annotations": [{"nertag": "O"}]}, {"base_span": [263, 264], "annotations": [{"nertag": "O"}]}, {"base_span": [265, 269], "annotations": [{"nertag": "O"}]}, {"base_span": [270, 278], "annotations": [{"nertag": "O"}]}, {"base_span": [278, 279], "annotations": [{"nertag": "O"}]}, {"base_span": [280, 283], "annotations": [{"nertag": "O"}]}, {"base_span": [284, 289], "annotations": [{"nertag": "O"}]}, {"base_span": [290, 294], "annotations": [{"nertag": "O"}]}, {"base_span": [295, 299], "annotations": [{"nertag": "O"}]}, {"base_span": [300, 303], "annotations": [{"nertag": "O"}]}, {"base_span": [303, 304], "annotations": [{"nertag": "O"}]}, {"base_span": [305, 309], "annotations": [{"nertag": "B-PER"}]}, {"base_span": [310, 316], "annotations": [{"nertag": "I-PER"}]}, {"base_span": [317, 323], "annotations": [{"nertag": "O"}]}, {"base_span": [323, 324], "annotations": [{"nertag": "O"}]}, {"base_span": [325, 331], "annotations": [{"nertag": "B-LOC_ORG"}]}, {"base_span": [332, 340], "annotations": [{"nertag": "B-LOC_ORG"}]}, {"base_span": [341, 347], "annotations": [{"nertag": "B-PER"}]}, {"base_span": [348, 352], "annotations": [{"nertag": "I-PER"}]}, {"base_span": [353, 356], "annotations": [{"nertag": "O"}]}, {"base_span": [357, 362], "annotations": [{"nertag": "O"}]}, {"base_span": [363, 369], "annotations": [{"nertag": "O"}]}, {"base_span": [370, 374], "annotations": [{"nertag": "O"}]}, {"base_span": [374, 375], "annotations": [{"nertag": "O"}]}, {"base_span": [376, 380], "annotations": [{"nertag": "O"}]}, {"base_span": [381, 383], "annotations": [{"nertag": "O"}]}, {"base_span": [384, 387], "annotations": [{"nertag": "O"}]}, {"base_span": [388, 392], "annotations": [{"nertag": "O"}]}, {"base_span": [393, 399], "annotations": [{"nertag": "O"}]}, {"base_span": [399, 400], "annotations": [{"nertag": "O"}]}, {"base_span": [401, 404], "annotations": [{"nertag": "O"}]}, {"base_span": [405, 409], "annotations": [{"nertag": "O"}]}, {"base_span": [410, 414], "annotations": [{"nertag": "O"}]}, {"base_span": [415, 421], "annotations": [{"nertag": "O"}]}, {"base_span": [422, 426], "annotations": [{"nertag": "O"}]}, {"base_span": [426, 427], "annotations": [{"nertag": "O"}]}, {"base_span": [428, 432], "annotations": [{"nertag": "O"}]}, {"base_span": [433, 438], "annotations": [{"nertag": "O"}]}, {"base_span": [439, 442], "annotations": [{"nertag": "O"}]}, {"base_span": [443, 447], "annotations": [{"nertag": "O"}]}, {"base_span": [447, 448], "annotations": [{"nertag": "O"}]}, {"base_span": [449, 457], "annotations": [{"nertag": "B-LOC_ORG"}]}, {"base_span": [458, 464], "annotations": [{"nertag": "B-PER"}]}, {"base_span": [465, 469], "annotations": [{"nertag": "I-PER"}]}, {"base_span": [470, 477], "annotations": [{"nertag": "O"}]}, {"base_span": [478, 483], "annotations": [{"nertag": "O"}]}, {"base_span": [484, 488], "annotations": [{"nertag": "O"}]}, {"base_span": [488, 489], "annotations": [{"nertag": "O"}]}, {"base_span": [490, 492], "annotations": [{"nertag": "O"}]}, {"base_span": [493, 500], "annotations": [{"nertag": "O"}]}, {"base_span": [500, 501], "annotations": [{"nertag": "O"}]}, {"base_span": [501, 502], "annotations": [{"nertag": "O"}]}, {"base_span": [502, 503], "annotations": [{"nertag": "O"}]}, {"base_span": [503, 506], "annotations": [{"nertag": "O"}]}, {"base_span": [507, 511], "annotations": [{"nertag": "O"}]}, {"base_span": [512, 522], "annotations": [{"nertag": "O"}]}, {"base_span": [523, 530], "annotations": [{"nertag": "B-MISC"}]}, {"base_span": [531, 535], "annotations": [{"nertag": "I-MISC"}]}, {"base_span": [536, 540], "annotations": [{"nertag": "B-PER"}]}, {"base_span": [541, 547], "annotations": [{"nertag": "I-PER"}]}, {"base_span": [548, 552], "annotations": [{"nertag": "O"}]}, {"base_span": [553, 558], "annotations": [{"nertag": "O"}]}, {"base_span": [559, 564], "annotations": [{"nertag": "O"}]}, {"base_span": [565, 568], "annotations": [{"nertag": "O"}]}, {"base_span": [568, 569], "annotations": [{"nertag": "O"}]}, {"base_span": [570, 572], "annotations": [{"nertag": "O"}]}, {"base_span": [573, 579], "annotations": [{"nertag": "O"}]}, {"base_span": [580, 589], "annotations": [{"nertag": "B-LOC"}]}, {"base_span": [589, 590], "annotations": [{"nertag": "O"}]}, {"base_span": [591, 597], "annotations": [{"nertag": "B-PER"}]}, {"base_span": [598, 602], "annotations": [{"nertag": "I-PER"}]}, {"base_span": [602, 603], "annotations": [{"nertag": "O"}]}, {"base_span": [604, 609], "annotations": [{"nertag": "O"}]}, {"base_span": [609, 610], "annotations": [{"nertag": "O"}]}, {"base_span": [611, 616], "annotations": [{"nertag": "O"}]}, {"base_span": [617, 622], "annotations": [{"nertag": "O"}]}, {"base_span": [623, 627], "annotations": [{"nertag": "O"}]}, {"base_span": [628, 631], "annotations": [{"nertag": "O"}]}, {"base_span": [632, 638], "annotations": [{"nertag": "O"}]}, {"base_span": [638, 639], "annotations": [{"nertag": "O"}]}, {"base_span": [640, 644], "annotations": [{"nertag": "O"}]}, {"base_span": [645, 648], "annotations": [{"nertag": "O"}]}, {"base_span": [649, 653], "annotations": [{"nertag": "B-PER"}]}, {"base_span": [654, 660], "annotations": [{"nertag": "I-PER"}]}, {"base_span": [661, 666], "annotations": [{"nertag": "O"}]}, {"base_span": [667, 675], "annotations": [{"nertag": "O"}]}, {"base_span": [675, 676], "annotations": [{"nertag": "O"}]}, {"base_span": [677, 680], "annotations": [{"nertag": "O"}]}, {"base_span": [681, 683], "annotations": [{"nertag": "O"}]}, {"base_span": [684, 690], "annotations": [{"nertag": "O"}]}, {"base_span": [691, 697], "annotations": [{"nertag": "B-PER"}]}, {"base_span": [698, 705], "annotations": [{"nertag": "I-PER"}]}, {"base_span": [706, 710], "annotations": [{"nertag": "O"}]}, {"base_span": [710, 711], "annotations": [{"nertag": "O"}]}, {"base_span": [712, 714], "annotations": [{"nertag": "O"}]}, {"base_span": [715, 720], "annotations": [{"nertag": "O"}]}, {"base_span": [721, 725], "annotations": [{"nertag": "O"}]}, {"base_span": [726, 733], "annotations": [{"nertag": "O"}]}, {"base_span": [734, 740], "annotations": [{"nertag": "O"}]}, {"base_span": [740, 741], "annotations": [{"nertag": "O"}]}, {"base_span": [742, 746], "annotations": [{"nertag": "B-PER"}]}, {"base_span": [747, 753], "annotations": [{"nertag": "I-PER"}]}, {"base_span": [754, 760], "annotations": [{"nertag": "O"}]}, {"base_span": [760, 761], "annotations": [{"nertag": "O"}]}, {"base_span": [762, 764], "annotations": [{"nertag": "O"}]}, {"base_span": [765, 771], "annotations": [{"nertag": "O"}]}, {"base_span": [771, 772], "annotations": [{"nertag": "O"}]}, {"base_span": [773, 775], "annotations": [{"nertag": "O"}]}, {"base_span": [776, 780], "annotations": [{"nertag": "O"}]}, {"base_span": [781, 785], "annotations": [{"nertag": "O"}]}, {"base_span": [786, 793], "annotations": [{"nertag": "O"}]}, {"base_span": [794, 798], "annotations": [{"nertag": "O"}]}, {"base_span": [799, 803], "annotations": [{"nertag": "O"}]}, {"base_span": [804, 813], "annotations": [{"nertag": "O"}]}, {"base_span": [813, 814], "annotations": [{"nertag": "O"}]}, {"base_span": [815, 825], "annotations": [{"nertag": "O"}]}, {"base_span": [825, 826], "annotations": [{"nertag": "O"}]}, {"base_span": [827, 833], "annotations": [{"nertag": "B-PER"}]}, {"base_span": [834, 838], "annotations": [{"nertag": "I-PER"}]}, {"base_span": [839, 845], "annotations": [{"nertag": "O"}]}, {"base_span": [846, 850], "annotations": [{"nertag": "B-PER"}]}, {"base_span": [851, 857], "annotations": [{"nertag": "I-PER"}]}, {"base_span": [858, 863], "annotations": [{"nertag": "O"}]}, {"base_span": [864, 866], "annotations": [{"nertag": "O"}]}, {"base_span": [867, 872], "annotations": [{"nertag": "O"}]}, {"base_span": [873, 877], "annotations": [{"nertag": "O"}]}, {"base_span": [878, 879], "annotations": [{"nertag": "O"}]}, {"base_span": [880, 883], "annotations": [{"nertag": "O"}]}, {"base_span": [883, 884], "annotations": [{"nertag": "O"}]}, {"base_span": [885, 886], "annotations": [{"nertag": "B-PER"}]}, {"base_span": [886, 887], "annotations": [{"nertag": "I-PER"}]}, {"base_span": [888, 897], "annotations": [{"nertag": "I-PER"}]}, {"base_span": [898, 900], "annotations": [{"nertag": "O"}]}, {"base_span": [901, 906], "annotations": [{"nertag": "O"}]}, {"base_span": [907, 911], "annotations": [{"nertag": "O"}]}, {"base_span": [912, 913], "annotations": [{"nertag": "O"}]}, {"base_span": [914, 917], "annotations": [{"nertag": "O"}]}, {"base_span": [918, 924], "annotations": [{"nertag": "B-LOC_ORG"}]}, {"base_span": [925, 930], "annotations": [{"nertag": "O"}]}, {"base_span": [931, 936], "annotations": [{"nertag": "O"}]}, {"base_span": [936, 937], "annotations": [{"nertag": "O"}]}, {"base_span": [938, 944], "annotations": [{"nertag": "B-PER"}]}, {"base_span": [945, 949], "annotations": [{"nertag": "I-PER"}]}, {"base_span": [950, 956], "annotations": [{"nertag": "O"}]}, {"base_span": [957, 962], "annotations": [{"nertag": "O"}]}, {"base_span": [963, 965], "annotations": [{"nertag": "O"}]}, {"base_span": [966, 970], "annotations": [{"nertag": "O"}]}, {"base_span": [971, 976], "annotations": [{"nertag": "O"}]}, {"base_span": [976, 977], "annotations": [{"nertag": "O"}]}, {"base_span": [979, 990], "annotations": [{"nertag": "O"}]}, {"base_span": [990, 991], "annotations": [{"nertag": "O"}]}, {"base_span": [992, 996], "annotations": [{"nertag": "B-PER"}]}, {"base_span": [997, 1002], "annotations": [{"nertag": "I-PER"}]}, {"base_span": [1003, 1006], "annotations": [{"nertag": "O"}]}, {"base_span": [1007, 1017], "annotations": [{"nertag": "O"}]}, {"base_span": [1018, 1022], "annotations": [{"nertag": "B-PER"}]}, {"base_span": [1023, 1029], "annotations": [{"nertag": "I-PER"}]}, {"base_span": [1030, 1033], "annotations": [{"nertag": "O"}]}, {"base_span": [1034, 1038], "annotations": [{"nertag": "B-PER"}]}, {"base_span": [1039, 1043], "annotations": [{"nertag": "I-PER"}]}, {"base_span": [1044, 1047], "annotations": [{"nertag": "O"}]}]}]}