{"text": "\nTuhat kaheksasada üheksakümne kolmandamal aastal kolmekümnemal Mihkli k.p. tuliwad Kõrgesare kogukonna kohtusse Kustaw Mihkli p. Toos ja (Kreet) Madli Toos ja palusiwad kohut järgmist suusõnalist lepingut lepingute raamatusse üles wõtta.\n\n\"Mina , Kustaw Toos wõttan oma juure majasse oma poja Jakobi, kes nüid surnud on, naese Madli tema perega, nimelt kolme lapsega: Kustaw, Willem ja Kaarel ja tüttar Leenaga kes neljas on nii kaua aja peale, kunni meil õigekssaamine kestab ja et tüli ei tule ei minu poolt, ega Madli poolt ja et siis Madli Toos mulle riided parandab ja tarwilisel korral uued muretseb. Kui ta seda kõik korralikult täidab, siis luban mina kõiki minust järele jäänud warandust poja poegadele ja tütrele senna sega maja arwates.\n\nPraegu ja niisamma ka edes pidisel ajal, kui mull weel terwis on, tahan ma igas asjas toimetaja ja töötegija olla, niisamma nõuan ma ka seda Madli Toos poolt.\n\nSelle lepingu mõlemalt poolt täitmise tõenduseks anname meie omad allkirjad\n\nKustaw Toos ei oska kirja, kirjutas tema palwe peale \n\nMihkel Kattel [allkiri]\n\nMadli Toos [allkiri]\n\nSelle kauba lepingus nimetud inimesed on kogukonna kohtule palelikult tuntud ja kõik õiguse omanduslikud antide tegemise juures, mis Kõrgesare kogukonna kohus omma allkirjaga tunnistab\n\nSõna \"Kreet\", mis klamrites on kuuendama wiira peal mitte õigeks, ega tähenduslikuks lugeda.\n\n\n", "meta": {"origin_directory": "vallakohus_neljas/"}, "layers": [{"name": "gold_ner", "attributes": ["nertag"], "parent": null, "enveloping": null, "ambiguous": false, "serialisation_module": null, "meta": {}, "spans": [{"base_span": [84, 112], "annotations": [{"nertag": "ORG"}]}, {"base_span": [113, 134], "annotations": [{"nertag": "PER"}]}, {"base_span": [139, 144], "annotations": [{"nertag": "PER"}]}, {"base_span": [146, 156], "annotations": [{"nertag": "PER"}]}, {"base_span": [248, 259], "annotations": [{"nertag": "PER"}]}, {"base_span": [294, 300], "annotations": [{"nertag": "PER"}]}, {"base_span": [328, 333], "annotations": [{"nertag": "PER"}]}, {"base_span": [369, 375], "annotations": [{"nertag": "PER"}]}, {"base_span": [377, 383], "annotations": [{"nertag": "PER"}]}, {"base_span": [387, 393], "annotations": [{"nertag": "PER"}]}, {"base_span": [404, 411], "annotations": [{"nertag": "PER"}]}, {"base_span": [516, 521], "annotations": [{"nertag": "PER"}]}, {"base_span": [539, 549], "annotations": [{"nertag": "PER"}]}, {"base_span": [891, 901], "annotations": [{"nertag": "PER"}]}, {"base_span": [987, 998], "annotations": [{"nertag": "PER"}]}, {"base_span": [1042, 1055], "annotations": [{"nertag": "PER"}]}, {"base_span": [1067, 1077], "annotations": [{"nertag": "PER"}]}, {"base_span": [1222, 1247], "annotations": [{"nertag": "ORG"}]}, {"base_span": [1281, 1286], "annotations": [{"nertag": "PER"}]}]}, {"name": "gold_wordner", "attributes": ["nertag"], "parent": null, "enveloping": null, "ambiguous": false, "serialisation_module": null, "meta": {}, "spans": [{"base_span": [1, 6], "annotations": [{"nertag": "O"}]}, {"base_span": [7, 18], "annotations": [{"nertag": "O"}]}, {"base_span": [19, 30], "annotations": [{"nertag": "O"}]}, {"base_span": [31, 42], "annotations": [{"nertag": "O"}]}, {"base_span": [43, 49], "annotations": [{"nertag": "O"}]}, {"base_span": [50, 63], "annotations": [{"nertag": "O"}]}, {"base_span": [64, 70], "annotations": [{"nertag": "O"}]}, {"base_span": [71, 72], "annotations": [{"nertag": "O"}]}, {"base_span": [72, 73], "annotations": [{"nertag": "O"}]}, {"base_span": [73, 74], "annotations": [{"nertag": "O"}]}, {"base_span": [74, 75], "annotations": [{"nertag": "O"}]}, {"base_span": [76, 83], "annotations": [{"nertag": "O"}]}, {"base_span": [84, 93], "annotations": [{"nertag": "B-ORG"}]}, {"base_span": [94, 103], "annotations": [{"nertag": "I-ORG"}]}, {"base_span": [104, 112], "annotations": [{"nertag": "I-ORG"}]}, {"base_span": [113, 119], "annotations": [{"nertag": "B-PER"}]}, {"base_span": [120, 126], "annotations": [{"nertag": "I-PER"}]}, {"base_span": [127, 128], "annotations": [{"nertag": "I-PER"}]}, {"base_span": [128, 129], "annotations": [{"nertag": "I-PER"}]}, {"base_span": [130, 134], "annotations": [{"nertag": "I-PER"}]}, {"base_span": [135, 137], "annotations": [{"nertag": "O"}]}, {"base_span": [138, 139], "annotations": [{"nertag": "O"}]}, {"base_span": [139, 144], "annotations": [{"nertag": "B-PER"}]}, {"base_span": [144, 145], "annotations": [{"nertag": "O"}]}, {"base_span": [146, 151], "annotations": [{"nertag": "B-PER"}]}, {"base_span": [152, 156], "annotations": [{"nertag": "I-PER"}]}, {"base_span": [157, 159], "annotations": [{"nertag": "O"}]}, {"base_span": [160, 169], "annotations": [{"nertag": "O"}]}, {"base_span": [170, 175], "annotations": [{"nertag": "O"}]}, {"base_span": [176, 184], "annotations": [{"nertag": "O"}]}, {"base_span": [185, 196], "annotations": [{"nertag": "O"}]}, {"base_span": [197, 205], "annotations": [{"nertag": "O"}]}, {"base_span": [206, 215], "annotations": [{"nertag": "O"}]}, {"base_span": [216, 226], "annotations": [{"nertag": "O"}]}, {"base_span": [227, 231], "annotations": [{"nertag": "O"}]}, {"base_span": [232, 237], "annotations": [{"nertag": "O"}]}, {"base_span": [237, 238], "annotations": [{"nertag": "O"}]}, {"base_span": [240, 241], "annotations": [{"nertag": "O"}]}, {"base_span": [241, 245], "annotations": [{"nertag": "O"}]}, {"base_span": [246, 247], "annotations": [{"nertag": "O"}]}, {"base_span": [248, 254], "annotations": [{"nertag": "B-PER"}]}, {"base_span": [255, 259], "annotations": [{"nertag": "I-PER"}]}, {"base_span": [260, 266], "annotations": [{"nertag": "O"}]}, {"base_span": [267, 270], "annotations": [{"nertag": "O"}]}, {"base_span": [271, 276], "annotations": [{"nertag": "O"}]}, {"base_span": [277, 284], "annotations": [{"nertag": "O"}]}, {"base_span": [285, 288], "annotations": [{"nertag": "O"}]}, {"base_span": [289, 293], "annotations": [{"nertag": "O"}]}, {"base_span": [294, 300], "annotations": [{"nertag": "B-PER"}]}, {"base_span": [300, 301], "annotations": [{"nertag": "O"}]}, {"base_span": [302, 305], "annotations": [{"nertag": "O"}]}, {"base_span": [306, 310], "annotations": [{"nertag": "O"}]}, {"base_span": [311, 317], "annotations": [{"nertag": "O"}]}, {"base_span": [318, 320], "annotations": [{"nertag": "O"}]}, {"base_span": [320, 321], "annotations": [{"nertag": "O"}]}, {"base_span": [322, 327], "annotations": [{"nertag": "O"}]}, {"base_span": [328, 333], "annotations": [{"nertag": "B-PER"}]}, {"base_span": [334, 338], "annotations": [{"nertag": "O"}]}, {"base_span": [339, 345], "annotations": [{"nertag": "O"}]}, {"base_span": [345, 346], "annotations": [{"nertag": "O"}]}, {"base_span": [347, 353], "annotations": [{"nertag": "O"}]}, {"base_span": [354, 359], "annotations": [{"nertag": "O"}]}, {"base_span": [360, 367], "annotations": [{"nertag": "O"}]}, {"base_span": [367, 368], "annotations": [{"nertag": "O"}]}, {"base_span": [369, 375], "annotations": [{"nertag": "B-PER"}]}, {"base_span": [375, 376], "annotations": [{"nertag": "O"}]}, {"base_span": [377, 383], "annotations": [{"nertag": "B-PER"}]}, {"base_span": [384, 386], "annotations": [{"nertag": "O"}]}, {"base_span": [387, 393], "annotations": [{"nertag": "B-PER"}]}, {"base_span": [394, 396], "annotations": [{"nertag": "O"}]}, {"base_span": [397, 403], "annotations": [{"nertag": "O"}]}, {"base_span": [404, 411], "annotations": [{"nertag": "B-PER"}]}, {"base_span": [412, 415], "annotations": [{"nertag": "O"}]}, {"base_span": [416, 422], "annotations": [{"nertag": "O"}]}, {"base_span": [423, 425], "annotations": [{"nertag": "O"}]}, {"base_span": [426, 429], "annotations": [{"nertag": "O"}]}, {"base_span": [430, 434], "annotations": [{"nertag": "O"}]}, {"base_span": [435, 438], "annotations": [{"nertag": "O"}]}, {"base_span": [439, 444], "annotations": [{"nertag": "O"}]}, {"base_span": [444, 445], "annotations": [{"nertag": "O"}]}, {"base_span": [446, 451], "annotations": [{"nertag": "O"}]}, {"base_span": [452, 456], "annotations": [{"nertag": "O"}]}, {"base_span": [457, 470], "annotations": [{"nertag": "O"}]}, {"base_span": [471, 477], "annotations": [{"nertag": "O"}]}, {"base_span": [478, 480], "annotations": [{"nertag": "O"}]}, {"base_span": [481, 483], "annotations": [{"nertag": "O"}]}, {"base_span": [484, 488], "annotations": [{"nertag": "O"}]}, {"base_span": [489, 491], "annotations": [{"nertag": "O"}]}, {"base_span": [492, 496], "annotations": [{"nertag": "O"}]}, {"base_span": [497, 499], "annotations": [{"nertag": "O"}]}, {"base_span": [500, 504], "annotations": [{"nertag": "O"}]}, {"base_span": [505, 510], "annotations": [{"nertag": "O"}]}, {"base_span": [510, 511], "annotations": [{"nertag": "O"}]}, {"base_span": [512, 515], "annotations": [{"nertag": "O"}]}, {"base_span": [516, 521], "annotations": [{"nertag": "B-PER"}]}, {"base_span": [522, 527], "annotations": [{"nertag": "O"}]}, {"base_span": [528, 530], "annotations": [{"nertag": "O"}]}, {"base_span": [531, 533], "annotations": [{"nertag": "O"}]}, {"base_span": [534, 538], "annotations": [{"nertag": "O"}]}, {"base_span": [539, 544], "annotations": [{"nertag": "B-PER"}]}, {"base_span": [545, 549], "annotations": [{"nertag": "I-PER"}]}, {"base_span": [550, 555], "annotations": [{"nertag": "O"}]}, {"base_span": [556, 562], "annotations": [{"nertag": "O"}]}, {"base_span": [563, 571], "annotations": [{"nertag": "O"}]}, {"base_span": [572, 574], "annotations": [{"nertag": "O"}]}, {"base_span": [575, 585], "annotations": [{"nertag": "O"}]}, {"base_span": [586, 592], "annotations": [{"nertag": "O"}]}, {"base_span": [593, 597], "annotations": [{"nertag": "O"}]}, {"base_span": [598, 606], "annotations": [{"nertag": "O"}]}, {"base_span": [606, 607], "annotations": [{"nertag": "O"}]}, {"base_span": [608, 611], "annotations": [{"nertag": "O"}]}, {"base_span": [612, 614], "annotations": [{"nertag": "O"}]}, {"base_span": [615, 619], "annotations": [{"nertag": "O"}]}, {"base_span": [620, 624], "annotations": [{"nertag": "O"}]}, {"base_span": [625, 636], "annotations": [{"nertag": "O"}]}, {"base_span": [637, 643], "annotations": [{"nertag": "O"}]}, {"base_span": [643, 644], "annotations": [{"nertag": "O"}]}, {"base_span": [645, 649], "annotations": [{"nertag": "O"}]}, {"base_span": [650, 655], "annotations": [{"nertag": "O"}]}, {"base_span": [656, 660], "annotations": [{"nertag": "O"}]}, {"base_span": [661, 666], "annotations": [{"nertag": "O"}]}, {"base_span": [667, 673], "annotations": [{"nertag": "O"}]}, {"base_span": [674, 680], "annotations": [{"nertag": "O"}]}, {"base_span": [681, 687], "annotations": [{"nertag": "O"}]}, {"base_span": [688, 697], "annotations": [{"nertag": "O"}]}, {"base_span": [698, 702], "annotations": [{"nertag": "O"}]}, {"base_span": [703, 712], "annotations": [{"nertag": "O"}]}, {"base_span": [713, 715], "annotations": [{"nertag": "O"}]}, {"base_span": [716, 723], "annotations": [{"nertag": "O"}]}, {"base_span": [724, 729], "annotations": [{"nertag": "O"}]}, {"base_span": [730, 734], "annotations": [{"nertag": "O"}]}, {"base_span": [735, 739], "annotations": [{"nertag": "O"}]}, {"base_span": [740, 747], "annotations": [{"nertag": "O"}]}, {"base_span": [747, 748], "annotations": [{"nertag": "O"}]}, {"base_span": [750, 756], "annotations": [{"nertag": "O"}]}, {"base_span": [757, 759], "annotations": [{"nertag": "O"}]}, {"base_span": [760, 768], "annotations": [{"nertag": "O"}]}, {"base_span": [769, 771], "annotations": [{"nertag": "O"}]}, {"base_span": [772, 776], "annotations": [{"nertag": "O"}]}, {"base_span": [777, 784], "annotations": [{"nertag": "O"}]}, {"base_span": [785, 789], "annotations": [{"nertag": "O"}]}, {"base_span": [789, 790], "annotations": [{"nertag": "O"}]}, {"base_span": [791, 794], "annotations": [{"nertag": "O"}]}, {"base_span": [795, 799], "annotations": [{"nertag": "O"}]}, {"base_span": [800, 804], "annotations": [{"nertag": "O"}]}, {"base_span": [805, 811], "annotations": [{"nertag": "O"}]}, {"base_span": [812, 814], "annotations": [{"nertag": "O"}]}, {"base_span": [814, 815], "annotations": [{"nertag": "O"}]}, {"base_span": [816, 821], "annotations": [{"nertag": "O"}]}, {"base_span": [822, 824], "annotations": [{"nertag": "O"}]}, {"base_span": [825, 829], "annotations": [{"nertag": "O"}]}, {"base_span": [830, 835], "annotations": [{"nertag": "O"}]}, {"base_span": [836, 845], "annotations": [{"nertag": "O"}]}, {"base_span": [846, 848], "annotations": [{"nertag": "O"}]}, {"base_span": [849, 858], "annotations": [{"nertag": "O"}]}, {"base_span": [859, 863], "annotations": [{"nertag": "O"}]}, {"base_span": [863, 864], "annotations": [{"nertag": "O"}]}, {"base_span": [865, 873], "annotations": [{"nertag": "O"}]}, {"base_span": [874, 879], "annotations": [{"nertag": "O"}]}, {"base_span": [880, 882], "annotations": [{"nertag": "O"}]}, {"base_span": [883, 885], "annotations": [{"nertag": "O"}]}, {"base_span": [886, 890], "annotations": [{"nertag": "O"}]}, {"base_span": [891, 896], "annotations": [{"nertag": "B-PER"}]}, {"base_span": [897, 901], "annotations": [{"nertag": "I-PER"}]}, {"base_span": [902, 907], "annotations": [{"nertag": "O"}]}, {"base_span": [907, 908], "annotations": [{"nertag": "O"}]}, {"base_span": [910, 915], "annotations": [{"nertag": "O"}]}, {"base_span": [916, 923], "annotations": [{"nertag": "O"}]}, {"base_span": [924, 932], "annotations": [{"nertag": "O"}]}, {"base_span": [933, 938], "annotations": [{"nertag": "O"}]}, {"base_span": [939, 947], "annotations": [{"nertag": "O"}]}, {"base_span": [948, 958], "annotations": [{"nertag": "O"}]}, {"base_span": [959, 965], "annotations": [{"nertag": "O"}]}, {"base_span": [966, 970], "annotations": [{"nertag": "O"}]}, {"base_span": [971, 975], "annotations": [{"nertag": "O"}]}, {"base_span": [976, 985], "annotations": [{"nertag": "O"}]}, {"base_span": [987, 993], "annotations": [{"nertag": "B-PER"}]}, {"base_span": [994, 998], "annotations": [{"nertag": "I-PER"}]}, {"base_span": [999, 1001], "annotations": [{"nertag": "O"}]}, {"base_span": [1002, 1006], "annotations": [{"nertag": "O"}]}, {"base_span": [1007, 1012], "annotations": [{"nertag": "O"}]}, {"base_span": [1012, 1013], "annotations": [{"nertag": "O"}]}, {"base_span": [1014, 1022], "annotations": [{"nertag": "O"}]}, {"base_span": [1023, 1027], "annotations": [{"nertag": "O"}]}, {"base_span": [1028, 1033], "annotations": [{"nertag": "O"}]}, {"base_span": [1034, 1039], "annotations": [{"nertag": "O"}]}, {"base_span": [1042, 1048], "annotations": [{"nertag": "B-PER"}]}, {"base_span": [1049, 1055], "annotations": [{"nertag": "I-PER"}]}, {"base_span": [1056, 1057], "annotations": [{"nertag": "O"}]}, {"base_span": [1057, 1064], "annotations": [{"nertag": "O"}]}, {"base_span": [1064, 1065], "annotations": [{"nertag": "O"}]}, {"base_span": [1067, 1072], "annotations": [{"nertag": "B-PER"}]}, {"base_span": [1073, 1077], "annotations": [{"nertag": "I-PER"}]}, {"base_span": [1078, 1079], "annotations": [{"nertag": "O"}]}, {"base_span": [1079, 1086], "annotations": [{"nertag": "O"}]}, {"base_span": [1086, 1087], "annotations": [{"nertag": "O"}]}, {"base_span": [1089, 1094], "annotations": [{"nertag": "O"}]}, {"base_span": [1095, 1100], "annotations": [{"nertag": "O"}]}, {"base_span": [1101, 1109], "annotations": [{"nertag": "O"}]}, {"base_span": [1110, 1117], "annotations": [{"nertag": "O"}]}, {"base_span": [1118, 1126], "annotations": [{"nertag": "O"}]}, {"base_span": [1127, 1129], "annotations": [{"nertag": "O"}]}, {"base_span": [1130, 1139], "annotations": [{"nertag": "O"}]}, {"base_span": [1140, 1147], "annotations": [{"nertag": "O"}]}, {"base_span": [1148, 1158], "annotations": [{"nertag": "O"}]}, {"base_span": [1159, 1165], "annotations": [{"nertag": "O"}]}, {"base_span": [1166, 1168], "annotations": [{"nertag": "O"}]}, {"base_span": [1169, 1173], "annotations": [{"nertag": "O"}]}, {"base_span": [1174, 1180], "annotations": [{"nertag": "O"}]}, {"base_span": [1181, 1193], "annotations": [{"nertag": "O"}]}, {"base_span": [1194, 1200], "annotations": [{"nertag": "O"}]}, {"base_span": [1201, 1209], "annotations": [{"nertag": "O"}]}, {"base_span": [1210, 1216], "annotations": [{"nertag": "O"}]}, {"base_span": [1216, 1217], "annotations": [{"nertag": "O"}]}, {"base_span": [1218, 1221], "annotations": [{"nertag": "O"}]}, {"base_span": [1222, 1231], "annotations": [{"nertag": "B-ORG"}]}, {"base_span": [1232, 1241], "annotations": [{"nertag": "I-ORG"}]}, {"base_span": [1242, 1247], "annotations": [{"nertag": "I-ORG"}]}, {"base_span": [1248, 1252], "annotations": [{"nertag": "O"}]}, {"base_span": [1253, 1263], "annotations": [{"nertag": "O"}]}, {"base_span": [1264, 1273], "annotations": [{"nertag": "O"}]}, {"base_span": [1275, 1279], "annotations": [{"nertag": "O"}]}, {"base_span": [1280, 1281], "annotations": [{"nertag": "O"}]}, {"base_span": [1281, 1286], "annotations": [{"nertag": "B-PER"}]}, {"base_span": [1286, 1287], "annotations": [{"nertag": "O"}]}, {"base_span": [1287, 1288], "annotations": [{"nertag": "O"}]}, {"base_span": [1289, 1292], "annotations": [{"nertag": "O"}]}, {"base_span": [1293, 1302], "annotations": [{"nertag": "O"}]}, {"base_span": [1303, 1305], "annotations": [{"nertag": "O"}]}, {"base_span": [1306, 1315], "annotations": [{"nertag": "O"}]}, {"base_span": [1316, 1321], "annotations": [{"nertag": "O"}]}, {"base_span": [1322, 1326], "annotations": [{"nertag": "O"}]}, {"base_span": [1327, 1332], "annotations": [{"nertag": "O"}]}, {"base_span": [1333, 1339], "annotations": [{"nertag": "O"}]}, {"base_span": [1339, 1340], "annotations": [{"nertag": "O"}]}, {"base_span": [1341, 1344], "annotations": [{"nertag": "O"}]}, {"base_span": [1345, 1359], "annotations": [{"nertag": "O"}]}, {"base_span": [1360, 1366], "annotations": [{"nertag": "O"}]}, {"base_span": [1366, 1367], "annotations": [{"nertag": "O"}]}]}]}