{"text": "\nSauendi Rukki põllust laskis Ollender Mathiseni Issand,Kalmo Jürri obbone,kis rukkis sönud ja wähhertanud,ja oese rukkis magganud ollid,Sauendi karja aeda kinni ajuda,seniks kui selle obbusse perremees moisas käinud ja sedda trahwi,mis Keisrilik Kihhelkonna Kohhus moistnud,5 Rbl:B Ars:ühhe sure lojosse eest maksnud,ja üks kirri wõtnud olleks,et se trahw makstud on,et temma omma obbone woib kätte sada.Kalmo Jann ei olle mette sedda teinud,waid on sallaja Sauendi karja aeda läinud,ning omma obbone wälja warrastanud.Weel on siin tähhele panna,et nimmetud Jani Naisele käsk antud,et temma ennese obbone peaks ärra wiima,sest et se obbone ülle Sauendi kiwwi aja on tahtnud wälja üppata,ja ka kord ülle aja üppata on katsnud,se naine ei olle sedda käsko mette kulnud,ei ka obbust mette õhto ärra winud.\n\nSest et kihhelkonna kohhus Tulli Joopile ühhe nenda suggusse Süi eest 8 Rbl:B: trahwi on moistnud,sellepärrast sai ka Kalmo Janil 2 Rbl:28  4/7 Kopp.hõbbedat trahwiks peale pantud,ja maksis sedda Walla laeka.\n\nKihno moisas 23dal Jürri ku päewal 1843\n\nMoisa wallitsusse Nimmel Kohto wannem Arwi Allik,abbimees Enn Türk,Hans Allas\n\n\n", "meta": {"origin_directory": "vallakohus_kolmas/"}, "layers": [{"name": "gold_ner", "attributes": ["nertag"], "parent": null, "enveloping": null, "ambiguous": false, "serialisation_module": null, "meta": {}, "spans": [{"base_span": [1, 22], "annotations": [{"nertag": "LOC"}]}, {"base_span": [39, 48], "annotations": [{"nertag": "PER"}]}, {"base_span": [56, 61], "annotations": [{"nertag": "LOC_ORG"}]}, {"base_span": [62, 67], "annotations": [{"nertag": "PER"}]}, {"base_span": [137, 155], "annotations": [{"nertag": "LOC"}]}, {"base_span": [405, 410], "annotations": [{"nertag": "LOC_ORG"}]}, {"base_span": [411, 415], "annotations": [{"nertag": "PER"}]}, {"base_span": [459, 477], "annotations": [{"nertag": "LOC"}]}, {"base_span": [559, 563], "annotations": [{"nertag": "PER"}]}, {"base_span": [646, 653], "annotations": [{"nertag": "LOC"}]}, {"base_span": [832, 837], "annotations": [{"nertag": "LOC_ORG"}]}, {"base_span": [838, 845], "annotations": [{"nertag": "PER"}]}, {"base_span": [923, 928], "annotations": [{"nertag": "LOC_ORG"}]}, {"base_span": [929, 934], "annotations": [{"nertag": "PER"}]}, {"base_span": [1015, 1027], "annotations": [{"nertag": "LOC_ORG"}]}, {"base_span": [1094, 1104], "annotations": [{"nertag": "PER"}]}, {"base_span": [1114, 1122], "annotations": [{"nertag": "PER"}]}, {"base_span": [1123, 1133], "annotations": [{"nertag": "PER"}]}]}, {"name": "gold_wordner", "attributes": ["nertag"], "parent": null, "enveloping": null, "ambiguous": false, "serialisation_module": null, "meta": {}, "spans": [{"base_span": [1, 8], "annotations": [{"nertag": "B-LOC"}]}, {"base_span": [9, 14], "annotations": [{"nertag": "I-LOC"}]}, {"base_span": [15, 22], "annotations": [{"nertag": "I-LOC"}]}, {"base_span": [23, 29], "annotations": [{"nertag": "O"}]}, {"base_span": [30, 38], "annotations": [{"nertag": "O"}]}, {"base_span": [39, 48], "annotations": [{"nertag": "B-PER"}]}, {"base_span": [49, 55], "annotations": [{"nertag": "O"}]}, {"base_span": [55, 56], "annotations": [{"nertag": "O"}]}, {"base_span": [56, 61], "annotations": [{"nertag": "B-LOC_ORG"}]}, {"base_span": [62, 67], "annotations": [{"nertag": "B-PER"}]}, {"base_span": [68, 74], "annotations": [{"nertag": "O"}]}, {"base_span": [74, 75], "annotations": [{"nertag": "O"}]}, {"base_span": [75, 78], "annotations": [{"nertag": "O"}]}, {"base_span": [79, 85], "annotations": [{"nertag": "O"}]}, {"base_span": [86, 91], "annotations": [{"nertag": "O"}]}, {"base_span": [92, 94], "annotations": [{"nertag": "O"}]}, {"base_span": [95, 106], "annotations": [{"nertag": "O"}]}, {"base_span": [106, 107], "annotations": [{"nertag": "O"}]}, {"base_span": [107, 109], "annotations": [{"nertag": "O"}]}, {"base_span": [110, 114], "annotations": [{"nertag": "O"}]}, {"base_span": [115, 121], "annotations": [{"nertag": "O"}]}, {"base_span": [122, 130], "annotations": [{"nertag": "O"}]}, {"base_span": [131, 136], "annotations": [{"nertag": "O"}]}, {"base_span": [136, 137], "annotations": [{"nertag": "O"}]}, {"base_span": [137, 144], "annotations": [{"nertag": "B-LOC"}]}, {"base_span": [145, 150], "annotations": [{"nertag": "I-LOC"}]}, {"base_span": [151, 155], "annotations": [{"nertag": "I-LOC"}]}, {"base_span": [156, 161], "annotations": [{"nertag": "O"}]}, {"base_span": [162, 167], "annotations": [{"nertag": "O"}]}, {"base_span": [167, 168], "annotations": [{"nertag": "O"}]}, {"base_span": [168, 174], "annotations": [{"nertag": "O"}]}, {"base_span": [175, 178], "annotations": [{"nertag": "O"}]}, {"base_span": [179, 184], "annotations": [{"nertag": "O"}]}, {"base_span": [185, 192], "annotations": [{"nertag": "O"}]}, {"base_span": [193, 202], "annotations": [{"nertag": "O"}]}, {"base_span": [203, 209], "annotations": [{"nertag": "O"}]}, {"base_span": [210, 216], "annotations": [{"nertag": "O"}]}, {"base_span": [217, 219], "annotations": [{"nertag": "O"}]}, {"base_span": [220, 225], "annotations": [{"nertag": "O"}]}, {"base_span": [226, 232], "annotations": [{"nertag": "O"}]}, {"base_span": [232, 233], "annotations": [{"nertag": "O"}]}, {"base_span": [233, 236], "annotations": [{"nertag": "O"}]}, {"base_span": [237, 246], "annotations": [{"nertag": "O"}]}, {"base_span": [247, 258], "annotations": [{"nertag": "O"}]}, {"base_span": [259, 265], "annotations": [{"nertag": "O"}]}, {"base_span": [266, 274], "annotations": [{"nertag": "O"}]}, {"base_span": [274, 275], "annotations": [{"nertag": "O"}]}, {"base_span": [275, 276], "annotations": [{"nertag": "O"}]}, {"base_span": [277, 280], "annotations": [{"nertag": "O"}]}, {"base_span": [280, 281], "annotations": [{"nertag": "O"}]}, {"base_span": [281, 282], "annotations": [{"nertag": "O"}]}, {"base_span": [283, 286], "annotations": [{"nertag": "O"}]}, {"base_span": [286, 287], "annotations": [{"nertag": "O"}]}, {"base_span": [287, 291], "annotations": [{"nertag": "O"}]}, {"base_span": [292, 296], "annotations": [{"nertag": "O"}]}, {"base_span": [297, 304], "annotations": [{"nertag": "O"}]}, {"base_span": [305, 309], "annotations": [{"nertag": "O"}]}, {"base_span": [310, 317], "annotations": [{"nertag": "O"}]}, {"base_span": [317, 318], "annotations": [{"nertag": "O"}]}, {"base_span": [318, 320], "annotations": [{"nertag": "O"}]}, {"base_span": [321, 324], "annotations": [{"nertag": "O"}]}, {"base_span": [325, 330], "annotations": [{"nertag": "O"}]}, {"base_span": [331, 337], "annotations": [{"nertag": "O"}]}, {"base_span": [338, 344], "annotations": [{"nertag": "O"}]}, {"base_span": [344, 345], "annotations": [{"nertag": "O"}]}, {"base_span": [345, 347], "annotations": [{"nertag": "O"}]}, {"base_span": [348, 350], "annotations": [{"nertag": "O"}]}, {"base_span": [351, 356], "annotations": [{"nertag": "O"}]}, {"base_span": [357, 364], "annotations": [{"nertag": "O"}]}, {"base_span": [365, 367], "annotations": [{"nertag": "O"}]}, {"base_span": [367, 368], "annotations": [{"nertag": "O"}]}, {"base_span": [368, 370], "annotations": [{"nertag": "O"}]}, {"base_span": [371, 376], "annotations": [{"nertag": "O"}]}, {"base_span": [377, 381], "annotations": [{"nertag": "O"}]}, {"base_span": [382, 388], "annotations": [{"nertag": "O"}]}, {"base_span": [389, 393], "annotations": [{"nertag": "O"}]}, {"base_span": [394, 399], "annotations": [{"nertag": "O"}]}, {"base_span": [400, 404], "annotations": [{"nertag": "O"}]}, {"base_span": [404, 405], "annotations": [{"nertag": "O"}]}, {"base_span": [405, 410], "annotations": [{"nertag": "B-LOC_ORG"}]}, {"base_span": [411, 415], "annotations": [{"nertag": "B-PER"}]}, {"base_span": [416, 418], "annotations": [{"nertag": "O"}]}, {"base_span": [419, 423], "annotations": [{"nertag": "O"}]}, {"base_span": [424, 429], "annotations": [{"nertag": "O"}]}, {"base_span": [430, 435], "annotations": [{"nertag": "O"}]}, {"base_span": [436, 442], "annotations": [{"nertag": "O"}]}, {"base_span": [442, 443], "annotations": [{"nertag": "O"}]}, {"base_span": [443, 447], "annotations": [{"nertag": "O"}]}, {"base_span": [448, 450], "annotations": [{"nertag": "O"}]}, {"base_span": [451, 458], "annotations": [{"nertag": "O"}]}, {"base_span": [459, 466], "annotations": [{"nertag": "B-LOC"}]}, {"base_span": [467, 472], "annotations": [{"nertag": "I-LOC"}]}, {"base_span": [473, 477], "annotations": [{"nertag": "I-LOC"}]}, {"base_span": [478, 484], "annotations": [{"nertag": "O"}]}, {"base_span": [484, 485], "annotations": [{"nertag": "O"}]}, {"base_span": [485, 489], "annotations": [{"nertag": "O"}]}, {"base_span": [490, 494], "annotations": [{"nertag": "O"}]}, {"base_span": [495, 501], "annotations": [{"nertag": "O"}]}, {"base_span": [502, 507], "annotations": [{"nertag": "O"}]}, {"base_span": [508, 519], "annotations": [{"nertag": "O"}]}, {"base_span": [519, 520], "annotations": [{"nertag": "O"}]}, {"base_span": [520, 524], "annotations": [{"nertag": "O"}]}, {"base_span": [525, 527], "annotations": [{"nertag": "O"}]}, {"base_span": [528, 532], "annotations": [{"nertag": "O"}]}, {"base_span": [533, 540], "annotations": [{"nertag": "O"}]}, {"base_span": [541, 546], "annotations": [{"nertag": "O"}]}, {"base_span": [546, 547], "annotations": [{"nertag": "O"}]}, {"base_span": [547, 549], "annotations": [{"nertag": "O"}]}, {"base_span": [550, 558], "annotations": [{"nertag": "O"}]}, {"base_span": [559, 563], "annotations": [{"nertag": "B-PER"}]}, {"base_span": [564, 571], "annotations": [{"nertag": "O"}]}, {"base_span": [572, 576], "annotations": [{"nertag": "O"}]}, {"base_span": [577, 582], "annotations": [{"nertag": "O"}]}, {"base_span": [582, 583], "annotations": [{"nertag": "O"}]}, {"base_span": [583, 585], "annotations": [{"nertag": "O"}]}, {"base_span": [586, 591], "annotations": [{"nertag": "O"}]}, {"base_span": [592, 598], "annotations": [{"nertag": "O"}]}, {"base_span": [599, 605], "annotations": [{"nertag": "O"}]}, {"base_span": [606, 611], "annotations": [{"nertag": "O"}]}, {"base_span": [612, 616], "annotations": [{"nertag": "O"}]}, {"base_span": [617, 622], "annotations": [{"nertag": "O"}]}, {"base_span": [622, 623], "annotations": [{"nertag": "O"}]}, {"base_span": [623, 627], "annotations": [{"nertag": "O"}]}, {"base_span": [628, 630], "annotations": [{"nertag": "O"}]}, {"base_span": [631, 633], "annotations": [{"nertag": "O"}]}, {"base_span": [634, 640], "annotations": [{"nertag": "O"}]}, {"base_span": [641, 645], "annotations": [{"nertag": "O"}]}, {"base_span": [646, 653], "annotations": [{"nertag": "B-LOC"}]}, {"base_span": [654, 659], "annotations": [{"nertag": "O"}]}, {"base_span": [660, 663], "annotations": [{"nertag": "O"}]}, {"base_span": [664, 666], "annotations": [{"nertag": "O"}]}, {"base_span": [667, 674], "annotations": [{"nertag": "O"}]}, {"base_span": [675, 680], "annotations": [{"nertag": "O"}]}, {"base_span": [681, 687], "annotations": [{"nertag": "O"}]}, {"base_span": [687, 688], "annotations": [{"nertag": "O"}]}, {"base_span": [688, 690], "annotations": [{"nertag": "O"}]}, {"base_span": [691, 693], "annotations": [{"nertag": "O"}]}, {"base_span": [694, 698], "annotations": [{"nertag": "O"}]}, {"base_span": [699, 703], "annotations": [{"nertag": "O"}]}, {"base_span": [704, 707], "annotations": [{"nertag": "O"}]}, {"base_span": [708, 714], "annotations": [{"nertag": "O"}]}, {"base_span": [715, 717], "annotations": [{"nertag": "O"}]}, {"base_span": [718, 725], "annotations": [{"nertag": "O"}]}, {"base_span": [725, 726], "annotations": [{"nertag": "O"}]}, {"base_span": [726, 728], "annotations": [{"nertag": "O"}]}, {"base_span": [729, 734], "annotations": [{"nertag": "O"}]}, {"base_span": [735, 737], "annotations": [{"nertag": "O"}]}, {"base_span": [738, 742], "annotations": [{"nertag": "O"}]}, {"base_span": [743, 748], "annotations": [{"nertag": "O"}]}, {"base_span": [749, 754], "annotations": [{"nertag": "O"}]}, {"base_span": [755, 760], "annotations": [{"nertag": "O"}]}, {"base_span": [761, 767], "annotations": [{"nertag": "O"}]}, {"base_span": [767, 768], "annotations": [{"nertag": "O"}]}, {"base_span": [768, 770], "annotations": [{"nertag": "O"}]}, {"base_span": [771, 773], "annotations": [{"nertag": "O"}]}, {"base_span": [774, 780], "annotations": [{"nertag": "O"}]}, {"base_span": [781, 786], "annotations": [{"nertag": "O"}]}, {"base_span": [787, 791], "annotations": [{"nertag": "O"}]}, {"base_span": [792, 796], "annotations": [{"nertag": "O"}]}, {"base_span": [797, 802], "annotations": [{"nertag": "O"}]}, {"base_span": [802, 803], "annotations": [{"nertag": "O"}]}, {"base_span": [805, 809], "annotations": [{"nertag": "O"}]}, {"base_span": [810, 812], "annotations": [{"nertag": "O"}]}, {"base_span": [813, 824], "annotations": [{"nertag": "O"}]}, {"base_span": [825, 831], "annotations": [{"nertag": "O"}]}, {"base_span": [832, 837], "annotations": [{"nertag": "B-LOC_ORG"}]}, {"base_span": [838, 845], "annotations": [{"nertag": "B-PER"}]}, {"base_span": [846, 850], "annotations": [{"nertag": "O"}]}, {"base_span": [851, 856], "annotations": [{"nertag": "O"}]}, {"base_span": [857, 865], "annotations": [{"nertag": "O"}]}, {"base_span": [866, 869], "annotations": [{"nertag": "O"}]}, {"base_span": [870, 874], "annotations": [{"nertag": "O"}]}, {"base_span": [875, 876], "annotations": [{"nertag": "O"}]}, {"base_span": [877, 880], "annotations": [{"nertag": "O"}]}, {"base_span": [880, 881], "annotations": [{"nertag": "O"}]}, {"base_span": [881, 882], "annotations": [{"nertag": "O"}]}, {"base_span": [882, 883], "annotations": [{"nertag": "O"}]}, {"base_span": [884, 890], "annotations": [{"nertag": "O"}]}, {"base_span": [891, 893], "annotations": [{"nertag": "O"}]}, {"base_span": [894, 902], "annotations": [{"nertag": "O"}]}, {"base_span": [902, 903], "annotations": [{"nertag": "O"}]}, {"base_span": [903, 915], "annotations": [{"nertag": "O"}]}, {"base_span": [916, 919], "annotations": [{"nertag": "O"}]}, {"base_span": [920, 922], "annotations": [{"nertag": "O"}]}, {"base_span": [923, 928], "annotations": [{"nertag": "B-LOC_ORG"}]}, {"base_span": [929, 934], "annotations": [{"nertag": "B-PER"}]}, {"base_span": [935, 936], "annotations": [{"nertag": "O"}]}, {"base_span": [937, 940], "annotations": [{"nertag": "O"}]}, {"base_span": [940, 941], "annotations": [{"nertag": "O"}]}, {"base_span": [941, 943], "annotations": [{"nertag": "O"}]}, {"base_span": [945, 946], "annotations": [{"nertag": "O"}]}, {"base_span": [946, 947], "annotations": [{"nertag": "O"}]}, {"base_span": [947, 948], "annotations": [{"nertag": "O"}]}, {"base_span": [949, 953], "annotations": [{"nertag": "O"}]}, {"base_span": [953, 954], "annotations": [{"nertag": "O"}]}, {"base_span": [954, 962], "annotations": [{"nertag": "O"}]}, {"base_span": [963, 971], "annotations": [{"nertag": "O"}]}, {"base_span": [972, 977], "annotations": [{"nertag": "O"}]}, {"base_span": [978, 984], "annotations": [{"nertag": "O"}]}, {"base_span": [984, 985], "annotations": [{"nertag": "O"}]}, {"base_span": [985, 987], "annotations": [{"nertag": "O"}]}, {"base_span": [988, 994], "annotations": [{"nertag": "O"}]}, {"base_span": [995, 1000], "annotations": [{"nertag": "O"}]}, {"base_span": [1001, 1006], "annotations": [{"nertag": "O"}]}, {"base_span": [1007, 1012], "annotations": [{"nertag": "O"}]}, {"base_span": [1012, 1013], "annotations": [{"nertag": "O"}]}, {"base_span": [1015, 1020], "annotations": [{"nertag": "B-LOC_ORG"}]}, {"base_span": [1021, 1027], "annotations": [{"nertag": "I-LOC_ORG"}]}, {"base_span": [1028, 1033], "annotations": [{"nertag": "O"}]}, {"base_span": [1034, 1039], "annotations": [{"nertag": "O"}]}, {"base_span": [1040, 1042], "annotations": [{"nertag": "O"}]}, {"base_span": [1043, 1049], "annotations": [{"nertag": "O"}]}, {"base_span": [1050, 1054], "annotations": [{"nertag": "O"}]}, {"base_span": [1056, 1061], "annotations": [{"nertag": "O"}]}, {"base_span": [1062, 1073], "annotations": [{"nertag": "O"}]}, {"base_span": [1074, 1080], "annotations": [{"nertag": "O"}]}, {"base_span": [1081, 1086], "annotations": [{"nertag": "O"}]}, {"base_span": [1087, 1093], "annotations": [{"nertag": "O"}]}, {"base_span": [1094, 1098], "annotations": [{"nertag": "B-PER"}]}, {"base_span": [1099, 1104], "annotations": [{"nertag": "I-PER"}]}, {"base_span": [1104, 1105], "annotations": [{"nertag": "O"}]}, {"base_span": [1105, 1113], "annotations": [{"nertag": "O"}]}, {"base_span": [1114, 1117], "annotations": [{"nertag": "B-PER"}]}, {"base_span": [1118, 1122], "annotations": [{"nertag": "I-PER"}]}, {"base_span": [1122, 1123], "annotations": [{"nertag": "O"}]}, {"base_span": [1123, 1127], "annotations": [{"nertag": "B-PER"}]}, {"base_span": [1128, 1133], "annotations": [{"nertag": "I-PER"}]}]}]}