{"text": "Lühike sisu kirjast, millega wöörmünder seatakse\t\t\tHoolealuste nimi (risti, isa- ja liignimi ja wanadus) ja mikspärast on wöörmündri hool seatud (noorus, rumalus, waranduse pillamine ja selle sarnast.)\t\t\tHoolealuste waranduse tähendus (kui liikuw wara, kui suur ta on; ehk kui liikumata wara, mis ta on ja mis hind tal on). \t\t\tMillal ja kes on wöörmündriks seatud (aasta, kuupäev, risti-, isa- ja liignimi.)\t\t\tMillal on wöörmündrid oma hoolealusele waranduse üle aru andnud ja kui ei ole, mikspärast (aasta ja kuupäew.)\t\t\tMillal ja miks on wöörmündri hool ära kautud ja kellele warandus antud. \t\tV vidutogo, tšto pokoinõi Juhan Mihkelev Pilter sam pri žizni svojej ne naznatšil´ opjekuna dlja svoih maloletnih detjej i tšto oba roditjeli umerli, to Lonaskoj Volostnoj Sud kaznatšil´ na ospob 247 st. II Otg Vol. Sud Ustava opekunom krest´janina Frido Mihkeljeva Pilter k imuštšestvu i maloletnim detjam umeršago Juhana Pilter\t\t\tMihkel Juhanov Pilter 23 goda ot-rodu,  Mina Juhanova Pilter 20 let ot-rodu. Po maloletstvu\t\t\t\t\t\tDvižisnoje ispuštšestvo\n\t\t\t1) Žiloi dosk 50 rub\n\t\t\t2) Stoljapnõi stapok 5 r\n\t\t\t3) krovat´ 2 r\n\t\t\t4) Dve pilõ 60 k\n\t\t\t5) Dva kotla 25 k\n\t\t\t6) Vedro 15 k\n\t\t\t7) Dve vannõ 45 k\n\t\t\t8) Dve botšni 50 k\n\t\t\t9) Odin ušat´ 35 k\n\t\t\t10) Odno vedro 15 k\n\t\t\t11) Odna kadka dlja moloko 15 k\n\t\t\t12) odna šaika 5 k\n\t\t\tItogo 59 rub 65 kop\n\t\t\t\n\t\t\t\t\t\t 1899 goda Avgusta 16go dnja krest´janih Frido Mihkeljev Pilter\t\t\t\t\t\t\t\t\"\n", "meta": {"origin_directory": "vallakohus_esimene/"}, "layers": [{"name": "gold_ner", "attributes": ["nertag"], "parent": null, "enveloping": null, "ambiguous": false, "serialisation_module": null, "meta": {}, "spans": []}, {"name": "gold_wordner", "attributes": ["nertag"], "parent": null, "enveloping": null, "ambiguous": false, "serialisation_module": null, "meta": {}, "spans": []}]}