{"text": "Ükstuhat üheksasada kahekümnendamal aastal Detsembri kuu kaheksateistkümnendamal päewal ilmus Laimjala walla hoolekande kohtusse Laimjala walla (kohtusse) kodanik Willem Jüri p. Neggo, 71 a. wana, elukoht Uuemõisa wallas, Pukka külas ja awaldas et soowib oma waranduse üle tõstamenti teha mis järgmine on: 1) Luban peale oma surma oma wabadiku elatis maja, mis on Laimjala wallas Audla külas \"Sihi\" wabadiku platsi peal, oma poja Johannes Neggole, kes praegusel ajal seda selles majas elab, 2) Wõib minu poeg Johannes Neggo selles majas tänasest päewast ka kuni minu surmani elada ilma maksuta, selle eest maksab wiimane kõik maja peale tulewad maksud, astub minu nimel tänasest päewast täieliku liikme õigusega selle maja kohta - Laimjala walla tulekahju kordadel wastastikku abiandmise seltsi liikmeks ja kannab kui täielik majaomanik kõik maja kohta puutuwad kohustused ning parandab maja. Selle eest peab minu poeg Johannes Neggo mind, kui ma wanaduse läbi täieste wõimetuks jäen, täieliselt ülewal pidama. Wiira peale kirjutud \"peale oma surma\" - õigeks lugeda.\nWillem Neggo [allkiri]\nW.Riim [allkiri]\n1920 a. detsembrikuu 18 päewal Laimjala walla hoolekande kohus tunnistab, et see suusõnaline leping, mis on tehtud Laimjala walla kodaniku Willem Neggo poolt kes hoolekande kohtule isiklikult tuntud, on kirjutud akti raamatusse esimisesse jaosse No 7 all, siin juures peale tõstamenti ette lugemise oli tõstamenti tegija sellega rahul ja kinnitas oma allkirjaga, selle juures tunnistab kohus et tõstamenti tegija on selge mõistuse ja täie arusaamisega.\nKohtu eesistuja: A.Anupõld [allkiri]\nSekretäär A.Käo [allkiri]\n\"\n", "meta": {"origin_directory": "vallakohus_esimene/"}, "layers": [{"name": "gold_ner", "attributes": ["nertag"], "parent": null, "enveloping": null, "ambiguous": false, "serialisation_module": null, "meta": {}, "spans": [{"base_span": [94, 128], "annotations": [{"nertag": "ORG"}]}, {"base_span": [129, 143], "annotations": [{"nertag": "LOC_ORG"}]}, {"base_span": [163, 183], "annotations": [{"nertag": "PER"}]}, {"base_span": [205, 220], "annotations": [{"nertag": "LOC_ORG"}]}, {"base_span": [222, 233], "annotations": [{"nertag": "LOC_ORG"}]}, {"base_span": [364, 379], "annotations": [{"nertag": "LOC_ORG"}]}, {"base_span": [380, 391], "annotations": [{"nertag": "LOC_ORG"}]}, {"base_span": [392, 414], "annotations": [{"nertag": "LOC_ORG"}]}, {"base_span": [430, 446], "annotations": [{"nertag": "PER"}]}, {"base_span": [509, 523], "annotations": [{"nertag": "PER"}]}, {"base_span": [731, 745], "annotations": [{"nertag": "LOC_ORG"}]}, {"base_span": [919, 933], "annotations": [{"nertag": "PER"}]}, {"base_span": [1067, 1079], "annotations": [{"nertag": "PER"}]}, {"base_span": [1090, 1096], "annotations": [{"nertag": "PER"}]}, {"base_span": [1138, 1169], "annotations": [{"nertag": "ORG"}]}, {"base_span": [1222, 1236], "annotations": [{"nertag": "LOC_ORG"}]}, {"base_span": [1246, 1258], "annotations": [{"nertag": "PER"}]}, {"base_span": [1577, 1586], "annotations": [{"nertag": "PER"}]}, {"base_span": [1607, 1612], "annotations": [{"nertag": "PER"}]}]}, {"name": "gold_wordner", "attributes": ["nertag"], "parent": null, "enveloping": null, "ambiguous": false, "serialisation_module": null, "meta": {}, "spans": [{"base_span": [0, 8], "annotations": [{"nertag": "O"}]}, {"base_span": [9, 19], "annotations": [{"nertag": "O"}]}, {"base_span": [20, 35], "annotations": [{"nertag": "O"}]}, {"base_span": [36, 42], "annotations": [{"nertag": "O"}]}, {"base_span": [43, 52], "annotations": [{"nertag": "O"}]}, {"base_span": [53, 56], "annotations": [{"nertag": "O"}]}, {"base_span": [57, 80], "annotations": [{"nertag": "O"}]}, {"base_span": [81, 87], "annotations": [{"nertag": "O"}]}, {"base_span": [88, 93], "annotations": [{"nertag": "O"}]}, {"base_span": [94, 102], "annotations": [{"nertag": "B-ORG"}]}, {"base_span": [103, 108], "annotations": [{"nertag": "I-ORG"}]}, {"base_span": [109, 119], "annotations": [{"nertag": "I-ORG"}]}, {"base_span": [120, 128], "annotations": [{"nertag": "I-ORG"}]}, {"base_span": [129, 137], "annotations": [{"nertag": "B-LOC_ORG"}]}, {"base_span": [138, 143], "annotations": [{"nertag": "I-LOC_ORG"}]}, {"base_span": [144, 145], "annotations": [{"nertag": "O"}]}, {"base_span": [145, 153], "annotations": [{"nertag": "O"}]}, {"base_span": [153, 154], "annotations": [{"nertag": "O"}]}, {"base_span": [155, 162], "annotations": [{"nertag": "O"}]}, {"base_span": [163, 169], "annotations": [{"nertag": "B-PER"}]}, {"base_span": [170, 174], "annotations": [{"nertag": "I-PER"}]}, {"base_span": [175, 176], "annotations": [{"nertag": "I-PER"}]}, {"base_span": [176, 177], "annotations": [{"nertag": "I-PER"}]}, {"base_span": [178, 183], "annotations": [{"nertag": "I-PER"}]}, {"base_span": [183, 184], "annotations": [{"nertag": "O"}]}, {"base_span": [185, 187], "annotations": [{"nertag": "O"}]}, {"base_span": [188, 189], "annotations": [{"nertag": "O"}]}, {"base_span": [189, 190], "annotations": [{"nertag": "O"}]}, {"base_span": [191, 195], "annotations": [{"nertag": "O"}]}, {"base_span": [195, 196], "annotations": [{"nertag": "O"}]}, {"base_span": [197, 204], "annotations": [{"nertag": "O"}]}, {"base_span": [205, 213], "annotations": [{"nertag": "B-LOC_ORG"}]}, {"base_span": [214, 220], "annotations": [{"nertag": "I-LOC_ORG"}]}, {"base_span": [220, 221], "annotations": [{"nertag": "O"}]}, {"base_span": [222, 227], "annotations": [{"nertag": "B-LOC_ORG"}]}, {"base_span": [228, 233], "annotations": [{"nertag": "I-LOC_ORG"}]}, {"base_span": [234, 236], "annotations": [{"nertag": "O"}]}, {"base_span": [237, 244], "annotations": [{"nertag": "O"}]}, {"base_span": [245, 247], "annotations": [{"nertag": "O"}]}, {"base_span": [248, 254], "annotations": [{"nertag": "O"}]}, {"base_span": [255, 258], "annotations": [{"nertag": "O"}]}, {"base_span": [259, 268], "annotations": [{"nertag": "O"}]}, {"base_span": [269, 272], "annotations": [{"nertag": "O"}]}, {"base_span": [273, 283], "annotations": [{"nertag": "O"}]}, {"base_span": [284, 288], "annotations": [{"nertag": "O"}]}, {"base_span": [289, 292], "annotations": [{"nertag": "O"}]}, {"base_span": [293, 301], "annotations": [{"nertag": "O"}]}, {"base_span": [302, 304], "annotations": [{"nertag": "O"}]}, {"base_span": [304, 305], "annotations": [{"nertag": "O"}]}, {"base_span": [306, 307], "annotations": [{"nertag": "O"}]}, {"base_span": [307, 308], "annotations": [{"nertag": "O"}]}, {"base_span": [309, 314], "annotations": [{"nertag": "O"}]}, {"base_span": [315, 320], "annotations": [{"nertag": "O"}]}, {"base_span": [321, 324], "annotations": [{"nertag": "O"}]}, {"base_span": [325, 330], "annotations": [{"nertag": "O"}]}, {"base_span": [331, 334], "annotations": [{"nertag": "O"}]}, {"base_span": [335, 343], "annotations": [{"nertag": "O"}]}, {"base_span": [344, 350], "annotations": [{"nertag": "O"}]}, {"base_span": [351, 355], "annotations": [{"nertag": "O"}]}, {"base_span": [355, 356], "annotations": [{"nertag": "O"}]}, {"base_span": [357, 360], "annotations": [{"nertag": "O"}]}, {"base_span": [361, 363], "annotations": [{"nertag": "O"}]}, {"base_span": [364, 372], "annotations": [{"nertag": "B-LOC_ORG"}]}, {"base_span": [373, 379], "annotations": [{"nertag": "I-LOC_ORG"}]}, {"base_span": [380, 385], "annotations": [{"nertag": "B-LOC_ORG"}]}, {"base_span": [386, 391], "annotations": [{"nertag": "I-LOC_ORG"}]}, {"base_span": [392, 393], "annotations": [{"nertag": "B-LOC_ORG"}]}, {"base_span": [393, 397], "annotations": [{"nertag": "I-LOC_ORG"}]}, {"base_span": [397, 398], "annotations": [{"nertag": "I-LOC_ORG"}]}, {"base_span": [399, 407], "annotations": [{"nertag": "I-LOC_ORG"}]}, {"base_span": [408, 414], "annotations": [{"nertag": "I-LOC_ORG"}]}, {"base_span": [415, 419], "annotations": [{"nertag": "O"}]}, {"base_span": [419, 420], "annotations": [{"nertag": "O"}]}, {"base_span": [421, 424], "annotations": [{"nertag": "O"}]}, {"base_span": [425, 429], "annotations": [{"nertag": "O"}]}, {"base_span": [430, 438], "annotations": [{"nertag": "B-PER"}]}, {"base_span": [439, 446], "annotations": [{"nertag": "I-PER"}]}, {"base_span": [446, 447], "annotations": [{"nertag": "O"}]}, {"base_span": [448, 451], "annotations": [{"nertag": "O"}]}, {"base_span": [452, 461], "annotations": [{"nertag": "O"}]}, {"base_span": [462, 466], "annotations": [{"nertag": "O"}]}, {"base_span": [467, 471], "annotations": [{"nertag": "O"}]}, {"base_span": [472, 478], "annotations": [{"nertag": "O"}]}, {"base_span": [479, 484], "annotations": [{"nertag": "O"}]}, {"base_span": [485, 489], "annotations": [{"nertag": "O"}]}, {"base_span": [489, 490], "annotations": [{"nertag": "O"}]}, {"base_span": [491, 492], "annotations": [{"nertag": "O"}]}, {"base_span": [492, 493], "annotations": [{"nertag": "O"}]}, {"base_span": [494, 498], "annotations": [{"nertag": "O"}]}, {"base_span": [499, 503], "annotations": [{"nertag": "O"}]}, {"base_span": [504, 508], "annotations": [{"nertag": "O"}]}, {"base_span": [509, 517], "annotations": [{"nertag": "B-PER"}]}, {"base_span": [518, 523], "annotations": [{"nertag": "I-PER"}]}, {"base_span": [524, 530], "annotations": [{"nertag": "O"}]}, {"base_span": [531, 536], "annotations": [{"nertag": "O"}]}, {"base_span": [537, 545], "annotations": [{"nertag": "O"}]}, {"base_span": [546, 553], "annotations": [{"nertag": "O"}]}, {"base_span": [554, 556], "annotations": [{"nertag": "O"}]}, {"base_span": [557, 561], "annotations": [{"nertag": "O"}]}, {"base_span": [562, 566], "annotations": [{"nertag": "O"}]}, {"base_span": [567, 574], "annotations": [{"nertag": "O"}]}, {"base_span": [575, 580], "annotations": [{"nertag": "O"}]}, {"base_span": [581, 585], "annotations": [{"nertag": "O"}]}, {"base_span": [586, 593], "annotations": [{"nertag": "O"}]}, {"base_span": [593, 594], "annotations": [{"nertag": "O"}]}, {"base_span": [595, 600], "annotations": [{"nertag": "O"}]}, {"base_span": [601, 605], "annotations": [{"nertag": "O"}]}, {"base_span": [606, 612], "annotations": [{"nertag": "O"}]}, {"base_span": [613, 620], "annotations": [{"nertag": "O"}]}, {"base_span": [621, 625], "annotations": [{"nertag": "O"}]}, {"base_span": [626, 630], "annotations": [{"nertag": "O"}]}, {"base_span": [631, 636], "annotations": [{"nertag": "O"}]}, {"base_span": [637, 644], "annotations": [{"nertag": "O"}]}, {"base_span": [645, 651], "annotations": [{"nertag": "O"}]}, {"base_span": [651, 652], "annotations": [{"nertag": "O"}]}, {"base_span": [653, 658], "annotations": [{"nertag": "O"}]}, {"base_span": [659, 663], "annotations": [{"nertag": "O"}]}, {"base_span": [664, 669], "annotations": [{"nertag": "O"}]}, {"base_span": [670, 678], "annotations": [{"nertag": "O"}]}, {"base_span": [679, 686], "annotations": [{"nertag": "O"}]}, {"base_span": [687, 695], "annotations": [{"nertag": "O"}]}, {"base_span": [696, 702], "annotations": [{"nertag": "O"}]}, {"base_span": [703, 711], "annotations": [{"nertag": "O"}]}, {"base_span": [712, 717], "annotations": [{"nertag": "O"}]}, {"base_span": [718, 722], "annotations": [{"nertag": "O"}]}, {"base_span": [723, 728], "annotations": [{"nertag": "O"}]}, {"base_span": [729, 730], "annotations": [{"nertag": "O"}]}, {"base_span": [731, 739], "annotations": [{"nertag": "B-LOC_ORG"}]}, {"base_span": [740, 745], "annotations": [{"nertag": "I-LOC_ORG"}]}, {"base_span": [746, 755], "annotations": [{"nertag": "O"}]}, {"base_span": [756, 764], "annotations": [{"nertag": "O"}]}, {"base_span": [765, 776], "annotations": [{"nertag": "O"}]}, {"base_span": [777, 787], "annotations": [{"nertag": "O"}]}, {"base_span": [788, 794], "annotations": [{"nertag": "O"}]}, {"base_span": [795, 803], "annotations": [{"nertag": "O"}]}, {"base_span": [804, 806], "annotations": [{"nertag": "O"}]}, {"base_span": [807, 813], "annotations": [{"nertag": "O"}]}, {"base_span": [814, 817], "annotations": [{"nertag": "O"}]}, {"base_span": [818, 825], "annotations": [{"nertag": "O"}]}, {"base_span": [826, 836], "annotations": [{"nertag": "O"}]}, {"base_span": [837, 841], "annotations": [{"nertag": "O"}]}, {"base_span": [842, 846], "annotations": [{"nertag": "O"}]}, {"base_span": [847, 852], "annotations": [{"nertag": "O"}]}, {"base_span": [853, 861], "annotations": [{"nertag": "O"}]}, {"base_span": [862, 872], "annotations": [{"nertag": "O"}]}, {"base_span": [873, 877], "annotations": [{"nertag": "O"}]}, {"base_span": [878, 886], "annotations": [{"nertag": "O"}]}, {"base_span": [887, 891], "annotations": [{"nertag": "O"}]}, {"base_span": [891, 892], "annotations": [{"nertag": "O"}]}, {"base_span": [893, 898], "annotations": [{"nertag": "O"}]}, {"base_span": [899, 903], "annotations": [{"nertag": "O"}]}, {"base_span": [904, 908], "annotations": [{"nertag": "O"}]}, {"base_span": [909, 913], "annotations": [{"nertag": "O"}]}, {"base_span": [914, 918], "annotations": [{"nertag": "O"}]}, {"base_span": [919, 927], "annotations": [{"nertag": "B-PER"}]}, {"base_span": [928, 933], "annotations": [{"nertag": "I-PER"}]}, {"base_span": [934, 938], "annotations": [{"nertag": "O"}]}, {"base_span": [938, 939], "annotations": [{"nertag": "O"}]}, {"base_span": [940, 943], "annotations": [{"nertag": "O"}]}, {"base_span": [944, 946], "annotations": [{"nertag": "O"}]}, {"base_span": [947, 955], "annotations": [{"nertag": "O"}]}, {"base_span": [956, 960], "annotations": [{"nertag": "O"}]}, {"base_span": [961, 968], "annotations": [{"nertag": "O"}]}, {"base_span": [969, 978], "annotations": [{"nertag": "O"}]}, {"base_span": [979, 983], "annotations": [{"nertag": "O"}]}, {"base_span": [983, 984], "annotations": [{"nertag": "O"}]}, {"base_span": [985, 995], "annotations": [{"nertag": "O"}]}, {"base_span": [996, 1002], "annotations": [{"nertag": "O"}]}, {"base_span": [1003, 1009], "annotations": [{"nertag": "O"}]}, {"base_span": [1009, 1010], "annotations": [{"nertag": "O"}]}, {"base_span": [1011, 1016], "annotations": [{"nertag": "O"}]}, {"base_span": [1017, 1022], "annotations": [{"nertag": "O"}]}, {"base_span": [1023, 1031], "annotations": [{"nertag": "O"}]}, {"base_span": [1032, 1033], "annotations": [{"nertag": "O"}]}, {"base_span": [1033, 1038], "annotations": [{"nertag": "O"}]}, {"base_span": [1039, 1042], "annotations": [{"nertag": "O"}]}, {"base_span": [1043, 1048], "annotations": [{"nertag": "O"}]}, {"base_span": [1048, 1049], "annotations": [{"nertag": "O"}]}, {"base_span": [1050, 1051], "annotations": [{"nertag": "O"}]}, {"base_span": [1052, 1058], "annotations": [{"nertag": "O"}]}, {"base_span": [1059, 1065], "annotations": [{"nertag": "O"}]}, {"base_span": [1065, 1066], "annotations": [{"nertag": "O"}]}, {"base_span": [1067, 1073], "annotations": [{"nertag": "B-PER"}]}, {"base_span": [1074, 1079], "annotations": [{"nertag": "I-PER"}]}, {"base_span": [1080, 1081], "annotations": [{"nertag": "O"}]}, {"base_span": [1081, 1088], "annotations": [{"nertag": "O"}]}, {"base_span": [1088, 1089], "annotations": [{"nertag": "O"}]}, {"base_span": [1090, 1091], "annotations": [{"nertag": "B-PER"}]}, {"base_span": [1091, 1092], "annotations": [{"nertag": "I-PER"}]}, {"base_span": [1092, 1096], "annotations": [{"nertag": "I-PER"}]}, {"base_span": [1097, 1098], "annotations": [{"nertag": "O"}]}, {"base_span": [1098, 1105], "annotations": [{"nertag": "O"}]}, {"base_span": [1105, 1106], "annotations": [{"nertag": "O"}]}, {"base_span": [1107, 1111], "annotations": [{"nertag": "O"}]}, {"base_span": [1112, 1113], "annotations": [{"nertag": "O"}]}, {"base_span": [1113, 1114], "annotations": [{"nertag": "O"}]}, {"base_span": [1115, 1127], "annotations": [{"nertag": "O"}]}, {"base_span": [1128, 1130], "annotations": [{"nertag": "O"}]}, {"base_span": [1131, 1137], "annotations": [{"nertag": "O"}]}, {"base_span": [1138, 1146], "annotations": [{"nertag": "B-ORG"}]}, {"base_span": [1147, 1152], "annotations": [{"nertag": "I-ORG"}]}, {"base_span": [1153, 1163], "annotations": [{"nertag": "I-ORG"}]}, {"base_span": [1164, 1169], "annotations": [{"nertag": "I-ORG"}]}, {"base_span": [1170, 1179], "annotations": [{"nertag": "O"}]}, {"base_span": [1179, 1180], "annotations": [{"nertag": "O"}]}, {"base_span": [1181, 1183], "annotations": [{"nertag": "O"}]}, {"base_span": [1184, 1187], "annotations": [{"nertag": "O"}]}, {"base_span": [1188, 1199], "annotations": [{"nertag": "O"}]}, {"base_span": [1200, 1206], "annotations": [{"nertag": "O"}]}, {"base_span": [1206, 1207], "annotations": [{"nertag": "O"}]}, {"base_span": [1208, 1211], "annotations": [{"nertag": "O"}]}, {"base_span": [1212, 1214], "annotations": [{"nertag": "O"}]}, {"base_span": [1215, 1221], "annotations": [{"nertag": "O"}]}, {"base_span": [1222, 1230], "annotations": [{"nertag": "B-LOC_ORG"}]}, {"base_span": [1231, 1236], "annotations": [{"nertag": "I-LOC_ORG"}]}, {"base_span": [1237, 1245], "annotations": [{"nertag": "O"}]}, {"base_span": [1246, 1252], "annotations": [{"nertag": "B-PER"}]}, {"base_span": [1253, 1258], "annotations": [{"nertag": "I-PER"}]}, {"base_span": [1259, 1264], "annotations": [{"nertag": "O"}]}, {"base_span": [1265, 1268], "annotations": [{"nertag": "O"}]}, {"base_span": [1269, 1279], "annotations": [{"nertag": "O"}]}, {"base_span": [1280, 1287], "annotations": [{"nertag": "O"}]}, {"base_span": [1288, 1298], "annotations": [{"nertag": "O"}]}, {"base_span": [1299, 1305], "annotations": [{"nertag": "O"}]}, {"base_span": [1305, 1306], "annotations": [{"nertag": "O"}]}, {"base_span": [1307, 1309], "annotations": [{"nertag": "O"}]}, {"base_span": [1310, 1318], "annotations": [{"nertag": "O"}]}, {"base_span": [1319, 1323], "annotations": [{"nertag": "O"}]}, {"base_span": [1324, 1334], "annotations": [{"nertag": "O"}]}, {"base_span": [1335, 1345], "annotations": [{"nertag": "O"}]}, {"base_span": [1346, 1352], "annotations": [{"nertag": "O"}]}, {"base_span": [1353, 1355], "annotations": [{"nertag": "O"}]}, {"base_span": [1356, 1357], "annotations": [{"nertag": "O"}]}, {"base_span": [1358, 1361], "annotations": [{"nertag": "O"}]}, {"base_span": [1361, 1362], "annotations": [{"nertag": "O"}]}, {"base_span": [1363, 1367], "annotations": [{"nertag": "O"}]}, {"base_span": [1368, 1374], "annotations": [{"nertag": "O"}]}, {"base_span": [1375, 1380], "annotations": [{"nertag": "O"}]}, {"base_span": [1381, 1391], "annotations": [{"nertag": "O"}]}, {"base_span": [1392, 1396], "annotations": [{"nertag": "O"}]}, {"base_span": [1397, 1405], "annotations": [{"nertag": "O"}]}, {"base_span": [1406, 1409], "annotations": [{"nertag": "O"}]}, {"base_span": [1410, 1420], "annotations": [{"nertag": "O"}]}, {"base_span": [1421, 1427], "annotations": [{"nertag": "O"}]}, {"base_span": [1428, 1435], "annotations": [{"nertag": "O"}]}, {"base_span": [1436, 1441], "annotations": [{"nertag": "O"}]}, {"base_span": [1442, 1444], "annotations": [{"nertag": "O"}]}, {"base_span": [1445, 1453], "annotations": [{"nertag": "O"}]}, {"base_span": [1454, 1457], "annotations": [{"nertag": "O"}]}, {"base_span": [1458, 1468], "annotations": [{"nertag": "O"}]}, {"base_span": [1468, 1469], "annotations": [{"nertag": "O"}]}, {"base_span": [1470, 1475], "annotations": [{"nertag": "O"}]}, {"base_span": [1476, 1482], "annotations": [{"nertag": "O"}]}, {"base_span": [1483, 1492], "annotations": [{"nertag": "O"}]}, {"base_span": [1493, 1498], "annotations": [{"nertag": "O"}]}, {"base_span": [1499, 1501], "annotations": [{"nertag": "O"}]}, {"base_span": [1502, 1512], "annotations": [{"nertag": "O"}]}, {"base_span": [1513, 1519], "annotations": [{"nertag": "O"}]}, {"base_span": [1520, 1522], "annotations": [{"nertag": "O"}]}, {"base_span": [1523, 1528], "annotations": [{"nertag": "O"}]}, {"base_span": [1529, 1537], "annotations": [{"nertag": "O"}]}, {"base_span": [1538, 1540], "annotations": [{"nertag": "O"}]}, {"base_span": [1541, 1545], "annotations": [{"nertag": "O"}]}, {"base_span": [1546, 1558], "annotations": [{"nertag": "O"}]}, {"base_span": [1558, 1559], "annotations": [{"nertag": "O"}]}, {"base_span": [1560, 1565], "annotations": [{"nertag": "O"}]}, {"base_span": [1566, 1575], "annotations": [{"nertag": "O"}]}, {"base_span": [1575, 1576], "annotations": [{"nertag": "O"}]}, {"base_span": [1577, 1578], "annotations": [{"nertag": "B-PER"}]}, {"base_span": [1578, 1579], "annotations": [{"nertag": "I-PER"}]}, {"base_span": [1579, 1586], "annotations": [{"nertag": "I-PER"}]}, {"base_span": [1587, 1588], "annotations": [{"nertag": "O"}]}, {"base_span": [1588, 1595], "annotations": [{"nertag": "O"}]}, {"base_span": [1595, 1596], "annotations": [{"nertag": "O"}]}, {"base_span": [1597, 1606], "annotations": [{"nertag": "O"}]}, {"base_span": [1607, 1608], "annotations": [{"nertag": "B-PER"}]}, {"base_span": [1608, 1609], "annotations": [{"nertag": "I-PER"}]}, {"base_span": [1609, 1612], "annotations": [{"nertag": "I-PER"}]}, {"base_span": [1613, 1614], "annotations": [{"nertag": "O"}]}, {"base_span": [1614, 1621], "annotations": [{"nertag": "O"}]}, {"base_span": [1621, 1622], "annotations": [{"nertag": "O"}]}, {"base_span": [1623, 1624], "annotations": [{"nertag": "O"}]}]}]}