{"text": "\nKirriko Möisas olli keik koggokonna kohhus ja walla perre mehhed ja wabbanikkud koos,said need ammeti mehhed Wallitud ja Kirriku Öppetja kulas peäld.\n\nTallitaja Mihkel Koppil perre mees wanna 36 astad wanna ammet Tallitaja\n\nWölmöltrid Mihkel Küll perre mees 26 aastad wanna   2,Peter Talter perre mees 27 aastad wana\n\nKohtu pea Peter Toäär perre mees wanna 43 aastad kolme aasta eest olli Tallitaja\n\nAbbi mehheks Mihkel Lahke perre mees wannus 24 aastad  2,Kohtu mees Karli Reht perre mees wannus 27 aastad wanna ammet Wölmölter\n\n3,Kohtu mees Peter Nou wabbanik 53 aastad w.\n\nNende abbi mehheks Tomas Hab 60 aastad\n\nAida ülle watja Jürri Toum perre mees wanna 49 aastad\n\nKerjotaja Aleksander Koppiil wana 45 aa wanna ammet 18 aastad kerjota olnud\n\nWolli mehhed 1,Mairt Tam sollane wanus 48 aastad  2,Jan Metes perremes wana 50 aastad 3,Peter Koppil wabbanik wana 40 aastad 4,Jakop Hab wabbak wanus 34 aastad\n\nSatikud 1,Mihkel Pea 45 aastad w:  Peter Toos w:44 a:  Mihkel Ruuk 42 a: w:  Mihkel Martin w:49  Kosta Keitong w:50 a:\n\nKeik on Lutterrusse usku\n\n\n", "meta": {"origin_directory": "vallakohus_neljas/"}, "layers": [{"name": "gold_ner", "attributes": ["nertag"], "parent": null, "enveloping": null, "ambiguous": false, "serialisation_module": null, "meta": {}, "spans": [{"base_span": [162, 175], "annotations": [{"nertag": "PER"}]}, {"base_span": [236, 247], "annotations": [{"nertag": "PER"}]}, {"base_span": [279, 291], "annotations": [{"nertag": "PER"}]}, {"base_span": [329, 340], "annotations": [{"nertag": "PER"}]}, {"base_span": [414, 426], "annotations": [{"nertag": "PER"}]}, {"base_span": [469, 479], "annotations": [{"nertag": "PER"}]}, {"base_span": [544, 553], "annotations": [{"nertag": "PER"}]}, {"base_span": [596, 605], "annotations": [{"nertag": "PER"}]}, {"base_span": [633, 643], "annotations": [{"nertag": "PER"}]}, {"base_span": [682, 700], "annotations": [{"nertag": "PER"}]}, {"base_span": [764, 773], "annotations": [{"nertag": "PER"}]}, {"base_span": [801, 810], "annotations": [{"nertag": "PER"}]}, {"base_span": [837, 849], "annotations": [{"nertag": "PER"}]}, {"base_span": [876, 885], "annotations": [{"nertag": "PER"}]}, {"base_span": [920, 930], "annotations": [{"nertag": "PER"}]}, {"base_span": [945, 955], "annotations": [{"nertag": "PER"}]}, {"base_span": [965, 976], "annotations": [{"nertag": "PER"}]}, {"base_span": [987, 1000], "annotations": [{"nertag": "PER"}]}, {"base_span": [1007, 1020], "annotations": [{"nertag": "PER"}]}]}, {"name": "gold_wordner", "attributes": ["nertag"], "parent": null, "enveloping": null, "ambiguous": false, "serialisation_module": null, "meta": {}, "spans": [{"base_span": [1, 8], "annotations": [{"nertag": "O"}]}, {"base_span": [9, 15], "annotations": [{"nertag": "O"}]}, {"base_span": [16, 20], "annotations": [{"nertag": "O"}]}, {"base_span": [21, 25], "annotations": [{"nertag": "O"}]}, {"base_span": [26, 36], "annotations": [{"nertag": "O"}]}, {"base_span": [37, 43], "annotations": [{"nertag": "O"}]}, {"base_span": [44, 46], "annotations": [{"nertag": "O"}]}, {"base_span": [47, 52], "annotations": [{"nertag": "O"}]}, {"base_span": [53, 58], "annotations": [{"nertag": "O"}]}, {"base_span": [59, 65], "annotations": [{"nertag": "O"}]}, {"base_span": [66, 68], "annotations": [{"nertag": "O"}]}, {"base_span": [69, 80], "annotations": [{"nertag": "O"}]}, {"base_span": [81, 85], "annotations": [{"nertag": "O"}]}, {"base_span": [85, 86], "annotations": [{"nertag": "O"}]}, {"base_span": [86, 90], "annotations": [{"nertag": "O"}]}, {"base_span": [91, 95], "annotations": [{"nertag": "O"}]}, {"base_span": [96, 102], "annotations": [{"nertag": "O"}]}, {"base_span": [103, 109], "annotations": [{"nertag": "O"}]}, {"base_span": [110, 118], "annotations": [{"nertag": "O"}]}, {"base_span": [119, 121], "annotations": [{"nertag": "O"}]}, {"base_span": [122, 129], "annotations": [{"nertag": "O"}]}, {"base_span": [130, 137], "annotations": [{"nertag": "O"}]}, {"base_span": [138, 143], "annotations": [{"nertag": "O"}]}, {"base_span": [144, 149], "annotations": [{"nertag": "O"}]}, {"base_span": [149, 150], "annotations": [{"nertag": "O"}]}, {"base_span": [152, 161], "annotations": [{"nertag": "O"}]}, {"base_span": [162, 168], "annotations": [{"nertag": "B-PER"}]}, {"base_span": [169, 175], "annotations": [{"nertag": "I-PER"}]}, {"base_span": [176, 181], "annotations": [{"nertag": "O"}]}, {"base_span": [182, 186], "annotations": [{"nertag": "O"}]}, {"base_span": [187, 192], "annotations": [{"nertag": "O"}]}, {"base_span": [193, 195], "annotations": [{"nertag": "O"}]}, {"base_span": [196, 201], "annotations": [{"nertag": "O"}]}, {"base_span": [202, 207], "annotations": [{"nertag": "O"}]}, {"base_span": [208, 213], "annotations": [{"nertag": "O"}]}, {"base_span": [214, 223], "annotations": [{"nertag": "O"}]}, {"base_span": [225, 235], "annotations": [{"nertag": "O"}]}, {"base_span": [236, 242], "annotations": [{"nertag": "B-PER"}]}, {"base_span": [243, 247], "annotations": [{"nertag": "I-PER"}]}, {"base_span": [248, 253], "annotations": [{"nertag": "O"}]}, {"base_span": [254, 258], "annotations": [{"nertag": "O"}]}, {"base_span": [259, 261], "annotations": [{"nertag": "O"}]}, {"base_span": [262, 268], "annotations": [{"nertag": "O"}]}, {"base_span": [269, 274], "annotations": [{"nertag": "O"}]}, {"base_span": [277, 278], "annotations": [{"nertag": "O"}]}, {"base_span": [278, 279], "annotations": [{"nertag": "O"}]}, {"base_span": [279, 284], "annotations": [{"nertag": "B-PER"}]}, {"base_span": [285, 291], "annotations": [{"nertag": "I-PER"}]}, {"base_span": [292, 297], "annotations": [{"nertag": "O"}]}, {"base_span": [298, 302], "annotations": [{"nertag": "O"}]}, {"base_span": [303, 305], "annotations": [{"nertag": "O"}]}, {"base_span": [306, 312], "annotations": [{"nertag": "O"}]}, {"base_span": [313, 317], "annotations": [{"nertag": "O"}]}, {"base_span": [319, 324], "annotations": [{"nertag": "O"}]}, {"base_span": [325, 328], "annotations": [{"nertag": "O"}]}, {"base_span": [329, 334], "annotations": [{"nertag": "B-PER"}]}, {"base_span": [335, 340], "annotations": [{"nertag": "I-PER"}]}, {"base_span": [341, 346], "annotations": [{"nertag": "O"}]}, {"base_span": [347, 351], "annotations": [{"nertag": "O"}]}, {"base_span": [352, 357], "annotations": [{"nertag": "O"}]}, {"base_span": [358, 360], "annotations": [{"nertag": "O"}]}, {"base_span": [361, 367], "annotations": [{"nertag": "O"}]}, {"base_span": [368, 373], "annotations": [{"nertag": "O"}]}, {"base_span": [374, 379], "annotations": [{"nertag": "O"}]}, {"base_span": [380, 384], "annotations": [{"nertag": "O"}]}, {"base_span": [385, 389], "annotations": [{"nertag": "O"}]}, {"base_span": [390, 399], "annotations": [{"nertag": "O"}]}, {"base_span": [401, 405], "annotations": [{"nertag": "O"}]}, {"base_span": [406, 413], "annotations": [{"nertag": "O"}]}, {"base_span": [414, 420], "annotations": [{"nertag": "B-PER"}]}, {"base_span": [421, 426], "annotations": [{"nertag": "I-PER"}]}, {"base_span": [427, 432], "annotations": [{"nertag": "O"}]}, {"base_span": [433, 437], "annotations": [{"nertag": "O"}]}, {"base_span": [438, 444], "annotations": [{"nertag": "O"}]}, {"base_span": [445, 447], "annotations": [{"nertag": "O"}]}, {"base_span": [448, 454], "annotations": [{"nertag": "O"}]}, {"base_span": [456, 457], "annotations": [{"nertag": "O"}]}, {"base_span": [457, 458], "annotations": [{"nertag": "O"}]}, {"base_span": [458, 463], "annotations": [{"nertag": "O"}]}, {"base_span": [464, 468], "annotations": [{"nertag": "O"}]}, {"base_span": [469, 474], "annotations": [{"nertag": "B-PER"}]}, {"base_span": [475, 479], "annotations": [{"nertag": "I-PER"}]}, {"base_span": [480, 485], "annotations": [{"nertag": "O"}]}, {"base_span": [486, 490], "annotations": [{"nertag": "O"}]}, {"base_span": [491, 497], "annotations": [{"nertag": "O"}]}, {"base_span": [498, 500], "annotations": [{"nertag": "O"}]}, {"base_span": [501, 507], "annotations": [{"nertag": "O"}]}, {"base_span": [508, 513], "annotations": [{"nertag": "O"}]}, {"base_span": [514, 519], "annotations": [{"nertag": "O"}]}, {"base_span": [520, 529], "annotations": [{"nertag": "O"}]}, {"base_span": [531, 532], "annotations": [{"nertag": "O"}]}, {"base_span": [532, 533], "annotations": [{"nertag": "O"}]}, {"base_span": [533, 538], "annotations": [{"nertag": "O"}]}, {"base_span": [539, 543], "annotations": [{"nertag": "O"}]}, {"base_span": [544, 549], "annotations": [{"nertag": "B-PER"}]}, {"base_span": [550, 553], "annotations": [{"nertag": "I-PER"}]}, {"base_span": [554, 562], "annotations": [{"nertag": "O"}]}, {"base_span": [563, 565], "annotations": [{"nertag": "O"}]}, {"base_span": [566, 572], "annotations": [{"nertag": "O"}]}, {"base_span": [573, 574], "annotations": [{"nertag": "O"}]}, {"base_span": [574, 575], "annotations": [{"nertag": "O"}]}, {"base_span": [577, 582], "annotations": [{"nertag": "O"}]}, {"base_span": [583, 587], "annotations": [{"nertag": "O"}]}, {"base_span": [588, 595], "annotations": [{"nertag": "O"}]}, {"base_span": [596, 601], "annotations": [{"nertag": "B-PER"}]}, {"base_span": [602, 605], "annotations": [{"nertag": "I-PER"}]}, {"base_span": [606, 608], "annotations": [{"nertag": "O"}]}, {"base_span": [609, 615], "annotations": [{"nertag": "O"}]}, {"base_span": [617, 621], "annotations": [{"nertag": "O"}]}, {"base_span": [622, 626], "annotations": [{"nertag": "O"}]}, {"base_span": [627, 632], "annotations": [{"nertag": "O"}]}, {"base_span": [633, 638], "annotations": [{"nertag": "B-PER"}]}, {"base_span": [639, 643], "annotations": [{"nertag": "I-PER"}]}, {"base_span": [644, 649], "annotations": [{"nertag": "O"}]}, {"base_span": [650, 654], "annotations": [{"nertag": "O"}]}, {"base_span": [655, 660], "annotations": [{"nertag": "O"}]}, {"base_span": [661, 663], "annotations": [{"nertag": "O"}]}, {"base_span": [664, 670], "annotations": [{"nertag": "O"}]}, {"base_span": [672, 681], "annotations": [{"nertag": "O"}]}, {"base_span": [682, 692], "annotations": [{"nertag": "B-PER"}]}, {"base_span": [693, 700], "annotations": [{"nertag": "I-PER"}]}, {"base_span": [701, 705], "annotations": [{"nertag": "O"}]}, {"base_span": [706, 708], "annotations": [{"nertag": "O"}]}, {"base_span": [709, 711], "annotations": [{"nertag": "O"}]}, {"base_span": [712, 717], "annotations": [{"nertag": "O"}]}, {"base_span": [718, 723], "annotations": [{"nertag": "O"}]}, {"base_span": [724, 726], "annotations": [{"nertag": "O"}]}, {"base_span": [727, 733], "annotations": [{"nertag": "O"}]}, {"base_span": [734, 741], "annotations": [{"nertag": "O"}]}, {"base_span": [742, 747], "annotations": [{"nertag": "O"}]}, {"base_span": [749, 754], "annotations": [{"nertag": "O"}]}, {"base_span": [755, 761], "annotations": [{"nertag": "O"}]}, {"base_span": [762, 763], "annotations": [{"nertag": "O"}]}, {"base_span": [763, 764], "annotations": [{"nertag": "O"}]}, {"base_span": [764, 769], "annotations": [{"nertag": "B-PER"}]}, {"base_span": [770, 773], "annotations": [{"nertag": "I-PER"}]}, {"base_span": [774, 781], "annotations": [{"nertag": "O"}]}, {"base_span": [782, 787], "annotations": [{"nertag": "O"}]}, {"base_span": [788, 790], "annotations": [{"nertag": "O"}]}, {"base_span": [791, 797], "annotations": [{"nertag": "O"}]}, {"base_span": [799, 800], "annotations": [{"nertag": "O"}]}, {"base_span": [800, 801], "annotations": [{"nertag": "O"}]}, {"base_span": [801, 804], "annotations": [{"nertag": "B-PER"}]}, {"base_span": [805, 810], "annotations": [{"nertag": "I-PER"}]}, {"base_span": [811, 819], "annotations": [{"nertag": "O"}]}, {"base_span": [820, 824], "annotations": [{"nertag": "O"}]}, {"base_span": [825, 827], "annotations": [{"nertag": "O"}]}, {"base_span": [828, 834], "annotations": [{"nertag": "O"}]}, {"base_span": [835, 836], "annotations": [{"nertag": "O"}]}, {"base_span": [836, 837], "annotations": [{"nertag": "O"}]}, {"base_span": [837, 842], "annotations": [{"nertag": "B-PER"}]}, {"base_span": [843, 849], "annotations": [{"nertag": "I-PER"}]}, {"base_span": [850, 858], "annotations": [{"nertag": "O"}]}, {"base_span": [859, 863], "annotations": [{"nertag": "O"}]}, {"base_span": [864, 866], "annotations": [{"nertag": "O"}]}, {"base_span": [867, 873], "annotations": [{"nertag": "O"}]}, {"base_span": [874, 875], "annotations": [{"nertag": "O"}]}, {"base_span": [875, 876], "annotations": [{"nertag": "O"}]}, {"base_span": [876, 881], "annotations": [{"nertag": "B-PER"}]}, {"base_span": [882, 885], "annotations": [{"nertag": "I-PER"}]}, {"base_span": [886, 892], "annotations": [{"nertag": "O"}]}, {"base_span": [893, 898], "annotations": [{"nertag": "O"}]}, {"base_span": [899, 901], "annotations": [{"nertag": "O"}]}, {"base_span": [902, 908], "annotations": [{"nertag": "O"}]}, {"base_span": [910, 917], "annotations": [{"nertag": "O"}]}, {"base_span": [918, 919], "annotations": [{"nertag": "O"}]}, {"base_span": [919, 920], "annotations": [{"nertag": "O"}]}, {"base_span": [920, 926], "annotations": [{"nertag": "B-PER"}]}, {"base_span": [927, 930], "annotations": [{"nertag": "I-PER"}]}, {"base_span": [931, 933], "annotations": [{"nertag": "O"}]}, {"base_span": [934, 940], "annotations": [{"nertag": "O"}]}, {"base_span": [941, 942], "annotations": [{"nertag": "O"}]}, {"base_span": [942, 943], "annotations": [{"nertag": "O"}]}, {"base_span": [945, 950], "annotations": [{"nertag": "B-PER"}]}, {"base_span": [951, 955], "annotations": [{"nertag": "I-PER"}]}, {"base_span": [956, 957], "annotations": [{"nertag": "O"}]}, {"base_span": [957, 958], "annotations": [{"nertag": "O"}]}, {"base_span": [958, 960], "annotations": [{"nertag": "O"}]}, {"base_span": [961, 962], "annotations": [{"nertag": "O"}]}, {"base_span": [962, 963], "annotations": [{"nertag": "O"}]}, {"base_span": [965, 971], "annotations": [{"nertag": "B-PER"}]}, {"base_span": [972, 976], "annotations": [{"nertag": "I-PER"}]}, {"base_span": [977, 979], "annotations": [{"nertag": "O"}]}, {"base_span": [980, 981], "annotations": [{"nertag": "O"}]}, {"base_span": [981, 982], "annotations": [{"nertag": "O"}]}, {"base_span": [983, 984], "annotations": [{"nertag": "O"}]}, {"base_span": [984, 985], "annotations": [{"nertag": "O"}]}, {"base_span": [987, 993], "annotations": [{"nertag": "B-PER"}]}, {"base_span": [994, 1000], "annotations": [{"nertag": "I-PER"}]}, {"base_span": [1001, 1002], "annotations": [{"nertag": "O"}]}, {"base_span": [1002, 1003], "annotations": [{"nertag": "O"}]}, {"base_span": [1003, 1005], "annotations": [{"nertag": "O"}]}, {"base_span": [1007, 1012], "annotations": [{"nertag": "B-PER"}]}, {"base_span": [1013, 1020], "annotations": [{"nertag": "I-PER"}]}, {"base_span": [1021, 1022], "annotations": [{"nertag": "O"}]}, {"base_span": [1022, 1023], "annotations": [{"nertag": "O"}]}, {"base_span": [1023, 1025], "annotations": [{"nertag": "O"}]}, {"base_span": [1026, 1027], "annotations": [{"nertag": "O"}]}, {"base_span": [1027, 1028], "annotations": [{"nertag": "O"}]}, {"base_span": [1030, 1034], "annotations": [{"nertag": "O"}]}, {"base_span": [1035, 1037], "annotations": [{"nertag": "O"}]}, {"base_span": [1038, 1049], "annotations": [{"nertag": "O"}]}, {"base_span": [1050, 1054], "annotations": [{"nertag": "O"}]}]}]}