{"text": "Laekõnno küllast on arra sürnud Perremees Jaan Laurisson ja temma järrele jänud warra on kaks hobbest 38 R: kaks härga 80 Rubla wiis lehma 50 R: kaks Mullikad 13 R: kaks wassikad 3 R: wiis Sigga 14 R: ja 40. Rubla on wõlgo maksa sest rahhast.\nnüüd jääb se wannem poeg Mart Laurisson nende made perremehheks mis tunnistab Kohtomees.\nJuhhan Tomik XXX\nEnniksare Metsawahhi ellajad on Kohtomehhed ülle watanud Tomas Raja ja Andres Reisenpuk ja on nende warra olnud 257 Rubla ja se rahha saab kude jakko jautud siis saab igga üks 42 R: 80 K: ja puhhast rahha on 50 Rubla Jürri Laurissoni käes mis tunnistab Kohtomees\nTomas Raja XXX\n\"\n", "meta": {"origin_directory": "vallakohus_esimene/"}, "layers": [{"name": "gold_ner", "attributes": ["nertag"], "parent": null, "enveloping": null, "ambiguous": false, "serialisation_module": null, "meta": {}, "spans": [{"base_span": [0, 16], "annotations": [{"nertag": "LOC_ORG"}]}, {"base_span": [42, 56], "annotations": [{"nertag": "PER"}]}, {"base_span": [268, 282], "annotations": [{"nertag": "PER"}]}, {"base_span": [332, 344], "annotations": [{"nertag": "PER"}]}, {"base_span": [349, 358], "annotations": [{"nertag": "LOC"}]}, {"base_span": [406, 416], "annotations": [{"nertag": "PER"}]}, {"base_span": [420, 436], "annotations": [{"nertag": "PER"}]}, {"base_span": [566, 582], "annotations": [{"nertag": "PER"}]}, {"base_span": [612, 622], "annotations": [{"nertag": "PER"}]}]}, {"name": "gold_wordner", "attributes": ["nertag"], "parent": null, "enveloping": null, "ambiguous": false, "serialisation_module": null, "meta": {}, "spans": [{"base_span": [0, 8], "annotations": [{"nertag": "B-LOC_ORG"}]}, {"base_span": [9, 16], "annotations": [{"nertag": "I-LOC_ORG"}]}, {"base_span": [17, 19], "annotations": [{"nertag": "O"}]}, {"base_span": [20, 24], "annotations": [{"nertag": "O"}]}, {"base_span": [25, 31], "annotations": [{"nertag": "O"}]}, {"base_span": [32, 41], "annotations": [{"nertag": "O"}]}, {"base_span": [42, 46], "annotations": [{"nertag": "B-PER"}]}, {"base_span": [47, 56], "annotations": [{"nertag": "I-PER"}]}, {"base_span": [57, 59], "annotations": [{"nertag": "O"}]}, {"base_span": [60, 65], "annotations": [{"nertag": "O"}]}, {"base_span": [66, 73], "annotations": [{"nertag": "O"}]}, {"base_span": [74, 79], "annotations": [{"nertag": "O"}]}, {"base_span": [80, 85], "annotations": [{"nertag": "O"}]}, {"base_span": [86, 88], "annotations": [{"nertag": "O"}]}, {"base_span": [89, 93], "annotations": [{"nertag": "O"}]}, {"base_span": [94, 101], "annotations": [{"nertag": "O"}]}, {"base_span": [102, 104], "annotations": [{"nertag": "O"}]}, {"base_span": [105, 106], "annotations": [{"nertag": "O"}]}, {"base_span": [106, 107], "annotations": [{"nertag": "O"}]}, {"base_span": [108, 112], "annotations": [{"nertag": "O"}]}, {"base_span": [113, 118], "annotations": [{"nertag": "O"}]}, {"base_span": [119, 121], "annotations": [{"nertag": "O"}]}, {"base_span": [122, 127], "annotations": [{"nertag": "O"}]}, {"base_span": [128, 132], "annotations": [{"nertag": "O"}]}, {"base_span": [133, 138], "annotations": [{"nertag": "O"}]}, {"base_span": [139, 141], "annotations": [{"nertag": "O"}]}, {"base_span": [142, 143], "annotations": [{"nertag": "O"}]}, {"base_span": [143, 144], "annotations": [{"nertag": "O"}]}, {"base_span": [145, 149], "annotations": [{"nertag": "O"}]}, {"base_span": [150, 158], "annotations": [{"nertag": "O"}]}, {"base_span": [159, 161], "annotations": [{"nertag": "O"}]}, {"base_span": [162, 163], "annotations": [{"nertag": "O"}]}, {"base_span": [163, 164], "annotations": [{"nertag": "O"}]}, {"base_span": [165, 169], "annotations": [{"nertag": "O"}]}, {"base_span": [170, 178], "annotations": [{"nertag": "O"}]}, {"base_span": [179, 180], "annotations": [{"nertag": "O"}]}, {"base_span": [181, 182], "annotations": [{"nertag": "O"}]}, {"base_span": [182, 183], "annotations": [{"nertag": "O"}]}, {"base_span": [184, 188], "annotations": [{"nertag": "O"}]}, {"base_span": [189, 194], "annotations": [{"nertag": "O"}]}, {"base_span": [195, 197], "annotations": [{"nertag": "O"}]}, {"base_span": [198, 199], "annotations": [{"nertag": "O"}]}, {"base_span": [199, 200], "annotations": [{"nertag": "O"}]}, {"base_span": [201, 203], "annotations": [{"nertag": "O"}]}, {"base_span": [204, 207], "annotations": [{"nertag": "O"}]}, {"base_span": [208, 213], "annotations": [{"nertag": "O"}]}, {"base_span": [214, 216], "annotations": [{"nertag": "O"}]}, {"base_span": [217, 222], "annotations": [{"nertag": "O"}]}, {"base_span": [223, 228], "annotations": [{"nertag": "O"}]}, {"base_span": [229, 233], "annotations": [{"nertag": "O"}]}, {"base_span": [234, 241], "annotations": [{"nertag": "O"}]}, {"base_span": [241, 242], "annotations": [{"nertag": "O"}]}, {"base_span": [243, 247], "annotations": [{"nertag": "O"}]}, {"base_span": [248, 252], "annotations": [{"nertag": "O"}]}, {"base_span": [253, 255], "annotations": [{"nertag": "O"}]}, {"base_span": [256, 262], "annotations": [{"nertag": "O"}]}, {"base_span": [263, 267], "annotations": [{"nertag": "O"}]}, {"base_span": [268, 272], "annotations": [{"nertag": "B-PER"}]}, {"base_span": [273, 282], "annotations": [{"nertag": "I-PER"}]}, {"base_span": [283, 288], "annotations": [{"nertag": "O"}]}, {"base_span": [289, 293], "annotations": [{"nertag": "O"}]}, {"base_span": [294, 306], "annotations": [{"nertag": "O"}]}, {"base_span": [307, 310], "annotations": [{"nertag": "O"}]}, {"base_span": [311, 320], "annotations": [{"nertag": "O"}]}, {"base_span": [321, 330], "annotations": [{"nertag": "O"}]}, {"base_span": [330, 331], "annotations": [{"nertag": "O"}]}, {"base_span": [332, 338], "annotations": [{"nertag": "B-PER"}]}, {"base_span": [339, 344], "annotations": [{"nertag": "I-PER"}]}, {"base_span": [345, 348], "annotations": [{"nertag": "O"}]}, {"base_span": [349, 358], "annotations": [{"nertag": "B-LOC"}]}, {"base_span": [359, 369], "annotations": [{"nertag": "O"}]}, {"base_span": [370, 377], "annotations": [{"nertag": "O"}]}, {"base_span": [378, 380], "annotations": [{"nertag": "O"}]}, {"base_span": [381, 392], "annotations": [{"nertag": "O"}]}, {"base_span": [393, 397], "annotations": [{"nertag": "O"}]}, {"base_span": [398, 405], "annotations": [{"nertag": "O"}]}, {"base_span": [406, 411], "annotations": [{"nertag": "B-PER"}]}, {"base_span": [412, 416], "annotations": [{"nertag": "I-PER"}]}, {"base_span": [417, 419], "annotations": [{"nertag": "O"}]}, {"base_span": [420, 426], "annotations": [{"nertag": "B-PER"}]}, {"base_span": [427, 436], "annotations": [{"nertag": "I-PER"}]}, {"base_span": [437, 439], "annotations": [{"nertag": "O"}]}, {"base_span": [440, 442], "annotations": [{"nertag": "O"}]}, {"base_span": [443, 448], "annotations": [{"nertag": "O"}]}, {"base_span": [449, 454], "annotations": [{"nertag": "O"}]}, {"base_span": [455, 460], "annotations": [{"nertag": "O"}]}, {"base_span": [461, 464], "annotations": [{"nertag": "O"}]}, {"base_span": [465, 470], "annotations": [{"nertag": "O"}]}, {"base_span": [471, 473], "annotations": [{"nertag": "O"}]}, {"base_span": [474, 476], "annotations": [{"nertag": "O"}]}, {"base_span": [477, 482], "annotations": [{"nertag": "O"}]}, {"base_span": [483, 487], "annotations": [{"nertag": "O"}]}, {"base_span": [488, 492], "annotations": [{"nertag": "O"}]}, {"base_span": [493, 498], "annotations": [{"nertag": "O"}]}, {"base_span": [499, 505], "annotations": [{"nertag": "O"}]}, {"base_span": [506, 510], "annotations": [{"nertag": "O"}]}, {"base_span": [511, 515], "annotations": [{"nertag": "O"}]}, {"base_span": [516, 520], "annotations": [{"nertag": "O"}]}, {"base_span": [521, 524], "annotations": [{"nertag": "O"}]}, {"base_span": [525, 527], "annotations": [{"nertag": "O"}]}, {"base_span": [528, 529], "annotations": [{"nertag": "O"}]}, {"base_span": [529, 530], "annotations": [{"nertag": "O"}]}, {"base_span": [531, 533], "annotations": [{"nertag": "O"}]}, {"base_span": [534, 535], "annotations": [{"nertag": "O"}]}, {"base_span": [535, 536], "annotations": [{"nertag": "O"}]}, {"base_span": [537, 539], "annotations": [{"nertag": "O"}]}, {"base_span": [540, 547], "annotations": [{"nertag": "O"}]}, {"base_span": [548, 553], "annotations": [{"nertag": "O"}]}, {"base_span": [554, 556], "annotations": [{"nertag": "O"}]}, {"base_span": [557, 559], "annotations": [{"nertag": "O"}]}, {"base_span": [560, 565], "annotations": [{"nertag": "O"}]}, {"base_span": [566, 571], "annotations": [{"nertag": "B-PER"}]}, {"base_span": [572, 582], "annotations": [{"nertag": "I-PER"}]}, {"base_span": [583, 587], "annotations": [{"nertag": "O"}]}, {"base_span": [588, 591], "annotations": [{"nertag": "O"}]}, {"base_span": [592, 601], "annotations": [{"nertag": "O"}]}, {"base_span": [602, 611], "annotations": [{"nertag": "O"}]}, {"base_span": [612, 617], "annotations": [{"nertag": "B-PER"}]}, {"base_span": [618, 622], "annotations": [{"nertag": "I-PER"}]}, {"base_span": [623, 626], "annotations": [{"nertag": "O"}]}, {"base_span": [627, 628], "annotations": [{"nertag": "O"}]}]}]}