{"text": "\nKaibas Kolmeister Kristjan Sarwa, kell seniajani Kolitarre Maa 9 Taaldrid suur ja 1/2 Laritze Maja Maad 10 Taaldrid suur Renti pääl olli, ja koss temma selle perra kah täus 19 Taaldre Rüa mahha tenno, ent wastse Mamõtmisse perra enneki 9 Taaldre Rüa temma Piiri sisse kuknu, ülle Hans Jostowi, kea Laritze Maja Rentnik, ja kelle Maa seniajani 20 Taaldres suur olli, wastse Maamõtmisse perra agga enneki 17 1/2 Taaldred suur jänud, et Jostowi 20 Taaldre Rükkist temmale nattukene mannu moistetaksi; kah peab Kolmeister warsti 7 Rubla Taaldre est Renti maksma, ent Jostowil eddimenne ajasta ilma Rentita Maa käen.\n\nAns Jostow ettekutsutud ja selle perrast küssitud, ütles wälja, et temmal Kontrakti perra Öigus om, kikk Maad, kea temma Piirin, temmal ütsinda pruki ollewad ja näudis weel Kolmeistre kaest Sönnikud hindale.\n\nSai moistetud: Ans Jostow peab 1 1/2 Wakka alla Rükki Kristjan Sarwale andma, kea temmal praegosse Taaldre Arwo perra rohkemb om, nink sap Sönniku Assemele se wanna Tarre Kottus, Kristjan Sarwa ei pruki mitte Sönnikud Jostowile andma, ja saap kah neid Rükki ommale, ketti temma omma Aiama päle tenno om.\n\nSe Moistminne sai §772 &amp; 773 jarrele kulutud.\n\nHindrik Torg XXX Klaosson XXX Lipp  XXX Kulp XXX Koskord XXX\n\n\n", "meta": {"origin_directory": "vallakohus_kolmas/"}, "layers": [{"name": "gold_ner", "attributes": ["nertag"], "parent": null, "enveloping": null, "ambiguous": false, "serialisation_module": null, "meta": {}, "spans": [{"base_span": [19, 33], "annotations": [{"nertag": "PER"}]}, {"base_span": [50, 63], "annotations": [{"nertag": "LOC_ORG"}]}, {"base_span": [87, 99], "annotations": [{"nertag": "LOC_ORG"}]}, {"base_span": [281, 293], "annotations": [{"nertag": "PER"}]}, {"base_span": [299, 311], "annotations": [{"nertag": "LOC_ORG"}]}, {"base_span": [435, 442], "annotations": [{"nertag": "PER"}]}, {"base_span": [564, 572], "annotations": [{"nertag": "PER"}]}, {"base_span": [614, 624], "annotations": [{"nertag": "PER"}]}, {"base_span": [838, 848], "annotations": [{"nertag": "PER"}]}, {"base_span": [877, 893], "annotations": [{"nertag": "PER"}]}, {"base_span": [1002, 1016], "annotations": [{"nertag": "PER"}]}, {"base_span": [1041, 1050], "annotations": [{"nertag": "PER"}]}, {"base_span": [1179, 1191], "annotations": [{"nertag": "PER"}]}, {"base_span": [1196, 1204], "annotations": [{"nertag": "PER"}]}, {"base_span": [1209, 1213], "annotations": [{"nertag": "PER"}]}, {"base_span": [1219, 1223], "annotations": [{"nertag": "PER"}]}, {"base_span": [1228, 1235], "annotations": [{"nertag": "PER"}]}]}, {"name": "gold_wordner", "attributes": ["nertag"], "parent": null, "enveloping": null, "ambiguous": false, "serialisation_module": null, "meta": {}, "spans": [{"base_span": [1, 7], "annotations": [{"nertag": "O"}]}, {"base_span": [8, 18], "annotations": [{"nertag": "O"}]}, {"base_span": [19, 27], "annotations": [{"nertag": "B-PER"}]}, {"base_span": [28, 33], "annotations": [{"nertag": "I-PER"}]}, {"base_span": [33, 34], "annotations": [{"nertag": "O"}]}, {"base_span": [35, 39], "annotations": [{"nertag": "O"}]}, {"base_span": [40, 49], "annotations": [{"nertag": "O"}]}, {"base_span": [50, 59], "annotations": [{"nertag": "B-LOC_ORG"}]}, {"base_span": [60, 63], "annotations": [{"nertag": "I-LOC_ORG"}]}, {"base_span": [64, 65], "annotations": [{"nertag": "O"}]}, {"base_span": [66, 74], "annotations": [{"nertag": "O"}]}, {"base_span": [75, 79], "annotations": [{"nertag": "O"}]}, {"base_span": [80, 82], "annotations": [{"nertag": "O"}]}, {"base_span": [83, 84], "annotations": [{"nertag": "O"}]}, {"base_span": [84, 85], "annotations": [{"nertag": "O"}]}, {"base_span": [85, 86], "annotations": [{"nertag": "O"}]}, {"base_span": [87, 94], "annotations": [{"nertag": "B-LOC_ORG"}]}, {"base_span": [95, 99], "annotations": [{"nertag": "I-LOC_ORG"}]}, {"base_span": [100, 104], "annotations": [{"nertag": "O"}]}, {"base_span": [105, 107], "annotations": [{"nertag": "O"}]}, {"base_span": [108, 116], "annotations": [{"nertag": "O"}]}, {"base_span": [117, 121], "annotations": [{"nertag": "O"}]}, {"base_span": [122, 127], "annotations": [{"nertag": "O"}]}, {"base_span": [128, 132], "annotations": [{"nertag": "O"}]}, {"base_span": [133, 137], "annotations": [{"nertag": "O"}]}, {"base_span": [137, 138], "annotations": [{"nertag": "O"}]}, {"base_span": [139, 141], "annotations": [{"nertag": "O"}]}, {"base_span": [142, 146], "annotations": [{"nertag": "O"}]}, {"base_span": [147, 152], "annotations": [{"nertag": "O"}]}, {"base_span": [153, 158], "annotations": [{"nertag": "O"}]}, {"base_span": [159, 164], "annotations": [{"nertag": "O"}]}, {"base_span": [165, 168], "annotations": [{"nertag": "O"}]}, {"base_span": [169, 173], "annotations": [{"nertag": "O"}]}, {"base_span": [174, 176], "annotations": [{"nertag": "O"}]}, {"base_span": [177, 184], "annotations": [{"nertag": "O"}]}, {"base_span": [185, 188], "annotations": [{"nertag": "O"}]}, {"base_span": [189, 194], "annotations": [{"nertag": "O"}]}, {"base_span": [195, 200], "annotations": [{"nertag": "O"}]}, {"base_span": [200, 201], "annotations": [{"nertag": "O"}]}, {"base_span": [202, 205], "annotations": [{"nertag": "O"}]}, {"base_span": [206, 212], "annotations": [{"nertag": "O"}]}, {"base_span": [213, 223], "annotations": [{"nertag": "O"}]}, {"base_span": [224, 229], "annotations": [{"nertag": "O"}]}, {"base_span": [230, 236], "annotations": [{"nertag": "O"}]}, {"base_span": [237, 238], "annotations": [{"nertag": "O"}]}, {"base_span": [239, 246], "annotations": [{"nertag": "O"}]}, {"base_span": [247, 250], "annotations": [{"nertag": "O"}]}, {"base_span": [251, 256], "annotations": [{"nertag": "O"}]}, {"base_span": [257, 262], "annotations": [{"nertag": "O"}]}, {"base_span": [263, 268], "annotations": [{"nertag": "O"}]}, {"base_span": [269, 274], "annotations": [{"nertag": "O"}]}, {"base_span": [274, 275], "annotations": [{"nertag": "O"}]}, {"base_span": [276, 280], "annotations": [{"nertag": "O"}]}, {"base_span": [281, 285], "annotations": [{"nertag": "B-PER"}]}, {"base_span": [286, 293], "annotations": [{"nertag": "I-PER"}]}, {"base_span": [293, 294], "annotations": [{"nertag": "O"}]}, {"base_span": [295, 298], "annotations": [{"nertag": "O"}]}, {"base_span": [299, 306], "annotations": [{"nertag": "B-LOC_ORG"}]}, {"base_span": [307, 311], "annotations": [{"nertag": "I-LOC_ORG"}]}, {"base_span": [312, 319], "annotations": [{"nertag": "O"}]}, {"base_span": [319, 320], "annotations": [{"nertag": "O"}]}, {"base_span": [321, 323], "annotations": [{"nertag": "O"}]}, {"base_span": [324, 329], "annotations": [{"nertag": "O"}]}, {"base_span": [330, 333], "annotations": [{"nertag": "O"}]}, {"base_span": [334, 343], "annotations": [{"nertag": "O"}]}, {"base_span": [344, 346], "annotations": [{"nertag": "O"}]}, {"base_span": [347, 355], "annotations": [{"nertag": "O"}]}, {"base_span": [356, 360], "annotations": [{"nertag": "O"}]}, {"base_span": [361, 365], "annotations": [{"nertag": "O"}]}, {"base_span": [365, 366], "annotations": [{"nertag": "O"}]}, {"base_span": [367, 373], "annotations": [{"nertag": "O"}]}, {"base_span": [374, 385], "annotations": [{"nertag": "O"}]}, {"base_span": [386, 391], "annotations": [{"nertag": "O"}]}, {"base_span": [392, 396], "annotations": [{"nertag": "O"}]}, {"base_span": [397, 403], "annotations": [{"nertag": "O"}]}, {"base_span": [404, 406], "annotations": [{"nertag": "O"}]}, {"base_span": [407, 408], "annotations": [{"nertag": "O"}]}, {"base_span": [408, 409], "annotations": [{"nertag": "O"}]}, {"base_span": [409, 410], "annotations": [{"nertag": "O"}]}, {"base_span": [411, 419], "annotations": [{"nertag": "O"}]}, {"base_span": [420, 424], "annotations": [{"nertag": "O"}]}, {"base_span": [425, 430], "annotations": [{"nertag": "O"}]}, {"base_span": [430, 431], "annotations": [{"nertag": "O"}]}, {"base_span": [432, 434], "annotations": [{"nertag": "O"}]}, {"base_span": [435, 442], "annotations": [{"nertag": "B-PER"}]}, {"base_span": [443, 445], "annotations": [{"nertag": "O"}]}, {"base_span": [446, 453], "annotations": [{"nertag": "O"}]}, {"base_span": [454, 461], "annotations": [{"nertag": "O"}]}, {"base_span": [462, 469], "annotations": [{"nertag": "O"}]}, {"base_span": [470, 479], "annotations": [{"nertag": "O"}]}, {"base_span": [480, 485], "annotations": [{"nertag": "O"}]}, {"base_span": [486, 497], "annotations": [{"nertag": "O"}]}, {"base_span": [497, 498], "annotations": [{"nertag": "O"}]}, {"base_span": [499, 502], "annotations": [{"nertag": "O"}]}, {"base_span": [503, 507], "annotations": [{"nertag": "O"}]}, {"base_span": [508, 518], "annotations": [{"nertag": "O"}]}, {"base_span": [519, 525], "annotations": [{"nertag": "O"}]}, {"base_span": [526, 527], "annotations": [{"nertag": "O"}]}, {"base_span": [528, 533], "annotations": [{"nertag": "O"}]}, {"base_span": [534, 541], "annotations": [{"nertag": "O"}]}, {"base_span": [542, 545], "annotations": [{"nertag": "O"}]}, {"base_span": [546, 551], "annotations": [{"nertag": "O"}]}, {"base_span": [552, 558], "annotations": [{"nertag": "O"}]}, {"base_span": [558, 559], "annotations": [{"nertag": "O"}]}, {"base_span": [560, 563], "annotations": [{"nertag": "O"}]}, {"base_span": [564, 572], "annotations": [{"nertag": "B-PER"}]}, {"base_span": [573, 582], "annotations": [{"nertag": "O"}]}, {"base_span": [583, 589], "annotations": [{"nertag": "O"}]}, {"base_span": [590, 594], "annotations": [{"nertag": "O"}]}, {"base_span": [595, 602], "annotations": [{"nertag": "O"}]}, {"base_span": [603, 606], "annotations": [{"nertag": "O"}]}, {"base_span": [607, 611], "annotations": [{"nertag": "O"}]}, {"base_span": [611, 612], "annotations": [{"nertag": "O"}]}, {"base_span": [614, 617], "annotations": [{"nertag": "B-PER"}]}, {"base_span": [618, 624], "annotations": [{"nertag": "I-PER"}]}, {"base_span": [625, 637], "annotations": [{"nertag": "O"}]}, {"base_span": [638, 640], "annotations": [{"nertag": "O"}]}, {"base_span": [641, 646], "annotations": [{"nertag": "O"}]}, {"base_span": [647, 654], "annotations": [{"nertag": "O"}]}, {"base_span": [655, 663], "annotations": [{"nertag": "O"}]}, {"base_span": [663, 664], "annotations": [{"nertag": "O"}]}, {"base_span": [665, 670], "annotations": [{"nertag": "O"}]}, {"base_span": [671, 676], "annotations": [{"nertag": "O"}]}, {"base_span": [676, 677], "annotations": [{"nertag": "O"}]}, {"base_span": [678, 680], "annotations": [{"nertag": "O"}]}, {"base_span": [681, 687], "annotations": [{"nertag": "O"}]}, {"base_span": [688, 697], "annotations": [{"nertag": "O"}]}, {"base_span": [698, 703], "annotations": [{"nertag": "O"}]}, {"base_span": [704, 709], "annotations": [{"nertag": "O"}]}, {"base_span": [710, 712], "annotations": [{"nertag": "O"}]}, {"base_span": [712, 713], "annotations": [{"nertag": "O"}]}, {"base_span": [714, 718], "annotations": [{"nertag": "O"}]}, {"base_span": [719, 723], "annotations": [{"nertag": "O"}]}, {"base_span": [723, 724], "annotations": [{"nertag": "O"}]}, {"base_span": [725, 728], "annotations": [{"nertag": "O"}]}, {"base_span": [729, 734], "annotations": [{"nertag": "O"}]}, {"base_span": [735, 741], "annotations": [{"nertag": "O"}]}, {"base_span": [741, 742], "annotations": [{"nertag": "O"}]}, {"base_span": [743, 749], "annotations": [{"nertag": "O"}]}, {"base_span": [750, 757], "annotations": [{"nertag": "O"}]}, {"base_span": [758, 763], "annotations": [{"nertag": "O"}]}, {"base_span": [764, 771], "annotations": [{"nertag": "O"}]}, {"base_span": [772, 774], "annotations": [{"nertag": "O"}]}, {"base_span": [775, 781], "annotations": [{"nertag": "O"}]}, {"base_span": [782, 786], "annotations": [{"nertag": "O"}]}, {"base_span": [787, 797], "annotations": [{"nertag": "O"}]}, {"base_span": [798, 803], "annotations": [{"nertag": "O"}]}, {"base_span": [804, 812], "annotations": [{"nertag": "O"}]}, {"base_span": [813, 820], "annotations": [{"nertag": "O"}]}, {"base_span": [820, 821], "annotations": [{"nertag": "O"}]}, {"base_span": [823, 826], "annotations": [{"nertag": "O"}]}, {"base_span": [827, 836], "annotations": [{"nertag": "O"}]}, {"base_span": [836, 837], "annotations": [{"nertag": "O"}]}, {"base_span": [838, 841], "annotations": [{"nertag": "B-PER"}]}, {"base_span": [842, 848], "annotations": [{"nertag": "I-PER"}]}, {"base_span": [849, 853], "annotations": [{"nertag": "O"}]}, {"base_span": [854, 855], "annotations": [{"nertag": "O"}]}, {"base_span": [856, 857], "annotations": [{"nertag": "O"}]}, {"base_span": [857, 858], "annotations": [{"nertag": "O"}]}, {"base_span": [858, 859], "annotations": [{"nertag": "O"}]}, {"base_span": [860, 865], "annotations": [{"nertag": "O"}]}, {"base_span": [866, 870], "annotations": [{"nertag": "O"}]}, {"base_span": [871, 876], "annotations": [{"nertag": "O"}]}, {"base_span": [877, 885], "annotations": [{"nertag": "B-PER"}]}, {"base_span": [886, 893], "annotations": [{"nertag": "I-PER"}]}, {"base_span": [894, 899], "annotations": [{"nertag": "O"}]}, {"base_span": [899, 900], "annotations": [{"nertag": "O"}]}, {"base_span": [901, 904], "annotations": [{"nertag": "O"}]}, {"base_span": [905, 911], "annotations": [{"nertag": "O"}]}, {"base_span": [912, 921], "annotations": [{"nertag": "O"}]}, {"base_span": [922, 929], "annotations": [{"nertag": "O"}]}, {"base_span": [930, 934], "annotations": [{"nertag": "O"}]}, {"base_span": [935, 940], "annotations": [{"nertag": "O"}]}, {"base_span": [941, 948], "annotations": [{"nertag": "O"}]}, {"base_span": [949, 951], "annotations": [{"nertag": "O"}]}, {"base_span": [951, 952], "annotations": [{"nertag": "O"}]}, {"base_span": [953, 957], "annotations": [{"nertag": "O"}]}, {"base_span": [958, 961], "annotations": [{"nertag": "O"}]}, {"base_span": [962, 969], "annotations": [{"nertag": "O"}]}, {"base_span": [970, 978], "annotations": [{"nertag": "O"}]}, {"base_span": [979, 981], "annotations": [{"nertag": "O"}]}, {"base_span": [982, 987], "annotations": [{"nertag": "O"}]}, {"base_span": [988, 993], "annotations": [{"nertag": "O"}]}, {"base_span": [994, 1000], "annotations": [{"nertag": "O"}]}, {"base_span": [1000, 1001], "annotations": [{"nertag": "O"}]}, {"base_span": [1002, 1010], "annotations": [{"nertag": "B-PER"}]}, {"base_span": [1011, 1016], "annotations": [{"nertag": "I-PER"}]}, {"base_span": [1017, 1019], "annotations": [{"nertag": "O"}]}, {"base_span": [1020, 1025], "annotations": [{"nertag": "O"}]}, {"base_span": [1026, 1031], "annotations": [{"nertag": "O"}]}, {"base_span": [1032, 1040], "annotations": [{"nertag": "O"}]}, {"base_span": [1041, 1050], "annotations": [{"nertag": "B-PER"}]}, {"base_span": [1051, 1056], "annotations": [{"nertag": "O"}]}, {"base_span": [1056, 1057], "annotations": [{"nertag": "O"}]}, {"base_span": [1058, 1060], "annotations": [{"nertag": "O"}]}, {"base_span": [1061, 1065], "annotations": [{"nertag": "O"}]}, {"base_span": [1066, 1069], "annotations": [{"nertag": "O"}]}, {"base_span": [1070, 1074], "annotations": [{"nertag": "O"}]}, {"base_span": [1075, 1080], "annotations": [{"nertag": "O"}]}, {"base_span": [1081, 1087], "annotations": [{"nertag": "O"}]}, {"base_span": [1087, 1088], "annotations": [{"nertag": "O"}]}, {"base_span": [1089, 1094], "annotations": [{"nertag": "O"}]}, {"base_span": [1095, 1100], "annotations": [{"nertag": "O"}]}, {"base_span": [1101, 1105], "annotations": [{"nertag": "O"}]}, {"base_span": [1106, 1111], "annotations": [{"nertag": "O"}]}, {"base_span": [1112, 1116], "annotations": [{"nertag": "O"}]}, {"base_span": [1117, 1122], "annotations": [{"nertag": "O"}]}, {"base_span": [1123, 1125], "annotations": [{"nertag": "O"}]}, {"base_span": [1125, 1126], "annotations": [{"nertag": "O"}]}, {"base_span": [1128, 1130], "annotations": [{"nertag": "O"}]}, {"base_span": [1131, 1141], "annotations": [{"nertag": "O"}]}, {"base_span": [1142, 1145], "annotations": [{"nertag": "O"}]}, {"base_span": [1146, 1147], "annotations": [{"nertag": "O"}]}, {"base_span": [1147, 1150], "annotations": [{"nertag": "O"}]}, {"base_span": [1151, 1152], "annotations": [{"nertag": "O"}]}, {"base_span": [1152, 1155], "annotations": [{"nertag": "O"}]}, {"base_span": [1155, 1156], "annotations": [{"nertag": "O"}]}, {"base_span": [1157, 1160], "annotations": [{"nertag": "O"}]}, {"base_span": [1161, 1168], "annotations": [{"nertag": "O"}]}, {"base_span": [1169, 1176], "annotations": [{"nertag": "O"}]}, {"base_span": [1176, 1177], "annotations": [{"nertag": "O"}]}, {"base_span": [1179, 1186], "annotations": [{"nertag": "B-PER"}]}, {"base_span": [1187, 1191], "annotations": [{"nertag": "I-PER"}]}, {"base_span": [1192, 1195], "annotations": [{"nertag": "O"}]}, {"base_span": [1196, 1204], "annotations": [{"nertag": "B-PER"}]}, {"base_span": [1205, 1208], "annotations": [{"nertag": "O"}]}, {"base_span": [1209, 1213], "annotations": [{"nertag": "B-PER"}]}, {"base_span": [1215, 1218], "annotations": [{"nertag": "O"}]}, {"base_span": [1219, 1223], "annotations": [{"nertag": "B-PER"}]}, {"base_span": [1224, 1227], "annotations": [{"nertag": "O"}]}, {"base_span": [1228, 1235], "annotations": [{"nertag": "B-PER"}]}, {"base_span": [1236, 1239], "annotations": [{"nertag": "O"}]}]}]}