{"text": "\nMoisa wallitsus töstis selle ülle kaebdust et walla tööorjusse maapiddajad tallopoead tähtpäewal ei mingisugguse nõuga moisa ei tulle omma teopulka selletama, waid sesinnaste pulgaselletusse teise ehk ka kolmanda selletamisse paiva peale jätwad - mönned ka kaueminni, kui Hannus Willa, kes ennam kui 9 kuud selle tarwis moisa ei olle tulnud - et kül on moisa poolt lubbatud, neid iggal aeal pulgaselletamisse wahhe aeal ette wötta, kui ühhe ehk teise wigga pärrast tähtpäewal ei olle sanud tulla; - wiggal agga peab ka üks tõssine pöhhi ollema, ja mitte koeruste pärrast wälja mötteldud.\n\nEt nüüd sedda alwa ammetid opis ärra kaotada, sai Kohtust heaks kidetud, Kohtust ning moisa wallitsust kinnitud, et moisa sellest tallopoeast, kes teopäewade selletamiste teise tähtpaewani jättab selletamatta, 2 teopäwa - üks hobbese ja üks jallapääw - trahwiks kustutamatta jättab, kes kolmanda tähtpawani ei selleta, sedda ka 4 päwaga trahwida, ning sedda wörs eddasi. Siis-gi jääb ka selle jures se wiis ülles, et moisa sedda tallopoega, kes ühhe selge wigga pärrast sel tähtpawal just ei olle sanud tulla, sedda ka iggal aeal enne teist selletamist ette wöttab, ning opis trahwimatta jättab.\n\n\n", "meta": {"origin_directory": "vallakohus_neljas/"}, "layers": [{"name": "gold_ner", "attributes": ["nertag"], "parent": null, "enveloping": null, "ambiguous": false, "serialisation_module": null, "meta": {}, "spans": [{"base_span": [273, 285], "annotations": [{"nertag": "PER"}]}]}, {"name": "gold_wordner", "attributes": ["nertag"], "parent": null, "enveloping": null, "ambiguous": false, "serialisation_module": null, "meta": {}, "spans": [{"base_span": [1, 6], "annotations": [{"nertag": "O"}]}, {"base_span": [7, 16], "annotations": [{"nertag": "O"}]}, {"base_span": [17, 23], "annotations": [{"nertag": "O"}]}, {"base_span": [24, 29], "annotations": [{"nertag": "O"}]}, {"base_span": [30, 34], "annotations": [{"nertag": "O"}]}, {"base_span": [35, 43], "annotations": [{"nertag": "O"}]}, {"base_span": [44, 46], "annotations": [{"nertag": "O"}]}, {"base_span": [47, 52], "annotations": [{"nertag": "O"}]}, {"base_span": [53, 63], "annotations": [{"nertag": "O"}]}, {"base_span": [64, 75], "annotations": [{"nertag": "O"}]}, {"base_span": [76, 86], "annotations": [{"nertag": "O"}]}, {"base_span": [87, 97], "annotations": [{"nertag": "O"}]}, {"base_span": [98, 100], "annotations": [{"nertag": "O"}]}, {"base_span": [101, 113], "annotations": [{"nertag": "O"}]}, {"base_span": [114, 119], "annotations": [{"nertag": "O"}]}, {"base_span": [120, 125], "annotations": [{"nertag": "O"}]}, {"base_span": [126, 128], "annotations": [{"nertag": "O"}]}, {"base_span": [129, 134], "annotations": [{"nertag": "O"}]}, {"base_span": [135, 139], "annotations": [{"nertag": "O"}]}, {"base_span": [140, 148], "annotations": [{"nertag": "O"}]}, {"base_span": [149, 158], "annotations": [{"nertag": "O"}]}, {"base_span": [158, 159], "annotations": [{"nertag": "O"}]}, {"base_span": [160, 164], "annotations": [{"nertag": "O"}]}, {"base_span": [165, 175], "annotations": [{"nertag": "O"}]}, {"base_span": [176, 191], "annotations": [{"nertag": "O"}]}, {"base_span": [192, 197], "annotations": [{"nertag": "O"}]}, {"base_span": [198, 201], "annotations": [{"nertag": "O"}]}, {"base_span": [202, 204], "annotations": [{"nertag": "O"}]}, {"base_span": [205, 213], "annotations": [{"nertag": "O"}]}, {"base_span": [214, 226], "annotations": [{"nertag": "O"}]}, {"base_span": [227, 232], "annotations": [{"nertag": "O"}]}, {"base_span": [233, 238], "annotations": [{"nertag": "O"}]}, {"base_span": [239, 245], "annotations": [{"nertag": "O"}]}, {"base_span": [246, 247], "annotations": [{"nertag": "O"}]}, {"base_span": [248, 254], "annotations": [{"nertag": "O"}]}, {"base_span": [255, 257], "annotations": [{"nertag": "O"}]}, {"base_span": [258, 267], "annotations": [{"nertag": "O"}]}, {"base_span": [267, 268], "annotations": [{"nertag": "O"}]}, {"base_span": [269, 272], "annotations": [{"nertag": "O"}]}, {"base_span": [273, 279], "annotations": [{"nertag": "B-PER"}]}, {"base_span": [280, 285], "annotations": [{"nertag": "I-PER"}]}, {"base_span": [285, 286], "annotations": [{"nertag": "O"}]}, {"base_span": [287, 290], "annotations": [{"nertag": "O"}]}, {"base_span": [291, 296], "annotations": [{"nertag": "O"}]}, {"base_span": [297, 300], "annotations": [{"nertag": "O"}]}, {"base_span": [301, 302], "annotations": [{"nertag": "O"}]}, {"base_span": [303, 307], "annotations": [{"nertag": "O"}]}, {"base_span": [308, 313], "annotations": [{"nertag": "O"}]}, {"base_span": [314, 320], "annotations": [{"nertag": "O"}]}, {"base_span": [321, 326], "annotations": [{"nertag": "O"}]}, {"base_span": [327, 329], "annotations": [{"nertag": "O"}]}, {"base_span": [330, 334], "annotations": [{"nertag": "O"}]}, {"base_span": [335, 341], "annotations": [{"nertag": "O"}]}, {"base_span": [342, 343], "annotations": [{"nertag": "O"}]}, {"base_span": [344, 346], "annotations": [{"nertag": "O"}]}, {"base_span": [347, 350], "annotations": [{"nertag": "O"}]}, {"base_span": [351, 353], "annotations": [{"nertag": "O"}]}, {"base_span": [354, 359], "annotations": [{"nertag": "O"}]}, {"base_span": [360, 365], "annotations": [{"nertag": "O"}]}, {"base_span": [366, 374], "annotations": [{"nertag": "O"}]}, {"base_span": [374, 375], "annotations": [{"nertag": "O"}]}, {"base_span": [376, 380], "annotations": [{"nertag": "O"}]}, {"base_span": [381, 386], "annotations": [{"nertag": "O"}]}, {"base_span": [387, 391], "annotations": [{"nertag": "O"}]}, {"base_span": [392, 409], "annotations": [{"nertag": "O"}]}, {"base_span": [410, 415], "annotations": [{"nertag": "O"}]}, {"base_span": [416, 420], "annotations": [{"nertag": "O"}]}, {"base_span": [421, 425], "annotations": [{"nertag": "O"}]}, {"base_span": [426, 431], "annotations": [{"nertag": "O"}]}, {"base_span": [431, 432], "annotations": [{"nertag": "O"}]}, {"base_span": [433, 436], "annotations": [{"nertag": "O"}]}, {"base_span": [437, 441], "annotations": [{"nertag": "O"}]}, {"base_span": [442, 445], "annotations": [{"nertag": "O"}]}, {"base_span": [446, 451], "annotations": [{"nertag": "O"}]}, {"base_span": [452, 457], "annotations": [{"nertag": "O"}]}, {"base_span": [458, 465], "annotations": [{"nertag": "O"}]}, {"base_span": [466, 476], "annotations": [{"nertag": "O"}]}, {"base_span": [477, 479], "annotations": [{"nertag": "O"}]}, {"base_span": [480, 484], "annotations": [{"nertag": "O"}]}, {"base_span": [485, 490], "annotations": [{"nertag": "O"}]}, {"base_span": [491, 496], "annotations": [{"nertag": "O"}]}, {"base_span": [496, 497], "annotations": [{"nertag": "O"}]}, {"base_span": [498, 499], "annotations": [{"nertag": "O"}]}, {"base_span": [500, 506], "annotations": [{"nertag": "O"}]}, {"base_span": [507, 511], "annotations": [{"nertag": "O"}]}, {"base_span": [512, 516], "annotations": [{"nertag": "O"}]}, {"base_span": [517, 519], "annotations": [{"nertag": "O"}]}, {"base_span": [520, 523], "annotations": [{"nertag": "O"}]}, {"base_span": [524, 531], "annotations": [{"nertag": "O"}]}, {"base_span": [532, 537], "annotations": [{"nertag": "O"}]}, {"base_span": [538, 544], "annotations": [{"nertag": "O"}]}, {"base_span": [544, 545], "annotations": [{"nertag": "O"}]}, {"base_span": [546, 548], "annotations": [{"nertag": "O"}]}, {"base_span": [549, 554], "annotations": [{"nertag": "O"}]}, {"base_span": [555, 563], "annotations": [{"nertag": "O"}]}, {"base_span": [564, 571], "annotations": [{"nertag": "O"}]}, {"base_span": [572, 577], "annotations": [{"nertag": "O"}]}, {"base_span": [578, 587], "annotations": [{"nertag": "O"}]}, {"base_span": [587, 588], "annotations": [{"nertag": "O"}]}, {"base_span": [590, 592], "annotations": [{"nertag": "O"}]}, {"base_span": [593, 597], "annotations": [{"nertag": "O"}]}, {"base_span": [598, 603], "annotations": [{"nertag": "O"}]}, {"base_span": [604, 608], "annotations": [{"nertag": "O"}]}, {"base_span": [609, 616], "annotations": [{"nertag": "O"}]}, {"base_span": [617, 621], "annotations": [{"nertag": "O"}]}, {"base_span": [622, 626], "annotations": [{"nertag": "O"}]}, {"base_span": [627, 634], "annotations": [{"nertag": "O"}]}, {"base_span": [634, 635], "annotations": [{"nertag": "O"}]}, {"base_span": [636, 639], "annotations": [{"nertag": "O"}]}, {"base_span": [640, 647], "annotations": [{"nertag": "O"}]}, {"base_span": [648, 653], "annotations": [{"nertag": "O"}]}, {"base_span": [654, 661], "annotations": [{"nertag": "O"}]}, {"base_span": [661, 662], "annotations": [{"nertag": "O"}]}, {"base_span": [663, 670], "annotations": [{"nertag": "O"}]}, {"base_span": [671, 675], "annotations": [{"nertag": "O"}]}, {"base_span": [676, 681], "annotations": [{"nertag": "O"}]}, {"base_span": [682, 692], "annotations": [{"nertag": "O"}]}, {"base_span": [693, 701], "annotations": [{"nertag": "O"}]}, {"base_span": [701, 702], "annotations": [{"nertag": "O"}]}, {"base_span": [703, 705], "annotations": [{"nertag": "O"}]}, {"base_span": [706, 711], "annotations": [{"nertag": "O"}]}, {"base_span": [712, 719], "annotations": [{"nertag": "O"}]}, {"base_span": [720, 731], "annotations": [{"nertag": "O"}]}, {"base_span": [731, 732], "annotations": [{"nertag": "O"}]}, {"base_span": [733, 736], "annotations": [{"nertag": "O"}]}, {"base_span": [737, 747], "annotations": [{"nertag": "O"}]}, {"base_span": [748, 760], "annotations": [{"nertag": "O"}]}, {"base_span": [761, 766], "annotations": [{"nertag": "O"}]}, {"base_span": [767, 778], "annotations": [{"nertag": "O"}]}, {"base_span": [779, 785], "annotations": [{"nertag": "O"}]}, {"base_span": [786, 798], "annotations": [{"nertag": "O"}]}, {"base_span": [798, 799], "annotations": [{"nertag": "O"}]}, {"base_span": [800, 801], "annotations": [{"nertag": "O"}]}, {"base_span": [802, 809], "annotations": [{"nertag": "O"}]}, {"base_span": [810, 811], "annotations": [{"nertag": "O"}]}, {"base_span": [812, 815], "annotations": [{"nertag": "O"}]}, {"base_span": [816, 823], "annotations": [{"nertag": "O"}]}, {"base_span": [824, 826], "annotations": [{"nertag": "O"}]}, {"base_span": [827, 830], "annotations": [{"nertag": "O"}]}, {"base_span": [831, 840], "annotations": [{"nertag": "O"}]}, {"base_span": [841, 842], "annotations": [{"nertag": "O"}]}, {"base_span": [843, 851], "annotations": [{"nertag": "O"}]}, {"base_span": [852, 864], "annotations": [{"nertag": "O"}]}, {"base_span": [865, 871], "annotations": [{"nertag": "O"}]}, {"base_span": [871, 872], "annotations": [{"nertag": "O"}]}, {"base_span": [873, 876], "annotations": [{"nertag": "O"}]}, {"base_span": [877, 885], "annotations": [{"nertag": "O"}]}, {"base_span": [886, 896], "annotations": [{"nertag": "O"}]}, {"base_span": [897, 899], "annotations": [{"nertag": "O"}]}, {"base_span": [900, 907], "annotations": [{"nertag": "O"}]}, {"base_span": [907, 908], "annotations": [{"nertag": "O"}]}, {"base_span": [909, 914], "annotations": [{"nertag": "O"}]}, {"base_span": [915, 917], "annotations": [{"nertag": "O"}]}, {"base_span": [918, 919], "annotations": [{"nertag": "O"}]}, {"base_span": [920, 926], "annotations": [{"nertag": "O"}]}, {"base_span": [927, 935], "annotations": [{"nertag": "O"}]}, {"base_span": [935, 936], "annotations": [{"nertag": "O"}]}, {"base_span": [937, 941], "annotations": [{"nertag": "O"}]}, {"base_span": [942, 947], "annotations": [{"nertag": "O"}]}, {"base_span": [948, 952], "annotations": [{"nertag": "O"}]}, {"base_span": [953, 959], "annotations": [{"nertag": "O"}]}, {"base_span": [959, 960], "annotations": [{"nertag": "O"}]}, {"base_span": [961, 965], "annotations": [{"nertag": "O"}]}, {"base_span": [965, 966], "annotations": [{"nertag": "O"}]}, {"base_span": [966, 968], "annotations": [{"nertag": "O"}]}, {"base_span": [969, 973], "annotations": [{"nertag": "O"}]}, {"base_span": [974, 976], "annotations": [{"nertag": "O"}]}, {"base_span": [977, 982], "annotations": [{"nertag": "O"}]}, {"base_span": [983, 988], "annotations": [{"nertag": "O"}]}, {"base_span": [989, 991], "annotations": [{"nertag": "O"}]}, {"base_span": [992, 996], "annotations": [{"nertag": "O"}]}, {"base_span": [997, 1002], "annotations": [{"nertag": "O"}]}, {"base_span": [1002, 1003], "annotations": [{"nertag": "O"}]}, {"base_span": [1004, 1006], "annotations": [{"nertag": "O"}]}, {"base_span": [1007, 1012], "annotations": [{"nertag": "O"}]}, {"base_span": [1013, 1018], "annotations": [{"nertag": "O"}]}, {"base_span": [1019, 1029], "annotations": [{"nertag": "O"}]}, {"base_span": [1029, 1030], "annotations": [{"nertag": "O"}]}, {"base_span": [1031, 1034], "annotations": [{"nertag": "O"}]}, {"base_span": [1035, 1039], "annotations": [{"nertag": "O"}]}, {"base_span": [1040, 1045], "annotations": [{"nertag": "O"}]}, {"base_span": [1046, 1051], "annotations": [{"nertag": "O"}]}, {"base_span": [1052, 1059], "annotations": [{"nertag": "O"}]}, {"base_span": [1060, 1063], "annotations": [{"nertag": "O"}]}, {"base_span": [1064, 1073], "annotations": [{"nertag": "O"}]}, {"base_span": [1074, 1078], "annotations": [{"nertag": "O"}]}, {"base_span": [1079, 1081], "annotations": [{"nertag": "O"}]}, {"base_span": [1082, 1086], "annotations": [{"nertag": "O"}]}, {"base_span": [1087, 1092], "annotations": [{"nertag": "O"}]}, {"base_span": [1093, 1098], "annotations": [{"nertag": "O"}]}, {"base_span": [1098, 1099], "annotations": [{"nertag": "O"}]}, {"base_span": [1100, 1105], "annotations": [{"nertag": "O"}]}, {"base_span": [1106, 1108], "annotations": [{"nertag": "O"}]}, {"base_span": [1109, 1114], "annotations": [{"nertag": "O"}]}, {"base_span": [1115, 1119], "annotations": [{"nertag": "O"}]}, {"base_span": [1120, 1124], "annotations": [{"nertag": "O"}]}, {"base_span": [1125, 1130], "annotations": [{"nertag": "O"}]}, {"base_span": [1131, 1142], "annotations": [{"nertag": "O"}]}, {"base_span": [1143, 1147], "annotations": [{"nertag": "O"}]}, {"base_span": [1148, 1154], "annotations": [{"nertag": "O"}]}, {"base_span": [1154, 1155], "annotations": [{"nertag": "O"}]}, {"base_span": [1156, 1160], "annotations": [{"nertag": "O"}]}, {"base_span": [1161, 1165], "annotations": [{"nertag": "O"}]}, {"base_span": [1166, 1177], "annotations": [{"nertag": "O"}]}, {"base_span": [1178, 1184], "annotations": [{"nertag": "O"}]}, {"base_span": [1184, 1185], "annotations": [{"nertag": "O"}]}]}]}