{"text": "\nKaibasiwad Johan ja Peter Krips, Kripsi Tallo PerrisOmmanikud, et neide Kodapolik Michel Kries ei tahha neile middagi tolle est hääd tetta, et temma neide Maa pääl ellab nink temma Ellaja neide Maa päält Uellespiddamist läudwa; nimmelt ollewad Kries üttelno, et se ei ollewad mitte neide Urtsik, koss sissen temma, Kries, ellap ja ketta nemmad Kokko muido Tallohonnetega ostnud.\n\nMichel Kries ettekutsutud ja se Asja perrast küssitud, wastotas, et se Urtzik jobba enne Kripsi Perremeste Maja Perris osmist temma omma olnud, ja ka nüüd temma omma om, nink et temma kül olles neile, neide tahtmisse perra päiwi tenno, ent ei ollewad nemmad tedda konnagi mitte Tühha kutsnud.\n\nSai moistetud: Se Urtzid om Kripsi Perremeeste perris omma nink peab Michel Kries Perremeestega Lepping teggema, et temma säl ellada woib.\n\nSe Moistminne sai §772 &amp; 773 järrele kulutud.\n\nHindrik Torg XXX Joh. Klaosson XXX Peter Kulp XXX Hindrik Lipson XXX  Jaan Tennosar XXX\n\n\n", "meta": {"origin_directory": "vallakohus_kolmas/"}, "layers": [{"name": "gold_ner", "attributes": ["nertag"], "parent": null, "enveloping": null, "ambiguous": false, "serialisation_module": null, "meta": {}, "spans": [{"base_span": [12, 17], "annotations": [{"nertag": "PER"}]}, {"base_span": [21, 32], "annotations": [{"nertag": "PER"}]}, {"base_span": [34, 46], "annotations": [{"nertag": "LOC_ORG"}]}, {"base_span": [83, 95], "annotations": [{"nertag": "PER"}]}, {"base_span": [245, 250], "annotations": [{"nertag": "PER"}]}, {"base_span": [316, 321], "annotations": [{"nertag": "PER"}]}, {"base_span": [381, 393], "annotations": [{"nertag": "PER"}]}, {"base_span": [470, 476], "annotations": [{"nertag": "PER"}]}, {"base_span": [703, 709], "annotations": [{"nertag": "PER"}]}, {"base_span": [744, 756], "annotations": [{"nertag": "PER"}]}, {"base_span": [866, 878], "annotations": [{"nertag": "PER"}]}, {"base_span": [883, 896], "annotations": [{"nertag": "PER"}]}, {"base_span": [901, 911], "annotations": [{"nertag": "PER"}]}, {"base_span": [916, 930], "annotations": [{"nertag": "PER"}]}, {"base_span": [936, 949], "annotations": [{"nertag": "PER"}]}]}, {"name": "gold_wordner", "attributes": ["nertag"], "parent": null, "enveloping": null, "ambiguous": false, "serialisation_module": null, "meta": {}, "spans": [{"base_span": [1, 11], "annotations": [{"nertag": "O"}]}, {"base_span": [12, 17], "annotations": [{"nertag": "B-PER"}]}, {"base_span": [18, 20], "annotations": [{"nertag": "O"}]}, {"base_span": [21, 26], "annotations": [{"nertag": "B-PER"}]}, {"base_span": [27, 32], "annotations": [{"nertag": "I-PER"}]}, {"base_span": [32, 33], "annotations": [{"nertag": "O"}]}, {"base_span": [34, 40], "annotations": [{"nertag": "B-LOC_ORG"}]}, {"base_span": [41, 46], "annotations": [{"nertag": "I-LOC_ORG"}]}, {"base_span": [47, 53], "annotations": [{"nertag": "O"}]}, {"base_span": [53, 62], "annotations": [{"nertag": "O"}]}, {"base_span": [62, 63], "annotations": [{"nertag": "O"}]}, {"base_span": [64, 66], "annotations": [{"nertag": "O"}]}, {"base_span": [67, 72], "annotations": [{"nertag": "O"}]}, {"base_span": [73, 82], "annotations": [{"nertag": "O"}]}, {"base_span": [83, 89], "annotations": [{"nertag": "B-PER"}]}, {"base_span": [90, 95], "annotations": [{"nertag": "I-PER"}]}, {"base_span": [96, 98], "annotations": [{"nertag": "O"}]}, {"base_span": [99, 104], "annotations": [{"nertag": "O"}]}, {"base_span": [105, 110], "annotations": [{"nertag": "O"}]}, {"base_span": [111, 118], "annotations": [{"nertag": "O"}]}, {"base_span": [119, 124], "annotations": [{"nertag": "O"}]}, {"base_span": [125, 128], "annotations": [{"nertag": "O"}]}, {"base_span": [129, 133], "annotations": [{"nertag": "O"}]}, {"base_span": [134, 139], "annotations": [{"nertag": "O"}]}, {"base_span": [139, 140], "annotations": [{"nertag": "O"}]}, {"base_span": [141, 143], "annotations": [{"nertag": "O"}]}, {"base_span": [144, 149], "annotations": [{"nertag": "O"}]}, {"base_span": [150, 155], "annotations": [{"nertag": "O"}]}, {"base_span": [156, 159], "annotations": [{"nertag": "O"}]}, {"base_span": [160, 164], "annotations": [{"nertag": "O"}]}, {"base_span": [165, 170], "annotations": [{"nertag": "O"}]}, {"base_span": [171, 175], "annotations": [{"nertag": "O"}]}, {"base_span": [176, 181], "annotations": [{"nertag": "O"}]}, {"base_span": [182, 188], "annotations": [{"nertag": "O"}]}, {"base_span": [189, 194], "annotations": [{"nertag": "O"}]}, {"base_span": [195, 198], "annotations": [{"nertag": "O"}]}, {"base_span": [199, 204], "annotations": [{"nertag": "O"}]}, {"base_span": [205, 220], "annotations": [{"nertag": "O"}]}, {"base_span": [221, 227], "annotations": [{"nertag": "O"}]}, {"base_span": [227, 228], "annotations": [{"nertag": "O"}]}, {"base_span": [229, 236], "annotations": [{"nertag": "O"}]}, {"base_span": [237, 244], "annotations": [{"nertag": "O"}]}, {"base_span": [245, 250], "annotations": [{"nertag": "B-PER"}]}, {"base_span": [251, 258], "annotations": [{"nertag": "O"}]}, {"base_span": [258, 259], "annotations": [{"nertag": "O"}]}, {"base_span": [260, 262], "annotations": [{"nertag": "O"}]}, {"base_span": [263, 265], "annotations": [{"nertag": "O"}]}, {"base_span": [266, 268], "annotations": [{"nertag": "O"}]}, {"base_span": [269, 276], "annotations": [{"nertag": "O"}]}, {"base_span": [277, 282], "annotations": [{"nertag": "O"}]}, {"base_span": [283, 288], "annotations": [{"nertag": "O"}]}, {"base_span": [289, 295], "annotations": [{"nertag": "O"}]}, {"base_span": [295, 296], "annotations": [{"nertag": "O"}]}, {"base_span": [297, 301], "annotations": [{"nertag": "O"}]}, {"base_span": [302, 308], "annotations": [{"nertag": "O"}]}, {"base_span": [309, 314], "annotations": [{"nertag": "O"}]}, {"base_span": [314, 315], "annotations": [{"nertag": "O"}]}, {"base_span": [316, 321], "annotations": [{"nertag": "B-PER"}]}, {"base_span": [321, 322], "annotations": [{"nertag": "O"}]}, {"base_span": [323, 328], "annotations": [{"nertag": "O"}]}, {"base_span": [329, 331], "annotations": [{"nertag": "O"}]}, {"base_span": [332, 337], "annotations": [{"nertag": "O"}]}, {"base_span": [338, 344], "annotations": [{"nertag": "O"}]}, {"base_span": [345, 350], "annotations": [{"nertag": "O"}]}, {"base_span": [351, 356], "annotations": [{"nertag": "O"}]}, {"base_span": [357, 371], "annotations": [{"nertag": "O"}]}, {"base_span": [372, 378], "annotations": [{"nertag": "O"}]}, {"base_span": [378, 379], "annotations": [{"nertag": "O"}]}, {"base_span": [381, 387], "annotations": [{"nertag": "B-PER"}]}, {"base_span": [388, 393], "annotations": [{"nertag": "I-PER"}]}, {"base_span": [394, 406], "annotations": [{"nertag": "O"}]}, {"base_span": [407, 409], "annotations": [{"nertag": "O"}]}, {"base_span": [410, 412], "annotations": [{"nertag": "O"}]}, {"base_span": [413, 417], "annotations": [{"nertag": "O"}]}, {"base_span": [418, 425], "annotations": [{"nertag": "O"}]}, {"base_span": [426, 434], "annotations": [{"nertag": "O"}]}, {"base_span": [434, 435], "annotations": [{"nertag": "O"}]}, {"base_span": [436, 444], "annotations": [{"nertag": "O"}]}, {"base_span": [444, 445], "annotations": [{"nertag": "O"}]}, {"base_span": [446, 448], "annotations": [{"nertag": "O"}]}, {"base_span": [449, 451], "annotations": [{"nertag": "O"}]}, {"base_span": [452, 458], "annotations": [{"nertag": "O"}]}, {"base_span": [459, 464], "annotations": [{"nertag": "O"}]}, {"base_span": [465, 469], "annotations": [{"nertag": "O"}]}, {"base_span": [470, 476], "annotations": [{"nertag": "B-PER"}]}, {"base_span": [477, 487], "annotations": [{"nertag": "O"}]}, {"base_span": [488, 492], "annotations": [{"nertag": "O"}]}, {"base_span": [493, 499], "annotations": [{"nertag": "O"}]}, {"base_span": [500, 506], "annotations": [{"nertag": "O"}]}, {"base_span": [507, 512], "annotations": [{"nertag": "O"}]}, {"base_span": [513, 517], "annotations": [{"nertag": "O"}]}, {"base_span": [518, 523], "annotations": [{"nertag": "O"}]}, {"base_span": [523, 524], "annotations": [{"nertag": "O"}]}, {"base_span": [525, 527], "annotations": [{"nertag": "O"}]}, {"base_span": [528, 530], "annotations": [{"nertag": "O"}]}, {"base_span": [531, 535], "annotations": [{"nertag": "O"}]}, {"base_span": [536, 541], "annotations": [{"nertag": "O"}]}, {"base_span": [542, 546], "annotations": [{"nertag": "O"}]}, {"base_span": [547, 549], "annotations": [{"nertag": "O"}]}, {"base_span": [549, 550], "annotations": [{"nertag": "O"}]}, {"base_span": [551, 555], "annotations": [{"nertag": "O"}]}, {"base_span": [556, 558], "annotations": [{"nertag": "O"}]}, {"base_span": [559, 564], "annotations": [{"nertag": "O"}]}, {"base_span": [565, 568], "annotations": [{"nertag": "O"}]}, {"base_span": [569, 574], "annotations": [{"nertag": "O"}]}, {"base_span": [575, 580], "annotations": [{"nertag": "O"}]}, {"base_span": [580, 581], "annotations": [{"nertag": "O"}]}, {"base_span": [582, 587], "annotations": [{"nertag": "O"}]}, {"base_span": [588, 597], "annotations": [{"nertag": "O"}]}, {"base_span": [598, 603], "annotations": [{"nertag": "O"}]}, {"base_span": [604, 609], "annotations": [{"nertag": "O"}]}, {"base_span": [610, 615], "annotations": [{"nertag": "O"}]}, {"base_span": [615, 616], "annotations": [{"nertag": "O"}]}, {"base_span": [617, 620], "annotations": [{"nertag": "O"}]}, {"base_span": [621, 623], "annotations": [{"nertag": "O"}]}, {"base_span": [624, 631], "annotations": [{"nertag": "O"}]}, {"base_span": [632, 638], "annotations": [{"nertag": "O"}]}, {"base_span": [639, 644], "annotations": [{"nertag": "O"}]}, {"base_span": [645, 652], "annotations": [{"nertag": "O"}]}, {"base_span": [653, 658], "annotations": [{"nertag": "O"}]}, {"base_span": [659, 664], "annotations": [{"nertag": "O"}]}, {"base_span": [665, 672], "annotations": [{"nertag": "O"}]}, {"base_span": [672, 673], "annotations": [{"nertag": "O"}]}, {"base_span": [675, 678], "annotations": [{"nertag": "O"}]}, {"base_span": [679, 688], "annotations": [{"nertag": "O"}]}, {"base_span": [688, 689], "annotations": [{"nertag": "O"}]}, {"base_span": [690, 692], "annotations": [{"nertag": "O"}]}, {"base_span": [693, 699], "annotations": [{"nertag": "O"}]}, {"base_span": [700, 702], "annotations": [{"nertag": "O"}]}, {"base_span": [703, 709], "annotations": [{"nertag": "B-PER"}]}, {"base_span": [710, 721], "annotations": [{"nertag": "O"}]}, {"base_span": [722, 728], "annotations": [{"nertag": "O"}]}, {"base_span": [729, 733], "annotations": [{"nertag": "O"}]}, {"base_span": [734, 738], "annotations": [{"nertag": "O"}]}, {"base_span": [739, 743], "annotations": [{"nertag": "O"}]}, {"base_span": [744, 750], "annotations": [{"nertag": "B-PER"}]}, {"base_span": [751, 756], "annotations": [{"nertag": "I-PER"}]}, {"base_span": [757, 770], "annotations": [{"nertag": "O"}]}, {"base_span": [771, 778], "annotations": [{"nertag": "O"}]}, {"base_span": [779, 786], "annotations": [{"nertag": "O"}]}, {"base_span": [786, 787], "annotations": [{"nertag": "O"}]}, {"base_span": [788, 790], "annotations": [{"nertag": "O"}]}, {"base_span": [791, 796], "annotations": [{"nertag": "O"}]}, {"base_span": [797, 800], "annotations": [{"nertag": "O"}]}, {"base_span": [801, 807], "annotations": [{"nertag": "O"}]}, {"base_span": [808, 812], "annotations": [{"nertag": "O"}]}, {"base_span": [812, 813], "annotations": [{"nertag": "O"}]}, {"base_span": [815, 817], "annotations": [{"nertag": "O"}]}, {"base_span": [818, 828], "annotations": [{"nertag": "O"}]}, {"base_span": [829, 832], "annotations": [{"nertag": "O"}]}, {"base_span": [833, 834], "annotations": [{"nertag": "O"}]}, {"base_span": [834, 837], "annotations": [{"nertag": "O"}]}, {"base_span": [838, 839], "annotations": [{"nertag": "O"}]}, {"base_span": [839, 842], "annotations": [{"nertag": "O"}]}, {"base_span": [842, 843], "annotations": [{"nertag": "O"}]}, {"base_span": [844, 847], "annotations": [{"nertag": "O"}]}, {"base_span": [848, 855], "annotations": [{"nertag": "O"}]}, {"base_span": [856, 863], "annotations": [{"nertag": "O"}]}, {"base_span": [863, 864], "annotations": [{"nertag": "O"}]}, {"base_span": [866, 873], "annotations": [{"nertag": "B-PER"}]}, {"base_span": [874, 878], "annotations": [{"nertag": "I-PER"}]}, {"base_span": [879, 882], "annotations": [{"nertag": "O"}]}, {"base_span": [883, 886], "annotations": [{"nertag": "B-PER"}]}, {"base_span": [886, 887], "annotations": [{"nertag": "I-PER"}]}, {"base_span": [888, 896], "annotations": [{"nertag": "I-PER"}]}, {"base_span": [897, 900], "annotations": [{"nertag": "O"}]}, {"base_span": [901, 906], "annotations": [{"nertag": "B-PER"}]}, {"base_span": [907, 911], "annotations": [{"nertag": "I-PER"}]}, {"base_span": [912, 915], "annotations": [{"nertag": "O"}]}, {"base_span": [916, 923], "annotations": [{"nertag": "B-PER"}]}, {"base_span": [924, 930], "annotations": [{"nertag": "I-PER"}]}, {"base_span": [931, 934], "annotations": [{"nertag": "O"}]}, {"base_span": [936, 940], "annotations": [{"nertag": "B-PER"}]}, {"base_span": [941, 949], "annotations": [{"nertag": "I-PER"}]}, {"base_span": [950, 953], "annotations": [{"nertag": "O"}]}]}]}