{"text": "\nKaibasid Ahjamoisa Aiatütrikud Liis Erma, Mina Kurgja, Lena Sarwa, et see Kurre Peter siis, kelle tütter Miina kah Aiatütrik om nink neidega koon ellab, kui temma tütrele Süwwa toob, allati middagi om neide Assjast ärrawarrastamnu niida et nemmad sedda ennamb kannatada ei woi ja palsiwad Kurre Peter Liiso Maja läbbi otsida lasta.\n\nSelle päle läks Päkohtomees Peter Kutzari neide nimmetud Tütrigudega Kurre Peter Liiso Maja ja naksiwad Wargust perra otsima, kui sedda Küllarahwas näggiwa ja kuliwad, tulli kah neist Mai Kurrik, Rütli Jaani Marri ja Albre Endrik, kea kah jobba ommoki tähhele pando, et kui Kurre Petri Liis neide Majan olnud, allati Assju om ärrakaddunu ja arwsiwad et remma neid om warrastanu, sinna Kurre Peetri Liiso Maja. Asju Otsmisse man läuti allanimmetud warrastetud Asju:\n\n1. Mina Kurg Assjust: \n\n1 Linna\n   50 kop werth\n  \n\n1 Meeste hamme ja 1 Naiste hamme\n   150 kop werth\n  \n\n2 Rätti\n   125 kop werth\n  \n\n   1 Rätt, kelle sissen kui warrastide\n\n   üts rubla rahha sissen olli\n\n   \n   40 kop werth\n  \n\nja se rahha, kea sissen\n   100 kop werth\n  \n\n2 Paari Sukke ja 1 Lukk\n   60 kop werth\n  \n\nSumma\n   5,25 kop\n  \n\n2. Lena Sarwa Assjust\n\n1 Kätterätt\n   50 kop\n  \n\n1 Rätt\n   25 kop\n  \n\n   1 tükkikene Kanse röiwast,kellest\n\n   2 künrad warrastati\n\n   \n   5 kop\n  \n\nSumma\n   80 kop\n  \n\n3. Perrenaise Mai Kurrik Assjust\n\n1 Meeste Hamme\n   1 Rubla\n  \n\n1 leiwa weite\n\n   17 kop\n  \n\nSumma\n   1 Rubl 17 kop\n  \n\n4. Rütli Jaani Marri Assjust\n\n2 Ratti\n   85 kop\n  \n\n1 höbbe Sörmus\n   20 kop\n  \n\nSumma\n   105 kop\n  \n\n5. Albre Hindriko Assjust\n\n1 Naiste Hamme\n   25 kop\n  \n\n1 Paar Kindit\n   25 kop\n  \n\n1 Pann (??)\n   80 kop\n  \n\n1 Külleallotse Röiwas\n   60 kop\n  \n\nSumma\n   190 kop\n  \n\n6. Liis Erma Assjust:\n\n1 Põll\n   15 kop\n  \n\nWarrastetust Assjust, kea Moisa Aiatütrikudel sält sammast warrastadi, kost ka need kättesado Asjad warrastadi, om weel puudu:\n\n1. Mina Kurg Assjust\n\n2 Naiste Hammed\n   100 kop\n  \n\n2 Põlle\n   30 kop\n  \n\n1/2 ?? Niiti\n   25 kop\n  \n\n1 Ninnarätt\n   20 kop\n  \n\n1 Suur Rätt\n   200 kop\n  \n\nSumma\n   375 kop\n  \n\n2. Lena Sarwa Assjust\n\n2 Künrad käüsse röiwast\n   30 kop\n  \n\n1 Ündrik\n   300 kop\n  \n\nSumma\n   330 kop\n  \n\n3. Liis Erma Assjust\n\n1 Siidine Rätt\n   200 kop\n  \n\n1 Paar poolsaapid\n   200 kop\n  \n\nSumma\n   400 kop\n  \n\nKüllarahwa puudulissest Assjast es woi kuulda wöetud saia.\n\nLiis Kurrik, Kurre Peter, se Assja perrast küssitud ütles wälja, \"Minna olle küll neid nimmetud, minuo pool läutud Assju, warrastanu, ent om kah minno Lapse Assjust muu muu wargad warrastanu.\"\n\nSai moistetud: Kurre Peter Liis saab 3 Öesi ja päiwas kinni pantud ja maksab neide Assjade Hind, kea Aiatutrudel puudus jawad ja mis 11 Rubl 5 kop wälja teep, neile taggasi.\n\nSe Moistminne sai § 772 ja 773 jarrele Kohtokäigile kalutud.\n\nPeter Kutzari XXX Jaan Tennosar XXX\n\nPeter Akkert XXX Widrik Harkman XXX Joosep Koor XXX\n\n\n", "meta": {"origin_directory": "vallakohus_neljas/"}, "layers": [{"name": "gold_ner", "attributes": ["nertag"], "parent": null, "enveloping": null, "ambiguous": false, "serialisation_module": null, "meta": {}, "spans": [{"base_span": [10, 19], "annotations": [{"nertag": "LOC_ORG"}]}, {"base_span": [32, 41], "annotations": [{"nertag": "PER"}]}, {"base_span": [43, 54], "annotations": [{"nertag": "PER"}]}, {"base_span": [56, 66], "annotations": [{"nertag": "PER"}]}, {"base_span": [75, 80], "annotations": [{"nertag": "LOC_ORG"}]}, {"base_span": [81, 86], "annotations": [{"nertag": "PER"}]}, {"base_span": [106, 111], "annotations": [{"nertag": "PER"}]}, {"base_span": [290, 295], "annotations": [{"nertag": "LOC_ORG"}]}, {"base_span": [296, 307], "annotations": [{"nertag": "PER"}]}, {"base_span": [362, 375], "annotations": [{"nertag": "PER"}]}, {"base_span": [403, 408], "annotations": [{"nertag": "LOC_ORG"}]}, {"base_span": [409, 420], "annotations": [{"nertag": "PER"}]}, {"base_span": [518, 528], "annotations": [{"nertag": "PER"}]}, {"base_span": [530, 535], "annotations": [{"nertag": "LOC_ORG"}]}, {"base_span": [536, 541], "annotations": [{"nertag": "PER"}]}, {"base_span": [542, 547], "annotations": [{"nertag": "PER"}]}, {"base_span": [551, 556], "annotations": [{"nertag": "LOC_ORG"}]}, {"base_span": [557, 563], "annotations": [{"nertag": "PER"}]}, {"base_span": [608, 613], "annotations": [{"nertag": "LOC_ORG"}]}, {"base_span": [614, 624], "annotations": [{"nertag": "PER"}]}, {"base_span": [719, 724], "annotations": [{"nertag": "LOC_ORG"}]}, {"base_span": [725, 737], "annotations": [{"nertag": "PER"}]}, {"base_span": [803, 812], "annotations": [{"nertag": "PER"}]}, {"base_span": [1145, 1155], "annotations": [{"nertag": "PER"}]}, {"base_span": [1325, 1335], "annotations": [{"nertag": "PER"}]}, {"base_span": [1434, 1439], "annotations": [{"nertag": "LOC_ORG"}]}, {"base_span": [1440, 1445], "annotations": [{"nertag": "PER"}]}, {"base_span": [1446, 1451], "annotations": [{"nertag": "PER"}]}, {"base_span": [1703, 1712], "annotations": [{"nertag": "PER"}]}, {"base_span": [1875, 1884], "annotations": [{"nertag": "PER"}]}, {"base_span": [2051, 2061], "annotations": [{"nertag": "PER"}]}, {"base_span": [2157, 2166], "annotations": [{"nertag": "PER"}]}, {"base_span": [2320, 2331], "annotations": [{"nertag": "PER"}]}, {"base_span": [2333, 2338], "annotations": [{"nertag": "LOC_ORG"}]}, {"base_span": [2339, 2344], "annotations": [{"nertag": "PER"}]}, {"base_span": [2529, 2534], "annotations": [{"nertag": "LOC_ORG"}]}, {"base_span": [2535, 2545], "annotations": [{"nertag": "PER"}]}, {"base_span": [2751, 2764], "annotations": [{"nertag": "PER"}]}, {"base_span": [2769, 2782], "annotations": [{"nertag": "PER"}]}, {"base_span": [2788, 2800], "annotations": [{"nertag": "PER"}]}, {"base_span": [2805, 2819], "annotations": [{"nertag": "PER"}]}, {"base_span": [2824, 2835], "annotations": [{"nertag": "PER"}]}]}, {"name": "gold_wordner", "attributes": ["nertag"], "parent": null, "enveloping": null, "ambiguous": false, "serialisation_module": null, "meta": {}, "spans": [{"base_span": [1, 9], "annotations": [{"nertag": "O"}]}, {"base_span": [10, 19], "annotations": [{"nertag": "B-LOC_ORG"}]}, {"base_span": [20, 31], "annotations": [{"nertag": "O"}]}, {"base_span": [32, 36], "annotations": [{"nertag": "B-PER"}]}, {"base_span": [37, 41], "annotations": [{"nertag": "I-PER"}]}, {"base_span": [41, 42], "annotations": [{"nertag": "O"}]}, {"base_span": [43, 47], "annotations": [{"nertag": "B-PER"}]}, {"base_span": [48, 54], "annotations": [{"nertag": "I-PER"}]}, {"base_span": [54, 55], "annotations": [{"nertag": "O"}]}, {"base_span": [56, 60], "annotations": [{"nertag": "B-PER"}]}, {"base_span": [61, 66], "annotations": [{"nertag": "I-PER"}]}, {"base_span": [66, 67], "annotations": [{"nertag": "O"}]}, {"base_span": [68, 70], "annotations": [{"nertag": "O"}]}, {"base_span": [71, 74], "annotations": [{"nertag": "O"}]}, {"base_span": [75, 80], "annotations": [{"nertag": "B-LOC_ORG"}]}, {"base_span": [81, 86], "annotations": [{"nertag": "B-PER"}]}, {"base_span": [87, 91], "annotations": [{"nertag": "O"}]}, {"base_span": [91, 92], "annotations": [{"nertag": "O"}]}, {"base_span": [93, 98], "annotations": [{"nertag": "O"}]}, {"base_span": [99, 105], "annotations": [{"nertag": "O"}]}, {"base_span": [106, 111], "annotations": [{"nertag": "B-PER"}]}, {"base_span": [112, 115], "annotations": [{"nertag": "O"}]}, {"base_span": [116, 125], "annotations": [{"nertag": "O"}]}, {"base_span": [126, 128], "annotations": [{"nertag": "O"}]}, {"base_span": [129, 133], "annotations": [{"nertag": "O"}]}, {"base_span": [134, 141], "annotations": [{"nertag": "O"}]}, {"base_span": [142, 146], "annotations": [{"nertag": "O"}]}, {"base_span": [147, 152], "annotations": [{"nertag": "O"}]}, {"base_span": [152, 153], "annotations": [{"nertag": "O"}]}, {"base_span": [154, 157], "annotations": [{"nertag": "O"}]}, {"base_span": [158, 163], "annotations": [{"nertag": "O"}]}, {"base_span": [164, 171], "annotations": [{"nertag": "O"}]}, {"base_span": [172, 177], "annotations": [{"nertag": "O"}]}, {"base_span": [178, 182], "annotations": [{"nertag": "O"}]}, {"base_span": [182, 183], "annotations": [{"nertag": "O"}]}, {"base_span": [184, 190], "annotations": [{"nertag": "O"}]}, {"base_span": [191, 198], "annotations": [{"nertag": "O"}]}, {"base_span": [199, 201], "annotations": [{"nertag": "O"}]}, {"base_span": [202, 207], "annotations": [{"nertag": "O"}]}, {"base_span": [208, 215], "annotations": [{"nertag": "O"}]}, {"base_span": [216, 231], "annotations": [{"nertag": "O"}]}, {"base_span": [232, 237], "annotations": [{"nertag": "O"}]}, {"base_span": [238, 240], "annotations": [{"nertag": "O"}]}, {"base_span": [241, 247], "annotations": [{"nertag": "O"}]}, {"base_span": [248, 253], "annotations": [{"nertag": "O"}]}, {"base_span": [254, 260], "annotations": [{"nertag": "O"}]}, {"base_span": [261, 270], "annotations": [{"nertag": "O"}]}, {"base_span": [271, 273], "annotations": [{"nertag": "O"}]}, {"base_span": [274, 277], "annotations": [{"nertag": "O"}]}, {"base_span": [278, 280], "annotations": [{"nertag": "O"}]}, {"base_span": [281, 289], "annotations": [{"nertag": "O"}]}, {"base_span": [290, 295], "annotations": [{"nertag": "B-LOC_ORG"}]}, {"base_span": [296, 301], "annotations": [{"nertag": "B-PER"}]}, {"base_span": [302, 307], "annotations": [{"nertag": "I-PER"}]}, {"base_span": [308, 312], "annotations": [{"nertag": "O"}]}, {"base_span": [313, 318], "annotations": [{"nertag": "O"}]}, {"base_span": [319, 325], "annotations": [{"nertag": "O"}]}, {"base_span": [326, 331], "annotations": [{"nertag": "O"}]}, {"base_span": [331, 332], "annotations": [{"nertag": "O"}]}, {"base_span": [334, 339], "annotations": [{"nertag": "O"}]}, {"base_span": [340, 344], "annotations": [{"nertag": "O"}]}, {"base_span": [345, 349], "annotations": [{"nertag": "O"}]}, {"base_span": [350, 361], "annotations": [{"nertag": "O"}]}, {"base_span": [362, 367], "annotations": [{"nertag": "B-PER"}]}, {"base_span": [368, 375], "annotations": [{"nertag": "I-PER"}]}, {"base_span": [376, 381], "annotations": [{"nertag": "O"}]}, {"base_span": [382, 390], "annotations": [{"nertag": "O"}]}, {"base_span": [391, 402], "annotations": [{"nertag": "O"}]}, {"base_span": [403, 408], "annotations": [{"nertag": "B-LOC_ORG"}]}, {"base_span": [409, 414], "annotations": [{"nertag": "B-PER"}]}, {"base_span": [415, 420], "annotations": [{"nertag": "I-PER"}]}, {"base_span": [421, 425], "annotations": [{"nertag": "O"}]}, {"base_span": [426, 428], "annotations": [{"nertag": "O"}]}, {"base_span": [429, 437], "annotations": [{"nertag": "O"}]}, {"base_span": [438, 445], "annotations": [{"nertag": "O"}]}, {"base_span": [446, 451], "annotations": [{"nertag": "O"}]}, {"base_span": [452, 458], "annotations": [{"nertag": "O"}]}, {"base_span": [458, 459], "annotations": [{"nertag": "O"}]}, {"base_span": [460, 463], "annotations": [{"nertag": "O"}]}, {"base_span": [464, 469], "annotations": [{"nertag": "O"}]}, {"base_span": [470, 481], "annotations": [{"nertag": "O"}]}, {"base_span": [482, 489], "annotations": [{"nertag": "O"}]}, {"base_span": [490, 492], "annotations": [{"nertag": "O"}]}, {"base_span": [493, 500], "annotations": [{"nertag": "O"}]}, {"base_span": [500, 501], "annotations": [{"nertag": "O"}]}, {"base_span": [502, 507], "annotations": [{"nertag": "O"}]}, {"base_span": [508, 511], "annotations": [{"nertag": "O"}]}, {"base_span": [512, 517], "annotations": [{"nertag": "O"}]}, {"base_span": [518, 521], "annotations": [{"nertag": "B-PER"}]}, {"base_span": [522, 528], "annotations": [{"nertag": "I-PER"}]}, {"base_span": [528, 529], "annotations": [{"nertag": "O"}]}, {"base_span": [530, 535], "annotations": [{"nertag": "B-LOC_ORG"}]}, {"base_span": [536, 541], "annotations": [{"nertag": "B-PER"}]}, {"base_span": [542, 547], "annotations": [{"nertag": "B-PER"}]}, {"base_span": [548, 550], "annotations": [{"nertag": "O"}]}, {"base_span": [551, 556], "annotations": [{"nertag": "B-LOC_ORG"}]}, {"base_span": [557, 563], "annotations": [{"nertag": "B-PER"}]}, {"base_span": [563, 564], "annotations": [{"nertag": "O"}]}, {"base_span": [565, 568], "annotations": [{"nertag": "O"}]}, {"base_span": [569, 572], "annotations": [{"nertag": "O"}]}, {"base_span": [573, 578], "annotations": [{"nertag": "O"}]}, {"base_span": [579, 585], "annotations": [{"nertag": "O"}]}, {"base_span": [586, 593], "annotations": [{"nertag": "O"}]}, {"base_span": [594, 599], "annotations": [{"nertag": "O"}]}, {"base_span": [599, 600], "annotations": [{"nertag": "O"}]}, {"base_span": [601, 603], "annotations": [{"nertag": "O"}]}, {"base_span": [604, 607], "annotations": [{"nertag": "O"}]}, {"base_span": [608, 613], "annotations": [{"nertag": "B-LOC_ORG"}]}, {"base_span": [614, 619], "annotations": [{"nertag": "B-PER"}]}, {"base_span": [620, 624], "annotations": [{"nertag": "I-PER"}]}, {"base_span": [625, 630], "annotations": [{"nertag": "O"}]}, {"base_span": [631, 636], "annotations": [{"nertag": "O"}]}, {"base_span": [637, 642], "annotations": [{"nertag": "O"}]}, {"base_span": [642, 643], "annotations": [{"nertag": "O"}]}, {"base_span": [644, 650], "annotations": [{"nertag": "O"}]}, {"base_span": [651, 656], "annotations": [{"nertag": "O"}]}, {"base_span": [657, 659], "annotations": [{"nertag": "O"}]}, {"base_span": [660, 671], "annotations": [{"nertag": "O"}]}, {"base_span": [672, 674], "annotations": [{"nertag": "O"}]}, {"base_span": [675, 683], "annotations": [{"nertag": "O"}]}, {"base_span": [684, 686], "annotations": [{"nertag": "O"}]}, {"base_span": [687, 692], "annotations": [{"nertag": "O"}]}, {"base_span": [693, 697], "annotations": [{"nertag": "O"}]}, {"base_span": [698, 700], "annotations": [{"nertag": "O"}]}, {"base_span": [701, 711], "annotations": [{"nertag": "O"}]}, {"base_span": [711, 712], "annotations": [{"nertag": "O"}]}, {"base_span": [713, 718], "annotations": [{"nertag": "O"}]}, {"base_span": [719, 724], "annotations": [{"nertag": "B-LOC_ORG"}]}, {"base_span": [725, 731], "annotations": [{"nertag": "B-PER"}]}, {"base_span": [732, 737], "annotations": [{"nertag": "I-PER"}]}, {"base_span": [738, 742], "annotations": [{"nertag": "O"}]}, {"base_span": [742, 743], "annotations": [{"nertag": "O"}]}, {"base_span": [744, 748], "annotations": [{"nertag": "O"}]}, {"base_span": [749, 757], "annotations": [{"nertag": "O"}]}, {"base_span": [758, 761], "annotations": [{"nertag": "O"}]}, {"base_span": [762, 767], "annotations": [{"nertag": "O"}]}, {"base_span": [768, 780], "annotations": [{"nertag": "O"}]}, {"base_span": [781, 792], "annotations": [{"nertag": "O"}]}, {"base_span": [793, 797], "annotations": [{"nertag": "O"}]}, {"base_span": [797, 798], "annotations": [{"nertag": "O"}]}, {"base_span": [800, 802], "annotations": [{"nertag": "O"}]}, {"base_span": [803, 807], "annotations": [{"nertag": "B-PER"}]}, {"base_span": [808, 812], "annotations": [{"nertag": "I-PER"}]}, {"base_span": [813, 820], "annotations": [{"nertag": "O"}]}, {"base_span": [820, 821], "annotations": [{"nertag": "O"}]}, {"base_span": [824, 825], "annotations": [{"nertag": "O"}]}, {"base_span": [826, 831], "annotations": [{"nertag": "O"}]}, {"base_span": [835, 837], "annotations": [{"nertag": "O"}]}, {"base_span": [838, 841], "annotations": [{"nertag": "O"}]}, {"base_span": [842, 847], "annotations": [{"nertag": "O"}]}, {"base_span": [852, 853], "annotations": [{"nertag": "O"}]}, {"base_span": [854, 860], "annotations": [{"nertag": "O"}]}, {"base_span": [861, 866], "annotations": [{"nertag": "O"}]}, {"base_span": [867, 869], "annotations": [{"nertag": "O"}]}, {"base_span": [870, 871], "annotations": [{"nertag": "O"}]}, {"base_span": [872, 878], "annotations": [{"nertag": "O"}]}, {"base_span": [879, 884], "annotations": [{"nertag": "O"}]}, {"base_span": [888, 891], "annotations": [{"nertag": "O"}]}, {"base_span": [892, 895], "annotations": [{"nertag": "O"}]}, {"base_span": [896, 901], "annotations": [{"nertag": "O"}]}, {"base_span": [906, 907], "annotations": [{"nertag": "O"}]}, {"base_span": [908, 913], "annotations": [{"nertag": "O"}]}, {"base_span": [917, 920], "annotations": [{"nertag": "O"}]}, {"base_span": [921, 924], "annotations": [{"nertag": "O"}]}, {"base_span": [925, 930], "annotations": [{"nertag": "O"}]}, {"base_span": [938, 939], "annotations": [{"nertag": "O"}]}, {"base_span": [940, 944], "annotations": [{"nertag": "O"}]}, {"base_span": [944, 945], "annotations": [{"nertag": "O"}]}, {"base_span": [946, 951], "annotations": [{"nertag": "O"}]}, {"base_span": [952, 958], "annotations": [{"nertag": "O"}]}, {"base_span": [959, 962], "annotations": [{"nertag": "O"}]}, {"base_span": [963, 973], "annotations": [{"nertag": "O"}]}, {"base_span": [978, 981], "annotations": [{"nertag": "O"}]}, {"base_span": [982, 987], "annotations": [{"nertag": "O"}]}, {"base_span": [988, 993], "annotations": [{"nertag": "O"}]}, {"base_span": [994, 1000], "annotations": [{"nertag": "O"}]}, {"base_span": [1001, 1005], "annotations": [{"nertag": "O"}]}, {"base_span": [1014, 1016], "annotations": [{"nertag": "O"}]}, {"base_span": [1017, 1020], "annotations": [{"nertag": "O"}]}, {"base_span": [1021, 1026], "annotations": [{"nertag": "O"}]}, {"base_span": [1031, 1033], "annotations": [{"nertag": "O"}]}, {"base_span": [1034, 1036], "annotations": [{"nertag": "O"}]}, {"base_span": [1037, 1042], "annotations": [{"nertag": "O"}]}, {"base_span": [1042, 1043], "annotations": [{"nertag": "O"}]}, {"base_span": [1044, 1047], "annotations": [{"nertag": "O"}]}, {"base_span": [1048, 1054], "annotations": [{"nertag": "O"}]}, {"base_span": [1058, 1061], "annotations": [{"nertag": "O"}]}, {"base_span": [1062, 1065], "annotations": [{"nertag": "O"}]}, {"base_span": [1066, 1071], "annotations": [{"nertag": "O"}]}, {"base_span": [1076, 1077], "annotations": [{"nertag": "O"}]}, {"base_span": [1078, 1083], "annotations": [{"nertag": "O"}]}, {"base_span": [1084, 1089], "annotations": [{"nertag": "O"}]}, {"base_span": [1090, 1092], "annotations": [{"nertag": "O"}]}, {"base_span": [1093, 1094], "annotations": [{"nertag": "O"}]}, {"base_span": [1095, 1099], "annotations": [{"nertag": "O"}]}, {"base_span": [1103, 1105], "annotations": [{"nertag": "O"}]}, {"base_span": [1106, 1109], "annotations": [{"nertag": "O"}]}, {"base_span": [1110, 1115], "annotations": [{"nertag": "O"}]}, {"base_span": [1120, 1125], "annotations": [{"nertag": "O"}]}, {"base_span": [1129, 1133], "annotations": [{"nertag": "O"}]}, {"base_span": [1134, 1137], "annotations": [{"nertag": "O"}]}, {"base_span": [1142, 1144], "annotations": [{"nertag": "O"}]}, {"base_span": [1145, 1149], "annotations": [{"nertag": "B-PER"}]}, {"base_span": [1150, 1155], "annotations": [{"nertag": "I-PER"}]}, {"base_span": [1156, 1163], "annotations": [{"nertag": "O"}]}, {"base_span": [1165, 1166], "annotations": [{"nertag": "O"}]}, {"base_span": [1167, 1176], "annotations": [{"nertag": "O"}]}, {"base_span": [1180, 1182], "annotations": [{"nertag": "O"}]}, {"base_span": [1183, 1186], "annotations": [{"nertag": "O"}]}, {"base_span": [1191, 1192], "annotations": [{"nertag": "O"}]}, {"base_span": [1193, 1197], "annotations": [{"nertag": "O"}]}, {"base_span": [1201, 1203], "annotations": [{"nertag": "O"}]}, {"base_span": [1204, 1207], "annotations": [{"nertag": "O"}]}, {"base_span": [1215, 1216], "annotations": [{"nertag": "O"}]}, {"base_span": [1217, 1226], "annotations": [{"nertag": "O"}]}, {"base_span": [1227, 1232], "annotations": [{"nertag": "O"}]}, {"base_span": [1233, 1240], "annotations": [{"nertag": "O"}]}, {"base_span": [1240, 1241], "annotations": [{"nertag": "O"}]}, {"base_span": [1241, 1248], "annotations": [{"nertag": "O"}]}, {"base_span": [1253, 1254], "annotations": [{"nertag": "O"}]}, {"base_span": [1255, 1261], "annotations": [{"nertag": "O"}]}, {"base_span": [1262, 1272], "annotations": [{"nertag": "O"}]}, {"base_span": [1281, 1282], "annotations": [{"nertag": "O"}]}, {"base_span": [1283, 1286], "annotations": [{"nertag": "O"}]}, {"base_span": [1291, 1296], "annotations": [{"nertag": "O"}]}, {"base_span": [1300, 1302], "annotations": [{"nertag": "O"}]}, {"base_span": [1303, 1306], "annotations": [{"nertag": "O"}]}, {"base_span": [1311, 1313], "annotations": [{"nertag": "O"}]}, {"base_span": [1314, 1324], "annotations": [{"nertag": "O"}]}, {"base_span": [1325, 1328], "annotations": [{"nertag": "B-PER"}]}, {"base_span": [1329, 1335], "annotations": [{"nertag": "I-PER"}]}, {"base_span": [1336, 1343], "annotations": [{"nertag": "O"}]}, {"base_span": [1345, 1346], "annotations": [{"nertag": "O"}]}, {"base_span": [1347, 1353], "annotations": [{"nertag": "O"}]}, {"base_span": [1354, 1359], "annotations": [{"nertag": "O"}]}, {"base_span": [1363, 1364], "annotations": [{"nertag": "O"}]}, {"base_span": [1365, 1370], "annotations": [{"nertag": "O"}]}, {"base_span": [1375, 1376], "annotations": [{"nertag": "O"}]}, {"base_span": [1377, 1382], "annotations": [{"nertag": "O"}]}, {"base_span": [1383, 1388], "annotations": [{"nertag": "O"}]}, {"base_span": [1393, 1395], "annotations": [{"nertag": "O"}]}, {"base_span": [1396, 1399], "annotations": [{"nertag": "O"}]}, {"base_span": [1404, 1409], "annotations": [{"nertag": "O"}]}, {"base_span": [1413, 1414], "annotations": [{"nertag": "O"}]}, {"base_span": [1415, 1419], "annotations": [{"nertag": "O"}]}, {"base_span": [1420, 1422], "annotations": [{"nertag": "O"}]}, {"base_span": [1423, 1426], "annotations": [{"nertag": "O"}]}, {"base_span": [1431, 1433], "annotations": [{"nertag": "O"}]}, {"base_span": [1434, 1439], "annotations": [{"nertag": "B-LOC_ORG"}]}, {"base_span": [1440, 1445], "annotations": [{"nertag": "B-PER"}]}, {"base_span": [1446, 1451], "annotations": [{"nertag": "B-PER"}]}, {"base_span": [1452, 1459], "annotations": [{"nertag": "O"}]}, {"base_span": [1461, 1462], "annotations": [{"nertag": "O"}]}, {"base_span": [1463, 1468], "annotations": [{"nertag": "O"}]}, {"base_span": [1472, 1474], "annotations": [{"nertag": "O"}]}, {"base_span": [1475, 1478], "annotations": [{"nertag": "O"}]}, {"base_span": [1483, 1484], "annotations": [{"nertag": "O"}]}, {"base_span": [1485, 1490], "annotations": [{"nertag": "O"}]}, {"base_span": [1491, 1497], "annotations": [{"nertag": "O"}]}, {"base_span": [1501, 1503], "annotations": [{"nertag": "O"}]}, {"base_span": [1504, 1507], "annotations": [{"nertag": "O"}]}, {"base_span": [1512, 1517], "annotations": [{"nertag": "O"}]}, {"base_span": [1521, 1524], "annotations": [{"nertag": "O"}]}, {"base_span": [1525, 1528], "annotations": [{"nertag": "O"}]}, {"base_span": [1533, 1535], "annotations": [{"nertag": "O"}]}, {"base_span": [1536, 1541], "annotations": [{"nertag": "O"}]}, {"base_span": [1542, 1550], "annotations": [{"nertag": "O"}]}, {"base_span": [1551, 1558], "annotations": [{"nertag": "O"}]}, {"base_span": [1560, 1561], "annotations": [{"nertag": "O"}]}, {"base_span": [1562, 1568], "annotations": [{"nertag": "O"}]}, {"base_span": [1569, 1574], "annotations": [{"nertag": "O"}]}, {"base_span": [1578, 1580], "annotations": [{"nertag": "O"}]}, {"base_span": [1581, 1584], "annotations": [{"nertag": "O"}]}, {"base_span": [1589, 1590], "annotations": [{"nertag": "O"}]}, {"base_span": [1591, 1595], "annotations": [{"nertag": "O"}]}, {"base_span": [1596, 1602], "annotations": [{"nertag": "O"}]}, {"base_span": [1606, 1608], "annotations": [{"nertag": "O"}]}, {"base_span": [1609, 1612], "annotations": [{"nertag": "O"}]}, {"base_span": [1617, 1618], "annotations": [{"nertag": "O"}]}, {"base_span": [1619, 1623], "annotations": [{"nertag": "O"}]}, {"base_span": [1624, 1625], "annotations": [{"nertag": "O"}]}, {"base_span": [1625, 1626], "annotations": [{"nertag": "O"}]}, {"base_span": [1626, 1627], "annotations": [{"nertag": "O"}]}, {"base_span": [1627, 1628], "annotations": [{"nertag": "O"}]}, {"base_span": [1632, 1634], "annotations": [{"nertag": "O"}]}, {"base_span": [1635, 1638], "annotations": [{"nertag": "O"}]}, {"base_span": [1643, 1644], "annotations": [{"nertag": "O"}]}, {"base_span": [1645, 1657], "annotations": [{"nertag": "O"}]}, {"base_span": [1658, 1664], "annotations": [{"nertag": "O"}]}, {"base_span": [1668, 1670], "annotations": [{"nertag": "O"}]}, {"base_span": [1671, 1674], "annotations": [{"nertag": "O"}]}, {"base_span": [1679, 1684], "annotations": [{"nertag": "O"}]}, {"base_span": [1688, 1691], "annotations": [{"nertag": "O"}]}, {"base_span": [1692, 1695], "annotations": [{"nertag": "O"}]}, {"base_span": [1700, 1702], "annotations": [{"nertag": "O"}]}, {"base_span": [1703, 1707], "annotations": [{"nertag": "B-PER"}]}, {"base_span": [1708, 1712], "annotations": [{"nertag": "I-PER"}]}, {"base_span": [1713, 1720], "annotations": [{"nertag": "O"}]}, {"base_span": [1720, 1721], "annotations": [{"nertag": "O"}]}, {"base_span": [1723, 1724], "annotations": [{"nertag": "O"}]}, {"base_span": [1725, 1729], "annotations": [{"nertag": "O"}]}, {"base_span": [1733, 1735], "annotations": [{"nertag": "O"}]}, {"base_span": [1736, 1739], "annotations": [{"nertag": "O"}]}, {"base_span": [1744, 1756], "annotations": [{"nertag": "O"}]}, {"base_span": [1757, 1764], "annotations": [{"nertag": "O"}]}, {"base_span": [1764, 1765], "annotations": [{"nertag": "O"}]}, {"base_span": [1766, 1769], "annotations": [{"nertag": "O"}]}, {"base_span": [1770, 1775], "annotations": [{"nertag": "O"}]}, {"base_span": [1776, 1789], "annotations": [{"nertag": "O"}]}, {"base_span": [1790, 1794], "annotations": [{"nertag": "O"}]}, {"base_span": [1795, 1802], "annotations": [{"nertag": "O"}]}, {"base_span": [1803, 1813], "annotations": [{"nertag": "O"}]}, {"base_span": [1813, 1814], "annotations": [{"nertag": "O"}]}, {"base_span": [1815, 1819], "annotations": [{"nertag": "O"}]}, {"base_span": [1820, 1822], "annotations": [{"nertag": "O"}]}, {"base_span": [1823, 1827], "annotations": [{"nertag": "O"}]}, {"base_span": [1828, 1837], "annotations": [{"nertag": "O"}]}, {"base_span": [1838, 1843], "annotations": [{"nertag": "O"}]}, {"base_span": [1844, 1854], "annotations": [{"nertag": "O"}]}, {"base_span": [1854, 1855], "annotations": [{"nertag": "O"}]}, {"base_span": [1856, 1858], "annotations": [{"nertag": "O"}]}, {"base_span": [1859, 1863], "annotations": [{"nertag": "O"}]}, {"base_span": [1864, 1869], "annotations": [{"nertag": "O"}]}, {"base_span": [1869, 1870], "annotations": [{"nertag": "O"}]}, {"base_span": [1872, 1874], "annotations": [{"nertag": "O"}]}, {"base_span": [1875, 1879], "annotations": [{"nertag": "B-PER"}]}, {"base_span": [1880, 1884], "annotations": [{"nertag": "I-PER"}]}, {"base_span": [1885, 1892], "annotations": [{"nertag": "O"}]}, {"base_span": [1894, 1895], "annotations": [{"nertag": "O"}]}, {"base_span": [1896, 1902], "annotations": [{"nertag": "O"}]}, {"base_span": [1903, 1909], "annotations": [{"nertag": "O"}]}, {"base_span": [1913, 1916], "annotations": [{"nertag": "O"}]}, {"base_span": [1917, 1920], "annotations": [{"nertag": "O"}]}, {"base_span": [1925, 1926], "annotations": [{"nertag": "O"}]}, {"base_span": [1927, 1932], "annotations": [{"nertag": "O"}]}, {"base_span": [1936, 1938], "annotations": [{"nertag": "O"}]}, {"base_span": [1939, 1942], "annotations": [{"nertag": "O"}]}, {"base_span": [1947, 1948], "annotations": [{"nertag": "O"}]}, {"base_span": [1948, 1949], "annotations": [{"nertag": "O"}]}, {"base_span": [1949, 1950], "annotations": [{"nertag": "O"}]}, {"base_span": [1951, 1953], "annotations": [{"nertag": "O"}]}, {"base_span": [1954, 1959], "annotations": [{"nertag": "O"}]}, {"base_span": [1963, 1965], "annotations": [{"nertag": "O"}]}, {"base_span": [1966, 1969], "annotations": [{"nertag": "O"}]}, {"base_span": [1974, 1975], "annotations": [{"nertag": "O"}]}, {"base_span": [1976, 1985], "annotations": [{"nertag": "O"}]}, {"base_span": [1989, 1991], "annotations": [{"nertag": "O"}]}, {"base_span": [1992, 1995], "annotations": [{"nertag": "O"}]}, {"base_span": [2000, 2001], "annotations": [{"nertag": "O"}]}, {"base_span": [2002, 2006], "annotations": [{"nertag": "O"}]}, {"base_span": [2007, 2011], "annotations": [{"nertag": "O"}]}, {"base_span": [2015, 2018], "annotations": [{"nertag": "O"}]}, {"base_span": [2019, 2022], "annotations": [{"nertag": "O"}]}, {"base_span": [2027, 2032], "annotations": [{"nertag": "O"}]}, {"base_span": [2036, 2039], "annotations": [{"nertag": "O"}]}, {"base_span": [2040, 2043], "annotations": [{"nertag": "O"}]}, {"base_span": [2048, 2050], "annotations": [{"nertag": "O"}]}, {"base_span": [2051, 2055], "annotations": [{"nertag": "B-PER"}]}, {"base_span": [2056, 2061], "annotations": [{"nertag": "I-PER"}]}, {"base_span": [2062, 2069], "annotations": [{"nertag": "O"}]}, {"base_span": [2071, 2072], "annotations": [{"nertag": "O"}]}, {"base_span": [2073, 2079], "annotations": [{"nertag": "O"}]}, {"base_span": [2080, 2086], "annotations": [{"nertag": "O"}]}, {"base_span": [2087, 2094], "annotations": [{"nertag": "O"}]}, {"base_span": [2098, 2100], "annotations": [{"nertag": "O"}]}, {"base_span": [2101, 2104], "annotations": [{"nertag": "O"}]}, {"base_span": [2109, 2110], "annotations": [{"nertag": "O"}]}, {"base_span": [2111, 2117], "annotations": [{"nertag": "O"}]}, {"base_span": [2121, 2124], "annotations": [{"nertag": "O"}]}, {"base_span": [2125, 2128], "annotations": [{"nertag": "O"}]}, {"base_span": [2133, 2138], "annotations": [{"nertag": "O"}]}, {"base_span": [2142, 2145], "annotations": [{"nertag": "O"}]}, {"base_span": [2146, 2149], "annotations": [{"nertag": "O"}]}, {"base_span": [2154, 2156], "annotations": [{"nertag": "O"}]}, {"base_span": [2157, 2161], "annotations": [{"nertag": "B-PER"}]}, {"base_span": [2162, 2166], "annotations": [{"nertag": "I-PER"}]}, {"base_span": [2167, 2174], "annotations": [{"nertag": "O"}]}, {"base_span": [2176, 2177], "annotations": [{"nertag": "O"}]}, {"base_span": [2178, 2185], "annotations": [{"nertag": "O"}]}, {"base_span": [2186, 2190], "annotations": [{"nertag": "O"}]}, {"base_span": [2194, 2197], "annotations": [{"nertag": "O"}]}, {"base_span": [2198, 2201], "annotations": [{"nertag": "O"}]}, {"base_span": [2206, 2207], "annotations": [{"nertag": "O"}]}, {"base_span": [2208, 2212], "annotations": [{"nertag": "O"}]}, {"base_span": [2213, 2223], "annotations": [{"nertag": "O"}]}, {"base_span": [2227, 2230], "annotations": [{"nertag": "O"}]}, {"base_span": [2231, 2234], "annotations": [{"nertag": "O"}]}, {"base_span": [2239, 2244], "annotations": [{"nertag": "O"}]}, {"base_span": [2248, 2251], "annotations": [{"nertag": "O"}]}, {"base_span": [2252, 2255], "annotations": [{"nertag": "O"}]}, {"base_span": [2260, 2270], "annotations": [{"nertag": "O"}]}, {"base_span": [2271, 2283], "annotations": [{"nertag": "O"}]}, {"base_span": [2284, 2291], "annotations": [{"nertag": "O"}]}, {"base_span": [2292, 2294], "annotations": [{"nertag": "O"}]}, {"base_span": [2295, 2298], "annotations": [{"nertag": "O"}]}, {"base_span": [2299, 2305], "annotations": [{"nertag": "O"}]}, {"base_span": [2306, 2312], "annotations": [{"nertag": "O"}]}, {"base_span": [2313, 2317], "annotations": [{"nertag": "O"}]}, {"base_span": [2317, 2318], "annotations": [{"nertag": "O"}]}, {"base_span": [2320, 2324], "annotations": [{"nertag": "B-PER"}]}, {"base_span": [2325, 2331], "annotations": [{"nertag": "I-PER"}]}, {"base_span": [2331, 2332], "annotations": [{"nertag": "O"}]}, {"base_span": [2333, 2338], "annotations": [{"nertag": "B-LOC_ORG"}]}, {"base_span": [2339, 2344], "annotations": [{"nertag": "B-PER"}]}, {"base_span": [2344, 2345], "annotations": [{"nertag": "O"}]}, {"base_span": [2346, 2348], "annotations": [{"nertag": "O"}]}, {"base_span": [2349, 2354], "annotations": [{"nertag": "O"}]}, {"base_span": [2355, 2362], "annotations": [{"nertag": "O"}]}, {"base_span": [2363, 2371], "annotations": [{"nertag": "O"}]}, {"base_span": [2372, 2377], "annotations": [{"nertag": "O"}]}, {"base_span": [2378, 2383], "annotations": [{"nertag": "O"}]}, {"base_span": [2383, 2384], "annotations": [{"nertag": "O"}]}, {"base_span": [2385, 2386], "annotations": [{"nertag": "O"}]}, {"base_span": [2386, 2391], "annotations": [{"nertag": "O"}]}, {"base_span": [2392, 2396], "annotations": [{"nertag": "O"}]}, {"base_span": [2397, 2401], "annotations": [{"nertag": "O"}]}, {"base_span": [2402, 2406], "annotations": [{"nertag": "O"}]}, {"base_span": [2407, 2415], "annotations": [{"nertag": "O"}]}, {"base_span": [2415, 2416], "annotations": [{"nertag": "O"}]}, {"base_span": [2417, 2422], "annotations": [{"nertag": "O"}]}, {"base_span": [2423, 2427], "annotations": [{"nertag": "O"}]}, {"base_span": [2428, 2434], "annotations": [{"nertag": "O"}]}, {"base_span": [2435, 2440], "annotations": [{"nertag": "O"}]}, {"base_span": [2440, 2441], "annotations": [{"nertag": "O"}]}, {"base_span": [2442, 2452], "annotations": [{"nertag": "O"}]}, {"base_span": [2452, 2453], "annotations": [{"nertag": "O"}]}, {"base_span": [2454, 2457], "annotations": [{"nertag": "O"}]}, {"base_span": [2458, 2460], "annotations": [{"nertag": "O"}]}, {"base_span": [2461, 2464], "annotations": [{"nertag": "O"}]}, {"base_span": [2465, 2470], "annotations": [{"nertag": "O"}]}, {"base_span": [2471, 2476], "annotations": [{"nertag": "O"}]}, {"base_span": [2477, 2484], "annotations": [{"nertag": "O"}]}, {"base_span": [2485, 2488], "annotations": [{"nertag": "O"}]}, {"base_span": [2489, 2492], "annotations": [{"nertag": "O"}]}, {"base_span": [2493, 2499], "annotations": [{"nertag": "O"}]}, {"base_span": [2500, 2510], "annotations": [{"nertag": "O"}]}, {"base_span": [2510, 2511], "annotations": [{"nertag": "O"}]}, {"base_span": [2511, 2512], "annotations": [{"nertag": "O"}]}, {"base_span": [2514, 2517], "annotations": [{"nertag": "O"}]}, {"base_span": [2518, 2527], "annotations": [{"nertag": "O"}]}, {"base_span": [2527, 2528], "annotations": [{"nertag": "O"}]}, {"base_span": [2529, 2534], "annotations": [{"nertag": "B-LOC_ORG"}]}, {"base_span": [2535, 2540], "annotations": [{"nertag": "B-PER"}]}, {"base_span": [2541, 2545], "annotations": [{"nertag": "I-PER"}]}, {"base_span": [2546, 2550], "annotations": [{"nertag": "O"}]}, {"base_span": [2551, 2552], "annotations": [{"nertag": "O"}]}, {"base_span": [2553, 2557], "annotations": [{"nertag": "O"}]}, {"base_span": [2558, 2560], "annotations": [{"nertag": "O"}]}, {"base_span": [2561, 2567], "annotations": [{"nertag": "O"}]}, {"base_span": [2568, 2573], "annotations": [{"nertag": "O"}]}, {"base_span": [2574, 2580], "annotations": [{"nertag": "O"}]}, {"base_span": [2581, 2583], "annotations": [{"nertag": "O"}]}, {"base_span": [2584, 2590], "annotations": [{"nertag": "O"}]}, {"base_span": [2591, 2596], "annotations": [{"nertag": "O"}]}, {"base_span": [2597, 2604], "annotations": [{"nertag": "O"}]}, {"base_span": [2605, 2609], "annotations": [{"nertag": "O"}]}, {"base_span": [2609, 2610], "annotations": [{"nertag": "O"}]}, {"base_span": [2611, 2614], "annotations": [{"nertag": "O"}]}, {"base_span": [2615, 2626], "annotations": [{"nertag": "O"}]}, {"base_span": [2627, 2633], "annotations": [{"nertag": "O"}]}, {"base_span": [2634, 2639], "annotations": [{"nertag": "O"}]}, {"base_span": [2640, 2642], "annotations": [{"nertag": "O"}]}, {"base_span": [2643, 2646], "annotations": [{"nertag": "O"}]}, {"base_span": [2647, 2649], "annotations": [{"nertag": "O"}]}, {"base_span": [2650, 2654], "annotations": [{"nertag": "O"}]}, {"base_span": [2655, 2656], "annotations": [{"nertag": "O"}]}, {"base_span": [2657, 2660], "annotations": [{"nertag": "O"}]}, {"base_span": [2661, 2666], "annotations": [{"nertag": "O"}]}, {"base_span": [2667, 2671], "annotations": [{"nertag": "O"}]}, {"base_span": [2671, 2672], "annotations": [{"nertag": "O"}]}, {"base_span": [2673, 2678], "annotations": [{"nertag": "O"}]}, {"base_span": [2679, 2686], "annotations": [{"nertag": "O"}]}, {"base_span": [2686, 2687], "annotations": [{"nertag": "O"}]}, {"base_span": [2689, 2691], "annotations": [{"nertag": "O"}]}, {"base_span": [2692, 2702], "annotations": [{"nertag": "O"}]}, {"base_span": [2703, 2706], "annotations": [{"nertag": "O"}]}, {"base_span": [2707, 2708], "annotations": [{"nertag": "O"}]}, {"base_span": [2709, 2712], "annotations": [{"nertag": "O"}]}, {"base_span": [2713, 2715], "annotations": [{"nertag": "O"}]}, {"base_span": [2716, 2719], "annotations": [{"nertag": "O"}]}, {"base_span": [2720, 2727], "annotations": [{"nertag": "O"}]}, {"base_span": [2728, 2740], "annotations": [{"nertag": "O"}]}, {"base_span": [2741, 2748], "annotations": [{"nertag": "O"}]}, {"base_span": [2748, 2749], "annotations": [{"nertag": "O"}]}, {"base_span": [2751, 2756], "annotations": [{"nertag": "B-PER"}]}, {"base_span": [2757, 2764], "annotations": [{"nertag": "I-PER"}]}, {"base_span": [2765, 2768], "annotations": [{"nertag": "O"}]}, {"base_span": [2769, 2773], "annotations": [{"nertag": "B-PER"}]}, {"base_span": [2774, 2782], "annotations": [{"nertag": "I-PER"}]}, {"base_span": [2783, 2786], "annotations": [{"nertag": "O"}]}, {"base_span": [2788, 2793], "annotations": [{"nertag": "B-PER"}]}, {"base_span": [2794, 2800], "annotations": [{"nertag": "I-PER"}]}, {"base_span": [2801, 2804], "annotations": [{"nertag": "O"}]}, {"base_span": [2805, 2811], "annotations": [{"nertag": "B-PER"}]}, {"base_span": [2812, 2819], "annotations": [{"nertag": "I-PER"}]}, {"base_span": [2820, 2823], "annotations": [{"nertag": "O"}]}, {"base_span": [2824, 2830], "annotations": [{"nertag": "B-PER"}]}, {"base_span": [2831, 2835], "annotations": [{"nertag": "I-PER"}]}, {"base_span": [2836, 2839], "annotations": [{"nertag": "O"}]}]}]}