{"text": "Tänasel päewal sai Jaan Pihlak Nr 49 tallo perremees Adrako Karjamoisa järrel ette kutsutud ja temma käest järrel küsitud kas temma ommale üks käemees sanud. Kes temma wölgade eest käemeheks hakkab et ta omma tallo peale edaspiddi perremehheks woib jäda. räkis Jaan Pihlak et temma keddagist polle leidnud kes käemehheks hakkab agga et temma Maddis Paasiga kaubelnud et se temmale 100 Rubl rahha temma wölla tasumiseks annab ja pealegi nende tallo maade küllest igga Aasta 25 Saado alla heinamad ja sugga kartuli ja linnamaad annab, ja et temma siis need tallu maad Maddis Paasi poja Toma kätte annab.\nAstus ette Maddis Paas ja räkis et temma Jaan Pihlakaga kaubelnud et se omma tallo asse temma poja Tomale annab ja et temma siis Jaan Pihlakale lubbanud 100 Rubla rahha ja weel igga Aasta 25 Sadualla heinamad ja nattukenne kartuli ja linnamaad anda ja ka Jaan Pihlakalle üks maja asse selle krundi küllest ning et Jani emma Marri Pihlak kui se tahhab woib ikka eddas piddi selle tallo majasse ellama jäda. Kui temma sedda agga ei tahha sab temmale se tallo saun antud ni kauaks kui ta agga ellab.\nKutsuti ette Tomas Pihlak ja kohhus küsis kas temma ommale üht kässimeest on sanud kes selle tallo wöllad omma peale wastu wöttab ja kas ta woib selle tallo wölla peale mis Maggasi ? 30 Rubla sisse maksta, nenda kui temmale nelja näddala eest aega anti, et ta siis sedda wenna tallo omma kätte sab. - räkis Tomas Pihlak et temma keddagist leidnud ei olle kes käemehheks hakkaks, ja et kust temma ni ? Kitsa kolmkümmend rubbla wöttab.\nMaistus\nEt Jaan ja Tomas Pihlakas ei olle kumbki ommale käemeest saanud, kes need tallo wöllad omma peale wastutada wöttaks, ja et wallawallitsus ja KoggoKonna Kohhus neid nende suure wölla ja nörga jou pärrast ennamb tallose ei woi jätta, ei ole ka selle nelja näddala sees ükski nende suggulastest ette tulnud selle palwega et temma sedda tallu asset ommale tahhab ja et KoggoKonna Kohhus Jaan Pihlakale lubba annud issi omma tallo ühhe teisele kaubelda. Kes temmale rohkemb annab on siis Jaan PihlakTomas Paasiga nenda kui eesseiswas protokollis üllas tähhendud kokku leppinud ja et Wallawallitsus ja KoggoKonna Kohhus Tomas Paasist ühtegi albtust ei tea, on siis se nenda kokkoleppimist kinnitanud ja Tomas Paasi perremehhest vasta wõtnud.\nMis tunnistawas kohhtumehhed\nJakob Liis XXX\nJuhhan Hallik XXX\nKarel Raja XXX\nÄrrakiri se ? 1887 Mihkel Pihlakule välja antud.\n\"\n", "meta": {"origin_directory": "vallakohus_esimene/"}, "layers": [{"name": "gold_ner", "attributes": ["nertag"], "parent": null, "enveloping": null, "ambiguous": false, "serialisation_module": null, "meta": {}, "spans": [{"base_span": [19, 30], "annotations": [{"nertag": "PER"}]}, {"base_span": [53, 70], "annotations": [{"nertag": "LOC_ORG"}]}, {"base_span": [261, 272], "annotations": [{"nertag": "PER"}]}, {"base_span": [342, 356], "annotations": [{"nertag": "PER"}]}, {"base_span": [566, 578], "annotations": [{"nertag": "PER"}]}, {"base_span": [584, 588], "annotations": [{"nertag": "PER"}]}, {"base_span": [613, 624], "annotations": [{"nertag": "PER"}]}, {"base_span": [643, 657], "annotations": [{"nertag": "PER"}]}, {"base_span": [701, 707], "annotations": [{"nertag": "PER"}]}, {"base_span": [731, 745], "annotations": [{"nertag": "PER"}]}, {"base_span": [857, 872], "annotations": [{"nertag": "PER"}]}, {"base_span": [916, 920], "annotations": [{"nertag": "PER"}]}, {"base_span": [926, 938], "annotations": [{"nertag": "PER"}]}, {"base_span": [1112, 1124], "annotations": [{"nertag": "PER"}]}, {"base_span": [1406, 1418], "annotations": [{"nertag": "PER"}]}, {"base_span": [1544, 1548], "annotations": [{"nertag": "PER"}]}, {"base_span": [1552, 1566], "annotations": [{"nertag": "PER"}]}, {"base_span": [1924, 1938], "annotations": [{"nertag": "PER"}]}, {"base_span": [2024, 2035], "annotations": [{"nertag": "PER"}]}, {"base_span": [2035, 2048], "annotations": [{"nertag": "PER"}]}, {"base_span": [2155, 2168], "annotations": [{"nertag": "PER"}]}, {"base_span": [2238, 2249], "annotations": [{"nertag": "PER"}]}, {"base_span": [2306, 2316], "annotations": [{"nertag": "PER"}]}, {"base_span": [2321, 2334], "annotations": [{"nertag": "PER"}]}, {"base_span": [2339, 2349], "annotations": [{"nertag": "PER"}]}, {"base_span": [2373, 2389], "annotations": [{"nertag": "PER"}]}]}, {"name": "gold_wordner", "attributes": ["nertag"], "parent": null, "enveloping": null, "ambiguous": false, "serialisation_module": null, "meta": {}, "spans": [{"base_span": [0, 7], "annotations": [{"nertag": "O"}]}, {"base_span": [8, 14], "annotations": [{"nertag": "O"}]}, {"base_span": [15, 18], "annotations": [{"nertag": "O"}]}, {"base_span": [19, 23], "annotations": [{"nertag": "B-PER"}]}, {"base_span": [24, 30], "annotations": [{"nertag": "I-PER"}]}, {"base_span": [31, 33], "annotations": [{"nertag": "O"}]}, {"base_span": [34, 36], "annotations": [{"nertag": "O"}]}, {"base_span": [37, 42], "annotations": [{"nertag": "O"}]}, {"base_span": [43, 52], "annotations": [{"nertag": "O"}]}, {"base_span": [53, 59], "annotations": [{"nertag": "B-LOC_ORG"}]}, {"base_span": [60, 70], "annotations": [{"nertag": "I-LOC_ORG"}]}, {"base_span": [71, 77], "annotations": [{"nertag": "O"}]}, {"base_span": [78, 82], "annotations": [{"nertag": "O"}]}, {"base_span": [83, 91], "annotations": [{"nertag": "O"}]}, {"base_span": [92, 94], "annotations": [{"nertag": "O"}]}, {"base_span": [95, 100], "annotations": [{"nertag": "O"}]}, {"base_span": [101, 106], "annotations": [{"nertag": "O"}]}, {"base_span": [107, 113], "annotations": [{"nertag": "O"}]}, {"base_span": [114, 121], "annotations": [{"nertag": "O"}]}, {"base_span": [122, 125], "annotations": [{"nertag": "O"}]}, {"base_span": [126, 131], "annotations": [{"nertag": "O"}]}, {"base_span": [132, 138], "annotations": [{"nertag": "O"}]}, {"base_span": [139, 142], "annotations": [{"nertag": "O"}]}, {"base_span": [143, 150], "annotations": [{"nertag": "O"}]}, {"base_span": [151, 156], "annotations": [{"nertag": "O"}]}, {"base_span": [156, 157], "annotations": [{"nertag": "O"}]}, {"base_span": [158, 161], "annotations": [{"nertag": "O"}]}, {"base_span": [162, 167], "annotations": [{"nertag": "O"}]}, {"base_span": [168, 175], "annotations": [{"nertag": "O"}]}, {"base_span": [176, 180], "annotations": [{"nertag": "O"}]}, {"base_span": [181, 190], "annotations": [{"nertag": "O"}]}, {"base_span": [191, 197], "annotations": [{"nertag": "O"}]}, {"base_span": [198, 200], "annotations": [{"nertag": "O"}]}, {"base_span": [201, 203], "annotations": [{"nertag": "O"}]}, {"base_span": [204, 208], "annotations": [{"nertag": "O"}]}, {"base_span": [209, 214], "annotations": [{"nertag": "O"}]}, {"base_span": [215, 220], "annotations": [{"nertag": "O"}]}, {"base_span": [221, 230], "annotations": [{"nertag": "O"}]}, {"base_span": [231, 243], "annotations": [{"nertag": "O"}]}, {"base_span": [244, 248], "annotations": [{"nertag": "O"}]}, {"base_span": [249, 253], "annotations": [{"nertag": "O"}]}, {"base_span": [253, 254], "annotations": [{"nertag": "O"}]}, {"base_span": [255, 260], "annotations": [{"nertag": "O"}]}, {"base_span": [261, 265], "annotations": [{"nertag": "B-PER"}]}, {"base_span": [266, 272], "annotations": [{"nertag": "I-PER"}]}, {"base_span": [273, 275], "annotations": [{"nertag": "O"}]}, {"base_span": [276, 281], "annotations": [{"nertag": "O"}]}, {"base_span": [282, 291], "annotations": [{"nertag": "O"}]}, {"base_span": [292, 297], "annotations": [{"nertag": "O"}]}, {"base_span": [298, 305], "annotations": [{"nertag": "O"}]}, {"base_span": [306, 309], "annotations": [{"nertag": "O"}]}, {"base_span": [310, 320], "annotations": [{"nertag": "O"}]}, {"base_span": [321, 327], "annotations": [{"nertag": "O"}]}, {"base_span": [328, 332], "annotations": [{"nertag": "O"}]}, {"base_span": [333, 335], "annotations": [{"nertag": "O"}]}, {"base_span": [336, 341], "annotations": [{"nertag": "O"}]}, {"base_span": [342, 348], "annotations": [{"nertag": "B-PER"}]}, {"base_span": [349, 356], "annotations": [{"nertag": "I-PER"}]}, {"base_span": [357, 366], "annotations": [{"nertag": "O"}]}, {"base_span": [367, 369], "annotations": [{"nertag": "O"}]}, {"base_span": [370, 372], "annotations": [{"nertag": "O"}]}, {"base_span": [373, 380], "annotations": [{"nertag": "O"}]}, {"base_span": [381, 384], "annotations": [{"nertag": "O"}]}, {"base_span": [385, 389], "annotations": [{"nertag": "O"}]}, {"base_span": [390, 395], "annotations": [{"nertag": "O"}]}, {"base_span": [396, 401], "annotations": [{"nertag": "O"}]}, {"base_span": [402, 407], "annotations": [{"nertag": "O"}]}, {"base_span": [408, 418], "annotations": [{"nertag": "O"}]}, {"base_span": [419, 424], "annotations": [{"nertag": "O"}]}, {"base_span": [425, 427], "annotations": [{"nertag": "O"}]}, {"base_span": [428, 435], "annotations": [{"nertag": "O"}]}, {"base_span": [436, 441], "annotations": [{"nertag": "O"}]}, {"base_span": [442, 447], "annotations": [{"nertag": "O"}]}, {"base_span": [448, 453], "annotations": [{"nertag": "O"}]}, {"base_span": [454, 461], "annotations": [{"nertag": "O"}]}, {"base_span": [462, 466], "annotations": [{"nertag": "O"}]}, {"base_span": [467, 472], "annotations": [{"nertag": "O"}]}, {"base_span": [473, 475], "annotations": [{"nertag": "O"}]}, {"base_span": [476, 481], "annotations": [{"nertag": "O"}]}, {"base_span": [482, 486], "annotations": [{"nertag": "O"}]}, {"base_span": [487, 495], "annotations": [{"nertag": "O"}]}, {"base_span": [496, 498], "annotations": [{"nertag": "O"}]}, {"base_span": [499, 504], "annotations": [{"nertag": "O"}]}, {"base_span": [505, 512], "annotations": [{"nertag": "O"}]}, {"base_span": [513, 515], "annotations": [{"nertag": "O"}]}, {"base_span": [516, 525], "annotations": [{"nertag": "O"}]}, {"base_span": [526, 531], "annotations": [{"nertag": "O"}]}, {"base_span": [531, 532], "annotations": [{"nertag": "O"}]}, {"base_span": [533, 535], "annotations": [{"nertag": "O"}]}, {"base_span": [536, 538], "annotations": [{"nertag": "O"}]}, {"base_span": [539, 544], "annotations": [{"nertag": "O"}]}, {"base_span": [545, 549], "annotations": [{"nertag": "O"}]}, {"base_span": [550, 554], "annotations": [{"nertag": "O"}]}, {"base_span": [555, 560], "annotations": [{"nertag": "O"}]}, {"base_span": [561, 565], "annotations": [{"nertag": "O"}]}, {"base_span": [566, 572], "annotations": [{"nertag": "B-PER"}]}, {"base_span": [573, 578], "annotations": [{"nertag": "I-PER"}]}, {"base_span": [579, 583], "annotations": [{"nertag": "O"}]}, {"base_span": [584, 588], "annotations": [{"nertag": "B-PER"}]}, {"base_span": [589, 594], "annotations": [{"nertag": "O"}]}, {"base_span": [595, 600], "annotations": [{"nertag": "O"}]}, {"base_span": [600, 601], "annotations": [{"nertag": "O"}]}, {"base_span": [602, 607], "annotations": [{"nertag": "O"}]}, {"base_span": [608, 612], "annotations": [{"nertag": "O"}]}, {"base_span": [613, 619], "annotations": [{"nertag": "B-PER"}]}, {"base_span": [620, 624], "annotations": [{"nertag": "I-PER"}]}, {"base_span": [625, 627], "annotations": [{"nertag": "O"}]}, {"base_span": [628, 633], "annotations": [{"nertag": "O"}]}, {"base_span": [634, 636], "annotations": [{"nertag": "O"}]}, {"base_span": [637, 642], "annotations": [{"nertag": "O"}]}, {"base_span": [643, 647], "annotations": [{"nertag": "B-PER"}]}, {"base_span": [648, 657], "annotations": [{"nertag": "I-PER"}]}, {"base_span": [658, 667], "annotations": [{"nertag": "O"}]}, {"base_span": [668, 670], "annotations": [{"nertag": "O"}]}, {"base_span": [671, 673], "annotations": [{"nertag": "O"}]}, {"base_span": [674, 678], "annotations": [{"nertag": "O"}]}, {"base_span": [679, 684], "annotations": [{"nertag": "O"}]}, {"base_span": [685, 689], "annotations": [{"nertag": "O"}]}, {"base_span": [690, 695], "annotations": [{"nertag": "O"}]}, {"base_span": [696, 700], "annotations": [{"nertag": "O"}]}, {"base_span": [701, 707], "annotations": [{"nertag": "B-PER"}]}, {"base_span": [708, 713], "annotations": [{"nertag": "O"}]}, {"base_span": [714, 716], "annotations": [{"nertag": "O"}]}, {"base_span": [717, 719], "annotations": [{"nertag": "O"}]}, {"base_span": [720, 725], "annotations": [{"nertag": "O"}]}, {"base_span": [726, 730], "annotations": [{"nertag": "O"}]}, {"base_span": [731, 735], "annotations": [{"nertag": "B-PER"}]}, {"base_span": [736, 745], "annotations": [{"nertag": "I-PER"}]}, {"base_span": [746, 754], "annotations": [{"nertag": "O"}]}, {"base_span": [755, 758], "annotations": [{"nertag": "O"}]}, {"base_span": [759, 764], "annotations": [{"nertag": "O"}]}, {"base_span": [765, 770], "annotations": [{"nertag": "O"}]}, {"base_span": [771, 773], "annotations": [{"nertag": "O"}]}, {"base_span": [774, 778], "annotations": [{"nertag": "O"}]}, {"base_span": [779, 783], "annotations": [{"nertag": "O"}]}, {"base_span": [784, 789], "annotations": [{"nertag": "O"}]}, {"base_span": [790, 792], "annotations": [{"nertag": "O"}]}, {"base_span": [793, 801], "annotations": [{"nertag": "O"}]}, {"base_span": [802, 810], "annotations": [{"nertag": "O"}]}, {"base_span": [811, 813], "annotations": [{"nertag": "O"}]}, {"base_span": [814, 824], "annotations": [{"nertag": "O"}]}, {"base_span": [825, 832], "annotations": [{"nertag": "O"}]}, {"base_span": [833, 835], "annotations": [{"nertag": "O"}]}, {"base_span": [836, 845], "annotations": [{"nertag": "O"}]}, {"base_span": [846, 850], "annotations": [{"nertag": "O"}]}, {"base_span": [851, 853], "annotations": [{"nertag": "O"}]}, {"base_span": [854, 856], "annotations": [{"nertag": "O"}]}, {"base_span": [857, 861], "annotations": [{"nertag": "B-PER"}]}, {"base_span": [862, 872], "annotations": [{"nertag": "I-PER"}]}, {"base_span": [873, 876], "annotations": [{"nertag": "O"}]}, {"base_span": [877, 881], "annotations": [{"nertag": "O"}]}, {"base_span": [882, 886], "annotations": [{"nertag": "O"}]}, {"base_span": [887, 892], "annotations": [{"nertag": "O"}]}, {"base_span": [893, 899], "annotations": [{"nertag": "O"}]}, {"base_span": [900, 907], "annotations": [{"nertag": "O"}]}, {"base_span": [908, 912], "annotations": [{"nertag": "O"}]}, {"base_span": [913, 915], "annotations": [{"nertag": "O"}]}, {"base_span": [916, 920], "annotations": [{"nertag": "B-PER"}]}, {"base_span": [921, 925], "annotations": [{"nertag": "O"}]}, {"base_span": [926, 931], "annotations": [{"nertag": "B-PER"}]}, {"base_span": [932, 938], "annotations": [{"nertag": "I-PER"}]}, {"base_span": [939, 942], "annotations": [{"nertag": "O"}]}, {"base_span": [943, 945], "annotations": [{"nertag": "O"}]}, {"base_span": [946, 952], "annotations": [{"nertag": "O"}]}, {"base_span": [953, 957], "annotations": [{"nertag": "O"}]}, {"base_span": [958, 962], "annotations": [{"nertag": "O"}]}, {"base_span": [963, 968], "annotations": [{"nertag": "O"}]}, {"base_span": [969, 974], "annotations": [{"nertag": "O"}]}, {"base_span": [975, 980], "annotations": [{"nertag": "O"}]}, {"base_span": [981, 986], "annotations": [{"nertag": "O"}]}, {"base_span": [987, 994], "annotations": [{"nertag": "O"}]}, {"base_span": [995, 1001], "annotations": [{"nertag": "O"}]}, {"base_span": [1002, 1006], "annotations": [{"nertag": "O"}]}, {"base_span": [1006, 1007], "annotations": [{"nertag": "O"}]}, {"base_span": [1008, 1011], "annotations": [{"nertag": "O"}]}, {"base_span": [1012, 1017], "annotations": [{"nertag": "O"}]}, {"base_span": [1018, 1023], "annotations": [{"nertag": "O"}]}, {"base_span": [1024, 1028], "annotations": [{"nertag": "O"}]}, {"base_span": [1029, 1031], "annotations": [{"nertag": "O"}]}, {"base_span": [1032, 1037], "annotations": [{"nertag": "O"}]}, {"base_span": [1038, 1041], "annotations": [{"nertag": "O"}]}, {"base_span": [1042, 1049], "annotations": [{"nertag": "O"}]}, {"base_span": [1050, 1052], "annotations": [{"nertag": "O"}]}, {"base_span": [1053, 1058], "annotations": [{"nertag": "O"}]}, {"base_span": [1059, 1063], "annotations": [{"nertag": "O"}]}, {"base_span": [1064, 1069], "annotations": [{"nertag": "O"}]}, {"base_span": [1070, 1072], "annotations": [{"nertag": "O"}]}, {"base_span": [1073, 1079], "annotations": [{"nertag": "O"}]}, {"base_span": [1080, 1083], "annotations": [{"nertag": "O"}]}, {"base_span": [1084, 1086], "annotations": [{"nertag": "O"}]}, {"base_span": [1087, 1091], "annotations": [{"nertag": "O"}]}, {"base_span": [1092, 1097], "annotations": [{"nertag": "O"}]}, {"base_span": [1097, 1098], "annotations": [{"nertag": "O"}]}, {"base_span": [1099, 1106], "annotations": [{"nertag": "O"}]}, {"base_span": [1107, 1111], "annotations": [{"nertag": "O"}]}, {"base_span": [1112, 1117], "annotations": [{"nertag": "B-PER"}]}, {"base_span": [1118, 1124], "annotations": [{"nertag": "I-PER"}]}, {"base_span": [1125, 1127], "annotations": [{"nertag": "O"}]}, {"base_span": [1128, 1134], "annotations": [{"nertag": "O"}]}, {"base_span": [1135, 1140], "annotations": [{"nertag": "O"}]}, {"base_span": [1141, 1144], "annotations": [{"nertag": "O"}]}, {"base_span": [1145, 1150], "annotations": [{"nertag": "O"}]}, {"base_span": [1151, 1157], "annotations": [{"nertag": "O"}]}, {"base_span": [1158, 1161], "annotations": [{"nertag": "O"}]}, {"base_span": [1162, 1172], "annotations": [{"nertag": "O"}]}, {"base_span": [1173, 1175], "annotations": [{"nertag": "O"}]}, {"base_span": [1176, 1181], "annotations": [{"nertag": "O"}]}, {"base_span": [1182, 1185], "annotations": [{"nertag": "O"}]}, {"base_span": [1186, 1191], "annotations": [{"nertag": "O"}]}, {"base_span": [1192, 1197], "annotations": [{"nertag": "O"}]}, {"base_span": [1198, 1204], "annotations": [{"nertag": "O"}]}, {"base_span": [1205, 1209], "annotations": [{"nertag": "O"}]}, {"base_span": [1210, 1215], "annotations": [{"nertag": "O"}]}, {"base_span": [1216, 1221], "annotations": [{"nertag": "O"}]}, {"base_span": [1222, 1228], "annotations": [{"nertag": "O"}]}, {"base_span": [1229, 1231], "annotations": [{"nertag": "O"}]}, {"base_span": [1232, 1235], "annotations": [{"nertag": "O"}]}, {"base_span": [1236, 1238], "annotations": [{"nertag": "O"}]}, {"base_span": [1239, 1243], "annotations": [{"nertag": "O"}]}, {"base_span": [1244, 1249], "annotations": [{"nertag": "O"}]}, {"base_span": [1250, 1255], "annotations": [{"nertag": "O"}]}, {"base_span": [1256, 1261], "annotations": [{"nertag": "O"}]}, {"base_span": [1262, 1267], "annotations": [{"nertag": "O"}]}, {"base_span": [1268, 1271], "annotations": [{"nertag": "O"}]}, {"base_span": [1272, 1279], "annotations": [{"nertag": "O"}]}, {"base_span": [1280, 1281], "annotations": [{"nertag": "O"}]}, {"base_span": [1282, 1284], "annotations": [{"nertag": "O"}]}, {"base_span": [1285, 1290], "annotations": [{"nertag": "O"}]}, {"base_span": [1291, 1296], "annotations": [{"nertag": "O"}]}, {"base_span": [1297, 1303], "annotations": [{"nertag": "O"}]}, {"base_span": [1303, 1304], "annotations": [{"nertag": "O"}]}, {"base_span": [1305, 1310], "annotations": [{"nertag": "O"}]}, {"base_span": [1311, 1314], "annotations": [{"nertag": "O"}]}, {"base_span": [1315, 1322], "annotations": [{"nertag": "O"}]}, {"base_span": [1323, 1328], "annotations": [{"nertag": "O"}]}, {"base_span": [1329, 1336], "annotations": [{"nertag": "O"}]}, {"base_span": [1337, 1341], "annotations": [{"nertag": "O"}]}, {"base_span": [1342, 1346], "annotations": [{"nertag": "O"}]}, {"base_span": [1347, 1351], "annotations": [{"nertag": "O"}]}, {"base_span": [1351, 1352], "annotations": [{"nertag": "O"}]}, {"base_span": [1353, 1355], "annotations": [{"nertag": "O"}]}, {"base_span": [1356, 1358], "annotations": [{"nertag": "O"}]}, {"base_span": [1359, 1363], "annotations": [{"nertag": "O"}]}, {"base_span": [1364, 1369], "annotations": [{"nertag": "O"}]}, {"base_span": [1370, 1375], "annotations": [{"nertag": "O"}]}, {"base_span": [1376, 1381], "annotations": [{"nertag": "O"}]}, {"base_span": [1382, 1386], "annotations": [{"nertag": "O"}]}, {"base_span": [1387, 1392], "annotations": [{"nertag": "O"}]}, {"base_span": [1393, 1396], "annotations": [{"nertag": "O"}]}, {"base_span": [1396, 1397], "annotations": [{"nertag": "O"}]}, {"base_span": [1398, 1399], "annotations": [{"nertag": "O"}]}, {"base_span": [1400, 1405], "annotations": [{"nertag": "O"}]}, {"base_span": [1406, 1411], "annotations": [{"nertag": "B-PER"}]}, {"base_span": [1412, 1418], "annotations": [{"nertag": "I-PER"}]}, {"base_span": [1419, 1421], "annotations": [{"nertag": "O"}]}, {"base_span": [1422, 1427], "annotations": [{"nertag": "O"}]}, {"base_span": [1428, 1437], "annotations": [{"nertag": "O"}]}, {"base_span": [1438, 1445], "annotations": [{"nertag": "O"}]}, {"base_span": [1446, 1448], "annotations": [{"nertag": "O"}]}, {"base_span": [1449, 1453], "annotations": [{"nertag": "O"}]}, {"base_span": [1454, 1457], "annotations": [{"nertag": "O"}]}, {"base_span": [1458, 1468], "annotations": [{"nertag": "O"}]}, {"base_span": [1469, 1476], "annotations": [{"nertag": "O"}]}, {"base_span": [1476, 1477], "annotations": [{"nertag": "O"}]}, {"base_span": [1478, 1480], "annotations": [{"nertag": "O"}]}, {"base_span": [1481, 1483], "annotations": [{"nertag": "O"}]}, {"base_span": [1484, 1488], "annotations": [{"nertag": "O"}]}, {"base_span": [1489, 1494], "annotations": [{"nertag": "O"}]}, {"base_span": [1495, 1497], "annotations": [{"nertag": "O"}]}, {"base_span": [1498, 1499], "annotations": [{"nertag": "O"}]}, {"base_span": [1500, 1505], "annotations": [{"nertag": "O"}]}, {"base_span": [1506, 1517], "annotations": [{"nertag": "O"}]}, {"base_span": [1518, 1524], "annotations": [{"nertag": "O"}]}, {"base_span": [1525, 1531], "annotations": [{"nertag": "O"}]}, {"base_span": [1531, 1532], "annotations": [{"nertag": "O"}]}, {"base_span": [1533, 1540], "annotations": [{"nertag": "O"}]}, {"base_span": [1541, 1543], "annotations": [{"nertag": "O"}]}, {"base_span": [1544, 1548], "annotations": [{"nertag": "B-PER"}]}, {"base_span": [1549, 1551], "annotations": [{"nertag": "O"}]}, {"base_span": [1552, 1557], "annotations": [{"nertag": "B-PER"}]}, {"base_span": [1558, 1566], "annotations": [{"nertag": "I-PER"}]}, {"base_span": [1567, 1569], "annotations": [{"nertag": "O"}]}, {"base_span": [1570, 1574], "annotations": [{"nertag": "O"}]}, {"base_span": [1575, 1581], "annotations": [{"nertag": "O"}]}, {"base_span": [1582, 1588], "annotations": [{"nertag": "O"}]}, {"base_span": [1589, 1597], "annotations": [{"nertag": "O"}]}, {"base_span": [1598, 1604], "annotations": [{"nertag": "O"}]}, {"base_span": [1604, 1605], "annotations": [{"nertag": "O"}]}, {"base_span": [1606, 1609], "annotations": [{"nertag": "O"}]}, {"base_span": [1610, 1614], "annotations": [{"nertag": "O"}]}, {"base_span": [1615, 1620], "annotations": [{"nertag": "O"}]}, {"base_span": [1621, 1627], "annotations": [{"nertag": "O"}]}, {"base_span": [1628, 1632], "annotations": [{"nertag": "O"}]}, {"base_span": [1633, 1638], "annotations": [{"nertag": "O"}]}, {"base_span": [1639, 1648], "annotations": [{"nertag": "O"}]}, {"base_span": [1649, 1656], "annotations": [{"nertag": "O"}]}, {"base_span": [1656, 1657], "annotations": [{"nertag": "O"}]}, {"base_span": [1658, 1660], "annotations": [{"nertag": "O"}]}, {"base_span": [1661, 1663], "annotations": [{"nertag": "O"}]}, {"base_span": [1664, 1678], "annotations": [{"nertag": "O"}]}, {"base_span": [1679, 1681], "annotations": [{"nertag": "O"}]}, {"base_span": [1682, 1687], "annotations": [{"nertag": "O"}]}, {"base_span": [1687, 1692], "annotations": [{"nertag": "O"}]}, {"base_span": [1693, 1699], "annotations": [{"nertag": "O"}]}, {"base_span": [1700, 1704], "annotations": [{"nertag": "O"}]}, {"base_span": [1705, 1710], "annotations": [{"nertag": "O"}]}, {"base_span": [1711, 1716], "annotations": [{"nertag": "O"}]}, {"base_span": [1717, 1722], "annotations": [{"nertag": "O"}]}, {"base_span": [1723, 1725], "annotations": [{"nertag": "O"}]}, {"base_span": [1726, 1731], "annotations": [{"nertag": "O"}]}, {"base_span": [1732, 1735], "annotations": [{"nertag": "O"}]}, {"base_span": [1736, 1743], "annotations": [{"nertag": "O"}]}, {"base_span": [1744, 1750], "annotations": [{"nertag": "O"}]}, {"base_span": [1751, 1758], "annotations": [{"nertag": "O"}]}, {"base_span": [1759, 1761], "annotations": [{"nertag": "O"}]}, {"base_span": [1762, 1765], "annotations": [{"nertag": "O"}]}, {"base_span": [1766, 1771], "annotations": [{"nertag": "O"}]}, {"base_span": [1771, 1772], "annotations": [{"nertag": "O"}]}, {"base_span": [1773, 1775], "annotations": [{"nertag": "O"}]}, {"base_span": [1776, 1779], "annotations": [{"nertag": "O"}]}, {"base_span": [1780, 1782], "annotations": [{"nertag": "O"}]}, {"base_span": [1783, 1788], "annotations": [{"nertag": "O"}]}, {"base_span": [1789, 1794], "annotations": [{"nertag": "O"}]}, {"base_span": [1795, 1802], "annotations": [{"nertag": "O"}]}, {"base_span": [1803, 1807], "annotations": [{"nertag": "O"}]}, {"base_span": [1808, 1813], "annotations": [{"nertag": "O"}]}, {"base_span": [1814, 1819], "annotations": [{"nertag": "O"}]}, {"base_span": [1820, 1832], "annotations": [{"nertag": "O"}]}, {"base_span": [1833, 1837], "annotations": [{"nertag": "O"}]}, {"base_span": [1838, 1844], "annotations": [{"nertag": "O"}]}, {"base_span": [1845, 1850], "annotations": [{"nertag": "O"}]}, {"base_span": [1851, 1858], "annotations": [{"nertag": "O"}]}, {"base_span": [1859, 1861], "annotations": [{"nertag": "O"}]}, {"base_span": [1862, 1867], "annotations": [{"nertag": "O"}]}, {"base_span": [1868, 1873], "annotations": [{"nertag": "O"}]}, {"base_span": [1874, 1879], "annotations": [{"nertag": "O"}]}, {"base_span": [1880, 1885], "annotations": [{"nertag": "O"}]}, {"base_span": [1886, 1892], "annotations": [{"nertag": "O"}]}, {"base_span": [1893, 1899], "annotations": [{"nertag": "O"}]}, {"base_span": [1900, 1902], "annotations": [{"nertag": "O"}]}, {"base_span": [1903, 1905], "annotations": [{"nertag": "O"}]}, {"base_span": [1906, 1911], "annotations": [{"nertag": "O"}]}, {"base_span": [1911, 1916], "annotations": [{"nertag": "O"}]}, {"base_span": [1917, 1923], "annotations": [{"nertag": "O"}]}, {"base_span": [1924, 1928], "annotations": [{"nertag": "B-PER"}]}, {"base_span": [1929, 1938], "annotations": [{"nertag": "I-PER"}]}, {"base_span": [1939, 1944], "annotations": [{"nertag": "O"}]}, {"base_span": [1945, 1950], "annotations": [{"nertag": "O"}]}, {"base_span": [1951, 1955], "annotations": [{"nertag": "O"}]}, {"base_span": [1956, 1960], "annotations": [{"nertag": "O"}]}, {"base_span": [1961, 1966], "annotations": [{"nertag": "O"}]}, {"base_span": [1967, 1971], "annotations": [{"nertag": "O"}]}, {"base_span": [1972, 1979], "annotations": [{"nertag": "O"}]}, {"base_span": [1980, 1988], "annotations": [{"nertag": "O"}]}, {"base_span": [1988, 1989], "annotations": [{"nertag": "O"}]}, {"base_span": [1990, 1993], "annotations": [{"nertag": "O"}]}, {"base_span": [1994, 2001], "annotations": [{"nertag": "O"}]}, {"base_span": [2002, 2009], "annotations": [{"nertag": "O"}]}, {"base_span": [2010, 2015], "annotations": [{"nertag": "O"}]}, {"base_span": [2016, 2018], "annotations": [{"nertag": "O"}]}, {"base_span": [2019, 2023], "annotations": [{"nertag": "O"}]}, {"base_span": [2024, 2028], "annotations": [{"nertag": "B-PER"}]}, {"base_span": [2029, 2035], "annotations": [{"nertag": "I-PER"}]}, {"base_span": [2035, 2040], "annotations": [{"nertag": "B-PER"}]}, {"base_span": [2041, 2048], "annotations": [{"nertag": "I-PER"}]}, {"base_span": [2049, 2054], "annotations": [{"nertag": "O"}]}, {"base_span": [2055, 2058], "annotations": [{"nertag": "O"}]}, {"base_span": [2059, 2069], "annotations": [{"nertag": "O"}]}, {"base_span": [2070, 2081], "annotations": [{"nertag": "O"}]}, {"base_span": [2082, 2087], "annotations": [{"nertag": "O"}]}, {"base_span": [2088, 2097], "annotations": [{"nertag": "O"}]}, {"base_span": [2098, 2103], "annotations": [{"nertag": "O"}]}, {"base_span": [2104, 2112], "annotations": [{"nertag": "O"}]}, {"base_span": [2113, 2115], "annotations": [{"nertag": "O"}]}, {"base_span": [2116, 2118], "annotations": [{"nertag": "O"}]}, {"base_span": [2119, 2133], "annotations": [{"nertag": "O"}]}, {"base_span": [2134, 2136], "annotations": [{"nertag": "O"}]}, {"base_span": [2137, 2142], "annotations": [{"nertag": "O"}]}, {"base_span": [2142, 2147], "annotations": [{"nertag": "O"}]}, {"base_span": [2148, 2154], "annotations": [{"nertag": "O"}]}, {"base_span": [2155, 2160], "annotations": [{"nertag": "B-PER"}]}, {"base_span": [2161, 2168], "annotations": [{"nertag": "I-PER"}]}, {"base_span": [2169, 2175], "annotations": [{"nertag": "O"}]}, {"base_span": [2176, 2183], "annotations": [{"nertag": "O"}]}, {"base_span": [2184, 2186], "annotations": [{"nertag": "O"}]}, {"base_span": [2187, 2190], "annotations": [{"nertag": "O"}]}, {"base_span": [2190, 2191], "annotations": [{"nertag": "O"}]}, {"base_span": [2192, 2194], "annotations": [{"nertag": "O"}]}, {"base_span": [2195, 2199], "annotations": [{"nertag": "O"}]}, {"base_span": [2200, 2202], "annotations": [{"nertag": "O"}]}, {"base_span": [2203, 2208], "annotations": [{"nertag": "O"}]}, {"base_span": [2209, 2223], "annotations": [{"nertag": "O"}]}, {"base_span": [2224, 2234], "annotations": [{"nertag": "O"}]}, {"base_span": [2235, 2237], "annotations": [{"nertag": "O"}]}, {"base_span": [2238, 2243], "annotations": [{"nertag": "B-PER"}]}, {"base_span": [2244, 2249], "annotations": [{"nertag": "I-PER"}]}, {"base_span": [2250, 2262], "annotations": [{"nertag": "O"}]}, {"base_span": [2263, 2268], "annotations": [{"nertag": "O"}]}, {"base_span": [2269, 2275], "annotations": [{"nertag": "O"}]}, {"base_span": [2275, 2276], "annotations": [{"nertag": "O"}]}, {"base_span": [2277, 2280], "annotations": [{"nertag": "O"}]}, {"base_span": [2281, 2292], "annotations": [{"nertag": "O"}]}, {"base_span": [2293, 2305], "annotations": [{"nertag": "O"}]}, {"base_span": [2306, 2311], "annotations": [{"nertag": "B-PER"}]}, {"base_span": [2312, 2316], "annotations": [{"nertag": "I-PER"}]}, {"base_span": [2317, 2320], "annotations": [{"nertag": "O"}]}, {"base_span": [2321, 2327], "annotations": [{"nertag": "B-PER"}]}, {"base_span": [2328, 2334], "annotations": [{"nertag": "I-PER"}]}, {"base_span": [2335, 2338], "annotations": [{"nertag": "O"}]}, {"base_span": [2339, 2344], "annotations": [{"nertag": "B-PER"}]}, {"base_span": [2345, 2349], "annotations": [{"nertag": "I-PER"}]}, {"base_span": [2350, 2353], "annotations": [{"nertag": "O"}]}, {"base_span": [2354, 2362], "annotations": [{"nertag": "O"}]}, {"base_span": [2363, 2365], "annotations": [{"nertag": "O"}]}, {"base_span": [2366, 2367], "annotations": [{"nertag": "O"}]}, {"base_span": [2368, 2372], "annotations": [{"nertag": "O"}]}, {"base_span": [2373, 2379], "annotations": [{"nertag": "B-PER"}]}, {"base_span": [2380, 2389], "annotations": [{"nertag": "I-PER"}]}, {"base_span": [2390, 2395], "annotations": [{"nertag": "O"}]}, {"base_span": [2396, 2401], "annotations": [{"nertag": "O"}]}, {"base_span": [2401, 2402], "annotations": [{"nertag": "O"}]}, {"base_span": [2403, 2404], "annotations": [{"nertag": "O"}]}]}]}