{"text": "\nJaan Willip aastus ette ja kaebas et Jaan Kusik temmale 30 rub wõlgu on mis ta nüd tahhab ärra salgata. Kusik on se rahha 7 aasta tagga Märdi päwa aial temma kaest wötnud.\n\nJaan Kusik ütles wälja et ta Jaan Willipil suggugi wölgu ei olle, ühhe hobbune mis ta temma kaest 30 rubl. est ostnud, sai temmale ärra maksnud; ja need 30 rubl. puhhas rahha on Jaan Willip temmale andnud, et ta se rahha Jaani wenna poia Karl Willip ärra annab. Jaan Willip olli se rahha Karlile lubbanud nink Kusik on Karli palwe päle 30 rubla Jaani kaest wasta wötnud ja Karlile ärra andnud. Jaan Willip peab se rahha omma wenna poia Karli kaest, agga mitte Kusiku käest noudma.\n\nJaan Willip ütles, et ta ei lubbanud Karlile se rahha anda, ja ei olle ka andnud. Temma on Jaan Kusikule se rahha andnud, ja perrib ka temma käest, mis Kusik selle rahhaga on tehnud sedda Jaan Willipile üks teis köik.\n\nJaan Tutt ütles wälja et Jaan Willip se rahha Tutti kaest wötnud nink Kusikule andnud. Karl Willip ei olle seäl ollnud, ja ei olle sest middagi räkinud.\n\nKarl Willip ütles wälja et Kusik 7 aasta tagga aina aial temmale 40 rubla andnud, mis ta Jaan Willipi ja Jaan Tutti kaest Karli est wötnud. 30 rubla saiwad süggise ärra makstud nink 10 rubla ta weel Jaan Tuttile wölgu. Se 30 rubl. sai Kusiku tarres ärra maksetud nink olli Jaan Willip ja Jaan Tutt seäl.\n\nJaan Kusik ütles et Jaan Willip üts kord 15 rubl. teine kord 25 rubl temma käest perrinud, ja nüd ta jälle rohkbmb tahhab.\n\nMoistetud: Kusik peab 30 rubla mis ta Märdi päwa aial Jaan Willipu kaest wötnud temmale arra maksma, sest et Karl Willip tunnistab et ta 40 rubl. aina aial Kusiku kaest sanud, nink nähhä on, et se 40 rubl. ei pudu selle 30 rubla mis Kusip Märdi päwa aial wõtnud.\n\nPeakohtomees: Jakob Kook\n\nkohtomees Peter Paap\n\n?\" Thomas Kähr\n\n?\" Mihkel Bringfeld\n\n\n", "meta": {"origin_directory": "vallakohus_kolmas/"}, "layers": [{"name": "gold_ner", "attributes": ["nertag"], "parent": null, "enveloping": null, "ambiguous": false, "serialisation_module": null, "meta": {}, "spans": [{"base_span": [1, 12], "annotations": [{"nertag": "PER"}]}, {"base_span": [38, 48], "annotations": [{"nertag": "PER"}]}, {"base_span": [105, 110], "annotations": [{"nertag": "PER"}]}, {"base_span": [174, 184], "annotations": [{"nertag": "PER"}]}, {"base_span": [203, 216], "annotations": [{"nertag": "PER"}]}, {"base_span": [352, 363], "annotations": [{"nertag": "PER"}]}, {"base_span": [395, 400], "annotations": [{"nertag": "PER"}]}, {"base_span": [412, 423], "annotations": [{"nertag": "PER"}]}, {"base_span": [436, 447], "annotations": [{"nertag": "PER"}]}, {"base_span": [462, 469], "annotations": [{"nertag": "PER"}]}, {"base_span": [484, 489], "annotations": [{"nertag": "PER"}]}, {"base_span": [493, 498], "annotations": [{"nertag": "PER"}]}, {"base_span": [519, 524], "annotations": [{"nertag": "PER"}]}, {"base_span": [547, 554], "annotations": [{"nertag": "PER"}]}, {"base_span": [568, 579], "annotations": [{"nertag": "PER"}]}, {"base_span": [610, 615], "annotations": [{"nertag": "PER"}]}, {"base_span": [634, 640], "annotations": [{"nertag": "PER"}]}, {"base_span": [656, 667], "annotations": [{"nertag": "PER"}]}, {"base_span": [693, 700], "annotations": [{"nertag": "PER"}]}, {"base_span": [747, 760], "annotations": [{"nertag": "PER"}]}, {"base_span": [808, 813], "annotations": [{"nertag": "PER"}]}, {"base_span": [844, 858], "annotations": [{"nertag": "PER"}]}, {"base_span": [875, 884], "annotations": [{"nertag": "PER"}]}, {"base_span": [900, 911], "annotations": [{"nertag": "PER"}]}, {"base_span": [921, 926], "annotations": [{"nertag": "PER"}]}, {"base_span": [945, 953], "annotations": [{"nertag": "PER"}]}, {"base_span": [962, 973], "annotations": [{"nertag": "PER"}]}, {"base_span": [1029, 1040], "annotations": [{"nertag": "PER"}]}, {"base_span": [1056, 1061], "annotations": [{"nertag": "PER"}]}, {"base_span": [1118, 1130], "annotations": [{"nertag": "PER"}]}, {"base_span": [1134, 1144], "annotations": [{"nertag": "PER"}]}, {"base_span": [1151, 1156], "annotations": [{"nertag": "PER"}]}, {"base_span": [1228, 1240], "annotations": [{"nertag": "PER"}]}, {"base_span": [1264, 1270], "annotations": [{"nertag": "PER"}]}, {"base_span": [1302, 1313], "annotations": [{"nertag": "PER"}]}, {"base_span": [1317, 1326], "annotations": [{"nertag": "PER"}]}, {"base_span": [1334, 1344], "annotations": [{"nertag": "PER"}]}, {"base_span": [1354, 1365], "annotations": [{"nertag": "PER"}]}, {"base_span": [1469, 1474], "annotations": [{"nertag": "PER"}]}, {"base_span": [1512, 1524], "annotations": [{"nertag": "PER"}]}, {"base_span": [1567, 1578], "annotations": [{"nertag": "PER"}]}, {"base_span": [1614, 1620], "annotations": [{"nertag": "PER"}]}, {"base_span": [1691, 1696], "annotations": [{"nertag": "PER"}]}, {"base_span": [1736, 1746], "annotations": [{"nertag": "PER"}]}, {"base_span": [1758, 1768], "annotations": [{"nertag": "PER"}]}, {"base_span": [1773, 1784], "annotations": [{"nertag": "PER"}]}, {"base_span": [1789, 1805], "annotations": [{"nertag": "PER"}]}]}, {"name": "gold_wordner", "attributes": ["nertag"], "parent": null, "enveloping": null, "ambiguous": false, "serialisation_module": null, "meta": {}, "spans": [{"base_span": [1, 5], "annotations": [{"nertag": "B-PER"}]}, {"base_span": [6, 12], "annotations": [{"nertag": "I-PER"}]}, {"base_span": [13, 19], "annotations": [{"nertag": "O"}]}, {"base_span": [20, 24], "annotations": [{"nertag": "O"}]}, {"base_span": [25, 27], "annotations": [{"nertag": "O"}]}, {"base_span": [28, 34], "annotations": [{"nertag": "O"}]}, {"base_span": [35, 37], "annotations": [{"nertag": "O"}]}, {"base_span": [38, 42], "annotations": [{"nertag": "B-PER"}]}, {"base_span": [43, 48], "annotations": [{"nertag": "I-PER"}]}, {"base_span": [49, 56], "annotations": [{"nertag": "O"}]}, {"base_span": [57, 59], "annotations": [{"nertag": "O"}]}, {"base_span": [60, 63], "annotations": [{"nertag": "O"}]}, {"base_span": [64, 69], "annotations": [{"nertag": "O"}]}, {"base_span": [70, 72], "annotations": [{"nertag": "O"}]}, {"base_span": [73, 76], "annotations": [{"nertag": "O"}]}, {"base_span": [77, 79], "annotations": [{"nertag": "O"}]}, {"base_span": [80, 83], "annotations": [{"nertag": "O"}]}, {"base_span": [84, 90], "annotations": [{"nertag": "O"}]}, {"base_span": [91, 95], "annotations": [{"nertag": "O"}]}, {"base_span": [96, 103], "annotations": [{"nertag": "O"}]}, {"base_span": [103, 104], "annotations": [{"nertag": "O"}]}, {"base_span": [105, 110], "annotations": [{"nertag": "B-PER"}]}, {"base_span": [111, 113], "annotations": [{"nertag": "O"}]}, {"base_span": [114, 116], "annotations": [{"nertag": "O"}]}, {"base_span": [117, 122], "annotations": [{"nertag": "O"}]}, {"base_span": [123, 124], "annotations": [{"nertag": "O"}]}, {"base_span": [125, 130], "annotations": [{"nertag": "O"}]}, {"base_span": [131, 136], "annotations": [{"nertag": "O"}]}, {"base_span": [137, 142], "annotations": [{"nertag": "O"}]}, {"base_span": [143, 147], "annotations": [{"nertag": "O"}]}, {"base_span": [148, 152], "annotations": [{"nertag": "O"}]}, {"base_span": [153, 158], "annotations": [{"nertag": "O"}]}, {"base_span": [159, 164], "annotations": [{"nertag": "O"}]}, {"base_span": [165, 171], "annotations": [{"nertag": "O"}]}, {"base_span": [171, 172], "annotations": [{"nertag": "O"}]}, {"base_span": [174, 178], "annotations": [{"nertag": "B-PER"}]}, {"base_span": [179, 184], "annotations": [{"nertag": "I-PER"}]}, {"base_span": [185, 190], "annotations": [{"nertag": "O"}]}, {"base_span": [191, 196], "annotations": [{"nertag": "O"}]}, {"base_span": [197, 199], "annotations": [{"nertag": "O"}]}, {"base_span": [200, 202], "annotations": [{"nertag": "O"}]}, {"base_span": [203, 207], "annotations": [{"nertag": "B-PER"}]}, {"base_span": [208, 216], "annotations": [{"nertag": "I-PER"}]}, {"base_span": [217, 224], "annotations": [{"nertag": "O"}]}, {"base_span": [225, 230], "annotations": [{"nertag": "O"}]}, {"base_span": [231, 233], "annotations": [{"nertag": "O"}]}, {"base_span": [234, 238], "annotations": [{"nertag": "O"}]}, {"base_span": [238, 239], "annotations": [{"nertag": "O"}]}, {"base_span": [240, 244], "annotations": [{"nertag": "O"}]}, {"base_span": [245, 252], "annotations": [{"nertag": "O"}]}, {"base_span": [253, 256], "annotations": [{"nertag": "O"}]}, {"base_span": [257, 259], "annotations": [{"nertag": "O"}]}, {"base_span": [260, 265], "annotations": [{"nertag": "O"}]}, {"base_span": [266, 271], "annotations": [{"nertag": "O"}]}, {"base_span": [272, 274], "annotations": [{"nertag": "O"}]}, {"base_span": [275, 279], "annotations": [{"nertag": "O"}]}, {"base_span": [279, 280], "annotations": [{"nertag": "O"}]}, {"base_span": [281, 284], "annotations": [{"nertag": "O"}]}, {"base_span": [285, 291], "annotations": [{"nertag": "O"}]}, {"base_span": [291, 292], "annotations": [{"nertag": "O"}]}, {"base_span": [293, 296], "annotations": [{"nertag": "O"}]}, {"base_span": [297, 304], "annotations": [{"nertag": "O"}]}, {"base_span": [305, 309], "annotations": [{"nertag": "O"}]}, {"base_span": [310, 317], "annotations": [{"nertag": "O"}]}, {"base_span": [317, 318], "annotations": [{"nertag": "O"}]}, {"base_span": [319, 321], "annotations": [{"nertag": "O"}]}, {"base_span": [322, 326], "annotations": [{"nertag": "O"}]}, {"base_span": [327, 329], "annotations": [{"nertag": "O"}]}, {"base_span": [330, 334], "annotations": [{"nertag": "O"}]}, {"base_span": [334, 335], "annotations": [{"nertag": "O"}]}, {"base_span": [336, 342], "annotations": [{"nertag": "O"}]}, {"base_span": [343, 348], "annotations": [{"nertag": "O"}]}, {"base_span": [349, 351], "annotations": [{"nertag": "O"}]}, {"base_span": [352, 356], "annotations": [{"nertag": "B-PER"}]}, {"base_span": [357, 363], "annotations": [{"nertag": "I-PER"}]}, {"base_span": [364, 371], "annotations": [{"nertag": "O"}]}, {"base_span": [372, 378], "annotations": [{"nertag": "O"}]}, {"base_span": [378, 379], "annotations": [{"nertag": "O"}]}, {"base_span": [380, 382], "annotations": [{"nertag": "O"}]}, {"base_span": [383, 385], "annotations": [{"nertag": "O"}]}, {"base_span": [386, 388], "annotations": [{"nertag": "O"}]}, {"base_span": [389, 394], "annotations": [{"nertag": "O"}]}, {"base_span": [395, 400], "annotations": [{"nertag": "B-PER"}]}, {"base_span": [401, 406], "annotations": [{"nertag": "O"}]}, {"base_span": [407, 411], "annotations": [{"nertag": "O"}]}, {"base_span": [412, 416], "annotations": [{"nertag": "B-PER"}]}, {"base_span": [417, 423], "annotations": [{"nertag": "I-PER"}]}, {"base_span": [424, 428], "annotations": [{"nertag": "O"}]}, {"base_span": [429, 434], "annotations": [{"nertag": "O"}]}, {"base_span": [434, 435], "annotations": [{"nertag": "O"}]}, {"base_span": [436, 440], "annotations": [{"nertag": "B-PER"}]}, {"base_span": [441, 447], "annotations": [{"nertag": "I-PER"}]}, {"base_span": [448, 452], "annotations": [{"nertag": "O"}]}, {"base_span": [453, 455], "annotations": [{"nertag": "O"}]}, {"base_span": [456, 461], "annotations": [{"nertag": "O"}]}, {"base_span": [462, 469], "annotations": [{"nertag": "B-PER"}]}, {"base_span": [470, 478], "annotations": [{"nertag": "O"}]}, {"base_span": [479, 483], "annotations": [{"nertag": "O"}]}, {"base_span": [484, 489], "annotations": [{"nertag": "B-PER"}]}, {"base_span": [490, 492], "annotations": [{"nertag": "O"}]}, {"base_span": [493, 498], "annotations": [{"nertag": "B-PER"}]}, {"base_span": [499, 504], "annotations": [{"nertag": "O"}]}, {"base_span": [505, 509], "annotations": [{"nertag": "O"}]}, {"base_span": [510, 512], "annotations": [{"nertag": "O"}]}, {"base_span": [513, 518], "annotations": [{"nertag": "O"}]}, {"base_span": [519, 524], "annotations": [{"nertag": "B-PER"}]}, {"base_span": [525, 530], "annotations": [{"nertag": "O"}]}, {"base_span": [531, 536], "annotations": [{"nertag": "O"}]}, {"base_span": [537, 543], "annotations": [{"nertag": "O"}]}, {"base_span": [544, 546], "annotations": [{"nertag": "O"}]}, {"base_span": [547, 554], "annotations": [{"nertag": "B-PER"}]}, {"base_span": [555, 559], "annotations": [{"nertag": "O"}]}, {"base_span": [560, 566], "annotations": [{"nertag": "O"}]}, {"base_span": [566, 567], "annotations": [{"nertag": "O"}]}, {"base_span": [568, 572], "annotations": [{"nertag": "B-PER"}]}, {"base_span": [573, 579], "annotations": [{"nertag": "I-PER"}]}, {"base_span": [580, 584], "annotations": [{"nertag": "O"}]}, {"base_span": [585, 587], "annotations": [{"nertag": "O"}]}, {"base_span": [588, 593], "annotations": [{"nertag": "O"}]}, {"base_span": [594, 598], "annotations": [{"nertag": "O"}]}, {"base_span": [599, 604], "annotations": [{"nertag": "O"}]}, {"base_span": [605, 609], "annotations": [{"nertag": "O"}]}, {"base_span": [610, 615], "annotations": [{"nertag": "B-PER"}]}, {"base_span": [616, 621], "annotations": [{"nertag": "O"}]}, {"base_span": [621, 622], "annotations": [{"nertag": "O"}]}, {"base_span": [623, 627], "annotations": [{"nertag": "O"}]}, {"base_span": [628, 633], "annotations": [{"nertag": "O"}]}, {"base_span": [634, 640], "annotations": [{"nertag": "B-PER"}]}, {"base_span": [641, 646], "annotations": [{"nertag": "O"}]}, {"base_span": [647, 653], "annotations": [{"nertag": "O"}]}, {"base_span": [653, 654], "annotations": [{"nertag": "O"}]}, {"base_span": [656, 660], "annotations": [{"nertag": "B-PER"}]}, {"base_span": [661, 667], "annotations": [{"nertag": "I-PER"}]}, {"base_span": [668, 673], "annotations": [{"nertag": "O"}]}, {"base_span": [673, 674], "annotations": [{"nertag": "O"}]}, {"base_span": [675, 677], "annotations": [{"nertag": "O"}]}, {"base_span": [678, 680], "annotations": [{"nertag": "O"}]}, {"base_span": [681, 683], "annotations": [{"nertag": "O"}]}, {"base_span": [684, 692], "annotations": [{"nertag": "O"}]}, {"base_span": [693, 700], "annotations": [{"nertag": "B-PER"}]}, {"base_span": [701, 703], "annotations": [{"nertag": "O"}]}, {"base_span": [704, 709], "annotations": [{"nertag": "O"}]}, {"base_span": [710, 714], "annotations": [{"nertag": "O"}]}, {"base_span": [714, 715], "annotations": [{"nertag": "O"}]}, {"base_span": [716, 718], "annotations": [{"nertag": "O"}]}, {"base_span": [719, 721], "annotations": [{"nertag": "O"}]}, {"base_span": [722, 726], "annotations": [{"nertag": "O"}]}, {"base_span": [727, 729], "annotations": [{"nertag": "O"}]}, {"base_span": [730, 736], "annotations": [{"nertag": "O"}]}, {"base_span": [736, 737], "annotations": [{"nertag": "O"}]}, {"base_span": [738, 743], "annotations": [{"nertag": "O"}]}, {"base_span": [744, 746], "annotations": [{"nertag": "O"}]}, {"base_span": [747, 751], "annotations": [{"nertag": "B-PER"}]}, {"base_span": [752, 760], "annotations": [{"nertag": "I-PER"}]}, {"base_span": [761, 763], "annotations": [{"nertag": "O"}]}, {"base_span": [764, 769], "annotations": [{"nertag": "O"}]}, {"base_span": [770, 776], "annotations": [{"nertag": "O"}]}, {"base_span": [776, 777], "annotations": [{"nertag": "O"}]}, {"base_span": [778, 780], "annotations": [{"nertag": "O"}]}, {"base_span": [781, 787], "annotations": [{"nertag": "O"}]}, {"base_span": [788, 790], "annotations": [{"nertag": "O"}]}, {"base_span": [791, 796], "annotations": [{"nertag": "O"}]}, {"base_span": [797, 802], "annotations": [{"nertag": "O"}]}, {"base_span": [802, 803], "annotations": [{"nertag": "O"}]}, {"base_span": [804, 807], "annotations": [{"nertag": "O"}]}, {"base_span": [808, 813], "annotations": [{"nertag": "B-PER"}]}, {"base_span": [814, 819], "annotations": [{"nertag": "O"}]}, {"base_span": [820, 827], "annotations": [{"nertag": "O"}]}, {"base_span": [828, 830], "annotations": [{"nertag": "O"}]}, {"base_span": [831, 837], "annotations": [{"nertag": "O"}]}, {"base_span": [838, 843], "annotations": [{"nertag": "O"}]}, {"base_span": [844, 848], "annotations": [{"nertag": "B-PER"}]}, {"base_span": [849, 858], "annotations": [{"nertag": "I-PER"}]}, {"base_span": [859, 862], "annotations": [{"nertag": "O"}]}, {"base_span": [863, 867], "annotations": [{"nertag": "O"}]}, {"base_span": [868, 872], "annotations": [{"nertag": "O"}]}, {"base_span": [872, 873], "annotations": [{"nertag": "O"}]}, {"base_span": [875, 879], "annotations": [{"nertag": "B-PER"}]}, {"base_span": [880, 884], "annotations": [{"nertag": "I-PER"}]}, {"base_span": [885, 890], "annotations": [{"nertag": "O"}]}, {"base_span": [891, 896], "annotations": [{"nertag": "O"}]}, {"base_span": [897, 899], "annotations": [{"nertag": "O"}]}, {"base_span": [900, 904], "annotations": [{"nertag": "B-PER"}]}, {"base_span": [905, 911], "annotations": [{"nertag": "I-PER"}]}, {"base_span": [912, 914], "annotations": [{"nertag": "O"}]}, {"base_span": [915, 920], "annotations": [{"nertag": "O"}]}, {"base_span": [921, 926], "annotations": [{"nertag": "B-PER"}]}, {"base_span": [927, 932], "annotations": [{"nertag": "O"}]}, {"base_span": [933, 939], "annotations": [{"nertag": "O"}]}, {"base_span": [940, 944], "annotations": [{"nertag": "O"}]}, {"base_span": [945, 953], "annotations": [{"nertag": "B-PER"}]}, {"base_span": [954, 960], "annotations": [{"nertag": "O"}]}, {"base_span": [960, 961], "annotations": [{"nertag": "O"}]}, {"base_span": [962, 966], "annotations": [{"nertag": "B-PER"}]}, {"base_span": [967, 973], "annotations": [{"nertag": "I-PER"}]}, {"base_span": [974, 976], "annotations": [{"nertag": "O"}]}, {"base_span": [977, 981], "annotations": [{"nertag": "O"}]}, {"base_span": [982, 986], "annotations": [{"nertag": "O"}]}, {"base_span": [987, 993], "annotations": [{"nertag": "O"}]}, {"base_span": [993, 994], "annotations": [{"nertag": "O"}]}, {"base_span": [995, 997], "annotations": [{"nertag": "O"}]}, {"base_span": [998, 1000], "annotations": [{"nertag": "O"}]}, {"base_span": [1001, 1005], "annotations": [{"nertag": "O"}]}, {"base_span": [1006, 1010], "annotations": [{"nertag": "O"}]}, {"base_span": [1011, 1018], "annotations": [{"nertag": "O"}]}, {"base_span": [1019, 1026], "annotations": [{"nertag": "O"}]}, {"base_span": [1026, 1027], "annotations": [{"nertag": "O"}]}, {"base_span": [1029, 1033], "annotations": [{"nertag": "B-PER"}]}, {"base_span": [1034, 1040], "annotations": [{"nertag": "I-PER"}]}, {"base_span": [1041, 1046], "annotations": [{"nertag": "O"}]}, {"base_span": [1047, 1052], "annotations": [{"nertag": "O"}]}, {"base_span": [1053, 1055], "annotations": [{"nertag": "O"}]}, {"base_span": [1056, 1061], "annotations": [{"nertag": "B-PER"}]}, {"base_span": [1062, 1063], "annotations": [{"nertag": "O"}]}, {"base_span": [1064, 1069], "annotations": [{"nertag": "O"}]}, {"base_span": [1070, 1075], "annotations": [{"nertag": "O"}]}, {"base_span": [1076, 1080], "annotations": [{"nertag": "O"}]}, {"base_span": [1081, 1085], "annotations": [{"nertag": "O"}]}, {"base_span": [1086, 1093], "annotations": [{"nertag": "O"}]}, {"base_span": [1094, 1096], "annotations": [{"nertag": "O"}]}, {"base_span": [1097, 1102], "annotations": [{"nertag": "O"}]}, {"base_span": [1103, 1109], "annotations": [{"nertag": "O"}]}, {"base_span": [1109, 1110], "annotations": [{"nertag": "O"}]}, {"base_span": [1111, 1114], "annotations": [{"nertag": "O"}]}, {"base_span": [1115, 1117], "annotations": [{"nertag": "O"}]}, {"base_span": [1118, 1122], "annotations": [{"nertag": "B-PER"}]}, {"base_span": [1123, 1130], "annotations": [{"nertag": "I-PER"}]}, {"base_span": [1131, 1133], "annotations": [{"nertag": "O"}]}, {"base_span": [1134, 1138], "annotations": [{"nertag": "B-PER"}]}, {"base_span": [1139, 1144], "annotations": [{"nertag": "I-PER"}]}, {"base_span": [1145, 1150], "annotations": [{"nertag": "O"}]}, {"base_span": [1151, 1156], "annotations": [{"nertag": "B-PER"}]}, {"base_span": [1157, 1160], "annotations": [{"nertag": "O"}]}, {"base_span": [1161, 1167], "annotations": [{"nertag": "O"}]}, {"base_span": [1167, 1168], "annotations": [{"nertag": "O"}]}, {"base_span": [1169, 1171], "annotations": [{"nertag": "O"}]}, {"base_span": [1172, 1177], "annotations": [{"nertag": "O"}]}, {"base_span": [1178, 1184], "annotations": [{"nertag": "O"}]}, {"base_span": [1185, 1192], "annotations": [{"nertag": "O"}]}, {"base_span": [1193, 1197], "annotations": [{"nertag": "O"}]}, {"base_span": [1198, 1205], "annotations": [{"nertag": "O"}]}, {"base_span": [1206, 1210], "annotations": [{"nertag": "O"}]}, {"base_span": [1211, 1213], "annotations": [{"nertag": "O"}]}, {"base_span": [1214, 1219], "annotations": [{"nertag": "O"}]}, {"base_span": [1220, 1222], "annotations": [{"nertag": "O"}]}, {"base_span": [1223, 1227], "annotations": [{"nertag": "O"}]}, {"base_span": [1228, 1232], "annotations": [{"nertag": "B-PER"}]}, {"base_span": [1233, 1240], "annotations": [{"nertag": "I-PER"}]}, {"base_span": [1241, 1246], "annotations": [{"nertag": "O"}]}, {"base_span": [1246, 1247], "annotations": [{"nertag": "O"}]}, {"base_span": [1248, 1250], "annotations": [{"nertag": "O"}]}, {"base_span": [1251, 1253], "annotations": [{"nertag": "O"}]}, {"base_span": [1254, 1258], "annotations": [{"nertag": "O"}]}, {"base_span": [1258, 1259], "annotations": [{"nertag": "O"}]}, {"base_span": [1260, 1263], "annotations": [{"nertag": "O"}]}, {"base_span": [1264, 1270], "annotations": [{"nertag": "B-PER"}]}, {"base_span": [1271, 1277], "annotations": [{"nertag": "O"}]}, {"base_span": [1278, 1282], "annotations": [{"nertag": "O"}]}, {"base_span": [1283, 1291], "annotations": [{"nertag": "O"}]}, {"base_span": [1292, 1296], "annotations": [{"nertag": "O"}]}, {"base_span": [1297, 1301], "annotations": [{"nertag": "O"}]}, {"base_span": [1302, 1306], "annotations": [{"nertag": "B-PER"}]}, {"base_span": [1307, 1313], "annotations": [{"nertag": "I-PER"}]}, {"base_span": [1314, 1316], "annotations": [{"nertag": "O"}]}, {"base_span": [1317, 1321], "annotations": [{"nertag": "B-PER"}]}, {"base_span": [1322, 1326], "annotations": [{"nertag": "I-PER"}]}, {"base_span": [1327, 1331], "annotations": [{"nertag": "O"}]}, {"base_span": [1331, 1332], "annotations": [{"nertag": "O"}]}, {"base_span": [1334, 1338], "annotations": [{"nertag": "B-PER"}]}, {"base_span": [1339, 1344], "annotations": [{"nertag": "I-PER"}]}, {"base_span": [1345, 1350], "annotations": [{"nertag": "O"}]}, {"base_span": [1351, 1353], "annotations": [{"nertag": "O"}]}, {"base_span": [1354, 1358], "annotations": [{"nertag": "B-PER"}]}, {"base_span": [1359, 1365], "annotations": [{"nertag": "I-PER"}]}, {"base_span": [1366, 1369], "annotations": [{"nertag": "O"}]}, {"base_span": [1370, 1374], "annotations": [{"nertag": "O"}]}, {"base_span": [1375, 1377], "annotations": [{"nertag": "O"}]}, {"base_span": [1378, 1382], "annotations": [{"nertag": "O"}]}, {"base_span": [1382, 1383], "annotations": [{"nertag": "O"}]}, {"base_span": [1384, 1389], "annotations": [{"nertag": "O"}]}, {"base_span": [1390, 1394], "annotations": [{"nertag": "O"}]}, {"base_span": [1395, 1397], "annotations": [{"nertag": "O"}]}, {"base_span": [1398, 1402], "annotations": [{"nertag": "O"}]}, {"base_span": [1403, 1408], "annotations": [{"nertag": "O"}]}, {"base_span": [1409, 1414], "annotations": [{"nertag": "O"}]}, {"base_span": [1415, 1423], "annotations": [{"nertag": "O"}]}, {"base_span": [1423, 1424], "annotations": [{"nertag": "O"}]}, {"base_span": [1425, 1427], "annotations": [{"nertag": "O"}]}, {"base_span": [1428, 1431], "annotations": [{"nertag": "O"}]}, {"base_span": [1432, 1434], "annotations": [{"nertag": "O"}]}, {"base_span": [1435, 1440], "annotations": [{"nertag": "O"}]}, {"base_span": [1441, 1448], "annotations": [{"nertag": "O"}]}, {"base_span": [1449, 1455], "annotations": [{"nertag": "O"}]}, {"base_span": [1455, 1456], "annotations": [{"nertag": "O"}]}, {"base_span": [1458, 1467], "annotations": [{"nertag": "O"}]}, {"base_span": [1467, 1468], "annotations": [{"nertag": "O"}]}, {"base_span": [1469, 1474], "annotations": [{"nertag": "B-PER"}]}, {"base_span": [1475, 1479], "annotations": [{"nertag": "O"}]}, {"base_span": [1480, 1482], "annotations": [{"nertag": "O"}]}, {"base_span": [1483, 1488], "annotations": [{"nertag": "O"}]}, {"base_span": [1489, 1492], "annotations": [{"nertag": "O"}]}, {"base_span": [1493, 1495], "annotations": [{"nertag": "O"}]}, {"base_span": [1496, 1501], "annotations": [{"nertag": "O"}]}, {"base_span": [1502, 1506], "annotations": [{"nertag": "O"}]}, {"base_span": [1507, 1511], "annotations": [{"nertag": "O"}]}, {"base_span": [1512, 1516], "annotations": [{"nertag": "B-PER"}]}, {"base_span": [1517, 1524], "annotations": [{"nertag": "I-PER"}]}, {"base_span": [1525, 1530], "annotations": [{"nertag": "O"}]}, {"base_span": [1531, 1537], "annotations": [{"nertag": "O"}]}, {"base_span": [1538, 1545], "annotations": [{"nertag": "O"}]}, {"base_span": [1546, 1550], "annotations": [{"nertag": "O"}]}, {"base_span": [1551, 1557], "annotations": [{"nertag": "O"}]}, {"base_span": [1557, 1558], "annotations": [{"nertag": "O"}]}, {"base_span": [1559, 1563], "annotations": [{"nertag": "O"}]}, {"base_span": [1564, 1566], "annotations": [{"nertag": "O"}]}, {"base_span": [1567, 1571], "annotations": [{"nertag": "B-PER"}]}, {"base_span": [1572, 1578], "annotations": [{"nertag": "I-PER"}]}, {"base_span": [1579, 1588], "annotations": [{"nertag": "O"}]}, {"base_span": [1589, 1591], "annotations": [{"nertag": "O"}]}, {"base_span": [1592, 1594], "annotations": [{"nertag": "O"}]}, {"base_span": [1595, 1597], "annotations": [{"nertag": "O"}]}, {"base_span": [1598, 1602], "annotations": [{"nertag": "O"}]}, {"base_span": [1602, 1603], "annotations": [{"nertag": "O"}]}, {"base_span": [1604, 1608], "annotations": [{"nertag": "O"}]}, {"base_span": [1609, 1613], "annotations": [{"nertag": "O"}]}, {"base_span": [1614, 1620], "annotations": [{"nertag": "B-PER"}]}, {"base_span": [1621, 1626], "annotations": [{"nertag": "O"}]}, {"base_span": [1627, 1632], "annotations": [{"nertag": "O"}]}, {"base_span": [1632, 1633], "annotations": [{"nertag": "O"}]}, {"base_span": [1634, 1638], "annotations": [{"nertag": "O"}]}, {"base_span": [1639, 1644], "annotations": [{"nertag": "O"}]}, {"base_span": [1645, 1647], "annotations": [{"nertag": "O"}]}, {"base_span": [1647, 1648], "annotations": [{"nertag": "O"}]}, {"base_span": [1649, 1651], "annotations": [{"nertag": "O"}]}, {"base_span": [1652, 1654], "annotations": [{"nertag": "O"}]}, {"base_span": [1655, 1657], "annotations": [{"nertag": "O"}]}, {"base_span": [1658, 1662], "annotations": [{"nertag": "O"}]}, {"base_span": [1662, 1663], "annotations": [{"nertag": "O"}]}, {"base_span": [1664, 1666], "annotations": [{"nertag": "O"}]}, {"base_span": [1667, 1671], "annotations": [{"nertag": "O"}]}, {"base_span": [1672, 1677], "annotations": [{"nertag": "O"}]}, {"base_span": [1678, 1680], "annotations": [{"nertag": "O"}]}, {"base_span": [1681, 1686], "annotations": [{"nertag": "O"}]}, {"base_span": [1687, 1690], "annotations": [{"nertag": "O"}]}, {"base_span": [1691, 1696], "annotations": [{"nertag": "B-PER"}]}, {"base_span": [1697, 1702], "annotations": [{"nertag": "O"}]}, {"base_span": [1703, 1707], "annotations": [{"nertag": "O"}]}, {"base_span": [1708, 1712], "annotations": [{"nertag": "O"}]}, {"base_span": [1713, 1719], "annotations": [{"nertag": "O"}]}, {"base_span": [1719, 1720], "annotations": [{"nertag": "O"}]}, {"base_span": [1722, 1734], "annotations": [{"nertag": "O"}]}, {"base_span": [1734, 1735], "annotations": [{"nertag": "O"}]}, {"base_span": [1736, 1741], "annotations": [{"nertag": "B-PER"}]}, {"base_span": [1742, 1746], "annotations": [{"nertag": "I-PER"}]}, {"base_span": [1748, 1757], "annotations": [{"nertag": "O"}]}, {"base_span": [1758, 1763], "annotations": [{"nertag": "B-PER"}]}, {"base_span": [1764, 1768], "annotations": [{"nertag": "I-PER"}]}, {"base_span": [1770, 1771], "annotations": [{"nertag": "O"}]}, {"base_span": [1771, 1772], "annotations": [{"nertag": "O"}]}, {"base_span": [1773, 1779], "annotations": [{"nertag": "B-PER"}]}, {"base_span": [1780, 1784], "annotations": [{"nertag": "I-PER"}]}, {"base_span": [1786, 1787], "annotations": [{"nertag": "O"}]}, {"base_span": [1787, 1788], "annotations": [{"nertag": "O"}]}, {"base_span": [1789, 1795], "annotations": [{"nertag": "B-PER"}]}, {"base_span": [1796, 1805], "annotations": [{"nertag": "I-PER"}]}]}]}