{"text": "\nJaan Tiidt'u kaebduses wastu surnud Kusta Michelsoni pärandajid, wõlga nõudmise pärast,\n\nkaebatud protokoll Nr 132. Kutsuti ette Jaan Tiidt, surnud Kusta Michelsoni pärandajide wöörmündrit Karl Tamm\n\nja Hans Laur, lesk Mari Michelsoni ja eestkostja Mats Mitt. Tunnistused said ette loetud. Eestkostja Mats Mitt ütles,\n\net Jaan Tiidt,ul saada olla küll see wõlg palk, aga sellest pidada maha minema kolme nädali põdemine, mis Jaan Tiidt\n\nhaige olnud. Moistus: Jaan Tiidtu wõlgu olewat palgast saab kolme nädali põdemise eest 3 Rubla maha arwatud ja peab\n\nJaan Tiidule seda palka 14 Rubla 75 Kopkat äramakstud saama ja ka see paar pükse, ehk neide eest 1 Rubla 50 Kopat.\n\nMoistus kuulutedi § 773 seletamisega. Kohtumees: Jakob Kukrus. Kohtumees: Johan Pettai. Kohtumees: Adam Päsoke.\n\n\n", "meta": {"origin_directory": "vallakohus_kolmas/"}, "layers": [{"name": "gold_ner", "attributes": ["nertag"], "parent": null, "enveloping": null, "ambiguous": false, "serialisation_module": null, "meta": {}, "spans": [{"base_span": [1, 13], "annotations": [{"nertag": "PER"}]}, {"base_span": [37, 53], "annotations": [{"nertag": "PER"}]}, {"base_span": [130, 140], "annotations": [{"nertag": "PER"}]}, {"base_span": [149, 165], "annotations": [{"nertag": "PER"}]}, {"base_span": [190, 199], "annotations": [{"nertag": "PER"}]}, {"base_span": [204, 213], "annotations": [{"nertag": "PER"}]}, {"base_span": [220, 235], "annotations": [{"nertag": "PER"}]}, {"base_span": [250, 259], "annotations": [{"nertag": "PER"}]}, {"base_span": [302, 311], "annotations": [{"nertag": "PER"}]}, {"base_span": [323, 336], "annotations": [{"nertag": "PER"}]}, {"base_span": [426, 436], "annotations": [{"nertag": "PER"}]}, {"base_span": [460, 471], "annotations": [{"nertag": "PER"}]}, {"base_span": [555, 567], "annotations": [{"nertag": "PER"}]}, {"base_span": [720, 732], "annotations": [{"nertag": "PER"}]}, {"base_span": [745, 757], "annotations": [{"nertag": "PER"}]}, {"base_span": [770, 781], "annotations": [{"nertag": "PER"}]}]}, {"name": "gold_wordner", "attributes": ["nertag"], "parent": null, "enveloping": null, "ambiguous": false, "serialisation_module": null, "meta": {}, "spans": [{"base_span": [1, 5], "annotations": [{"nertag": "B-PER"}]}, {"base_span": [6, 13], "annotations": [{"nertag": "I-PER"}]}, {"base_span": [14, 23], "annotations": [{"nertag": "O"}]}, {"base_span": [24, 29], "annotations": [{"nertag": "O"}]}, {"base_span": [30, 36], "annotations": [{"nertag": "O"}]}, {"base_span": [37, 42], "annotations": [{"nertag": "B-PER"}]}, {"base_span": [43, 53], "annotations": [{"nertag": "I-PER"}]}, {"base_span": [54, 64], "annotations": [{"nertag": "O"}]}, {"base_span": [64, 65], "annotations": [{"nertag": "O"}]}, {"base_span": [66, 71], "annotations": [{"nertag": "O"}]}, {"base_span": [72, 80], "annotations": [{"nertag": "O"}]}, {"base_span": [81, 87], "annotations": [{"nertag": "O"}]}, {"base_span": [87, 88], "annotations": [{"nertag": "O"}]}, {"base_span": [90, 98], "annotations": [{"nertag": "O"}]}, {"base_span": [99, 108], "annotations": [{"nertag": "O"}]}, {"base_span": [109, 111], "annotations": [{"nertag": "O"}]}, {"base_span": [112, 116], "annotations": [{"nertag": "O"}]}, {"base_span": [117, 124], "annotations": [{"nertag": "O"}]}, {"base_span": [125, 129], "annotations": [{"nertag": "O"}]}, {"base_span": [130, 134], "annotations": [{"nertag": "B-PER"}]}, {"base_span": [135, 140], "annotations": [{"nertag": "I-PER"}]}, {"base_span": [140, 141], "annotations": [{"nertag": "O"}]}, {"base_span": [142, 148], "annotations": [{"nertag": "O"}]}, {"base_span": [149, 154], "annotations": [{"nertag": "B-PER"}]}, {"base_span": [155, 165], "annotations": [{"nertag": "I-PER"}]}, {"base_span": [166, 177], "annotations": [{"nertag": "O"}]}, {"base_span": [178, 189], "annotations": [{"nertag": "O"}]}, {"base_span": [190, 194], "annotations": [{"nertag": "B-PER"}]}, {"base_span": [195, 199], "annotations": [{"nertag": "I-PER"}]}, {"base_span": [201, 203], "annotations": [{"nertag": "O"}]}, {"base_span": [204, 208], "annotations": [{"nertag": "B-PER"}]}, {"base_span": [209, 213], "annotations": [{"nertag": "I-PER"}]}, {"base_span": [213, 214], "annotations": [{"nertag": "O"}]}, {"base_span": [215, 219], "annotations": [{"nertag": "O"}]}, {"base_span": [220, 224], "annotations": [{"nertag": "B-PER"}]}, {"base_span": [225, 235], "annotations": [{"nertag": "I-PER"}]}, {"base_span": [236, 238], "annotations": [{"nertag": "O"}]}, {"base_span": [239, 249], "annotations": [{"nertag": "O"}]}, {"base_span": [250, 254], "annotations": [{"nertag": "B-PER"}]}, {"base_span": [255, 259], "annotations": [{"nertag": "I-PER"}]}, {"base_span": [259, 260], "annotations": [{"nertag": "O"}]}, {"base_span": [261, 272], "annotations": [{"nertag": "O"}]}, {"base_span": [273, 277], "annotations": [{"nertag": "O"}]}, {"base_span": [278, 282], "annotations": [{"nertag": "O"}]}, {"base_span": [283, 289], "annotations": [{"nertag": "O"}]}, {"base_span": [289, 290], "annotations": [{"nertag": "O"}]}, {"base_span": [291, 301], "annotations": [{"nertag": "O"}]}, {"base_span": [302, 306], "annotations": [{"nertag": "B-PER"}]}, {"base_span": [307, 311], "annotations": [{"nertag": "I-PER"}]}, {"base_span": [312, 317], "annotations": [{"nertag": "O"}]}, {"base_span": [317, 318], "annotations": [{"nertag": "O"}]}, {"base_span": [320, 322], "annotations": [{"nertag": "O"}]}, {"base_span": [323, 327], "annotations": [{"nertag": "B-PER"}]}, {"base_span": [328, 333], "annotations": [{"nertag": "I-PER"}]}, {"base_span": [333, 334], "annotations": [{"nertag": "I-PER"}]}, {"base_span": [334, 336], "annotations": [{"nertag": "I-PER"}]}, {"base_span": [337, 342], "annotations": [{"nertag": "O"}]}, {"base_span": [343, 347], "annotations": [{"nertag": "O"}]}, {"base_span": [348, 352], "annotations": [{"nertag": "O"}]}, {"base_span": [353, 356], "annotations": [{"nertag": "O"}]}, {"base_span": [357, 361], "annotations": [{"nertag": "O"}]}, {"base_span": [362, 366], "annotations": [{"nertag": "O"}]}, {"base_span": [366, 367], "annotations": [{"nertag": "O"}]}, {"base_span": [368, 371], "annotations": [{"nertag": "O"}]}, {"base_span": [372, 379], "annotations": [{"nertag": "O"}]}, {"base_span": [380, 386], "annotations": [{"nertag": "O"}]}, {"base_span": [387, 391], "annotations": [{"nertag": "O"}]}, {"base_span": [392, 398], "annotations": [{"nertag": "O"}]}, {"base_span": [399, 404], "annotations": [{"nertag": "O"}]}, {"base_span": [405, 411], "annotations": [{"nertag": "O"}]}, {"base_span": [412, 420], "annotations": [{"nertag": "O"}]}, {"base_span": [420, 421], "annotations": [{"nertag": "O"}]}, {"base_span": [422, 425], "annotations": [{"nertag": "O"}]}, {"base_span": [426, 430], "annotations": [{"nertag": "B-PER"}]}, {"base_span": [431, 436], "annotations": [{"nertag": "I-PER"}]}, {"base_span": [438, 443], "annotations": [{"nertag": "O"}]}, {"base_span": [444, 449], "annotations": [{"nertag": "O"}]}, {"base_span": [449, 450], "annotations": [{"nertag": "O"}]}, {"base_span": [451, 458], "annotations": [{"nertag": "O"}]}, {"base_span": [458, 459], "annotations": [{"nertag": "O"}]}, {"base_span": [460, 464], "annotations": [{"nertag": "B-PER"}]}, {"base_span": [465, 471], "annotations": [{"nertag": "I-PER"}]}, {"base_span": [472, 477], "annotations": [{"nertag": "O"}]}, {"base_span": [478, 484], "annotations": [{"nertag": "O"}]}, {"base_span": [485, 492], "annotations": [{"nertag": "O"}]}, {"base_span": [493, 497], "annotations": [{"nertag": "O"}]}, {"base_span": [498, 503], "annotations": [{"nertag": "O"}]}, {"base_span": [504, 510], "annotations": [{"nertag": "O"}]}, {"base_span": [511, 519], "annotations": [{"nertag": "O"}]}, {"base_span": [520, 524], "annotations": [{"nertag": "O"}]}, {"base_span": [525, 526], "annotations": [{"nertag": "O"}]}, {"base_span": [527, 532], "annotations": [{"nertag": "O"}]}, {"base_span": [533, 537], "annotations": [{"nertag": "O"}]}, {"base_span": [538, 545], "annotations": [{"nertag": "O"}]}, {"base_span": [546, 548], "annotations": [{"nertag": "O"}]}, {"base_span": [549, 553], "annotations": [{"nertag": "O"}]}, {"base_span": [555, 559], "annotations": [{"nertag": "B-PER"}]}, {"base_span": [560, 567], "annotations": [{"nertag": "I-PER"}]}, {"base_span": [568, 572], "annotations": [{"nertag": "O"}]}, {"base_span": [573, 578], "annotations": [{"nertag": "O"}]}, {"base_span": [579, 581], "annotations": [{"nertag": "O"}]}, {"base_span": [582, 587], "annotations": [{"nertag": "O"}]}, {"base_span": [588, 590], "annotations": [{"nertag": "O"}]}, {"base_span": [591, 597], "annotations": [{"nertag": "O"}]}, {"base_span": [598, 608], "annotations": [{"nertag": "O"}]}, {"base_span": [609, 614], "annotations": [{"nertag": "O"}]}, {"base_span": [615, 617], "annotations": [{"nertag": "O"}]}, {"base_span": [618, 620], "annotations": [{"nertag": "O"}]}, {"base_span": [621, 624], "annotations": [{"nertag": "O"}]}, {"base_span": [625, 629], "annotations": [{"nertag": "O"}]}, {"base_span": [630, 635], "annotations": [{"nertag": "O"}]}, {"base_span": [635, 636], "annotations": [{"nertag": "O"}]}, {"base_span": [637, 640], "annotations": [{"nertag": "O"}]}, {"base_span": [641, 646], "annotations": [{"nertag": "O"}]}, {"base_span": [647, 651], "annotations": [{"nertag": "O"}]}, {"base_span": [652, 653], "annotations": [{"nertag": "O"}]}, {"base_span": [654, 659], "annotations": [{"nertag": "O"}]}, {"base_span": [660, 662], "annotations": [{"nertag": "O"}]}, {"base_span": [663, 668], "annotations": [{"nertag": "O"}]}, {"base_span": [668, 669], "annotations": [{"nertag": "O"}]}, {"base_span": [671, 678], "annotations": [{"nertag": "O"}]}, {"base_span": [679, 688], "annotations": [{"nertag": "O"}]}, {"base_span": [689, 690], "annotations": [{"nertag": "O"}]}, {"base_span": [691, 694], "annotations": [{"nertag": "O"}]}, {"base_span": [695, 707], "annotations": [{"nertag": "O"}]}, {"base_span": [707, 708], "annotations": [{"nertag": "O"}]}, {"base_span": [709, 718], "annotations": [{"nertag": "O"}]}, {"base_span": [718, 719], "annotations": [{"nertag": "O"}]}, {"base_span": [720, 725], "annotations": [{"nertag": "B-PER"}]}, {"base_span": [726, 732], "annotations": [{"nertag": "I-PER"}]}, {"base_span": [732, 733], "annotations": [{"nertag": "O"}]}, {"base_span": [734, 743], "annotations": [{"nertag": "O"}]}, {"base_span": [743, 744], "annotations": [{"nertag": "O"}]}, {"base_span": [745, 750], "annotations": [{"nertag": "B-PER"}]}, {"base_span": [751, 757], "annotations": [{"nertag": "I-PER"}]}, {"base_span": [757, 758], "annotations": [{"nertag": "O"}]}, {"base_span": [759, 768], "annotations": [{"nertag": "O"}]}, {"base_span": [768, 769], "annotations": [{"nertag": "O"}]}, {"base_span": [770, 774], "annotations": [{"nertag": "B-PER"}]}, {"base_span": [775, 781], "annotations": [{"nertag": "I-PER"}]}, {"base_span": [781, 782], "annotations": [{"nertag": "O"}]}]}]}