{"text": "\nKassepäh kõrtsimees Rauch kaebab Iwan Lebedew peale, kaebaja ärraollemisel olla temma naene puffetis olnud, seal tulnud Iwan Lebedew, karranud letti tahha, peksnud sullast Jaan Andersoni rapputanud rindu piddi kaebaja naest, pallub keige selle eest Iwan Lebedew trahwida\n\nIwan Lebedew kostab, et temma olla kõrtsi sullast rapputanud, polle naes agga mitte rapputanud, waid löönud russikaga wasto letti.\n\nKarel Ernits tunnistab, et Iwan Lebedew olla kõrtsi naesel rinnust kinni wõtnud, litsiks sõimanud, peksnud sullast, lõhkunud ukse.\n\nArtem Feodorow Morosow tunnistab, et Iwan Lebedew lasnud kõrtsi sullasel 3. kortnad wiina tua polle agga rahha maksa tahtnud, wõtnus kõrtsi naese rinnust kinni löönud ka sullast mõnni korda.\n\nTrofim Makarow tunnistab kohtu ees nisamma kui Artem Feodorow, ka olla lõppeks weel tedda peksnud\n\nJegor Stepanow Trubin tunnistab kohtu ees, et kui temma kõrtsi tulnud, nõudnud Iwan Lebedew rahha kõrtsi naese kaest, ja temma lähnud ärra, ei tea muud tunnistada.\n\nRauch nõuab selle eest, et kaebatu naese külge kaed on pannud 500 rubla.\n\nTunnistus awwaldut\n\nKohhus moistis:\n\nSe on tunnistuste teel awwalikkuks saanud, et Iwan Lebedew kaebaja kõrtsimehhe Rauchi naese külge putunud siis maksab temma sellele 5. rubla, ja et ta nenda tülli on tehnud, kõrtsi uksi lõhknud, ja letti tahha lähnud, saab Iwan Lebedew 2x24 tunni peale koggukonna wangi hoonesse kinni pandut.\n\n/:Otsus kulutud sel 15. Januaril 1881. a. Tallorahwa seaduse  ramato §§ 772 ja 773 juhhatusel, ja oppuse kirjad wäljaantud :/ \n\nA. Pärn [allkiri], kohtumees\nxxx Tawet Kook, \"\nxxx Jaan Piiri, \"\n\nKõrtsimees Rauch kulutas 20. Januaril c. et temma otsusega rahhule ei olle, mis peale temmale kohhe appellatsioni kirri wäljaantud sai\n\n\n", "meta": {"origin_directory": "vallakohus_neljas/"}, "layers": [{"name": "gold_ner", "attributes": ["nertag"], "parent": null, "enveloping": null, "ambiguous": false, "serialisation_module": null, "meta": {}, "spans": [{"base_span": [1, 9], "annotations": [{"nertag": "LOC"}]}, {"base_span": [21, 26], "annotations": [{"nertag": "PER"}]}, {"base_span": [34, 46], "annotations": [{"nertag": "PER"}]}, {"base_span": [121, 133], "annotations": [{"nertag": "PER"}]}, {"base_span": [173, 187], "annotations": [{"nertag": "PER"}]}, {"base_span": [250, 262], "annotations": [{"nertag": "PER"}]}, {"base_span": [273, 285], "annotations": [{"nertag": "PER"}]}, {"base_span": [405, 417], "annotations": [{"nertag": "PER"}]}, {"base_span": [432, 444], "annotations": [{"nertag": "PER"}]}, {"base_span": [537, 559], "annotations": [{"nertag": "PER"}]}, {"base_span": [574, 586], "annotations": [{"nertag": "PER"}]}, {"base_span": [729, 743], "annotations": [{"nertag": "PER"}]}, {"base_span": [776, 790], "annotations": [{"nertag": "PER"}]}, {"base_span": [828, 849], "annotations": [{"nertag": "PER"}]}, {"base_span": [907, 919], "annotations": [{"nertag": "PER"}]}, {"base_span": [993, 998], "annotations": [{"nertag": "PER"}]}, {"base_span": [1150, 1162], "annotations": [{"nertag": "PER"}]}, {"base_span": [1183, 1189], "annotations": [{"nertag": "PER"}]}, {"base_span": [1327, 1339], "annotations": [{"nertag": "PER"}]}, {"base_span": [1440, 1466], "annotations": [{"nertag": "MISC"}]}, {"base_span": [1526, 1533], "annotations": [{"nertag": "PER"}]}, {"base_span": [1559, 1569], "annotations": [{"nertag": "PER"}]}, {"base_span": [1577, 1587], "annotations": [{"nertag": "PER"}]}, {"base_span": [1603, 1608], "annotations": [{"nertag": "PER"}]}]}, {"name": "gold_wordner", "attributes": ["nertag"], "parent": null, "enveloping": null, "ambiguous": false, "serialisation_module": null, "meta": {}, "spans": [{"base_span": [1, 9], "annotations": [{"nertag": "B-LOC"}]}, {"base_span": [10, 20], "annotations": [{"nertag": "O"}]}, {"base_span": [21, 26], "annotations": [{"nertag": "B-PER"}]}, {"base_span": [27, 33], "annotations": [{"nertag": "O"}]}, {"base_span": [34, 38], "annotations": [{"nertag": "B-PER"}]}, {"base_span": [39, 46], "annotations": [{"nertag": "I-PER"}]}, {"base_span": [47, 52], "annotations": [{"nertag": "O"}]}, {"base_span": [52, 53], "annotations": [{"nertag": "O"}]}, {"base_span": [54, 61], "annotations": [{"nertag": "O"}]}, {"base_span": [62, 75], "annotations": [{"nertag": "O"}]}, {"base_span": [76, 80], "annotations": [{"nertag": "O"}]}, {"base_span": [81, 86], "annotations": [{"nertag": "O"}]}, {"base_span": [87, 92], "annotations": [{"nertag": "O"}]}, {"base_span": [93, 101], "annotations": [{"nertag": "O"}]}, {"base_span": [102, 107], "annotations": [{"nertag": "O"}]}, {"base_span": [107, 108], "annotations": [{"nertag": "O"}]}, {"base_span": [109, 113], "annotations": [{"nertag": "O"}]}, {"base_span": [114, 120], "annotations": [{"nertag": "O"}]}, {"base_span": [121, 125], "annotations": [{"nertag": "B-PER"}]}, {"base_span": [126, 133], "annotations": [{"nertag": "I-PER"}]}, {"base_span": [133, 134], "annotations": [{"nertag": "O"}]}, {"base_span": [135, 143], "annotations": [{"nertag": "O"}]}, {"base_span": [144, 149], "annotations": [{"nertag": "O"}]}, {"base_span": [150, 155], "annotations": [{"nertag": "O"}]}, {"base_span": [155, 156], "annotations": [{"nertag": "O"}]}, {"base_span": [157, 164], "annotations": [{"nertag": "O"}]}, {"base_span": [165, 172], "annotations": [{"nertag": "O"}]}, {"base_span": [173, 177], "annotations": [{"nertag": "B-PER"}]}, {"base_span": [178, 187], "annotations": [{"nertag": "I-PER"}]}, {"base_span": [188, 198], "annotations": [{"nertag": "O"}]}, {"base_span": [199, 204], "annotations": [{"nertag": "O"}]}, {"base_span": [205, 210], "annotations": [{"nertag": "O"}]}, {"base_span": [211, 218], "annotations": [{"nertag": "O"}]}, {"base_span": [219, 224], "annotations": [{"nertag": "O"}]}, {"base_span": [224, 225], "annotations": [{"nertag": "O"}]}, {"base_span": [226, 232], "annotations": [{"nertag": "O"}]}, {"base_span": [233, 238], "annotations": [{"nertag": "O"}]}, {"base_span": [239, 244], "annotations": [{"nertag": "O"}]}, {"base_span": [245, 249], "annotations": [{"nertag": "O"}]}, {"base_span": [250, 254], "annotations": [{"nertag": "B-PER"}]}, {"base_span": [255, 262], "annotations": [{"nertag": "I-PER"}]}, {"base_span": [263, 271], "annotations": [{"nertag": "O"}]}, {"base_span": [273, 277], "annotations": [{"nertag": "B-PER"}]}, {"base_span": [278, 285], "annotations": [{"nertag": "I-PER"}]}, {"base_span": [286, 292], "annotations": [{"nertag": "O"}]}, {"base_span": [292, 293], "annotations": [{"nertag": "O"}]}, {"base_span": [294, 296], "annotations": [{"nertag": "O"}]}, {"base_span": [297, 302], "annotations": [{"nertag": "O"}]}, {"base_span": [303, 307], "annotations": [{"nertag": "O"}]}, {"base_span": [308, 314], "annotations": [{"nertag": "O"}]}, {"base_span": [315, 322], "annotations": [{"nertag": "O"}]}, {"base_span": [323, 333], "annotations": [{"nertag": "O"}]}, {"base_span": [333, 334], "annotations": [{"nertag": "O"}]}, {"base_span": [335, 340], "annotations": [{"nertag": "O"}]}, {"base_span": [341, 345], "annotations": [{"nertag": "O"}]}, {"base_span": [346, 350], "annotations": [{"nertag": "O"}]}, {"base_span": [351, 356], "annotations": [{"nertag": "O"}]}, {"base_span": [357, 367], "annotations": [{"nertag": "O"}]}, {"base_span": [367, 368], "annotations": [{"nertag": "O"}]}, {"base_span": [369, 373], "annotations": [{"nertag": "O"}]}, {"base_span": [374, 380], "annotations": [{"nertag": "O"}]}, {"base_span": [381, 390], "annotations": [{"nertag": "O"}]}, {"base_span": [391, 396], "annotations": [{"nertag": "O"}]}, {"base_span": [397, 402], "annotations": [{"nertag": "O"}]}, {"base_span": [402, 403], "annotations": [{"nertag": "O"}]}, {"base_span": [405, 410], "annotations": [{"nertag": "B-PER"}]}, {"base_span": [411, 417], "annotations": [{"nertag": "I-PER"}]}, {"base_span": [418, 427], "annotations": [{"nertag": "O"}]}, {"base_span": [427, 428], "annotations": [{"nertag": "O"}]}, {"base_span": [429, 431], "annotations": [{"nertag": "O"}]}, {"base_span": [432, 436], "annotations": [{"nertag": "B-PER"}]}, {"base_span": [437, 444], "annotations": [{"nertag": "I-PER"}]}, {"base_span": [445, 449], "annotations": [{"nertag": "O"}]}, {"base_span": [450, 456], "annotations": [{"nertag": "O"}]}, {"base_span": [457, 463], "annotations": [{"nertag": "O"}]}, {"base_span": [464, 471], "annotations": [{"nertag": "O"}]}, {"base_span": [472, 477], "annotations": [{"nertag": "O"}]}, {"base_span": [478, 484], "annotations": [{"nertag": "O"}]}, {"base_span": [484, 485], "annotations": [{"nertag": "O"}]}, {"base_span": [486, 493], "annotations": [{"nertag": "O"}]}, {"base_span": [494, 502], "annotations": [{"nertag": "O"}]}, {"base_span": [502, 503], "annotations": [{"nertag": "O"}]}, {"base_span": [504, 511], "annotations": [{"nertag": "O"}]}, {"base_span": [512, 519], "annotations": [{"nertag": "O"}]}, {"base_span": [519, 520], "annotations": [{"nertag": "O"}]}, {"base_span": [521, 529], "annotations": [{"nertag": "O"}]}, {"base_span": [530, 534], "annotations": [{"nertag": "O"}]}, {"base_span": [534, 535], "annotations": [{"nertag": "O"}]}, {"base_span": [537, 542], "annotations": [{"nertag": "B-PER"}]}, {"base_span": [543, 551], "annotations": [{"nertag": "I-PER"}]}, {"base_span": [552, 559], "annotations": [{"nertag": "I-PER"}]}, {"base_span": [560, 569], "annotations": [{"nertag": "O"}]}, {"base_span": [569, 570], "annotations": [{"nertag": "O"}]}, {"base_span": [571, 573], "annotations": [{"nertag": "O"}]}, {"base_span": [574, 578], "annotations": [{"nertag": "B-PER"}]}, {"base_span": [579, 586], "annotations": [{"nertag": "I-PER"}]}, {"base_span": [587, 593], "annotations": [{"nertag": "O"}]}, {"base_span": [594, 600], "annotations": [{"nertag": "O"}]}, {"base_span": [601, 609], "annotations": [{"nertag": "O"}]}, {"base_span": [610, 612], "annotations": [{"nertag": "O"}]}, {"base_span": [613, 620], "annotations": [{"nertag": "O"}]}, {"base_span": [621, 626], "annotations": [{"nertag": "O"}]}, {"base_span": [627, 630], "annotations": [{"nertag": "O"}]}, {"base_span": [631, 636], "annotations": [{"nertag": "O"}]}, {"base_span": [637, 641], "annotations": [{"nertag": "O"}]}, {"base_span": [642, 647], "annotations": [{"nertag": "O"}]}, {"base_span": [648, 653], "annotations": [{"nertag": "O"}]}, {"base_span": [654, 661], "annotations": [{"nertag": "O"}]}, {"base_span": [661, 662], "annotations": [{"nertag": "O"}]}, {"base_span": [663, 669], "annotations": [{"nertag": "O"}]}, {"base_span": [670, 676], "annotations": [{"nertag": "O"}]}, {"base_span": [677, 682], "annotations": [{"nertag": "O"}]}, {"base_span": [683, 690], "annotations": [{"nertag": "O"}]}, {"base_span": [691, 696], "annotations": [{"nertag": "O"}]}, {"base_span": [697, 703], "annotations": [{"nertag": "O"}]}, {"base_span": [704, 706], "annotations": [{"nertag": "O"}]}, {"base_span": [707, 714], "annotations": [{"nertag": "O"}]}, {"base_span": [715, 720], "annotations": [{"nertag": "O"}]}, {"base_span": [721, 726], "annotations": [{"nertag": "O"}]}, {"base_span": [726, 727], "annotations": [{"nertag": "O"}]}, {"base_span": [729, 735], "annotations": [{"nertag": "B-PER"}]}, {"base_span": [736, 743], "annotations": [{"nertag": "I-PER"}]}, {"base_span": [744, 753], "annotations": [{"nertag": "O"}]}, {"base_span": [754, 759], "annotations": [{"nertag": "O"}]}, {"base_span": [760, 763], "annotations": [{"nertag": "O"}]}, {"base_span": [764, 771], "annotations": [{"nertag": "O"}]}, {"base_span": [772, 775], "annotations": [{"nertag": "O"}]}, {"base_span": [776, 781], "annotations": [{"nertag": "B-PER"}]}, {"base_span": [782, 790], "annotations": [{"nertag": "I-PER"}]}, {"base_span": [790, 791], "annotations": [{"nertag": "O"}]}, {"base_span": [792, 794], "annotations": [{"nertag": "O"}]}, {"base_span": [795, 799], "annotations": [{"nertag": "O"}]}, {"base_span": [800, 807], "annotations": [{"nertag": "O"}]}, {"base_span": [808, 812], "annotations": [{"nertag": "O"}]}, {"base_span": [813, 818], "annotations": [{"nertag": "O"}]}, {"base_span": [819, 826], "annotations": [{"nertag": "O"}]}, {"base_span": [828, 833], "annotations": [{"nertag": "B-PER"}]}, {"base_span": [834, 842], "annotations": [{"nertag": "I-PER"}]}, {"base_span": [843, 849], "annotations": [{"nertag": "I-PER"}]}, {"base_span": [850, 859], "annotations": [{"nertag": "O"}]}, {"base_span": [860, 865], "annotations": [{"nertag": "O"}]}, {"base_span": [866, 869], "annotations": [{"nertag": "O"}]}, {"base_span": [869, 870], "annotations": [{"nertag": "O"}]}, {"base_span": [871, 873], "annotations": [{"nertag": "O"}]}, {"base_span": [874, 877], "annotations": [{"nertag": "O"}]}, {"base_span": [878, 883], "annotations": [{"nertag": "O"}]}, {"base_span": [884, 890], "annotations": [{"nertag": "O"}]}, {"base_span": [891, 897], "annotations": [{"nertag": "O"}]}, {"base_span": [897, 898], "annotations": [{"nertag": "O"}]}, {"base_span": [899, 906], "annotations": [{"nertag": "O"}]}, {"base_span": [907, 911], "annotations": [{"nertag": "B-PER"}]}, {"base_span": [912, 919], "annotations": [{"nertag": "I-PER"}]}, {"base_span": [920, 925], "annotations": [{"nertag": "O"}]}, {"base_span": [926, 932], "annotations": [{"nertag": "O"}]}, {"base_span": [933, 938], "annotations": [{"nertag": "O"}]}, {"base_span": [939, 944], "annotations": [{"nertag": "O"}]}, {"base_span": [944, 945], "annotations": [{"nertag": "O"}]}, {"base_span": [946, 948], "annotations": [{"nertag": "O"}]}, {"base_span": [949, 954], "annotations": [{"nertag": "O"}]}, {"base_span": [955, 961], "annotations": [{"nertag": "O"}]}, {"base_span": [962, 966], "annotations": [{"nertag": "O"}]}, {"base_span": [966, 967], "annotations": [{"nertag": "O"}]}, {"base_span": [968, 970], "annotations": [{"nertag": "O"}]}, {"base_span": [971, 974], "annotations": [{"nertag": "O"}]}, {"base_span": [975, 979], "annotations": [{"nertag": "O"}]}, {"base_span": [980, 990], "annotations": [{"nertag": "O"}]}, {"base_span": [990, 991], "annotations": [{"nertag": "O"}]}, {"base_span": [993, 998], "annotations": [{"nertag": "B-PER"}]}, {"base_span": [999, 1004], "annotations": [{"nertag": "O"}]}, {"base_span": [1005, 1010], "annotations": [{"nertag": "O"}]}, {"base_span": [1011, 1015], "annotations": [{"nertag": "O"}]}, {"base_span": [1015, 1016], "annotations": [{"nertag": "O"}]}, {"base_span": [1017, 1019], "annotations": [{"nertag": "O"}]}, {"base_span": [1020, 1027], "annotations": [{"nertag": "O"}]}, {"base_span": [1028, 1033], "annotations": [{"nertag": "O"}]}, {"base_span": [1034, 1039], "annotations": [{"nertag": "O"}]}, {"base_span": [1040, 1044], "annotations": [{"nertag": "O"}]}, {"base_span": [1045, 1047], "annotations": [{"nertag": "O"}]}, {"base_span": [1048, 1054], "annotations": [{"nertag": "O"}]}, {"base_span": [1055, 1058], "annotations": [{"nertag": "O"}]}, {"base_span": [1059, 1064], "annotations": [{"nertag": "O"}]}, {"base_span": [1064, 1065], "annotations": [{"nertag": "O"}]}, {"base_span": [1067, 1076], "annotations": [{"nertag": "O"}]}, {"base_span": [1077, 1085], "annotations": [{"nertag": "O"}]}, {"base_span": [1087, 1093], "annotations": [{"nertag": "O"}]}, {"base_span": [1094, 1101], "annotations": [{"nertag": "O"}]}, {"base_span": [1101, 1102], "annotations": [{"nertag": "O"}]}, {"base_span": [1104, 1106], "annotations": [{"nertag": "O"}]}, {"base_span": [1107, 1109], "annotations": [{"nertag": "O"}]}, {"base_span": [1110, 1121], "annotations": [{"nertag": "O"}]}, {"base_span": [1122, 1126], "annotations": [{"nertag": "O"}]}, {"base_span": [1127, 1138], "annotations": [{"nertag": "O"}]}, {"base_span": [1139, 1145], "annotations": [{"nertag": "O"}]}, {"base_span": [1145, 1146], "annotations": [{"nertag": "O"}]}, {"base_span": [1147, 1149], "annotations": [{"nertag": "O"}]}, {"base_span": [1150, 1154], "annotations": [{"nertag": "B-PER"}]}, {"base_span": [1155, 1162], "annotations": [{"nertag": "I-PER"}]}, {"base_span": [1163, 1170], "annotations": [{"nertag": "O"}]}, {"base_span": [1171, 1182], "annotations": [{"nertag": "O"}]}, {"base_span": [1183, 1189], "annotations": [{"nertag": "B-PER"}]}, {"base_span": [1190, 1195], "annotations": [{"nertag": "O"}]}, {"base_span": [1196, 1201], "annotations": [{"nertag": "O"}]}, {"base_span": [1202, 1209], "annotations": [{"nertag": "O"}]}, {"base_span": [1210, 1214], "annotations": [{"nertag": "O"}]}, {"base_span": [1215, 1221], "annotations": [{"nertag": "O"}]}, {"base_span": [1222, 1227], "annotations": [{"nertag": "O"}]}, {"base_span": [1228, 1235], "annotations": [{"nertag": "O"}]}, {"base_span": [1236, 1238], "annotations": [{"nertag": "O"}]}, {"base_span": [1239, 1244], "annotations": [{"nertag": "O"}]}, {"base_span": [1244, 1245], "annotations": [{"nertag": "O"}]}, {"base_span": [1246, 1248], "annotations": [{"nertag": "O"}]}, {"base_span": [1249, 1251], "annotations": [{"nertag": "O"}]}, {"base_span": [1252, 1254], "annotations": [{"nertag": "O"}]}, {"base_span": [1255, 1260], "annotations": [{"nertag": "O"}]}, {"base_span": [1261, 1266], "annotations": [{"nertag": "O"}]}, {"base_span": [1267, 1269], "annotations": [{"nertag": "O"}]}, {"base_span": [1270, 1276], "annotations": [{"nertag": "O"}]}, {"base_span": [1276, 1277], "annotations": [{"nertag": "O"}]}, {"base_span": [1278, 1284], "annotations": [{"nertag": "O"}]}, {"base_span": [1285, 1289], "annotations": [{"nertag": "O"}]}, {"base_span": [1290, 1297], "annotations": [{"nertag": "O"}]}, {"base_span": [1297, 1298], "annotations": [{"nertag": "O"}]}, {"base_span": [1299, 1301], "annotations": [{"nertag": "O"}]}, {"base_span": [1302, 1307], "annotations": [{"nertag": "O"}]}, {"base_span": [1308, 1313], "annotations": [{"nertag": "O"}]}, {"base_span": [1314, 1320], "annotations": [{"nertag": "O"}]}, {"base_span": [1320, 1321], "annotations": [{"nertag": "O"}]}, {"base_span": [1322, 1326], "annotations": [{"nertag": "O"}]}, {"base_span": [1327, 1331], "annotations": [{"nertag": "B-PER"}]}, {"base_span": [1332, 1339], "annotations": [{"nertag": "I-PER"}]}, {"base_span": [1340, 1344], "annotations": [{"nertag": "O"}]}, {"base_span": [1345, 1350], "annotations": [{"nertag": "O"}]}, {"base_span": [1351, 1356], "annotations": [{"nertag": "O"}]}, {"base_span": [1357, 1367], "annotations": [{"nertag": "O"}]}, {"base_span": [1368, 1373], "annotations": [{"nertag": "O"}]}, {"base_span": [1374, 1382], "annotations": [{"nertag": "O"}]}, {"base_span": [1383, 1388], "annotations": [{"nertag": "O"}]}, {"base_span": [1389, 1395], "annotations": [{"nertag": "O"}]}, {"base_span": [1395, 1396], "annotations": [{"nertag": "O"}]}, {"base_span": [1398, 1399], "annotations": [{"nertag": "O"}]}, {"base_span": [1399, 1400], "annotations": [{"nertag": "O"}]}, {"base_span": [1400, 1405], "annotations": [{"nertag": "O"}]}, {"base_span": [1406, 1413], "annotations": [{"nertag": "O"}]}, {"base_span": [1414, 1417], "annotations": [{"nertag": "O"}]}, {"base_span": [1418, 1421], "annotations": [{"nertag": "O"}]}, {"base_span": [1422, 1430], "annotations": [{"nertag": "O"}]}, {"base_span": [1431, 1436], "annotations": [{"nertag": "O"}]}, {"base_span": [1437, 1438], "annotations": [{"nertag": "O"}]}, {"base_span": [1438, 1439], "annotations": [{"nertag": "O"}]}, {"base_span": [1440, 1450], "annotations": [{"nertag": "B-MISC"}]}, {"base_span": [1451, 1458], "annotations": [{"nertag": "I-MISC"}]}, {"base_span": [1460, 1466], "annotations": [{"nertag": "I-MISC"}]}, {"base_span": [1467, 1469], "annotations": [{"nertag": "O"}]}, {"base_span": [1470, 1473], "annotations": [{"nertag": "O"}]}, {"base_span": [1474, 1476], "annotations": [{"nertag": "O"}]}, {"base_span": [1477, 1480], "annotations": [{"nertag": "O"}]}, {"base_span": [1481, 1491], "annotations": [{"nertag": "O"}]}, {"base_span": [1491, 1492], "annotations": [{"nertag": "O"}]}, {"base_span": [1493, 1495], "annotations": [{"nertag": "O"}]}, {"base_span": [1496, 1502], "annotations": [{"nertag": "O"}]}, {"base_span": [1503, 1509], "annotations": [{"nertag": "O"}]}, {"base_span": [1510, 1520], "annotations": [{"nertag": "O"}]}, {"base_span": [1521, 1523], "annotations": [{"nertag": "O"}]}, {"base_span": [1526, 1527], "annotations": [{"nertag": "B-PER"}]}, {"base_span": [1527, 1528], "annotations": [{"nertag": "I-PER"}]}, {"base_span": [1529, 1533], "annotations": [{"nertag": "I-PER"}]}, {"base_span": [1534, 1535], "annotations": [{"nertag": "O"}]}, {"base_span": [1535, 1542], "annotations": [{"nertag": "O"}]}, {"base_span": [1542, 1543], "annotations": [{"nertag": "O"}]}, {"base_span": [1543, 1544], "annotations": [{"nertag": "O"}]}, {"base_span": [1545, 1554], "annotations": [{"nertag": "O"}]}, {"base_span": [1555, 1558], "annotations": [{"nertag": "O"}]}, {"base_span": [1559, 1564], "annotations": [{"nertag": "B-PER"}]}, {"base_span": [1565, 1569], "annotations": [{"nertag": "I-PER"}]}, {"base_span": [1569, 1570], "annotations": [{"nertag": "O"}]}, {"base_span": [1571, 1572], "annotations": [{"nertag": "O"}]}, {"base_span": [1573, 1576], "annotations": [{"nertag": "O"}]}, {"base_span": [1577, 1581], "annotations": [{"nertag": "B-PER"}]}, {"base_span": [1582, 1587], "annotations": [{"nertag": "I-PER"}]}, {"base_span": [1587, 1588], "annotations": [{"nertag": "O"}]}, {"base_span": [1589, 1590], "annotations": [{"nertag": "O"}]}, {"base_span": [1592, 1602], "annotations": [{"nertag": "O"}]}, {"base_span": [1603, 1608], "annotations": [{"nertag": "B-PER"}]}, {"base_span": [1609, 1616], "annotations": [{"nertag": "O"}]}, {"base_span": [1617, 1620], "annotations": [{"nertag": "O"}]}, {"base_span": [1621, 1629], "annotations": [{"nertag": "O"}]}, {"base_span": [1630, 1631], "annotations": [{"nertag": "O"}]}, {"base_span": [1631, 1632], "annotations": [{"nertag": "O"}]}, {"base_span": [1633, 1635], "annotations": [{"nertag": "O"}]}, {"base_span": [1636, 1641], "annotations": [{"nertag": "O"}]}, {"base_span": [1642, 1650], "annotations": [{"nertag": "O"}]}, {"base_span": [1651, 1658], "annotations": [{"nertag": "O"}]}, {"base_span": [1659, 1661], "annotations": [{"nertag": "O"}]}, {"base_span": [1662, 1666], "annotations": [{"nertag": "O"}]}, {"base_span": [1666, 1667], "annotations": [{"nertag": "O"}]}, {"base_span": [1668, 1671], "annotations": [{"nertag": "O"}]}, {"base_span": [1672, 1677], "annotations": [{"nertag": "O"}]}, {"base_span": [1678, 1685], "annotations": [{"nertag": "O"}]}, {"base_span": [1686, 1691], "annotations": [{"nertag": "O"}]}, {"base_span": [1692, 1705], "annotations": [{"nertag": "O"}]}, {"base_span": [1706, 1711], "annotations": [{"nertag": "O"}]}, {"base_span": [1712, 1722], "annotations": [{"nertag": "O"}]}, {"base_span": [1723, 1726], "annotations": [{"nertag": "O"}]}]}]}