{"text": "\n.Siis tulli Kokkoralt Müürseppa Enno ja kaebas,et temma lammas on koddost metsa jooksnud. Ja on Mõisa Mölder Ludwik Johansochn omma Tüdrukug Annega selle\n\nlamma kinni wõtnud ja omma koddo tonud.Ja selle lamba ärra tapnud. Siis leppisid nemmad 3 Rubla selle lamba eest ja nahk Taggasi selle mehele.Ja on se Tüdruk Anne selle lamba omma lubbaga ärra tapnud,siis peab se Ann selle raha maksma.\n\n                                        +++ Jaan Wabbadik\n\n                                        +++ Laar Olla\n\n                                        +++ Laar Kukk. \n\n\n", "meta": {"origin_directory": "vallakohus_kolmas/"}, "layers": [{"name": "gold_ner", "attributes": ["nertag"], "parent": null, "enveloping": null, "ambiguous": false, "serialisation_module": null, "meta": {}, "spans": [{"base_span": [13, 22], "annotations": [{"nertag": "LOC"}]}, {"base_span": [23, 32], "annotations": [{"nertag": "LOC_ORG"}]}, {"base_span": [33, 37], "annotations": [{"nertag": "PER"}]}, {"base_span": [110, 127], "annotations": [{"nertag": "PER"}]}, {"base_span": [142, 148], "annotations": [{"nertag": "PER"}]}, {"base_span": [314, 318], "annotations": [{"nertag": "PER"}]}, {"base_span": [369, 372], "annotations": [{"nertag": "PER"}]}, {"base_span": [437, 450], "annotations": [{"nertag": "PER"}]}, {"base_span": [496, 505], "annotations": [{"nertag": "PER"}]}, {"base_span": [551, 560], "annotations": [{"nertag": "PER"}]}]}, {"name": "gold_wordner", "attributes": ["nertag"], "parent": null, "enveloping": null, "ambiguous": false, "serialisation_module": null, "meta": {}, "spans": [{"base_span": [1, 2], "annotations": [{"nertag": "O"}]}, {"base_span": [2, 6], "annotations": [{"nertag": "O"}]}, {"base_span": [7, 12], "annotations": [{"nertag": "O"}]}, {"base_span": [13, 22], "annotations": [{"nertag": "B-LOC"}]}, {"base_span": [23, 32], "annotations": [{"nertag": "B-LOC_ORG"}]}, {"base_span": [33, 37], "annotations": [{"nertag": "B-PER"}]}, {"base_span": [38, 40], "annotations": [{"nertag": "O"}]}, {"base_span": [41, 47], "annotations": [{"nertag": "O"}]}, {"base_span": [47, 48], "annotations": [{"nertag": "O"}]}, {"base_span": [48, 50], "annotations": [{"nertag": "O"}]}, {"base_span": [51, 56], "annotations": [{"nertag": "O"}]}, {"base_span": [57, 63], "annotations": [{"nertag": "O"}]}, {"base_span": [64, 66], "annotations": [{"nertag": "O"}]}, {"base_span": [67, 74], "annotations": [{"nertag": "O"}]}, {"base_span": [75, 80], "annotations": [{"nertag": "O"}]}, {"base_span": [81, 89], "annotations": [{"nertag": "O"}]}, {"base_span": [89, 90], "annotations": [{"nertag": "O"}]}, {"base_span": [91, 93], "annotations": [{"nertag": "O"}]}, {"base_span": [94, 96], "annotations": [{"nertag": "O"}]}, {"base_span": [97, 102], "annotations": [{"nertag": "O"}]}, {"base_span": [103, 109], "annotations": [{"nertag": "O"}]}, {"base_span": [110, 116], "annotations": [{"nertag": "B-PER"}]}, {"base_span": [117, 127], "annotations": [{"nertag": "I-PER"}]}, {"base_span": [128, 132], "annotations": [{"nertag": "O"}]}, {"base_span": [133, 141], "annotations": [{"nertag": "O"}]}, {"base_span": [142, 148], "annotations": [{"nertag": "B-PER"}]}, {"base_span": [149, 154], "annotations": [{"nertag": "O"}]}, {"base_span": [156, 161], "annotations": [{"nertag": "O"}]}, {"base_span": [162, 167], "annotations": [{"nertag": "O"}]}, {"base_span": [168, 174], "annotations": [{"nertag": "O"}]}, {"base_span": [175, 177], "annotations": [{"nertag": "O"}]}, {"base_span": [178, 182], "annotations": [{"nertag": "O"}]}, {"base_span": [183, 188], "annotations": [{"nertag": "O"}]}, {"base_span": [189, 194], "annotations": [{"nertag": "O"}]}, {"base_span": [194, 195], "annotations": [{"nertag": "O"}]}, {"base_span": [195, 197], "annotations": [{"nertag": "O"}]}, {"base_span": [198, 203], "annotations": [{"nertag": "O"}]}, {"base_span": [204, 209], "annotations": [{"nertag": "O"}]}, {"base_span": [210, 214], "annotations": [{"nertag": "O"}]}, {"base_span": [215, 221], "annotations": [{"nertag": "O"}]}, {"base_span": [221, 222], "annotations": [{"nertag": "O"}]}, {"base_span": [223, 227], "annotations": [{"nertag": "O"}]}, {"base_span": [228, 236], "annotations": [{"nertag": "O"}]}, {"base_span": [237, 243], "annotations": [{"nertag": "O"}]}, {"base_span": [244, 245], "annotations": [{"nertag": "O"}]}, {"base_span": [246, 251], "annotations": [{"nertag": "O"}]}, {"base_span": [252, 257], "annotations": [{"nertag": "O"}]}, {"base_span": [258, 263], "annotations": [{"nertag": "O"}]}, {"base_span": [264, 268], "annotations": [{"nertag": "O"}]}, {"base_span": [269, 271], "annotations": [{"nertag": "O"}]}, {"base_span": [272, 276], "annotations": [{"nertag": "O"}]}, {"base_span": [277, 284], "annotations": [{"nertag": "O"}]}, {"base_span": [285, 290], "annotations": [{"nertag": "O"}]}, {"base_span": [291, 297], "annotations": [{"nertag": "O"}]}, {"base_span": [297, 298], "annotations": [{"nertag": "O"}]}, {"base_span": [298, 300], "annotations": [{"nertag": "O"}]}, {"base_span": [301, 303], "annotations": [{"nertag": "O"}]}, {"base_span": [304, 306], "annotations": [{"nertag": "O"}]}, {"base_span": [307, 313], "annotations": [{"nertag": "O"}]}, {"base_span": [314, 318], "annotations": [{"nertag": "B-PER"}]}, {"base_span": [319, 324], "annotations": [{"nertag": "O"}]}, {"base_span": [325, 330], "annotations": [{"nertag": "O"}]}, {"base_span": [331, 335], "annotations": [{"nertag": "O"}]}, {"base_span": [336, 343], "annotations": [{"nertag": "O"}]}, {"base_span": [344, 348], "annotations": [{"nertag": "O"}]}, {"base_span": [349, 355], "annotations": [{"nertag": "O"}]}, {"base_span": [355, 356], "annotations": [{"nertag": "O"}]}, {"base_span": [356, 360], "annotations": [{"nertag": "O"}]}, {"base_span": [361, 365], "annotations": [{"nertag": "O"}]}, {"base_span": [366, 368], "annotations": [{"nertag": "O"}]}, {"base_span": [369, 372], "annotations": [{"nertag": "B-PER"}]}, {"base_span": [373, 378], "annotations": [{"nertag": "O"}]}, {"base_span": [379, 383], "annotations": [{"nertag": "O"}]}, {"base_span": [384, 390], "annotations": [{"nertag": "O"}]}, {"base_span": [390, 391], "annotations": [{"nertag": "O"}]}, {"base_span": [433, 434], "annotations": [{"nertag": "O"}]}, {"base_span": [434, 435], "annotations": [{"nertag": "O"}]}, {"base_span": [435, 436], "annotations": [{"nertag": "O"}]}, {"base_span": [437, 441], "annotations": [{"nertag": "B-PER"}]}, {"base_span": [442, 450], "annotations": [{"nertag": "I-PER"}]}, {"base_span": [492, 493], "annotations": [{"nertag": "O"}]}, {"base_span": [493, 494], "annotations": [{"nertag": "O"}]}, {"base_span": [494, 495], "annotations": [{"nertag": "O"}]}, {"base_span": [496, 500], "annotations": [{"nertag": "B-PER"}]}, {"base_span": [501, 505], "annotations": [{"nertag": "I-PER"}]}, {"base_span": [547, 548], "annotations": [{"nertag": "O"}]}, {"base_span": [548, 549], "annotations": [{"nertag": "O"}]}, {"base_span": [549, 550], "annotations": [{"nertag": "O"}]}, {"base_span": [551, 555], "annotations": [{"nertag": "B-PER"}]}, {"base_span": [556, 560], "annotations": [{"nertag": "I-PER"}]}, {"base_span": [560, 561], "annotations": [{"nertag": "O"}]}]}]}