{"text": "\nAste ette Katri Malkow, nink tõige kaibust ette et temmal selle Michel Rautseppaga Ilm-Abbi-Elluta üts Tüttar om ollnu, nink Tunnistusses üts Kinnas temma kätte om jänu, Ent siski ütles temma eddimänne kõrd, et ta se kinnas selle Poisi Wöö alt om wõtnu, nink teine kõrd jälle et temma se Kinnas om haina sissest Leidnu.\n\nSai ette Kutsutud Michel Rautsep, kes kineniste ärra salgas, et temma sedda tüdrikut mitte ei olle putnu, ennegi üts tund aiga temma mann om puhtussen olnu, kui se kinnas temma kätte olli jänu.\n\nSis ühhendiwa ne Koggokonna Kohto Liekme se Tundmisse pääle henda, Et Säratse asja mann üttegi Tunnistust ei woi olla enge jääp mes se Naisterahwas ütlep, Sai Katri Malkow jälle ette Kutsutus nink Küssitus, mes temma selle Latse Kaswatamisses mannu abbis tahhap selle Michel Rautsepa käest, kos se samma ütles, 3 Aijastat egga Aasta 1 wak Rukky 1 wak Keswy. Teep ütte kokko sel Michklil massa 6 wakka Wilja, ja nemma omma teine teisega rahhu. Jälle ette kutsutus Michel Rautsep, nink koggokonna kohtu poolt käsk antus, Et temmal 6 wakka Wilju selle Katri Malkowile massa, abbis se Latse Kaswatamisses, nink Nimmelt egga Aijasta sel 3mal Oktobril 1 wak Rukky nink 1 wak Keswy peap masma. Se massminne allustap sel 3mal Oktobril 1859.\n\nSiski arwas Koggokonna Kohhus hääs, Et Särätse ülleannetu Tööteo est Mõllembille 20 Witsa Lööki, Et teistelegi ka hirmo saap - wähhästke Saiwa ka warsti ärra Trahwitus nink Rahho Tettus.\n\nArro sel 6mal Februaril 1859.\n\nKoggokonna Kohto Enistja Peter Jönnson\n\n\"  \" Manistja Karli Kohk\n\n\"  \" Manistja Jaan Reinman XXX\n\nG. Grünberg Kirjotaja\n\n\n", "meta": {"origin_directory": "vallakohus_neljas/"}, "layers": [{"name": "gold_ner", "attributes": ["nertag"], "parent": null, "enveloping": null, "ambiguous": false, "serialisation_module": null, "meta": {}, "spans": [{"base_span": [11, 23], "annotations": [{"nertag": "PER"}]}, {"base_span": [65, 83], "annotations": [{"nertag": "PER"}]}, {"base_span": [340, 354], "annotations": [{"nertag": "PER"}]}, {"base_span": [676, 688], "annotations": [{"nertag": "PER"}]}, {"base_span": [785, 800], "annotations": [{"nertag": "PER"}]}, {"base_span": [895, 903], "annotations": [{"nertag": "PER"}]}, {"base_span": [980, 994], "annotations": [{"nertag": "PER"}]}, {"base_span": [1066, 1081], "annotations": [{"nertag": "PER"}]}, {"base_span": [1495, 1508], "annotations": [{"nertag": "PER"}]}, {"base_span": [1524, 1534], "annotations": [{"nertag": "PER"}]}, {"base_span": [1550, 1562], "annotations": [{"nertag": "PER"}]}, {"base_span": [1568, 1579], "annotations": [{"nertag": "PER"}]}]}, {"name": "gold_wordner", "attributes": ["nertag"], "parent": null, "enveloping": null, "ambiguous": false, "serialisation_module": null, "meta": {}, "spans": [{"base_span": [1, 5], "annotations": [{"nertag": "O"}]}, {"base_span": [6, 10], "annotations": [{"nertag": "O"}]}, {"base_span": [11, 16], "annotations": [{"nertag": "B-PER"}]}, {"base_span": [17, 23], "annotations": [{"nertag": "I-PER"}]}, {"base_span": [23, 24], "annotations": [{"nertag": "O"}]}, {"base_span": [25, 29], "annotations": [{"nertag": "O"}]}, {"base_span": [30, 35], "annotations": [{"nertag": "O"}]}, {"base_span": [36, 43], "annotations": [{"nertag": "O"}]}, {"base_span": [44, 48], "annotations": [{"nertag": "O"}]}, {"base_span": [49, 51], "annotations": [{"nertag": "O"}]}, {"base_span": [52, 58], "annotations": [{"nertag": "O"}]}, {"base_span": [59, 64], "annotations": [{"nertag": "O"}]}, {"base_span": [65, 71], "annotations": [{"nertag": "B-PER"}]}, {"base_span": [72, 83], "annotations": [{"nertag": "I-PER"}]}, {"base_span": [84, 87], "annotations": [{"nertag": "O"}]}, {"base_span": [87, 88], "annotations": [{"nertag": "O"}]}, {"base_span": [88, 92], "annotations": [{"nertag": "O"}]}, {"base_span": [92, 93], "annotations": [{"nertag": "O"}]}, {"base_span": [93, 99], "annotations": [{"nertag": "O"}]}, {"base_span": [100, 103], "annotations": [{"nertag": "O"}]}, {"base_span": [104, 110], "annotations": [{"nertag": "O"}]}, {"base_span": [111, 113], "annotations": [{"nertag": "O"}]}, {"base_span": [114, 119], "annotations": [{"nertag": "O"}]}, {"base_span": [119, 120], "annotations": [{"nertag": "O"}]}, {"base_span": [121, 125], "annotations": [{"nertag": "O"}]}, {"base_span": [126, 138], "annotations": [{"nertag": "O"}]}, {"base_span": [139, 142], "annotations": [{"nertag": "O"}]}, {"base_span": [143, 149], "annotations": [{"nertag": "O"}]}, {"base_span": [150, 155], "annotations": [{"nertag": "O"}]}, {"base_span": [156, 161], "annotations": [{"nertag": "O"}]}, {"base_span": [162, 164], "annotations": [{"nertag": "O"}]}, {"base_span": [165, 169], "annotations": [{"nertag": "O"}]}, {"base_span": [169, 170], "annotations": [{"nertag": "O"}]}, {"base_span": [171, 174], "annotations": [{"nertag": "O"}]}, {"base_span": [175, 180], "annotations": [{"nertag": "O"}]}, {"base_span": [181, 186], "annotations": [{"nertag": "O"}]}, {"base_span": [187, 192], "annotations": [{"nertag": "O"}]}, {"base_span": [193, 202], "annotations": [{"nertag": "O"}]}, {"base_span": [203, 207], "annotations": [{"nertag": "O"}]}, {"base_span": [207, 208], "annotations": [{"nertag": "O"}]}, {"base_span": [209, 211], "annotations": [{"nertag": "O"}]}, {"base_span": [212, 214], "annotations": [{"nertag": "O"}]}, {"base_span": [215, 217], "annotations": [{"nertag": "O"}]}, {"base_span": [218, 224], "annotations": [{"nertag": "O"}]}, {"base_span": [225, 230], "annotations": [{"nertag": "O"}]}, {"base_span": [231, 236], "annotations": [{"nertag": "O"}]}, {"base_span": [237, 240], "annotations": [{"nertag": "O"}]}, {"base_span": [241, 244], "annotations": [{"nertag": "O"}]}, {"base_span": [245, 247], "annotations": [{"nertag": "O"}]}, {"base_span": [248, 253], "annotations": [{"nertag": "O"}]}, {"base_span": [253, 254], "annotations": [{"nertag": "O"}]}, {"base_span": [255, 259], "annotations": [{"nertag": "O"}]}, {"base_span": [260, 265], "annotations": [{"nertag": "O"}]}, {"base_span": [266, 270], "annotations": [{"nertag": "O"}]}, {"base_span": [271, 276], "annotations": [{"nertag": "O"}]}, {"base_span": [277, 279], "annotations": [{"nertag": "O"}]}, {"base_span": [280, 285], "annotations": [{"nertag": "O"}]}, {"base_span": [286, 288], "annotations": [{"nertag": "O"}]}, {"base_span": [289, 295], "annotations": [{"nertag": "O"}]}, {"base_span": [296, 298], "annotations": [{"nertag": "O"}]}, {"base_span": [299, 304], "annotations": [{"nertag": "O"}]}, {"base_span": [305, 312], "annotations": [{"nertag": "O"}]}, {"base_span": [313, 319], "annotations": [{"nertag": "O"}]}, {"base_span": [319, 320], "annotations": [{"nertag": "O"}]}, {"base_span": [322, 325], "annotations": [{"nertag": "O"}]}, {"base_span": [326, 330], "annotations": [{"nertag": "O"}]}, {"base_span": [331, 339], "annotations": [{"nertag": "O"}]}, {"base_span": [340, 346], "annotations": [{"nertag": "B-PER"}]}, {"base_span": [347, 354], "annotations": [{"nertag": "I-PER"}]}, {"base_span": [354, 355], "annotations": [{"nertag": "O"}]}, {"base_span": [356, 359], "annotations": [{"nertag": "O"}]}, {"base_span": [360, 369], "annotations": [{"nertag": "O"}]}, {"base_span": [370, 374], "annotations": [{"nertag": "O"}]}, {"base_span": [375, 381], "annotations": [{"nertag": "O"}]}, {"base_span": [381, 382], "annotations": [{"nertag": "O"}]}, {"base_span": [383, 385], "annotations": [{"nertag": "O"}]}, {"base_span": [386, 391], "annotations": [{"nertag": "O"}]}, {"base_span": [392, 397], "annotations": [{"nertag": "O"}]}, {"base_span": [398, 406], "annotations": [{"nertag": "O"}]}, {"base_span": [407, 412], "annotations": [{"nertag": "O"}]}, {"base_span": [413, 415], "annotations": [{"nertag": "O"}]}, {"base_span": [416, 420], "annotations": [{"nertag": "O"}]}, {"base_span": [421, 426], "annotations": [{"nertag": "O"}]}, {"base_span": [426, 427], "annotations": [{"nertag": "O"}]}, {"base_span": [428, 434], "annotations": [{"nertag": "O"}]}, {"base_span": [435, 438], "annotations": [{"nertag": "O"}]}, {"base_span": [439, 443], "annotations": [{"nertag": "O"}]}, {"base_span": [444, 448], "annotations": [{"nertag": "O"}]}, {"base_span": [449, 454], "annotations": [{"nertag": "O"}]}, {"base_span": [455, 459], "annotations": [{"nertag": "O"}]}, {"base_span": [460, 462], "annotations": [{"nertag": "O"}]}, {"base_span": [463, 472], "annotations": [{"nertag": "O"}]}, {"base_span": [473, 477], "annotations": [{"nertag": "O"}]}, {"base_span": [477, 478], "annotations": [{"nertag": "O"}]}, {"base_span": [479, 482], "annotations": [{"nertag": "O"}]}, {"base_span": [483, 485], "annotations": [{"nertag": "O"}]}, {"base_span": [486, 492], "annotations": [{"nertag": "O"}]}, {"base_span": [493, 498], "annotations": [{"nertag": "O"}]}, {"base_span": [499, 504], "annotations": [{"nertag": "O"}]}, {"base_span": [505, 509], "annotations": [{"nertag": "O"}]}, {"base_span": [510, 514], "annotations": [{"nertag": "O"}]}, {"base_span": [514, 515], "annotations": [{"nertag": "O"}]}, {"base_span": [517, 520], "annotations": [{"nertag": "O"}]}, {"base_span": [521, 530], "annotations": [{"nertag": "O"}]}, {"base_span": [531, 533], "annotations": [{"nertag": "O"}]}, {"base_span": [534, 544], "annotations": [{"nertag": "O"}]}, {"base_span": [545, 550], "annotations": [{"nertag": "O"}]}, {"base_span": [551, 557], "annotations": [{"nertag": "O"}]}, {"base_span": [558, 560], "annotations": [{"nertag": "O"}]}, {"base_span": [561, 570], "annotations": [{"nertag": "O"}]}, {"base_span": [571, 576], "annotations": [{"nertag": "O"}]}, {"base_span": [577, 582], "annotations": [{"nertag": "O"}]}, {"base_span": [582, 583], "annotations": [{"nertag": "O"}]}, {"base_span": [584, 586], "annotations": [{"nertag": "O"}]}, {"base_span": [587, 594], "annotations": [{"nertag": "O"}]}, {"base_span": [595, 599], "annotations": [{"nertag": "O"}]}, {"base_span": [600, 604], "annotations": [{"nertag": "O"}]}, {"base_span": [605, 611], "annotations": [{"nertag": "O"}]}, {"base_span": [612, 622], "annotations": [{"nertag": "O"}]}, {"base_span": [623, 625], "annotations": [{"nertag": "O"}]}, {"base_span": [626, 629], "annotations": [{"nertag": "O"}]}, {"base_span": [630, 634], "annotations": [{"nertag": "O"}]}, {"base_span": [635, 639], "annotations": [{"nertag": "O"}]}, {"base_span": [640, 644], "annotations": [{"nertag": "O"}]}, {"base_span": [645, 648], "annotations": [{"nertag": "O"}]}, {"base_span": [649, 651], "annotations": [{"nertag": "O"}]}, {"base_span": [652, 664], "annotations": [{"nertag": "O"}]}, {"base_span": [665, 670], "annotations": [{"nertag": "O"}]}, {"base_span": [670, 671], "annotations": [{"nertag": "O"}]}, {"base_span": [672, 675], "annotations": [{"nertag": "O"}]}, {"base_span": [676, 681], "annotations": [{"nertag": "B-PER"}]}, {"base_span": [682, 688], "annotations": [{"nertag": "I-PER"}]}, {"base_span": [689, 694], "annotations": [{"nertag": "O"}]}, {"base_span": [695, 699], "annotations": [{"nertag": "O"}]}, {"base_span": [700, 708], "annotations": [{"nertag": "O"}]}, {"base_span": [709, 713], "annotations": [{"nertag": "O"}]}, {"base_span": [714, 722], "annotations": [{"nertag": "O"}]}, {"base_span": [722, 723], "annotations": [{"nertag": "O"}]}, {"base_span": [724, 727], "annotations": [{"nertag": "O"}]}, {"base_span": [728, 733], "annotations": [{"nertag": "O"}]}, {"base_span": [734, 739], "annotations": [{"nertag": "O"}]}, {"base_span": [740, 745], "annotations": [{"nertag": "O"}]}, {"base_span": [746, 759], "annotations": [{"nertag": "O"}]}, {"base_span": [760, 765], "annotations": [{"nertag": "O"}]}, {"base_span": [766, 771], "annotations": [{"nertag": "O"}]}, {"base_span": [772, 778], "annotations": [{"nertag": "O"}]}, {"base_span": [779, 784], "annotations": [{"nertag": "O"}]}, {"base_span": [785, 791], "annotations": [{"nertag": "B-PER"}]}, {"base_span": [792, 800], "annotations": [{"nertag": "I-PER"}]}, {"base_span": [801, 806], "annotations": [{"nertag": "O"}]}, {"base_span": [806, 807], "annotations": [{"nertag": "O"}]}, {"base_span": [808, 811], "annotations": [{"nertag": "O"}]}, {"base_span": [812, 814], "annotations": [{"nertag": "O"}]}, {"base_span": [815, 820], "annotations": [{"nertag": "O"}]}, {"base_span": [821, 826], "annotations": [{"nertag": "O"}]}, {"base_span": [826, 827], "annotations": [{"nertag": "O"}]}, {"base_span": [828, 829], "annotations": [{"nertag": "O"}]}, {"base_span": [830, 838], "annotations": [{"nertag": "O"}]}, {"base_span": [839, 843], "annotations": [{"nertag": "O"}]}, {"base_span": [844, 849], "annotations": [{"nertag": "O"}]}, {"base_span": [850, 851], "annotations": [{"nertag": "O"}]}, {"base_span": [852, 855], "annotations": [{"nertag": "O"}]}, {"base_span": [856, 861], "annotations": [{"nertag": "O"}]}, {"base_span": [862, 863], "annotations": [{"nertag": "O"}]}, {"base_span": [864, 867], "annotations": [{"nertag": "O"}]}, {"base_span": [868, 873], "annotations": [{"nertag": "O"}]}, {"base_span": [873, 874], "annotations": [{"nertag": "O"}]}, {"base_span": [875, 879], "annotations": [{"nertag": "O"}]}, {"base_span": [880, 884], "annotations": [{"nertag": "O"}]}, {"base_span": [885, 890], "annotations": [{"nertag": "O"}]}, {"base_span": [891, 894], "annotations": [{"nertag": "O"}]}, {"base_span": [895, 903], "annotations": [{"nertag": "B-PER"}]}, {"base_span": [904, 909], "annotations": [{"nertag": "O"}]}, {"base_span": [910, 911], "annotations": [{"nertag": "O"}]}, {"base_span": [912, 917], "annotations": [{"nertag": "O"}]}, {"base_span": [918, 923], "annotations": [{"nertag": "O"}]}, {"base_span": [923, 924], "annotations": [{"nertag": "O"}]}, {"base_span": [925, 927], "annotations": [{"nertag": "O"}]}, {"base_span": [928, 933], "annotations": [{"nertag": "O"}]}, {"base_span": [934, 938], "annotations": [{"nertag": "O"}]}, {"base_span": [939, 944], "annotations": [{"nertag": "O"}]}, {"base_span": [945, 952], "annotations": [{"nertag": "O"}]}, {"base_span": [953, 958], "annotations": [{"nertag": "O"}]}, {"base_span": [958, 959], "annotations": [{"nertag": "O"}]}, {"base_span": [960, 965], "annotations": [{"nertag": "O"}]}, {"base_span": [966, 970], "annotations": [{"nertag": "O"}]}, {"base_span": [971, 979], "annotations": [{"nertag": "O"}]}, {"base_span": [980, 986], "annotations": [{"nertag": "B-PER"}]}, {"base_span": [987, 994], "annotations": [{"nertag": "I-PER"}]}, {"base_span": [994, 995], "annotations": [{"nertag": "O"}]}, {"base_span": [996, 1000], "annotations": [{"nertag": "O"}]}, {"base_span": [1001, 1011], "annotations": [{"nertag": "O"}]}, {"base_span": [1012, 1017], "annotations": [{"nertag": "O"}]}, {"base_span": [1018, 1023], "annotations": [{"nertag": "O"}]}, {"base_span": [1024, 1028], "annotations": [{"nertag": "O"}]}, {"base_span": [1029, 1034], "annotations": [{"nertag": "O"}]}, {"base_span": [1034, 1035], "annotations": [{"nertag": "O"}]}, {"base_span": [1036, 1038], "annotations": [{"nertag": "O"}]}, {"base_span": [1039, 1045], "annotations": [{"nertag": "O"}]}, {"base_span": [1046, 1047], "annotations": [{"nertag": "O"}]}, {"base_span": [1048, 1053], "annotations": [{"nertag": "O"}]}, {"base_span": [1054, 1059], "annotations": [{"nertag": "O"}]}, {"base_span": [1060, 1065], "annotations": [{"nertag": "O"}]}, {"base_span": [1066, 1071], "annotations": [{"nertag": "B-PER"}]}, {"base_span": [1072, 1081], "annotations": [{"nertag": "I-PER"}]}, {"base_span": [1082, 1087], "annotations": [{"nertag": "O"}]}, {"base_span": [1087, 1088], "annotations": [{"nertag": "O"}]}, {"base_span": [1089, 1094], "annotations": [{"nertag": "O"}]}, {"base_span": [1095, 1097], "annotations": [{"nertag": "O"}]}, {"base_span": [1098, 1103], "annotations": [{"nertag": "O"}]}, {"base_span": [1104, 1117], "annotations": [{"nertag": "O"}]}, {"base_span": [1117, 1118], "annotations": [{"nertag": "O"}]}, {"base_span": [1119, 1123], "annotations": [{"nertag": "O"}]}, {"base_span": [1124, 1131], "annotations": [{"nertag": "O"}]}, {"base_span": [1132, 1136], "annotations": [{"nertag": "O"}]}, {"base_span": [1137, 1144], "annotations": [{"nertag": "O"}]}, {"base_span": [1145, 1148], "annotations": [{"nertag": "O"}]}, {"base_span": [1149, 1153], "annotations": [{"nertag": "O"}]}, {"base_span": [1154, 1162], "annotations": [{"nertag": "O"}]}, {"base_span": [1163, 1164], "annotations": [{"nertag": "O"}]}, {"base_span": [1165, 1168], "annotations": [{"nertag": "O"}]}, {"base_span": [1169, 1174], "annotations": [{"nertag": "O"}]}, {"base_span": [1175, 1179], "annotations": [{"nertag": "O"}]}, {"base_span": [1180, 1181], "annotations": [{"nertag": "O"}]}, {"base_span": [1182, 1185], "annotations": [{"nertag": "O"}]}, {"base_span": [1186, 1191], "annotations": [{"nertag": "O"}]}, {"base_span": [1192, 1196], "annotations": [{"nertag": "O"}]}, {"base_span": [1197, 1202], "annotations": [{"nertag": "O"}]}, {"base_span": [1202, 1203], "annotations": [{"nertag": "O"}]}, {"base_span": [1204, 1206], "annotations": [{"nertag": "O"}]}, {"base_span": [1207, 1216], "annotations": [{"nertag": "O"}]}, {"base_span": [1217, 1225], "annotations": [{"nertag": "O"}]}, {"base_span": [1226, 1229], "annotations": [{"nertag": "O"}]}, {"base_span": [1230, 1234], "annotations": [{"nertag": "O"}]}, {"base_span": [1235, 1243], "annotations": [{"nertag": "O"}]}, {"base_span": [1244, 1249], "annotations": [{"nertag": "O"}]}, {"base_span": [1251, 1256], "annotations": [{"nertag": "O"}]}, {"base_span": [1257, 1262], "annotations": [{"nertag": "O"}]}, {"base_span": [1263, 1273], "annotations": [{"nertag": "O"}]}, {"base_span": [1274, 1280], "annotations": [{"nertag": "O"}]}, {"base_span": [1281, 1285], "annotations": [{"nertag": "O"}]}, {"base_span": [1285, 1286], "annotations": [{"nertag": "O"}]}, {"base_span": [1287, 1289], "annotations": [{"nertag": "O"}]}, {"base_span": [1290, 1297], "annotations": [{"nertag": "O"}]}, {"base_span": [1298, 1308], "annotations": [{"nertag": "O"}]}, {"base_span": [1309, 1315], "annotations": [{"nertag": "O"}]}, {"base_span": [1316, 1319], "annotations": [{"nertag": "O"}]}, {"base_span": [1320, 1331], "annotations": [{"nertag": "O"}]}, {"base_span": [1332, 1334], "annotations": [{"nertag": "O"}]}, {"base_span": [1335, 1340], "annotations": [{"nertag": "O"}]}, {"base_span": [1341, 1346], "annotations": [{"nertag": "O"}]}, {"base_span": [1346, 1347], "annotations": [{"nertag": "O"}]}, {"base_span": [1348, 1350], "annotations": [{"nertag": "O"}]}, {"base_span": [1351, 1361], "annotations": [{"nertag": "O"}]}, {"base_span": [1362, 1364], "annotations": [{"nertag": "O"}]}, {"base_span": [1365, 1370], "annotations": [{"nertag": "O"}]}, {"base_span": [1371, 1375], "annotations": [{"nertag": "O"}]}, {"base_span": [1376, 1377], "annotations": [{"nertag": "O"}]}, {"base_span": [1378, 1387], "annotations": [{"nertag": "O"}]}, {"base_span": [1388, 1393], "annotations": [{"nertag": "O"}]}, {"base_span": [1394, 1396], "annotations": [{"nertag": "O"}]}, {"base_span": [1397, 1403], "annotations": [{"nertag": "O"}]}, {"base_span": [1404, 1408], "annotations": [{"nertag": "O"}]}, {"base_span": [1409, 1418], "annotations": [{"nertag": "O"}]}, {"base_span": [1419, 1423], "annotations": [{"nertag": "O"}]}, {"base_span": [1424, 1429], "annotations": [{"nertag": "O"}]}, {"base_span": [1430, 1436], "annotations": [{"nertag": "O"}]}, {"base_span": [1436, 1437], "annotations": [{"nertag": "O"}]}, {"base_span": [1439, 1443], "annotations": [{"nertag": "O"}]}, {"base_span": [1444, 1447], "annotations": [{"nertag": "O"}]}, {"base_span": [1448, 1452], "annotations": [{"nertag": "O"}]}, {"base_span": [1453, 1462], "annotations": [{"nertag": "O"}]}, {"base_span": [1463, 1468], "annotations": [{"nertag": "O"}]}, {"base_span": [1470, 1480], "annotations": [{"nertag": "O"}]}, {"base_span": [1481, 1486], "annotations": [{"nertag": "O"}]}, {"base_span": [1487, 1494], "annotations": [{"nertag": "O"}]}, {"base_span": [1495, 1500], "annotations": [{"nertag": "B-PER"}]}, {"base_span": [1501, 1508], "annotations": [{"nertag": "I-PER"}]}, {"base_span": [1510, 1511], "annotations": [{"nertag": "O"}]}, {"base_span": [1513, 1514], "annotations": [{"nertag": "O"}]}, {"base_span": [1515, 1523], "annotations": [{"nertag": "O"}]}, {"base_span": [1524, 1529], "annotations": [{"nertag": "B-PER"}]}, {"base_span": [1530, 1534], "annotations": [{"nertag": "I-PER"}]}, {"base_span": [1536, 1537], "annotations": [{"nertag": "O"}]}, {"base_span": [1539, 1540], "annotations": [{"nertag": "O"}]}, {"base_span": [1541, 1549], "annotations": [{"nertag": "O"}]}, {"base_span": [1550, 1554], "annotations": [{"nertag": "B-PER"}]}, {"base_span": [1555, 1562], "annotations": [{"nertag": "I-PER"}]}, {"base_span": [1563, 1566], "annotations": [{"nertag": "O"}]}, {"base_span": [1568, 1569], "annotations": [{"nertag": "B-PER"}]}, {"base_span": [1569, 1570], "annotations": [{"nertag": "I-PER"}]}, {"base_span": [1571, 1579], "annotations": [{"nertag": "I-PER"}]}, {"base_span": [1580, 1589], "annotations": [{"nertag": "O"}]}]}]}