{"text": "\nSe1 12 Martsil c. pub. Nr 642. polele jänud asjus tulli Johann Holtzmann Warralt Koggukonna kohtu ette, ja ütleb et se assi olla 16. aastad wanna, ja ei mälletada suggugi ennam sedda asja\n\nJohann Sibbul, Warralt, tulli koggukonna kohtu ette ja tunnistab, et temma käinud mitmel korral, ja mullu wiimane kord Fadei Saposchnikow juures ühhes selle Karel Täpsiga, wiimse wõlga nõudmas, ja öölnud Fadei Saposchnikow, mul on 100 rubla Karel Täpsile maksa 100. rubla, agga ta kannatagu minnuga.\n\nTunnistus sai awwaldut.\n\nKohhus moistis:\n\nTunnistuse põhjusel on kohhus moistnud, et Fadei Saposchnikow peab need Karel Täpsi kaest laenatud 100. rubla wiimasele 8. paeva aea sees wäljamaksma.\n\n/: Otsus kulutud sel 26. Martsil 1881. a. Tallorahwa seaduse ramato §§ 772 ja 772 juhhatusel ja oppuse kirjad wäljaantud:/\n\nsel 2 Aprillil Kulutab F Saposchnikow, et temma otsusega rahhule ei olle, mis peale temmale kohtu appellatsioni kirri wäljaantud sai.\n\nA. Krimm [allkiri], pea\nxxx Maddis Erm, kohtumees\nA. Pärn [allkiri], \"\nxxx Tawet Kook, \"\n\n\n", "meta": {"origin_directory": "vallakohus_teine/"}, "layers": [{"name": "gold_ner", "attributes": ["nertag"], "parent": null, "enveloping": null, "ambiguous": false, "serialisation_module": null, "meta": {}, "spans": [{"base_span": [57, 73], "annotations": [{"nertag": "PER"}]}, {"base_span": [74, 81], "annotations": [{"nertag": "LOC"}]}, {"base_span": [190, 203], "annotations": [{"nertag": "PER"}]}, {"base_span": [205, 212], "annotations": [{"nertag": "LOC"}]}, {"base_span": [309, 327], "annotations": [{"nertag": "PER"}]}, {"base_span": [347, 360], "annotations": [{"nertag": "PER"}]}, {"base_span": [394, 412], "annotations": [{"nertag": "PER"}]}, {"base_span": [431, 444], "annotations": [{"nertag": "PER"}]}, {"base_span": [576, 594], "annotations": [{"nertag": "PER"}]}, {"base_span": [605, 616], "annotations": [{"nertag": "PER"}]}, {"base_span": [727, 752], "annotations": [{"nertag": "MISC"}]}, {"base_span": [832, 846], "annotations": [{"nertag": "PER"}]}, {"base_span": [944, 952], "annotations": [{"nertag": "PER"}]}, {"base_span": [972, 982], "annotations": [{"nertag": "PER"}]}, {"base_span": [994, 1001], "annotations": [{"nertag": "PER"}]}, {"base_span": [1019, 1029], "annotations": [{"nertag": "PER"}]}]}, {"name": "gold_wordner", "attributes": ["nertag"], "parent": null, "enveloping": null, "ambiguous": false, "serialisation_module": null, "meta": {}, "spans": [{"base_span": [1, 4], "annotations": [{"nertag": "O"}]}, {"base_span": [5, 7], "annotations": [{"nertag": "O"}]}, {"base_span": [8, 15], "annotations": [{"nertag": "O"}]}, {"base_span": [16, 17], "annotations": [{"nertag": "O"}]}, {"base_span": [17, 18], "annotations": [{"nertag": "O"}]}, {"base_span": [19, 22], "annotations": [{"nertag": "O"}]}, {"base_span": [22, 23], "annotations": [{"nertag": "O"}]}, {"base_span": [24, 26], "annotations": [{"nertag": "O"}]}, {"base_span": [27, 31], "annotations": [{"nertag": "O"}]}, {"base_span": [32, 38], "annotations": [{"nertag": "O"}]}, {"base_span": [39, 44], "annotations": [{"nertag": "O"}]}, {"base_span": [45, 50], "annotations": [{"nertag": "O"}]}, {"base_span": [51, 56], "annotations": [{"nertag": "O"}]}, {"base_span": [57, 63], "annotations": [{"nertag": "B-PER"}]}, {"base_span": [64, 73], "annotations": [{"nertag": "I-PER"}]}, {"base_span": [74, 81], "annotations": [{"nertag": "B-LOC"}]}, {"base_span": [82, 92], "annotations": [{"nertag": "O"}]}, {"base_span": [93, 98], "annotations": [{"nertag": "O"}]}, {"base_span": [99, 103], "annotations": [{"nertag": "O"}]}, {"base_span": [103, 104], "annotations": [{"nertag": "O"}]}, {"base_span": [105, 107], "annotations": [{"nertag": "O"}]}, {"base_span": [108, 113], "annotations": [{"nertag": "O"}]}, {"base_span": [114, 116], "annotations": [{"nertag": "O"}]}, {"base_span": [117, 119], "annotations": [{"nertag": "O"}]}, {"base_span": [120, 124], "annotations": [{"nertag": "O"}]}, {"base_span": [125, 129], "annotations": [{"nertag": "O"}]}, {"base_span": [130, 133], "annotations": [{"nertag": "O"}]}, {"base_span": [134, 140], "annotations": [{"nertag": "O"}]}, {"base_span": [141, 146], "annotations": [{"nertag": "O"}]}, {"base_span": [146, 147], "annotations": [{"nertag": "O"}]}, {"base_span": [148, 150], "annotations": [{"nertag": "O"}]}, {"base_span": [151, 153], "annotations": [{"nertag": "O"}]}, {"base_span": [154, 163], "annotations": [{"nertag": "O"}]}, {"base_span": [164, 171], "annotations": [{"nertag": "O"}]}, {"base_span": [172, 177], "annotations": [{"nertag": "O"}]}, {"base_span": [178, 183], "annotations": [{"nertag": "O"}]}, {"base_span": [184, 188], "annotations": [{"nertag": "O"}]}, {"base_span": [190, 196], "annotations": [{"nertag": "B-PER"}]}, {"base_span": [197, 203], "annotations": [{"nertag": "I-PER"}]}, {"base_span": [203, 204], "annotations": [{"nertag": "O"}]}, {"base_span": [205, 212], "annotations": [{"nertag": "B-LOC"}]}, {"base_span": [212, 213], "annotations": [{"nertag": "O"}]}, {"base_span": [214, 219], "annotations": [{"nertag": "O"}]}, {"base_span": [220, 230], "annotations": [{"nertag": "O"}]}, {"base_span": [231, 236], "annotations": [{"nertag": "O"}]}, {"base_span": [237, 241], "annotations": [{"nertag": "O"}]}, {"base_span": [242, 244], "annotations": [{"nertag": "O"}]}, {"base_span": [245, 254], "annotations": [{"nertag": "O"}]}, {"base_span": [254, 255], "annotations": [{"nertag": "O"}]}, {"base_span": [256, 258], "annotations": [{"nertag": "O"}]}, {"base_span": [259, 264], "annotations": [{"nertag": "O"}]}, {"base_span": [265, 271], "annotations": [{"nertag": "O"}]}, {"base_span": [272, 278], "annotations": [{"nertag": "O"}]}, {"base_span": [279, 285], "annotations": [{"nertag": "O"}]}, {"base_span": [285, 286], "annotations": [{"nertag": "O"}]}, {"base_span": [287, 289], "annotations": [{"nertag": "O"}]}, {"base_span": [290, 295], "annotations": [{"nertag": "O"}]}, {"base_span": [296, 303], "annotations": [{"nertag": "O"}]}, {"base_span": [304, 308], "annotations": [{"nertag": "O"}]}, {"base_span": [309, 314], "annotations": [{"nertag": "B-PER"}]}, {"base_span": [315, 327], "annotations": [{"nertag": "I-PER"}]}, {"base_span": [328, 334], "annotations": [{"nertag": "O"}]}, {"base_span": [335, 340], "annotations": [{"nertag": "O"}]}, {"base_span": [341, 346], "annotations": [{"nertag": "O"}]}, {"base_span": [347, 352], "annotations": [{"nertag": "B-PER"}]}, {"base_span": [353, 360], "annotations": [{"nertag": "I-PER"}]}, {"base_span": [360, 361], "annotations": [{"nertag": "O"}]}, {"base_span": [362, 368], "annotations": [{"nertag": "O"}]}, {"base_span": [369, 374], "annotations": [{"nertag": "O"}]}, {"base_span": [375, 382], "annotations": [{"nertag": "O"}]}, {"base_span": [382, 383], "annotations": [{"nertag": "O"}]}, {"base_span": [384, 386], "annotations": [{"nertag": "O"}]}, {"base_span": [387, 393], "annotations": [{"nertag": "O"}]}, {"base_span": [394, 399], "annotations": [{"nertag": "B-PER"}]}, {"base_span": [400, 412], "annotations": [{"nertag": "I-PER"}]}, {"base_span": [412, 413], "annotations": [{"nertag": "O"}]}, {"base_span": [414, 417], "annotations": [{"nertag": "O"}]}, {"base_span": [418, 420], "annotations": [{"nertag": "O"}]}, {"base_span": [421, 424], "annotations": [{"nertag": "O"}]}, {"base_span": [425, 430], "annotations": [{"nertag": "O"}]}, {"base_span": [431, 436], "annotations": [{"nertag": "B-PER"}]}, {"base_span": [437, 444], "annotations": [{"nertag": "I-PER"}]}, {"base_span": [445, 450], "annotations": [{"nertag": "O"}]}, {"base_span": [451, 455], "annotations": [{"nertag": "O"}]}, {"base_span": [456, 461], "annotations": [{"nertag": "O"}]}, {"base_span": [461, 462], "annotations": [{"nertag": "O"}]}, {"base_span": [463, 467], "annotations": [{"nertag": "O"}]}, {"base_span": [468, 470], "annotations": [{"nertag": "O"}]}, {"base_span": [471, 480], "annotations": [{"nertag": "O"}]}, {"base_span": [481, 488], "annotations": [{"nertag": "O"}]}, {"base_span": [488, 489], "annotations": [{"nertag": "O"}]}, {"base_span": [491, 500], "annotations": [{"nertag": "O"}]}, {"base_span": [501, 504], "annotations": [{"nertag": "O"}]}, {"base_span": [505, 513], "annotations": [{"nertag": "O"}]}, {"base_span": [513, 514], "annotations": [{"nertag": "O"}]}, {"base_span": [516, 522], "annotations": [{"nertag": "O"}]}, {"base_span": [523, 530], "annotations": [{"nertag": "O"}]}, {"base_span": [530, 531], "annotations": [{"nertag": "O"}]}, {"base_span": [533, 543], "annotations": [{"nertag": "O"}]}, {"base_span": [544, 552], "annotations": [{"nertag": "O"}]}, {"base_span": [553, 555], "annotations": [{"nertag": "O"}]}, {"base_span": [556, 562], "annotations": [{"nertag": "O"}]}, {"base_span": [563, 571], "annotations": [{"nertag": "O"}]}, {"base_span": [571, 572], "annotations": [{"nertag": "O"}]}, {"base_span": [573, 575], "annotations": [{"nertag": "O"}]}, {"base_span": [576, 581], "annotations": [{"nertag": "B-PER"}]}, {"base_span": [582, 594], "annotations": [{"nertag": "I-PER"}]}, {"base_span": [595, 599], "annotations": [{"nertag": "O"}]}, {"base_span": [600, 604], "annotations": [{"nertag": "O"}]}, {"base_span": [605, 610], "annotations": [{"nertag": "B-PER"}]}, {"base_span": [611, 616], "annotations": [{"nertag": "I-PER"}]}, {"base_span": [617, 622], "annotations": [{"nertag": "O"}]}, {"base_span": [623, 631], "annotations": [{"nertag": "O"}]}, {"base_span": [632, 636], "annotations": [{"nertag": "O"}]}, {"base_span": [637, 642], "annotations": [{"nertag": "O"}]}, {"base_span": [643, 652], "annotations": [{"nertag": "O"}]}, {"base_span": [653, 655], "annotations": [{"nertag": "O"}]}, {"base_span": [656, 661], "annotations": [{"nertag": "O"}]}, {"base_span": [662, 665], "annotations": [{"nertag": "O"}]}, {"base_span": [666, 670], "annotations": [{"nertag": "O"}]}, {"base_span": [671, 682], "annotations": [{"nertag": "O"}]}, {"base_span": [682, 683], "annotations": [{"nertag": "O"}]}, {"base_span": [685, 686], "annotations": [{"nertag": "O"}]}, {"base_span": [686, 687], "annotations": [{"nertag": "O"}]}, {"base_span": [688, 693], "annotations": [{"nertag": "O"}]}, {"base_span": [694, 701], "annotations": [{"nertag": "O"}]}, {"base_span": [702, 705], "annotations": [{"nertag": "O"}]}, {"base_span": [706, 709], "annotations": [{"nertag": "O"}]}, {"base_span": [710, 717], "annotations": [{"nertag": "O"}]}, {"base_span": [718, 723], "annotations": [{"nertag": "O"}]}, {"base_span": [724, 725], "annotations": [{"nertag": "O"}]}, {"base_span": [725, 726], "annotations": [{"nertag": "O"}]}, {"base_span": [727, 737], "annotations": [{"nertag": "B-MISC"}]}, {"base_span": [738, 745], "annotations": [{"nertag": "I-MISC"}]}, {"base_span": [746, 752], "annotations": [{"nertag": "I-MISC"}]}, {"base_span": [753, 755], "annotations": [{"nertag": "O"}]}, {"base_span": [756, 759], "annotations": [{"nertag": "O"}]}, {"base_span": [760, 762], "annotations": [{"nertag": "O"}]}, {"base_span": [763, 766], "annotations": [{"nertag": "O"}]}, {"base_span": [767, 777], "annotations": [{"nertag": "O"}]}, {"base_span": [778, 780], "annotations": [{"nertag": "O"}]}, {"base_span": [781, 787], "annotations": [{"nertag": "O"}]}, {"base_span": [788, 794], "annotations": [{"nertag": "O"}]}, {"base_span": [795, 805], "annotations": [{"nertag": "O"}]}, {"base_span": [805, 806], "annotations": [{"nertag": "O"}]}, {"base_span": [806, 807], "annotations": [{"nertag": "O"}]}, {"base_span": [809, 812], "annotations": [{"nertag": "O"}]}, {"base_span": [813, 814], "annotations": [{"nertag": "O"}]}, {"base_span": [815, 823], "annotations": [{"nertag": "O"}]}, {"base_span": [824, 831], "annotations": [{"nertag": "O"}]}, {"base_span": [832, 833], "annotations": [{"nertag": "B-PER"}]}, {"base_span": [834, 846], "annotations": [{"nertag": "I-PER"}]}, {"base_span": [846, 847], "annotations": [{"nertag": "O"}]}, {"base_span": [848, 850], "annotations": [{"nertag": "O"}]}, {"base_span": [851, 856], "annotations": [{"nertag": "O"}]}, {"base_span": [857, 865], "annotations": [{"nertag": "O"}]}, {"base_span": [866, 873], "annotations": [{"nertag": "O"}]}, {"base_span": [874, 876], "annotations": [{"nertag": "O"}]}, {"base_span": [877, 881], "annotations": [{"nertag": "O"}]}, {"base_span": [881, 882], "annotations": [{"nertag": "O"}]}, {"base_span": [883, 886], "annotations": [{"nertag": "O"}]}, {"base_span": [887, 892], "annotations": [{"nertag": "O"}]}, {"base_span": [893, 900], "annotations": [{"nertag": "O"}]}, {"base_span": [901, 906], "annotations": [{"nertag": "O"}]}, {"base_span": [907, 920], "annotations": [{"nertag": "O"}]}, {"base_span": [921, 926], "annotations": [{"nertag": "O"}]}, {"base_span": [927, 937], "annotations": [{"nertag": "O"}]}, {"base_span": [938, 941], "annotations": [{"nertag": "O"}]}, {"base_span": [941, 942], "annotations": [{"nertag": "O"}]}, {"base_span": [944, 945], "annotations": [{"nertag": "B-PER"}]}, {"base_span": [945, 946], "annotations": [{"nertag": "I-PER"}]}, {"base_span": [947, 952], "annotations": [{"nertag": "I-PER"}]}, {"base_span": [953, 954], "annotations": [{"nertag": "O"}]}, {"base_span": [954, 961], "annotations": [{"nertag": "O"}]}, {"base_span": [961, 962], "annotations": [{"nertag": "O"}]}, {"base_span": [962, 963], "annotations": [{"nertag": "O"}]}, {"base_span": [964, 967], "annotations": [{"nertag": "O"}]}, {"base_span": [968, 971], "annotations": [{"nertag": "O"}]}, {"base_span": [972, 978], "annotations": [{"nertag": "B-PER"}]}, {"base_span": [979, 982], "annotations": [{"nertag": "I-PER"}]}, {"base_span": [982, 983], "annotations": [{"nertag": "O"}]}, {"base_span": [984, 993], "annotations": [{"nertag": "O"}]}, {"base_span": [994, 995], "annotations": [{"nertag": "B-PER"}]}, {"base_span": [995, 996], "annotations": [{"nertag": "I-PER"}]}, {"base_span": [997, 1001], "annotations": [{"nertag": "I-PER"}]}, {"base_span": [1002, 1003], "annotations": [{"nertag": "O"}]}, {"base_span": [1003, 1010], "annotations": [{"nertag": "O"}]}, {"base_span": [1010, 1011], "annotations": [{"nertag": "O"}]}, {"base_span": [1011, 1012], "annotations": [{"nertag": "O"}]}, {"base_span": [1013, 1014], "annotations": [{"nertag": "O"}]}, {"base_span": [1015, 1018], "annotations": [{"nertag": "O"}]}, {"base_span": [1019, 1024], "annotations": [{"nertag": "B-PER"}]}, {"base_span": [1025, 1029], "annotations": [{"nertag": "I-PER"}]}, {"base_span": [1029, 1030], "annotations": [{"nertag": "O"}]}, {"base_span": [1031, 1032], "annotations": [{"nertag": "O"}]}]}]}