{"text": "\nHans Lill ja Jakob Sööt olid ette tulnud ja andsid kohtule üle, et nad on selle ja kohta oma vahel ära leppinud- vastastiku võlad saavad tasa arvatud, Hans Lill ehk tema poeg Sim Lill võttavad seda last\n\nkasvatada ja koolitada, ilma maksuta. Lapse Juhan Siim jaoks jääb raha üle 54.rbl. mis vöörmündrist Jakob Sööt ja Sim Lill selle lapse hääks kuni tema mehe eani intressi pääle panevad. Hans Lill lubas\n\nveel Karl Siim magasi võlga 11 kar. rukk. ja 1rbl. Jakob Söötile jalavaeva ära tasuda. 54rbl. 5. aasta protsenti võivad käemehed selle lapse kasvatamiseks ära tarvitada. Kooleb aga see laps ennem ära, siis\n\nsaab see üle jäänud raha pääle kulude tema lähmatele sugulastele ära jagatud.\n\nHans Lill(allkiri), Jakob Sööt XXX Sim Lill(allkiri)\n\n\n", "meta": {"origin_directory": "vallakohus_neljas/"}, "layers": [{"name": "gold_ner", "attributes": ["nertag"], "parent": null, "enveloping": null, "ambiguous": false, "serialisation_module": null, "meta": {}, "spans": [{"base_span": [1, 10], "annotations": [{"nertag": "PER"}]}, {"base_span": [14, 24], "annotations": [{"nertag": "PER"}]}, {"base_span": [152, 161], "annotations": [{"nertag": "PER"}]}, {"base_span": [176, 184], "annotations": [{"nertag": "PER"}]}, {"base_span": [249, 259], "annotations": [{"nertag": "PER"}]}, {"base_span": [305, 315], "annotations": [{"nertag": "PER"}]}, {"base_span": [319, 327], "annotations": [{"nertag": "PER"}]}, {"base_span": [390, 399], "annotations": [{"nertag": "PER"}]}, {"base_span": [412, 421], "annotations": [{"nertag": "PER"}]}, {"base_span": [458, 471], "annotations": [{"nertag": "PER"}]}, {"base_span": [693, 702], "annotations": [{"nertag": "PER"}]}, {"base_span": [713, 723], "annotations": [{"nertag": "PER"}]}, {"base_span": [728, 736], "annotations": [{"nertag": "PER"}]}]}, {"name": "gold_wordner", "attributes": ["nertag"], "parent": null, "enveloping": null, "ambiguous": false, "serialisation_module": null, "meta": {}, "spans": [{"base_span": [1, 5], "annotations": [{"nertag": "B-PER"}]}, {"base_span": [6, 10], "annotations": [{"nertag": "I-PER"}]}, {"base_span": [11, 13], "annotations": [{"nertag": "O"}]}, {"base_span": [14, 19], "annotations": [{"nertag": "B-PER"}]}, {"base_span": [20, 24], "annotations": [{"nertag": "I-PER"}]}, {"base_span": [25, 29], "annotations": [{"nertag": "O"}]}, {"base_span": [30, 34], "annotations": [{"nertag": "O"}]}, {"base_span": [35, 41], "annotations": [{"nertag": "O"}]}, {"base_span": [42, 44], "annotations": [{"nertag": "O"}]}, {"base_span": [45, 51], "annotations": [{"nertag": "O"}]}, {"base_span": [52, 59], "annotations": [{"nertag": "O"}]}, {"base_span": [60, 63], "annotations": [{"nertag": "O"}]}, {"base_span": [63, 64], "annotations": [{"nertag": "O"}]}, {"base_span": [65, 67], "annotations": [{"nertag": "O"}]}, {"base_span": [68, 71], "annotations": [{"nertag": "O"}]}, {"base_span": [72, 74], "annotations": [{"nertag": "O"}]}, {"base_span": [75, 80], "annotations": [{"nertag": "O"}]}, {"base_span": [81, 83], "annotations": [{"nertag": "O"}]}, {"base_span": [84, 89], "annotations": [{"nertag": "O"}]}, {"base_span": [90, 93], "annotations": [{"nertag": "O"}]}, {"base_span": [94, 99], "annotations": [{"nertag": "O"}]}, {"base_span": [100, 103], "annotations": [{"nertag": "O"}]}, {"base_span": [104, 112], "annotations": [{"nertag": "O"}]}, {"base_span": [112, 113], "annotations": [{"nertag": "O"}]}, {"base_span": [114, 124], "annotations": [{"nertag": "O"}]}, {"base_span": [125, 130], "annotations": [{"nertag": "O"}]}, {"base_span": [131, 137], "annotations": [{"nertag": "O"}]}, {"base_span": [138, 142], "annotations": [{"nertag": "O"}]}, {"base_span": [143, 150], "annotations": [{"nertag": "O"}]}, {"base_span": [150, 151], "annotations": [{"nertag": "O"}]}, {"base_span": [152, 156], "annotations": [{"nertag": "B-PER"}]}, {"base_span": [157, 161], "annotations": [{"nertag": "I-PER"}]}, {"base_span": [162, 165], "annotations": [{"nertag": "O"}]}, {"base_span": [166, 170], "annotations": [{"nertag": "O"}]}, {"base_span": [171, 175], "annotations": [{"nertag": "O"}]}, {"base_span": [176, 179], "annotations": [{"nertag": "B-PER"}]}, {"base_span": [180, 184], "annotations": [{"nertag": "I-PER"}]}, {"base_span": [185, 193], "annotations": [{"nertag": "O"}]}, {"base_span": [194, 198], "annotations": [{"nertag": "O"}]}, {"base_span": [199, 203], "annotations": [{"nertag": "O"}]}, {"base_span": [205, 214], "annotations": [{"nertag": "O"}]}, {"base_span": [215, 217], "annotations": [{"nertag": "O"}]}, {"base_span": [218, 227], "annotations": [{"nertag": "O"}]}, {"base_span": [227, 228], "annotations": [{"nertag": "O"}]}, {"base_span": [229, 233], "annotations": [{"nertag": "O"}]}, {"base_span": [234, 241], "annotations": [{"nertag": "O"}]}, {"base_span": [241, 242], "annotations": [{"nertag": "O"}]}, {"base_span": [243, 248], "annotations": [{"nertag": "O"}]}, {"base_span": [249, 254], "annotations": [{"nertag": "B-PER"}]}, {"base_span": [255, 259], "annotations": [{"nertag": "I-PER"}]}, {"base_span": [260, 265], "annotations": [{"nertag": "O"}]}, {"base_span": [266, 270], "annotations": [{"nertag": "O"}]}, {"base_span": [271, 275], "annotations": [{"nertag": "O"}]}, {"base_span": [276, 279], "annotations": [{"nertag": "O"}]}, {"base_span": [280, 283], "annotations": [{"nertag": "O"}]}, {"base_span": [283, 286], "annotations": [{"nertag": "O"}]}, {"base_span": [286, 287], "annotations": [{"nertag": "O"}]}, {"base_span": [288, 291], "annotations": [{"nertag": "O"}]}, {"base_span": [292, 304], "annotations": [{"nertag": "O"}]}, {"base_span": [305, 310], "annotations": [{"nertag": "B-PER"}]}, {"base_span": [311, 315], "annotations": [{"nertag": "I-PER"}]}, {"base_span": [316, 318], "annotations": [{"nertag": "O"}]}, {"base_span": [319, 322], "annotations": [{"nertag": "B-PER"}]}, {"base_span": [323, 327], "annotations": [{"nertag": "I-PER"}]}, {"base_span": [328, 333], "annotations": [{"nertag": "O"}]}, {"base_span": [334, 339], "annotations": [{"nertag": "O"}]}, {"base_span": [340, 345], "annotations": [{"nertag": "O"}]}, {"base_span": [346, 350], "annotations": [{"nertag": "O"}]}, {"base_span": [351, 355], "annotations": [{"nertag": "O"}]}, {"base_span": [356, 360], "annotations": [{"nertag": "O"}]}, {"base_span": [361, 365], "annotations": [{"nertag": "O"}]}, {"base_span": [366, 374], "annotations": [{"nertag": "O"}]}, {"base_span": [375, 380], "annotations": [{"nertag": "O"}]}, {"base_span": [381, 388], "annotations": [{"nertag": "O"}]}, {"base_span": [388, 389], "annotations": [{"nertag": "O"}]}, {"base_span": [390, 394], "annotations": [{"nertag": "B-PER"}]}, {"base_span": [395, 399], "annotations": [{"nertag": "I-PER"}]}, {"base_span": [400, 405], "annotations": [{"nertag": "O"}]}, {"base_span": [407, 411], "annotations": [{"nertag": "O"}]}, {"base_span": [412, 416], "annotations": [{"nertag": "B-PER"}]}, {"base_span": [417, 421], "annotations": [{"nertag": "I-PER"}]}, {"base_span": [422, 428], "annotations": [{"nertag": "O"}]}, {"base_span": [429, 434], "annotations": [{"nertag": "O"}]}, {"base_span": [435, 437], "annotations": [{"nertag": "O"}]}, {"base_span": [438, 441], "annotations": [{"nertag": "O"}]}, {"base_span": [441, 442], "annotations": [{"nertag": "O"}]}, {"base_span": [443, 447], "annotations": [{"nertag": "O"}]}, {"base_span": [447, 448], "annotations": [{"nertag": "O"}]}, {"base_span": [449, 451], "annotations": [{"nertag": "O"}]}, {"base_span": [452, 456], "annotations": [{"nertag": "O"}]}, {"base_span": [456, 457], "annotations": [{"nertag": "O"}]}, {"base_span": [458, 463], "annotations": [{"nertag": "B-PER"}]}, {"base_span": [464, 471], "annotations": [{"nertag": "I-PER"}]}, {"base_span": [472, 481], "annotations": [{"nertag": "O"}]}, {"base_span": [482, 485], "annotations": [{"nertag": "O"}]}, {"base_span": [486, 492], "annotations": [{"nertag": "O"}]}, {"base_span": [492, 493], "annotations": [{"nertag": "O"}]}, {"base_span": [494, 499], "annotations": [{"nertag": "O"}]}, {"base_span": [499, 500], "annotations": [{"nertag": "O"}]}, {"base_span": [501, 503], "annotations": [{"nertag": "O"}]}, {"base_span": [504, 509], "annotations": [{"nertag": "O"}]}, {"base_span": [510, 519], "annotations": [{"nertag": "O"}]}, {"base_span": [520, 526], "annotations": [{"nertag": "O"}]}, {"base_span": [527, 535], "annotations": [{"nertag": "O"}]}, {"base_span": [536, 541], "annotations": [{"nertag": "O"}]}, {"base_span": [542, 547], "annotations": [{"nertag": "O"}]}, {"base_span": [548, 561], "annotations": [{"nertag": "O"}]}, {"base_span": [562, 565], "annotations": [{"nertag": "O"}]}, {"base_span": [566, 575], "annotations": [{"nertag": "O"}]}, {"base_span": [575, 576], "annotations": [{"nertag": "O"}]}, {"base_span": [577, 583], "annotations": [{"nertag": "O"}]}, {"base_span": [584, 587], "annotations": [{"nertag": "O"}]}, {"base_span": [588, 591], "annotations": [{"nertag": "O"}]}, {"base_span": [592, 596], "annotations": [{"nertag": "O"}]}, {"base_span": [597, 602], "annotations": [{"nertag": "O"}]}, {"base_span": [603, 606], "annotations": [{"nertag": "O"}]}, {"base_span": [606, 607], "annotations": [{"nertag": "O"}]}, {"base_span": [608, 612], "annotations": [{"nertag": "O"}]}, {"base_span": [614, 618], "annotations": [{"nertag": "O"}]}, {"base_span": [619, 622], "annotations": [{"nertag": "O"}]}, {"base_span": [623, 626], "annotations": [{"nertag": "O"}]}, {"base_span": [627, 633], "annotations": [{"nertag": "O"}]}, {"base_span": [634, 638], "annotations": [{"nertag": "O"}]}, {"base_span": [639, 644], "annotations": [{"nertag": "O"}]}, {"base_span": [645, 651], "annotations": [{"nertag": "O"}]}, {"base_span": [652, 656], "annotations": [{"nertag": "O"}]}, {"base_span": [657, 666], "annotations": [{"nertag": "O"}]}, {"base_span": [667, 678], "annotations": [{"nertag": "O"}]}, {"base_span": [679, 682], "annotations": [{"nertag": "O"}]}, {"base_span": [683, 690], "annotations": [{"nertag": "O"}]}, {"base_span": [690, 691], "annotations": [{"nertag": "O"}]}, {"base_span": [693, 697], "annotations": [{"nertag": "B-PER"}]}, {"base_span": [698, 702], "annotations": [{"nertag": "I-PER"}]}, {"base_span": [702, 703], "annotations": [{"nertag": "O"}]}, {"base_span": [703, 710], "annotations": [{"nertag": "O"}]}, {"base_span": [710, 711], "annotations": [{"nertag": "O"}]}, {"base_span": [711, 712], "annotations": [{"nertag": "O"}]}, {"base_span": [713, 718], "annotations": [{"nertag": "B-PER"}]}, {"base_span": [719, 723], "annotations": [{"nertag": "I-PER"}]}, {"base_span": [724, 727], "annotations": [{"nertag": "O"}]}, {"base_span": [728, 731], "annotations": [{"nertag": "B-PER"}]}, {"base_span": [732, 736], "annotations": [{"nertag": "I-PER"}]}, {"base_span": [736, 737], "annotations": [{"nertag": "O"}]}, {"base_span": [737, 744], "annotations": [{"nertag": "O"}]}, {"base_span": [744, 745], "annotations": [{"nertag": "O"}]}]}]}