{"text": "\nKaibas Moisawallitsaja et Moisapoiss Jakob Kupri om Moisa Hobbesse Raudu 48 Tükki warrastanu ka Warriko Hindrikule münu ja andis Tunnistagiss ülles Prawosse Jaan Johan Nieländer ja Peter Killak.\n\nTunnistajad küssitud, wastotas: Johan Nieländer et Warriko Hindrik om kik ajasta ümber ommi obbessid lasknu wanna HobbesteRawadega, kette temma kottast ütten andnu, rawwutada; Prawosse Jaan: et temma om küll Jakob Kupri käest 20 Hobbesse rauda ostnu, ent mitte Warriko Indriko kätte andnu wait neid rauda Niidu päle unnetannu, kos nad praegi Lumme all ollewat. \n\nJakob Kupri ütles: et temma 20 hobbRaudu om Prawosse Jaanile münu.\n\nWarriko Indrik saljab, et temma ei olle mitte wannu Obb. Rauda Joh. Nielandrile satnu.\n\nPeter Killak, kes nüüd samma Moisapois on, ütles wälja, et Warriko Hindrik on kah temma käest küssinu Hobbesse Raudu osta, ent om Peter Killak Indrikule üttelnu, et temma ei tahha mitte Moisat warrastada ja ei olle mitte Warriko Indrikule Obbesse Raudu andnu.\n\nSai moistetud: Jakob Kupri saap 15 hopi Witsu ja maksab 1 Rubl. hob. Moisale Hobbesse raudu est. Prawosse Jaan maksab 3 Rubl. hõb. Waaste Ladiko sisse ja 1 Rubl. raua eest Moisale ja Warriko Indrik kui Perremees ja päleki kirriko wörmünder maksab 6 Rub. hõb. waasteladiko sisse.\n\nSe moistminne sai kulutud ja ütteldut, mis tullep tähhele panda, kui kohhut tahhab eddessi käwwa.\n\nPeter Issakson XXX Johan Laar XXX\n\nPeter Akkert XXX Widrik Harkmann XXX\n\nSe Protokoll sai wäljakirjutud Warriko Hindriko Tahtmisse ja Keiserlikko Kihhelkonna kohtu Kassu päle\n\nAhjal, sel 10mal Märzil 1860 (??)\n\n\n", "meta": {"origin_directory": "vallakohus_teine/"}, "layers": [{"name": "gold_ner", "attributes": ["nertag"], "parent": null, "enveloping": null, "ambiguous": false, "serialisation_module": null, "meta": {}, "spans": [{"base_span": [38, 49], "annotations": [{"nertag": "PER"}]}, {"base_span": [97, 104], "annotations": [{"nertag": "LOC_ORG"}]}, {"base_span": [105, 115], "annotations": [{"nertag": "PER"}]}, {"base_span": [149, 157], "annotations": [{"nertag": "LOC_ORG"}]}, {"base_span": [158, 162], "annotations": [{"nertag": "PER"}]}, {"base_span": [163, 178], "annotations": [{"nertag": "PER"}]}, {"base_span": [182, 194], "annotations": [{"nertag": "PER"}]}, {"base_span": [229, 244], "annotations": [{"nertag": "PER"}]}, {"base_span": [248, 255], "annotations": [{"nertag": "LOC_ORG"}]}, {"base_span": [256, 263], "annotations": [{"nertag": "PER"}]}, {"base_span": [373, 381], "annotations": [{"nertag": "LOC_ORG"}]}, {"base_span": [382, 386], "annotations": [{"nertag": "PER"}]}, {"base_span": [405, 416], "annotations": [{"nertag": "PER"}]}, {"base_span": [458, 465], "annotations": [{"nertag": "LOC_ORG"}]}, {"base_span": [466, 473], "annotations": [{"nertag": "PER"}]}, {"base_span": [560, 571], "annotations": [{"nertag": "PER"}]}, {"base_span": [604, 612], "annotations": [{"nertag": "LOC_ORG"}]}, {"base_span": [613, 620], "annotations": [{"nertag": "PER"}]}, {"base_span": [628, 635], "annotations": [{"nertag": "LOC_ORG"}]}, {"base_span": [636, 642], "annotations": [{"nertag": "PER"}]}, {"base_span": [691, 707], "annotations": [{"nertag": "PER"}]}, {"base_span": [716, 728], "annotations": [{"nertag": "PER"}]}, {"base_span": [775, 782], "annotations": [{"nertag": "LOC_ORG"}]}, {"base_span": [783, 790], "annotations": [{"nertag": "PER"}]}, {"base_span": [846, 858], "annotations": [{"nertag": "PER"}]}, {"base_span": [859, 868], "annotations": [{"nertag": "PER"}]}, {"base_span": [937, 944], "annotations": [{"nertag": "LOC_ORG"}]}, {"base_span": [945, 954], "annotations": [{"nertag": "PER"}]}, {"base_span": [992, 1003], "annotations": [{"nertag": "PER"}]}, {"base_span": [1074, 1082], "annotations": [{"nertag": "LOC_ORG"}]}, {"base_span": [1083, 1087], "annotations": [{"nertag": "PER"}]}, {"base_span": [1160, 1167], "annotations": [{"nertag": "LOC_ORG"}]}, {"base_span": [1168, 1174], "annotations": [{"nertag": "PER"}]}, {"base_span": [1356, 1370], "annotations": [{"nertag": "PER"}]}, {"base_span": [1375, 1385], "annotations": [{"nertag": "PER"}]}, {"base_span": [1391, 1403], "annotations": [{"nertag": "PER"}]}, {"base_span": [1408, 1423], "annotations": [{"nertag": "PER"}]}, {"base_span": [1460, 1467], "annotations": [{"nertag": "LOC_ORG"}]}, {"base_span": [1468, 1476], "annotations": [{"nertag": "PER"}]}, {"base_span": [1532, 1537], "annotations": [{"nertag": "LOC"}]}]}, {"name": "gold_wordner", "attributes": ["nertag"], "parent": null, "enveloping": null, "ambiguous": false, "serialisation_module": null, "meta": {}, "spans": [{"base_span": [1, 7], "annotations": [{"nertag": "O"}]}, {"base_span": [8, 23], "annotations": [{"nertag": "O"}]}, {"base_span": [24, 26], "annotations": [{"nertag": "O"}]}, {"base_span": [27, 37], "annotations": [{"nertag": "O"}]}, {"base_span": [38, 43], "annotations": [{"nertag": "B-PER"}]}, {"base_span": [44, 49], "annotations": [{"nertag": "I-PER"}]}, {"base_span": [50, 52], "annotations": [{"nertag": "O"}]}, {"base_span": [53, 58], "annotations": [{"nertag": "O"}]}, {"base_span": [59, 67], "annotations": [{"nertag": "O"}]}, {"base_span": [68, 73], "annotations": [{"nertag": "O"}]}, {"base_span": [74, 76], "annotations": [{"nertag": "O"}]}, {"base_span": [77, 82], "annotations": [{"nertag": "O"}]}, {"base_span": [83, 93], "annotations": [{"nertag": "O"}]}, {"base_span": [94, 96], "annotations": [{"nertag": "O"}]}, {"base_span": [97, 104], "annotations": [{"nertag": "B-LOC_ORG"}]}, {"base_span": [105, 115], "annotations": [{"nertag": "B-PER"}]}, {"base_span": [116, 120], "annotations": [{"nertag": "O"}]}, {"base_span": [121, 123], "annotations": [{"nertag": "O"}]}, {"base_span": [124, 129], "annotations": [{"nertag": "O"}]}, {"base_span": [130, 142], "annotations": [{"nertag": "O"}]}, {"base_span": [143, 148], "annotations": [{"nertag": "O"}]}, {"base_span": [149, 157], "annotations": [{"nertag": "B-LOC_ORG"}]}, {"base_span": [158, 162], "annotations": [{"nertag": "B-PER"}]}, {"base_span": [163, 168], "annotations": [{"nertag": "B-PER"}]}, {"base_span": [169, 178], "annotations": [{"nertag": "I-PER"}]}, {"base_span": [179, 181], "annotations": [{"nertag": "O"}]}, {"base_span": [182, 187], "annotations": [{"nertag": "B-PER"}]}, {"base_span": [188, 194], "annotations": [{"nertag": "I-PER"}]}, {"base_span": [194, 195], "annotations": [{"nertag": "O"}]}, {"base_span": [197, 208], "annotations": [{"nertag": "O"}]}, {"base_span": [209, 217], "annotations": [{"nertag": "O"}]}, {"base_span": [217, 218], "annotations": [{"nertag": "O"}]}, {"base_span": [219, 227], "annotations": [{"nertag": "O"}]}, {"base_span": [227, 228], "annotations": [{"nertag": "O"}]}, {"base_span": [229, 234], "annotations": [{"nertag": "B-PER"}]}, {"base_span": [235, 244], "annotations": [{"nertag": "I-PER"}]}, {"base_span": [245, 247], "annotations": [{"nertag": "O"}]}, {"base_span": [248, 255], "annotations": [{"nertag": "B-LOC_ORG"}]}, {"base_span": [256, 263], "annotations": [{"nertag": "B-PER"}]}, {"base_span": [264, 266], "annotations": [{"nertag": "O"}]}, {"base_span": [267, 270], "annotations": [{"nertag": "O"}]}, {"base_span": [271, 277], "annotations": [{"nertag": "O"}]}, {"base_span": [278, 283], "annotations": [{"nertag": "O"}]}, {"base_span": [284, 288], "annotations": [{"nertag": "O"}]}, {"base_span": [289, 297], "annotations": [{"nertag": "O"}]}, {"base_span": [298, 304], "annotations": [{"nertag": "O"}]}, {"base_span": [305, 310], "annotations": [{"nertag": "O"}]}, {"base_span": [311, 319], "annotations": [{"nertag": "O"}]}, {"base_span": [319, 327], "annotations": [{"nertag": "O"}]}, {"base_span": [327, 328], "annotations": [{"nertag": "O"}]}, {"base_span": [329, 334], "annotations": [{"nertag": "O"}]}, {"base_span": [335, 340], "annotations": [{"nertag": "O"}]}, {"base_span": [341, 348], "annotations": [{"nertag": "O"}]}, {"base_span": [349, 354], "annotations": [{"nertag": "O"}]}, {"base_span": [355, 360], "annotations": [{"nertag": "O"}]}, {"base_span": [360, 361], "annotations": [{"nertag": "O"}]}, {"base_span": [362, 371], "annotations": [{"nertag": "O"}]}, {"base_span": [371, 372], "annotations": [{"nertag": "O"}]}, {"base_span": [373, 381], "annotations": [{"nertag": "B-LOC_ORG"}]}, {"base_span": [382, 386], "annotations": [{"nertag": "B-PER"}]}, {"base_span": [386, 387], "annotations": [{"nertag": "O"}]}, {"base_span": [388, 390], "annotations": [{"nertag": "O"}]}, {"base_span": [391, 396], "annotations": [{"nertag": "O"}]}, {"base_span": [397, 399], "annotations": [{"nertag": "O"}]}, {"base_span": [400, 404], "annotations": [{"nertag": "O"}]}, {"base_span": [405, 410], "annotations": [{"nertag": "B-PER"}]}, {"base_span": [411, 416], "annotations": [{"nertag": "I-PER"}]}, {"base_span": [417, 422], "annotations": [{"nertag": "O"}]}, {"base_span": [423, 425], "annotations": [{"nertag": "O"}]}, {"base_span": [426, 434], "annotations": [{"nertag": "O"}]}, {"base_span": [435, 440], "annotations": [{"nertag": "O"}]}, {"base_span": [441, 446], "annotations": [{"nertag": "O"}]}, {"base_span": [446, 447], "annotations": [{"nertag": "O"}]}, {"base_span": [448, 451], "annotations": [{"nertag": "O"}]}, {"base_span": [452, 457], "annotations": [{"nertag": "O"}]}, {"base_span": [458, 465], "annotations": [{"nertag": "B-LOC_ORG"}]}, {"base_span": [466, 473], "annotations": [{"nertag": "B-PER"}]}, {"base_span": [474, 479], "annotations": [{"nertag": "O"}]}, {"base_span": [480, 485], "annotations": [{"nertag": "O"}]}, {"base_span": [486, 490], "annotations": [{"nertag": "O"}]}, {"base_span": [491, 495], "annotations": [{"nertag": "O"}]}, {"base_span": [496, 501], "annotations": [{"nertag": "O"}]}, {"base_span": [502, 507], "annotations": [{"nertag": "O"}]}, {"base_span": [508, 512], "annotations": [{"nertag": "O"}]}, {"base_span": [513, 522], "annotations": [{"nertag": "O"}]}, {"base_span": [522, 523], "annotations": [{"nertag": "O"}]}, {"base_span": [524, 527], "annotations": [{"nertag": "O"}]}, {"base_span": [528, 531], "annotations": [{"nertag": "O"}]}, {"base_span": [532, 538], "annotations": [{"nertag": "O"}]}, {"base_span": [539, 544], "annotations": [{"nertag": "O"}]}, {"base_span": [545, 548], "annotations": [{"nertag": "O"}]}, {"base_span": [549, 556], "annotations": [{"nertag": "O"}]}, {"base_span": [556, 557], "annotations": [{"nertag": "O"}]}, {"base_span": [560, 565], "annotations": [{"nertag": "B-PER"}]}, {"base_span": [566, 571], "annotations": [{"nertag": "I-PER"}]}, {"base_span": [572, 577], "annotations": [{"nertag": "O"}]}, {"base_span": [577, 578], "annotations": [{"nertag": "O"}]}, {"base_span": [579, 581], "annotations": [{"nertag": "O"}]}, {"base_span": [582, 587], "annotations": [{"nertag": "O"}]}, {"base_span": [588, 590], "annotations": [{"nertag": "O"}]}, {"base_span": [591, 600], "annotations": [{"nertag": "O"}]}, {"base_span": [601, 603], "annotations": [{"nertag": "O"}]}, {"base_span": [604, 612], "annotations": [{"nertag": "B-LOC_ORG"}]}, {"base_span": [613, 620], "annotations": [{"nertag": "B-PER"}]}, {"base_span": [621, 625], "annotations": [{"nertag": "O"}]}, {"base_span": [625, 626], "annotations": [{"nertag": "O"}]}, {"base_span": [628, 635], "annotations": [{"nertag": "B-LOC_ORG"}]}, {"base_span": [636, 642], "annotations": [{"nertag": "B-PER"}]}, {"base_span": [643, 649], "annotations": [{"nertag": "O"}]}, {"base_span": [649, 650], "annotations": [{"nertag": "O"}]}, {"base_span": [651, 653], "annotations": [{"nertag": "O"}]}, {"base_span": [654, 659], "annotations": [{"nertag": "O"}]}, {"base_span": [660, 662], "annotations": [{"nertag": "O"}]}, {"base_span": [663, 667], "annotations": [{"nertag": "O"}]}, {"base_span": [668, 673], "annotations": [{"nertag": "O"}]}, {"base_span": [674, 679], "annotations": [{"nertag": "O"}]}, {"base_span": [680, 683], "annotations": [{"nertag": "O"}]}, {"base_span": [683, 684], "annotations": [{"nertag": "O"}]}, {"base_span": [685, 690], "annotations": [{"nertag": "O"}]}, {"base_span": [691, 694], "annotations": [{"nertag": "B-PER"}]}, {"base_span": [694, 695], "annotations": [{"nertag": "I-PER"}]}, {"base_span": [696, 707], "annotations": [{"nertag": "I-PER"}]}, {"base_span": [708, 713], "annotations": [{"nertag": "O"}]}, {"base_span": [713, 714], "annotations": [{"nertag": "O"}]}, {"base_span": [716, 721], "annotations": [{"nertag": "B-PER"}]}, {"base_span": [722, 728], "annotations": [{"nertag": "I-PER"}]}, {"base_span": [728, 729], "annotations": [{"nertag": "O"}]}, {"base_span": [730, 733], "annotations": [{"nertag": "O"}]}, {"base_span": [734, 738], "annotations": [{"nertag": "O"}]}, {"base_span": [739, 744], "annotations": [{"nertag": "O"}]}, {"base_span": [745, 754], "annotations": [{"nertag": "O"}]}, {"base_span": [755, 757], "annotations": [{"nertag": "O"}]}, {"base_span": [757, 758], "annotations": [{"nertag": "O"}]}, {"base_span": [759, 764], "annotations": [{"nertag": "O"}]}, {"base_span": [765, 770], "annotations": [{"nertag": "O"}]}, {"base_span": [770, 771], "annotations": [{"nertag": "O"}]}, {"base_span": [772, 774], "annotations": [{"nertag": "O"}]}, {"base_span": [775, 782], "annotations": [{"nertag": "B-LOC_ORG"}]}, {"base_span": [783, 790], "annotations": [{"nertag": "B-PER"}]}, {"base_span": [791, 793], "annotations": [{"nertag": "O"}]}, {"base_span": [794, 797], "annotations": [{"nertag": "O"}]}, {"base_span": [798, 803], "annotations": [{"nertag": "O"}]}, {"base_span": [804, 809], "annotations": [{"nertag": "O"}]}, {"base_span": [810, 817], "annotations": [{"nertag": "O"}]}, {"base_span": [818, 826], "annotations": [{"nertag": "O"}]}, {"base_span": [827, 832], "annotations": [{"nertag": "O"}]}, {"base_span": [833, 837], "annotations": [{"nertag": "O"}]}, {"base_span": [837, 838], "annotations": [{"nertag": "O"}]}, {"base_span": [839, 842], "annotations": [{"nertag": "O"}]}, {"base_span": [843, 845], "annotations": [{"nertag": "O"}]}, {"base_span": [846, 851], "annotations": [{"nertag": "B-PER"}]}, {"base_span": [852, 858], "annotations": [{"nertag": "I-PER"}]}, {"base_span": [859, 868], "annotations": [{"nertag": "B-PER"}]}, {"base_span": [869, 876], "annotations": [{"nertag": "O"}]}, {"base_span": [876, 877], "annotations": [{"nertag": "O"}]}, {"base_span": [878, 880], "annotations": [{"nertag": "O"}]}, {"base_span": [881, 886], "annotations": [{"nertag": "O"}]}, {"base_span": [887, 889], "annotations": [{"nertag": "O"}]}, {"base_span": [890, 895], "annotations": [{"nertag": "O"}]}, {"base_span": [896, 901], "annotations": [{"nertag": "O"}]}, {"base_span": [902, 908], "annotations": [{"nertag": "O"}]}, {"base_span": [909, 919], "annotations": [{"nertag": "O"}]}, {"base_span": [920, 922], "annotations": [{"nertag": "O"}]}, {"base_span": [923, 925], "annotations": [{"nertag": "O"}]}, {"base_span": [926, 930], "annotations": [{"nertag": "O"}]}, {"base_span": [931, 936], "annotations": [{"nertag": "O"}]}, {"base_span": [937, 944], "annotations": [{"nertag": "B-LOC_ORG"}]}, {"base_span": [945, 954], "annotations": [{"nertag": "B-PER"}]}, {"base_span": [955, 962], "annotations": [{"nertag": "O"}]}, {"base_span": [963, 968], "annotations": [{"nertag": "O"}]}, {"base_span": [969, 974], "annotations": [{"nertag": "O"}]}, {"base_span": [974, 975], "annotations": [{"nertag": "O"}]}, {"base_span": [977, 980], "annotations": [{"nertag": "O"}]}, {"base_span": [981, 990], "annotations": [{"nertag": "O"}]}, {"base_span": [990, 991], "annotations": [{"nertag": "O"}]}, {"base_span": [992, 997], "annotations": [{"nertag": "B-PER"}]}, {"base_span": [998, 1003], "annotations": [{"nertag": "I-PER"}]}, {"base_span": [1004, 1008], "annotations": [{"nertag": "O"}]}, {"base_span": [1009, 1011], "annotations": [{"nertag": "O"}]}, {"base_span": [1012, 1016], "annotations": [{"nertag": "O"}]}, {"base_span": [1017, 1022], "annotations": [{"nertag": "O"}]}, {"base_span": [1023, 1025], "annotations": [{"nertag": "O"}]}, {"base_span": [1026, 1032], "annotations": [{"nertag": "O"}]}, {"base_span": [1033, 1034], "annotations": [{"nertag": "O"}]}, {"base_span": [1035, 1039], "annotations": [{"nertag": "O"}]}, {"base_span": [1039, 1040], "annotations": [{"nertag": "O"}]}, {"base_span": [1041, 1044], "annotations": [{"nertag": "O"}]}, {"base_span": [1044, 1045], "annotations": [{"nertag": "O"}]}, {"base_span": [1046, 1053], "annotations": [{"nertag": "O"}]}, {"base_span": [1054, 1062], "annotations": [{"nertag": "O"}]}, {"base_span": [1063, 1068], "annotations": [{"nertag": "O"}]}, {"base_span": [1069, 1072], "annotations": [{"nertag": "O"}]}, {"base_span": [1072, 1073], "annotations": [{"nertag": "O"}]}, {"base_span": [1074, 1082], "annotations": [{"nertag": "B-LOC_ORG"}]}, {"base_span": [1083, 1087], "annotations": [{"nertag": "B-PER"}]}, {"base_span": [1088, 1094], "annotations": [{"nertag": "O"}]}, {"base_span": [1095, 1096], "annotations": [{"nertag": "O"}]}, {"base_span": [1097, 1101], "annotations": [{"nertag": "O"}]}, {"base_span": [1101, 1102], "annotations": [{"nertag": "O"}]}, {"base_span": [1103, 1106], "annotations": [{"nertag": "O"}]}, {"base_span": [1106, 1107], "annotations": [{"nertag": "O"}]}, {"base_span": [1108, 1114], "annotations": [{"nertag": "O"}]}, {"base_span": [1115, 1121], "annotations": [{"nertag": "O"}]}, {"base_span": [1122, 1127], "annotations": [{"nertag": "O"}]}, {"base_span": [1128, 1130], "annotations": [{"nertag": "O"}]}, {"base_span": [1131, 1132], "annotations": [{"nertag": "O"}]}, {"base_span": [1133, 1137], "annotations": [{"nertag": "O"}]}, {"base_span": [1137, 1138], "annotations": [{"nertag": "O"}]}, {"base_span": [1139, 1143], "annotations": [{"nertag": "O"}]}, {"base_span": [1144, 1148], "annotations": [{"nertag": "O"}]}, {"base_span": [1149, 1156], "annotations": [{"nertag": "O"}]}, {"base_span": [1157, 1159], "annotations": [{"nertag": "O"}]}, {"base_span": [1160, 1167], "annotations": [{"nertag": "B-LOC_ORG"}]}, {"base_span": [1168, 1174], "annotations": [{"nertag": "B-PER"}]}, {"base_span": [1175, 1178], "annotations": [{"nertag": "O"}]}, {"base_span": [1179, 1188], "annotations": [{"nertag": "O"}]}, {"base_span": [1189, 1191], "annotations": [{"nertag": "O"}]}, {"base_span": [1192, 1198], "annotations": [{"nertag": "O"}]}, {"base_span": [1199, 1206], "annotations": [{"nertag": "O"}]}, {"base_span": [1207, 1216], "annotations": [{"nertag": "O"}]}, {"base_span": [1217, 1223], "annotations": [{"nertag": "O"}]}, {"base_span": [1224, 1225], "annotations": [{"nertag": "O"}]}, {"base_span": [1226, 1229], "annotations": [{"nertag": "O"}]}, {"base_span": [1229, 1230], "annotations": [{"nertag": "O"}]}, {"base_span": [1231, 1234], "annotations": [{"nertag": "O"}]}, {"base_span": [1234, 1235], "annotations": [{"nertag": "O"}]}, {"base_span": [1236, 1248], "annotations": [{"nertag": "O"}]}, {"base_span": [1249, 1254], "annotations": [{"nertag": "O"}]}, {"base_span": [1254, 1255], "annotations": [{"nertag": "O"}]}, {"base_span": [1257, 1259], "annotations": [{"nertag": "O"}]}, {"base_span": [1260, 1270], "annotations": [{"nertag": "O"}]}, {"base_span": [1271, 1274], "annotations": [{"nertag": "O"}]}, {"base_span": [1275, 1282], "annotations": [{"nertag": "O"}]}, {"base_span": [1283, 1285], "annotations": [{"nertag": "O"}]}, {"base_span": [1286, 1294], "annotations": [{"nertag": "O"}]}, {"base_span": [1294, 1295], "annotations": [{"nertag": "O"}]}, {"base_span": [1296, 1299], "annotations": [{"nertag": "O"}]}, {"base_span": [1300, 1306], "annotations": [{"nertag": "O"}]}, {"base_span": [1307, 1314], "annotations": [{"nertag": "O"}]}, {"base_span": [1315, 1320], "annotations": [{"nertag": "O"}]}, {"base_span": [1320, 1321], "annotations": [{"nertag": "O"}]}, {"base_span": [1322, 1325], "annotations": [{"nertag": "O"}]}, {"base_span": [1326, 1332], "annotations": [{"nertag": "O"}]}, {"base_span": [1333, 1339], "annotations": [{"nertag": "O"}]}, {"base_span": [1340, 1347], "annotations": [{"nertag": "O"}]}, {"base_span": [1348, 1353], "annotations": [{"nertag": "O"}]}, {"base_span": [1353, 1354], "annotations": [{"nertag": "O"}]}, {"base_span": [1356, 1361], "annotations": [{"nertag": "B-PER"}]}, {"base_span": [1362, 1370], "annotations": [{"nertag": "I-PER"}]}, {"base_span": [1371, 1374], "annotations": [{"nertag": "O"}]}, {"base_span": [1375, 1380], "annotations": [{"nertag": "B-PER"}]}, {"base_span": [1381, 1385], "annotations": [{"nertag": "I-PER"}]}, {"base_span": [1386, 1389], "annotations": [{"nertag": "O"}]}, {"base_span": [1391, 1396], "annotations": [{"nertag": "B-PER"}]}, {"base_span": [1397, 1403], "annotations": [{"nertag": "I-PER"}]}, {"base_span": [1404, 1407], "annotations": [{"nertag": "O"}]}, {"base_span": [1408, 1414], "annotations": [{"nertag": "B-PER"}]}, {"base_span": [1415, 1423], "annotations": [{"nertag": "I-PER"}]}, {"base_span": [1424, 1427], "annotations": [{"nertag": "O"}]}, {"base_span": [1429, 1431], "annotations": [{"nertag": "O"}]}, {"base_span": [1432, 1441], "annotations": [{"nertag": "O"}]}, {"base_span": [1442, 1445], "annotations": [{"nertag": "O"}]}, {"base_span": [1446, 1459], "annotations": [{"nertag": "O"}]}, {"base_span": [1460, 1467], "annotations": [{"nertag": "B-LOC_ORG"}]}, {"base_span": [1468, 1476], "annotations": [{"nertag": "B-PER"}]}, {"base_span": [1477, 1486], "annotations": [{"nertag": "O"}]}, {"base_span": [1487, 1489], "annotations": [{"nertag": "O"}]}, {"base_span": [1490, 1501], "annotations": [{"nertag": "O"}]}, {"base_span": [1502, 1513], "annotations": [{"nertag": "O"}]}, {"base_span": [1514, 1519], "annotations": [{"nertag": "O"}]}, {"base_span": [1520, 1525], "annotations": [{"nertag": "O"}]}, {"base_span": [1526, 1530], "annotations": [{"nertag": "O"}]}, {"base_span": [1532, 1537], "annotations": [{"nertag": "B-LOC"}]}, {"base_span": [1537, 1538], "annotations": [{"nertag": "O"}]}, {"base_span": [1539, 1542], "annotations": [{"nertag": "O"}]}, {"base_span": [1543, 1548], "annotations": [{"nertag": "O"}]}, {"base_span": [1549, 1555], "annotations": [{"nertag": "O"}]}, {"base_span": [1556, 1560], "annotations": [{"nertag": "O"}]}, {"base_span": [1561, 1562], "annotations": [{"nertag": "O"}]}, {"base_span": [1562, 1563], "annotations": [{"nertag": "O"}]}, {"base_span": [1563, 1564], "annotations": [{"nertag": "O"}]}, {"base_span": [1564, 1565], "annotations": [{"nertag": "O"}]}]}]}