{"text": "\nTuli ette Hendrik Mägi ja andis protokolli täientuseks sest 6 Märtsist 1892 a. No 9 ja 1893 a. No 14 all ülesse et tema Gotlieb Mägi käest on kätte saanud:\n\n1 wakk rükkid\n  \n\n1 wakk keswi\n  \n\n10 wakka kartohwlid\n  \n\n1 1/3 wakka linaseemnid\n  \n\n10 naela sia raswa\n  \n\n1/4 wakka ernid\n  \n\n20 rbl. puhast raha (:kakskümend rbl:)\n  \n\nEt se nõnda on kirjutab alla.\n\nHendrik Mägi, aga et kirjutada ei mõista kirjutas tema palwel alla:\n\nJohan Willak &lt;allkiri&gt;\n\nEt Kohus wastasid pooli tunneb saab seega tunnistatud.\n\nEesistuja J Kooskord &lt;allkiri&gt;\n\nkirjutaja Puusepp &lt;allkiri&gt;\n\n\n", "meta": {"origin_directory": "vallakohus_kolmas/"}, "layers": [{"name": "gold_ner", "attributes": ["nertag"], "parent": null, "enveloping": null, "ambiguous": false, "serialisation_module": null, "meta": {}, "spans": [{"base_span": [11, 23], "annotations": [{"nertag": "PER"}]}, {"base_span": [121, 133], "annotations": [{"nertag": "PER"}]}, {"base_span": [362, 374], "annotations": [{"nertag": "PER"}]}, {"base_span": [431, 443], "annotations": [{"nertag": "PER"}]}, {"base_span": [527, 537], "annotations": [{"nertag": "PER"}]}, {"base_span": [565, 572], "annotations": [{"nertag": "PER"}]}]}, {"name": "gold_wordner", "attributes": ["nertag"], "parent": null, "enveloping": null, "ambiguous": false, "serialisation_module": null, "meta": {}, "spans": [{"base_span": [1, 5], "annotations": [{"nertag": "O"}]}, {"base_span": [6, 10], "annotations": [{"nertag": "O"}]}, {"base_span": [11, 18], "annotations": [{"nertag": "B-PER"}]}, {"base_span": [19, 23], "annotations": [{"nertag": "I-PER"}]}, {"base_span": [24, 26], "annotations": [{"nertag": "O"}]}, {"base_span": [27, 32], "annotations": [{"nertag": "O"}]}, {"base_span": [33, 43], "annotations": [{"nertag": "O"}]}, {"base_span": [44, 55], "annotations": [{"nertag": "O"}]}, {"base_span": [56, 60], "annotations": [{"nertag": "O"}]}, {"base_span": [61, 62], "annotations": [{"nertag": "O"}]}, {"base_span": [63, 71], "annotations": [{"nertag": "O"}]}, {"base_span": [72, 76], "annotations": [{"nertag": "O"}]}, {"base_span": [77, 78], "annotations": [{"nertag": "O"}]}, {"base_span": [78, 79], "annotations": [{"nertag": "O"}]}, {"base_span": [80, 82], "annotations": [{"nertag": "O"}]}, {"base_span": [83, 84], "annotations": [{"nertag": "O"}]}, {"base_span": [85, 87], "annotations": [{"nertag": "O"}]}, {"base_span": [88, 92], "annotations": [{"nertag": "O"}]}, {"base_span": [93, 94], "annotations": [{"nertag": "O"}]}, {"base_span": [94, 95], "annotations": [{"nertag": "O"}]}, {"base_span": [96, 98], "annotations": [{"nertag": "O"}]}, {"base_span": [99, 101], "annotations": [{"nertag": "O"}]}, {"base_span": [102, 105], "annotations": [{"nertag": "O"}]}, {"base_span": [106, 112], "annotations": [{"nertag": "O"}]}, {"base_span": [113, 115], "annotations": [{"nertag": "O"}]}, {"base_span": [116, 120], "annotations": [{"nertag": "O"}]}, {"base_span": [121, 128], "annotations": [{"nertag": "B-PER"}]}, {"base_span": [129, 133], "annotations": [{"nertag": "I-PER"}]}, {"base_span": [134, 139], "annotations": [{"nertag": "O"}]}, {"base_span": [140, 142], "annotations": [{"nertag": "O"}]}, {"base_span": [143, 148], "annotations": [{"nertag": "O"}]}, {"base_span": [149, 155], "annotations": [{"nertag": "O"}]}, {"base_span": [155, 156], "annotations": [{"nertag": "O"}]}, {"base_span": [158, 159], "annotations": [{"nertag": "O"}]}, {"base_span": [160, 164], "annotations": [{"nertag": "O"}]}, {"base_span": [165, 171], "annotations": [{"nertag": "O"}]}, {"base_span": [176, 177], "annotations": [{"nertag": "O"}]}, {"base_span": [178, 182], "annotations": [{"nertag": "O"}]}, {"base_span": [183, 188], "annotations": [{"nertag": "O"}]}, {"base_span": [193, 195], "annotations": [{"nertag": "O"}]}, {"base_span": [196, 201], "annotations": [{"nertag": "O"}]}, {"base_span": [202, 212], "annotations": [{"nertag": "O"}]}, {"base_span": [217, 218], "annotations": [{"nertag": "O"}]}, {"base_span": [219, 220], "annotations": [{"nertag": "O"}]}, {"base_span": [220, 221], "annotations": [{"nertag": "O"}]}, {"base_span": [221, 222], "annotations": [{"nertag": "O"}]}, {"base_span": [223, 228], "annotations": [{"nertag": "O"}]}, {"base_span": [229, 240], "annotations": [{"nertag": "O"}]}, {"base_span": [245, 247], "annotations": [{"nertag": "O"}]}, {"base_span": [248, 253], "annotations": [{"nertag": "O"}]}, {"base_span": [254, 257], "annotations": [{"nertag": "O"}]}, {"base_span": [258, 263], "annotations": [{"nertag": "O"}]}, {"base_span": [268, 269], "annotations": [{"nertag": "O"}]}, {"base_span": [269, 270], "annotations": [{"nertag": "O"}]}, {"base_span": [270, 271], "annotations": [{"nertag": "O"}]}, {"base_span": [272, 277], "annotations": [{"nertag": "O"}]}, {"base_span": [278, 283], "annotations": [{"nertag": "O"}]}, {"base_span": [288, 290], "annotations": [{"nertag": "O"}]}, {"base_span": [291, 294], "annotations": [{"nertag": "O"}]}, {"base_span": [294, 295], "annotations": [{"nertag": "O"}]}, {"base_span": [296, 302], "annotations": [{"nertag": "O"}]}, {"base_span": [303, 307], "annotations": [{"nertag": "O"}]}, {"base_span": [308, 309], "annotations": [{"nertag": "O"}]}, {"base_span": [309, 310], "annotations": [{"nertag": "O"}]}, {"base_span": [310, 320], "annotations": [{"nertag": "O"}]}, {"base_span": [321, 324], "annotations": [{"nertag": "O"}]}, {"base_span": [324, 326], "annotations": [{"nertag": "O"}]}, {"base_span": [331, 333], "annotations": [{"nertag": "O"}]}, {"base_span": [334, 336], "annotations": [{"nertag": "O"}]}, {"base_span": [337, 342], "annotations": [{"nertag": "O"}]}, {"base_span": [343, 345], "annotations": [{"nertag": "O"}]}, {"base_span": [346, 354], "annotations": [{"nertag": "O"}]}, {"base_span": [355, 359], "annotations": [{"nertag": "O"}]}, {"base_span": [359, 360], "annotations": [{"nertag": "O"}]}, {"base_span": [362, 369], "annotations": [{"nertag": "B-PER"}]}, {"base_span": [370, 374], "annotations": [{"nertag": "I-PER"}]}, {"base_span": [374, 375], "annotations": [{"nertag": "O"}]}, {"base_span": [376, 379], "annotations": [{"nertag": "O"}]}, {"base_span": [380, 382], "annotations": [{"nertag": "O"}]}, {"base_span": [383, 392], "annotations": [{"nertag": "O"}]}, {"base_span": [393, 395], "annotations": [{"nertag": "O"}]}, {"base_span": [396, 402], "annotations": [{"nertag": "O"}]}, {"base_span": [403, 411], "annotations": [{"nertag": "O"}]}, {"base_span": [412, 416], "annotations": [{"nertag": "O"}]}, {"base_span": [417, 423], "annotations": [{"nertag": "O"}]}, {"base_span": [424, 428], "annotations": [{"nertag": "O"}]}, {"base_span": [428, 429], "annotations": [{"nertag": "O"}]}, {"base_span": [431, 436], "annotations": [{"nertag": "B-PER"}]}, {"base_span": [437, 443], "annotations": [{"nertag": "I-PER"}]}, {"base_span": [444, 445], "annotations": [{"nertag": "O"}]}, {"base_span": [445, 447], "annotations": [{"nertag": "O"}]}, {"base_span": [447, 448], "annotations": [{"nertag": "O"}]}, {"base_span": [448, 455], "annotations": [{"nertag": "O"}]}, {"base_span": [455, 456], "annotations": [{"nertag": "O"}]}, {"base_span": [456, 458], "annotations": [{"nertag": "O"}]}, {"base_span": [458, 459], "annotations": [{"nertag": "O"}]}, {"base_span": [461, 463], "annotations": [{"nertag": "O"}]}, {"base_span": [464, 469], "annotations": [{"nertag": "O"}]}, {"base_span": [470, 478], "annotations": [{"nertag": "O"}]}, {"base_span": [479, 484], "annotations": [{"nertag": "O"}]}, {"base_span": [485, 491], "annotations": [{"nertag": "O"}]}, {"base_span": [492, 496], "annotations": [{"nertag": "O"}]}, {"base_span": [497, 502], "annotations": [{"nertag": "O"}]}, {"base_span": [503, 514], "annotations": [{"nertag": "O"}]}, {"base_span": [514, 515], "annotations": [{"nertag": "O"}]}, {"base_span": [517, 526], "annotations": [{"nertag": "O"}]}, {"base_span": [527, 528], "annotations": [{"nertag": "B-PER"}]}, {"base_span": [529, 537], "annotations": [{"nertag": "I-PER"}]}, {"base_span": [538, 539], "annotations": [{"nertag": "O"}]}, {"base_span": [539, 541], "annotations": [{"nertag": "O"}]}, {"base_span": [541, 542], "annotations": [{"nertag": "O"}]}, {"base_span": [542, 549], "annotations": [{"nertag": "O"}]}, {"base_span": [549, 550], "annotations": [{"nertag": "O"}]}, {"base_span": [550, 552], "annotations": [{"nertag": "O"}]}, {"base_span": [552, 553], "annotations": [{"nertag": "O"}]}, {"base_span": [555, 564], "annotations": [{"nertag": "O"}]}, {"base_span": [565, 572], "annotations": [{"nertag": "B-PER"}]}, {"base_span": [573, 574], "annotations": [{"nertag": "O"}]}, {"base_span": [574, 576], "annotations": [{"nertag": "O"}]}, {"base_span": [576, 577], "annotations": [{"nertag": "O"}]}, {"base_span": [577, 584], "annotations": [{"nertag": "O"}]}, {"base_span": [584, 585], "annotations": [{"nertag": "O"}]}, {"base_span": [585, 587], "annotations": [{"nertag": "O"}]}, {"base_span": [587, 588], "annotations": [{"nertag": "O"}]}]}]}