{"text": "\nFeodor Saweljew Kromanow kaebab omma poea Iwani peale, temma neaene on ärrasurnud, ja üks maea hoowiga mahhajätnud, wäärt 100 rubla, ja kui poeg se maea üksi ommale nõuab, pallub kohhut, et temma pool maea ommale saaks.\n\nIwan Kromanow kostab, et se maea olla temma emma maea kes surnud ärra olla, ja olla temma se üksik poeg, tüttar mehhele lähnud ja näitab maea ostmise pabber sest 10. Februarist 1857 ette, kelle järrele temma emma Anna Jakowlewa se maea Irinja Sidorowa kaest on ostnud. Ka on se ostmine koggukonna kohtu poolt ostetud.\n\nKoggukonna kohhus on se maea ärratakseerinud 100. rubla hinna alla ja olla wõimalik pooliti sees ellada\n\nKohhus mõistis:\n\nSe kaddunud naese järrele jänud warrandus, maea, ait ja laut tullewad nenda jaotud, et Feodor Kromanow saab Allatskiwwi moisa pool ollewa maea poole ommale ja aida ja poeg Iwan lauda ja Kokkora piiri pool ollewa maea poole. Uks saab maeal wahhelt kinni, ja peawad maea ühhes kõbbima ja ahju teggema\n\n/:Otsus kulutud sel 30. Aprillil 1881. a. Tallorahwa seaduse juhhatusel, ja oppuse kirjad wäljaantud :/ Iwan Feodorow Kromanow kulutas sel 2. Mail c. et otsusega rahhule ei olle, mis peale kohhe appellatsioni kirri wälja antud sai.\n\nA. Krimm, [Allkiri], pea\n\nxxx Tawet Kook, kohtumees\n\nxxx Joosep Maddi, \"\n\n\n", "meta": {"origin_directory": "vallakohus_kolmas/"}, "layers": [{"name": "gold_ner", "attributes": ["nertag"], "parent": null, "enveloping": null, "ambiguous": false, "serialisation_module": null, "meta": {}, "spans": [{"base_span": [1, 25], "annotations": [{"nertag": "PER"}]}, {"base_span": [43, 48], "annotations": [{"nertag": "PER"}]}, {"base_span": [222, 235], "annotations": [{"nertag": "PER"}]}, {"base_span": [435, 449], "annotations": [{"nertag": "PER"}]}, {"base_span": [458, 473], "annotations": [{"nertag": "PER"}]}, {"base_span": [750, 765], "annotations": [{"nertag": "PER"}]}, {"base_span": [771, 788], "annotations": [{"nertag": "LOC_ORG"}]}, {"base_span": [835, 839], "annotations": [{"nertag": "PER"}]}, {"base_span": [849, 856], "annotations": [{"nertag": "LOC"}]}, {"base_span": [1005, 1023], "annotations": [{"nertag": "MISC"}]}, {"base_span": [1067, 1089], "annotations": [{"nertag": "PER"}]}, {"base_span": [1196, 1204], "annotations": [{"nertag": "PER"}]}, {"base_span": [1226, 1236], "annotations": [{"nertag": "PER"}]}, {"base_span": [1253, 1265], "annotations": [{"nertag": "PER"}]}]}, {"name": "gold_wordner", "attributes": ["nertag"], "parent": null, "enveloping": null, "ambiguous": false, "serialisation_module": null, "meta": {}, "spans": [{"base_span": [1, 7], "annotations": [{"nertag": "B-PER"}]}, {"base_span": [8, 16], "annotations": [{"nertag": "I-PER"}]}, {"base_span": [17, 25], "annotations": [{"nertag": "I-PER"}]}, {"base_span": [26, 32], "annotations": [{"nertag": "O"}]}, {"base_span": [33, 37], "annotations": [{"nertag": "O"}]}, {"base_span": [38, 42], "annotations": [{"nertag": "O"}]}, {"base_span": [43, 48], "annotations": [{"nertag": "B-PER"}]}, {"base_span": [49, 54], "annotations": [{"nertag": "O"}]}, {"base_span": [54, 55], "annotations": [{"nertag": "O"}]}, {"base_span": [56, 61], "annotations": [{"nertag": "O"}]}, {"base_span": [62, 68], "annotations": [{"nertag": "O"}]}, {"base_span": [69, 71], "annotations": [{"nertag": "O"}]}, {"base_span": [72, 82], "annotations": [{"nertag": "O"}]}, {"base_span": [82, 83], "annotations": [{"nertag": "O"}]}, {"base_span": [84, 86], "annotations": [{"nertag": "O"}]}, {"base_span": [87, 90], "annotations": [{"nertag": "O"}]}, {"base_span": [91, 95], "annotations": [{"nertag": "O"}]}, {"base_span": [96, 103], "annotations": [{"nertag": "O"}]}, {"base_span": [104, 115], "annotations": [{"nertag": "O"}]}, {"base_span": [115, 116], "annotations": [{"nertag": "O"}]}, {"base_span": [117, 122], "annotations": [{"nertag": "O"}]}, {"base_span": [123, 126], "annotations": [{"nertag": "O"}]}, {"base_span": [127, 132], "annotations": [{"nertag": "O"}]}, {"base_span": [132, 133], "annotations": [{"nertag": "O"}]}, {"base_span": [134, 136], "annotations": [{"nertag": "O"}]}, {"base_span": [137, 140], "annotations": [{"nertag": "O"}]}, {"base_span": [141, 145], "annotations": [{"nertag": "O"}]}, {"base_span": [146, 148], "annotations": [{"nertag": "O"}]}, {"base_span": [149, 153], "annotations": [{"nertag": "O"}]}, {"base_span": [154, 158], "annotations": [{"nertag": "O"}]}, {"base_span": [159, 165], "annotations": [{"nertag": "O"}]}, {"base_span": [166, 171], "annotations": [{"nertag": "O"}]}, {"base_span": [171, 172], "annotations": [{"nertag": "O"}]}, {"base_span": [173, 179], "annotations": [{"nertag": "O"}]}, {"base_span": [180, 186], "annotations": [{"nertag": "O"}]}, {"base_span": [186, 187], "annotations": [{"nertag": "O"}]}, {"base_span": [188, 190], "annotations": [{"nertag": "O"}]}, {"base_span": [191, 196], "annotations": [{"nertag": "O"}]}, {"base_span": [197, 201], "annotations": [{"nertag": "O"}]}, {"base_span": [202, 206], "annotations": [{"nertag": "O"}]}, {"base_span": [207, 213], "annotations": [{"nertag": "O"}]}, {"base_span": [214, 219], "annotations": [{"nertag": "O"}]}, {"base_span": [219, 220], "annotations": [{"nertag": "O"}]}, {"base_span": [222, 226], "annotations": [{"nertag": "B-PER"}]}, {"base_span": [227, 235], "annotations": [{"nertag": "I-PER"}]}, {"base_span": [236, 242], "annotations": [{"nertag": "O"}]}, {"base_span": [242, 243], "annotations": [{"nertag": "O"}]}, {"base_span": [244, 246], "annotations": [{"nertag": "O"}]}, {"base_span": [247, 249], "annotations": [{"nertag": "O"}]}, {"base_span": [250, 254], "annotations": [{"nertag": "O"}]}, {"base_span": [255, 259], "annotations": [{"nertag": "O"}]}, {"base_span": [260, 265], "annotations": [{"nertag": "O"}]}, {"base_span": [266, 270], "annotations": [{"nertag": "O"}]}, {"base_span": [271, 275], "annotations": [{"nertag": "O"}]}, {"base_span": [276, 279], "annotations": [{"nertag": "O"}]}, {"base_span": [280, 286], "annotations": [{"nertag": "O"}]}, {"base_span": [287, 291], "annotations": [{"nertag": "O"}]}, {"base_span": [292, 296], "annotations": [{"nertag": "O"}]}, {"base_span": [296, 297], "annotations": [{"nertag": "O"}]}, {"base_span": [298, 300], "annotations": [{"nertag": "O"}]}, {"base_span": [301, 305], "annotations": [{"nertag": "O"}]}, {"base_span": [306, 311], "annotations": [{"nertag": "O"}]}, {"base_span": [312, 314], "annotations": [{"nertag": "O"}]}, {"base_span": [315, 320], "annotations": [{"nertag": "O"}]}, {"base_span": [321, 325], "annotations": [{"nertag": "O"}]}, {"base_span": [325, 326], "annotations": [{"nertag": "O"}]}, {"base_span": [327, 333], "annotations": [{"nertag": "O"}]}, {"base_span": [334, 341], "annotations": [{"nertag": "O"}]}, {"base_span": [342, 348], "annotations": [{"nertag": "O"}]}, {"base_span": [349, 351], "annotations": [{"nertag": "O"}]}, {"base_span": [352, 358], "annotations": [{"nertag": "O"}]}, {"base_span": [359, 363], "annotations": [{"nertag": "O"}]}, {"base_span": [364, 371], "annotations": [{"nertag": "O"}]}, {"base_span": [372, 378], "annotations": [{"nertag": "O"}]}, {"base_span": [379, 383], "annotations": [{"nertag": "O"}]}, {"base_span": [384, 387], "annotations": [{"nertag": "O"}]}, {"base_span": [388, 398], "annotations": [{"nertag": "O"}]}, {"base_span": [399, 403], "annotations": [{"nertag": "O"}]}, {"base_span": [404, 408], "annotations": [{"nertag": "O"}]}, {"base_span": [408, 409], "annotations": [{"nertag": "O"}]}, {"base_span": [410, 415], "annotations": [{"nertag": "O"}]}, {"base_span": [416, 423], "annotations": [{"nertag": "O"}]}, {"base_span": [424, 429], "annotations": [{"nertag": "O"}]}, {"base_span": [430, 434], "annotations": [{"nertag": "O"}]}, {"base_span": [435, 439], "annotations": [{"nertag": "B-PER"}]}, {"base_span": [440, 449], "annotations": [{"nertag": "I-PER"}]}, {"base_span": [450, 452], "annotations": [{"nertag": "O"}]}, {"base_span": [453, 457], "annotations": [{"nertag": "O"}]}, {"base_span": [458, 464], "annotations": [{"nertag": "B-PER"}]}, {"base_span": [465, 473], "annotations": [{"nertag": "I-PER"}]}, {"base_span": [474, 479], "annotations": [{"nertag": "O"}]}, {"base_span": [480, 482], "annotations": [{"nertag": "O"}]}, {"base_span": [483, 489], "annotations": [{"nertag": "O"}]}, {"base_span": [489, 490], "annotations": [{"nertag": "O"}]}, {"base_span": [491, 493], "annotations": [{"nertag": "O"}]}, {"base_span": [494, 496], "annotations": [{"nertag": "O"}]}, {"base_span": [497, 499], "annotations": [{"nertag": "O"}]}, {"base_span": [500, 507], "annotations": [{"nertag": "O"}]}, {"base_span": [508, 518], "annotations": [{"nertag": "O"}]}, {"base_span": [519, 524], "annotations": [{"nertag": "O"}]}, {"base_span": [525, 530], "annotations": [{"nertag": "O"}]}, {"base_span": [531, 538], "annotations": [{"nertag": "O"}]}, {"base_span": [538, 539], "annotations": [{"nertag": "O"}]}, {"base_span": [541, 551], "annotations": [{"nertag": "O"}]}, {"base_span": [552, 558], "annotations": [{"nertag": "O"}]}, {"base_span": [559, 561], "annotations": [{"nertag": "O"}]}, {"base_span": [562, 564], "annotations": [{"nertag": "O"}]}, {"base_span": [565, 569], "annotations": [{"nertag": "O"}]}, {"base_span": [570, 585], "annotations": [{"nertag": "O"}]}, {"base_span": [586, 590], "annotations": [{"nertag": "O"}]}, {"base_span": [591, 596], "annotations": [{"nertag": "O"}]}, {"base_span": [597, 602], "annotations": [{"nertag": "O"}]}, {"base_span": [603, 607], "annotations": [{"nertag": "O"}]}, {"base_span": [608, 610], "annotations": [{"nertag": "O"}]}, {"base_span": [611, 615], "annotations": [{"nertag": "O"}]}, {"base_span": [616, 624], "annotations": [{"nertag": "O"}]}, {"base_span": [625, 632], "annotations": [{"nertag": "O"}]}, {"base_span": [633, 637], "annotations": [{"nertag": "O"}]}, {"base_span": [638, 644], "annotations": [{"nertag": "O"}]}, {"base_span": [646, 652], "annotations": [{"nertag": "O"}]}, {"base_span": [653, 660], "annotations": [{"nertag": "O"}]}, {"base_span": [660, 661], "annotations": [{"nertag": "O"}]}, {"base_span": [663, 665], "annotations": [{"nertag": "O"}]}, {"base_span": [666, 674], "annotations": [{"nertag": "O"}]}, {"base_span": [675, 680], "annotations": [{"nertag": "O"}]}, {"base_span": [681, 688], "annotations": [{"nertag": "O"}]}, {"base_span": [689, 694], "annotations": [{"nertag": "O"}]}, {"base_span": [695, 704], "annotations": [{"nertag": "O"}]}, {"base_span": [704, 705], "annotations": [{"nertag": "O"}]}, {"base_span": [706, 710], "annotations": [{"nertag": "O"}]}, {"base_span": [710, 711], "annotations": [{"nertag": "O"}]}, {"base_span": [712, 715], "annotations": [{"nertag": "O"}]}, {"base_span": [716, 718], "annotations": [{"nertag": "O"}]}, {"base_span": [719, 723], "annotations": [{"nertag": "O"}]}, {"base_span": [724, 732], "annotations": [{"nertag": "O"}]}, {"base_span": [733, 738], "annotations": [{"nertag": "O"}]}, {"base_span": [739, 745], "annotations": [{"nertag": "O"}]}, {"base_span": [745, 746], "annotations": [{"nertag": "O"}]}, {"base_span": [747, 749], "annotations": [{"nertag": "O"}]}, {"base_span": [750, 756], "annotations": [{"nertag": "B-PER"}]}, {"base_span": [757, 765], "annotations": [{"nertag": "I-PER"}]}, {"base_span": [766, 770], "annotations": [{"nertag": "O"}]}, {"base_span": [771, 782], "annotations": [{"nertag": "B-LOC_ORG"}]}, {"base_span": [783, 788], "annotations": [{"nertag": "I-LOC_ORG"}]}, {"base_span": [789, 793], "annotations": [{"nertag": "O"}]}, {"base_span": [794, 800], "annotations": [{"nertag": "O"}]}, {"base_span": [801, 805], "annotations": [{"nertag": "O"}]}, {"base_span": [806, 811], "annotations": [{"nertag": "O"}]}, {"base_span": [812, 818], "annotations": [{"nertag": "O"}]}, {"base_span": [819, 821], "annotations": [{"nertag": "O"}]}, {"base_span": [822, 826], "annotations": [{"nertag": "O"}]}, {"base_span": [827, 829], "annotations": [{"nertag": "O"}]}, {"base_span": [830, 834], "annotations": [{"nertag": "O"}]}, {"base_span": [835, 839], "annotations": [{"nertag": "B-PER"}]}, {"base_span": [840, 845], "annotations": [{"nertag": "O"}]}, {"base_span": [846, 848], "annotations": [{"nertag": "O"}]}, {"base_span": [849, 856], "annotations": [{"nertag": "B-LOC"}]}, {"base_span": [857, 862], "annotations": [{"nertag": "O"}]}, {"base_span": [863, 867], "annotations": [{"nertag": "O"}]}, {"base_span": [868, 874], "annotations": [{"nertag": "O"}]}, {"base_span": [875, 879], "annotations": [{"nertag": "O"}]}, {"base_span": [880, 885], "annotations": [{"nertag": "O"}]}, {"base_span": [885, 886], "annotations": [{"nertag": "O"}]}, {"base_span": [887, 890], "annotations": [{"nertag": "O"}]}, {"base_span": [891, 895], "annotations": [{"nertag": "O"}]}, {"base_span": [896, 901], "annotations": [{"nertag": "O"}]}, {"base_span": [902, 909], "annotations": [{"nertag": "O"}]}, {"base_span": [910, 915], "annotations": [{"nertag": "O"}]}, {"base_span": [915, 916], "annotations": [{"nertag": "O"}]}, {"base_span": [917, 919], "annotations": [{"nertag": "O"}]}, {"base_span": [920, 926], "annotations": [{"nertag": "O"}]}, {"base_span": [927, 931], "annotations": [{"nertag": "O"}]}, {"base_span": [932, 937], "annotations": [{"nertag": "O"}]}, {"base_span": [938, 945], "annotations": [{"nertag": "O"}]}, {"base_span": [946, 948], "annotations": [{"nertag": "O"}]}, {"base_span": [949, 953], "annotations": [{"nertag": "O"}]}, {"base_span": [954, 961], "annotations": [{"nertag": "O"}]}, {"base_span": [963, 964], "annotations": [{"nertag": "O"}]}, {"base_span": [964, 965], "annotations": [{"nertag": "O"}]}, {"base_span": [965, 970], "annotations": [{"nertag": "O"}]}, {"base_span": [971, 978], "annotations": [{"nertag": "O"}]}, {"base_span": [979, 982], "annotations": [{"nertag": "O"}]}, {"base_span": [983, 986], "annotations": [{"nertag": "O"}]}, {"base_span": [987, 995], "annotations": [{"nertag": "O"}]}, {"base_span": [996, 1001], "annotations": [{"nertag": "O"}]}, {"base_span": [1002, 1003], "annotations": [{"nertag": "O"}]}, {"base_span": [1003, 1004], "annotations": [{"nertag": "O"}]}, {"base_span": [1005, 1015], "annotations": [{"nertag": "B-MISC"}]}, {"base_span": [1016, 1023], "annotations": [{"nertag": "I-MISC"}]}, {"base_span": [1024, 1034], "annotations": [{"nertag": "O"}]}, {"base_span": [1034, 1035], "annotations": [{"nertag": "O"}]}, {"base_span": [1036, 1038], "annotations": [{"nertag": "O"}]}, {"base_span": [1039, 1045], "annotations": [{"nertag": "O"}]}, {"base_span": [1046, 1052], "annotations": [{"nertag": "O"}]}, {"base_span": [1053, 1063], "annotations": [{"nertag": "O"}]}, {"base_span": [1064, 1066], "annotations": [{"nertag": "O"}]}, {"base_span": [1067, 1071], "annotations": [{"nertag": "B-PER"}]}, {"base_span": [1072, 1080], "annotations": [{"nertag": "I-PER"}]}, {"base_span": [1081, 1089], "annotations": [{"nertag": "I-PER"}]}, {"base_span": [1090, 1097], "annotations": [{"nertag": "O"}]}, {"base_span": [1098, 1101], "annotations": [{"nertag": "O"}]}, {"base_span": [1102, 1104], "annotations": [{"nertag": "O"}]}, {"base_span": [1105, 1109], "annotations": [{"nertag": "O"}]}, {"base_span": [1110, 1111], "annotations": [{"nertag": "O"}]}, {"base_span": [1111, 1112], "annotations": [{"nertag": "O"}]}, {"base_span": [1113, 1115], "annotations": [{"nertag": "O"}]}, {"base_span": [1116, 1124], "annotations": [{"nertag": "O"}]}, {"base_span": [1125, 1132], "annotations": [{"nertag": "O"}]}, {"base_span": [1133, 1135], "annotations": [{"nertag": "O"}]}, {"base_span": [1136, 1140], "annotations": [{"nertag": "O"}]}, {"base_span": [1140, 1141], "annotations": [{"nertag": "O"}]}, {"base_span": [1142, 1145], "annotations": [{"nertag": "O"}]}, {"base_span": [1146, 1151], "annotations": [{"nertag": "O"}]}, {"base_span": [1152, 1157], "annotations": [{"nertag": "O"}]}, {"base_span": [1158, 1171], "annotations": [{"nertag": "O"}]}, {"base_span": [1172, 1177], "annotations": [{"nertag": "O"}]}, {"base_span": [1178, 1183], "annotations": [{"nertag": "O"}]}, {"base_span": [1184, 1189], "annotations": [{"nertag": "O"}]}, {"base_span": [1190, 1193], "annotations": [{"nertag": "O"}]}, {"base_span": [1193, 1194], "annotations": [{"nertag": "O"}]}, {"base_span": [1196, 1197], "annotations": [{"nertag": "B-PER"}]}, {"base_span": [1197, 1198], "annotations": [{"nertag": "I-PER"}]}, {"base_span": [1199, 1204], "annotations": [{"nertag": "I-PER"}]}, {"base_span": [1204, 1205], "annotations": [{"nertag": "O"}]}, {"base_span": [1206, 1207], "annotations": [{"nertag": "O"}]}, {"base_span": [1207, 1214], "annotations": [{"nertag": "O"}]}, {"base_span": [1214, 1215], "annotations": [{"nertag": "O"}]}, {"base_span": [1215, 1216], "annotations": [{"nertag": "O"}]}, {"base_span": [1217, 1220], "annotations": [{"nertag": "O"}]}, {"base_span": [1222, 1225], "annotations": [{"nertag": "O"}]}, {"base_span": [1226, 1231], "annotations": [{"nertag": "B-PER"}]}, {"base_span": [1232, 1236], "annotations": [{"nertag": "I-PER"}]}, {"base_span": [1236, 1237], "annotations": [{"nertag": "O"}]}, {"base_span": [1238, 1247], "annotations": [{"nertag": "O"}]}, {"base_span": [1249, 1252], "annotations": [{"nertag": "O"}]}, {"base_span": [1253, 1259], "annotations": [{"nertag": "B-PER"}]}, {"base_span": [1260, 1265], "annotations": [{"nertag": "I-PER"}]}, {"base_span": [1265, 1266], "annotations": [{"nertag": "O"}]}, {"base_span": [1267, 1268], "annotations": [{"nertag": "O"}]}]}]}