{"text": "\nKaibas Mich Juks, Wanna Koiolast, et kui temma Peter Pikk man, Ahjamusta Karjamoisa pääl, Töön olnud, om se tedda löönud ja ommat Teenistussest ärraajanu, ilma et temma temmale Palka wäljamaksnu, pallel Kohhud, Peter Pikka, temma, Mics. Juks Hääs trahwida; Tunnistagis andis ülles: Rentnik Johanneson, Ahjalt, Widrik Mötz, Kidjerwest, nink Jaan Plakk WannaKoiola, Himmaste küllast.\n\nJaan Plakk ettekutsutud wastotas, et temma, Plakki, Maja sissen ommawad Michel Juks ja Peter Pikk nida Kaup tenno, et Juks tullep Pikka poole Aprili Kuun Puutöö pale nink saap ajastaks 45 Rubl Palka ja prii Sööki, Peksmissest ei olle temma middagi näinud.\n\nWidrik Mötz ettekutsutud wastotas näino ollewad, et konna Juks Töö man halwaste raggunud, selleperrast se Riista puutükk ärrariknud, ja Peter Pikk, kui Juksi Meister, sedda näinu, om Pikk se Juksi käest Kirwe ärra wõtnu, ja tedda akkanu nomima, ent mitte tedda meelega lönud, olgu siss et Kirwe Käest Aerrawõtmisse man temmale külge puttnu; Selle päle om Juks akkanu nurrisama ja üttelno, kuida temma, Pikk, tedda lüwwa tohtnud, Pikk agga üttelno:\"Pea Wassik Suu, panne minno Riist mahha, woit muiale minna leiba teenima.\" Selle päle läino Juks ärra.\n\nRentnik Johannson es olle Kohto päle tulnud.\n\nPeter Pikk ettekutsutud ja se Assja perrast küssitud, wastotas, et se küll õige om, et temma Michel Juksile 45 Rbl ajasta Palkas Aprilist Aprilini lobbanu, ent ei ollewad Juks mitte Aprili Kuun wait 4 Naddalid ildamb temma pöle Töö päle tulnud, nink om neide wahhel siss lepping tehtud, et Pikk enneki 30 Rubl. ajasta Palkas maksap, kellega Kah Juks rahhole jänud; ent ei tahha nüüd rohkemb maksa kui 15 Rubl. sest et temma temma mant ärraläinu ja Ajasta poole jätnud. 8 Kuud olnud teeninud.\n\nSai moistetud: Peter Pikk peab se Michel Juksile ärra teenitud aja est 20 Rubl maksma, ja ei pruki Juks mitte Pikka poole taggasi minnema.\n\nSe Moistminne sai §772 &amp; 773 järrele kulutud.\n\nTorg XXX Klaosson XXX Kulp XXX Hanson XXX Lippson XXX\n\n\n", "meta": {"origin_directory": "vallakohus_neljas/"}, "layers": [{"name": "gold_ner", "attributes": ["nertag"], "parent": null, "enveloping": null, "ambiguous": false, "serialisation_module": null, "meta": {}, "spans": [{"base_span": [8, 17], "annotations": [{"nertag": "PER"}]}, {"base_span": [19, 33], "annotations": [{"nertag": "LOC"}]}, {"base_span": [48, 58], "annotations": [{"nertag": "PER"}]}, {"base_span": [64, 84], "annotations": [{"nertag": "LOC_ORG"}]}, {"base_span": [212, 223], "annotations": [{"nertag": "PER"}]}, {"base_span": [232, 242], "annotations": [{"nertag": "PER"}]}, {"base_span": [291, 301], "annotations": [{"nertag": "PER"}]}, {"base_span": [303, 309], "annotations": [{"nertag": "LOC"}]}, {"base_span": [311, 322], "annotations": [{"nertag": "PER"}]}, {"base_span": [324, 334], "annotations": [{"nertag": "LOC"}]}, {"base_span": [341, 351], "annotations": [{"nertag": "PER"}]}, {"base_span": [352, 363], "annotations": [{"nertag": "LOC"}]}, {"base_span": [365, 381], "annotations": [{"nertag": "LOC_ORG"}]}, {"base_span": [384, 394], "annotations": [{"nertag": "PER"}]}, {"base_span": [428, 434], "annotations": [{"nertag": "PER"}]}, {"base_span": [456, 467], "annotations": [{"nertag": "PER"}]}, {"base_span": [471, 481], "annotations": [{"nertag": "PER"}]}, {"base_span": [502, 506], "annotations": [{"nertag": "PER"}]}, {"base_span": [514, 519], "annotations": [{"nertag": "PER"}]}, {"base_span": [641, 652], "annotations": [{"nertag": "PER"}]}, {"base_span": [699, 703], "annotations": [{"nertag": "PER"}]}, {"base_span": [777, 787], "annotations": [{"nertag": "PER"}]}, {"base_span": [793, 798], "annotations": [{"nertag": "PER"}]}, {"base_span": [824, 828], "annotations": [{"nertag": "PER"}]}, {"base_span": [832, 837], "annotations": [{"nertag": "PER"}]}, {"base_span": [996, 1000], "annotations": [{"nertag": "PER"}]}, {"base_span": [1043, 1047], "annotations": [{"nertag": "PER"}]}, {"base_span": [1070, 1074], "annotations": [{"nertag": "PER"}]}, {"base_span": [1181, 1185], "annotations": [{"nertag": "PER"}]}, {"base_span": [1201, 1210], "annotations": [{"nertag": "PER"}]}, {"base_span": [1239, 1249], "annotations": [{"nertag": "PER"}]}, {"base_span": [1332, 1346], "annotations": [{"nertag": "PER"}]}, {"base_span": [1410, 1414], "annotations": [{"nertag": "PER"}]}, {"base_span": [1529, 1533], "annotations": [{"nertag": "PER"}]}, {"base_span": [1584, 1588], "annotations": [{"nertag": "PER"}]}, {"base_span": [1747, 1757], "annotations": [{"nertag": "PER"}]}, {"base_span": [1766, 1780], "annotations": [{"nertag": "PER"}]}, {"base_span": [1831, 1835], "annotations": [{"nertag": "PER"}]}, {"base_span": [1842, 1847], "annotations": [{"nertag": "PER"}]}, {"base_span": [1923, 1927], "annotations": [{"nertag": "PER"}]}, {"base_span": [1932, 1940], "annotations": [{"nertag": "PER"}]}, {"base_span": [1945, 1949], "annotations": [{"nertag": "PER"}]}, {"base_span": [1954, 1960], "annotations": [{"nertag": "PER"}]}, {"base_span": [1965, 1972], "annotations": [{"nertag": "PER"}]}]}, {"name": "gold_wordner", "attributes": ["nertag"], "parent": null, "enveloping": null, "ambiguous": false, "serialisation_module": null, "meta": {}, "spans": [{"base_span": [1, 7], "annotations": [{"nertag": "O"}]}, {"base_span": [8, 12], "annotations": [{"nertag": "B-PER"}]}, {"base_span": [13, 17], "annotations": [{"nertag": "I-PER"}]}, {"base_span": [17, 18], "annotations": [{"nertag": "O"}]}, {"base_span": [19, 24], "annotations": [{"nertag": "B-LOC"}]}, {"base_span": [25, 33], "annotations": [{"nertag": "I-LOC"}]}, {"base_span": [33, 34], "annotations": [{"nertag": "O"}]}, {"base_span": [35, 37], "annotations": [{"nertag": "O"}]}, {"base_span": [38, 41], "annotations": [{"nertag": "O"}]}, {"base_span": [42, 47], "annotations": [{"nertag": "O"}]}, {"base_span": [48, 53], "annotations": [{"nertag": "B-PER"}]}, {"base_span": [54, 58], "annotations": [{"nertag": "I-PER"}]}, {"base_span": [59, 62], "annotations": [{"nertag": "O"}]}, {"base_span": [62, 63], "annotations": [{"nertag": "O"}]}, {"base_span": [64, 73], "annotations": [{"nertag": "B-LOC_ORG"}]}, {"base_span": [74, 84], "annotations": [{"nertag": "I-LOC_ORG"}]}, {"base_span": [85, 89], "annotations": [{"nertag": "O"}]}, {"base_span": [89, 90], "annotations": [{"nertag": "O"}]}, {"base_span": [91, 95], "annotations": [{"nertag": "O"}]}, {"base_span": [96, 101], "annotations": [{"nertag": "O"}]}, {"base_span": [101, 102], "annotations": [{"nertag": "O"}]}, {"base_span": [103, 105], "annotations": [{"nertag": "O"}]}, {"base_span": [106, 108], "annotations": [{"nertag": "O"}]}, {"base_span": [109, 114], "annotations": [{"nertag": "O"}]}, {"base_span": [115, 121], "annotations": [{"nertag": "O"}]}, {"base_span": [122, 124], "annotations": [{"nertag": "O"}]}, {"base_span": [125, 130], "annotations": [{"nertag": "O"}]}, {"base_span": [131, 144], "annotations": [{"nertag": "O"}]}, {"base_span": [145, 154], "annotations": [{"nertag": "O"}]}, {"base_span": [154, 155], "annotations": [{"nertag": "O"}]}, {"base_span": [156, 160], "annotations": [{"nertag": "O"}]}, {"base_span": [161, 163], "annotations": [{"nertag": "O"}]}, {"base_span": [164, 169], "annotations": [{"nertag": "O"}]}, {"base_span": [170, 177], "annotations": [{"nertag": "O"}]}, {"base_span": [178, 183], "annotations": [{"nertag": "O"}]}, {"base_span": [184, 195], "annotations": [{"nertag": "O"}]}, {"base_span": [195, 196], "annotations": [{"nertag": "O"}]}, {"base_span": [197, 203], "annotations": [{"nertag": "O"}]}, {"base_span": [204, 210], "annotations": [{"nertag": "O"}]}, {"base_span": [210, 211], "annotations": [{"nertag": "O"}]}, {"base_span": [212, 217], "annotations": [{"nertag": "B-PER"}]}, {"base_span": [218, 223], "annotations": [{"nertag": "I-PER"}]}, {"base_span": [223, 224], "annotations": [{"nertag": "O"}]}, {"base_span": [225, 230], "annotations": [{"nertag": "O"}]}, {"base_span": [230, 231], "annotations": [{"nertag": "O"}]}, {"base_span": [232, 236], "annotations": [{"nertag": "B-PER"}]}, {"base_span": [236, 237], "annotations": [{"nertag": "I-PER"}]}, {"base_span": [238, 242], "annotations": [{"nertag": "I-PER"}]}, {"base_span": [243, 247], "annotations": [{"nertag": "O"}]}, {"base_span": [248, 256], "annotations": [{"nertag": "O"}]}, {"base_span": [256, 257], "annotations": [{"nertag": "O"}]}, {"base_span": [258, 269], "annotations": [{"nertag": "O"}]}, {"base_span": [270, 275], "annotations": [{"nertag": "O"}]}, {"base_span": [276, 281], "annotations": [{"nertag": "O"}]}, {"base_span": [281, 282], "annotations": [{"nertag": "O"}]}, {"base_span": [283, 290], "annotations": [{"nertag": "O"}]}, {"base_span": [291, 301], "annotations": [{"nertag": "B-PER"}]}, {"base_span": [301, 302], "annotations": [{"nertag": "O"}]}, {"base_span": [303, 309], "annotations": [{"nertag": "B-LOC"}]}, {"base_span": [309, 310], "annotations": [{"nertag": "O"}]}, {"base_span": [311, 317], "annotations": [{"nertag": "B-PER"}]}, {"base_span": [318, 322], "annotations": [{"nertag": "I-PER"}]}, {"base_span": [322, 323], "annotations": [{"nertag": "O"}]}, {"base_span": [324, 334], "annotations": [{"nertag": "B-LOC"}]}, {"base_span": [334, 335], "annotations": [{"nertag": "O"}]}, {"base_span": [336, 340], "annotations": [{"nertag": "O"}]}, {"base_span": [341, 345], "annotations": [{"nertag": "B-PER"}]}, {"base_span": [346, 351], "annotations": [{"nertag": "I-PER"}]}, {"base_span": [352, 357], "annotations": [{"nertag": "B-LOC"}]}, {"base_span": [357, 363], "annotations": [{"nertag": "I-LOC"}]}, {"base_span": [363, 364], "annotations": [{"nertag": "O"}]}, {"base_span": [365, 373], "annotations": [{"nertag": "B-LOC_ORG"}]}, {"base_span": [374, 381], "annotations": [{"nertag": "I-LOC_ORG"}]}, {"base_span": [381, 382], "annotations": [{"nertag": "O"}]}, {"base_span": [384, 388], "annotations": [{"nertag": "B-PER"}]}, {"base_span": [389, 394], "annotations": [{"nertag": "I-PER"}]}, {"base_span": [395, 407], "annotations": [{"nertag": "O"}]}, {"base_span": [408, 416], "annotations": [{"nertag": "O"}]}, {"base_span": [416, 417], "annotations": [{"nertag": "O"}]}, {"base_span": [418, 420], "annotations": [{"nertag": "O"}]}, {"base_span": [421, 426], "annotations": [{"nertag": "O"}]}, {"base_span": [426, 427], "annotations": [{"nertag": "O"}]}, {"base_span": [428, 434], "annotations": [{"nertag": "B-PER"}]}, {"base_span": [434, 435], "annotations": [{"nertag": "O"}]}, {"base_span": [436, 440], "annotations": [{"nertag": "O"}]}, {"base_span": [441, 447], "annotations": [{"nertag": "O"}]}, {"base_span": [448, 455], "annotations": [{"nertag": "O"}]}, {"base_span": [456, 462], "annotations": [{"nertag": "B-PER"}]}, {"base_span": [463, 467], "annotations": [{"nertag": "I-PER"}]}, {"base_span": [468, 470], "annotations": [{"nertag": "O"}]}, {"base_span": [471, 476], "annotations": [{"nertag": "B-PER"}]}, {"base_span": [477, 481], "annotations": [{"nertag": "I-PER"}]}, {"base_span": [482, 486], "annotations": [{"nertag": "O"}]}, {"base_span": [487, 491], "annotations": [{"nertag": "O"}]}, {"base_span": [492, 497], "annotations": [{"nertag": "O"}]}, {"base_span": [497, 498], "annotations": [{"nertag": "O"}]}, {"base_span": [499, 501], "annotations": [{"nertag": "O"}]}, {"base_span": [502, 506], "annotations": [{"nertag": "B-PER"}]}, {"base_span": [507, 513], "annotations": [{"nertag": "O"}]}, {"base_span": [514, 519], "annotations": [{"nertag": "B-PER"}]}, {"base_span": [520, 525], "annotations": [{"nertag": "O"}]}, {"base_span": [526, 532], "annotations": [{"nertag": "O"}]}, {"base_span": [533, 537], "annotations": [{"nertag": "O"}]}, {"base_span": [538, 544], "annotations": [{"nertag": "O"}]}, {"base_span": [545, 549], "annotations": [{"nertag": "O"}]}, {"base_span": [550, 554], "annotations": [{"nertag": "O"}]}, {"base_span": [555, 559], "annotations": [{"nertag": "O"}]}, {"base_span": [560, 568], "annotations": [{"nertag": "O"}]}, {"base_span": [569, 571], "annotations": [{"nertag": "O"}]}, {"base_span": [572, 576], "annotations": [{"nertag": "O"}]}, {"base_span": [577, 582], "annotations": [{"nertag": "O"}]}, {"base_span": [583, 585], "annotations": [{"nertag": "O"}]}, {"base_span": [586, 590], "annotations": [{"nertag": "O"}]}, {"base_span": [591, 596], "annotations": [{"nertag": "O"}]}, {"base_span": [596, 597], "annotations": [{"nertag": "O"}]}, {"base_span": [598, 609], "annotations": [{"nertag": "O"}]}, {"base_span": [610, 612], "annotations": [{"nertag": "O"}]}, {"base_span": [613, 617], "annotations": [{"nertag": "O"}]}, {"base_span": [618, 623], "annotations": [{"nertag": "O"}]}, {"base_span": [624, 631], "annotations": [{"nertag": "O"}]}, {"base_span": [632, 638], "annotations": [{"nertag": "O"}]}, {"base_span": [638, 639], "annotations": [{"nertag": "O"}]}, {"base_span": [641, 647], "annotations": [{"nertag": "B-PER"}]}, {"base_span": [648, 652], "annotations": [{"nertag": "I-PER"}]}, {"base_span": [653, 665], "annotations": [{"nertag": "O"}]}, {"base_span": [666, 674], "annotations": [{"nertag": "O"}]}, {"base_span": [675, 680], "annotations": [{"nertag": "O"}]}, {"base_span": [681, 688], "annotations": [{"nertag": "O"}]}, {"base_span": [688, 689], "annotations": [{"nertag": "O"}]}, {"base_span": [690, 692], "annotations": [{"nertag": "O"}]}, {"base_span": [693, 698], "annotations": [{"nertag": "O"}]}, {"base_span": [699, 703], "annotations": [{"nertag": "B-PER"}]}, {"base_span": [704, 707], "annotations": [{"nertag": "O"}]}, {"base_span": [708, 711], "annotations": [{"nertag": "O"}]}, {"base_span": [712, 720], "annotations": [{"nertag": "O"}]}, {"base_span": [721, 729], "annotations": [{"nertag": "O"}]}, {"base_span": [729, 730], "annotations": [{"nertag": "O"}]}, {"base_span": [731, 743], "annotations": [{"nertag": "O"}]}, {"base_span": [744, 746], "annotations": [{"nertag": "O"}]}, {"base_span": [747, 753], "annotations": [{"nertag": "O"}]}, {"base_span": [754, 761], "annotations": [{"nertag": "O"}]}, {"base_span": [762, 772], "annotations": [{"nertag": "O"}]}, {"base_span": [772, 773], "annotations": [{"nertag": "O"}]}, {"base_span": [774, 776], "annotations": [{"nertag": "O"}]}, {"base_span": [777, 782], "annotations": [{"nertag": "B-PER"}]}, {"base_span": [783, 787], "annotations": [{"nertag": "I-PER"}]}, {"base_span": [787, 788], "annotations": [{"nertag": "O"}]}, {"base_span": [789, 792], "annotations": [{"nertag": "O"}]}, {"base_span": [793, 798], "annotations": [{"nertag": "B-PER"}]}, {"base_span": [799, 806], "annotations": [{"nertag": "O"}]}, {"base_span": [806, 807], "annotations": [{"nertag": "O"}]}, {"base_span": [808, 813], "annotations": [{"nertag": "O"}]}, {"base_span": [814, 819], "annotations": [{"nertag": "O"}]}, {"base_span": [819, 820], "annotations": [{"nertag": "O"}]}, {"base_span": [821, 823], "annotations": [{"nertag": "O"}]}, {"base_span": [824, 828], "annotations": [{"nertag": "B-PER"}]}, {"base_span": [829, 831], "annotations": [{"nertag": "O"}]}, {"base_span": [832, 837], "annotations": [{"nertag": "B-PER"}]}, {"base_span": [838, 843], "annotations": [{"nertag": "O"}]}, {"base_span": [844, 849], "annotations": [{"nertag": "O"}]}, {"base_span": [850, 854], "annotations": [{"nertag": "O"}]}, {"base_span": [855, 860], "annotations": [{"nertag": "O"}]}, {"base_span": [860, 861], "annotations": [{"nertag": "O"}]}, {"base_span": [862, 864], "annotations": [{"nertag": "O"}]}, {"base_span": [865, 870], "annotations": [{"nertag": "O"}]}, {"base_span": [871, 877], "annotations": [{"nertag": "O"}]}, {"base_span": [878, 884], "annotations": [{"nertag": "O"}]}, {"base_span": [884, 885], "annotations": [{"nertag": "O"}]}, {"base_span": [886, 889], "annotations": [{"nertag": "O"}]}, {"base_span": [890, 895], "annotations": [{"nertag": "O"}]}, {"base_span": [896, 901], "annotations": [{"nertag": "O"}]}, {"base_span": [902, 909], "annotations": [{"nertag": "O"}]}, {"base_span": [910, 915], "annotations": [{"nertag": "O"}]}, {"base_span": [915, 916], "annotations": [{"nertag": "O"}]}, {"base_span": [917, 921], "annotations": [{"nertag": "O"}]}, {"base_span": [922, 926], "annotations": [{"nertag": "O"}]}, {"base_span": [927, 929], "annotations": [{"nertag": "O"}]}, {"base_span": [930, 935], "annotations": [{"nertag": "O"}]}, {"base_span": [936, 941], "annotations": [{"nertag": "O"}]}, {"base_span": [942, 955], "annotations": [{"nertag": "O"}]}, {"base_span": [956, 959], "annotations": [{"nertag": "O"}]}, {"base_span": [960, 967], "annotations": [{"nertag": "O"}]}, {"base_span": [968, 973], "annotations": [{"nertag": "O"}]}, {"base_span": [974, 980], "annotations": [{"nertag": "O"}]}, {"base_span": [980, 981], "annotations": [{"nertag": "O"}]}, {"base_span": [982, 987], "annotations": [{"nertag": "O"}]}, {"base_span": [988, 992], "annotations": [{"nertag": "O"}]}, {"base_span": [993, 995], "annotations": [{"nertag": "O"}]}, {"base_span": [996, 1000], "annotations": [{"nertag": "B-PER"}]}, {"base_span": [1001, 1007], "annotations": [{"nertag": "O"}]}, {"base_span": [1008, 1017], "annotations": [{"nertag": "O"}]}, {"base_span": [1018, 1020], "annotations": [{"nertag": "O"}]}, {"base_span": [1021, 1028], "annotations": [{"nertag": "O"}]}, {"base_span": [1028, 1029], "annotations": [{"nertag": "O"}]}, {"base_span": [1030, 1035], "annotations": [{"nertag": "O"}]}, {"base_span": [1036, 1041], "annotations": [{"nertag": "O"}]}, {"base_span": [1041, 1042], "annotations": [{"nertag": "O"}]}, {"base_span": [1043, 1047], "annotations": [{"nertag": "B-PER"}]}, {"base_span": [1047, 1048], "annotations": [{"nertag": "O"}]}, {"base_span": [1049, 1054], "annotations": [{"nertag": "O"}]}, {"base_span": [1055, 1060], "annotations": [{"nertag": "O"}]}, {"base_span": [1061, 1068], "annotations": [{"nertag": "O"}]}, {"base_span": [1068, 1069], "annotations": [{"nertag": "O"}]}, {"base_span": [1070, 1074], "annotations": [{"nertag": "B-PER"}]}, {"base_span": [1075, 1079], "annotations": [{"nertag": "O"}]}, {"base_span": [1080, 1087], "annotations": [{"nertag": "O"}]}, {"base_span": [1087, 1088], "annotations": [{"nertag": "O"}]}, {"base_span": [1088, 1089], "annotations": [{"nertag": "O"}]}, {"base_span": [1089, 1092], "annotations": [{"nertag": "O"}]}, {"base_span": [1093, 1099], "annotations": [{"nertag": "O"}]}, {"base_span": [1100, 1103], "annotations": [{"nertag": "O"}]}, {"base_span": [1103, 1104], "annotations": [{"nertag": "O"}]}, {"base_span": [1105, 1110], "annotations": [{"nertag": "O"}]}, {"base_span": [1111, 1116], "annotations": [{"nertag": "O"}]}, {"base_span": [1117, 1122], "annotations": [{"nertag": "O"}]}, {"base_span": [1123, 1128], "annotations": [{"nertag": "O"}]}, {"base_span": [1128, 1129], "annotations": [{"nertag": "O"}]}, {"base_span": [1130, 1134], "annotations": [{"nertag": "O"}]}, {"base_span": [1135, 1141], "annotations": [{"nertag": "O"}]}, {"base_span": [1142, 1147], "annotations": [{"nertag": "O"}]}, {"base_span": [1148, 1153], "annotations": [{"nertag": "O"}]}, {"base_span": [1154, 1161], "annotations": [{"nertag": "O"}]}, {"base_span": [1161, 1162], "annotations": [{"nertag": "O"}]}, {"base_span": [1162, 1163], "annotations": [{"nertag": "O"}]}, {"base_span": [1164, 1169], "annotations": [{"nertag": "O"}]}, {"base_span": [1170, 1174], "annotations": [{"nertag": "O"}]}, {"base_span": [1175, 1180], "annotations": [{"nertag": "O"}]}, {"base_span": [1181, 1185], "annotations": [{"nertag": "B-PER"}]}, {"base_span": [1186, 1190], "annotations": [{"nertag": "O"}]}, {"base_span": [1190, 1191], "annotations": [{"nertag": "O"}]}, {"base_span": [1193, 1200], "annotations": [{"nertag": "O"}]}, {"base_span": [1201, 1210], "annotations": [{"nertag": "B-PER"}]}, {"base_span": [1211, 1213], "annotations": [{"nertag": "O"}]}, {"base_span": [1214, 1218], "annotations": [{"nertag": "O"}]}, {"base_span": [1219, 1224], "annotations": [{"nertag": "O"}]}, {"base_span": [1225, 1229], "annotations": [{"nertag": "O"}]}, {"base_span": [1230, 1236], "annotations": [{"nertag": "O"}]}, {"base_span": [1236, 1237], "annotations": [{"nertag": "O"}]}, {"base_span": [1239, 1244], "annotations": [{"nertag": "B-PER"}]}, {"base_span": [1245, 1249], "annotations": [{"nertag": "I-PER"}]}, {"base_span": [1250, 1262], "annotations": [{"nertag": "O"}]}, {"base_span": [1263, 1265], "annotations": [{"nertag": "O"}]}, {"base_span": [1266, 1268], "annotations": [{"nertag": "O"}]}, {"base_span": [1269, 1274], "annotations": [{"nertag": "O"}]}, {"base_span": [1275, 1282], "annotations": [{"nertag": "O"}]}, {"base_span": [1283, 1291], "annotations": [{"nertag": "O"}]}, {"base_span": [1291, 1292], "annotations": [{"nertag": "O"}]}, {"base_span": [1293, 1301], "annotations": [{"nertag": "O"}]}, {"base_span": [1301, 1302], "annotations": [{"nertag": "O"}]}, {"base_span": [1303, 1305], "annotations": [{"nertag": "O"}]}, {"base_span": [1306, 1308], "annotations": [{"nertag": "O"}]}, {"base_span": [1309, 1313], "annotations": [{"nertag": "O"}]}, {"base_span": [1314, 1318], "annotations": [{"nertag": "O"}]}, {"base_span": [1319, 1321], "annotations": [{"nertag": "O"}]}, {"base_span": [1321, 1322], "annotations": [{"nertag": "O"}]}, {"base_span": [1323, 1325], "annotations": [{"nertag": "O"}]}, {"base_span": [1326, 1331], "annotations": [{"nertag": "O"}]}, {"base_span": [1332, 1338], "annotations": [{"nertag": "B-PER"}]}, {"base_span": [1339, 1346], "annotations": [{"nertag": "I-PER"}]}, {"base_span": [1347, 1349], "annotations": [{"nertag": "O"}]}, {"base_span": [1350, 1353], "annotations": [{"nertag": "O"}]}, {"base_span": [1354, 1360], "annotations": [{"nertag": "O"}]}, {"base_span": [1361, 1367], "annotations": [{"nertag": "O"}]}, {"base_span": [1368, 1376], "annotations": [{"nertag": "O"}]}, {"base_span": [1377, 1385], "annotations": [{"nertag": "O"}]}, {"base_span": [1386, 1393], "annotations": [{"nertag": "O"}]}, {"base_span": [1393, 1394], "annotations": [{"nertag": "O"}]}, {"base_span": [1395, 1398], "annotations": [{"nertag": "O"}]}, {"base_span": [1399, 1401], "annotations": [{"nertag": "O"}]}, {"base_span": [1402, 1409], "annotations": [{"nertag": "O"}]}, {"base_span": [1410, 1414], "annotations": [{"nertag": "B-PER"}]}, {"base_span": [1415, 1420], "annotations": [{"nertag": "O"}]}, {"base_span": [1421, 1427], "annotations": [{"nertag": "O"}]}, {"base_span": [1428, 1432], "annotations": [{"nertag": "O"}]}, {"base_span": [1433, 1437], "annotations": [{"nertag": "O"}]}, {"base_span": [1438, 1439], "annotations": [{"nertag": "O"}]}, {"base_span": [1440, 1448], "annotations": [{"nertag": "O"}]}, {"base_span": [1449, 1455], "annotations": [{"nertag": "O"}]}, {"base_span": [1456, 1461], "annotations": [{"nertag": "O"}]}, {"base_span": [1462, 1466], "annotations": [{"nertag": "O"}]}, {"base_span": [1467, 1470], "annotations": [{"nertag": "O"}]}, {"base_span": [1471, 1475], "annotations": [{"nertag": "O"}]}, {"base_span": [1476, 1482], "annotations": [{"nertag": "O"}]}, {"base_span": [1482, 1483], "annotations": [{"nertag": "O"}]}, {"base_span": [1484, 1488], "annotations": [{"nertag": "O"}]}, {"base_span": [1489, 1491], "annotations": [{"nertag": "O"}]}, {"base_span": [1492, 1497], "annotations": [{"nertag": "O"}]}, {"base_span": [1498, 1504], "annotations": [{"nertag": "O"}]}, {"base_span": [1505, 1509], "annotations": [{"nertag": "O"}]}, {"base_span": [1510, 1517], "annotations": [{"nertag": "O"}]}, {"base_span": [1518, 1524], "annotations": [{"nertag": "O"}]}, {"base_span": [1524, 1525], "annotations": [{"nertag": "O"}]}, {"base_span": [1526, 1528], "annotations": [{"nertag": "O"}]}, {"base_span": [1529, 1533], "annotations": [{"nertag": "B-PER"}]}, {"base_span": [1534, 1540], "annotations": [{"nertag": "O"}]}, {"base_span": [1541, 1543], "annotations": [{"nertag": "O"}]}, {"base_span": [1544, 1548], "annotations": [{"nertag": "O"}]}, {"base_span": [1548, 1549], "annotations": [{"nertag": "O"}]}, {"base_span": [1550, 1556], "annotations": [{"nertag": "O"}]}, {"base_span": [1557, 1563], "annotations": [{"nertag": "O"}]}, {"base_span": [1564, 1570], "annotations": [{"nertag": "O"}]}, {"base_span": [1570, 1571], "annotations": [{"nertag": "O"}]}, {"base_span": [1572, 1579], "annotations": [{"nertag": "O"}]}, {"base_span": [1580, 1583], "annotations": [{"nertag": "O"}]}, {"base_span": [1584, 1588], "annotations": [{"nertag": "B-PER"}]}, {"base_span": [1589, 1596], "annotations": [{"nertag": "O"}]}, {"base_span": [1597, 1602], "annotations": [{"nertag": "O"}]}, {"base_span": [1602, 1603], "annotations": [{"nertag": "O"}]}, {"base_span": [1604, 1607], "annotations": [{"nertag": "O"}]}, {"base_span": [1608, 1610], "annotations": [{"nertag": "O"}]}, {"base_span": [1611, 1616], "annotations": [{"nertag": "O"}]}, {"base_span": [1617, 1621], "annotations": [{"nertag": "O"}]}, {"base_span": [1622, 1629], "annotations": [{"nertag": "O"}]}, {"base_span": [1630, 1635], "annotations": [{"nertag": "O"}]}, {"base_span": [1636, 1639], "annotations": [{"nertag": "O"}]}, {"base_span": [1640, 1642], "annotations": [{"nertag": "O"}]}, {"base_span": [1643, 1647], "annotations": [{"nertag": "O"}]}, {"base_span": [1647, 1648], "annotations": [{"nertag": "O"}]}, {"base_span": [1649, 1653], "annotations": [{"nertag": "O"}]}, {"base_span": [1654, 1656], "annotations": [{"nertag": "O"}]}, {"base_span": [1657, 1662], "annotations": [{"nertag": "O"}]}, {"base_span": [1663, 1668], "annotations": [{"nertag": "O"}]}, {"base_span": [1669, 1673], "annotations": [{"nertag": "O"}]}, {"base_span": [1674, 1683], "annotations": [{"nertag": "O"}]}, {"base_span": [1684, 1686], "annotations": [{"nertag": "O"}]}, {"base_span": [1687, 1693], "annotations": [{"nertag": "O"}]}, {"base_span": [1694, 1699], "annotations": [{"nertag": "O"}]}, {"base_span": [1700, 1706], "annotations": [{"nertag": "O"}]}, {"base_span": [1706, 1707], "annotations": [{"nertag": "O"}]}, {"base_span": [1708, 1709], "annotations": [{"nertag": "O"}]}, {"base_span": [1710, 1714], "annotations": [{"nertag": "O"}]}, {"base_span": [1715, 1720], "annotations": [{"nertag": "O"}]}, {"base_span": [1721, 1729], "annotations": [{"nertag": "O"}]}, {"base_span": [1729, 1730], "annotations": [{"nertag": "O"}]}, {"base_span": [1732, 1735], "annotations": [{"nertag": "O"}]}, {"base_span": [1736, 1745], "annotations": [{"nertag": "O"}]}, {"base_span": [1745, 1746], "annotations": [{"nertag": "O"}]}, {"base_span": [1747, 1752], "annotations": [{"nertag": "B-PER"}]}, {"base_span": [1753, 1757], "annotations": [{"nertag": "I-PER"}]}, {"base_span": [1758, 1762], "annotations": [{"nertag": "O"}]}, {"base_span": [1763, 1765], "annotations": [{"nertag": "O"}]}, {"base_span": [1766, 1772], "annotations": [{"nertag": "B-PER"}]}, {"base_span": [1773, 1780], "annotations": [{"nertag": "I-PER"}]}, {"base_span": [1781, 1785], "annotations": [{"nertag": "O"}]}, {"base_span": [1786, 1794], "annotations": [{"nertag": "O"}]}, {"base_span": [1795, 1798], "annotations": [{"nertag": "O"}]}, {"base_span": [1799, 1802], "annotations": [{"nertag": "O"}]}, {"base_span": [1803, 1805], "annotations": [{"nertag": "O"}]}, {"base_span": [1806, 1810], "annotations": [{"nertag": "O"}]}, {"base_span": [1811, 1817], "annotations": [{"nertag": "O"}]}, {"base_span": [1817, 1818], "annotations": [{"nertag": "O"}]}, {"base_span": [1819, 1821], "annotations": [{"nertag": "O"}]}, {"base_span": [1822, 1824], "annotations": [{"nertag": "O"}]}, {"base_span": [1825, 1830], "annotations": [{"nertag": "O"}]}, {"base_span": [1831, 1835], "annotations": [{"nertag": "B-PER"}]}, {"base_span": [1836, 1841], "annotations": [{"nertag": "O"}]}, {"base_span": [1842, 1847], "annotations": [{"nertag": "B-PER"}]}, {"base_span": [1848, 1853], "annotations": [{"nertag": "O"}]}, {"base_span": [1854, 1861], "annotations": [{"nertag": "O"}]}, {"base_span": [1862, 1869], "annotations": [{"nertag": "O"}]}, {"base_span": [1869, 1870], "annotations": [{"nertag": "O"}]}, {"base_span": [1872, 1874], "annotations": [{"nertag": "O"}]}, {"base_span": [1875, 1885], "annotations": [{"nertag": "O"}]}, {"base_span": [1886, 1889], "annotations": [{"nertag": "O"}]}, {"base_span": [1890, 1891], "annotations": [{"nertag": "O"}]}, {"base_span": [1891, 1894], "annotations": [{"nertag": "O"}]}, {"base_span": [1895, 1896], "annotations": [{"nertag": "O"}]}, {"base_span": [1896, 1899], "annotations": [{"nertag": "O"}]}, {"base_span": [1899, 1900], "annotations": [{"nertag": "O"}]}, {"base_span": [1901, 1904], "annotations": [{"nertag": "O"}]}, {"base_span": [1905, 1912], "annotations": [{"nertag": "O"}]}, {"base_span": [1913, 1920], "annotations": [{"nertag": "O"}]}, {"base_span": [1920, 1921], "annotations": [{"nertag": "O"}]}, {"base_span": [1923, 1927], "annotations": [{"nertag": "B-PER"}]}, {"base_span": [1928, 1931], "annotations": [{"nertag": "O"}]}, {"base_span": [1932, 1940], "annotations": [{"nertag": "B-PER"}]}, {"base_span": [1941, 1944], "annotations": [{"nertag": "O"}]}, {"base_span": [1945, 1949], "annotations": [{"nertag": "B-PER"}]}, {"base_span": [1950, 1953], "annotations": [{"nertag": "O"}]}, {"base_span": [1954, 1960], "annotations": [{"nertag": "B-PER"}]}, {"base_span": [1961, 1964], "annotations": [{"nertag": "O"}]}, {"base_span": [1965, 1972], "annotations": [{"nertag": "B-PER"}]}, {"base_span": [1973, 1976], "annotations": [{"nertag": "O"}]}]}]}