{"text": "\nTuli ette Johan Laar Pokalt ja kaebas, et tema Sepa talu rentnik Karl Ernitsel temale allpool üles tähendatud tasumist on:\n\n1.\n   15 wakamaad ristikheina külwamata jätnud kelle eest tema 20 rbl. wakamaa peael nõuab\n   300 rbl.\n  \n\n2.\n   1100 punda õlgi on Ernits tulekassasse üleswõtnud ja et need õled ära põlenud, siis nõuab tema nende hind\n   55 rbl.\n  \n\n3.\n   Sügisene maja rent, mis 10 Oktobril maksetud pidi olema, wõlga, teeb\n   160 rbl.\n  \n\nSumma\n   515 rbl.\n  \n\nSeda wõlga 515 rbl. nõuab tema kätte saada.\n\nKarl Ernits wastutas kaebtuse peale:\n\nad 1.\n   Ristikheina on tema maha teinud, aga see ei olewad wesise peal kasunud; pealegi ei ole tema selle üle leppinud.\n  \n\nad 2.\n   Õled on küll tulekassas ülewal olnud, aga tema ei mäleta, kui palju\n  \n\nad 3.\n   Rent on küll 160 rbl. wõlgo, aga et tema wilja saksa ei saa, siis ei jõua tema ka nüüd maksa\n  \n\nWalla wöörmönder Peeter Plaks, kesristikheina nurme ametlikult üle waadanud, andis protokolli, et Karl Ernitsel ristikheina enam külwetud ei wõi olla, kui 1/4 wakamaad.\n\nKarl Ernits andis weel üles, et tema 11 wakamaad ristikheina külwanud, aga 4 wakamaad keswa sisse külwmata jätnus; rendi andja ei ole seemet annud, tema on rohkem teinoti seemet külwand.\n\nMõiste: Karl Ernits peab 8 pääwa sees Juhan Laari hääks maksma:\n\n1.\n   15 wakamaa külwmata jäetud ristikheina eest iga wakamaa pealt 10 rbl. teeb\n   150 rbl.\n  \n\n2.\n   1100 punda õlgede eest\n   55 rbl.\n  \n\n3.\n   sügisene rent 1887 eest\n   160 rbl.\n  \n\nSumma\n   365 rbl.\n  \n\nMõiste sai kohtukäijatele T.S.R. järel a. 1860 §772 kuni 774 kuulutud ja õpus antud, ning ei olnud Karl Ernits mitte sellega rahul, ei ka Juhan Laar.\n\n\n", "meta": {"origin_directory": "vallakohus_kolmas/"}, "layers": [{"name": "gold_ner", "attributes": ["nertag"], "parent": null, "enveloping": null, "ambiguous": false, "serialisation_module": null, "meta": {}, "spans": [{"base_span": [11, 21], "annotations": [{"nertag": "PER"}]}, {"base_span": [22, 28], "annotations": [{"nertag": "LOC"}]}, {"base_span": [48, 57], "annotations": [{"nertag": "LOC_ORG"}]}, {"base_span": [66, 79], "annotations": [{"nertag": "PER"}]}, {"base_span": [257, 263], "annotations": [{"nertag": "PER"}]}, {"base_span": [517, 528], "annotations": [{"nertag": "PER"}]}, {"base_span": [884, 896], "annotations": [{"nertag": "PER"}]}, {"base_span": [965, 978], "annotations": [{"nertag": "PER"}]}, {"base_span": [1037, 1048], "annotations": [{"nertag": "PER"}]}, {"base_span": [1233, 1244], "annotations": [{"nertag": "PER"}]}, {"base_span": [1263, 1274], "annotations": [{"nertag": "PER"}]}, {"base_span": [1525, 1531], "annotations": [{"nertag": "MISC"}]}, {"base_span": [1598, 1609], "annotations": [{"nertag": "PER"}]}, {"base_span": [1637, 1647], "annotations": [{"nertag": "PER"}]}]}, {"name": "gold_wordner", "attributes": ["nertag"], "parent": null, "enveloping": null, "ambiguous": false, "serialisation_module": null, "meta": {}, "spans": [{"base_span": [1, 5], "annotations": [{"nertag": "O"}]}, {"base_span": [6, 10], "annotations": [{"nertag": "O"}]}, {"base_span": [11, 16], "annotations": [{"nertag": "B-PER"}]}, {"base_span": [17, 21], "annotations": [{"nertag": "I-PER"}]}, {"base_span": [22, 28], "annotations": [{"nertag": "B-LOC"}]}, {"base_span": [29, 31], "annotations": [{"nertag": "O"}]}, {"base_span": [32, 38], "annotations": [{"nertag": "O"}]}, {"base_span": [38, 39], "annotations": [{"nertag": "O"}]}, {"base_span": [40, 42], "annotations": [{"nertag": "O"}]}, {"base_span": [43, 47], "annotations": [{"nertag": "O"}]}, {"base_span": [48, 52], "annotations": [{"nertag": "B-LOC_ORG"}]}, {"base_span": [53, 57], "annotations": [{"nertag": "I-LOC_ORG"}]}, {"base_span": [58, 65], "annotations": [{"nertag": "O"}]}, {"base_span": [66, 70], "annotations": [{"nertag": "B-PER"}]}, {"base_span": [71, 79], "annotations": [{"nertag": "I-PER"}]}, {"base_span": [80, 86], "annotations": [{"nertag": "O"}]}, {"base_span": [87, 94], "annotations": [{"nertag": "O"}]}, {"base_span": [95, 99], "annotations": [{"nertag": "O"}]}, {"base_span": [100, 110], "annotations": [{"nertag": "O"}]}, {"base_span": [111, 119], "annotations": [{"nertag": "O"}]}, {"base_span": [120, 122], "annotations": [{"nertag": "O"}]}, {"base_span": [122, 123], "annotations": [{"nertag": "O"}]}, {"base_span": [125, 127], "annotations": [{"nertag": "O"}]}, {"base_span": [131, 133], "annotations": [{"nertag": "O"}]}, {"base_span": [134, 142], "annotations": [{"nertag": "O"}]}, {"base_span": [143, 154], "annotations": [{"nertag": "O"}]}, {"base_span": [155, 164], "annotations": [{"nertag": "O"}]}, {"base_span": [165, 171], "annotations": [{"nertag": "O"}]}, {"base_span": [172, 177], "annotations": [{"nertag": "O"}]}, {"base_span": [178, 182], "annotations": [{"nertag": "O"}]}, {"base_span": [183, 187], "annotations": [{"nertag": "O"}]}, {"base_span": [188, 190], "annotations": [{"nertag": "O"}]}, {"base_span": [191, 194], "annotations": [{"nertag": "O"}]}, {"base_span": [194, 195], "annotations": [{"nertag": "O"}]}, {"base_span": [196, 203], "annotations": [{"nertag": "O"}]}, {"base_span": [204, 209], "annotations": [{"nertag": "O"}]}, {"base_span": [210, 215], "annotations": [{"nertag": "O"}]}, {"base_span": [219, 222], "annotations": [{"nertag": "O"}]}, {"base_span": [223, 226], "annotations": [{"nertag": "O"}]}, {"base_span": [226, 227], "annotations": [{"nertag": "O"}]}, {"base_span": [232, 234], "annotations": [{"nertag": "O"}]}, {"base_span": [238, 242], "annotations": [{"nertag": "O"}]}, {"base_span": [243, 248], "annotations": [{"nertag": "O"}]}, {"base_span": [249, 253], "annotations": [{"nertag": "O"}]}, {"base_span": [254, 256], "annotations": [{"nertag": "O"}]}, {"base_span": [257, 263], "annotations": [{"nertag": "B-PER"}]}, {"base_span": [264, 276], "annotations": [{"nertag": "O"}]}, {"base_span": [277, 287], "annotations": [{"nertag": "O"}]}, {"base_span": [288, 290], "annotations": [{"nertag": "O"}]}, {"base_span": [291, 293], "annotations": [{"nertag": "O"}]}, {"base_span": [294, 298], "annotations": [{"nertag": "O"}]}, {"base_span": [299, 303], "annotations": [{"nertag": "O"}]}, {"base_span": [304, 307], "annotations": [{"nertag": "O"}]}, {"base_span": [308, 315], "annotations": [{"nertag": "O"}]}, {"base_span": [315, 316], "annotations": [{"nertag": "O"}]}, {"base_span": [317, 321], "annotations": [{"nertag": "O"}]}, {"base_span": [322, 327], "annotations": [{"nertag": "O"}]}, {"base_span": [328, 332], "annotations": [{"nertag": "O"}]}, {"base_span": [333, 338], "annotations": [{"nertag": "O"}]}, {"base_span": [339, 343], "annotations": [{"nertag": "O"}]}, {"base_span": [347, 349], "annotations": [{"nertag": "O"}]}, {"base_span": [350, 353], "annotations": [{"nertag": "O"}]}, {"base_span": [353, 354], "annotations": [{"nertag": "O"}]}, {"base_span": [359, 361], "annotations": [{"nertag": "O"}]}, {"base_span": [365, 373], "annotations": [{"nertag": "O"}]}, {"base_span": [374, 378], "annotations": [{"nertag": "O"}]}, {"base_span": [379, 383], "annotations": [{"nertag": "O"}]}, {"base_span": [383, 384], "annotations": [{"nertag": "O"}]}, {"base_span": [385, 388], "annotations": [{"nertag": "O"}]}, {"base_span": [389, 391], "annotations": [{"nertag": "O"}]}, {"base_span": [392, 400], "annotations": [{"nertag": "O"}]}, {"base_span": [401, 409], "annotations": [{"nertag": "O"}]}, {"base_span": [410, 414], "annotations": [{"nertag": "O"}]}, {"base_span": [415, 420], "annotations": [{"nertag": "O"}]}, {"base_span": [420, 421], "annotations": [{"nertag": "O"}]}, {"base_span": [422, 427], "annotations": [{"nertag": "O"}]}, {"base_span": [427, 428], "annotations": [{"nertag": "O"}]}, {"base_span": [429, 433], "annotations": [{"nertag": "O"}]}, {"base_span": [437, 440], "annotations": [{"nertag": "O"}]}, {"base_span": [441, 444], "annotations": [{"nertag": "O"}]}, {"base_span": [444, 445], "annotations": [{"nertag": "O"}]}, {"base_span": [450, 455], "annotations": [{"nertag": "O"}]}, {"base_span": [459, 462], "annotations": [{"nertag": "O"}]}, {"base_span": [463, 466], "annotations": [{"nertag": "O"}]}, {"base_span": [466, 467], "annotations": [{"nertag": "O"}]}, {"base_span": [472, 476], "annotations": [{"nertag": "O"}]}, {"base_span": [477, 482], "annotations": [{"nertag": "O"}]}, {"base_span": [483, 486], "annotations": [{"nertag": "O"}]}, {"base_span": [487, 490], "annotations": [{"nertag": "O"}]}, {"base_span": [490, 491], "annotations": [{"nertag": "O"}]}, {"base_span": [492, 497], "annotations": [{"nertag": "O"}]}, {"base_span": [498, 502], "annotations": [{"nertag": "O"}]}, {"base_span": [503, 508], "annotations": [{"nertag": "O"}]}, {"base_span": [509, 514], "annotations": [{"nertag": "O"}]}, {"base_span": [514, 515], "annotations": [{"nertag": "O"}]}, {"base_span": [517, 521], "annotations": [{"nertag": "B-PER"}]}, {"base_span": [522, 528], "annotations": [{"nertag": "I-PER"}]}, {"base_span": [529, 537], "annotations": [{"nertag": "O"}]}, {"base_span": [538, 546], "annotations": [{"nertag": "O"}]}, {"base_span": [547, 552], "annotations": [{"nertag": "O"}]}, {"base_span": [552, 553], "annotations": [{"nertag": "O"}]}, {"base_span": [555, 557], "annotations": [{"nertag": "O"}]}, {"base_span": [558, 560], "annotations": [{"nertag": "O"}]}, {"base_span": [564, 575], "annotations": [{"nertag": "O"}]}, {"base_span": [576, 578], "annotations": [{"nertag": "O"}]}, {"base_span": [579, 583], "annotations": [{"nertag": "O"}]}, {"base_span": [584, 588], "annotations": [{"nertag": "O"}]}, {"base_span": [589, 595], "annotations": [{"nertag": "O"}]}, {"base_span": [595, 596], "annotations": [{"nertag": "O"}]}, {"base_span": [597, 600], "annotations": [{"nertag": "O"}]}, {"base_span": [601, 604], "annotations": [{"nertag": "O"}]}, {"base_span": [605, 607], "annotations": [{"nertag": "O"}]}, {"base_span": [608, 614], "annotations": [{"nertag": "O"}]}, {"base_span": [615, 621], "annotations": [{"nertag": "O"}]}, {"base_span": [622, 626], "annotations": [{"nertag": "O"}]}, {"base_span": [627, 634], "annotations": [{"nertag": "O"}]}, {"base_span": [634, 635], "annotations": [{"nertag": "O"}]}, {"base_span": [636, 643], "annotations": [{"nertag": "O"}]}, {"base_span": [644, 646], "annotations": [{"nertag": "O"}]}, {"base_span": [647, 650], "annotations": [{"nertag": "O"}]}, {"base_span": [651, 655], "annotations": [{"nertag": "O"}]}, {"base_span": [656, 661], "annotations": [{"nertag": "O"}]}, {"base_span": [662, 665], "annotations": [{"nertag": "O"}]}, {"base_span": [666, 674], "annotations": [{"nertag": "O"}]}, {"base_span": [674, 675], "annotations": [{"nertag": "O"}]}, {"base_span": [680, 682], "annotations": [{"nertag": "O"}]}, {"base_span": [683, 685], "annotations": [{"nertag": "O"}]}, {"base_span": [689, 693], "annotations": [{"nertag": "O"}]}, {"base_span": [694, 696], "annotations": [{"nertag": "O"}]}, {"base_span": [697, 701], "annotations": [{"nertag": "O"}]}, {"base_span": [702, 712], "annotations": [{"nertag": "O"}]}, {"base_span": [713, 719], "annotations": [{"nertag": "O"}]}, {"base_span": [720, 725], "annotations": [{"nertag": "O"}]}, {"base_span": [725, 726], "annotations": [{"nertag": "O"}]}, {"base_span": [727, 730], "annotations": [{"nertag": "O"}]}, {"base_span": [731, 735], "annotations": [{"nertag": "O"}]}, {"base_span": [736, 738], "annotations": [{"nertag": "O"}]}, {"base_span": [739, 745], "annotations": [{"nertag": "O"}]}, {"base_span": [745, 746], "annotations": [{"nertag": "O"}]}, {"base_span": [747, 750], "annotations": [{"nertag": "O"}]}, {"base_span": [751, 756], "annotations": [{"nertag": "O"}]}, {"base_span": [761, 763], "annotations": [{"nertag": "O"}]}, {"base_span": [764, 766], "annotations": [{"nertag": "O"}]}, {"base_span": [770, 774], "annotations": [{"nertag": "O"}]}, {"base_span": [775, 777], "annotations": [{"nertag": "O"}]}, {"base_span": [778, 782], "annotations": [{"nertag": "O"}]}, {"base_span": [783, 786], "annotations": [{"nertag": "O"}]}, {"base_span": [787, 790], "annotations": [{"nertag": "O"}]}, {"base_span": [790, 791], "annotations": [{"nertag": "O"}]}, {"base_span": [792, 797], "annotations": [{"nertag": "O"}]}, {"base_span": [797, 798], "annotations": [{"nertag": "O"}]}, {"base_span": [799, 802], "annotations": [{"nertag": "O"}]}, {"base_span": [803, 805], "annotations": [{"nertag": "O"}]}, {"base_span": [806, 810], "annotations": [{"nertag": "O"}]}, {"base_span": [811, 816], "annotations": [{"nertag": "O"}]}, {"base_span": [817, 822], "annotations": [{"nertag": "O"}]}, {"base_span": [823, 825], "annotations": [{"nertag": "O"}]}, {"base_span": [826, 829], "annotations": [{"nertag": "O"}]}, {"base_span": [829, 830], "annotations": [{"nertag": "O"}]}, {"base_span": [831, 835], "annotations": [{"nertag": "O"}]}, {"base_span": [836, 838], "annotations": [{"nertag": "O"}]}, {"base_span": [839, 843], "annotations": [{"nertag": "O"}]}, {"base_span": [844, 848], "annotations": [{"nertag": "O"}]}, {"base_span": [849, 851], "annotations": [{"nertag": "O"}]}, {"base_span": [852, 856], "annotations": [{"nertag": "O"}]}, {"base_span": [857, 862], "annotations": [{"nertag": "O"}]}, {"base_span": [867, 872], "annotations": [{"nertag": "O"}]}, {"base_span": [873, 883], "annotations": [{"nertag": "O"}]}, {"base_span": [884, 890], "annotations": [{"nertag": "B-PER"}]}, {"base_span": [891, 896], "annotations": [{"nertag": "I-PER"}]}, {"base_span": [896, 897], "annotations": [{"nertag": "O"}]}, {"base_span": [898, 912], "annotations": [{"nertag": "O"}]}, {"base_span": [913, 918], "annotations": [{"nertag": "O"}]}, {"base_span": [919, 929], "annotations": [{"nertag": "O"}]}, {"base_span": [930, 933], "annotations": [{"nertag": "O"}]}, {"base_span": [934, 942], "annotations": [{"nertag": "O"}]}, {"base_span": [942, 943], "annotations": [{"nertag": "O"}]}, {"base_span": [944, 949], "annotations": [{"nertag": "O"}]}, {"base_span": [950, 960], "annotations": [{"nertag": "O"}]}, {"base_span": [960, 961], "annotations": [{"nertag": "O"}]}, {"base_span": [962, 964], "annotations": [{"nertag": "O"}]}, {"base_span": [965, 969], "annotations": [{"nertag": "B-PER"}]}, {"base_span": [970, 978], "annotations": [{"nertag": "I-PER"}]}, {"base_span": [979, 990], "annotations": [{"nertag": "O"}]}, {"base_span": [991, 995], "annotations": [{"nertag": "O"}]}, {"base_span": [996, 1004], "annotations": [{"nertag": "O"}]}, {"base_span": [1005, 1007], "annotations": [{"nertag": "O"}]}, {"base_span": [1008, 1011], "annotations": [{"nertag": "O"}]}, {"base_span": [1012, 1016], "annotations": [{"nertag": "O"}]}, {"base_span": [1016, 1017], "annotations": [{"nertag": "O"}]}, {"base_span": [1018, 1021], "annotations": [{"nertag": "O"}]}, {"base_span": [1022, 1023], "annotations": [{"nertag": "O"}]}, {"base_span": [1023, 1024], "annotations": [{"nertag": "O"}]}, {"base_span": [1024, 1025], "annotations": [{"nertag": "O"}]}, {"base_span": [1026, 1034], "annotations": [{"nertag": "O"}]}, {"base_span": [1034, 1035], "annotations": [{"nertag": "O"}]}, {"base_span": [1037, 1041], "annotations": [{"nertag": "B-PER"}]}, {"base_span": [1042, 1048], "annotations": [{"nertag": "I-PER"}]}, {"base_span": [1049, 1054], "annotations": [{"nertag": "O"}]}, {"base_span": [1055, 1059], "annotations": [{"nertag": "O"}]}, {"base_span": [1060, 1064], "annotations": [{"nertag": "O"}]}, {"base_span": [1064, 1065], "annotations": [{"nertag": "O"}]}, {"base_span": [1066, 1068], "annotations": [{"nertag": "O"}]}, {"base_span": [1069, 1073], "annotations": [{"nertag": "O"}]}, {"base_span": [1074, 1076], "annotations": [{"nertag": "O"}]}, {"base_span": [1077, 1085], "annotations": [{"nertag": "O"}]}, {"base_span": [1086, 1097], "annotations": [{"nertag": "O"}]}, {"base_span": [1098, 1106], "annotations": [{"nertag": "O"}]}, {"base_span": [1106, 1107], "annotations": [{"nertag": "O"}]}, {"base_span": [1108, 1111], "annotations": [{"nertag": "O"}]}, {"base_span": [1112, 1113], "annotations": [{"nertag": "O"}]}, {"base_span": [1114, 1122], "annotations": [{"nertag": "O"}]}, {"base_span": [1123, 1128], "annotations": [{"nertag": "O"}]}, {"base_span": [1129, 1134], "annotations": [{"nertag": "O"}]}, {"base_span": [1135, 1143], "annotations": [{"nertag": "O"}]}, {"base_span": [1144, 1150], "annotations": [{"nertag": "O"}]}, {"base_span": [1150, 1151], "annotations": [{"nertag": "O"}]}, {"base_span": [1152, 1157], "annotations": [{"nertag": "O"}]}, {"base_span": [1158, 1163], "annotations": [{"nertag": "O"}]}, {"base_span": [1164, 1166], "annotations": [{"nertag": "O"}]}, {"base_span": [1167, 1170], "annotations": [{"nertag": "O"}]}, {"base_span": [1171, 1177], "annotations": [{"nertag": "O"}]}, {"base_span": [1178, 1183], "annotations": [{"nertag": "O"}]}, {"base_span": [1183, 1184], "annotations": [{"nertag": "O"}]}, {"base_span": [1185, 1189], "annotations": [{"nertag": "O"}]}, {"base_span": [1190, 1192], "annotations": [{"nertag": "O"}]}, {"base_span": [1193, 1199], "annotations": [{"nertag": "O"}]}, {"base_span": [1200, 1207], "annotations": [{"nertag": "O"}]}, {"base_span": [1208, 1214], "annotations": [{"nertag": "O"}]}, {"base_span": [1215, 1222], "annotations": [{"nertag": "O"}]}, {"base_span": [1222, 1223], "annotations": [{"nertag": "O"}]}, {"base_span": [1225, 1231], "annotations": [{"nertag": "O"}]}, {"base_span": [1231, 1232], "annotations": [{"nertag": "O"}]}, {"base_span": [1233, 1237], "annotations": [{"nertag": "B-PER"}]}, {"base_span": [1238, 1244], "annotations": [{"nertag": "I-PER"}]}, {"base_span": [1245, 1249], "annotations": [{"nertag": "O"}]}, {"base_span": [1250, 1251], "annotations": [{"nertag": "O"}]}, {"base_span": [1252, 1257], "annotations": [{"nertag": "O"}]}, {"base_span": [1258, 1262], "annotations": [{"nertag": "O"}]}, {"base_span": [1263, 1268], "annotations": [{"nertag": "B-PER"}]}, {"base_span": [1269, 1274], "annotations": [{"nertag": "I-PER"}]}, {"base_span": [1275, 1280], "annotations": [{"nertag": "O"}]}, {"base_span": [1281, 1287], "annotations": [{"nertag": "O"}]}, {"base_span": [1287, 1288], "annotations": [{"nertag": "O"}]}, {"base_span": [1290, 1292], "annotations": [{"nertag": "O"}]}, {"base_span": [1296, 1298], "annotations": [{"nertag": "O"}]}, {"base_span": [1299, 1306], "annotations": [{"nertag": "O"}]}, {"base_span": [1307, 1315], "annotations": [{"nertag": "O"}]}, {"base_span": [1316, 1322], "annotations": [{"nertag": "O"}]}, {"base_span": [1323, 1334], "annotations": [{"nertag": "O"}]}, {"base_span": [1335, 1339], "annotations": [{"nertag": "O"}]}, {"base_span": [1340, 1343], "annotations": [{"nertag": "O"}]}, {"base_span": [1344, 1351], "annotations": [{"nertag": "O"}]}, {"base_span": [1352, 1357], "annotations": [{"nertag": "O"}]}, {"base_span": [1358, 1360], "annotations": [{"nertag": "O"}]}, {"base_span": [1361, 1364], "annotations": [{"nertag": "O"}]}, {"base_span": [1364, 1365], "annotations": [{"nertag": "O"}]}, {"base_span": [1366, 1370], "annotations": [{"nertag": "O"}]}, {"base_span": [1374, 1377], "annotations": [{"nertag": "O"}]}, {"base_span": [1378, 1381], "annotations": [{"nertag": "O"}]}, {"base_span": [1381, 1382], "annotations": [{"nertag": "O"}]}, {"base_span": [1387, 1389], "annotations": [{"nertag": "O"}]}, {"base_span": [1393, 1397], "annotations": [{"nertag": "O"}]}, {"base_span": [1398, 1403], "annotations": [{"nertag": "O"}]}, {"base_span": [1404, 1410], "annotations": [{"nertag": "O"}]}, {"base_span": [1411, 1415], "annotations": [{"nertag": "O"}]}, {"base_span": [1419, 1421], "annotations": [{"nertag": "O"}]}, {"base_span": [1422, 1425], "annotations": [{"nertag": "O"}]}, {"base_span": [1425, 1426], "annotations": [{"nertag": "O"}]}, {"base_span": [1431, 1433], "annotations": [{"nertag": "O"}]}, {"base_span": [1437, 1445], "annotations": [{"nertag": "O"}]}, {"base_span": [1446, 1450], "annotations": [{"nertag": "O"}]}, {"base_span": [1451, 1455], "annotations": [{"nertag": "O"}]}, {"base_span": [1456, 1460], "annotations": [{"nertag": "O"}]}, {"base_span": [1464, 1467], "annotations": [{"nertag": "O"}]}, {"base_span": [1468, 1471], "annotations": [{"nertag": "O"}]}, {"base_span": [1471, 1472], "annotations": [{"nertag": "O"}]}, {"base_span": [1477, 1482], "annotations": [{"nertag": "O"}]}, {"base_span": [1486, 1489], "annotations": [{"nertag": "O"}]}, {"base_span": [1490, 1493], "annotations": [{"nertag": "O"}]}, {"base_span": [1493, 1494], "annotations": [{"nertag": "O"}]}, {"base_span": [1499, 1505], "annotations": [{"nertag": "O"}]}, {"base_span": [1506, 1509], "annotations": [{"nertag": "O"}]}, {"base_span": [1510, 1524], "annotations": [{"nertag": "O"}]}, {"base_span": [1525, 1526], "annotations": [{"nertag": "B-MISC"}]}, {"base_span": [1526, 1527], "annotations": [{"nertag": "I-MISC"}]}, {"base_span": [1527, 1528], "annotations": [{"nertag": "I-MISC"}]}, {"base_span": [1528, 1529], "annotations": [{"nertag": "I-MISC"}]}, {"base_span": [1529, 1530], "annotations": [{"nertag": "I-MISC"}]}, {"base_span": [1530, 1531], "annotations": [{"nertag": "I-MISC"}]}, {"base_span": [1532, 1537], "annotations": [{"nertag": "O"}]}, {"base_span": [1538, 1539], "annotations": [{"nertag": "O"}]}, {"base_span": [1539, 1540], "annotations": [{"nertag": "O"}]}, {"base_span": [1541, 1545], "annotations": [{"nertag": "O"}]}, {"base_span": [1546, 1547], "annotations": [{"nertag": "O"}]}, {"base_span": [1547, 1550], "annotations": [{"nertag": "O"}]}, {"base_span": [1551, 1555], "annotations": [{"nertag": "O"}]}, {"base_span": [1556, 1559], "annotations": [{"nertag": "O"}]}, {"base_span": [1560, 1568], "annotations": [{"nertag": "O"}]}, {"base_span": [1569, 1571], "annotations": [{"nertag": "O"}]}, {"base_span": [1572, 1576], "annotations": [{"nertag": "O"}]}, {"base_span": [1577, 1582], "annotations": [{"nertag": "O"}]}, {"base_span": [1582, 1583], "annotations": [{"nertag": "O"}]}, {"base_span": [1584, 1588], "annotations": [{"nertag": "O"}]}, {"base_span": [1589, 1591], "annotations": [{"nertag": "O"}]}, {"base_span": [1592, 1597], "annotations": [{"nertag": "O"}]}, {"base_span": [1598, 1602], "annotations": [{"nertag": "B-PER"}]}, {"base_span": [1603, 1609], "annotations": [{"nertag": "I-PER"}]}, {"base_span": [1610, 1615], "annotations": [{"nertag": "O"}]}, {"base_span": [1616, 1623], "annotations": [{"nertag": "O"}]}, {"base_span": [1624, 1629], "annotations": [{"nertag": "O"}]}, {"base_span": [1629, 1630], "annotations": [{"nertag": "O"}]}, {"base_span": [1631, 1633], "annotations": [{"nertag": "O"}]}, {"base_span": [1634, 1636], "annotations": [{"nertag": "O"}]}, {"base_span": [1637, 1642], "annotations": [{"nertag": "B-PER"}]}, {"base_span": [1643, 1647], "annotations": [{"nertag": "I-PER"}]}, {"base_span": [1647, 1648], "annotations": [{"nertag": "O"}]}]}]}