{"text": "\nJwan Miksoon kaibas, et temal Jwan Limonowi käest oma teenitud palka 7 rubla 40 Kop. saada on ja palus kohut seda summa sisse nõuda.\n\nJwan Limonow wastutas kaibuse peale, et tema on Jwan Miskonile küll 10 rubla wõlga jäänud pärast seda kui Jwan Mikson tema tööst ära oli läinud ja on sellest ka jo 9 rubla tagasi maksnud, aga 1 rubla mis weel maksa on ei makswat tema mitte selle pärast, et Jwan Mikson temale kahju teinud:\n\nühe kiwilõhkumise haamri ära rikunud\n   4 rubla 50\n  \n\nraha warastanud westi taskust\n   40 k\n  \n\nSumma\n   4 rubla 90 k.\n  \n\nja palus et kohus teda warguse eest trahwiks ja kahju temale kätte mõistaks.\n\nIwan Mikson wastutas, et tema ei ole haamerd lõhkunud, ega 40 Kop. raha warastanud, aga 9 rubla raha on tema küll kätte saanud, aga et tall 7 rubla 40 kop. weel saada on ei wõinud ta selgeks teha.\n\nTunnistaja Jaan Looga tunnistas, et tema on kuulnud kui Limonow ja Mikson oma wahe rehknungi on pidanud et Limonow 10 rubla Miksonile wõlga on jäänud.\n\nMõiste: Jwan Mikson peab Jwan Limonowi hääks kahju tasumist haamri lõhkumise eest 2 rubla wälja maksma, aga 1 rubla mis jo een on ei pruugi maksa, üle pea 1 rubla ja wale kaibuse eest 3 rubla trahwi waeste laekasse 8 päewa sees wälja maksma.\n\nOtsus kuulutadi kohtus käiatele T.R.S. R. järele §772-774 aga et Jwan Mikson rahul ei ole anti talle õppusleht kätte.\n\n\n", "meta": {"origin_directory": "vallakohus_neljas/"}, "layers": [{"name": "gold_ner", "attributes": ["nertag"], "parent": null, "enveloping": null, "ambiguous": false, "serialisation_module": null, "meta": {}, "spans": [{"base_span": [1, 13], "annotations": [{"nertag": "PER"}]}, {"base_span": [31, 44], "annotations": [{"nertag": "PER"}]}, {"base_span": [135, 147], "annotations": [{"nertag": "PER"}]}, {"base_span": [183, 197], "annotations": [{"nertag": "PER"}]}, {"base_span": [241, 252], "annotations": [{"nertag": "PER"}]}, {"base_span": [392, 403], "annotations": [{"nertag": "PER"}]}, {"base_span": [628, 639], "annotations": [{"nertag": "PER"}]}, {"base_span": [837, 847], "annotations": [{"nertag": "PER"}]}, {"base_span": [882, 889], "annotations": [{"nertag": "PER"}]}, {"base_span": [893, 899], "annotations": [{"nertag": "PER"}]}, {"base_span": [933, 940], "annotations": [{"nertag": "PER"}]}, {"base_span": [950, 959], "annotations": [{"nertag": "PER"}]}, {"base_span": [986, 997], "annotations": [{"nertag": "PER"}]}, {"base_span": [1003, 1016], "annotations": [{"nertag": "PER"}]}, {"base_span": [1253, 1262], "annotations": [{"nertag": "MISC"}]}, {"base_span": [1286, 1297], "annotations": [{"nertag": "PER"}]}]}, {"name": "gold_wordner", "attributes": ["nertag"], "parent": null, "enveloping": null, "ambiguous": false, "serialisation_module": null, "meta": {}, "spans": [{"base_span": [1, 5], "annotations": [{"nertag": "B-PER"}]}, {"base_span": [6, 13], "annotations": [{"nertag": "I-PER"}]}, {"base_span": [14, 20], "annotations": [{"nertag": "O"}]}, {"base_span": [20, 21], "annotations": [{"nertag": "O"}]}, {"base_span": [22, 24], "annotations": [{"nertag": "O"}]}, {"base_span": [25, 30], "annotations": [{"nertag": "O"}]}, {"base_span": [31, 35], "annotations": [{"nertag": "B-PER"}]}, {"base_span": [36, 44], "annotations": [{"nertag": "I-PER"}]}, {"base_span": [45, 50], "annotations": [{"nertag": "O"}]}, {"base_span": [51, 54], "annotations": [{"nertag": "O"}]}, {"base_span": [55, 63], "annotations": [{"nertag": "O"}]}, {"base_span": [64, 69], "annotations": [{"nertag": "O"}]}, {"base_span": [70, 71], "annotations": [{"nertag": "O"}]}, {"base_span": [72, 77], "annotations": [{"nertag": "O"}]}, {"base_span": [78, 80], "annotations": [{"nertag": "O"}]}, {"base_span": [81, 84], "annotations": [{"nertag": "O"}]}, {"base_span": [84, 85], "annotations": [{"nertag": "O"}]}, {"base_span": [86, 91], "annotations": [{"nertag": "O"}]}, {"base_span": [92, 94], "annotations": [{"nertag": "O"}]}, {"base_span": [95, 97], "annotations": [{"nertag": "O"}]}, {"base_span": [98, 103], "annotations": [{"nertag": "O"}]}, {"base_span": [104, 109], "annotations": [{"nertag": "O"}]}, {"base_span": [110, 114], "annotations": [{"nertag": "O"}]}, {"base_span": [115, 120], "annotations": [{"nertag": "O"}]}, {"base_span": [121, 126], "annotations": [{"nertag": "O"}]}, {"base_span": [127, 132], "annotations": [{"nertag": "O"}]}, {"base_span": [132, 133], "annotations": [{"nertag": "O"}]}, {"base_span": [135, 139], "annotations": [{"nertag": "B-PER"}]}, {"base_span": [140, 147], "annotations": [{"nertag": "I-PER"}]}, {"base_span": [148, 156], "annotations": [{"nertag": "O"}]}, {"base_span": [157, 164], "annotations": [{"nertag": "O"}]}, {"base_span": [165, 170], "annotations": [{"nertag": "O"}]}, {"base_span": [170, 171], "annotations": [{"nertag": "O"}]}, {"base_span": [172, 174], "annotations": [{"nertag": "O"}]}, {"base_span": [175, 179], "annotations": [{"nertag": "O"}]}, {"base_span": [180, 182], "annotations": [{"nertag": "O"}]}, {"base_span": [183, 187], "annotations": [{"nertag": "B-PER"}]}, {"base_span": [188, 197], "annotations": [{"nertag": "I-PER"}]}, {"base_span": [198, 202], "annotations": [{"nertag": "O"}]}, {"base_span": [203, 205], "annotations": [{"nertag": "O"}]}, {"base_span": [206, 211], "annotations": [{"nertag": "O"}]}, {"base_span": [212, 217], "annotations": [{"nertag": "O"}]}, {"base_span": [218, 224], "annotations": [{"nertag": "O"}]}, {"base_span": [225, 231], "annotations": [{"nertag": "O"}]}, {"base_span": [232, 236], "annotations": [{"nertag": "O"}]}, {"base_span": [237, 240], "annotations": [{"nertag": "O"}]}, {"base_span": [241, 245], "annotations": [{"nertag": "B-PER"}]}, {"base_span": [246, 252], "annotations": [{"nertag": "I-PER"}]}, {"base_span": [253, 257], "annotations": [{"nertag": "O"}]}, {"base_span": [258, 263], "annotations": [{"nertag": "O"}]}, {"base_span": [264, 267], "annotations": [{"nertag": "O"}]}, {"base_span": [268, 271], "annotations": [{"nertag": "O"}]}, {"base_span": [272, 278], "annotations": [{"nertag": "O"}]}, {"base_span": [279, 281], "annotations": [{"nertag": "O"}]}, {"base_span": [282, 284], "annotations": [{"nertag": "O"}]}, {"base_span": [285, 292], "annotations": [{"nertag": "O"}]}, {"base_span": [293, 295], "annotations": [{"nertag": "O"}]}, {"base_span": [296, 298], "annotations": [{"nertag": "O"}]}, {"base_span": [299, 300], "annotations": [{"nertag": "O"}]}, {"base_span": [301, 306], "annotations": [{"nertag": "O"}]}, {"base_span": [307, 313], "annotations": [{"nertag": "O"}]}, {"base_span": [314, 321], "annotations": [{"nertag": "O"}]}, {"base_span": [321, 322], "annotations": [{"nertag": "O"}]}, {"base_span": [323, 326], "annotations": [{"nertag": "O"}]}, {"base_span": [327, 328], "annotations": [{"nertag": "O"}]}, {"base_span": [329, 334], "annotations": [{"nertag": "O"}]}, {"base_span": [335, 338], "annotations": [{"nertag": "O"}]}, {"base_span": [339, 343], "annotations": [{"nertag": "O"}]}, {"base_span": [344, 349], "annotations": [{"nertag": "O"}]}, {"base_span": [350, 352], "annotations": [{"nertag": "O"}]}, {"base_span": [353, 355], "annotations": [{"nertag": "O"}]}, {"base_span": [356, 363], "annotations": [{"nertag": "O"}]}, {"base_span": [364, 368], "annotations": [{"nertag": "O"}]}, {"base_span": [369, 374], "annotations": [{"nertag": "O"}]}, {"base_span": [375, 380], "annotations": [{"nertag": "O"}]}, {"base_span": [381, 387], "annotations": [{"nertag": "O"}]}, {"base_span": [387, 388], "annotations": [{"nertag": "O"}]}, {"base_span": [389, 391], "annotations": [{"nertag": "O"}]}, {"base_span": [392, 396], "annotations": [{"nertag": "B-PER"}]}, {"base_span": [397, 403], "annotations": [{"nertag": "I-PER"}]}, {"base_span": [404, 410], "annotations": [{"nertag": "O"}]}, {"base_span": [411, 416], "annotations": [{"nertag": "O"}]}, {"base_span": [417, 423], "annotations": [{"nertag": "O"}]}, {"base_span": [423, 424], "annotations": [{"nertag": "O"}]}, {"base_span": [426, 429], "annotations": [{"nertag": "O"}]}, {"base_span": [430, 443], "annotations": [{"nertag": "O"}]}, {"base_span": [444, 450], "annotations": [{"nertag": "O"}]}, {"base_span": [451, 454], "annotations": [{"nertag": "O"}]}, {"base_span": [455, 462], "annotations": [{"nertag": "O"}]}, {"base_span": [466, 467], "annotations": [{"nertag": "O"}]}, {"base_span": [468, 473], "annotations": [{"nertag": "O"}]}, {"base_span": [474, 476], "annotations": [{"nertag": "O"}]}, {"base_span": [481, 485], "annotations": [{"nertag": "O"}]}, {"base_span": [486, 496], "annotations": [{"nertag": "O"}]}, {"base_span": [497, 502], "annotations": [{"nertag": "O"}]}, {"base_span": [503, 510], "annotations": [{"nertag": "O"}]}, {"base_span": [514, 516], "annotations": [{"nertag": "O"}]}, {"base_span": [517, 518], "annotations": [{"nertag": "O"}]}, {"base_span": [523, 528], "annotations": [{"nertag": "O"}]}, {"base_span": [532, 533], "annotations": [{"nertag": "O"}]}, {"base_span": [534, 539], "annotations": [{"nertag": "O"}]}, {"base_span": [540, 542], "annotations": [{"nertag": "O"}]}, {"base_span": [543, 544], "annotations": [{"nertag": "O"}]}, {"base_span": [544, 545], "annotations": [{"nertag": "O"}]}, {"base_span": [550, 552], "annotations": [{"nertag": "O"}]}, {"base_span": [553, 558], "annotations": [{"nertag": "O"}]}, {"base_span": [559, 561], "annotations": [{"nertag": "O"}]}, {"base_span": [562, 567], "annotations": [{"nertag": "O"}]}, {"base_span": [568, 572], "annotations": [{"nertag": "O"}]}, {"base_span": [573, 580], "annotations": [{"nertag": "O"}]}, {"base_span": [581, 585], "annotations": [{"nertag": "O"}]}, {"base_span": [586, 594], "annotations": [{"nertag": "O"}]}, {"base_span": [595, 597], "annotations": [{"nertag": "O"}]}, {"base_span": [598, 603], "annotations": [{"nertag": "O"}]}, {"base_span": [604, 610], "annotations": [{"nertag": "O"}]}, {"base_span": [611, 616], "annotations": [{"nertag": "O"}]}, {"base_span": [617, 625], "annotations": [{"nertag": "O"}]}, {"base_span": [625, 626], "annotations": [{"nertag": "O"}]}, {"base_span": [628, 632], "annotations": [{"nertag": "B-PER"}]}, {"base_span": [633, 639], "annotations": [{"nertag": "I-PER"}]}, {"base_span": [640, 648], "annotations": [{"nertag": "O"}]}, {"base_span": [648, 649], "annotations": [{"nertag": "O"}]}, {"base_span": [650, 652], "annotations": [{"nertag": "O"}]}, {"base_span": [653, 657], "annotations": [{"nertag": "O"}]}, {"base_span": [658, 660], "annotations": [{"nertag": "O"}]}, {"base_span": [661, 664], "annotations": [{"nertag": "O"}]}, {"base_span": [665, 672], "annotations": [{"nertag": "O"}]}, {"base_span": [673, 681], "annotations": [{"nertag": "O"}]}, {"base_span": [681, 682], "annotations": [{"nertag": "O"}]}, {"base_span": [683, 686], "annotations": [{"nertag": "O"}]}, {"base_span": [687, 689], "annotations": [{"nertag": "O"}]}, {"base_span": [690, 693], "annotations": [{"nertag": "O"}]}, {"base_span": [693, 694], "annotations": [{"nertag": "O"}]}, {"base_span": [695, 699], "annotations": [{"nertag": "O"}]}, {"base_span": [700, 710], "annotations": [{"nertag": "O"}]}, {"base_span": [710, 711], "annotations": [{"nertag": "O"}]}, {"base_span": [712, 715], "annotations": [{"nertag": "O"}]}, {"base_span": [716, 717], "annotations": [{"nertag": "O"}]}, {"base_span": [718, 723], "annotations": [{"nertag": "O"}]}, {"base_span": [724, 728], "annotations": [{"nertag": "O"}]}, {"base_span": [729, 731], "annotations": [{"nertag": "O"}]}, {"base_span": [732, 736], "annotations": [{"nertag": "O"}]}, {"base_span": [737, 741], "annotations": [{"nertag": "O"}]}, {"base_span": [742, 747], "annotations": [{"nertag": "O"}]}, {"base_span": [748, 754], "annotations": [{"nertag": "O"}]}, {"base_span": [754, 755], "annotations": [{"nertag": "O"}]}, {"base_span": [756, 759], "annotations": [{"nertag": "O"}]}, {"base_span": [760, 762], "annotations": [{"nertag": "O"}]}, {"base_span": [763, 767], "annotations": [{"nertag": "O"}]}, {"base_span": [768, 769], "annotations": [{"nertag": "O"}]}, {"base_span": [770, 775], "annotations": [{"nertag": "O"}]}, {"base_span": [776, 778], "annotations": [{"nertag": "O"}]}, {"base_span": [779, 782], "annotations": [{"nertag": "O"}]}, {"base_span": [782, 783], "annotations": [{"nertag": "O"}]}, {"base_span": [784, 788], "annotations": [{"nertag": "O"}]}, {"base_span": [789, 794], "annotations": [{"nertag": "O"}]}, {"base_span": [795, 797], "annotations": [{"nertag": "O"}]}, {"base_span": [798, 800], "annotations": [{"nertag": "O"}]}, {"base_span": [801, 807], "annotations": [{"nertag": "O"}]}, {"base_span": [808, 810], "annotations": [{"nertag": "O"}]}, {"base_span": [811, 818], "annotations": [{"nertag": "O"}]}, {"base_span": [819, 823], "annotations": [{"nertag": "O"}]}, {"base_span": [823, 824], "annotations": [{"nertag": "O"}]}, {"base_span": [826, 836], "annotations": [{"nertag": "O"}]}, {"base_span": [837, 841], "annotations": [{"nertag": "B-PER"}]}, {"base_span": [842, 847], "annotations": [{"nertag": "I-PER"}]}, {"base_span": [848, 857], "annotations": [{"nertag": "O"}]}, {"base_span": [857, 858], "annotations": [{"nertag": "O"}]}, {"base_span": [859, 861], "annotations": [{"nertag": "O"}]}, {"base_span": [862, 866], "annotations": [{"nertag": "O"}]}, {"base_span": [867, 869], "annotations": [{"nertag": "O"}]}, {"base_span": [870, 877], "annotations": [{"nertag": "O"}]}, {"base_span": [878, 881], "annotations": [{"nertag": "O"}]}, {"base_span": [882, 889], "annotations": [{"nertag": "B-PER"}]}, {"base_span": [890, 892], "annotations": [{"nertag": "O"}]}, {"base_span": [893, 899], "annotations": [{"nertag": "B-PER"}]}, {"base_span": [900, 903], "annotations": [{"nertag": "O"}]}, {"base_span": [904, 908], "annotations": [{"nertag": "O"}]}, {"base_span": [909, 918], "annotations": [{"nertag": "O"}]}, {"base_span": [919, 921], "annotations": [{"nertag": "O"}]}, {"base_span": [922, 929], "annotations": [{"nertag": "O"}]}, {"base_span": [930, 932], "annotations": [{"nertag": "O"}]}, {"base_span": [933, 940], "annotations": [{"nertag": "B-PER"}]}, {"base_span": [941, 943], "annotations": [{"nertag": "O"}]}, {"base_span": [944, 949], "annotations": [{"nertag": "O"}]}, {"base_span": [950, 959], "annotations": [{"nertag": "B-PER"}]}, {"base_span": [960, 965], "annotations": [{"nertag": "O"}]}, {"base_span": [966, 968], "annotations": [{"nertag": "O"}]}, {"base_span": [969, 975], "annotations": [{"nertag": "O"}]}, {"base_span": [975, 976], "annotations": [{"nertag": "O"}]}, {"base_span": [978, 984], "annotations": [{"nertag": "O"}]}, {"base_span": [984, 985], "annotations": [{"nertag": "O"}]}, {"base_span": [986, 990], "annotations": [{"nertag": "B-PER"}]}, {"base_span": [991, 997], "annotations": [{"nertag": "I-PER"}]}, {"base_span": [998, 1002], "annotations": [{"nertag": "O"}]}, {"base_span": [1003, 1007], "annotations": [{"nertag": "B-PER"}]}, {"base_span": [1008, 1016], "annotations": [{"nertag": "I-PER"}]}, {"base_span": [1017, 1022], "annotations": [{"nertag": "O"}]}, {"base_span": [1023, 1028], "annotations": [{"nertag": "O"}]}, {"base_span": [1029, 1037], "annotations": [{"nertag": "O"}]}, {"base_span": [1038, 1044], "annotations": [{"nertag": "O"}]}, {"base_span": [1045, 1054], "annotations": [{"nertag": "O"}]}, {"base_span": [1055, 1059], "annotations": [{"nertag": "O"}]}, {"base_span": [1060, 1061], "annotations": [{"nertag": "O"}]}, {"base_span": [1062, 1067], "annotations": [{"nertag": "O"}]}, {"base_span": [1068, 1073], "annotations": [{"nertag": "O"}]}, {"base_span": [1074, 1080], "annotations": [{"nertag": "O"}]}, {"base_span": [1080, 1081], "annotations": [{"nertag": "O"}]}, {"base_span": [1082, 1085], "annotations": [{"nertag": "O"}]}, {"base_span": [1086, 1087], "annotations": [{"nertag": "O"}]}, {"base_span": [1088, 1093], "annotations": [{"nertag": "O"}]}, {"base_span": [1094, 1097], "annotations": [{"nertag": "O"}]}, {"base_span": [1098, 1100], "annotations": [{"nertag": "O"}]}, {"base_span": [1101, 1104], "annotations": [{"nertag": "O"}]}, {"base_span": [1105, 1107], "annotations": [{"nertag": "O"}]}, {"base_span": [1108, 1110], "annotations": [{"nertag": "O"}]}, {"base_span": [1111, 1117], "annotations": [{"nertag": "O"}]}, {"base_span": [1118, 1123], "annotations": [{"nertag": "O"}]}, {"base_span": [1123, 1124], "annotations": [{"nertag": "O"}]}, {"base_span": [1125, 1128], "annotations": [{"nertag": "O"}]}, {"base_span": [1129, 1132], "annotations": [{"nertag": "O"}]}, {"base_span": [1133, 1134], "annotations": [{"nertag": "O"}]}, {"base_span": [1135, 1140], "annotations": [{"nertag": "O"}]}, {"base_span": [1141, 1143], "annotations": [{"nertag": "O"}]}, {"base_span": [1144, 1148], "annotations": [{"nertag": "O"}]}, {"base_span": [1149, 1156], "annotations": [{"nertag": "O"}]}, {"base_span": [1157, 1161], "annotations": [{"nertag": "O"}]}, {"base_span": [1162, 1163], "annotations": [{"nertag": "O"}]}, {"base_span": [1164, 1169], "annotations": [{"nertag": "O"}]}, {"base_span": [1170, 1176], "annotations": [{"nertag": "O"}]}, {"base_span": [1177, 1183], "annotations": [{"nertag": "O"}]}, {"base_span": [1184, 1192], "annotations": [{"nertag": "O"}]}, {"base_span": [1193, 1194], "annotations": [{"nertag": "O"}]}, {"base_span": [1195, 1200], "annotations": [{"nertag": "O"}]}, {"base_span": [1201, 1205], "annotations": [{"nertag": "O"}]}, {"base_span": [1206, 1211], "annotations": [{"nertag": "O"}]}, {"base_span": [1212, 1218], "annotations": [{"nertag": "O"}]}, {"base_span": [1218, 1219], "annotations": [{"nertag": "O"}]}, {"base_span": [1221, 1226], "annotations": [{"nertag": "O"}]}, {"base_span": [1227, 1236], "annotations": [{"nertag": "O"}]}, {"base_span": [1237, 1243], "annotations": [{"nertag": "O"}]}, {"base_span": [1244, 1252], "annotations": [{"nertag": "O"}]}, {"base_span": [1253, 1254], "annotations": [{"nertag": "B-MISC"}]}, {"base_span": [1254, 1255], "annotations": [{"nertag": "I-MISC"}]}, {"base_span": [1255, 1256], "annotations": [{"nertag": "I-MISC"}]}, {"base_span": [1256, 1257], "annotations": [{"nertag": "I-MISC"}]}, {"base_span": [1257, 1258], "annotations": [{"nertag": "I-MISC"}]}, {"base_span": [1258, 1259], "annotations": [{"nertag": "I-MISC"}]}, {"base_span": [1260, 1261], "annotations": [{"nertag": "I-MISC"}]}, {"base_span": [1261, 1262], "annotations": [{"nertag": "I-MISC"}]}, {"base_span": [1263, 1269], "annotations": [{"nertag": "O"}]}, {"base_span": [1270, 1271], "annotations": [{"nertag": "O"}]}, {"base_span": [1271, 1274], "annotations": [{"nertag": "O"}]}, {"base_span": [1274, 1275], "annotations": [{"nertag": "O"}]}, {"base_span": [1275, 1278], "annotations": [{"nertag": "O"}]}, {"base_span": [1279, 1282], "annotations": [{"nertag": "O"}]}, {"base_span": [1283, 1285], "annotations": [{"nertag": "O"}]}, {"base_span": [1286, 1290], "annotations": [{"nertag": "B-PER"}]}, {"base_span": [1291, 1297], "annotations": [{"nertag": "I-PER"}]}, {"base_span": [1298, 1303], "annotations": [{"nertag": "O"}]}, {"base_span": [1304, 1306], "annotations": [{"nertag": "O"}]}, {"base_span": [1307, 1310], "annotations": [{"nertag": "O"}]}, {"base_span": [1311, 1315], "annotations": [{"nertag": "O"}]}, {"base_span": [1316, 1321], "annotations": [{"nertag": "O"}]}, {"base_span": [1322, 1331], "annotations": [{"nertag": "O"}]}, {"base_span": [1332, 1337], "annotations": [{"nertag": "O"}]}, {"base_span": [1337, 1338], "annotations": [{"nertag": "O"}]}]}]}