{"text": "Gross kui Allatskiwwi metsawallitseja nõuab Mart Kriiti kaest kahhe ilma asjata kahhe sõidu palgi ärraandmisele, mis agga Mart Kriit polle tulnud wastuwõtma 2. rubla\nMart Kriit kostab, et temmal olla weel wenne tallo ja sellepärrast ei prugi temma arru järrele temma sedda palki Koddawerre wia\nKohhus moistis:\nMetsasaksa kaebdust tühja, sest et temmal õigust polle nõuda omma ammeti tallituse eest, et temma Mart Kriit wasto wotma polle lähnud palki, saab temma 24. tunniga wangistud ja peab laupäewal se palk wastuwõtma metsast ja ärraweema, muidu wastutab temma keik need kullud ja trahwid.\n/:Otsus kulutud sel 12 Webr. 1881/\nA. Krimm [allkiri], peaxxx Maddis Erm, kohtumeesxxx Tawet Kook, \n\nKui Mart Kriidile eesnimmetud otsus kulutud saanud, ütleb temma kohtule wasto, et temma sedda käsku ei täida. Selle eest moistis kohhus tedda weel 24. tunni peale wangihoone kinni\n\nA. Krimm [allkiri], peaxxx Maddis Erm, kohtumeesxxx Tawet Kook, \"\n\n\"\n", "meta": {"origin_directory": "vallakohus_esimene/"}, "layers": [{"name": "gold_ner", "attributes": ["nertag"], "parent": null, "enveloping": null, "ambiguous": false, "serialisation_module": null, "meta": {}, "spans": [{"base_span": [0, 5], "annotations": [{"nertag": "PER"}]}, {"base_span": [10, 21], "annotations": [{"nertag": "LOC"}]}, {"base_span": [44, 55], "annotations": [{"nertag": "PER"}]}, {"base_span": [122, 132], "annotations": [{"nertag": "PER"}]}, {"base_span": [166, 176], "annotations": [{"nertag": "PER"}]}, {"base_span": [279, 289], "annotations": [{"nertag": "LOC"}]}, {"base_span": [408, 418], "annotations": [{"nertag": "PER"}]}, {"base_span": [628, 636], "annotations": [{"nertag": "PER"}]}, {"base_span": [655, 665], "annotations": [{"nertag": "PER"}]}, {"base_span": [680, 690], "annotations": [{"nertag": "PER"}]}, {"base_span": [698, 711], "annotations": [{"nertag": "PER"}]}, {"base_span": [875, 883], "annotations": [{"nertag": "PER"}]}, {"base_span": [902, 912], "annotations": [{"nertag": "PER"}]}, {"base_span": [927, 937], "annotations": [{"nertag": "PER"}]}]}, {"name": "gold_wordner", "attributes": ["nertag"], "parent": null, "enveloping": null, "ambiguous": false, "serialisation_module": null, "meta": {}, "spans": [{"base_span": [0, 5], "annotations": [{"nertag": "B-PER"}]}, {"base_span": [6, 9], "annotations": [{"nertag": "O"}]}, {"base_span": [10, 21], "annotations": [{"nertag": "B-LOC"}]}, {"base_span": [22, 37], "annotations": [{"nertag": "O"}]}, {"base_span": [38, 43], "annotations": [{"nertag": "O"}]}, {"base_span": [44, 48], "annotations": [{"nertag": "B-PER"}]}, {"base_span": [49, 55], "annotations": [{"nertag": "I-PER"}]}, {"base_span": [56, 61], "annotations": [{"nertag": "O"}]}, {"base_span": [62, 67], "annotations": [{"nertag": "O"}]}, {"base_span": [68, 72], "annotations": [{"nertag": "O"}]}, {"base_span": [73, 79], "annotations": [{"nertag": "O"}]}, {"base_span": [80, 85], "annotations": [{"nertag": "O"}]}, {"base_span": [86, 91], "annotations": [{"nertag": "O"}]}, {"base_span": [92, 97], "annotations": [{"nertag": "O"}]}, {"base_span": [98, 111], "annotations": [{"nertag": "O"}]}, {"base_span": [111, 112], "annotations": [{"nertag": "O"}]}, {"base_span": [113, 116], "annotations": [{"nertag": "O"}]}, {"base_span": [117, 121], "annotations": [{"nertag": "O"}]}, {"base_span": [122, 126], "annotations": [{"nertag": "B-PER"}]}, {"base_span": [127, 132], "annotations": [{"nertag": "I-PER"}]}, {"base_span": [133, 138], "annotations": [{"nertag": "O"}]}, {"base_span": [139, 145], "annotations": [{"nertag": "O"}]}, {"base_span": [146, 156], "annotations": [{"nertag": "O"}]}, {"base_span": [157, 159], "annotations": [{"nertag": "O"}]}, {"base_span": [160, 165], "annotations": [{"nertag": "O"}]}, {"base_span": [166, 170], "annotations": [{"nertag": "B-PER"}]}, {"base_span": [171, 176], "annotations": [{"nertag": "I-PER"}]}, {"base_span": [177, 183], "annotations": [{"nertag": "O"}]}, {"base_span": [183, 184], "annotations": [{"nertag": "O"}]}, {"base_span": [185, 187], "annotations": [{"nertag": "O"}]}, {"base_span": [188, 194], "annotations": [{"nertag": "O"}]}, {"base_span": [195, 199], "annotations": [{"nertag": "O"}]}, {"base_span": [200, 204], "annotations": [{"nertag": "O"}]}, {"base_span": [205, 210], "annotations": [{"nertag": "O"}]}, {"base_span": [211, 216], "annotations": [{"nertag": "O"}]}, {"base_span": [217, 219], "annotations": [{"nertag": "O"}]}, {"base_span": [220, 232], "annotations": [{"nertag": "O"}]}, {"base_span": [233, 235], "annotations": [{"nertag": "O"}]}, {"base_span": [236, 241], "annotations": [{"nertag": "O"}]}, {"base_span": [242, 247], "annotations": [{"nertag": "O"}]}, {"base_span": [248, 252], "annotations": [{"nertag": "O"}]}, {"base_span": [253, 260], "annotations": [{"nertag": "O"}]}, {"base_span": [261, 266], "annotations": [{"nertag": "O"}]}, {"base_span": [267, 272], "annotations": [{"nertag": "O"}]}, {"base_span": [273, 278], "annotations": [{"nertag": "O"}]}, {"base_span": [279, 289], "annotations": [{"nertag": "B-LOC"}]}, {"base_span": [290, 293], "annotations": [{"nertag": "O"}]}, {"base_span": [294, 300], "annotations": [{"nertag": "O"}]}, {"base_span": [301, 308], "annotations": [{"nertag": "O"}]}, {"base_span": [308, 309], "annotations": [{"nertag": "O"}]}, {"base_span": [310, 320], "annotations": [{"nertag": "O"}]}, {"base_span": [321, 329], "annotations": [{"nertag": "O"}]}, {"base_span": [330, 335], "annotations": [{"nertag": "O"}]}, {"base_span": [335, 336], "annotations": [{"nertag": "O"}]}, {"base_span": [337, 341], "annotations": [{"nertag": "O"}]}, {"base_span": [342, 344], "annotations": [{"nertag": "O"}]}, {"base_span": [345, 351], "annotations": [{"nertag": "O"}]}, {"base_span": [352, 358], "annotations": [{"nertag": "O"}]}, {"base_span": [359, 364], "annotations": [{"nertag": "O"}]}, {"base_span": [365, 370], "annotations": [{"nertag": "O"}]}, {"base_span": [371, 375], "annotations": [{"nertag": "O"}]}, {"base_span": [376, 382], "annotations": [{"nertag": "O"}]}, {"base_span": [383, 392], "annotations": [{"nertag": "O"}]}, {"base_span": [393, 397], "annotations": [{"nertag": "O"}]}, {"base_span": [397, 398], "annotations": [{"nertag": "O"}]}, {"base_span": [399, 401], "annotations": [{"nertag": "O"}]}, {"base_span": [402, 407], "annotations": [{"nertag": "O"}]}, {"base_span": [408, 412], "annotations": [{"nertag": "B-PER"}]}, {"base_span": [413, 418], "annotations": [{"nertag": "I-PER"}]}, {"base_span": [419, 424], "annotations": [{"nertag": "O"}]}, {"base_span": [425, 430], "annotations": [{"nertag": "O"}]}, {"base_span": [431, 436], "annotations": [{"nertag": "O"}]}, {"base_span": [437, 443], "annotations": [{"nertag": "O"}]}, {"base_span": [444, 449], "annotations": [{"nertag": "O"}]}, {"base_span": [449, 450], "annotations": [{"nertag": "O"}]}, {"base_span": [451, 455], "annotations": [{"nertag": "O"}]}, {"base_span": [456, 461], "annotations": [{"nertag": "O"}]}, {"base_span": [462, 465], "annotations": [{"nertag": "O"}]}, {"base_span": [466, 473], "annotations": [{"nertag": "O"}]}, {"base_span": [474, 483], "annotations": [{"nertag": "O"}]}, {"base_span": [484, 486], "annotations": [{"nertag": "O"}]}, {"base_span": [487, 491], "annotations": [{"nertag": "O"}]}, {"base_span": [492, 501], "annotations": [{"nertag": "O"}]}, {"base_span": [502, 504], "annotations": [{"nertag": "O"}]}, {"base_span": [505, 509], "annotations": [{"nertag": "O"}]}, {"base_span": [510, 520], "annotations": [{"nertag": "O"}]}, {"base_span": [521, 528], "annotations": [{"nertag": "O"}]}, {"base_span": [529, 531], "annotations": [{"nertag": "O"}]}, {"base_span": [532, 541], "annotations": [{"nertag": "O"}]}, {"base_span": [541, 542], "annotations": [{"nertag": "O"}]}, {"base_span": [543, 548], "annotations": [{"nertag": "O"}]}, {"base_span": [549, 557], "annotations": [{"nertag": "O"}]}, {"base_span": [558, 563], "annotations": [{"nertag": "O"}]}, {"base_span": [564, 568], "annotations": [{"nertag": "O"}]}, {"base_span": [569, 573], "annotations": [{"nertag": "O"}]}, {"base_span": [574, 580], "annotations": [{"nertag": "O"}]}, {"base_span": [581, 583], "annotations": [{"nertag": "O"}]}, {"base_span": [584, 591], "annotations": [{"nertag": "O"}]}, {"base_span": [591, 592], "annotations": [{"nertag": "O"}]}, {"base_span": [593, 594], "annotations": [{"nertag": "O"}]}, {"base_span": [594, 595], "annotations": [{"nertag": "O"}]}, {"base_span": [595, 600], "annotations": [{"nertag": "O"}]}, {"base_span": [601, 608], "annotations": [{"nertag": "O"}]}, {"base_span": [609, 612], "annotations": [{"nertag": "O"}]}, {"base_span": [613, 615], "annotations": [{"nertag": "O"}]}, {"base_span": [616, 620], "annotations": [{"nertag": "O"}]}, {"base_span": [620, 621], "annotations": [{"nertag": "O"}]}, {"base_span": [622, 626], "annotations": [{"nertag": "O"}]}, {"base_span": [626, 627], "annotations": [{"nertag": "O"}]}, {"base_span": [628, 629], "annotations": [{"nertag": "B-PER"}]}, {"base_span": [629, 630], "annotations": [{"nertag": "I-PER"}]}, {"base_span": [631, 636], "annotations": [{"nertag": "I-PER"}]}, {"base_span": [637, 638], "annotations": [{"nertag": "O"}]}, {"base_span": [638, 645], "annotations": [{"nertag": "O"}]}, {"base_span": [645, 646], "annotations": [{"nertag": "O"}]}, {"base_span": [646, 647], "annotations": [{"nertag": "O"}]}, {"base_span": [648, 654], "annotations": [{"nertag": "O"}]}, {"base_span": [655, 661], "annotations": [{"nertag": "B-PER"}]}, {"base_span": [662, 665], "annotations": [{"nertag": "I-PER"}]}, {"base_span": [665, 666], "annotations": [{"nertag": "O"}]}, {"base_span": [667, 679], "annotations": [{"nertag": "O"}]}, {"base_span": [680, 685], "annotations": [{"nertag": "B-PER"}]}, {"base_span": [686, 690], "annotations": [{"nertag": "I-PER"}]}, {"base_span": [690, 691], "annotations": [{"nertag": "O"}]}, {"base_span": [694, 697], "annotations": [{"nertag": "O"}]}, {"base_span": [698, 702], "annotations": [{"nertag": "B-PER"}]}, {"base_span": [703, 711], "annotations": [{"nertag": "I-PER"}]}, {"base_span": [712, 723], "annotations": [{"nertag": "O"}]}, {"base_span": [724, 729], "annotations": [{"nertag": "O"}]}, {"base_span": [730, 737], "annotations": [{"nertag": "O"}]}, {"base_span": [738, 744], "annotations": [{"nertag": "O"}]}, {"base_span": [744, 745], "annotations": [{"nertag": "O"}]}, {"base_span": [746, 751], "annotations": [{"nertag": "O"}]}, {"base_span": [752, 757], "annotations": [{"nertag": "O"}]}, {"base_span": [758, 765], "annotations": [{"nertag": "O"}]}, {"base_span": [766, 771], "annotations": [{"nertag": "O"}]}, {"base_span": [771, 772], "annotations": [{"nertag": "O"}]}, {"base_span": [773, 775], "annotations": [{"nertag": "O"}]}, {"base_span": [776, 781], "annotations": [{"nertag": "O"}]}, {"base_span": [782, 787], "annotations": [{"nertag": "O"}]}, {"base_span": [788, 793], "annotations": [{"nertag": "O"}]}, {"base_span": [794, 796], "annotations": [{"nertag": "O"}]}, {"base_span": [797, 802], "annotations": [{"nertag": "O"}]}, {"base_span": [802, 803], "annotations": [{"nertag": "O"}]}, {"base_span": [804, 809], "annotations": [{"nertag": "O"}]}, {"base_span": [810, 814], "annotations": [{"nertag": "O"}]}, {"base_span": [815, 822], "annotations": [{"nertag": "O"}]}, {"base_span": [823, 829], "annotations": [{"nertag": "O"}]}, {"base_span": [830, 835], "annotations": [{"nertag": "O"}]}, {"base_span": [836, 840], "annotations": [{"nertag": "O"}]}, {"base_span": [841, 844], "annotations": [{"nertag": "O"}]}, {"base_span": [845, 850], "annotations": [{"nertag": "O"}]}, {"base_span": [851, 856], "annotations": [{"nertag": "O"}]}, {"base_span": [857, 867], "annotations": [{"nertag": "O"}]}, {"base_span": [868, 873], "annotations": [{"nertag": "O"}]}, {"base_span": [875, 876], "annotations": [{"nertag": "B-PER"}]}, {"base_span": [876, 877], "annotations": [{"nertag": "I-PER"}]}, {"base_span": [878, 883], "annotations": [{"nertag": "I-PER"}]}, {"base_span": [884, 885], "annotations": [{"nertag": "O"}]}, {"base_span": [885, 892], "annotations": [{"nertag": "O"}]}, {"base_span": [892, 893], "annotations": [{"nertag": "O"}]}, {"base_span": [893, 894], "annotations": [{"nertag": "O"}]}, {"base_span": [895, 901], "annotations": [{"nertag": "O"}]}, {"base_span": [902, 908], "annotations": [{"nertag": "B-PER"}]}, {"base_span": [909, 912], "annotations": [{"nertag": "I-PER"}]}, {"base_span": [912, 913], "annotations": [{"nertag": "O"}]}, {"base_span": [914, 926], "annotations": [{"nertag": "O"}]}, {"base_span": [927, 932], "annotations": [{"nertag": "B-PER"}]}, {"base_span": [933, 937], "annotations": [{"nertag": "I-PER"}]}, {"base_span": [937, 938], "annotations": [{"nertag": "O"}]}, {"base_span": [939, 940], "annotations": [{"nertag": "O"}]}, {"base_span": [942, 943], "annotations": [{"nertag": "O"}]}]}]}