{"text": "\nMikk Rebane kaibas: tema olewat Kärsa Kõrtsis Jaan Mutsu käest peksa saanud ja et kõrtsimees Johan Matson mitte temale api ei ole tulnud nõuab tema kõrtsimehe käest oma terwise rikumise eest 500 rubla walu raha; Jaan Mutsu käest ei nõua tema seekord midagi.\n\nKõrtsimees Johan Matson wastutas kaebtuse pääle et tema Rebasele mitte kunage halba sõna ei ole ütelnud waid seda kui ka Jaan Mutsul häbistanud ja keelanud riidlemast, kui tema näinud et Jaan Mutsu Mikk Rebast üks kord löönud; see kaebtus tema pääle on üks tühi kiusu asi.\n\nJaan Mutsu ütles wälja: tema olnud Mikk Rebasega ees kõrtsis, kõrtsimees aga kaubatares, ja sõnutelenud mis pääle Rebane tema juuksist kinni wõtnud ja kui tema oma pääd ära tõmmanud, on Rebane maha sadanud selle pärast et ta joobnud olnud; karwust kiskumise eest on tema ka ükskord Mikk Rebast löönud.\n\nJaan Tross tunnistas, et Mikk Rebane ja Jaan Mutsu eeskõrtsis juuksid pidi koos olnud pärast aga kaubatarre tulnud, kus Mutsu Rebast löönud ja kõrtsimees neid kaklemast keelanud.\n\nJaan Kirnbaum tunnistas, et tema kaubatarest kuulnud kui eeskõrtsis rüseltud; eestotsa on uks wahelt kinni olnud aga kui uks lahti tehtud saanud, näinud tema et Mikk Rebane põranda pääl maas olnud; pärast seda on Jaan Mutsu Rebast kaubatares üks kord kõrwa taga löönud.\n\nMikk Rebane andis weel tunnistajaks üles Peeter Kulp ja Johan Ehrlich.\n\nOtsus: Tunnistaja Peeter Kulp ja Johan Ehrlich saawad 27. Januaril Kohtu ette kutsutud.\n\nKohtumees: Peeter Hindrikson XXX\n\nKohtumees: Kusta Iwanthal XXX\n\nKohtumees: Johan Klaosoon\n\nKirjutaja: Chr Kapp &lt;allkiri&gt;\n\n\n", "meta": {"origin_directory": "vallakohus_kolmas/"}, "layers": [{"name": "gold_ner", "attributes": ["nertag"], "parent": null, "enveloping": null, "ambiguous": false, "serialisation_module": null, "meta": {}, "spans": [{"base_span": [1, 12], "annotations": [{"nertag": "PER"}]}, {"base_span": [33, 46], "annotations": [{"nertag": "LOC_ORG"}]}, {"base_span": [47, 57], "annotations": [{"nertag": "PER"}]}, {"base_span": [94, 106], "annotations": [{"nertag": "PER"}]}, {"base_span": [213, 223], "annotations": [{"nertag": "PER"}]}, {"base_span": [271, 283], "annotations": [{"nertag": "PER"}]}, {"base_span": [316, 324], "annotations": [{"nertag": "PER"}]}, {"base_span": [381, 392], "annotations": [{"nertag": "PER"}]}, {"base_span": [447, 457], "annotations": [{"nertag": "PER"}]}, {"base_span": [458, 469], "annotations": [{"nertag": "PER"}]}, {"base_span": [534, 544], "annotations": [{"nertag": "PER"}]}, {"base_span": [569, 582], "annotations": [{"nertag": "PER"}]}, {"base_span": [648, 654], "annotations": [{"nertag": "PER"}]}, {"base_span": [720, 726], "annotations": [{"nertag": "PER"}]}, {"base_span": [816, 827], "annotations": [{"nertag": "PER"}]}, {"base_span": [837, 847], "annotations": [{"nertag": "PER"}]}, {"base_span": [862, 873], "annotations": [{"nertag": "PER"}]}, {"base_span": [877, 887], "annotations": [{"nertag": "PER"}]}, {"base_span": [957, 962], "annotations": [{"nertag": "PER"}]}, {"base_span": [963, 969], "annotations": [{"nertag": "PER"}]}, {"base_span": [1017, 1030], "annotations": [{"nertag": "PER"}]}, {"base_span": [1178, 1189], "annotations": [{"nertag": "PER"}]}, {"base_span": [1230, 1240], "annotations": [{"nertag": "PER"}]}, {"base_span": [1241, 1247], "annotations": [{"nertag": "PER"}]}, {"base_span": [1288, 1299], "annotations": [{"nertag": "PER"}]}, {"base_span": [1329, 1340], "annotations": [{"nertag": "PER"}]}, {"base_span": [1344, 1357], "annotations": [{"nertag": "PER"}]}, {"base_span": [1378, 1389], "annotations": [{"nertag": "PER"}]}, {"base_span": [1393, 1406], "annotations": [{"nertag": "PER"}]}, {"base_span": [1460, 1477], "annotations": [{"nertag": "PER"}]}, {"base_span": [1494, 1508], "annotations": [{"nertag": "PER"}]}, {"base_span": [1525, 1539], "annotations": [{"nertag": "PER"}]}, {"base_span": [1552, 1560], "annotations": [{"nertag": "PER"}]}]}, {"name": "gold_wordner", "attributes": ["nertag"], "parent": null, "enveloping": null, "ambiguous": false, "serialisation_module": null, "meta": {}, "spans": [{"base_span": [1, 5], "annotations": [{"nertag": "B-PER"}]}, {"base_span": [6, 12], "annotations": [{"nertag": "I-PER"}]}, {"base_span": [13, 19], "annotations": [{"nertag": "O"}]}, {"base_span": [19, 20], "annotations": [{"nertag": "O"}]}, {"base_span": [21, 25], "annotations": [{"nertag": "O"}]}, {"base_span": [26, 32], "annotations": [{"nertag": "O"}]}, {"base_span": [33, 38], "annotations": [{"nertag": "B-LOC_ORG"}]}, {"base_span": [39, 46], "annotations": [{"nertag": "I-LOC_ORG"}]}, {"base_span": [47, 51], "annotations": [{"nertag": "B-PER"}]}, {"base_span": [52, 57], "annotations": [{"nertag": "I-PER"}]}, {"base_span": [58, 63], "annotations": [{"nertag": "O"}]}, {"base_span": [64, 69], "annotations": [{"nertag": "O"}]}, {"base_span": [70, 76], "annotations": [{"nertag": "O"}]}, {"base_span": [77, 79], "annotations": [{"nertag": "O"}]}, {"base_span": [80, 82], "annotations": [{"nertag": "O"}]}, {"base_span": [83, 93], "annotations": [{"nertag": "O"}]}, {"base_span": [94, 99], "annotations": [{"nertag": "B-PER"}]}, {"base_span": [100, 106], "annotations": [{"nertag": "I-PER"}]}, {"base_span": [107, 112], "annotations": [{"nertag": "O"}]}, {"base_span": [113, 119], "annotations": [{"nertag": "O"}]}, {"base_span": [120, 123], "annotations": [{"nertag": "O"}]}, {"base_span": [124, 126], "annotations": [{"nertag": "O"}]}, {"base_span": [127, 130], "annotations": [{"nertag": "O"}]}, {"base_span": [131, 137], "annotations": [{"nertag": "O"}]}, {"base_span": [138, 143], "annotations": [{"nertag": "O"}]}, {"base_span": [144, 148], "annotations": [{"nertag": "O"}]}, {"base_span": [149, 159], "annotations": [{"nertag": "O"}]}, {"base_span": [160, 165], "annotations": [{"nertag": "O"}]}, {"base_span": [166, 169], "annotations": [{"nertag": "O"}]}, {"base_span": [170, 177], "annotations": [{"nertag": "O"}]}, {"base_span": [178, 186], "annotations": [{"nertag": "O"}]}, {"base_span": [187, 191], "annotations": [{"nertag": "O"}]}, {"base_span": [192, 195], "annotations": [{"nertag": "O"}]}, {"base_span": [196, 201], "annotations": [{"nertag": "O"}]}, {"base_span": [202, 206], "annotations": [{"nertag": "O"}]}, {"base_span": [207, 211], "annotations": [{"nertag": "O"}]}, {"base_span": [211, 212], "annotations": [{"nertag": "O"}]}, {"base_span": [213, 217], "annotations": [{"nertag": "B-PER"}]}, {"base_span": [218, 223], "annotations": [{"nertag": "I-PER"}]}, {"base_span": [224, 229], "annotations": [{"nertag": "O"}]}, {"base_span": [230, 232], "annotations": [{"nertag": "O"}]}, {"base_span": [233, 237], "annotations": [{"nertag": "O"}]}, {"base_span": [238, 242], "annotations": [{"nertag": "O"}]}, {"base_span": [243, 250], "annotations": [{"nertag": "O"}]}, {"base_span": [251, 257], "annotations": [{"nertag": "O"}]}, {"base_span": [257, 258], "annotations": [{"nertag": "O"}]}, {"base_span": [260, 270], "annotations": [{"nertag": "O"}]}, {"base_span": [271, 276], "annotations": [{"nertag": "B-PER"}]}, {"base_span": [277, 283], "annotations": [{"nertag": "I-PER"}]}, {"base_span": [284, 292], "annotations": [{"nertag": "O"}]}, {"base_span": [293, 301], "annotations": [{"nertag": "O"}]}, {"base_span": [302, 307], "annotations": [{"nertag": "O"}]}, {"base_span": [308, 310], "annotations": [{"nertag": "O"}]}, {"base_span": [311, 315], "annotations": [{"nertag": "O"}]}, {"base_span": [316, 324], "annotations": [{"nertag": "B-PER"}]}, {"base_span": [325, 330], "annotations": [{"nertag": "O"}]}, {"base_span": [331, 337], "annotations": [{"nertag": "O"}]}, {"base_span": [338, 343], "annotations": [{"nertag": "O"}]}, {"base_span": [344, 348], "annotations": [{"nertag": "O"}]}, {"base_span": [349, 351], "annotations": [{"nertag": "O"}]}, {"base_span": [352, 355], "annotations": [{"nertag": "O"}]}, {"base_span": [356, 363], "annotations": [{"nertag": "O"}]}, {"base_span": [364, 368], "annotations": [{"nertag": "O"}]}, {"base_span": [369, 373], "annotations": [{"nertag": "O"}]}, {"base_span": [374, 377], "annotations": [{"nertag": "O"}]}, {"base_span": [378, 380], "annotations": [{"nertag": "O"}]}, {"base_span": [381, 385], "annotations": [{"nertag": "B-PER"}]}, {"base_span": [386, 392], "annotations": [{"nertag": "I-PER"}]}, {"base_span": [393, 403], "annotations": [{"nertag": "O"}]}, {"base_span": [404, 406], "annotations": [{"nertag": "O"}]}, {"base_span": [407, 415], "annotations": [{"nertag": "O"}]}, {"base_span": [416, 426], "annotations": [{"nertag": "O"}]}, {"base_span": [426, 427], "annotations": [{"nertag": "O"}]}, {"base_span": [428, 431], "annotations": [{"nertag": "O"}]}, {"base_span": [432, 436], "annotations": [{"nertag": "O"}]}, {"base_span": [437, 443], "annotations": [{"nertag": "O"}]}, {"base_span": [444, 446], "annotations": [{"nertag": "O"}]}, {"base_span": [447, 451], "annotations": [{"nertag": "B-PER"}]}, {"base_span": [452, 457], "annotations": [{"nertag": "I-PER"}]}, {"base_span": [458, 462], "annotations": [{"nertag": "B-PER"}]}, {"base_span": [463, 469], "annotations": [{"nertag": "I-PER"}]}, {"base_span": [470, 473], "annotations": [{"nertag": "O"}]}, {"base_span": [474, 478], "annotations": [{"nertag": "O"}]}, {"base_span": [479, 485], "annotations": [{"nertag": "O"}]}, {"base_span": [485, 486], "annotations": [{"nertag": "O"}]}, {"base_span": [487, 490], "annotations": [{"nertag": "O"}]}, {"base_span": [491, 498], "annotations": [{"nertag": "O"}]}, {"base_span": [499, 503], "annotations": [{"nertag": "O"}]}, {"base_span": [504, 509], "annotations": [{"nertag": "O"}]}, {"base_span": [510, 512], "annotations": [{"nertag": "O"}]}, {"base_span": [513, 516], "annotations": [{"nertag": "O"}]}, {"base_span": [517, 521], "annotations": [{"nertag": "O"}]}, {"base_span": [522, 527], "annotations": [{"nertag": "O"}]}, {"base_span": [528, 531], "annotations": [{"nertag": "O"}]}, {"base_span": [531, 532], "annotations": [{"nertag": "O"}]}, {"base_span": [534, 538], "annotations": [{"nertag": "B-PER"}]}, {"base_span": [539, 544], "annotations": [{"nertag": "I-PER"}]}, {"base_span": [545, 550], "annotations": [{"nertag": "O"}]}, {"base_span": [551, 556], "annotations": [{"nertag": "O"}]}, {"base_span": [556, 557], "annotations": [{"nertag": "O"}]}, {"base_span": [558, 562], "annotations": [{"nertag": "O"}]}, {"base_span": [563, 568], "annotations": [{"nertag": "O"}]}, {"base_span": [569, 573], "annotations": [{"nertag": "B-PER"}]}, {"base_span": [574, 582], "annotations": [{"nertag": "I-PER"}]}, {"base_span": [583, 586], "annotations": [{"nertag": "O"}]}, {"base_span": [587, 594], "annotations": [{"nertag": "O"}]}, {"base_span": [594, 595], "annotations": [{"nertag": "O"}]}, {"base_span": [596, 606], "annotations": [{"nertag": "O"}]}, {"base_span": [607, 610], "annotations": [{"nertag": "O"}]}, {"base_span": [611, 621], "annotations": [{"nertag": "O"}]}, {"base_span": [621, 622], "annotations": [{"nertag": "O"}]}, {"base_span": [623, 625], "annotations": [{"nertag": "O"}]}, {"base_span": [626, 637], "annotations": [{"nertag": "O"}]}, {"base_span": [638, 641], "annotations": [{"nertag": "O"}]}, {"base_span": [642, 647], "annotations": [{"nertag": "O"}]}, {"base_span": [648, 654], "annotations": [{"nertag": "B-PER"}]}, {"base_span": [655, 659], "annotations": [{"nertag": "O"}]}, {"base_span": [660, 668], "annotations": [{"nertag": "O"}]}, {"base_span": [669, 674], "annotations": [{"nertag": "O"}]}, {"base_span": [675, 681], "annotations": [{"nertag": "O"}]}, {"base_span": [682, 684], "annotations": [{"nertag": "O"}]}, {"base_span": [685, 688], "annotations": [{"nertag": "O"}]}, {"base_span": [689, 693], "annotations": [{"nertag": "O"}]}, {"base_span": [694, 697], "annotations": [{"nertag": "O"}]}, {"base_span": [698, 702], "annotations": [{"nertag": "O"}]}, {"base_span": [703, 706], "annotations": [{"nertag": "O"}]}, {"base_span": [707, 715], "annotations": [{"nertag": "O"}]}, {"base_span": [715, 716], "annotations": [{"nertag": "O"}]}, {"base_span": [717, 719], "annotations": [{"nertag": "O"}]}, {"base_span": [720, 726], "annotations": [{"nertag": "B-PER"}]}, {"base_span": [727, 731], "annotations": [{"nertag": "O"}]}, {"base_span": [732, 739], "annotations": [{"nertag": "O"}]}, {"base_span": [740, 745], "annotations": [{"nertag": "O"}]}, {"base_span": [746, 752], "annotations": [{"nertag": "O"}]}, {"base_span": [753, 755], "annotations": [{"nertag": "O"}]}, {"base_span": [756, 758], "annotations": [{"nertag": "O"}]}, {"base_span": [759, 766], "annotations": [{"nertag": "O"}]}, {"base_span": [767, 772], "annotations": [{"nertag": "O"}]}, {"base_span": [772, 773], "annotations": [{"nertag": "O"}]}, {"base_span": [774, 781], "annotations": [{"nertag": "O"}]}, {"base_span": [782, 791], "annotations": [{"nertag": "O"}]}, {"base_span": [792, 796], "annotations": [{"nertag": "O"}]}, {"base_span": [797, 799], "annotations": [{"nertag": "O"}]}, {"base_span": [800, 804], "annotations": [{"nertag": "O"}]}, {"base_span": [805, 807], "annotations": [{"nertag": "O"}]}, {"base_span": [808, 815], "annotations": [{"nertag": "O"}]}, {"base_span": [816, 820], "annotations": [{"nertag": "B-PER"}]}, {"base_span": [821, 827], "annotations": [{"nertag": "I-PER"}]}, {"base_span": [828, 834], "annotations": [{"nertag": "O"}]}, {"base_span": [834, 835], "annotations": [{"nertag": "O"}]}, {"base_span": [837, 841], "annotations": [{"nertag": "B-PER"}]}, {"base_span": [842, 847], "annotations": [{"nertag": "I-PER"}]}, {"base_span": [848, 857], "annotations": [{"nertag": "O"}]}, {"base_span": [857, 858], "annotations": [{"nertag": "O"}]}, {"base_span": [859, 861], "annotations": [{"nertag": "O"}]}, {"base_span": [862, 866], "annotations": [{"nertag": "B-PER"}]}, {"base_span": [867, 873], "annotations": [{"nertag": "I-PER"}]}, {"base_span": [874, 876], "annotations": [{"nertag": "O"}]}, {"base_span": [877, 881], "annotations": [{"nertag": "B-PER"}]}, {"base_span": [882, 887], "annotations": [{"nertag": "I-PER"}]}, {"base_span": [888, 898], "annotations": [{"nertag": "O"}]}, {"base_span": [899, 906], "annotations": [{"nertag": "O"}]}, {"base_span": [907, 911], "annotations": [{"nertag": "O"}]}, {"base_span": [912, 916], "annotations": [{"nertag": "O"}]}, {"base_span": [917, 922], "annotations": [{"nertag": "O"}]}, {"base_span": [923, 929], "annotations": [{"nertag": "O"}]}, {"base_span": [930, 933], "annotations": [{"nertag": "O"}]}, {"base_span": [934, 944], "annotations": [{"nertag": "O"}]}, {"base_span": [945, 951], "annotations": [{"nertag": "O"}]}, {"base_span": [951, 952], "annotations": [{"nertag": "O"}]}, {"base_span": [953, 956], "annotations": [{"nertag": "O"}]}, {"base_span": [957, 962], "annotations": [{"nertag": "B-PER"}]}, {"base_span": [963, 969], "annotations": [{"nertag": "B-PER"}]}, {"base_span": [970, 976], "annotations": [{"nertag": "O"}]}, {"base_span": [977, 979], "annotations": [{"nertag": "O"}]}, {"base_span": [980, 990], "annotations": [{"nertag": "O"}]}, {"base_span": [991, 995], "annotations": [{"nertag": "O"}]}, {"base_span": [996, 1005], "annotations": [{"nertag": "O"}]}, {"base_span": [1006, 1014], "annotations": [{"nertag": "O"}]}, {"base_span": [1014, 1015], "annotations": [{"nertag": "O"}]}, {"base_span": [1017, 1021], "annotations": [{"nertag": "B-PER"}]}, {"base_span": [1022, 1030], "annotations": [{"nertag": "I-PER"}]}, {"base_span": [1031, 1040], "annotations": [{"nertag": "O"}]}, {"base_span": [1040, 1041], "annotations": [{"nertag": "O"}]}, {"base_span": [1042, 1044], "annotations": [{"nertag": "O"}]}, {"base_span": [1045, 1049], "annotations": [{"nertag": "O"}]}, {"base_span": [1050, 1061], "annotations": [{"nertag": "O"}]}, {"base_span": [1062, 1069], "annotations": [{"nertag": "O"}]}, {"base_span": [1070, 1073], "annotations": [{"nertag": "O"}]}, {"base_span": [1074, 1084], "annotations": [{"nertag": "O"}]}, {"base_span": [1085, 1093], "annotations": [{"nertag": "O"}]}, {"base_span": [1093, 1094], "annotations": [{"nertag": "O"}]}, {"base_span": [1095, 1103], "annotations": [{"nertag": "O"}]}, {"base_span": [1104, 1106], "annotations": [{"nertag": "O"}]}, {"base_span": [1107, 1110], "annotations": [{"nertag": "O"}]}, {"base_span": [1111, 1117], "annotations": [{"nertag": "O"}]}, {"base_span": [1118, 1123], "annotations": [{"nertag": "O"}]}, {"base_span": [1124, 1129], "annotations": [{"nertag": "O"}]}, {"base_span": [1130, 1133], "annotations": [{"nertag": "O"}]}, {"base_span": [1134, 1137], "annotations": [{"nertag": "O"}]}, {"base_span": [1138, 1141], "annotations": [{"nertag": "O"}]}, {"base_span": [1142, 1147], "annotations": [{"nertag": "O"}]}, {"base_span": [1148, 1154], "annotations": [{"nertag": "O"}]}, {"base_span": [1155, 1161], "annotations": [{"nertag": "O"}]}, {"base_span": [1161, 1162], "annotations": [{"nertag": "O"}]}, {"base_span": [1163, 1169], "annotations": [{"nertag": "O"}]}, {"base_span": [1170, 1174], "annotations": [{"nertag": "O"}]}, {"base_span": [1175, 1177], "annotations": [{"nertag": "O"}]}, {"base_span": [1178, 1182], "annotations": [{"nertag": "B-PER"}]}, {"base_span": [1183, 1189], "annotations": [{"nertag": "I-PER"}]}, {"base_span": [1190, 1197], "annotations": [{"nertag": "O"}]}, {"base_span": [1198, 1202], "annotations": [{"nertag": "O"}]}, {"base_span": [1203, 1207], "annotations": [{"nertag": "O"}]}, {"base_span": [1208, 1213], "annotations": [{"nertag": "O"}]}, {"base_span": [1213, 1214], "annotations": [{"nertag": "O"}]}, {"base_span": [1215, 1221], "annotations": [{"nertag": "O"}]}, {"base_span": [1222, 1226], "annotations": [{"nertag": "O"}]}, {"base_span": [1227, 1229], "annotations": [{"nertag": "O"}]}, {"base_span": [1230, 1234], "annotations": [{"nertag": "B-PER"}]}, {"base_span": [1235, 1240], "annotations": [{"nertag": "I-PER"}]}, {"base_span": [1241, 1247], "annotations": [{"nertag": "B-PER"}]}, {"base_span": [1248, 1258], "annotations": [{"nertag": "O"}]}, {"base_span": [1259, 1262], "annotations": [{"nertag": "O"}]}, {"base_span": [1263, 1267], "annotations": [{"nertag": "O"}]}, {"base_span": [1268, 1273], "annotations": [{"nertag": "O"}]}, {"base_span": [1274, 1278], "annotations": [{"nertag": "O"}]}, {"base_span": [1279, 1285], "annotations": [{"nertag": "O"}]}, {"base_span": [1285, 1286], "annotations": [{"nertag": "O"}]}, {"base_span": [1288, 1292], "annotations": [{"nertag": "B-PER"}]}, {"base_span": [1293, 1299], "annotations": [{"nertag": "I-PER"}]}, {"base_span": [1300, 1305], "annotations": [{"nertag": "O"}]}, {"base_span": [1306, 1310], "annotations": [{"nertag": "O"}]}, {"base_span": [1311, 1323], "annotations": [{"nertag": "O"}]}, {"base_span": [1324, 1328], "annotations": [{"nertag": "O"}]}, {"base_span": [1329, 1335], "annotations": [{"nertag": "B-PER"}]}, {"base_span": [1336, 1340], "annotations": [{"nertag": "I-PER"}]}, {"base_span": [1341, 1343], "annotations": [{"nertag": "O"}]}, {"base_span": [1344, 1349], "annotations": [{"nertag": "B-PER"}]}, {"base_span": [1350, 1357], "annotations": [{"nertag": "I-PER"}]}, {"base_span": [1357, 1358], "annotations": [{"nertag": "O"}]}, {"base_span": [1360, 1365], "annotations": [{"nertag": "O"}]}, {"base_span": [1365, 1366], "annotations": [{"nertag": "O"}]}, {"base_span": [1367, 1377], "annotations": [{"nertag": "O"}]}, {"base_span": [1378, 1384], "annotations": [{"nertag": "B-PER"}]}, {"base_span": [1385, 1389], "annotations": [{"nertag": "I-PER"}]}, {"base_span": [1390, 1392], "annotations": [{"nertag": "O"}]}, {"base_span": [1393, 1398], "annotations": [{"nertag": "B-PER"}]}, {"base_span": [1399, 1406], "annotations": [{"nertag": "I-PER"}]}, {"base_span": [1407, 1413], "annotations": [{"nertag": "O"}]}, {"base_span": [1414, 1417], "annotations": [{"nertag": "O"}]}, {"base_span": [1418, 1426], "annotations": [{"nertag": "O"}]}, {"base_span": [1427, 1432], "annotations": [{"nertag": "O"}]}, {"base_span": [1433, 1437], "annotations": [{"nertag": "O"}]}, {"base_span": [1438, 1446], "annotations": [{"nertag": "O"}]}, {"base_span": [1446, 1447], "annotations": [{"nertag": "O"}]}, {"base_span": [1449, 1458], "annotations": [{"nertag": "O"}]}, {"base_span": [1458, 1459], "annotations": [{"nertag": "O"}]}, {"base_span": [1460, 1466], "annotations": [{"nertag": "B-PER"}]}, {"base_span": [1467, 1477], "annotations": [{"nertag": "I-PER"}]}, {"base_span": [1478, 1481], "annotations": [{"nertag": "O"}]}, {"base_span": [1483, 1492], "annotations": [{"nertag": "O"}]}, {"base_span": [1492, 1493], "annotations": [{"nertag": "O"}]}, {"base_span": [1494, 1499], "annotations": [{"nertag": "B-PER"}]}, {"base_span": [1500, 1508], "annotations": [{"nertag": "I-PER"}]}, {"base_span": [1509, 1512], "annotations": [{"nertag": "O"}]}, {"base_span": [1514, 1523], "annotations": [{"nertag": "O"}]}, {"base_span": [1523, 1524], "annotations": [{"nertag": "O"}]}, {"base_span": [1525, 1530], "annotations": [{"nertag": "B-PER"}]}, {"base_span": [1531, 1539], "annotations": [{"nertag": "I-PER"}]}, {"base_span": [1541, 1550], "annotations": [{"nertag": "O"}]}, {"base_span": [1550, 1551], "annotations": [{"nertag": "O"}]}, {"base_span": [1552, 1555], "annotations": [{"nertag": "B-PER"}]}, {"base_span": [1556, 1560], "annotations": [{"nertag": "I-PER"}]}, {"base_span": [1561, 1562], "annotations": [{"nertag": "O"}]}, {"base_span": [1562, 1564], "annotations": [{"nertag": "O"}]}, {"base_span": [1564, 1565], "annotations": [{"nertag": "O"}]}, {"base_span": [1565, 1572], "annotations": [{"nertag": "O"}]}, {"base_span": [1572, 1573], "annotations": [{"nertag": "O"}]}, {"base_span": [1573, 1575], "annotations": [{"nertag": "O"}]}, {"base_span": [1575, 1576], "annotations": [{"nertag": "O"}]}]}]}