{"text": "\nAnu Tolmats - Peeter Pehk.\n\nKatri Saar v.usku, Aakre mõisa piirist tunnistas, et ta ei tea Anu Tolmats ja Peeter Pehk kauba asjast, ei ka lehma pidamisest mitte midagi tunnistada.\n\nEllu Saar lut.usku Aakre mõisa piirist tunnistas, niisama kui Katri Saar.\n\nMari Tonska lut.usku Aakre mõisa piirist tunnistas niisama kui mõlemad Saared.\n\nAnn Tolmats meesterahvaga Aakre mõisa piirist kaebas, et Peeter Pehk, kelle juures ta tööd tegemas on, ei taha mitte tema lehma, nagu kaup on olnud, talvel üle-pidada, nõudis,et Pehk peab tema lehm lauta panema ja talvel  ülepidama ehk söötma.\n\nPeeter Pehk Aakre mõisa piirist vastas, et kaup ei ole mitte niiviisi tehtud saanud, et te peab Anu Tolmatsi lehma lauta panema ja talvel toitma, vaid on ta seda üksi suvel teha lubanud, mis ka tehtud saanud.\n\nPärast seda tegi kohus\n\nMõistus:\n\nPeeter Pehk peab Anu Tolmatsi lehma oma lauta panema ja seda talvel üle toitma sellesama toiduga millega ta oma lehmi toidab, aga Anu Tolmats peab ise ka selle eest hoolt kandma, et ta mõni jagu peenikest põhku oma lehma toiduks muretseb.\n\nMõistus saije säädusl. kuulutud.\n\nPeeter Pehk ei olnud rahul\n\n\n", "meta": {"origin_directory": "vallakohus_teine/"}, "layers": [{"name": "gold_ner", "attributes": ["nertag"], "parent": null, "enveloping": null, "ambiguous": false, "serialisation_module": null, "meta": {}, "spans": [{"base_span": [1, 12], "annotations": [{"nertag": "PER"}]}, {"base_span": [15, 26], "annotations": [{"nertag": "PER"}]}, {"base_span": [29, 39], "annotations": [{"nertag": "PER"}]}, {"base_span": [48, 59], "annotations": [{"nertag": "LOC_ORG"}]}, {"base_span": [92, 103], "annotations": [{"nertag": "PER"}]}, {"base_span": [107, 118], "annotations": [{"nertag": "PER"}]}, {"base_span": [182, 191], "annotations": [{"nertag": "PER"}]}, {"base_span": [201, 212], "annotations": [{"nertag": "LOC_ORG"}]}, {"base_span": [244, 254], "annotations": [{"nertag": "PER"}]}, {"base_span": [257, 268], "annotations": [{"nertag": "PER"}]}, {"base_span": [278, 289], "annotations": [{"nertag": "LOC_ORG"}]}, {"base_span": [328, 334], "annotations": [{"nertag": "PER"}]}, {"base_span": [337, 348], "annotations": [{"nertag": "PER"}]}, {"base_span": [363, 374], "annotations": [{"nertag": "LOC_ORG"}]}, {"base_span": [394, 405], "annotations": [{"nertag": "PER"}]}, {"base_span": [515, 519], "annotations": [{"nertag": "PER"}]}, {"base_span": [582, 593], "annotations": [{"nertag": "PER"}]}, {"base_span": [594, 605], "annotations": [{"nertag": "LOC_ORG"}]}, {"base_span": [678, 690], "annotations": [{"nertag": "PER"}]}, {"base_span": [826, 837], "annotations": [{"nertag": "PER"}]}, {"base_span": [843, 855], "annotations": [{"nertag": "PER"}]}, {"base_span": [956, 967], "annotations": [{"nertag": "PER"}]}, {"base_span": [1100, 1111], "annotations": [{"nertag": "PER"}]}]}, {"name": "gold_wordner", "attributes": ["nertag"], "parent": null, "enveloping": null, "ambiguous": false, "serialisation_module": null, "meta": {}, "spans": [{"base_span": [1, 4], "annotations": [{"nertag": "B-PER"}]}, {"base_span": [5, 12], "annotations": [{"nertag": "I-PER"}]}, {"base_span": [13, 14], "annotations": [{"nertag": "O"}]}, {"base_span": [15, 21], "annotations": [{"nertag": "B-PER"}]}, {"base_span": [22, 26], "annotations": [{"nertag": "I-PER"}]}, {"base_span": [26, 27], "annotations": [{"nertag": "O"}]}, {"base_span": [29, 34], "annotations": [{"nertag": "B-PER"}]}, {"base_span": [35, 39], "annotations": [{"nertag": "I-PER"}]}, {"base_span": [40, 41], "annotations": [{"nertag": "O"}]}, {"base_span": [41, 42], "annotations": [{"nertag": "O"}]}, {"base_span": [42, 46], "annotations": [{"nertag": "O"}]}, {"base_span": [46, 47], "annotations": [{"nertag": "O"}]}, {"base_span": [48, 53], "annotations": [{"nertag": "B-LOC_ORG"}]}, {"base_span": [54, 59], "annotations": [{"nertag": "I-LOC_ORG"}]}, {"base_span": [60, 67], "annotations": [{"nertag": "O"}]}, {"base_span": [68, 77], "annotations": [{"nertag": "O"}]}, {"base_span": [77, 78], "annotations": [{"nertag": "O"}]}, {"base_span": [79, 81], "annotations": [{"nertag": "O"}]}, {"base_span": [82, 84], "annotations": [{"nertag": "O"}]}, {"base_span": [85, 87], "annotations": [{"nertag": "O"}]}, {"base_span": [88, 91], "annotations": [{"nertag": "O"}]}, {"base_span": [92, 95], "annotations": [{"nertag": "B-PER"}]}, {"base_span": [96, 103], "annotations": [{"nertag": "I-PER"}]}, {"base_span": [104, 106], "annotations": [{"nertag": "O"}]}, {"base_span": [107, 113], "annotations": [{"nertag": "B-PER"}]}, {"base_span": [114, 118], "annotations": [{"nertag": "I-PER"}]}, {"base_span": [119, 124], "annotations": [{"nertag": "O"}]}, {"base_span": [125, 131], "annotations": [{"nertag": "O"}]}, {"base_span": [131, 132], "annotations": [{"nertag": "O"}]}, {"base_span": [133, 135], "annotations": [{"nertag": "O"}]}, {"base_span": [136, 138], "annotations": [{"nertag": "O"}]}, {"base_span": [139, 144], "annotations": [{"nertag": "O"}]}, {"base_span": [145, 155], "annotations": [{"nertag": "O"}]}, {"base_span": [156, 161], "annotations": [{"nertag": "O"}]}, {"base_span": [162, 168], "annotations": [{"nertag": "O"}]}, {"base_span": [169, 179], "annotations": [{"nertag": "O"}]}, {"base_span": [179, 180], "annotations": [{"nertag": "O"}]}, {"base_span": [182, 186], "annotations": [{"nertag": "B-PER"}]}, {"base_span": [187, 191], "annotations": [{"nertag": "I-PER"}]}, {"base_span": [192, 195], "annotations": [{"nertag": "O"}]}, {"base_span": [195, 196], "annotations": [{"nertag": "O"}]}, {"base_span": [196, 200], "annotations": [{"nertag": "O"}]}, {"base_span": [201, 206], "annotations": [{"nertag": "B-LOC_ORG"}]}, {"base_span": [207, 212], "annotations": [{"nertag": "I-LOC_ORG"}]}, {"base_span": [213, 220], "annotations": [{"nertag": "O"}]}, {"base_span": [221, 230], "annotations": [{"nertag": "O"}]}, {"base_span": [230, 231], "annotations": [{"nertag": "O"}]}, {"base_span": [232, 239], "annotations": [{"nertag": "O"}]}, {"base_span": [240, 243], "annotations": [{"nertag": "O"}]}, {"base_span": [244, 249], "annotations": [{"nertag": "B-PER"}]}, {"base_span": [250, 254], "annotations": [{"nertag": "I-PER"}]}, {"base_span": [254, 255], "annotations": [{"nertag": "O"}]}, {"base_span": [257, 261], "annotations": [{"nertag": "B-PER"}]}, {"base_span": [262, 268], "annotations": [{"nertag": "I-PER"}]}, {"base_span": [269, 272], "annotations": [{"nertag": "O"}]}, {"base_span": [272, 273], "annotations": [{"nertag": "O"}]}, {"base_span": [273, 277], "annotations": [{"nertag": "O"}]}, {"base_span": [278, 283], "annotations": [{"nertag": "B-LOC_ORG"}]}, {"base_span": [284, 289], "annotations": [{"nertag": "I-LOC_ORG"}]}, {"base_span": [290, 297], "annotations": [{"nertag": "O"}]}, {"base_span": [298, 307], "annotations": [{"nertag": "O"}]}, {"base_span": [308, 315], "annotations": [{"nertag": "O"}]}, {"base_span": [316, 319], "annotations": [{"nertag": "O"}]}, {"base_span": [320, 327], "annotations": [{"nertag": "O"}]}, {"base_span": [328, 334], "annotations": [{"nertag": "B-PER"}]}, {"base_span": [334, 335], "annotations": [{"nertag": "O"}]}, {"base_span": [337, 340], "annotations": [{"nertag": "B-PER"}]}, {"base_span": [341, 348], "annotations": [{"nertag": "I-PER"}]}, {"base_span": [349, 362], "annotations": [{"nertag": "O"}]}, {"base_span": [363, 368], "annotations": [{"nertag": "B-LOC_ORG"}]}, {"base_span": [369, 374], "annotations": [{"nertag": "I-LOC_ORG"}]}, {"base_span": [375, 382], "annotations": [{"nertag": "O"}]}, {"base_span": [383, 389], "annotations": [{"nertag": "O"}]}, {"base_span": [389, 390], "annotations": [{"nertag": "O"}]}, {"base_span": [391, 393], "annotations": [{"nertag": "O"}]}, {"base_span": [394, 400], "annotations": [{"nertag": "B-PER"}]}, {"base_span": [401, 405], "annotations": [{"nertag": "I-PER"}]}, {"base_span": [405, 406], "annotations": [{"nertag": "O"}]}, {"base_span": [407, 412], "annotations": [{"nertag": "O"}]}, {"base_span": [413, 419], "annotations": [{"nertag": "O"}]}, {"base_span": [420, 422], "annotations": [{"nertag": "O"}]}, {"base_span": [423, 427], "annotations": [{"nertag": "O"}]}, {"base_span": [428, 435], "annotations": [{"nertag": "O"}]}, {"base_span": [436, 438], "annotations": [{"nertag": "O"}]}, {"base_span": [438, 439], "annotations": [{"nertag": "O"}]}, {"base_span": [440, 442], "annotations": [{"nertag": "O"}]}, {"base_span": [443, 447], "annotations": [{"nertag": "O"}]}, {"base_span": [448, 453], "annotations": [{"nertag": "O"}]}, {"base_span": [454, 458], "annotations": [{"nertag": "O"}]}, {"base_span": [459, 464], "annotations": [{"nertag": "O"}]}, {"base_span": [464, 465], "annotations": [{"nertag": "O"}]}, {"base_span": [466, 470], "annotations": [{"nertag": "O"}]}, {"base_span": [471, 475], "annotations": [{"nertag": "O"}]}, {"base_span": [476, 478], "annotations": [{"nertag": "O"}]}, {"base_span": [479, 484], "annotations": [{"nertag": "O"}]}, {"base_span": [484, 485], "annotations": [{"nertag": "O"}]}, {"base_span": [486, 492], "annotations": [{"nertag": "O"}]}, {"base_span": [493, 496], "annotations": [{"nertag": "O"}]}, {"base_span": [496, 497], "annotations": [{"nertag": "O"}]}, {"base_span": [497, 503], "annotations": [{"nertag": "O"}]}, {"base_span": [503, 504], "annotations": [{"nertag": "O"}]}, {"base_span": [505, 511], "annotations": [{"nertag": "O"}]}, {"base_span": [511, 512], "annotations": [{"nertag": "O"}]}, {"base_span": [512, 514], "annotations": [{"nertag": "O"}]}, {"base_span": [515, 519], "annotations": [{"nertag": "B-PER"}]}, {"base_span": [520, 524], "annotations": [{"nertag": "O"}]}, {"base_span": [525, 529], "annotations": [{"nertag": "O"}]}, {"base_span": [530, 534], "annotations": [{"nertag": "O"}]}, {"base_span": [535, 540], "annotations": [{"nertag": "O"}]}, {"base_span": [541, 547], "annotations": [{"nertag": "O"}]}, {"base_span": [548, 550], "annotations": [{"nertag": "O"}]}, {"base_span": [551, 557], "annotations": [{"nertag": "O"}]}, {"base_span": [559, 568], "annotations": [{"nertag": "O"}]}, {"base_span": [569, 572], "annotations": [{"nertag": "O"}]}, {"base_span": [573, 579], "annotations": [{"nertag": "O"}]}, {"base_span": [579, 580], "annotations": [{"nertag": "O"}]}, {"base_span": [582, 588], "annotations": [{"nertag": "B-PER"}]}, {"base_span": [589, 593], "annotations": [{"nertag": "I-PER"}]}, {"base_span": [594, 599], "annotations": [{"nertag": "B-LOC_ORG"}]}, {"base_span": [600, 605], "annotations": [{"nertag": "I-LOC_ORG"}]}, {"base_span": [606, 613], "annotations": [{"nertag": "O"}]}, {"base_span": [614, 620], "annotations": [{"nertag": "O"}]}, {"base_span": [620, 621], "annotations": [{"nertag": "O"}]}, {"base_span": [622, 624], "annotations": [{"nertag": "O"}]}, {"base_span": [625, 629], "annotations": [{"nertag": "O"}]}, {"base_span": [630, 632], "annotations": [{"nertag": "O"}]}, {"base_span": [633, 636], "annotations": [{"nertag": "O"}]}, {"base_span": [637, 642], "annotations": [{"nertag": "O"}]}, {"base_span": [643, 651], "annotations": [{"nertag": "O"}]}, {"base_span": [652, 658], "annotations": [{"nertag": "O"}]}, {"base_span": [659, 665], "annotations": [{"nertag": "O"}]}, {"base_span": [665, 666], "annotations": [{"nertag": "O"}]}, {"base_span": [667, 669], "annotations": [{"nertag": "O"}]}, {"base_span": [670, 672], "annotations": [{"nertag": "O"}]}, {"base_span": [673, 677], "annotations": [{"nertag": "O"}]}, {"base_span": [678, 681], "annotations": [{"nertag": "B-PER"}]}, {"base_span": [682, 690], "annotations": [{"nertag": "I-PER"}]}, {"base_span": [691, 696], "annotations": [{"nertag": "O"}]}, {"base_span": [697, 702], "annotations": [{"nertag": "O"}]}, {"base_span": [703, 709], "annotations": [{"nertag": "O"}]}, {"base_span": [710, 712], "annotations": [{"nertag": "O"}]}, {"base_span": [713, 719], "annotations": [{"nertag": "O"}]}, {"base_span": [720, 726], "annotations": [{"nertag": "O"}]}, {"base_span": [726, 727], "annotations": [{"nertag": "O"}]}, {"base_span": [728, 732], "annotations": [{"nertag": "O"}]}, {"base_span": [733, 735], "annotations": [{"nertag": "O"}]}, {"base_span": [736, 738], "annotations": [{"nertag": "O"}]}, {"base_span": [739, 743], "annotations": [{"nertag": "O"}]}, {"base_span": [744, 748], "annotations": [{"nertag": "O"}]}, {"base_span": [749, 754], "annotations": [{"nertag": "O"}]}, {"base_span": [755, 759], "annotations": [{"nertag": "O"}]}, {"base_span": [760, 767], "annotations": [{"nertag": "O"}]}, {"base_span": [767, 768], "annotations": [{"nertag": "O"}]}, {"base_span": [769, 772], "annotations": [{"nertag": "O"}]}, {"base_span": [773, 775], "annotations": [{"nertag": "O"}]}, {"base_span": [776, 782], "annotations": [{"nertag": "O"}]}, {"base_span": [783, 789], "annotations": [{"nertag": "O"}]}, {"base_span": [789, 790], "annotations": [{"nertag": "O"}]}, {"base_span": [792, 798], "annotations": [{"nertag": "O"}]}, {"base_span": [799, 803], "annotations": [{"nertag": "O"}]}, {"base_span": [804, 808], "annotations": [{"nertag": "O"}]}, {"base_span": [809, 814], "annotations": [{"nertag": "O"}]}, {"base_span": [816, 823], "annotations": [{"nertag": "O"}]}, {"base_span": [823, 824], "annotations": [{"nertag": "O"}]}, {"base_span": [826, 832], "annotations": [{"nertag": "B-PER"}]}, {"base_span": [833, 837], "annotations": [{"nertag": "I-PER"}]}, {"base_span": [838, 842], "annotations": [{"nertag": "O"}]}, {"base_span": [843, 846], "annotations": [{"nertag": "B-PER"}]}, {"base_span": [847, 855], "annotations": [{"nertag": "I-PER"}]}, {"base_span": [856, 861], "annotations": [{"nertag": "O"}]}, {"base_span": [862, 865], "annotations": [{"nertag": "O"}]}, {"base_span": [866, 871], "annotations": [{"nertag": "O"}]}, {"base_span": [872, 878], "annotations": [{"nertag": "O"}]}, {"base_span": [879, 881], "annotations": [{"nertag": "O"}]}, {"base_span": [882, 886], "annotations": [{"nertag": "O"}]}, {"base_span": [887, 893], "annotations": [{"nertag": "O"}]}, {"base_span": [894, 897], "annotations": [{"nertag": "O"}]}, {"base_span": [898, 904], "annotations": [{"nertag": "O"}]}, {"base_span": [905, 914], "annotations": [{"nertag": "O"}]}, {"base_span": [915, 922], "annotations": [{"nertag": "O"}]}, {"base_span": [923, 930], "annotations": [{"nertag": "O"}]}, {"base_span": [931, 933], "annotations": [{"nertag": "O"}]}, {"base_span": [934, 937], "annotations": [{"nertag": "O"}]}, {"base_span": [938, 943], "annotations": [{"nertag": "O"}]}, {"base_span": [944, 950], "annotations": [{"nertag": "O"}]}, {"base_span": [950, 951], "annotations": [{"nertag": "O"}]}, {"base_span": [952, 955], "annotations": [{"nertag": "O"}]}, {"base_span": [956, 959], "annotations": [{"nertag": "B-PER"}]}, {"base_span": [960, 967], "annotations": [{"nertag": "I-PER"}]}, {"base_span": [968, 972], "annotations": [{"nertag": "O"}]}, {"base_span": [973, 976], "annotations": [{"nertag": "O"}]}, {"base_span": [977, 979], "annotations": [{"nertag": "O"}]}, {"base_span": [980, 985], "annotations": [{"nertag": "O"}]}, {"base_span": [986, 990], "annotations": [{"nertag": "O"}]}, {"base_span": [991, 996], "annotations": [{"nertag": "O"}]}, {"base_span": [997, 1003], "annotations": [{"nertag": "O"}]}, {"base_span": [1003, 1004], "annotations": [{"nertag": "O"}]}, {"base_span": [1005, 1007], "annotations": [{"nertag": "O"}]}, {"base_span": [1008, 1010], "annotations": [{"nertag": "O"}]}, {"base_span": [1011, 1015], "annotations": [{"nertag": "O"}]}, {"base_span": [1016, 1020], "annotations": [{"nertag": "O"}]}, {"base_span": [1021, 1030], "annotations": [{"nertag": "O"}]}, {"base_span": [1031, 1036], "annotations": [{"nertag": "O"}]}, {"base_span": [1037, 1040], "annotations": [{"nertag": "O"}]}, {"base_span": [1041, 1046], "annotations": [{"nertag": "O"}]}, {"base_span": [1047, 1054], "annotations": [{"nertag": "O"}]}, {"base_span": [1055, 1063], "annotations": [{"nertag": "O"}]}, {"base_span": [1063, 1064], "annotations": [{"nertag": "O"}]}, {"base_span": [1066, 1073], "annotations": [{"nertag": "O"}]}, {"base_span": [1074, 1079], "annotations": [{"nertag": "O"}]}, {"base_span": [1080, 1087], "annotations": [{"nertag": "O"}]}, {"base_span": [1087, 1088], "annotations": [{"nertag": "O"}]}, {"base_span": [1089, 1097], "annotations": [{"nertag": "O"}]}, {"base_span": [1097, 1098], "annotations": [{"nertag": "O"}]}, {"base_span": [1100, 1106], "annotations": [{"nertag": "B-PER"}]}, {"base_span": [1107, 1111], "annotations": [{"nertag": "I-PER"}]}, {"base_span": [1112, 1114], "annotations": [{"nertag": "O"}]}, {"base_span": [1115, 1120], "annotations": [{"nertag": "O"}]}, {"base_span": [1121, 1126], "annotations": [{"nertag": "O"}]}]}]}