{"text": "\nAstus ette Metsawaht Andres Raja ja andis ülles et Kirriko walla perremehhed ei olle Metsa läinud tuld kustutama nisammoti kaebas Metsawaht Andres Traks et ei olle ka appi läinud siis on Kohhus selle asja ette wõtnud ja möistnud nende kässo wasto pannemisse pärrast trahwitud nimmelt Kristja Mölder (4 Rubla maksnud) Andres Jöggi (4 Rubla maksnud) Paulus Mölder (4 Rubla maksnud) Jaan Jöggi 4 Rubla maksnud Jürri Mölder 2 Rubla Mihkel Kras 4 Rubla maksnud Juhhan Jöggi 4 Rubla maksnud Jaan Oja 4 Rubla maksnud Jürri Kask 1 rubla maksnud need keik on ihho trahwi eest maksnud ja se rahha saab Kirriko waestele Lohhoso antud ühte kokko 31 Rubla ja se rahha on wälja antud mis tunnistab Kohtomees\n\nMaddis Tamm XXX\n\n\n", "meta": {"origin_directory": "vallakohus_neljas/"}, "layers": [{"name": "gold_ner", "attributes": ["nertag"], "parent": null, "enveloping": null, "ambiguous": false, "serialisation_module": null, "meta": {}, "spans": [{"base_span": [22, 33], "annotations": [{"nertag": "PER"}]}, {"base_span": [141, 153], "annotations": [{"nertag": "PER"}]}, {"base_span": [285, 299], "annotations": [{"nertag": "PER"}]}, {"base_span": [318, 330], "annotations": [{"nertag": "PER"}]}, {"base_span": [349, 362], "annotations": [{"nertag": "PER"}]}, {"base_span": [381, 391], "annotations": [{"nertag": "PER"}]}, {"base_span": [408, 420], "annotations": [{"nertag": "PER"}]}, {"base_span": [429, 440], "annotations": [{"nertag": "PER"}]}, {"base_span": [457, 469], "annotations": [{"nertag": "PER"}]}, {"base_span": [486, 494], "annotations": [{"nertag": "PER"}]}, {"base_span": [511, 521], "annotations": [{"nertag": "PER"}]}, {"base_span": [610, 617], "annotations": [{"nertag": "LOC"}]}, {"base_span": [696, 707], "annotations": [{"nertag": "PER"}]}]}, {"name": "gold_wordner", "attributes": ["nertag"], "parent": null, "enveloping": null, "ambiguous": false, "serialisation_module": null, "meta": {}, "spans": [{"base_span": [1, 6], "annotations": [{"nertag": "O"}]}, {"base_span": [7, 11], "annotations": [{"nertag": "O"}]}, {"base_span": [12, 21], "annotations": [{"nertag": "O"}]}, {"base_span": [22, 28], "annotations": [{"nertag": "B-PER"}]}, {"base_span": [29, 33], "annotations": [{"nertag": "I-PER"}]}, {"base_span": [34, 36], "annotations": [{"nertag": "O"}]}, {"base_span": [37, 42], "annotations": [{"nertag": "O"}]}, {"base_span": [43, 48], "annotations": [{"nertag": "O"}]}, {"base_span": [49, 51], "annotations": [{"nertag": "O"}]}, {"base_span": [52, 59], "annotations": [{"nertag": "O"}]}, {"base_span": [60, 65], "annotations": [{"nertag": "O"}]}, {"base_span": [66, 77], "annotations": [{"nertag": "O"}]}, {"base_span": [78, 80], "annotations": [{"nertag": "O"}]}, {"base_span": [81, 85], "annotations": [{"nertag": "O"}]}, {"base_span": [86, 91], "annotations": [{"nertag": "O"}]}, {"base_span": [92, 98], "annotations": [{"nertag": "O"}]}, {"base_span": [99, 103], "annotations": [{"nertag": "O"}]}, {"base_span": [104, 113], "annotations": [{"nertag": "O"}]}, {"base_span": [114, 123], "annotations": [{"nertag": "O"}]}, {"base_span": [124, 130], "annotations": [{"nertag": "O"}]}, {"base_span": [131, 140], "annotations": [{"nertag": "O"}]}, {"base_span": [141, 147], "annotations": [{"nertag": "B-PER"}]}, {"base_span": [148, 153], "annotations": [{"nertag": "I-PER"}]}, {"base_span": [154, 156], "annotations": [{"nertag": "O"}]}, {"base_span": [157, 159], "annotations": [{"nertag": "O"}]}, {"base_span": [160, 164], "annotations": [{"nertag": "O"}]}, {"base_span": [165, 167], "annotations": [{"nertag": "O"}]}, {"base_span": [168, 172], "annotations": [{"nertag": "O"}]}, {"base_span": [173, 179], "annotations": [{"nertag": "O"}]}, {"base_span": [180, 184], "annotations": [{"nertag": "O"}]}, {"base_span": [185, 187], "annotations": [{"nertag": "O"}]}, {"base_span": [188, 194], "annotations": [{"nertag": "O"}]}, {"base_span": [195, 200], "annotations": [{"nertag": "O"}]}, {"base_span": [201, 205], "annotations": [{"nertag": "O"}]}, {"base_span": [206, 210], "annotations": [{"nertag": "O"}]}, {"base_span": [211, 217], "annotations": [{"nertag": "O"}]}, {"base_span": [218, 220], "annotations": [{"nertag": "O"}]}, {"base_span": [221, 229], "annotations": [{"nertag": "O"}]}, {"base_span": [230, 235], "annotations": [{"nertag": "O"}]}, {"base_span": [236, 241], "annotations": [{"nertag": "O"}]}, {"base_span": [242, 247], "annotations": [{"nertag": "O"}]}, {"base_span": [248, 258], "annotations": [{"nertag": "O"}]}, {"base_span": [259, 266], "annotations": [{"nertag": "O"}]}, {"base_span": [267, 276], "annotations": [{"nertag": "O"}]}, {"base_span": [277, 284], "annotations": [{"nertag": "O"}]}, {"base_span": [285, 292], "annotations": [{"nertag": "B-PER"}]}, {"base_span": [293, 299], "annotations": [{"nertag": "I-PER"}]}, {"base_span": [300, 301], "annotations": [{"nertag": "O"}]}, {"base_span": [301, 302], "annotations": [{"nertag": "O"}]}, {"base_span": [303, 308], "annotations": [{"nertag": "O"}]}, {"base_span": [309, 316], "annotations": [{"nertag": "O"}]}, {"base_span": [316, 317], "annotations": [{"nertag": "O"}]}, {"base_span": [318, 324], "annotations": [{"nertag": "B-PER"}]}, {"base_span": [325, 330], "annotations": [{"nertag": "I-PER"}]}, {"base_span": [331, 332], "annotations": [{"nertag": "O"}]}, {"base_span": [332, 333], "annotations": [{"nertag": "O"}]}, {"base_span": [334, 339], "annotations": [{"nertag": "O"}]}, {"base_span": [340, 347], "annotations": [{"nertag": "O"}]}, {"base_span": [347, 348], "annotations": [{"nertag": "O"}]}, {"base_span": [349, 355], "annotations": [{"nertag": "B-PER"}]}, {"base_span": [356, 362], "annotations": [{"nertag": "I-PER"}]}, {"base_span": [363, 364], "annotations": [{"nertag": "O"}]}, {"base_span": [364, 365], "annotations": [{"nertag": "O"}]}, {"base_span": [366, 371], "annotations": [{"nertag": "O"}]}, {"base_span": [372, 379], "annotations": [{"nertag": "O"}]}, {"base_span": [379, 380], "annotations": [{"nertag": "O"}]}, {"base_span": [381, 385], "annotations": [{"nertag": "B-PER"}]}, {"base_span": [386, 391], "annotations": [{"nertag": "I-PER"}]}, {"base_span": [392, 393], "annotations": [{"nertag": "O"}]}, {"base_span": [394, 399], "annotations": [{"nertag": "O"}]}, {"base_span": [400, 407], "annotations": [{"nertag": "O"}]}, {"base_span": [408, 413], "annotations": [{"nertag": "B-PER"}]}, {"base_span": [414, 420], "annotations": [{"nertag": "I-PER"}]}, {"base_span": [421, 422], "annotations": [{"nertag": "O"}]}, {"base_span": [423, 428], "annotations": [{"nertag": "O"}]}, {"base_span": [429, 435], "annotations": [{"nertag": "B-PER"}]}, {"base_span": [436, 440], "annotations": [{"nertag": "I-PER"}]}, {"base_span": [441, 442], "annotations": [{"nertag": "O"}]}, {"base_span": [443, 448], "annotations": [{"nertag": "O"}]}, {"base_span": [449, 456], "annotations": [{"nertag": "O"}]}, {"base_span": [457, 463], "annotations": [{"nertag": "B-PER"}]}, {"base_span": [464, 469], "annotations": [{"nertag": "I-PER"}]}, {"base_span": [470, 471], "annotations": [{"nertag": "O"}]}, {"base_span": [472, 477], "annotations": [{"nertag": "O"}]}, {"base_span": [478, 485], "annotations": [{"nertag": "O"}]}, {"base_span": [486, 490], "annotations": [{"nertag": "B-PER"}]}, {"base_span": [491, 494], "annotations": [{"nertag": "I-PER"}]}, {"base_span": [495, 496], "annotations": [{"nertag": "O"}]}, {"base_span": [497, 502], "annotations": [{"nertag": "O"}]}, {"base_span": [503, 510], "annotations": [{"nertag": "O"}]}, {"base_span": [511, 516], "annotations": [{"nertag": "B-PER"}]}, {"base_span": [517, 521], "annotations": [{"nertag": "I-PER"}]}, {"base_span": [522, 523], "annotations": [{"nertag": "O"}]}, {"base_span": [524, 529], "annotations": [{"nertag": "O"}]}, {"base_span": [530, 537], "annotations": [{"nertag": "O"}]}, {"base_span": [538, 542], "annotations": [{"nertag": "O"}]}, {"base_span": [543, 547], "annotations": [{"nertag": "O"}]}, {"base_span": [548, 550], "annotations": [{"nertag": "O"}]}, {"base_span": [551, 555], "annotations": [{"nertag": "O"}]}, {"base_span": [556, 562], "annotations": [{"nertag": "O"}]}, {"base_span": [563, 567], "annotations": [{"nertag": "O"}]}, {"base_span": [568, 575], "annotations": [{"nertag": "O"}]}, {"base_span": [576, 578], "annotations": [{"nertag": "O"}]}, {"base_span": [579, 581], "annotations": [{"nertag": "O"}]}, {"base_span": [582, 587], "annotations": [{"nertag": "O"}]}, {"base_span": [588, 592], "annotations": [{"nertag": "O"}]}, {"base_span": [593, 600], "annotations": [{"nertag": "O"}]}, {"base_span": [601, 609], "annotations": [{"nertag": "O"}]}, {"base_span": [610, 617], "annotations": [{"nertag": "B-LOC"}]}, {"base_span": [618, 623], "annotations": [{"nertag": "O"}]}, {"base_span": [624, 628], "annotations": [{"nertag": "O"}]}, {"base_span": [629, 634], "annotations": [{"nertag": "O"}]}, {"base_span": [635, 637], "annotations": [{"nertag": "O"}]}, {"base_span": [638, 643], "annotations": [{"nertag": "O"}]}, {"base_span": [644, 646], "annotations": [{"nertag": "O"}]}, {"base_span": [647, 649], "annotations": [{"nertag": "O"}]}, {"base_span": [650, 655], "annotations": [{"nertag": "O"}]}, {"base_span": [656, 658], "annotations": [{"nertag": "O"}]}, {"base_span": [659, 664], "annotations": [{"nertag": "O"}]}, {"base_span": [665, 670], "annotations": [{"nertag": "O"}]}, {"base_span": [671, 674], "annotations": [{"nertag": "O"}]}, {"base_span": [675, 684], "annotations": [{"nertag": "O"}]}, {"base_span": [685, 694], "annotations": [{"nertag": "O"}]}, {"base_span": [696, 702], "annotations": [{"nertag": "B-PER"}]}, {"base_span": [703, 707], "annotations": [{"nertag": "I-PER"}]}, {"base_span": [708, 711], "annotations": [{"nertag": "O"}]}]}]}