{"text": "\nAhja mõisa metsa walitsus kaibas et et Peeter Puik kahe wakamaa ala mõisa metsa üles on kündnud ja 2 puud maha ragunud - nõuab wili mõisale ja kahjutasumist kündmise eest 20 rubl. ja 2 puu eest 12 rubl. üleköige 32 rubl.\n\nPeeter Puik ei salga wana röa asemele kaera teinud olewat. Puid ei ole tema mitte mõisa waid Kure Johani metsast ragunud.\n\nWannutatud metsawaht Jakob Hindrikson tunnistas et üles antud kaebtus õige on.\n\nMõiste: Peeter Puik peab 16 rubl. metsa walitsusele 8 päiwa sees kahjutasumist wälja maksma ja ei ole siis metsa walitsusel ennam midagi Peeter Puik'a käest nõudmist.\n\nPeakohtumees: P. Kripson XXX\n\nKohtumees: P. Hindrikson XXX\n\nKohtumees: K. Wossmann XXX\n\nKohtumees:  K. Iwanthal  XXX\n\nKohtumees: Joh. Klaosoon\n\nMõiste sai kohtukäijatele T.S.R. pärra a. 1860 §772-774 kuulutatud ja olid kohtukäijad sellega rahul.\n\nKirjutaja: Ch Kapp &lt;allkiri&gt;\n\n6 Nowembril s.a. 10 rubl. ära maksetud.\n\n29 Januaril 1885 6 rubl. ära maksetud.\n\n\n", "meta": {"origin_directory": "vallakohus_teine/"}, "layers": [{"name": "gold_ner", "attributes": ["nertag"], "parent": null, "enveloping": null, "ambiguous": false, "serialisation_module": null, "meta": {}, "spans": [{"base_span": [1, 26], "annotations": [{"nertag": "ORG"}]}, {"base_span": [40, 51], "annotations": [{"nertag": "PER"}]}, {"base_span": [223, 234], "annotations": [{"nertag": "PER"}]}, {"base_span": [316, 320], "annotations": [{"nertag": "LOC_ORG"}]}, {"base_span": [321, 327], "annotations": [{"nertag": "PER"}]}, {"base_span": [367, 383], "annotations": [{"nertag": "PER"}]}, {"base_span": [434, 445], "annotations": [{"nertag": "PER"}]}, {"base_span": [563, 576], "annotations": [{"nertag": "PER"}]}, {"base_span": [608, 618], "annotations": [{"nertag": "PER"}]}, {"base_span": [635, 648], "annotations": [{"nertag": "PER"}]}, {"base_span": [665, 676], "annotations": [{"nertag": "PER"}]}, {"base_span": [694, 705], "annotations": [{"nertag": "PER"}]}, {"base_span": [723, 736], "annotations": [{"nertag": "PER"}]}, {"base_span": [764, 770], "annotations": [{"nertag": "MISC"}]}, {"base_span": [852, 859], "annotations": [{"nertag": "PER"}]}]}, {"name": "gold_wordner", "attributes": ["nertag"], "parent": null, "enveloping": null, "ambiguous": false, "serialisation_module": null, "meta": {}, "spans": [{"base_span": [1, 5], "annotations": [{"nertag": "B-ORG"}]}, {"base_span": [6, 11], "annotations": [{"nertag": "I-ORG"}]}, {"base_span": [12, 17], "annotations": [{"nertag": "I-ORG"}]}, {"base_span": [18, 26], "annotations": [{"nertag": "I-ORG"}]}, {"base_span": [27, 33], "annotations": [{"nertag": "O"}]}, {"base_span": [34, 36], "annotations": [{"nertag": "O"}]}, {"base_span": [37, 39], "annotations": [{"nertag": "O"}]}, {"base_span": [40, 46], "annotations": [{"nertag": "B-PER"}]}, {"base_span": [47, 51], "annotations": [{"nertag": "I-PER"}]}, {"base_span": [52, 56], "annotations": [{"nertag": "O"}]}, {"base_span": [57, 64], "annotations": [{"nertag": "O"}]}, {"base_span": [65, 68], "annotations": [{"nertag": "O"}]}, {"base_span": [69, 74], "annotations": [{"nertag": "O"}]}, {"base_span": [75, 80], "annotations": [{"nertag": "O"}]}, {"base_span": [81, 85], "annotations": [{"nertag": "O"}]}, {"base_span": [86, 88], "annotations": [{"nertag": "O"}]}, {"base_span": [89, 96], "annotations": [{"nertag": "O"}]}, {"base_span": [97, 99], "annotations": [{"nertag": "O"}]}, {"base_span": [100, 101], "annotations": [{"nertag": "O"}]}, {"base_span": [102, 106], "annotations": [{"nertag": "O"}]}, {"base_span": [107, 111], "annotations": [{"nertag": "O"}]}, {"base_span": [112, 119], "annotations": [{"nertag": "O"}]}, {"base_span": [120, 121], "annotations": [{"nertag": "O"}]}, {"base_span": [122, 127], "annotations": [{"nertag": "O"}]}, {"base_span": [128, 132], "annotations": [{"nertag": "O"}]}, {"base_span": [133, 140], "annotations": [{"nertag": "O"}]}, {"base_span": [141, 143], "annotations": [{"nertag": "O"}]}, {"base_span": [144, 157], "annotations": [{"nertag": "O"}]}, {"base_span": [158, 166], "annotations": [{"nertag": "O"}]}, {"base_span": [167, 171], "annotations": [{"nertag": "O"}]}, {"base_span": [172, 174], "annotations": [{"nertag": "O"}]}, {"base_span": [175, 179], "annotations": [{"nertag": "O"}]}, {"base_span": [179, 180], "annotations": [{"nertag": "O"}]}, {"base_span": [181, 183], "annotations": [{"nertag": "O"}]}, {"base_span": [184, 185], "annotations": [{"nertag": "O"}]}, {"base_span": [186, 189], "annotations": [{"nertag": "O"}]}, {"base_span": [190, 194], "annotations": [{"nertag": "O"}]}, {"base_span": [195, 197], "annotations": [{"nertag": "O"}]}, {"base_span": [198, 202], "annotations": [{"nertag": "O"}]}, {"base_span": [202, 203], "annotations": [{"nertag": "O"}]}, {"base_span": [204, 212], "annotations": [{"nertag": "O"}]}, {"base_span": [213, 215], "annotations": [{"nertag": "O"}]}, {"base_span": [216, 220], "annotations": [{"nertag": "O"}]}, {"base_span": [220, 221], "annotations": [{"nertag": "O"}]}, {"base_span": [223, 229], "annotations": [{"nertag": "B-PER"}]}, {"base_span": [230, 234], "annotations": [{"nertag": "I-PER"}]}, {"base_span": [235, 237], "annotations": [{"nertag": "O"}]}, {"base_span": [238, 243], "annotations": [{"nertag": "O"}]}, {"base_span": [244, 248], "annotations": [{"nertag": "O"}]}, {"base_span": [249, 252], "annotations": [{"nertag": "O"}]}, {"base_span": [253, 260], "annotations": [{"nertag": "O"}]}, {"base_span": [261, 266], "annotations": [{"nertag": "O"}]}, {"base_span": [267, 273], "annotations": [{"nertag": "O"}]}, {"base_span": [274, 280], "annotations": [{"nertag": "O"}]}, {"base_span": [280, 281], "annotations": [{"nertag": "O"}]}, {"base_span": [282, 286], "annotations": [{"nertag": "O"}]}, {"base_span": [287, 289], "annotations": [{"nertag": "O"}]}, {"base_span": [290, 293], "annotations": [{"nertag": "O"}]}, {"base_span": [294, 298], "annotations": [{"nertag": "O"}]}, {"base_span": [299, 304], "annotations": [{"nertag": "O"}]}, {"base_span": [305, 310], "annotations": [{"nertag": "O"}]}, {"base_span": [311, 315], "annotations": [{"nertag": "O"}]}, {"base_span": [316, 320], "annotations": [{"nertag": "B-LOC_ORG"}]}, {"base_span": [321, 327], "annotations": [{"nertag": "B-PER"}]}, {"base_span": [328, 335], "annotations": [{"nertag": "O"}]}, {"base_span": [336, 343], "annotations": [{"nertag": "O"}]}, {"base_span": [343, 344], "annotations": [{"nertag": "O"}]}, {"base_span": [346, 356], "annotations": [{"nertag": "O"}]}, {"base_span": [357, 366], "annotations": [{"nertag": "O"}]}, {"base_span": [367, 372], "annotations": [{"nertag": "B-PER"}]}, {"base_span": [373, 383], "annotations": [{"nertag": "I-PER"}]}, {"base_span": [384, 393], "annotations": [{"nertag": "O"}]}, {"base_span": [394, 396], "annotations": [{"nertag": "O"}]}, {"base_span": [397, 401], "annotations": [{"nertag": "O"}]}, {"base_span": [402, 407], "annotations": [{"nertag": "O"}]}, {"base_span": [408, 415], "annotations": [{"nertag": "O"}]}, {"base_span": [416, 420], "annotations": [{"nertag": "O"}]}, {"base_span": [421, 423], "annotations": [{"nertag": "O"}]}, {"base_span": [423, 424], "annotations": [{"nertag": "O"}]}, {"base_span": [426, 432], "annotations": [{"nertag": "O"}]}, {"base_span": [432, 433], "annotations": [{"nertag": "O"}]}, {"base_span": [434, 440], "annotations": [{"nertag": "B-PER"}]}, {"base_span": [441, 445], "annotations": [{"nertag": "I-PER"}]}, {"base_span": [446, 450], "annotations": [{"nertag": "O"}]}, {"base_span": [451, 453], "annotations": [{"nertag": "O"}]}, {"base_span": [454, 458], "annotations": [{"nertag": "O"}]}, {"base_span": [458, 459], "annotations": [{"nertag": "O"}]}, {"base_span": [460, 465], "annotations": [{"nertag": "O"}]}, {"base_span": [466, 477], "annotations": [{"nertag": "O"}]}, {"base_span": [478, 479], "annotations": [{"nertag": "O"}]}, {"base_span": [480, 485], "annotations": [{"nertag": "O"}]}, {"base_span": [486, 490], "annotations": [{"nertag": "O"}]}, {"base_span": [491, 504], "annotations": [{"nertag": "O"}]}, {"base_span": [505, 510], "annotations": [{"nertag": "O"}]}, {"base_span": [511, 517], "annotations": [{"nertag": "O"}]}, {"base_span": [518, 520], "annotations": [{"nertag": "O"}]}, {"base_span": [521, 523], "annotations": [{"nertag": "O"}]}, {"base_span": [524, 527], "annotations": [{"nertag": "O"}]}, {"base_span": [528, 532], "annotations": [{"nertag": "O"}]}, {"base_span": [533, 538], "annotations": [{"nertag": "O"}]}, {"base_span": [539, 549], "annotations": [{"nertag": "O"}]}, {"base_span": [550, 555], "annotations": [{"nertag": "O"}]}, {"base_span": [556, 562], "annotations": [{"nertag": "O"}]}, {"base_span": [563, 569], "annotations": [{"nertag": "B-PER"}]}, {"base_span": [570, 574], "annotations": [{"nertag": "I-PER"}]}, {"base_span": [574, 575], "annotations": [{"nertag": "I-PER"}]}, {"base_span": [575, 576], "annotations": [{"nertag": "I-PER"}]}, {"base_span": [577, 582], "annotations": [{"nertag": "O"}]}, {"base_span": [583, 591], "annotations": [{"nertag": "O"}]}, {"base_span": [591, 592], "annotations": [{"nertag": "O"}]}, {"base_span": [594, 606], "annotations": [{"nertag": "O"}]}, {"base_span": [606, 607], "annotations": [{"nertag": "O"}]}, {"base_span": [608, 609], "annotations": [{"nertag": "B-PER"}]}, {"base_span": [609, 610], "annotations": [{"nertag": "I-PER"}]}, {"base_span": [611, 618], "annotations": [{"nertag": "I-PER"}]}, {"base_span": [619, 622], "annotations": [{"nertag": "O"}]}, {"base_span": [624, 633], "annotations": [{"nertag": "O"}]}, {"base_span": [633, 634], "annotations": [{"nertag": "O"}]}, {"base_span": [635, 636], "annotations": [{"nertag": "B-PER"}]}, {"base_span": [636, 637], "annotations": [{"nertag": "I-PER"}]}, {"base_span": [638, 648], "annotations": [{"nertag": "I-PER"}]}, {"base_span": [649, 652], "annotations": [{"nertag": "O"}]}, {"base_span": [654, 663], "annotations": [{"nertag": "O"}]}, {"base_span": [663, 664], "annotations": [{"nertag": "O"}]}, {"base_span": [665, 666], "annotations": [{"nertag": "B-PER"}]}, {"base_span": [666, 667], "annotations": [{"nertag": "I-PER"}]}, {"base_span": [668, 676], "annotations": [{"nertag": "I-PER"}]}, {"base_span": [677, 680], "annotations": [{"nertag": "O"}]}, {"base_span": [682, 691], "annotations": [{"nertag": "O"}]}, {"base_span": [691, 692], "annotations": [{"nertag": "O"}]}, {"base_span": [694, 695], "annotations": [{"nertag": "B-PER"}]}, {"base_span": [695, 696], "annotations": [{"nertag": "I-PER"}]}, {"base_span": [697, 705], "annotations": [{"nertag": "I-PER"}]}, {"base_span": [707, 710], "annotations": [{"nertag": "O"}]}, {"base_span": [712, 721], "annotations": [{"nertag": "O"}]}, {"base_span": [721, 722], "annotations": [{"nertag": "O"}]}, {"base_span": [723, 726], "annotations": [{"nertag": "B-PER"}]}, {"base_span": [726, 727], "annotations": [{"nertag": "I-PER"}]}, {"base_span": [728, 736], "annotations": [{"nertag": "I-PER"}]}, {"base_span": [738, 744], "annotations": [{"nertag": "O"}]}, {"base_span": [745, 748], "annotations": [{"nertag": "O"}]}, {"base_span": [749, 763], "annotations": [{"nertag": "O"}]}, {"base_span": [764, 765], "annotations": [{"nertag": "B-MISC"}]}, {"base_span": [765, 766], "annotations": [{"nertag": "I-MISC"}]}, {"base_span": [766, 767], "annotations": [{"nertag": "I-MISC"}]}, {"base_span": [767, 768], "annotations": [{"nertag": "I-MISC"}]}, {"base_span": [768, 769], "annotations": [{"nertag": "I-MISC"}]}, {"base_span": [769, 770], "annotations": [{"nertag": "I-MISC"}]}, {"base_span": [771, 776], "annotations": [{"nertag": "O"}]}, {"base_span": [777, 778], "annotations": [{"nertag": "O"}]}, {"base_span": [778, 779], "annotations": [{"nertag": "O"}]}, {"base_span": [780, 784], "annotations": [{"nertag": "O"}]}, {"base_span": [785, 786], "annotations": [{"nertag": "O"}]}, {"base_span": [786, 789], "annotations": [{"nertag": "O"}]}, {"base_span": [789, 790], "annotations": [{"nertag": "O"}]}, {"base_span": [790, 793], "annotations": [{"nertag": "O"}]}, {"base_span": [794, 804], "annotations": [{"nertag": "O"}]}, {"base_span": [805, 807], "annotations": [{"nertag": "O"}]}, {"base_span": [808, 812], "annotations": [{"nertag": "O"}]}, {"base_span": [813, 824], "annotations": [{"nertag": "O"}]}, {"base_span": [825, 832], "annotations": [{"nertag": "O"}]}, {"base_span": [833, 838], "annotations": [{"nertag": "O"}]}, {"base_span": [838, 839], "annotations": [{"nertag": "O"}]}, {"base_span": [841, 850], "annotations": [{"nertag": "O"}]}, {"base_span": [850, 851], "annotations": [{"nertag": "O"}]}, {"base_span": [852, 854], "annotations": [{"nertag": "B-PER"}]}, {"base_span": [855, 859], "annotations": [{"nertag": "I-PER"}]}, {"base_span": [860, 861], "annotations": [{"nertag": "O"}]}, {"base_span": [861, 863], "annotations": [{"nertag": "O"}]}, {"base_span": [863, 864], "annotations": [{"nertag": "O"}]}, {"base_span": [864, 871], "annotations": [{"nertag": "O"}]}, {"base_span": [871, 872], "annotations": [{"nertag": "O"}]}, {"base_span": [872, 874], "annotations": [{"nertag": "O"}]}, {"base_span": [874, 875], "annotations": [{"nertag": "O"}]}, {"base_span": [877, 878], "annotations": [{"nertag": "O"}]}, {"base_span": [879, 888], "annotations": [{"nertag": "O"}]}, {"base_span": [889, 890], "annotations": [{"nertag": "O"}]}, {"base_span": [890, 891], "annotations": [{"nertag": "O"}]}, {"base_span": [891, 892], "annotations": [{"nertag": "O"}]}, {"base_span": [892, 893], "annotations": [{"nertag": "O"}]}, {"base_span": [894, 896], "annotations": [{"nertag": "O"}]}, {"base_span": [897, 901], "annotations": [{"nertag": "O"}]}, {"base_span": [901, 902], "annotations": [{"nertag": "O"}]}, {"base_span": [903, 906], "annotations": [{"nertag": "O"}]}, {"base_span": [907, 915], "annotations": [{"nertag": "O"}]}, {"base_span": [915, 916], "annotations": [{"nertag": "O"}]}, {"base_span": [918, 920], "annotations": [{"nertag": "O"}]}, {"base_span": [921, 929], "annotations": [{"nertag": "O"}]}, {"base_span": [930, 934], "annotations": [{"nertag": "O"}]}, {"base_span": [935, 936], "annotations": [{"nertag": "O"}]}, {"base_span": [937, 941], "annotations": [{"nertag": "O"}]}, {"base_span": [941, 942], "annotations": [{"nertag": "O"}]}, {"base_span": [943, 946], "annotations": [{"nertag": "O"}]}, {"base_span": [947, 955], "annotations": [{"nertag": "O"}]}, {"base_span": [955, 956], "annotations": [{"nertag": "O"}]}]}]}