{"text": "Protokolli pärra 7mast Maist c. Mihkel Klaos'e kaebtuse asjas wasto Jaan Akkert ja Johan Mällo lukku löhkumisega warguse pärast sai Johan Rämmal ette kutsutud ning tunnistas: Johan Mällo on 1/2 Mail c. köik öö tema man aidas maganud, muud ei tia tema midagi.\nTunnistaja Jaan Toomis ei olnud mitte kohtu ette tulnud.\nMöistus: Et selles asjas ühtegi tunnistust ei ole, siis saab Jaan Akkert ülekuulamise alt lahti lastud ja jääb see kohus nönda kauaks seisma, kuni paremat tunnistust saadas.\n\nPeter Kripson XXX Peter Hendrikson XXX  Hendrik Piirson XXX Kotta Wossmann XXX Peter Torg XXX\n\nMöistus sai kohtukäijatele T.S.R. pärra a. 1860. §772 - 774 kuulutud ja olid kohtukäijad sellega rahul.\n\n", "meta": {"origin_directory": "vallakohus_esimene/"}, "layers": [{"name": "gold_ner", "attributes": ["nertag"], "parent": null, "enveloping": null, "ambiguous": false, "serialisation_module": null, "meta": {}, "spans": [{"base_span": [32, 46], "annotations": [{"nertag": "PER"}]}, {"base_span": [68, 79], "annotations": [{"nertag": "PER"}]}, {"base_span": [83, 94], "annotations": [{"nertag": "PER"}]}, {"base_span": [132, 144], "annotations": [{"nertag": "PER"}]}, {"base_span": [175, 186], "annotations": [{"nertag": "PER"}]}, {"base_span": [270, 281], "annotations": [{"nertag": "PER"}]}, {"base_span": [377, 388], "annotations": [{"nertag": "PER"}]}, {"base_span": [491, 504], "annotations": [{"nertag": "PER"}]}, {"base_span": [509, 525], "annotations": [{"nertag": "PER"}]}, {"base_span": [531, 546], "annotations": [{"nertag": "PER"}]}, {"base_span": [551, 565], "annotations": [{"nertag": "PER"}]}, {"base_span": [570, 580], "annotations": [{"nertag": "PER"}]}, {"base_span": [613, 619], "annotations": [{"nertag": "MISC"}]}]}, {"name": "gold_wordner", "attributes": ["nertag"], "parent": null, "enveloping": null, "ambiguous": false, "serialisation_module": null, "meta": {}, "spans": [{"base_span": [0, 10], "annotations": [{"nertag": "O"}]}, {"base_span": [11, 16], "annotations": [{"nertag": "O"}]}, {"base_span": [17, 22], "annotations": [{"nertag": "O"}]}, {"base_span": [23, 28], "annotations": [{"nertag": "O"}]}, {"base_span": [29, 30], "annotations": [{"nertag": "O"}]}, {"base_span": [30, 31], "annotations": [{"nertag": "O"}]}, {"base_span": [32, 38], "annotations": [{"nertag": "B-PER"}]}, {"base_span": [39, 46], "annotations": [{"nertag": "I-PER"}]}, {"base_span": [47, 55], "annotations": [{"nertag": "O"}]}, {"base_span": [56, 61], "annotations": [{"nertag": "O"}]}, {"base_span": [62, 67], "annotations": [{"nertag": "O"}]}, {"base_span": [68, 72], "annotations": [{"nertag": "B-PER"}]}, {"base_span": [73, 79], "annotations": [{"nertag": "I-PER"}]}, {"base_span": [80, 82], "annotations": [{"nertag": "O"}]}, {"base_span": [83, 88], "annotations": [{"nertag": "B-PER"}]}, {"base_span": [89, 94], "annotations": [{"nertag": "I-PER"}]}, {"base_span": [95, 100], "annotations": [{"nertag": "O"}]}, {"base_span": [101, 112], "annotations": [{"nertag": "O"}]}, {"base_span": [113, 120], "annotations": [{"nertag": "O"}]}, {"base_span": [121, 127], "annotations": [{"nertag": "O"}]}, {"base_span": [128, 131], "annotations": [{"nertag": "O"}]}, {"base_span": [132, 137], "annotations": [{"nertag": "B-PER"}]}, {"base_span": [138, 144], "annotations": [{"nertag": "I-PER"}]}, {"base_span": [145, 149], "annotations": [{"nertag": "O"}]}, {"base_span": [150, 158], "annotations": [{"nertag": "O"}]}, {"base_span": [159, 163], "annotations": [{"nertag": "O"}]}, {"base_span": [164, 173], "annotations": [{"nertag": "O"}]}, {"base_span": [173, 174], "annotations": [{"nertag": "O"}]}, {"base_span": [175, 180], "annotations": [{"nertag": "B-PER"}]}, {"base_span": [181, 186], "annotations": [{"nertag": "I-PER"}]}, {"base_span": [187, 189], "annotations": [{"nertag": "O"}]}, {"base_span": [190, 191], "annotations": [{"nertag": "O"}]}, {"base_span": [191, 192], "annotations": [{"nertag": "O"}]}, {"base_span": [192, 193], "annotations": [{"nertag": "O"}]}, {"base_span": [194, 198], "annotations": [{"nertag": "O"}]}, {"base_span": [199, 200], "annotations": [{"nertag": "O"}]}, {"base_span": [200, 201], "annotations": [{"nertag": "O"}]}, {"base_span": [202, 206], "annotations": [{"nertag": "O"}]}, {"base_span": [207, 209], "annotations": [{"nertag": "O"}]}, {"base_span": [210, 214], "annotations": [{"nertag": "O"}]}, {"base_span": [215, 218], "annotations": [{"nertag": "O"}]}, {"base_span": [219, 224], "annotations": [{"nertag": "O"}]}, {"base_span": [225, 232], "annotations": [{"nertag": "O"}]}, {"base_span": [232, 233], "annotations": [{"nertag": "O"}]}, {"base_span": [234, 238], "annotations": [{"nertag": "O"}]}, {"base_span": [239, 241], "annotations": [{"nertag": "O"}]}, {"base_span": [242, 245], "annotations": [{"nertag": "O"}]}, {"base_span": [246, 250], "annotations": [{"nertag": "O"}]}, {"base_span": [251, 257], "annotations": [{"nertag": "O"}]}, {"base_span": [257, 258], "annotations": [{"nertag": "O"}]}, {"base_span": [259, 269], "annotations": [{"nertag": "O"}]}, {"base_span": [270, 274], "annotations": [{"nertag": "B-PER"}]}, {"base_span": [275, 281], "annotations": [{"nertag": "I-PER"}]}, {"base_span": [282, 284], "annotations": [{"nertag": "O"}]}, {"base_span": [285, 290], "annotations": [{"nertag": "O"}]}, {"base_span": [291, 296], "annotations": [{"nertag": "O"}]}, {"base_span": [297, 302], "annotations": [{"nertag": "O"}]}, {"base_span": [303, 307], "annotations": [{"nertag": "O"}]}, {"base_span": [308, 314], "annotations": [{"nertag": "O"}]}, {"base_span": [314, 315], "annotations": [{"nertag": "O"}]}, {"base_span": [316, 323], "annotations": [{"nertag": "O"}]}, {"base_span": [323, 324], "annotations": [{"nertag": "O"}]}, {"base_span": [325, 327], "annotations": [{"nertag": "O"}]}, {"base_span": [328, 334], "annotations": [{"nertag": "O"}]}, {"base_span": [335, 340], "annotations": [{"nertag": "O"}]}, {"base_span": [341, 347], "annotations": [{"nertag": "O"}]}, {"base_span": [348, 358], "annotations": [{"nertag": "O"}]}, {"base_span": [359, 361], "annotations": [{"nertag": "O"}]}, {"base_span": [362, 365], "annotations": [{"nertag": "O"}]}, {"base_span": [365, 366], "annotations": [{"nertag": "O"}]}, {"base_span": [367, 371], "annotations": [{"nertag": "O"}]}, {"base_span": [372, 376], "annotations": [{"nertag": "O"}]}, {"base_span": [377, 381], "annotations": [{"nertag": "B-PER"}]}, {"base_span": [382, 388], "annotations": [{"nertag": "I-PER"}]}, {"base_span": [389, 401], "annotations": [{"nertag": "O"}]}, {"base_span": [402, 405], "annotations": [{"nertag": "O"}]}, {"base_span": [406, 411], "annotations": [{"nertag": "O"}]}, {"base_span": [412, 418], "annotations": [{"nertag": "O"}]}, {"base_span": [419, 421], "annotations": [{"nertag": "O"}]}, {"base_span": [422, 426], "annotations": [{"nertag": "O"}]}, {"base_span": [427, 430], "annotations": [{"nertag": "O"}]}, {"base_span": [431, 436], "annotations": [{"nertag": "O"}]}, {"base_span": [437, 442], "annotations": [{"nertag": "O"}]}, {"base_span": [443, 449], "annotations": [{"nertag": "O"}]}, {"base_span": [450, 456], "annotations": [{"nertag": "O"}]}, {"base_span": [456, 457], "annotations": [{"nertag": "O"}]}, {"base_span": [458, 462], "annotations": [{"nertag": "O"}]}, {"base_span": [463, 470], "annotations": [{"nertag": "O"}]}, {"base_span": [471, 481], "annotations": [{"nertag": "O"}]}, {"base_span": [482, 488], "annotations": [{"nertag": "O"}]}, {"base_span": [488, 489], "annotations": [{"nertag": "O"}]}, {"base_span": [491, 496], "annotations": [{"nertag": "B-PER"}]}, {"base_span": [497, 504], "annotations": [{"nertag": "I-PER"}]}, {"base_span": [505, 508], "annotations": [{"nertag": "O"}]}, {"base_span": [509, 514], "annotations": [{"nertag": "B-PER"}]}, {"base_span": [515, 525], "annotations": [{"nertag": "I-PER"}]}, {"base_span": [526, 529], "annotations": [{"nertag": "O"}]}, {"base_span": [531, 538], "annotations": [{"nertag": "B-PER"}]}, {"base_span": [539, 546], "annotations": [{"nertag": "I-PER"}]}, {"base_span": [547, 550], "annotations": [{"nertag": "O"}]}, {"base_span": [551, 556], "annotations": [{"nertag": "B-PER"}]}, {"base_span": [557, 565], "annotations": [{"nertag": "I-PER"}]}, {"base_span": [566, 569], "annotations": [{"nertag": "O"}]}, {"base_span": [570, 575], "annotations": [{"nertag": "B-PER"}]}, {"base_span": [576, 580], "annotations": [{"nertag": "I-PER"}]}, {"base_span": [581, 584], "annotations": [{"nertag": "O"}]}, {"base_span": [586, 593], "annotations": [{"nertag": "O"}]}, {"base_span": [594, 597], "annotations": [{"nertag": "O"}]}, {"base_span": [598, 612], "annotations": [{"nertag": "O"}]}, {"base_span": [613, 614], "annotations": [{"nertag": "B-MISC"}]}, {"base_span": [614, 615], "annotations": [{"nertag": "I-MISC"}]}, {"base_span": [615, 616], "annotations": [{"nertag": "I-MISC"}]}, {"base_span": [616, 617], "annotations": [{"nertag": "I-MISC"}]}, {"base_span": [617, 618], "annotations": [{"nertag": "I-MISC"}]}, {"base_span": [618, 619], "annotations": [{"nertag": "I-MISC"}]}, {"base_span": [620, 625], "annotations": [{"nertag": "O"}]}, {"base_span": [626, 627], "annotations": [{"nertag": "O"}]}, {"base_span": [627, 628], "annotations": [{"nertag": "O"}]}, {"base_span": [629, 634], "annotations": [{"nertag": "O"}]}, {"base_span": [635, 636], "annotations": [{"nertag": "O"}]}, {"base_span": [636, 639], "annotations": [{"nertag": "O"}]}, {"base_span": [640, 641], "annotations": [{"nertag": "O"}]}, {"base_span": [642, 645], "annotations": [{"nertag": "O"}]}, {"base_span": [646, 654], "annotations": [{"nertag": "O"}]}, {"base_span": [655, 657], "annotations": [{"nertag": "O"}]}, {"base_span": [658, 662], "annotations": [{"nertag": "O"}]}, {"base_span": [663, 674], "annotations": [{"nertag": "O"}]}, {"base_span": [675, 682], "annotations": [{"nertag": "O"}]}, {"base_span": [683, 688], "annotations": [{"nertag": "O"}]}, {"base_span": [688, 689], "annotations": [{"nertag": "O"}]}]}]}