{"text": "\nMõisawallitseja Funke kaebab monamehhe Elias Leppik peale, se olla wiina weddu peal Tartu minnes wiina aamile wikkerpuurile auk sisse lasnud, ja seeläbbi piiritust warrastanud, selle läbbi olla 1. wedro wiina resp. piiritust puudust tulnud, nüüd pallub kaebaja, et Elias Leppik kahju ärratasuma peab ja peale selle temma teenstuse kontrakt tühjaks saaks mõistetud.\n\nElias Leppik ütleb, et temma aamile olla kül auk sisselastud saanud temma olla juures olnud kui Juhann Tuustik olla lasnud.\n\nJuhann Tuustik ütleb, et see peale minnes käsnud Elias Leppik temmal puur kasa wõtta, temma wõtnudühhes ja tee peal küssinud Elias Leppik puuri omma kätte ja lasnud ommast wadist piiritust ja annud temale ka piiritust jua.\n\nJürri Kello ei tea muud, kui Elias Leppik annud temmale tee peal sedda piiritust jua\n\nMõisawallitseja Funke ütleb, et Elias Leppik olla niisuggust tempu jubba ennemalt tehnud, nõuab 5. toobi piirituse eest a 75. kopp., aami rikkumise eest 3. rubla ja Juhhan Tuustiku ka trahwida.\n\nKohhus mõistis:\n\nElias Leppik on süüdlane ja peab mõisale 5. toobi piirituse eest 3 rubal75 kp maksma, ja mõistab kohhus sedda teenistusest lahti ja maksab aami kullu poole jao maksan Juhhan Tuustik, kumbgi 15. witsalöögiga karristatud..\n\n/: Otsus kulutud sel 12. Mail 1878 1860. a. Tallorahwa seaduse ramato §§ N2 ja N3 juhhatusel, kellega kohtukäijad rahhule on. mis peale süidlased ärratrahwitud said:/\n\n\n", "meta": {"origin_directory": "vallakohus_teine/"}, "layers": [{"name": "gold_ner", "attributes": ["nertag"], "parent": null, "enveloping": null, "ambiguous": false, "serialisation_module": null, "meta": {}, "spans": [{"base_span": [17, 22], "annotations": [{"nertag": "PER"}]}, {"base_span": [40, 52], "annotations": [{"nertag": "PER"}]}, {"base_span": [85, 90], "annotations": [{"nertag": "LOC"}]}, {"base_span": [266, 278], "annotations": [{"nertag": "PER"}]}, {"base_span": [367, 379], "annotations": [{"nertag": "PER"}]}, {"base_span": [463, 477], "annotations": [{"nertag": "PER"}]}, {"base_span": [492, 506], "annotations": [{"nertag": "PER"}]}, {"base_span": [541, 553], "annotations": [{"nertag": "PER"}]}, {"base_span": [617, 629], "annotations": [{"nertag": "PER"}]}, {"base_span": [716, 727], "annotations": [{"nertag": "PER"}]}, {"base_span": [745, 757], "annotations": [{"nertag": "PER"}]}, {"base_span": [818, 823], "annotations": [{"nertag": "PER"}]}, {"base_span": [834, 846], "annotations": [{"nertag": "PER"}]}, {"base_span": [967, 982], "annotations": [{"nertag": "PER"}]}, {"base_span": [1014, 1026], "annotations": [{"nertag": "PER"}]}, {"base_span": [1181, 1195], "annotations": [{"nertag": "PER"}]}, {"base_span": [1280, 1305], "annotations": [{"nertag": "MISC"}]}]}, {"name": "gold_wordner", "attributes": ["nertag"], "parent": null, "enveloping": null, "ambiguous": false, "serialisation_module": null, "meta": {}, "spans": [{"base_span": [1, 16], "annotations": [{"nertag": "O"}]}, {"base_span": [17, 22], "annotations": [{"nertag": "B-PER"}]}, {"base_span": [23, 29], "annotations": [{"nertag": "O"}]}, {"base_span": [30, 39], "annotations": [{"nertag": "O"}]}, {"base_span": [40, 45], "annotations": [{"nertag": "B-PER"}]}, {"base_span": [46, 52], "annotations": [{"nertag": "I-PER"}]}, {"base_span": [53, 58], "annotations": [{"nertag": "O"}]}, {"base_span": [58, 59], "annotations": [{"nertag": "O"}]}, {"base_span": [60, 62], "annotations": [{"nertag": "O"}]}, {"base_span": [63, 67], "annotations": [{"nertag": "O"}]}, {"base_span": [68, 73], "annotations": [{"nertag": "O"}]}, {"base_span": [74, 79], "annotations": [{"nertag": "O"}]}, {"base_span": [80, 84], "annotations": [{"nertag": "O"}]}, {"base_span": [85, 90], "annotations": [{"nertag": "B-LOC"}]}, {"base_span": [91, 97], "annotations": [{"nertag": "O"}]}, {"base_span": [98, 103], "annotations": [{"nertag": "O"}]}, {"base_span": [104, 110], "annotations": [{"nertag": "O"}]}, {"base_span": [111, 124], "annotations": [{"nertag": "O"}]}, {"base_span": [125, 128], "annotations": [{"nertag": "O"}]}, {"base_span": [129, 134], "annotations": [{"nertag": "O"}]}, {"base_span": [135, 141], "annotations": [{"nertag": "O"}]}, {"base_span": [141, 142], "annotations": [{"nertag": "O"}]}, {"base_span": [143, 145], "annotations": [{"nertag": "O"}]}, {"base_span": [146, 154], "annotations": [{"nertag": "O"}]}, {"base_span": [155, 164], "annotations": [{"nertag": "O"}]}, {"base_span": [165, 176], "annotations": [{"nertag": "O"}]}, {"base_span": [176, 177], "annotations": [{"nertag": "O"}]}, {"base_span": [178, 183], "annotations": [{"nertag": "O"}]}, {"base_span": [184, 189], "annotations": [{"nertag": "O"}]}, {"base_span": [190, 194], "annotations": [{"nertag": "O"}]}, {"base_span": [195, 197], "annotations": [{"nertag": "O"}]}, {"base_span": [198, 203], "annotations": [{"nertag": "O"}]}, {"base_span": [204, 209], "annotations": [{"nertag": "O"}]}, {"base_span": [210, 214], "annotations": [{"nertag": "O"}]}, {"base_span": [214, 215], "annotations": [{"nertag": "O"}]}, {"base_span": [216, 225], "annotations": [{"nertag": "O"}]}, {"base_span": [226, 233], "annotations": [{"nertag": "O"}]}, {"base_span": [234, 240], "annotations": [{"nertag": "O"}]}, {"base_span": [240, 241], "annotations": [{"nertag": "O"}]}, {"base_span": [242, 246], "annotations": [{"nertag": "O"}]}, {"base_span": [247, 253], "annotations": [{"nertag": "O"}]}, {"base_span": [254, 261], "annotations": [{"nertag": "O"}]}, {"base_span": [261, 262], "annotations": [{"nertag": "O"}]}, {"base_span": [263, 265], "annotations": [{"nertag": "O"}]}, {"base_span": [266, 271], "annotations": [{"nertag": "B-PER"}]}, {"base_span": [272, 278], "annotations": [{"nertag": "I-PER"}]}, {"base_span": [279, 284], "annotations": [{"nertag": "O"}]}, {"base_span": [285, 295], "annotations": [{"nertag": "O"}]}, {"base_span": [296, 300], "annotations": [{"nertag": "O"}]}, {"base_span": [301, 303], "annotations": [{"nertag": "O"}]}, {"base_span": [304, 309], "annotations": [{"nertag": "O"}]}, {"base_span": [310, 315], "annotations": [{"nertag": "O"}]}, {"base_span": [316, 321], "annotations": [{"nertag": "O"}]}, {"base_span": [322, 331], "annotations": [{"nertag": "O"}]}, {"base_span": [332, 340], "annotations": [{"nertag": "O"}]}, {"base_span": [341, 348], "annotations": [{"nertag": "O"}]}, {"base_span": [349, 354], "annotations": [{"nertag": "O"}]}, {"base_span": [355, 364], "annotations": [{"nertag": "O"}]}, {"base_span": [364, 365], "annotations": [{"nertag": "O"}]}, {"base_span": [367, 372], "annotations": [{"nertag": "B-PER"}]}, {"base_span": [373, 379], "annotations": [{"nertag": "I-PER"}]}, {"base_span": [380, 385], "annotations": [{"nertag": "O"}]}, {"base_span": [385, 386], "annotations": [{"nertag": "O"}]}, {"base_span": [387, 389], "annotations": [{"nertag": "O"}]}, {"base_span": [390, 395], "annotations": [{"nertag": "O"}]}, {"base_span": [396, 402], "annotations": [{"nertag": "O"}]}, {"base_span": [403, 407], "annotations": [{"nertag": "O"}]}, {"base_span": [408, 411], "annotations": [{"nertag": "O"}]}, {"base_span": [412, 415], "annotations": [{"nertag": "O"}]}, {"base_span": [416, 427], "annotations": [{"nertag": "O"}]}, {"base_span": [428, 434], "annotations": [{"nertag": "O"}]}, {"base_span": [435, 440], "annotations": [{"nertag": "O"}]}, {"base_span": [441, 445], "annotations": [{"nertag": "O"}]}, {"base_span": [446, 452], "annotations": [{"nertag": "O"}]}, {"base_span": [453, 458], "annotations": [{"nertag": "O"}]}, {"base_span": [459, 462], "annotations": [{"nertag": "O"}]}, {"base_span": [463, 469], "annotations": [{"nertag": "B-PER"}]}, {"base_span": [470, 477], "annotations": [{"nertag": "I-PER"}]}, {"base_span": [478, 482], "annotations": [{"nertag": "O"}]}, {"base_span": [483, 489], "annotations": [{"nertag": "O"}]}, {"base_span": [489, 490], "annotations": [{"nertag": "O"}]}, {"base_span": [492, 498], "annotations": [{"nertag": "B-PER"}]}, {"base_span": [499, 506], "annotations": [{"nertag": "I-PER"}]}, {"base_span": [507, 512], "annotations": [{"nertag": "O"}]}, {"base_span": [512, 513], "annotations": [{"nertag": "O"}]}, {"base_span": [514, 516], "annotations": [{"nertag": "O"}]}, {"base_span": [517, 520], "annotations": [{"nertag": "O"}]}, {"base_span": [521, 526], "annotations": [{"nertag": "O"}]}, {"base_span": [527, 533], "annotations": [{"nertag": "O"}]}, {"base_span": [534, 540], "annotations": [{"nertag": "O"}]}, {"base_span": [541, 546], "annotations": [{"nertag": "B-PER"}]}, {"base_span": [547, 553], "annotations": [{"nertag": "I-PER"}]}, {"base_span": [554, 560], "annotations": [{"nertag": "O"}]}, {"base_span": [561, 565], "annotations": [{"nertag": "O"}]}, {"base_span": [566, 570], "annotations": [{"nertag": "O"}]}, {"base_span": [571, 576], "annotations": [{"nertag": "O"}]}, {"base_span": [576, 577], "annotations": [{"nertag": "O"}]}, {"base_span": [578, 583], "annotations": [{"nertag": "O"}]}, {"base_span": [584, 595], "annotations": [{"nertag": "O"}]}, {"base_span": [596, 598], "annotations": [{"nertag": "O"}]}, {"base_span": [599, 602], "annotations": [{"nertag": "O"}]}, {"base_span": [603, 607], "annotations": [{"nertag": "O"}]}, {"base_span": [608, 616], "annotations": [{"nertag": "O"}]}, {"base_span": [617, 622], "annotations": [{"nertag": "B-PER"}]}, {"base_span": [623, 629], "annotations": [{"nertag": "I-PER"}]}, {"base_span": [630, 635], "annotations": [{"nertag": "O"}]}, {"base_span": [636, 640], "annotations": [{"nertag": "O"}]}, {"base_span": [641, 646], "annotations": [{"nertag": "O"}]}, {"base_span": [647, 649], "annotations": [{"nertag": "O"}]}, {"base_span": [650, 656], "annotations": [{"nertag": "O"}]}, {"base_span": [657, 663], "annotations": [{"nertag": "O"}]}, {"base_span": [664, 670], "annotations": [{"nertag": "O"}]}, {"base_span": [671, 680], "annotations": [{"nertag": "O"}]}, {"base_span": [681, 683], "annotations": [{"nertag": "O"}]}, {"base_span": [684, 689], "annotations": [{"nertag": "O"}]}, {"base_span": [690, 696], "annotations": [{"nertag": "O"}]}, {"base_span": [697, 699], "annotations": [{"nertag": "O"}]}, {"base_span": [700, 709], "annotations": [{"nertag": "O"}]}, {"base_span": [710, 713], "annotations": [{"nertag": "O"}]}, {"base_span": [713, 714], "annotations": [{"nertag": "O"}]}, {"base_span": [716, 721], "annotations": [{"nertag": "B-PER"}]}, {"base_span": [722, 727], "annotations": [{"nertag": "I-PER"}]}, {"base_span": [728, 730], "annotations": [{"nertag": "O"}]}, {"base_span": [731, 734], "annotations": [{"nertag": "O"}]}, {"base_span": [735, 739], "annotations": [{"nertag": "O"}]}, {"base_span": [739, 740], "annotations": [{"nertag": "O"}]}, {"base_span": [741, 744], "annotations": [{"nertag": "O"}]}, {"base_span": [745, 750], "annotations": [{"nertag": "B-PER"}]}, {"base_span": [751, 757], "annotations": [{"nertag": "I-PER"}]}, {"base_span": [758, 763], "annotations": [{"nertag": "O"}]}, {"base_span": [764, 771], "annotations": [{"nertag": "O"}]}, {"base_span": [772, 775], "annotations": [{"nertag": "O"}]}, {"base_span": [776, 780], "annotations": [{"nertag": "O"}]}, {"base_span": [781, 786], "annotations": [{"nertag": "O"}]}, {"base_span": [787, 796], "annotations": [{"nertag": "O"}]}, {"base_span": [797, 800], "annotations": [{"nertag": "O"}]}, {"base_span": [802, 817], "annotations": [{"nertag": "O"}]}, {"base_span": [818, 823], "annotations": [{"nertag": "B-PER"}]}, {"base_span": [824, 829], "annotations": [{"nertag": "O"}]}, {"base_span": [829, 830], "annotations": [{"nertag": "O"}]}, {"base_span": [831, 833], "annotations": [{"nertag": "O"}]}, {"base_span": [834, 839], "annotations": [{"nertag": "B-PER"}]}, {"base_span": [840, 846], "annotations": [{"nertag": "I-PER"}]}, {"base_span": [847, 851], "annotations": [{"nertag": "O"}]}, {"base_span": [852, 862], "annotations": [{"nertag": "O"}]}, {"base_span": [863, 868], "annotations": [{"nertag": "O"}]}, {"base_span": [869, 874], "annotations": [{"nertag": "O"}]}, {"base_span": [875, 883], "annotations": [{"nertag": "O"}]}, {"base_span": [884, 890], "annotations": [{"nertag": "O"}]}, {"base_span": [890, 891], "annotations": [{"nertag": "O"}]}, {"base_span": [892, 897], "annotations": [{"nertag": "O"}]}, {"base_span": [898, 900], "annotations": [{"nertag": "O"}]}, {"base_span": [901, 906], "annotations": [{"nertag": "O"}]}, {"base_span": [907, 916], "annotations": [{"nertag": "O"}]}, {"base_span": [917, 921], "annotations": [{"nertag": "O"}]}, {"base_span": [922, 923], "annotations": [{"nertag": "O"}]}, {"base_span": [924, 927], "annotations": [{"nertag": "O"}]}, {"base_span": [928, 932], "annotations": [{"nertag": "O"}]}, {"base_span": [932, 933], "annotations": [{"nertag": "O"}]}, {"base_span": [933, 934], "annotations": [{"nertag": "O"}]}, {"base_span": [935, 939], "annotations": [{"nertag": "O"}]}, {"base_span": [940, 949], "annotations": [{"nertag": "O"}]}, {"base_span": [950, 954], "annotations": [{"nertag": "O"}]}, {"base_span": [955, 957], "annotations": [{"nertag": "O"}]}, {"base_span": [958, 963], "annotations": [{"nertag": "O"}]}, {"base_span": [964, 966], "annotations": [{"nertag": "O"}]}, {"base_span": [967, 973], "annotations": [{"nertag": "B-PER"}]}, {"base_span": [974, 982], "annotations": [{"nertag": "I-PER"}]}, {"base_span": [983, 985], "annotations": [{"nertag": "O"}]}, {"base_span": [986, 994], "annotations": [{"nertag": "O"}]}, {"base_span": [994, 995], "annotations": [{"nertag": "O"}]}, {"base_span": [997, 1003], "annotations": [{"nertag": "O"}]}, {"base_span": [1004, 1011], "annotations": [{"nertag": "O"}]}, {"base_span": [1011, 1012], "annotations": [{"nertag": "O"}]}, {"base_span": [1014, 1019], "annotations": [{"nertag": "B-PER"}]}, {"base_span": [1020, 1026], "annotations": [{"nertag": "I-PER"}]}, {"base_span": [1027, 1029], "annotations": [{"nertag": "O"}]}, {"base_span": [1030, 1038], "annotations": [{"nertag": "O"}]}, {"base_span": [1039, 1041], "annotations": [{"nertag": "O"}]}, {"base_span": [1042, 1046], "annotations": [{"nertag": "O"}]}, {"base_span": [1047, 1054], "annotations": [{"nertag": "O"}]}, {"base_span": [1055, 1057], "annotations": [{"nertag": "O"}]}, {"base_span": [1058, 1063], "annotations": [{"nertag": "O"}]}, {"base_span": [1064, 1073], "annotations": [{"nertag": "O"}]}, {"base_span": [1074, 1078], "annotations": [{"nertag": "O"}]}, {"base_span": [1079, 1080], "annotations": [{"nertag": "O"}]}, {"base_span": [1081, 1088], "annotations": [{"nertag": "O"}]}, {"base_span": [1089, 1091], "annotations": [{"nertag": "O"}]}, {"base_span": [1092, 1098], "annotations": [{"nertag": "O"}]}, {"base_span": [1098, 1099], "annotations": [{"nertag": "O"}]}, {"base_span": [1100, 1102], "annotations": [{"nertag": "O"}]}, {"base_span": [1103, 1110], "annotations": [{"nertag": "O"}]}, {"base_span": [1111, 1117], "annotations": [{"nertag": "O"}]}, {"base_span": [1118, 1123], "annotations": [{"nertag": "O"}]}, {"base_span": [1124, 1136], "annotations": [{"nertag": "O"}]}, {"base_span": [1137, 1142], "annotations": [{"nertag": "O"}]}, {"base_span": [1143, 1145], "annotations": [{"nertag": "O"}]}, {"base_span": [1146, 1152], "annotations": [{"nertag": "O"}]}, {"base_span": [1153, 1157], "annotations": [{"nertag": "O"}]}, {"base_span": [1158, 1163], "annotations": [{"nertag": "O"}]}, {"base_span": [1164, 1169], "annotations": [{"nertag": "O"}]}, {"base_span": [1170, 1173], "annotations": [{"nertag": "O"}]}, {"base_span": [1174, 1180], "annotations": [{"nertag": "O"}]}, {"base_span": [1181, 1187], "annotations": [{"nertag": "B-PER"}]}, {"base_span": [1188, 1195], "annotations": [{"nertag": "I-PER"}]}, {"base_span": [1195, 1196], "annotations": [{"nertag": "O"}]}, {"base_span": [1197, 1203], "annotations": [{"nertag": "O"}]}, {"base_span": [1204, 1207], "annotations": [{"nertag": "O"}]}, {"base_span": [1208, 1220], "annotations": [{"nertag": "O"}]}, {"base_span": [1221, 1232], "annotations": [{"nertag": "O"}]}, {"base_span": [1232, 1234], "annotations": [{"nertag": "O"}]}, {"base_span": [1236, 1237], "annotations": [{"nertag": "O"}]}, {"base_span": [1237, 1238], "annotations": [{"nertag": "O"}]}, {"base_span": [1239, 1244], "annotations": [{"nertag": "O"}]}, {"base_span": [1245, 1252], "annotations": [{"nertag": "O"}]}, {"base_span": [1253, 1256], "annotations": [{"nertag": "O"}]}, {"base_span": [1257, 1260], "annotations": [{"nertag": "O"}]}, {"base_span": [1261, 1265], "annotations": [{"nertag": "O"}]}, {"base_span": [1266, 1275], "annotations": [{"nertag": "O"}]}, {"base_span": [1275, 1276], "annotations": [{"nertag": "O"}]}, {"base_span": [1277, 1278], "annotations": [{"nertag": "O"}]}, {"base_span": [1278, 1279], "annotations": [{"nertag": "O"}]}, {"base_span": [1280, 1290], "annotations": [{"nertag": "B-MISC"}]}, {"base_span": [1291, 1298], "annotations": [{"nertag": "I-MISC"}]}, {"base_span": [1299, 1305], "annotations": [{"nertag": "I-MISC"}]}, {"base_span": [1306, 1308], "annotations": [{"nertag": "O"}]}, {"base_span": [1309, 1311], "annotations": [{"nertag": "O"}]}, {"base_span": [1312, 1314], "annotations": [{"nertag": "O"}]}, {"base_span": [1315, 1317], "annotations": [{"nertag": "O"}]}, {"base_span": [1318, 1328], "annotations": [{"nertag": "O"}]}, {"base_span": [1328, 1329], "annotations": [{"nertag": "O"}]}, {"base_span": [1330, 1337], "annotations": [{"nertag": "O"}]}, {"base_span": [1338, 1349], "annotations": [{"nertag": "O"}]}, {"base_span": [1350, 1357], "annotations": [{"nertag": "O"}]}, {"base_span": [1358, 1360], "annotations": [{"nertag": "O"}]}, {"base_span": [1360, 1361], "annotations": [{"nertag": "O"}]}, {"base_span": [1362, 1365], "annotations": [{"nertag": "O"}]}, {"base_span": [1366, 1371], "annotations": [{"nertag": "O"}]}, {"base_span": [1372, 1381], "annotations": [{"nertag": "O"}]}, {"base_span": [1382, 1395], "annotations": [{"nertag": "O"}]}, {"base_span": [1396, 1400], "annotations": [{"nertag": "O"}]}, {"base_span": [1400, 1401], "annotations": [{"nertag": "O"}]}, {"base_span": [1401, 1402], "annotations": [{"nertag": "O"}]}]}]}