{"text": "\nTuli ette Ahja möisa mötsa walitsuse asemik Kusta Klaus ja kaebas: karjus Jaan Jürgenson ja Kusta Lipp olnud oma karjadega, ülepia 23 kari elajad ja 38 lammast, möisa hoijetawa sööte pääl, kus mötsawaht Daniel Klaus neid näinud, ning nöudis ülepia 23 rubl. kahjutasumiseks.\n\nKarjused Jaan Jürgenson Adam Mülleri ja Kusta Lipp oma isa Jakob Lipp man saisten kaebtuse üle küsitud, salgawad seda, et nende elajad möisa sööte pääl olnud.\n\nWannutud mötsawaht Daniel Klaus tunnistas: karjused Jaan Jürgenson ja Kusta Lipp on soos marju otsimas olnud, ja olnud 23 kari elajad ja 38 lammast möisa hoijetawa sööte pääl.\n\nMöistus: Et karjus Jaan Jürgenson ja Kusta Lipp hooletumad ja mitte elajate järele ei ole waatanud, waid möisa sööte pääle lasknud, siis peab kumbgi 1 1/2 rubl. 8 pääwa sees mötsa walitsuse hääks trahwi maksma.\n\nPeter Kripson XXX Peter Hendrikson XXX Kotta Wossmann XXX Kusta Iwanthal XXX\n\nMöistus sai kohtukäijatele T.S.R. pärra a. 1860. §772 - 774 kuulutud ja öppus antud, mis tähele tuleb panna, kui keegi körgemat kohut tahab käija ja ei olnud mötsa walitsus ei ka Jakob Lipp mitte sellega rahul.\n\n\n", "meta": {"origin_directory": "vallakohus_kolmas/"}, "layers": [{"name": "gold_ner", "attributes": ["nertag"], "parent": null, "enveloping": null, "ambiguous": false, "serialisation_module": null, "meta": {}, "spans": [{"base_span": [11, 37], "annotations": [{"nertag": "ORG"}]}, {"base_span": [45, 56], "annotations": [{"nertag": "PER"}]}, {"base_span": [75, 89], "annotations": [{"nertag": "PER"}]}, {"base_span": [93, 103], "annotations": [{"nertag": "PER"}]}, {"base_span": [204, 216], "annotations": [{"nertag": "PER"}]}, {"base_span": [285, 299], "annotations": [{"nertag": "PER"}]}, {"base_span": [300, 312], "annotations": [{"nertag": "PER"}]}, {"base_span": [316, 326], "annotations": [{"nertag": "PER"}]}, {"base_span": [335, 345], "annotations": [{"nertag": "PER"}]}, {"base_span": [455, 467], "annotations": [{"nertag": "PER"}]}, {"base_span": [488, 502], "annotations": [{"nertag": "PER"}]}, {"base_span": [506, 516], "annotations": [{"nertag": "PER"}]}, {"base_span": [632, 646], "annotations": [{"nertag": "PER"}]}, {"base_span": [650, 660], "annotations": [{"nertag": "PER"}]}, {"base_span": [825, 838], "annotations": [{"nertag": "PER"}]}, {"base_span": [843, 859], "annotations": [{"nertag": "PER"}]}, {"base_span": [864, 878], "annotations": [{"nertag": "PER"}]}, {"base_span": [883, 897], "annotations": [{"nertag": "PER"}]}, {"base_span": [930, 936], "annotations": [{"nertag": "MISC"}]}, {"base_span": [1082, 1092], "annotations": [{"nertag": "PER"}]}]}, {"name": "gold_wordner", "attributes": ["nertag"], "parent": null, "enveloping": null, "ambiguous": false, "serialisation_module": null, "meta": {}, "spans": [{"base_span": [1, 5], "annotations": [{"nertag": "O"}]}, {"base_span": [6, 10], "annotations": [{"nertag": "O"}]}, {"base_span": [11, 15], "annotations": [{"nertag": "B-ORG"}]}, {"base_span": [16, 21], "annotations": [{"nertag": "I-ORG"}]}, {"base_span": [22, 27], "annotations": [{"nertag": "I-ORG"}]}, {"base_span": [28, 37], "annotations": [{"nertag": "I-ORG"}]}, {"base_span": [38, 44], "annotations": [{"nertag": "O"}]}, {"base_span": [45, 50], "annotations": [{"nertag": "B-PER"}]}, {"base_span": [51, 56], "annotations": [{"nertag": "I-PER"}]}, {"base_span": [57, 59], "annotations": [{"nertag": "O"}]}, {"base_span": [60, 66], "annotations": [{"nertag": "O"}]}, {"base_span": [66, 67], "annotations": [{"nertag": "O"}]}, {"base_span": [68, 74], "annotations": [{"nertag": "O"}]}, {"base_span": [75, 79], "annotations": [{"nertag": "B-PER"}]}, {"base_span": [80, 89], "annotations": [{"nertag": "I-PER"}]}, {"base_span": [90, 92], "annotations": [{"nertag": "O"}]}, {"base_span": [93, 98], "annotations": [{"nertag": "B-PER"}]}, {"base_span": [99, 103], "annotations": [{"nertag": "I-PER"}]}, {"base_span": [104, 109], "annotations": [{"nertag": "O"}]}, {"base_span": [110, 113], "annotations": [{"nertag": "O"}]}, {"base_span": [114, 123], "annotations": [{"nertag": "O"}]}, {"base_span": [123, 124], "annotations": [{"nertag": "O"}]}, {"base_span": [125, 131], "annotations": [{"nertag": "O"}]}, {"base_span": [132, 134], "annotations": [{"nertag": "O"}]}, {"base_span": [135, 139], "annotations": [{"nertag": "O"}]}, {"base_span": [140, 146], "annotations": [{"nertag": "O"}]}, {"base_span": [147, 149], "annotations": [{"nertag": "O"}]}, {"base_span": [150, 152], "annotations": [{"nertag": "O"}]}, {"base_span": [153, 160], "annotations": [{"nertag": "O"}]}, {"base_span": [160, 161], "annotations": [{"nertag": "O"}]}, {"base_span": [162, 167], "annotations": [{"nertag": "O"}]}, {"base_span": [168, 177], "annotations": [{"nertag": "O"}]}, {"base_span": [178, 183], "annotations": [{"nertag": "O"}]}, {"base_span": [184, 188], "annotations": [{"nertag": "O"}]}, {"base_span": [188, 189], "annotations": [{"nertag": "O"}]}, {"base_span": [190, 193], "annotations": [{"nertag": "O"}]}, {"base_span": [194, 203], "annotations": [{"nertag": "O"}]}, {"base_span": [204, 210], "annotations": [{"nertag": "B-PER"}]}, {"base_span": [211, 216], "annotations": [{"nertag": "I-PER"}]}, {"base_span": [217, 221], "annotations": [{"nertag": "O"}]}, {"base_span": [222, 228], "annotations": [{"nertag": "O"}]}, {"base_span": [228, 229], "annotations": [{"nertag": "O"}]}, {"base_span": [230, 234], "annotations": [{"nertag": "O"}]}, {"base_span": [235, 241], "annotations": [{"nertag": "O"}]}, {"base_span": [242, 248], "annotations": [{"nertag": "O"}]}, {"base_span": [249, 251], "annotations": [{"nertag": "O"}]}, {"base_span": [252, 256], "annotations": [{"nertag": "O"}]}, {"base_span": [256, 257], "annotations": [{"nertag": "O"}]}, {"base_span": [258, 273], "annotations": [{"nertag": "O"}]}, {"base_span": [273, 274], "annotations": [{"nertag": "O"}]}, {"base_span": [276, 284], "annotations": [{"nertag": "O"}]}, {"base_span": [285, 289], "annotations": [{"nertag": "B-PER"}]}, {"base_span": [290, 299], "annotations": [{"nertag": "I-PER"}]}, {"base_span": [300, 304], "annotations": [{"nertag": "B-PER"}]}, {"base_span": [305, 312], "annotations": [{"nertag": "I-PER"}]}, {"base_span": [313, 315], "annotations": [{"nertag": "O"}]}, {"base_span": [316, 321], "annotations": [{"nertag": "B-PER"}]}, {"base_span": [322, 326], "annotations": [{"nertag": "I-PER"}]}, {"base_span": [327, 330], "annotations": [{"nertag": "O"}]}, {"base_span": [331, 334], "annotations": [{"nertag": "O"}]}, {"base_span": [335, 340], "annotations": [{"nertag": "B-PER"}]}, {"base_span": [341, 345], "annotations": [{"nertag": "I-PER"}]}, {"base_span": [346, 349], "annotations": [{"nertag": "O"}]}, {"base_span": [350, 357], "annotations": [{"nertag": "O"}]}, {"base_span": [358, 366], "annotations": [{"nertag": "O"}]}, {"base_span": [367, 370], "annotations": [{"nertag": "O"}]}, {"base_span": [371, 378], "annotations": [{"nertag": "O"}]}, {"base_span": [378, 379], "annotations": [{"nertag": "O"}]}, {"base_span": [380, 388], "annotations": [{"nertag": "O"}]}, {"base_span": [389, 393], "annotations": [{"nertag": "O"}]}, {"base_span": [393, 394], "annotations": [{"nertag": "O"}]}, {"base_span": [395, 397], "annotations": [{"nertag": "O"}]}, {"base_span": [398, 403], "annotations": [{"nertag": "O"}]}, {"base_span": [404, 410], "annotations": [{"nertag": "O"}]}, {"base_span": [411, 416], "annotations": [{"nertag": "O"}]}, {"base_span": [417, 422], "annotations": [{"nertag": "O"}]}, {"base_span": [423, 427], "annotations": [{"nertag": "O"}]}, {"base_span": [428, 433], "annotations": [{"nertag": "O"}]}, {"base_span": [433, 434], "annotations": [{"nertag": "O"}]}, {"base_span": [436, 444], "annotations": [{"nertag": "O"}]}, {"base_span": [445, 454], "annotations": [{"nertag": "O"}]}, {"base_span": [455, 461], "annotations": [{"nertag": "B-PER"}]}, {"base_span": [462, 467], "annotations": [{"nertag": "I-PER"}]}, {"base_span": [468, 477], "annotations": [{"nertag": "O"}]}, {"base_span": [477, 478], "annotations": [{"nertag": "O"}]}, {"base_span": [479, 487], "annotations": [{"nertag": "O"}]}, {"base_span": [488, 492], "annotations": [{"nertag": "B-PER"}]}, {"base_span": [493, 502], "annotations": [{"nertag": "I-PER"}]}, {"base_span": [503, 505], "annotations": [{"nertag": "O"}]}, {"base_span": [506, 511], "annotations": [{"nertag": "B-PER"}]}, {"base_span": [512, 516], "annotations": [{"nertag": "I-PER"}]}, {"base_span": [517, 519], "annotations": [{"nertag": "O"}]}, {"base_span": [520, 524], "annotations": [{"nertag": "O"}]}, {"base_span": [525, 530], "annotations": [{"nertag": "O"}]}, {"base_span": [531, 538], "annotations": [{"nertag": "O"}]}, {"base_span": [539, 544], "annotations": [{"nertag": "O"}]}, {"base_span": [544, 545], "annotations": [{"nertag": "O"}]}, {"base_span": [546, 548], "annotations": [{"nertag": "O"}]}, {"base_span": [549, 554], "annotations": [{"nertag": "O"}]}, {"base_span": [555, 557], "annotations": [{"nertag": "O"}]}, {"base_span": [558, 562], "annotations": [{"nertag": "O"}]}, {"base_span": [563, 569], "annotations": [{"nertag": "O"}]}, {"base_span": [570, 572], "annotations": [{"nertag": "O"}]}, {"base_span": [573, 575], "annotations": [{"nertag": "O"}]}, {"base_span": [576, 583], "annotations": [{"nertag": "O"}]}, {"base_span": [584, 589], "annotations": [{"nertag": "O"}]}, {"base_span": [590, 599], "annotations": [{"nertag": "O"}]}, {"base_span": [600, 605], "annotations": [{"nertag": "O"}]}, {"base_span": [606, 610], "annotations": [{"nertag": "O"}]}, {"base_span": [610, 611], "annotations": [{"nertag": "O"}]}, {"base_span": [613, 620], "annotations": [{"nertag": "O"}]}, {"base_span": [620, 621], "annotations": [{"nertag": "O"}]}, {"base_span": [622, 624], "annotations": [{"nertag": "O"}]}, {"base_span": [625, 631], "annotations": [{"nertag": "O"}]}, {"base_span": [632, 636], "annotations": [{"nertag": "B-PER"}]}, {"base_span": [637, 646], "annotations": [{"nertag": "I-PER"}]}, {"base_span": [647, 649], "annotations": [{"nertag": "O"}]}, {"base_span": [650, 655], "annotations": [{"nertag": "B-PER"}]}, {"base_span": [656, 660], "annotations": [{"nertag": "I-PER"}]}, {"base_span": [661, 671], "annotations": [{"nertag": "O"}]}, {"base_span": [672, 674], "annotations": [{"nertag": "O"}]}, {"base_span": [675, 680], "annotations": [{"nertag": "O"}]}, {"base_span": [681, 688], "annotations": [{"nertag": "O"}]}, {"base_span": [689, 695], "annotations": [{"nertag": "O"}]}, {"base_span": [696, 698], "annotations": [{"nertag": "O"}]}, {"base_span": [699, 702], "annotations": [{"nertag": "O"}]}, {"base_span": [703, 711], "annotations": [{"nertag": "O"}]}, {"base_span": [711, 712], "annotations": [{"nertag": "O"}]}, {"base_span": [713, 717], "annotations": [{"nertag": "O"}]}, {"base_span": [718, 723], "annotations": [{"nertag": "O"}]}, {"base_span": [724, 729], "annotations": [{"nertag": "O"}]}, {"base_span": [730, 735], "annotations": [{"nertag": "O"}]}, {"base_span": [736, 743], "annotations": [{"nertag": "O"}]}, {"base_span": [743, 744], "annotations": [{"nertag": "O"}]}, {"base_span": [745, 749], "annotations": [{"nertag": "O"}]}, {"base_span": [750, 754], "annotations": [{"nertag": "O"}]}, {"base_span": [755, 761], "annotations": [{"nertag": "O"}]}, {"base_span": [762, 763], "annotations": [{"nertag": "O"}]}, {"base_span": [764, 765], "annotations": [{"nertag": "O"}]}, {"base_span": [765, 766], "annotations": [{"nertag": "O"}]}, {"base_span": [766, 767], "annotations": [{"nertag": "O"}]}, {"base_span": [768, 772], "annotations": [{"nertag": "O"}]}, {"base_span": [772, 773], "annotations": [{"nertag": "O"}]}, {"base_span": [774, 775], "annotations": [{"nertag": "O"}]}, {"base_span": [776, 781], "annotations": [{"nertag": "O"}]}, {"base_span": [782, 786], "annotations": [{"nertag": "O"}]}, {"base_span": [787, 792], "annotations": [{"nertag": "O"}]}, {"base_span": [793, 802], "annotations": [{"nertag": "O"}]}, {"base_span": [803, 808], "annotations": [{"nertag": "O"}]}, {"base_span": [809, 815], "annotations": [{"nertag": "O"}]}, {"base_span": [816, 822], "annotations": [{"nertag": "O"}]}, {"base_span": [822, 823], "annotations": [{"nertag": "O"}]}, {"base_span": [825, 830], "annotations": [{"nertag": "B-PER"}]}, {"base_span": [831, 838], "annotations": [{"nertag": "I-PER"}]}, {"base_span": [839, 842], "annotations": [{"nertag": "O"}]}, {"base_span": [843, 848], "annotations": [{"nertag": "B-PER"}]}, {"base_span": [849, 859], "annotations": [{"nertag": "I-PER"}]}, {"base_span": [860, 863], "annotations": [{"nertag": "O"}]}, {"base_span": [864, 869], "annotations": [{"nertag": "B-PER"}]}, {"base_span": [870, 878], "annotations": [{"nertag": "I-PER"}]}, {"base_span": [879, 882], "annotations": [{"nertag": "O"}]}, {"base_span": [883, 888], "annotations": [{"nertag": "B-PER"}]}, {"base_span": [889, 897], "annotations": [{"nertag": "I-PER"}]}, {"base_span": [898, 901], "annotations": [{"nertag": "O"}]}, {"base_span": [903, 910], "annotations": [{"nertag": "O"}]}, {"base_span": [911, 914], "annotations": [{"nertag": "O"}]}, {"base_span": [915, 929], "annotations": [{"nertag": "O"}]}, {"base_span": [930, 931], "annotations": [{"nertag": "B-MISC"}]}, {"base_span": [931, 932], "annotations": [{"nertag": "I-MISC"}]}, {"base_span": [932, 933], "annotations": [{"nertag": "I-MISC"}]}, {"base_span": [933, 934], "annotations": [{"nertag": "I-MISC"}]}, {"base_span": [934, 935], "annotations": [{"nertag": "I-MISC"}]}, {"base_span": [935, 936], "annotations": [{"nertag": "I-MISC"}]}, {"base_span": [937, 942], "annotations": [{"nertag": "O"}]}, {"base_span": [943, 944], "annotations": [{"nertag": "O"}]}, {"base_span": [944, 945], "annotations": [{"nertag": "O"}]}, {"base_span": [946, 951], "annotations": [{"nertag": "O"}]}, {"base_span": [952, 953], "annotations": [{"nertag": "O"}]}, {"base_span": [953, 956], "annotations": [{"nertag": "O"}]}, {"base_span": [957, 958], "annotations": [{"nertag": "O"}]}, {"base_span": [959, 962], "annotations": [{"nertag": "O"}]}, {"base_span": [963, 971], "annotations": [{"nertag": "O"}]}, {"base_span": [972, 974], "annotations": [{"nertag": "O"}]}, {"base_span": [975, 980], "annotations": [{"nertag": "O"}]}, {"base_span": [981, 986], "annotations": [{"nertag": "O"}]}, {"base_span": [986, 987], "annotations": [{"nertag": "O"}]}, {"base_span": [988, 991], "annotations": [{"nertag": "O"}]}, {"base_span": [992, 998], "annotations": [{"nertag": "O"}]}, {"base_span": [999, 1004], "annotations": [{"nertag": "O"}]}, {"base_span": [1005, 1010], "annotations": [{"nertag": "O"}]}, {"base_span": [1010, 1011], "annotations": [{"nertag": "O"}]}, {"base_span": [1012, 1015], "annotations": [{"nertag": "O"}]}, {"base_span": [1016, 1021], "annotations": [{"nertag": "O"}]}, {"base_span": [1022, 1030], "annotations": [{"nertag": "O"}]}, {"base_span": [1031, 1036], "annotations": [{"nertag": "O"}]}, {"base_span": [1037, 1042], "annotations": [{"nertag": "O"}]}, {"base_span": [1043, 1048], "annotations": [{"nertag": "O"}]}, {"base_span": [1049, 1051], "annotations": [{"nertag": "O"}]}, {"base_span": [1052, 1054], "annotations": [{"nertag": "O"}]}, {"base_span": [1055, 1060], "annotations": [{"nertag": "O"}]}, {"base_span": [1061, 1066], "annotations": [{"nertag": "O"}]}, {"base_span": [1067, 1075], "annotations": [{"nertag": "O"}]}, {"base_span": [1076, 1078], "annotations": [{"nertag": "O"}]}, {"base_span": [1079, 1081], "annotations": [{"nertag": "O"}]}, {"base_span": [1082, 1087], "annotations": [{"nertag": "B-PER"}]}, {"base_span": [1088, 1092], "annotations": [{"nertag": "I-PER"}]}, {"base_span": [1093, 1098], "annotations": [{"nertag": "O"}]}, {"base_span": [1099, 1106], "annotations": [{"nertag": "O"}]}, {"base_span": [1107, 1112], "annotations": [{"nertag": "O"}]}, {"base_span": [1112, 1113], "annotations": [{"nertag": "O"}]}]}]}