{"text": "Johan Bringfeld aastus ette ja kaebas et tal 20 rubla rahha ärra kaddus kelle rahha need wenne tütrukud Marina Saweljewa nink Frinja /:wennemalt:/ olliwa leidnud, agga temmale taggasi ei andnud.\nSoldat Jakow Iwanow ütles wälja et Frinja sedda rahha leidis ja poole, se on 10 rubla Marinale andnud, sest et Marina mitte teistele sest rahha leidmist ei ütlewad. Agga Marfa nink Frinja isse on räkinud, ja Jakow on sedda ka kuulnud.\nMarina sai ette kutsutud ja ütles wälja, et ta sest rahhast suggugi ei tea, woib kül olla et Frinja se rahha leidnud agga Marinale ta middagi ei üttelnud ja ka ei andnud. Iwan Wassiljew ütles wälja et Marina temma naisele on üttelnud, et nemad Frinjaga 20 rubla leidnud. \nMoistetud: Marina Saweljewa peab 10 rubla warsti Johan Bringfeldile maksma ja podrätschik Iwan Wassiljew kelle kaest Frinja weel rahha saamata, peab sest rahhast 10 rubla maksma \nPeakohtomees: Jakob Kook\nkohtomees: Peter Paap\n?\" : Thomas Kähr\n?\" : Mihkel Bringfeld\n\"\n", "meta": {"origin_directory": "vallakohus_esimene/"}, "layers": [{"name": "gold_ner", "attributes": ["nertag"], "parent": null, "enveloping": null, "ambiguous": false, "serialisation_module": null, "meta": {}, "spans": [{"base_span": [0, 15], "annotations": [{"nertag": "PER"}]}, {"base_span": [104, 120], "annotations": [{"nertag": "PER"}]}, {"base_span": [126, 132], "annotations": [{"nertag": "PER"}]}, {"base_span": [135, 144], "annotations": [{"nertag": "LOC"}]}, {"base_span": [202, 214], "annotations": [{"nertag": "PER"}]}, {"base_span": [230, 236], "annotations": [{"nertag": "PER"}]}, {"base_span": [281, 289], "annotations": [{"nertag": "PER"}]}, {"base_span": [306, 312], "annotations": [{"nertag": "PER"}]}, {"base_span": [365, 370], "annotations": [{"nertag": "PER"}]}, {"base_span": [376, 382], "annotations": [{"nertag": "PER"}]}, {"base_span": [403, 408], "annotations": [{"nertag": "PER"}]}, {"base_span": [430, 436], "annotations": [{"nertag": "PER"}]}, {"base_span": [523, 529], "annotations": [{"nertag": "PER"}]}, {"base_span": [552, 560], "annotations": [{"nertag": "PER"}]}, {"base_span": [601, 615], "annotations": [{"nertag": "PER"}]}, {"base_span": [631, 637], "annotations": [{"nertag": "PER"}]}, {"base_span": [674, 682], "annotations": [{"nertag": "PER"}]}, {"base_span": [713, 729], "annotations": [{"nertag": "PER"}]}, {"base_span": [751, 769], "annotations": [{"nertag": "PER"}]}, {"base_span": [792, 806], "annotations": [{"nertag": "PER"}]}, {"base_span": [819, 825], "annotations": [{"nertag": "PER"}]}, {"base_span": [895, 905], "annotations": [{"nertag": "PER"}]}, {"base_span": [917, 927], "annotations": [{"nertag": "PER"}]}, {"base_span": [933, 944], "annotations": [{"nertag": "PER"}]}, {"base_span": [950, 966], "annotations": [{"nertag": "PER"}]}]}, {"name": "gold_wordner", "attributes": ["nertag"], "parent": null, "enveloping": null, "ambiguous": false, "serialisation_module": null, "meta": {}, "spans": [{"base_span": [0, 5], "annotations": [{"nertag": "B-PER"}]}, {"base_span": [6, 15], "annotations": [{"nertag": "I-PER"}]}, {"base_span": [16, 22], "annotations": [{"nertag": "O"}]}, {"base_span": [23, 27], "annotations": [{"nertag": "O"}]}, {"base_span": [28, 30], "annotations": [{"nertag": "O"}]}, {"base_span": [31, 37], "annotations": [{"nertag": "O"}]}, {"base_span": [38, 40], "annotations": [{"nertag": "O"}]}, {"base_span": [41, 44], "annotations": [{"nertag": "O"}]}, {"base_span": [45, 47], "annotations": [{"nertag": "O"}]}, {"base_span": [48, 53], "annotations": [{"nertag": "O"}]}, {"base_span": [54, 59], "annotations": [{"nertag": "O"}]}, {"base_span": [60, 64], "annotations": [{"nertag": "O"}]}, {"base_span": [65, 71], "annotations": [{"nertag": "O"}]}, {"base_span": [72, 77], "annotations": [{"nertag": "O"}]}, {"base_span": [78, 83], "annotations": [{"nertag": "O"}]}, {"base_span": [84, 88], "annotations": [{"nertag": "O"}]}, {"base_span": [89, 94], "annotations": [{"nertag": "O"}]}, {"base_span": [95, 103], "annotations": [{"nertag": "O"}]}, {"base_span": [104, 110], "annotations": [{"nertag": "B-PER"}]}, {"base_span": [111, 120], "annotations": [{"nertag": "I-PER"}]}, {"base_span": [121, 125], "annotations": [{"nertag": "O"}]}, {"base_span": [126, 132], "annotations": [{"nertag": "B-PER"}]}, {"base_span": [133, 134], "annotations": [{"nertag": "O"}]}, {"base_span": [134, 135], "annotations": [{"nertag": "O"}]}, {"base_span": [135, 144], "annotations": [{"nertag": "B-LOC"}]}, {"base_span": [144, 145], "annotations": [{"nertag": "O"}]}, {"base_span": [145, 146], "annotations": [{"nertag": "O"}]}, {"base_span": [147, 153], "annotations": [{"nertag": "O"}]}, {"base_span": [154, 161], "annotations": [{"nertag": "O"}]}, {"base_span": [161, 162], "annotations": [{"nertag": "O"}]}, {"base_span": [163, 167], "annotations": [{"nertag": "O"}]}, {"base_span": [168, 175], "annotations": [{"nertag": "O"}]}, {"base_span": [176, 183], "annotations": [{"nertag": "O"}]}, {"base_span": [184, 186], "annotations": [{"nertag": "O"}]}, {"base_span": [187, 193], "annotations": [{"nertag": "O"}]}, {"base_span": [193, 194], "annotations": [{"nertag": "O"}]}, {"base_span": [195, 201], "annotations": [{"nertag": "O"}]}, {"base_span": [202, 207], "annotations": [{"nertag": "B-PER"}]}, {"base_span": [208, 214], "annotations": [{"nertag": "I-PER"}]}, {"base_span": [215, 220], "annotations": [{"nertag": "O"}]}, {"base_span": [221, 226], "annotations": [{"nertag": "O"}]}, {"base_span": [227, 229], "annotations": [{"nertag": "O"}]}, {"base_span": [230, 236], "annotations": [{"nertag": "B-PER"}]}, {"base_span": [237, 242], "annotations": [{"nertag": "O"}]}, {"base_span": [243, 248], "annotations": [{"nertag": "O"}]}, {"base_span": [249, 255], "annotations": [{"nertag": "O"}]}, {"base_span": [256, 258], "annotations": [{"nertag": "O"}]}, {"base_span": [259, 264], "annotations": [{"nertag": "O"}]}, {"base_span": [264, 265], "annotations": [{"nertag": "O"}]}, {"base_span": [266, 268], "annotations": [{"nertag": "O"}]}, {"base_span": [269, 271], "annotations": [{"nertag": "O"}]}, {"base_span": [272, 274], "annotations": [{"nertag": "O"}]}, {"base_span": [275, 280], "annotations": [{"nertag": "O"}]}, {"base_span": [281, 289], "annotations": [{"nertag": "B-PER"}]}, {"base_span": [290, 296], "annotations": [{"nertag": "O"}]}, {"base_span": [296, 297], "annotations": [{"nertag": "O"}]}, {"base_span": [298, 302], "annotations": [{"nertag": "O"}]}, {"base_span": [303, 305], "annotations": [{"nertag": "O"}]}, {"base_span": [306, 312], "annotations": [{"nertag": "B-PER"}]}, {"base_span": [313, 318], "annotations": [{"nertag": "O"}]}, {"base_span": [319, 327], "annotations": [{"nertag": "O"}]}, {"base_span": [328, 332], "annotations": [{"nertag": "O"}]}, {"base_span": [333, 338], "annotations": [{"nertag": "O"}]}, {"base_span": [339, 347], "annotations": [{"nertag": "O"}]}, {"base_span": [348, 350], "annotations": [{"nertag": "O"}]}, {"base_span": [351, 358], "annotations": [{"nertag": "O"}]}, {"base_span": [358, 359], "annotations": [{"nertag": "O"}]}, {"base_span": [360, 364], "annotations": [{"nertag": "O"}]}, {"base_span": [365, 370], "annotations": [{"nertag": "B-PER"}]}, {"base_span": [371, 375], "annotations": [{"nertag": "O"}]}, {"base_span": [376, 382], "annotations": [{"nertag": "B-PER"}]}, {"base_span": [383, 387], "annotations": [{"nertag": "O"}]}, {"base_span": [388, 390], "annotations": [{"nertag": "O"}]}, {"base_span": [391, 398], "annotations": [{"nertag": "O"}]}, {"base_span": [398, 399], "annotations": [{"nertag": "O"}]}, {"base_span": [400, 402], "annotations": [{"nertag": "O"}]}, {"base_span": [403, 408], "annotations": [{"nertag": "B-PER"}]}, {"base_span": [409, 411], "annotations": [{"nertag": "O"}]}, {"base_span": [412, 417], "annotations": [{"nertag": "O"}]}, {"base_span": [418, 420], "annotations": [{"nertag": "O"}]}, {"base_span": [421, 428], "annotations": [{"nertag": "O"}]}, {"base_span": [428, 429], "annotations": [{"nertag": "O"}]}, {"base_span": [430, 436], "annotations": [{"nertag": "B-PER"}]}, {"base_span": [437, 440], "annotations": [{"nertag": "O"}]}, {"base_span": [441, 445], "annotations": [{"nertag": "O"}]}, {"base_span": [446, 454], "annotations": [{"nertag": "O"}]}, {"base_span": [455, 457], "annotations": [{"nertag": "O"}]}, {"base_span": [458, 463], "annotations": [{"nertag": "O"}]}, {"base_span": [464, 469], "annotations": [{"nertag": "O"}]}, {"base_span": [469, 470], "annotations": [{"nertag": "O"}]}, {"base_span": [471, 473], "annotations": [{"nertag": "O"}]}, {"base_span": [474, 476], "annotations": [{"nertag": "O"}]}, {"base_span": [477, 481], "annotations": [{"nertag": "O"}]}, {"base_span": [482, 489], "annotations": [{"nertag": "O"}]}, {"base_span": [490, 497], "annotations": [{"nertag": "O"}]}, {"base_span": [498, 500], "annotations": [{"nertag": "O"}]}, {"base_span": [501, 504], "annotations": [{"nertag": "O"}]}, {"base_span": [504, 505], "annotations": [{"nertag": "O"}]}, {"base_span": [506, 510], "annotations": [{"nertag": "O"}]}, {"base_span": [511, 514], "annotations": [{"nertag": "O"}]}, {"base_span": [515, 519], "annotations": [{"nertag": "O"}]}, {"base_span": [520, 522], "annotations": [{"nertag": "O"}]}, {"base_span": [523, 529], "annotations": [{"nertag": "B-PER"}]}, {"base_span": [530, 532], "annotations": [{"nertag": "O"}]}, {"base_span": [533, 538], "annotations": [{"nertag": "O"}]}, {"base_span": [539, 546], "annotations": [{"nertag": "O"}]}, {"base_span": [547, 551], "annotations": [{"nertag": "O"}]}, {"base_span": [552, 560], "annotations": [{"nertag": "B-PER"}]}, {"base_span": [561, 563], "annotations": [{"nertag": "O"}]}, {"base_span": [564, 571], "annotations": [{"nertag": "O"}]}, {"base_span": [572, 574], "annotations": [{"nertag": "O"}]}, {"base_span": [575, 583], "annotations": [{"nertag": "O"}]}, {"base_span": [584, 586], "annotations": [{"nertag": "O"}]}, {"base_span": [587, 589], "annotations": [{"nertag": "O"}]}, {"base_span": [590, 592], "annotations": [{"nertag": "O"}]}, {"base_span": [593, 599], "annotations": [{"nertag": "O"}]}, {"base_span": [599, 600], "annotations": [{"nertag": "O"}]}, {"base_span": [601, 605], "annotations": [{"nertag": "B-PER"}]}, {"base_span": [606, 615], "annotations": [{"nertag": "I-PER"}]}, {"base_span": [616, 621], "annotations": [{"nertag": "O"}]}, {"base_span": [622, 627], "annotations": [{"nertag": "O"}]}, {"base_span": [628, 630], "annotations": [{"nertag": "O"}]}, {"base_span": [631, 637], "annotations": [{"nertag": "B-PER"}]}, {"base_span": [638, 643], "annotations": [{"nertag": "O"}]}, {"base_span": [644, 651], "annotations": [{"nertag": "O"}]}, {"base_span": [652, 654], "annotations": [{"nertag": "O"}]}, {"base_span": [655, 663], "annotations": [{"nertag": "O"}]}, {"base_span": [663, 664], "annotations": [{"nertag": "O"}]}, {"base_span": [665, 667], "annotations": [{"nertag": "O"}]}, {"base_span": [668, 673], "annotations": [{"nertag": "O"}]}, {"base_span": [674, 682], "annotations": [{"nertag": "B-PER"}]}, {"base_span": [683, 685], "annotations": [{"nertag": "O"}]}, {"base_span": [686, 691], "annotations": [{"nertag": "O"}]}, {"base_span": [692, 699], "annotations": [{"nertag": "O"}]}, {"base_span": [699, 700], "annotations": [{"nertag": "O"}]}, {"base_span": [702, 711], "annotations": [{"nertag": "O"}]}, {"base_span": [711, 712], "annotations": [{"nertag": "O"}]}, {"base_span": [713, 719], "annotations": [{"nertag": "B-PER"}]}, {"base_span": [720, 729], "annotations": [{"nertag": "I-PER"}]}, {"base_span": [730, 734], "annotations": [{"nertag": "O"}]}, {"base_span": [735, 737], "annotations": [{"nertag": "O"}]}, {"base_span": [738, 743], "annotations": [{"nertag": "O"}]}, {"base_span": [744, 750], "annotations": [{"nertag": "O"}]}, {"base_span": [751, 756], "annotations": [{"nertag": "B-PER"}]}, {"base_span": [757, 769], "annotations": [{"nertag": "I-PER"}]}, {"base_span": [770, 776], "annotations": [{"nertag": "O"}]}, {"base_span": [777, 779], "annotations": [{"nertag": "O"}]}, {"base_span": [780, 791], "annotations": [{"nertag": "O"}]}, {"base_span": [792, 796], "annotations": [{"nertag": "B-PER"}]}, {"base_span": [797, 806], "annotations": [{"nertag": "I-PER"}]}, {"base_span": [807, 812], "annotations": [{"nertag": "O"}]}, {"base_span": [813, 818], "annotations": [{"nertag": "O"}]}, {"base_span": [819, 825], "annotations": [{"nertag": "B-PER"}]}, {"base_span": [826, 830], "annotations": [{"nertag": "O"}]}, {"base_span": [831, 836], "annotations": [{"nertag": "O"}]}, {"base_span": [837, 844], "annotations": [{"nertag": "O"}]}, {"base_span": [844, 845], "annotations": [{"nertag": "O"}]}, {"base_span": [846, 850], "annotations": [{"nertag": "O"}]}, {"base_span": [851, 855], "annotations": [{"nertag": "O"}]}, {"base_span": [856, 863], "annotations": [{"nertag": "O"}]}, {"base_span": [864, 866], "annotations": [{"nertag": "O"}]}, {"base_span": [867, 872], "annotations": [{"nertag": "O"}]}, {"base_span": [873, 879], "annotations": [{"nertag": "O"}]}, {"base_span": [881, 893], "annotations": [{"nertag": "O"}]}, {"base_span": [893, 894], "annotations": [{"nertag": "O"}]}, {"base_span": [895, 900], "annotations": [{"nertag": "B-PER"}]}, {"base_span": [901, 905], "annotations": [{"nertag": "I-PER"}]}, {"base_span": [906, 915], "annotations": [{"nertag": "O"}]}, {"base_span": [915, 916], "annotations": [{"nertag": "O"}]}, {"base_span": [917, 922], "annotations": [{"nertag": "B-PER"}]}, {"base_span": [923, 927], "annotations": [{"nertag": "I-PER"}]}, {"base_span": [928, 929], "annotations": [{"nertag": "O"}]}, {"base_span": [929, 930], "annotations": [{"nertag": "O"}]}, {"base_span": [931, 932], "annotations": [{"nertag": "O"}]}, {"base_span": [933, 939], "annotations": [{"nertag": "B-PER"}]}, {"base_span": [940, 944], "annotations": [{"nertag": "I-PER"}]}, {"base_span": [945, 946], "annotations": [{"nertag": "O"}]}, {"base_span": [946, 947], "annotations": [{"nertag": "O"}]}, {"base_span": [948, 949], "annotations": [{"nertag": "O"}]}, {"base_span": [950, 956], "annotations": [{"nertag": "B-PER"}]}, {"base_span": [957, 966], "annotations": [{"nertag": "I-PER"}]}, {"base_span": [967, 968], "annotations": [{"nertag": "O"}]}]}]}