{"text": "\nJohan Mutso, Johan Mutso (Sulbi) laste wöörmönder andis üles, et tema sellest 75 rbl. mis tema enda kätte wõtnud, wälja maksnud on:\n\nMamma Liis Mutsole puhast raha antud\n   15 rbl.\n  \n\n6 naela wee lõnga ostetud a' 75 Kop.\n   4 rbl. 50 Kop\n  \n\n1 paar saapid ostetud\n   2 rbl. 50 Kop\n  \n\n3 wakka rukki jahu\n   7 rbl. 50 Kop\n  \n\nIda Mutso kooli raha\n   8 rbl. 50 Kop\n  \n\nWõrul käimise eest Liis Mutsoga 3 k.\n   9 rbl.\n  \n\nKaks körda Tartus käinud\n   4 rbl.\n  \n\nRoosi saapa parandamine\n   50 Kp\n  \n\nTänasel pääwal antud\n   10 rbl.\n  \n\n   61 rbl. 50 Kop\n  \n\nLiis Mutso kurator Peeter Jakobi wastutas, et Johan Mutso sellest 75 rbl. wäljamaksnud on:\n\nPuhast raha\n   15 rbl.\n  \n\nWee lõnga ja saapad\n   6 rbl.\n  \n\n3 wakka rükki jahu\n   6 rbl.\n  \n\nRoosi saapa parand.\n   45 Kop\n  \n\nPuhast raha 12 Apr.\n   10 rbl.\n  \n\nWõrul ja Tartus käimine\n   \n  \n\nIda Mutso kooli raha 8 rbl. 50 Kop jääb kohtu arwata.\n\nPeale selle on Johan Mutso Liis Mutso käest 10 rbl. lainanud, mis see ei salga; 2 sae lauda on Johan Mutso weel annud, mis 50 Kop. maksawad.\n\nMõiste: Johan Mutso peab Liis Mutso hääks 85 rbl. 8 pääwa sees ära maksma, kellest maha arwata on:\n\nPuhas raha antud\n   15 rbl.\n  \n\nLõnga ja saabaste eest\n   6 rbl.\n  \n\n3 waka jahu eest\n   6 rbl. 75 Kop.\n  \n\nIda Mutso kooliraha\n   8 rbl. 50 Kop.\n  \n\nWõrul käimine\n   6 rbl.\n  \n\nTartus käimine\n   2 rbl.\n  \n\nSaapa parandamine\n   45 Kop.\n  \n\n2 sae lauda\n   50 Kop.\n  \n\nTäna maksetud\n   10 rbl.\n  \n\nSumma\n   55 rbl. 20 Kop.\n  \n\nnõnda et temal weel 29 rbl. 80 Kop. maksa on.\n\nMõiste sai kohtukäijatele kuulutud.\n\n\n", "meta": {"origin_directory": "vallakohus_kolmas/"}, "layers": [{"name": "gold_ner", "attributes": ["nertag"], "parent": null, "enveloping": null, "ambiguous": false, "serialisation_module": null, "meta": {}, "spans": [{"base_span": [1, 12], "annotations": [{"nertag": "PER"}]}, {"base_span": [14, 25], "annotations": [{"nertag": "PER"}]}, {"base_span": [27, 32], "annotations": [{"nertag": "PER"}]}, {"base_span": [140, 152], "annotations": [{"nertag": "PER"}]}, {"base_span": [327, 336], "annotations": [{"nertag": "PER"}]}, {"base_span": [369, 374], "annotations": [{"nertag": "LOC"}]}, {"base_span": [388, 400], "annotations": [{"nertag": "PER"}]}, {"base_span": [431, 437], "annotations": [{"nertag": "LOC"}]}, {"base_span": [459, 464], "annotations": [{"nertag": "PER"}]}, {"base_span": [554, 564], "annotations": [{"nertag": "PER"}]}, {"base_span": [573, 586], "annotations": [{"nertag": "PER"}]}, {"base_span": [600, 611], "annotations": [{"nertag": "PER"}]}, {"base_span": [740, 745], "annotations": [{"nertag": "PER"}]}, {"base_span": [809, 814], "annotations": [{"nertag": "LOC"}]}, {"base_span": [818, 824], "annotations": [{"nertag": "LOC"}]}, {"base_span": [841, 850], "annotations": [{"nertag": "PER"}]}, {"base_span": [911, 922], "annotations": [{"nertag": "PER"}]}, {"base_span": [923, 933], "annotations": [{"nertag": "PER"}]}, {"base_span": [991, 1002], "annotations": [{"nertag": "PER"}]}, {"base_span": [1046, 1057], "annotations": [{"nertag": "PER"}]}, {"base_span": [1063, 1073], "annotations": [{"nertag": "PER"}]}, {"base_span": [1246, 1255], "annotations": [{"nertag": "PER"}]}, {"base_span": [1288, 1293], "annotations": [{"nertag": "LOC"}]}, {"base_span": [1316, 1322], "annotations": [{"nertag": "LOC"}]}]}, {"name": "gold_wordner", "attributes": ["nertag"], "parent": null, "enveloping": null, "ambiguous": false, "serialisation_module": null, "meta": {}, "spans": [{"base_span": [1, 6], "annotations": [{"nertag": "B-PER"}]}, {"base_span": [7, 12], "annotations": [{"nertag": "I-PER"}]}, {"base_span": [12, 13], "annotations": [{"nertag": "O"}]}, {"base_span": [14, 19], "annotations": [{"nertag": "B-PER"}]}, {"base_span": [20, 25], "annotations": [{"nertag": "I-PER"}]}, {"base_span": [26, 27], "annotations": [{"nertag": "O"}]}, {"base_span": [27, 32], "annotations": [{"nertag": "B-PER"}]}, {"base_span": [32, 33], "annotations": [{"nertag": "O"}]}, {"base_span": [34, 39], "annotations": [{"nertag": "O"}]}, {"base_span": [40, 50], "annotations": [{"nertag": "O"}]}, {"base_span": [51, 56], "annotations": [{"nertag": "O"}]}, {"base_span": [57, 61], "annotations": [{"nertag": "O"}]}, {"base_span": [61, 62], "annotations": [{"nertag": "O"}]}, {"base_span": [63, 65], "annotations": [{"nertag": "O"}]}, {"base_span": [66, 70], "annotations": [{"nertag": "O"}]}, {"base_span": [71, 78], "annotations": [{"nertag": "O"}]}, {"base_span": [79, 81], "annotations": [{"nertag": "O"}]}, {"base_span": [82, 85], "annotations": [{"nertag": "O"}]}, {"base_span": [85, 86], "annotations": [{"nertag": "O"}]}, {"base_span": [87, 90], "annotations": [{"nertag": "O"}]}, {"base_span": [91, 95], "annotations": [{"nertag": "O"}]}, {"base_span": [96, 100], "annotations": [{"nertag": "O"}]}, {"base_span": [101, 106], "annotations": [{"nertag": "O"}]}, {"base_span": [107, 113], "annotations": [{"nertag": "O"}]}, {"base_span": [113, 114], "annotations": [{"nertag": "O"}]}, {"base_span": [115, 120], "annotations": [{"nertag": "O"}]}, {"base_span": [121, 128], "annotations": [{"nertag": "O"}]}, {"base_span": [129, 131], "annotations": [{"nertag": "O"}]}, {"base_span": [131, 132], "annotations": [{"nertag": "O"}]}, {"base_span": [134, 139], "annotations": [{"nertag": "O"}]}, {"base_span": [140, 144], "annotations": [{"nertag": "B-PER"}]}, {"base_span": [145, 152], "annotations": [{"nertag": "I-PER"}]}, {"base_span": [153, 159], "annotations": [{"nertag": "O"}]}, {"base_span": [160, 164], "annotations": [{"nertag": "O"}]}, {"base_span": [165, 170], "annotations": [{"nertag": "O"}]}, {"base_span": [174, 176], "annotations": [{"nertag": "O"}]}, {"base_span": [177, 180], "annotations": [{"nertag": "O"}]}, {"base_span": [180, 181], "annotations": [{"nertag": "O"}]}, {"base_span": [186, 187], "annotations": [{"nertag": "O"}]}, {"base_span": [188, 193], "annotations": [{"nertag": "O"}]}, {"base_span": [194, 197], "annotations": [{"nertag": "O"}]}, {"base_span": [198, 203], "annotations": [{"nertag": "O"}]}, {"base_span": [204, 211], "annotations": [{"nertag": "O"}]}, {"base_span": [212, 213], "annotations": [{"nertag": "O"}]}, {"base_span": [213, 214], "annotations": [{"nertag": "O"}]}, {"base_span": [215, 217], "annotations": [{"nertag": "O"}]}, {"base_span": [218, 221], "annotations": [{"nertag": "O"}]}, {"base_span": [221, 222], "annotations": [{"nertag": "O"}]}, {"base_span": [226, 227], "annotations": [{"nertag": "O"}]}, {"base_span": [228, 231], "annotations": [{"nertag": "O"}]}, {"base_span": [231, 232], "annotations": [{"nertag": "O"}]}, {"base_span": [233, 235], "annotations": [{"nertag": "O"}]}, {"base_span": [236, 239], "annotations": [{"nertag": "O"}]}, {"base_span": [244, 245], "annotations": [{"nertag": "O"}]}, {"base_span": [246, 250], "annotations": [{"nertag": "O"}]}, {"base_span": [251, 257], "annotations": [{"nertag": "O"}]}, {"base_span": [258, 265], "annotations": [{"nertag": "O"}]}, {"base_span": [269, 270], "annotations": [{"nertag": "O"}]}, {"base_span": [271, 274], "annotations": [{"nertag": "O"}]}, {"base_span": [274, 275], "annotations": [{"nertag": "O"}]}, {"base_span": [276, 278], "annotations": [{"nertag": "O"}]}, {"base_span": [279, 282], "annotations": [{"nertag": "O"}]}, {"base_span": [287, 288], "annotations": [{"nertag": "O"}]}, {"base_span": [289, 294], "annotations": [{"nertag": "O"}]}, {"base_span": [295, 300], "annotations": [{"nertag": "O"}]}, {"base_span": [301, 305], "annotations": [{"nertag": "O"}]}, {"base_span": [309, 310], "annotations": [{"nertag": "O"}]}, {"base_span": [311, 314], "annotations": [{"nertag": "O"}]}, {"base_span": [314, 315], "annotations": [{"nertag": "O"}]}, {"base_span": [316, 318], "annotations": [{"nertag": "O"}]}, {"base_span": [319, 322], "annotations": [{"nertag": "O"}]}, {"base_span": [327, 330], "annotations": [{"nertag": "B-PER"}]}, {"base_span": [331, 336], "annotations": [{"nertag": "I-PER"}]}, {"base_span": [337, 342], "annotations": [{"nertag": "O"}]}, {"base_span": [343, 347], "annotations": [{"nertag": "O"}]}, {"base_span": [351, 352], "annotations": [{"nertag": "O"}]}, {"base_span": [353, 356], "annotations": [{"nertag": "O"}]}, {"base_span": [356, 357], "annotations": [{"nertag": "O"}]}, {"base_span": [358, 360], "annotations": [{"nertag": "O"}]}, {"base_span": [361, 364], "annotations": [{"nertag": "O"}]}, {"base_span": [369, 374], "annotations": [{"nertag": "B-LOC"}]}, {"base_span": [375, 382], "annotations": [{"nertag": "O"}]}, {"base_span": [383, 387], "annotations": [{"nertag": "O"}]}, {"base_span": [388, 392], "annotations": [{"nertag": "B-PER"}]}, {"base_span": [393, 400], "annotations": [{"nertag": "I-PER"}]}, {"base_span": [401, 402], "annotations": [{"nertag": "O"}]}, {"base_span": [403, 404], "annotations": [{"nertag": "O"}]}, {"base_span": [404, 405], "annotations": [{"nertag": "O"}]}, {"base_span": [409, 410], "annotations": [{"nertag": "O"}]}, {"base_span": [411, 414], "annotations": [{"nertag": "O"}]}, {"base_span": [414, 415], "annotations": [{"nertag": "O"}]}, {"base_span": [420, 424], "annotations": [{"nertag": "O"}]}, {"base_span": [425, 430], "annotations": [{"nertag": "O"}]}, {"base_span": [431, 437], "annotations": [{"nertag": "B-LOC"}]}, {"base_span": [438, 444], "annotations": [{"nertag": "O"}]}, {"base_span": [448, 449], "annotations": [{"nertag": "O"}]}, {"base_span": [450, 453], "annotations": [{"nertag": "O"}]}, {"base_span": [453, 454], "annotations": [{"nertag": "O"}]}, {"base_span": [459, 464], "annotations": [{"nertag": "B-PER"}]}, {"base_span": [465, 470], "annotations": [{"nertag": "O"}]}, {"base_span": [471, 482], "annotations": [{"nertag": "O"}]}, {"base_span": [486, 488], "annotations": [{"nertag": "O"}]}, {"base_span": [489, 491], "annotations": [{"nertag": "O"}]}, {"base_span": [496, 503], "annotations": [{"nertag": "O"}]}, {"base_span": [504, 510], "annotations": [{"nertag": "O"}]}, {"base_span": [511, 516], "annotations": [{"nertag": "O"}]}, {"base_span": [520, 522], "annotations": [{"nertag": "O"}]}, {"base_span": [523, 526], "annotations": [{"nertag": "O"}]}, {"base_span": [526, 527], "annotations": [{"nertag": "O"}]}, {"base_span": [535, 537], "annotations": [{"nertag": "O"}]}, {"base_span": [538, 541], "annotations": [{"nertag": "O"}]}, {"base_span": [541, 542], "annotations": [{"nertag": "O"}]}, {"base_span": [543, 545], "annotations": [{"nertag": "O"}]}, {"base_span": [546, 549], "annotations": [{"nertag": "O"}]}, {"base_span": [554, 558], "annotations": [{"nertag": "B-PER"}]}, {"base_span": [559, 564], "annotations": [{"nertag": "I-PER"}]}, {"base_span": [565, 572], "annotations": [{"nertag": "O"}]}, {"base_span": [573, 579], "annotations": [{"nertag": "B-PER"}]}, {"base_span": [580, 586], "annotations": [{"nertag": "I-PER"}]}, {"base_span": [587, 595], "annotations": [{"nertag": "O"}]}, {"base_span": [595, 596], "annotations": [{"nertag": "O"}]}, {"base_span": [597, 599], "annotations": [{"nertag": "O"}]}, {"base_span": [600, 605], "annotations": [{"nertag": "B-PER"}]}, {"base_span": [606, 611], "annotations": [{"nertag": "I-PER"}]}, {"base_span": [612, 619], "annotations": [{"nertag": "O"}]}, {"base_span": [620, 622], "annotations": [{"nertag": "O"}]}, {"base_span": [623, 626], "annotations": [{"nertag": "O"}]}, {"base_span": [626, 627], "annotations": [{"nertag": "O"}]}, {"base_span": [628, 640], "annotations": [{"nertag": "O"}]}, {"base_span": [641, 643], "annotations": [{"nertag": "O"}]}, {"base_span": [643, 644], "annotations": [{"nertag": "O"}]}, {"base_span": [646, 652], "annotations": [{"nertag": "O"}]}, {"base_span": [653, 657], "annotations": [{"nertag": "O"}]}, {"base_span": [661, 663], "annotations": [{"nertag": "O"}]}, {"base_span": [664, 667], "annotations": [{"nertag": "O"}]}, {"base_span": [667, 668], "annotations": [{"nertag": "O"}]}, {"base_span": [673, 676], "annotations": [{"nertag": "O"}]}, {"base_span": [677, 682], "annotations": [{"nertag": "O"}]}, {"base_span": [683, 685], "annotations": [{"nertag": "O"}]}, {"base_span": [686, 692], "annotations": [{"nertag": "O"}]}, {"base_span": [696, 697], "annotations": [{"nertag": "O"}]}, {"base_span": [698, 701], "annotations": [{"nertag": "O"}]}, {"base_span": [701, 702], "annotations": [{"nertag": "O"}]}, {"base_span": [707, 708], "annotations": [{"nertag": "O"}]}, {"base_span": [709, 714], "annotations": [{"nertag": "O"}]}, {"base_span": [715, 720], "annotations": [{"nertag": "O"}]}, {"base_span": [721, 725], "annotations": [{"nertag": "O"}]}, {"base_span": [729, 730], "annotations": [{"nertag": "O"}]}, {"base_span": [731, 734], "annotations": [{"nertag": "O"}]}, {"base_span": [734, 735], "annotations": [{"nertag": "O"}]}, {"base_span": [740, 745], "annotations": [{"nertag": "B-PER"}]}, {"base_span": [746, 751], "annotations": [{"nertag": "O"}]}, {"base_span": [752, 758], "annotations": [{"nertag": "O"}]}, {"base_span": [758, 759], "annotations": [{"nertag": "O"}]}, {"base_span": [763, 765], "annotations": [{"nertag": "O"}]}, {"base_span": [766, 769], "annotations": [{"nertag": "O"}]}, {"base_span": [774, 780], "annotations": [{"nertag": "O"}]}, {"base_span": [781, 785], "annotations": [{"nertag": "O"}]}, {"base_span": [786, 788], "annotations": [{"nertag": "O"}]}, {"base_span": [789, 792], "annotations": [{"nertag": "O"}]}, {"base_span": [792, 793], "annotations": [{"nertag": "O"}]}, {"base_span": [797, 799], "annotations": [{"nertag": "O"}]}, {"base_span": [800, 803], "annotations": [{"nertag": "O"}]}, {"base_span": [803, 804], "annotations": [{"nertag": "O"}]}, {"base_span": [809, 814], "annotations": [{"nertag": "B-LOC"}]}, {"base_span": [815, 817], "annotations": [{"nertag": "O"}]}, {"base_span": [818, 824], "annotations": [{"nertag": "B-LOC"}]}, {"base_span": [825, 832], "annotations": [{"nertag": "O"}]}, {"base_span": [841, 844], "annotations": [{"nertag": "B-PER"}]}, {"base_span": [845, 850], "annotations": [{"nertag": "I-PER"}]}, {"base_span": [851, 856], "annotations": [{"nertag": "O"}]}, {"base_span": [857, 861], "annotations": [{"nertag": "O"}]}, {"base_span": [862, 863], "annotations": [{"nertag": "O"}]}, {"base_span": [864, 867], "annotations": [{"nertag": "O"}]}, {"base_span": [867, 868], "annotations": [{"nertag": "O"}]}, {"base_span": [869, 871], "annotations": [{"nertag": "O"}]}, {"base_span": [872, 875], "annotations": [{"nertag": "O"}]}, {"base_span": [876, 880], "annotations": [{"nertag": "O"}]}, {"base_span": [881, 886], "annotations": [{"nertag": "O"}]}, {"base_span": [887, 893], "annotations": [{"nertag": "O"}]}, {"base_span": [893, 894], "annotations": [{"nertag": "O"}]}, {"base_span": [896, 901], "annotations": [{"nertag": "O"}]}, {"base_span": [902, 907], "annotations": [{"nertag": "O"}]}, {"base_span": [908, 910], "annotations": [{"nertag": "O"}]}, {"base_span": [911, 916], "annotations": [{"nertag": "B-PER"}]}, {"base_span": [917, 922], "annotations": [{"nertag": "I-PER"}]}, {"base_span": [923, 927], "annotations": [{"nertag": "B-PER"}]}, {"base_span": [928, 933], "annotations": [{"nertag": "I-PER"}]}, {"base_span": [934, 939], "annotations": [{"nertag": "O"}]}, {"base_span": [940, 942], "annotations": [{"nertag": "O"}]}, {"base_span": [943, 946], "annotations": [{"nertag": "O"}]}, {"base_span": [946, 947], "annotations": [{"nertag": "O"}]}, {"base_span": [948, 956], "annotations": [{"nertag": "O"}]}, {"base_span": [956, 957], "annotations": [{"nertag": "O"}]}, {"base_span": [958, 961], "annotations": [{"nertag": "O"}]}, {"base_span": [962, 965], "annotations": [{"nertag": "O"}]}, {"base_span": [966, 968], "annotations": [{"nertag": "O"}]}, {"base_span": [969, 974], "annotations": [{"nertag": "O"}]}, {"base_span": [974, 975], "annotations": [{"nertag": "O"}]}, {"base_span": [976, 977], "annotations": [{"nertag": "O"}]}, {"base_span": [978, 981], "annotations": [{"nertag": "O"}]}, {"base_span": [982, 987], "annotations": [{"nertag": "O"}]}, {"base_span": [988, 990], "annotations": [{"nertag": "O"}]}, {"base_span": [991, 996], "annotations": [{"nertag": "B-PER"}]}, {"base_span": [997, 1002], "annotations": [{"nertag": "I-PER"}]}, {"base_span": [1003, 1007], "annotations": [{"nertag": "O"}]}, {"base_span": [1008, 1013], "annotations": [{"nertag": "O"}]}, {"base_span": [1013, 1014], "annotations": [{"nertag": "O"}]}, {"base_span": [1015, 1018], "annotations": [{"nertag": "O"}]}, {"base_span": [1019, 1021], "annotations": [{"nertag": "O"}]}, {"base_span": [1022, 1025], "annotations": [{"nertag": "O"}]}, {"base_span": [1025, 1026], "annotations": [{"nertag": "O"}]}, {"base_span": [1027, 1035], "annotations": [{"nertag": "O"}]}, {"base_span": [1035, 1036], "annotations": [{"nertag": "O"}]}, {"base_span": [1038, 1044], "annotations": [{"nertag": "O"}]}, {"base_span": [1044, 1045], "annotations": [{"nertag": "O"}]}, {"base_span": [1046, 1051], "annotations": [{"nertag": "B-PER"}]}, {"base_span": [1052, 1057], "annotations": [{"nertag": "I-PER"}]}, {"base_span": [1058, 1062], "annotations": [{"nertag": "O"}]}, {"base_span": [1063, 1067], "annotations": [{"nertag": "B-PER"}]}, {"base_span": [1068, 1073], "annotations": [{"nertag": "I-PER"}]}, {"base_span": [1074, 1079], "annotations": [{"nertag": "O"}]}, {"base_span": [1080, 1082], "annotations": [{"nertag": "O"}]}, {"base_span": [1083, 1086], "annotations": [{"nertag": "O"}]}, {"base_span": [1086, 1087], "annotations": [{"nertag": "O"}]}, {"base_span": [1088, 1089], "annotations": [{"nertag": "O"}]}, {"base_span": [1090, 1095], "annotations": [{"nertag": "O"}]}, {"base_span": [1096, 1100], "annotations": [{"nertag": "O"}]}, {"base_span": [1101, 1104], "annotations": [{"nertag": "O"}]}, {"base_span": [1105, 1111], "annotations": [{"nertag": "O"}]}, {"base_span": [1111, 1112], "annotations": [{"nertag": "O"}]}, {"base_span": [1113, 1120], "annotations": [{"nertag": "O"}]}, {"base_span": [1121, 1125], "annotations": [{"nertag": "O"}]}, {"base_span": [1126, 1132], "annotations": [{"nertag": "O"}]}, {"base_span": [1133, 1135], "annotations": [{"nertag": "O"}]}, {"base_span": [1135, 1136], "annotations": [{"nertag": "O"}]}, {"base_span": [1138, 1143], "annotations": [{"nertag": "O"}]}, {"base_span": [1144, 1148], "annotations": [{"nertag": "O"}]}, {"base_span": [1149, 1154], "annotations": [{"nertag": "O"}]}, {"base_span": [1158, 1160], "annotations": [{"nertag": "O"}]}, {"base_span": [1161, 1164], "annotations": [{"nertag": "O"}]}, {"base_span": [1164, 1165], "annotations": [{"nertag": "O"}]}, {"base_span": [1170, 1175], "annotations": [{"nertag": "O"}]}, {"base_span": [1176, 1178], "annotations": [{"nertag": "O"}]}, {"base_span": [1179, 1187], "annotations": [{"nertag": "O"}]}, {"base_span": [1188, 1192], "annotations": [{"nertag": "O"}]}, {"base_span": [1196, 1197], "annotations": [{"nertag": "O"}]}, {"base_span": [1198, 1201], "annotations": [{"nertag": "O"}]}, {"base_span": [1201, 1202], "annotations": [{"nertag": "O"}]}, {"base_span": [1207, 1208], "annotations": [{"nertag": "O"}]}, {"base_span": [1209, 1213], "annotations": [{"nertag": "O"}]}, {"base_span": [1214, 1218], "annotations": [{"nertag": "O"}]}, {"base_span": [1219, 1223], "annotations": [{"nertag": "O"}]}, {"base_span": [1227, 1228], "annotations": [{"nertag": "O"}]}, {"base_span": [1229, 1232], "annotations": [{"nertag": "O"}]}, {"base_span": [1232, 1233], "annotations": [{"nertag": "O"}]}, {"base_span": [1234, 1236], "annotations": [{"nertag": "O"}]}, {"base_span": [1237, 1240], "annotations": [{"nertag": "O"}]}, {"base_span": [1240, 1241], "annotations": [{"nertag": "O"}]}, {"base_span": [1246, 1249], "annotations": [{"nertag": "B-PER"}]}, {"base_span": [1250, 1255], "annotations": [{"nertag": "I-PER"}]}, {"base_span": [1256, 1265], "annotations": [{"nertag": "O"}]}, {"base_span": [1269, 1270], "annotations": [{"nertag": "O"}]}, {"base_span": [1271, 1274], "annotations": [{"nertag": "O"}]}, {"base_span": [1274, 1275], "annotations": [{"nertag": "O"}]}, {"base_span": [1276, 1278], "annotations": [{"nertag": "O"}]}, {"base_span": [1279, 1282], "annotations": [{"nertag": "O"}]}, {"base_span": [1282, 1283], "annotations": [{"nertag": "O"}]}, {"base_span": [1288, 1293], "annotations": [{"nertag": "B-LOC"}]}, {"base_span": [1294, 1301], "annotations": [{"nertag": "O"}]}, {"base_span": [1305, 1306], "annotations": [{"nertag": "O"}]}, {"base_span": [1307, 1310], "annotations": [{"nertag": "O"}]}, {"base_span": [1310, 1311], "annotations": [{"nertag": "O"}]}, {"base_span": [1316, 1322], "annotations": [{"nertag": "B-LOC"}]}, {"base_span": [1323, 1330], "annotations": [{"nertag": "O"}]}, {"base_span": [1334, 1335], "annotations": [{"nertag": "O"}]}, {"base_span": [1336, 1339], "annotations": [{"nertag": "O"}]}, {"base_span": [1339, 1340], "annotations": [{"nertag": "O"}]}, {"base_span": [1345, 1350], "annotations": [{"nertag": "O"}]}, {"base_span": [1351, 1362], "annotations": [{"nertag": "O"}]}, {"base_span": [1366, 1368], "annotations": [{"nertag": "O"}]}, {"base_span": [1369, 1372], "annotations": [{"nertag": "O"}]}, {"base_span": [1372, 1373], "annotations": [{"nertag": "O"}]}, {"base_span": [1378, 1379], "annotations": [{"nertag": "O"}]}, {"base_span": [1380, 1383], "annotations": [{"nertag": "O"}]}, {"base_span": [1384, 1389], "annotations": [{"nertag": "O"}]}, {"base_span": [1393, 1395], "annotations": [{"nertag": "O"}]}, {"base_span": [1396, 1399], "annotations": [{"nertag": "O"}]}, {"base_span": [1399, 1400], "annotations": [{"nertag": "O"}]}, {"base_span": [1405, 1409], "annotations": [{"nertag": "O"}]}, {"base_span": [1410, 1418], "annotations": [{"nertag": "O"}]}, {"base_span": [1422, 1424], "annotations": [{"nertag": "O"}]}, {"base_span": [1425, 1428], "annotations": [{"nertag": "O"}]}, {"base_span": [1428, 1429], "annotations": [{"nertag": "O"}]}, {"base_span": [1434, 1439], "annotations": [{"nertag": "O"}]}, {"base_span": [1443, 1445], "annotations": [{"nertag": "O"}]}, {"base_span": [1446, 1449], "annotations": [{"nertag": "O"}]}, {"base_span": [1449, 1450], "annotations": [{"nertag": "O"}]}, {"base_span": [1451, 1453], "annotations": [{"nertag": "O"}]}, {"base_span": [1454, 1457], "annotations": [{"nertag": "O"}]}, {"base_span": [1457, 1458], "annotations": [{"nertag": "O"}]}, {"base_span": [1463, 1468], "annotations": [{"nertag": "O"}]}, {"base_span": [1469, 1471], "annotations": [{"nertag": "O"}]}, {"base_span": [1472, 1477], "annotations": [{"nertag": "O"}]}, {"base_span": [1478, 1482], "annotations": [{"nertag": "O"}]}, {"base_span": [1483, 1485], "annotations": [{"nertag": "O"}]}, {"base_span": [1486, 1489], "annotations": [{"nertag": "O"}]}, {"base_span": [1489, 1490], "annotations": [{"nertag": "O"}]}, {"base_span": [1491, 1493], "annotations": [{"nertag": "O"}]}, {"base_span": [1494, 1497], "annotations": [{"nertag": "O"}]}, {"base_span": [1497, 1498], "annotations": [{"nertag": "O"}]}, {"base_span": [1499, 1504], "annotations": [{"nertag": "O"}]}, {"base_span": [1505, 1507], "annotations": [{"nertag": "O"}]}, {"base_span": [1507, 1508], "annotations": [{"nertag": "O"}]}, {"base_span": [1510, 1516], "annotations": [{"nertag": "O"}]}, {"base_span": [1517, 1520], "annotations": [{"nertag": "O"}]}, {"base_span": [1521, 1535], "annotations": [{"nertag": "O"}]}, {"base_span": [1536, 1544], "annotations": [{"nertag": "O"}]}, {"base_span": [1544, 1545], "annotations": [{"nertag": "O"}]}]}]}