{"text": "\nÜhhe Keiserlikku Tartu Maakohto kirja ja kässu peale sel 20 Mail sub N 5311 sai tännasel kohto istumissel Kronometsawaht Peter Reimann ette kutsutud ning temma käest küssitud mis läbbi on se tulnud, et temma jäu pealt Kronometsast minnewa talwel nenda kui Kroono metsahärra Gentz on Ühhe Keiserlikku Tarto Maakohto ülles annud 1341 puud on warrastut mis temma ei olle Metsahärrale teada annud, ja et kas temma neid wargaid on kätte sanud.\n\nMetsawaht Peter Reimann räkis et küll õige on et temma jäu pealt Kroonometsast minnewa talwel nenda paljo on warrastud ja on Metsahärra isse keik need kannud nüid kewwade järrele luggenud ja ärra tempeltata lasknud agga neid wargaid ei olle temma kätte sanud sest et temmal suggugi wõimalik ei olle üksi päinis sedda laialist Kroonometsa mis nenda mitmes nurkates ja jäus jokseb korra järrele wahtida sest et se mets ühhest otsast kunni teise otsani 12 wersta pikk on ja kui temma ühhele poole Metsawatama lähheb siis warras selle aja sees teiselt poolt jo jälle paljo puid ärra warrastab peale selle on ka temma Metsawahhi koht nenda halw et temma omma iggapääwast leiba ei wõi saada ja wahhel näljas on mispärrast ka temma suggugi wõimalik ei olle ommale üht Metsawahhi abbi wõtta kes palka ja süija nõuab ja on temma keik need wargad mis temma kätte sanud Metsahärrale ülles annud. \n\nKoggokonnakohhus küssis weel eddasi Metsawaht Peter Reimanni käest kas temma ommeti arwata wõib kes need hulk puid siis warrastanud.\n\nPeter Reimann kostis selle peale et temma kindlasti üttelda ei wõi et need ja need innimessed sedda Metsa on warrastanud agga ommeti wõib temma arwata et suurem jaggu Awwinorme rahwast on warrastanud sest et nemmad allati puu töed teewad ehk nemmad ka küll paljo puid Mõisnikku metsast ostawad ja et temma jau metsast talwel wiis suurt teed läbbi käiwad, mis peale wägga kerge warrastud puid ühhe öega kaugele ärra wija\n\nHeaksarwaminne.\n\nEt Metsawaht Peter Reimann ülles anda ei wõi kes need muud Kronometsast 1371 warrastanud ja ka ühtlaisi tunnistab et temmal wõimalik ei olle sedda laialist metsa üksi päini wahtida ja ka et temmal jõudu ei olle ommale üht Metsawahhi abbi wõtta siis annab Koggokonnakohhus sedda heaks arwamist ommalt poolt et Peter Reimann peab Metsahärrada palluma Üht Keiserlikko Baltia Domänhiwi kohhut palluda temmale üks Abbi Krono poolt anda et Krono warrandus eddespiddi parremast hoitud saab ja ka et Koggokonnakohhus selle asja sees keddagi nimmepiddi süidlaiseks ei woi moista.\n\nJa saab se Protokoll ühhe Keiserlikku Tartu Maakohto ette pantud suurema kohtomoistmisseks.\n\nMaddis Tamm XXX\n\nMaddis Kallaus XXX\n\nJosep Kallaus XXX  \n\n\n", "meta": {"origin_directory": "vallakohus_teine/"}, "layers": [{"name": "gold_ner", "attributes": ["nertag"], "parent": null, "enveloping": null, "ambiguous": false, "serialisation_module": null, "meta": {}, "spans": [{"base_span": [1, 32], "annotations": [{"nertag": "ORG"}]}, {"base_span": [122, 135], "annotations": [{"nertag": "PER"}]}, {"base_span": [275, 280], "annotations": [{"nertag": "PER"}]}, {"base_span": [289, 315], "annotations": [{"nertag": "ORG"}]}, {"base_span": [451, 464], "annotations": [{"nertag": "PER"}]}, {"base_span": [1374, 1388], "annotations": [{"nertag": "PER"}]}, {"base_span": [1462, 1475], "annotations": [{"nertag": "PER"}]}, {"base_span": [1629, 1638], "annotations": [{"nertag": "LOC"}]}, {"base_span": [1913, 1926], "annotations": [{"nertag": "PER"}]}, {"base_span": [2209, 2222], "annotations": [{"nertag": "PER"}]}, {"base_span": [2249, 2288], "annotations": [{"nertag": "ORG"}]}, {"base_span": [2493, 2524], "annotations": [{"nertag": "ORG"}]}, {"base_span": [2565, 2576], "annotations": [{"nertag": "PER"}]}, {"base_span": [2582, 2596], "annotations": [{"nertag": "PER"}]}, {"base_span": [2602, 2615], "annotations": [{"nertag": "PER"}]}]}, {"name": "gold_wordner", "attributes": ["nertag"], "parent": null, "enveloping": null, "ambiguous": false, "serialisation_module": null, "meta": {}, "spans": [{"base_span": [1, 5], "annotations": [{"nertag": "B-ORG"}]}, {"base_span": [6, 17], "annotations": [{"nertag": "I-ORG"}]}, {"base_span": [18, 23], "annotations": [{"nertag": "I-ORG"}]}, {"base_span": [24, 32], "annotations": [{"nertag": "I-ORG"}]}, {"base_span": [33, 38], "annotations": [{"nertag": "O"}]}, {"base_span": [39, 41], "annotations": [{"nertag": "O"}]}, {"base_span": [42, 47], "annotations": [{"nertag": "O"}]}, {"base_span": [48, 53], "annotations": [{"nertag": "O"}]}, {"base_span": [54, 57], "annotations": [{"nertag": "O"}]}, {"base_span": [58, 60], "annotations": [{"nertag": "O"}]}, {"base_span": [61, 65], "annotations": [{"nertag": "O"}]}, {"base_span": [66, 69], "annotations": [{"nertag": "O"}]}, {"base_span": [70, 71], "annotations": [{"nertag": "O"}]}, {"base_span": [72, 76], "annotations": [{"nertag": "O"}]}, {"base_span": [77, 80], "annotations": [{"nertag": "O"}]}, {"base_span": [81, 89], "annotations": [{"nertag": "O"}]}, {"base_span": [90, 95], "annotations": [{"nertag": "O"}]}, {"base_span": [96, 106], "annotations": [{"nertag": "O"}]}, {"base_span": [107, 121], "annotations": [{"nertag": "O"}]}, {"base_span": [122, 127], "annotations": [{"nertag": "B-PER"}]}, {"base_span": [128, 135], "annotations": [{"nertag": "I-PER"}]}, {"base_span": [136, 140], "annotations": [{"nertag": "O"}]}, {"base_span": [141, 149], "annotations": [{"nertag": "O"}]}, {"base_span": [150, 154], "annotations": [{"nertag": "O"}]}, {"base_span": [155, 160], "annotations": [{"nertag": "O"}]}, {"base_span": [161, 166], "annotations": [{"nertag": "O"}]}, {"base_span": [167, 175], "annotations": [{"nertag": "O"}]}, {"base_span": [176, 179], "annotations": [{"nertag": "O"}]}, {"base_span": [180, 185], "annotations": [{"nertag": "O"}]}, {"base_span": [186, 188], "annotations": [{"nertag": "O"}]}, {"base_span": [189, 191], "annotations": [{"nertag": "O"}]}, {"base_span": [192, 198], "annotations": [{"nertag": "O"}]}, {"base_span": [198, 199], "annotations": [{"nertag": "O"}]}, {"base_span": [200, 202], "annotations": [{"nertag": "O"}]}, {"base_span": [203, 208], "annotations": [{"nertag": "O"}]}, {"base_span": [209, 212], "annotations": [{"nertag": "O"}]}, {"base_span": [213, 218], "annotations": [{"nertag": "O"}]}, {"base_span": [219, 231], "annotations": [{"nertag": "O"}]}, {"base_span": [232, 239], "annotations": [{"nertag": "O"}]}, {"base_span": [240, 246], "annotations": [{"nertag": "O"}]}, {"base_span": [247, 252], "annotations": [{"nertag": "O"}]}, {"base_span": [253, 256], "annotations": [{"nertag": "O"}]}, {"base_span": [257, 263], "annotations": [{"nertag": "O"}]}, {"base_span": [264, 274], "annotations": [{"nertag": "O"}]}, {"base_span": [275, 280], "annotations": [{"nertag": "B-PER"}]}, {"base_span": [281, 283], "annotations": [{"nertag": "O"}]}, {"base_span": [284, 288], "annotations": [{"nertag": "O"}]}, {"base_span": [289, 300], "annotations": [{"nertag": "B-ORG"}]}, {"base_span": [301, 306], "annotations": [{"nertag": "I-ORG"}]}, {"base_span": [307, 315], "annotations": [{"nertag": "I-ORG"}]}, {"base_span": [316, 321], "annotations": [{"nertag": "O"}]}, {"base_span": [322, 327], "annotations": [{"nertag": "O"}]}, {"base_span": [328, 332], "annotations": [{"nertag": "O"}]}, {"base_span": [333, 337], "annotations": [{"nertag": "O"}]}, {"base_span": [338, 340], "annotations": [{"nertag": "O"}]}, {"base_span": [341, 350], "annotations": [{"nertag": "O"}]}, {"base_span": [351, 354], "annotations": [{"nertag": "O"}]}, {"base_span": [355, 360], "annotations": [{"nertag": "O"}]}, {"base_span": [361, 363], "annotations": [{"nertag": "O"}]}, {"base_span": [364, 368], "annotations": [{"nertag": "O"}]}, {"base_span": [369, 381], "annotations": [{"nertag": "O"}]}, {"base_span": [382, 387], "annotations": [{"nertag": "O"}]}, {"base_span": [388, 393], "annotations": [{"nertag": "O"}]}, {"base_span": [393, 394], "annotations": [{"nertag": "O"}]}, {"base_span": [395, 397], "annotations": [{"nertag": "O"}]}, {"base_span": [398, 400], "annotations": [{"nertag": "O"}]}, {"base_span": [401, 404], "annotations": [{"nertag": "O"}]}, {"base_span": [405, 410], "annotations": [{"nertag": "O"}]}, {"base_span": [411, 415], "annotations": [{"nertag": "O"}]}, {"base_span": [416, 423], "annotations": [{"nertag": "O"}]}, {"base_span": [424, 426], "annotations": [{"nertag": "O"}]}, {"base_span": [427, 432], "annotations": [{"nertag": "O"}]}, {"base_span": [433, 438], "annotations": [{"nertag": "O"}]}, {"base_span": [438, 439], "annotations": [{"nertag": "O"}]}, {"base_span": [441, 450], "annotations": [{"nertag": "O"}]}, {"base_span": [451, 456], "annotations": [{"nertag": "B-PER"}]}, {"base_span": [457, 464], "annotations": [{"nertag": "I-PER"}]}, {"base_span": [465, 470], "annotations": [{"nertag": "O"}]}, {"base_span": [471, 473], "annotations": [{"nertag": "O"}]}, {"base_span": [474, 478], "annotations": [{"nertag": "O"}]}, {"base_span": [479, 483], "annotations": [{"nertag": "O"}]}, {"base_span": [484, 486], "annotations": [{"nertag": "O"}]}, {"base_span": [487, 489], "annotations": [{"nertag": "O"}]}, {"base_span": [490, 495], "annotations": [{"nertag": "O"}]}, {"base_span": [496, 499], "annotations": [{"nertag": "O"}]}, {"base_span": [500, 505], "annotations": [{"nertag": "O"}]}, {"base_span": [506, 519], "annotations": [{"nertag": "O"}]}, {"base_span": [520, 527], "annotations": [{"nertag": "O"}]}, {"base_span": [528, 534], "annotations": [{"nertag": "O"}]}, {"base_span": [535, 540], "annotations": [{"nertag": "O"}]}, {"base_span": [541, 546], "annotations": [{"nertag": "O"}]}, {"base_span": [547, 549], "annotations": [{"nertag": "O"}]}, {"base_span": [550, 559], "annotations": [{"nertag": "O"}]}, {"base_span": [560, 562], "annotations": [{"nertag": "O"}]}, {"base_span": [563, 565], "annotations": [{"nertag": "O"}]}, {"base_span": [566, 576], "annotations": [{"nertag": "O"}]}, {"base_span": [577, 581], "annotations": [{"nertag": "O"}]}, {"base_span": [582, 586], "annotations": [{"nertag": "O"}]}, {"base_span": [587, 591], "annotations": [{"nertag": "O"}]}, {"base_span": [592, 598], "annotations": [{"nertag": "O"}]}, {"base_span": [599, 603], "annotations": [{"nertag": "O"}]}, {"base_span": [604, 611], "annotations": [{"nertag": "O"}]}, {"base_span": [612, 619], "annotations": [{"nertag": "O"}]}, {"base_span": [620, 628], "annotations": [{"nertag": "O"}]}, {"base_span": [629, 631], "annotations": [{"nertag": "O"}]}, {"base_span": [632, 636], "annotations": [{"nertag": "O"}]}, {"base_span": [637, 647], "annotations": [{"nertag": "O"}]}, {"base_span": [648, 655], "annotations": [{"nertag": "O"}]}, {"base_span": [656, 660], "annotations": [{"nertag": "O"}]}, {"base_span": [661, 665], "annotations": [{"nertag": "O"}]}, {"base_span": [666, 673], "annotations": [{"nertag": "O"}]}, {"base_span": [674, 676], "annotations": [{"nertag": "O"}]}, {"base_span": [677, 681], "annotations": [{"nertag": "O"}]}, {"base_span": [682, 687], "annotations": [{"nertag": "O"}]}, {"base_span": [688, 693], "annotations": [{"nertag": "O"}]}, {"base_span": [694, 699], "annotations": [{"nertag": "O"}]}, {"base_span": [700, 704], "annotations": [{"nertag": "O"}]}, {"base_span": [705, 707], "annotations": [{"nertag": "O"}]}, {"base_span": [708, 714], "annotations": [{"nertag": "O"}]}, {"base_span": [715, 722], "annotations": [{"nertag": "O"}]}, {"base_span": [723, 731], "annotations": [{"nertag": "O"}]}, {"base_span": [732, 734], "annotations": [{"nertag": "O"}]}, {"base_span": [735, 739], "annotations": [{"nertag": "O"}]}, {"base_span": [740, 744], "annotations": [{"nertag": "O"}]}, {"base_span": [745, 751], "annotations": [{"nertag": "O"}]}, {"base_span": [752, 757], "annotations": [{"nertag": "O"}]}, {"base_span": [758, 766], "annotations": [{"nertag": "O"}]}, {"base_span": [767, 778], "annotations": [{"nertag": "O"}]}, {"base_span": [779, 782], "annotations": [{"nertag": "O"}]}, {"base_span": [783, 788], "annotations": [{"nertag": "O"}]}, {"base_span": [789, 795], "annotations": [{"nertag": "O"}]}, {"base_span": [796, 804], "annotations": [{"nertag": "O"}]}, {"base_span": [805, 807], "annotations": [{"nertag": "O"}]}, {"base_span": [808, 812], "annotations": [{"nertag": "O"}]}, {"base_span": [813, 819], "annotations": [{"nertag": "O"}]}, {"base_span": [820, 825], "annotations": [{"nertag": "O"}]}, {"base_span": [826, 833], "annotations": [{"nertag": "O"}]}, {"base_span": [834, 841], "annotations": [{"nertag": "O"}]}, {"base_span": [842, 846], "annotations": [{"nertag": "O"}]}, {"base_span": [847, 849], "annotations": [{"nertag": "O"}]}, {"base_span": [850, 852], "annotations": [{"nertag": "O"}]}, {"base_span": [853, 857], "annotations": [{"nertag": "O"}]}, {"base_span": [858, 864], "annotations": [{"nertag": "O"}]}, {"base_span": [865, 871], "annotations": [{"nertag": "O"}]}, {"base_span": [872, 877], "annotations": [{"nertag": "O"}]}, {"base_span": [878, 883], "annotations": [{"nertag": "O"}]}, {"base_span": [884, 890], "annotations": [{"nertag": "O"}]}, {"base_span": [891, 893], "annotations": [{"nertag": "O"}]}, {"base_span": [894, 900], "annotations": [{"nertag": "O"}]}, {"base_span": [901, 905], "annotations": [{"nertag": "O"}]}, {"base_span": [906, 908], "annotations": [{"nertag": "O"}]}, {"base_span": [909, 911], "annotations": [{"nertag": "O"}]}, {"base_span": [912, 915], "annotations": [{"nertag": "O"}]}, {"base_span": [916, 921], "annotations": [{"nertag": "O"}]}, {"base_span": [922, 928], "annotations": [{"nertag": "O"}]}, {"base_span": [929, 934], "annotations": [{"nertag": "O"}]}, {"base_span": [935, 946], "annotations": [{"nertag": "O"}]}, {"base_span": [947, 953], "annotations": [{"nertag": "O"}]}, {"base_span": [954, 958], "annotations": [{"nertag": "O"}]}, {"base_span": [959, 965], "annotations": [{"nertag": "O"}]}, {"base_span": [966, 971], "annotations": [{"nertag": "O"}]}, {"base_span": [972, 975], "annotations": [{"nertag": "O"}]}, {"base_span": [976, 980], "annotations": [{"nertag": "O"}]}, {"base_span": [981, 988], "annotations": [{"nertag": "O"}]}, {"base_span": [989, 994], "annotations": [{"nertag": "O"}]}, {"base_span": [995, 997], "annotations": [{"nertag": "O"}]}, {"base_span": [998, 1003], "annotations": [{"nertag": "O"}]}, {"base_span": [1004, 1009], "annotations": [{"nertag": "O"}]}, {"base_span": [1010, 1014], "annotations": [{"nertag": "O"}]}, {"base_span": [1015, 1019], "annotations": [{"nertag": "O"}]}, {"base_span": [1020, 1029], "annotations": [{"nertag": "O"}]}, {"base_span": [1030, 1035], "annotations": [{"nertag": "O"}]}, {"base_span": [1036, 1041], "annotations": [{"nertag": "O"}]}, {"base_span": [1042, 1044], "annotations": [{"nertag": "O"}]}, {"base_span": [1045, 1047], "annotations": [{"nertag": "O"}]}, {"base_span": [1048, 1053], "annotations": [{"nertag": "O"}]}, {"base_span": [1054, 1064], "annotations": [{"nertag": "O"}]}, {"base_span": [1065, 1069], "annotations": [{"nertag": "O"}]}, {"base_span": [1070, 1075], "annotations": [{"nertag": "O"}]}, {"base_span": [1076, 1080], "annotations": [{"nertag": "O"}]}, {"base_span": [1081, 1083], "annotations": [{"nertag": "O"}]}, {"base_span": [1084, 1089], "annotations": [{"nertag": "O"}]}, {"base_span": [1090, 1094], "annotations": [{"nertag": "O"}]}, {"base_span": [1095, 1106], "annotations": [{"nertag": "O"}]}, {"base_span": [1107, 1112], "annotations": [{"nertag": "O"}]}, {"base_span": [1113, 1115], "annotations": [{"nertag": "O"}]}, {"base_span": [1116, 1119], "annotations": [{"nertag": "O"}]}, {"base_span": [1120, 1125], "annotations": [{"nertag": "O"}]}, {"base_span": [1126, 1128], "annotations": [{"nertag": "O"}]}, {"base_span": [1129, 1135], "annotations": [{"nertag": "O"}]}, {"base_span": [1136, 1142], "annotations": [{"nertag": "O"}]}, {"base_span": [1143, 1145], "annotations": [{"nertag": "O"}]}, {"base_span": [1146, 1156], "annotations": [{"nertag": "O"}]}, {"base_span": [1157, 1159], "annotations": [{"nertag": "O"}]}, {"base_span": [1160, 1165], "annotations": [{"nertag": "O"}]}, {"base_span": [1166, 1173], "annotations": [{"nertag": "O"}]}, {"base_span": [1174, 1182], "annotations": [{"nertag": "O"}]}, {"base_span": [1183, 1185], "annotations": [{"nertag": "O"}]}, {"base_span": [1186, 1190], "annotations": [{"nertag": "O"}]}, {"base_span": [1191, 1197], "annotations": [{"nertag": "O"}]}, {"base_span": [1198, 1201], "annotations": [{"nertag": "O"}]}, {"base_span": [1202, 1212], "annotations": [{"nertag": "O"}]}, {"base_span": [1213, 1217], "annotations": [{"nertag": "O"}]}, {"base_span": [1218, 1223], "annotations": [{"nertag": "O"}]}, {"base_span": [1224, 1227], "annotations": [{"nertag": "O"}]}, {"base_span": [1228, 1233], "annotations": [{"nertag": "O"}]}, {"base_span": [1234, 1236], "annotations": [{"nertag": "O"}]}, {"base_span": [1237, 1242], "annotations": [{"nertag": "O"}]}, {"base_span": [1243, 1248], "annotations": [{"nertag": "O"}]}, {"base_span": [1249, 1251], "annotations": [{"nertag": "O"}]}, {"base_span": [1252, 1254], "annotations": [{"nertag": "O"}]}, {"base_span": [1255, 1260], "annotations": [{"nertag": "O"}]}, {"base_span": [1261, 1265], "annotations": [{"nertag": "O"}]}, {"base_span": [1266, 1270], "annotations": [{"nertag": "O"}]}, {"base_span": [1271, 1277], "annotations": [{"nertag": "O"}]}, {"base_span": [1278, 1281], "annotations": [{"nertag": "O"}]}, {"base_span": [1282, 1287], "annotations": [{"nertag": "O"}]}, {"base_span": [1288, 1293], "annotations": [{"nertag": "O"}]}, {"base_span": [1294, 1299], "annotations": [{"nertag": "O"}]}, {"base_span": [1300, 1312], "annotations": [{"nertag": "O"}]}, {"base_span": [1313, 1318], "annotations": [{"nertag": "O"}]}, {"base_span": [1319, 1324], "annotations": [{"nertag": "O"}]}, {"base_span": [1324, 1325], "annotations": [{"nertag": "O"}]}, {"base_span": [1328, 1344], "annotations": [{"nertag": "O"}]}, {"base_span": [1345, 1351], "annotations": [{"nertag": "O"}]}, {"base_span": [1352, 1356], "annotations": [{"nertag": "O"}]}, {"base_span": [1357, 1363], "annotations": [{"nertag": "O"}]}, {"base_span": [1364, 1373], "annotations": [{"nertag": "O"}]}, {"base_span": [1374, 1379], "annotations": [{"nertag": "B-PER"}]}, {"base_span": [1380, 1388], "annotations": [{"nertag": "I-PER"}]}, {"base_span": [1389, 1394], "annotations": [{"nertag": "O"}]}, {"base_span": [1395, 1398], "annotations": [{"nertag": "O"}]}, {"base_span": [1399, 1404], "annotations": [{"nertag": "O"}]}, {"base_span": [1405, 1411], "annotations": [{"nertag": "O"}]}, {"base_span": [1412, 1418], "annotations": [{"nertag": "O"}]}, {"base_span": [1419, 1423], "annotations": [{"nertag": "O"}]}, {"base_span": [1424, 1427], "annotations": [{"nertag": "O"}]}, {"base_span": [1428, 1432], "annotations": [{"nertag": "O"}]}, {"base_span": [1433, 1437], "annotations": [{"nertag": "O"}]}, {"base_span": [1438, 1442], "annotations": [{"nertag": "O"}]}, {"base_span": [1443, 1447], "annotations": [{"nertag": "O"}]}, {"base_span": [1448, 1459], "annotations": [{"nertag": "O"}]}, {"base_span": [1459, 1460], "annotations": [{"nertag": "O"}]}, {"base_span": [1462, 1467], "annotations": [{"nertag": "B-PER"}]}, {"base_span": [1468, 1475], "annotations": [{"nertag": "I-PER"}]}, {"base_span": [1476, 1482], "annotations": [{"nertag": "O"}]}, {"base_span": [1483, 1488], "annotations": [{"nertag": "O"}]}, {"base_span": [1489, 1494], "annotations": [{"nertag": "O"}]}, {"base_span": [1495, 1497], "annotations": [{"nertag": "O"}]}, {"base_span": [1498, 1503], "annotations": [{"nertag": "O"}]}, {"base_span": [1504, 1513], "annotations": [{"nertag": "O"}]}, {"base_span": [1514, 1521], "annotations": [{"nertag": "O"}]}, {"base_span": [1522, 1524], "annotations": [{"nertag": "O"}]}, {"base_span": [1525, 1528], "annotations": [{"nertag": "O"}]}, {"base_span": [1529, 1531], "annotations": [{"nertag": "O"}]}, {"base_span": [1532, 1536], "annotations": [{"nertag": "O"}]}, {"base_span": [1537, 1539], "annotations": [{"nertag": "O"}]}, {"base_span": [1540, 1544], "annotations": [{"nertag": "O"}]}, {"base_span": [1545, 1555], "annotations": [{"nertag": "O"}]}, {"base_span": [1556, 1561], "annotations": [{"nertag": "O"}]}, {"base_span": [1562, 1567], "annotations": [{"nertag": "O"}]}, {"base_span": [1568, 1570], "annotations": [{"nertag": "O"}]}, {"base_span": [1571, 1582], "annotations": [{"nertag": "O"}]}, {"base_span": [1583, 1587], "annotations": [{"nertag": "O"}]}, {"base_span": [1588, 1594], "annotations": [{"nertag": "O"}]}, {"base_span": [1595, 1599], "annotations": [{"nertag": "O"}]}, {"base_span": [1600, 1605], "annotations": [{"nertag": "O"}]}, {"base_span": [1606, 1612], "annotations": [{"nertag": "O"}]}, {"base_span": [1613, 1615], "annotations": [{"nertag": "O"}]}, {"base_span": [1616, 1622], "annotations": [{"nertag": "O"}]}, {"base_span": [1623, 1628], "annotations": [{"nertag": "O"}]}, {"base_span": [1629, 1638], "annotations": [{"nertag": "B-LOC"}]}, {"base_span": [1639, 1646], "annotations": [{"nertag": "O"}]}, {"base_span": [1647, 1649], "annotations": [{"nertag": "O"}]}, {"base_span": [1650, 1661], "annotations": [{"nertag": "O"}]}, {"base_span": [1662, 1666], "annotations": [{"nertag": "O"}]}, {"base_span": [1667, 1669], "annotations": [{"nertag": "O"}]}, {"base_span": [1670, 1676], "annotations": [{"nertag": "O"}]}, {"base_span": [1677, 1683], "annotations": [{"nertag": "O"}]}, {"base_span": [1684, 1687], "annotations": [{"nertag": "O"}]}, {"base_span": [1688, 1692], "annotations": [{"nertag": "O"}]}, {"base_span": [1693, 1699], "annotations": [{"nertag": "O"}]}, {"base_span": [1700, 1703], "annotations": [{"nertag": "O"}]}, {"base_span": [1704, 1710], "annotations": [{"nertag": "O"}]}, {"base_span": [1711, 1713], "annotations": [{"nertag": "O"}]}, {"base_span": [1714, 1718], "annotations": [{"nertag": "O"}]}, {"base_span": [1719, 1724], "annotations": [{"nertag": "O"}]}, {"base_span": [1725, 1729], "annotations": [{"nertag": "O"}]}, {"base_span": [1730, 1739], "annotations": [{"nertag": "O"}]}, {"base_span": [1740, 1747], "annotations": [{"nertag": "O"}]}, {"base_span": [1748, 1755], "annotations": [{"nertag": "O"}]}, {"base_span": [1756, 1758], "annotations": [{"nertag": "O"}]}, {"base_span": [1759, 1761], "annotations": [{"nertag": "O"}]}, {"base_span": [1762, 1767], "annotations": [{"nertag": "O"}]}, {"base_span": [1768, 1771], "annotations": [{"nertag": "O"}]}, {"base_span": [1772, 1779], "annotations": [{"nertag": "O"}]}, {"base_span": [1780, 1786], "annotations": [{"nertag": "O"}]}, {"base_span": [1787, 1791], "annotations": [{"nertag": "O"}]}, {"base_span": [1792, 1797], "annotations": [{"nertag": "O"}]}, {"base_span": [1798, 1802], "annotations": [{"nertag": "O"}]}, {"base_span": [1803, 1808], "annotations": [{"nertag": "O"}]}, {"base_span": [1809, 1815], "annotations": [{"nertag": "O"}]}, {"base_span": [1815, 1816], "annotations": [{"nertag": "O"}]}, {"base_span": [1817, 1820], "annotations": [{"nertag": "O"}]}, {"base_span": [1821, 1826], "annotations": [{"nertag": "O"}]}, {"base_span": [1827, 1832], "annotations": [{"nertag": "O"}]}, {"base_span": [1833, 1838], "annotations": [{"nertag": "O"}]}, {"base_span": [1839, 1848], "annotations": [{"nertag": "O"}]}, {"base_span": [1849, 1853], "annotations": [{"nertag": "O"}]}, {"base_span": [1854, 1858], "annotations": [{"nertag": "O"}]}, {"base_span": [1859, 1863], "annotations": [{"nertag": "O"}]}, {"base_span": [1864, 1871], "annotations": [{"nertag": "O"}]}, {"base_span": [1872, 1876], "annotations": [{"nertag": "O"}]}, {"base_span": [1877, 1881], "annotations": [{"nertag": "O"}]}, {"base_span": [1883, 1897], "annotations": [{"nertag": "O"}]}, {"base_span": [1897, 1898], "annotations": [{"nertag": "O"}]}, {"base_span": [1900, 1902], "annotations": [{"nertag": "O"}]}, {"base_span": [1903, 1912], "annotations": [{"nertag": "O"}]}, {"base_span": [1913, 1918], "annotations": [{"nertag": "B-PER"}]}, {"base_span": [1919, 1926], "annotations": [{"nertag": "I-PER"}]}, {"base_span": [1927, 1932], "annotations": [{"nertag": "O"}]}, {"base_span": [1933, 1937], "annotations": [{"nertag": "O"}]}, {"base_span": [1938, 1940], "annotations": [{"nertag": "O"}]}, {"base_span": [1941, 1944], "annotations": [{"nertag": "O"}]}, {"base_span": [1945, 1948], "annotations": [{"nertag": "O"}]}, {"base_span": [1949, 1953], "annotations": [{"nertag": "O"}]}, {"base_span": [1954, 1958], "annotations": [{"nertag": "O"}]}, {"base_span": [1959, 1971], "annotations": [{"nertag": "O"}]}, {"base_span": [1972, 1976], "annotations": [{"nertag": "O"}]}, {"base_span": [1977, 1988], "annotations": [{"nertag": "O"}]}, {"base_span": [1989, 1991], "annotations": [{"nertag": "O"}]}, {"base_span": [1992, 1994], "annotations": [{"nertag": "O"}]}, {"base_span": [1995, 2003], "annotations": [{"nertag": "O"}]}, {"base_span": [2004, 2013], "annotations": [{"nertag": "O"}]}, {"base_span": [2014, 2016], "annotations": [{"nertag": "O"}]}, {"base_span": [2017, 2023], "annotations": [{"nertag": "O"}]}, {"base_span": [2024, 2032], "annotations": [{"nertag": "O"}]}, {"base_span": [2033, 2035], "annotations": [{"nertag": "O"}]}, {"base_span": [2036, 2040], "annotations": [{"nertag": "O"}]}, {"base_span": [2041, 2046], "annotations": [{"nertag": "O"}]}, {"base_span": [2047, 2055], "annotations": [{"nertag": "O"}]}, {"base_span": [2056, 2061], "annotations": [{"nertag": "O"}]}, {"base_span": [2062, 2066], "annotations": [{"nertag": "O"}]}, {"base_span": [2067, 2072], "annotations": [{"nertag": "O"}]}, {"base_span": [2073, 2080], "annotations": [{"nertag": "O"}]}, {"base_span": [2081, 2083], "annotations": [{"nertag": "O"}]}, {"base_span": [2084, 2086], "annotations": [{"nertag": "O"}]}, {"base_span": [2087, 2089], "annotations": [{"nertag": "O"}]}, {"base_span": [2090, 2096], "annotations": [{"nertag": "O"}]}, {"base_span": [2097, 2102], "annotations": [{"nertag": "O"}]}, {"base_span": [2103, 2105], "annotations": [{"nertag": "O"}]}, {"base_span": [2106, 2110], "annotations": [{"nertag": "O"}]}, {"base_span": [2111, 2117], "annotations": [{"nertag": "O"}]}, {"base_span": [2118, 2121], "annotations": [{"nertag": "O"}]}, {"base_span": [2122, 2132], "annotations": [{"nertag": "O"}]}, {"base_span": [2133, 2137], "annotations": [{"nertag": "O"}]}, {"base_span": [2138, 2143], "annotations": [{"nertag": "O"}]}, {"base_span": [2144, 2148], "annotations": [{"nertag": "O"}]}, {"base_span": [2149, 2154], "annotations": [{"nertag": "O"}]}, {"base_span": [2155, 2171], "annotations": [{"nertag": "O"}]}, {"base_span": [2172, 2177], "annotations": [{"nertag": "O"}]}, {"base_span": [2178, 2183], "annotations": [{"nertag": "O"}]}, {"base_span": [2184, 2192], "annotations": [{"nertag": "O"}]}, {"base_span": [2193, 2199], "annotations": [{"nertag": "O"}]}, {"base_span": [2200, 2205], "annotations": [{"nertag": "O"}]}, {"base_span": [2206, 2208], "annotations": [{"nertag": "O"}]}, {"base_span": [2209, 2214], "annotations": [{"nertag": "B-PER"}]}, {"base_span": [2215, 2222], "annotations": [{"nertag": "I-PER"}]}, {"base_span": [2223, 2227], "annotations": [{"nertag": "O"}]}, {"base_span": [2228, 2240], "annotations": [{"nertag": "O"}]}, {"base_span": [2241, 2248], "annotations": [{"nertag": "O"}]}, {"base_span": [2249, 2252], "annotations": [{"nertag": "B-ORG"}]}, {"base_span": [2253, 2264], "annotations": [{"nertag": "I-ORG"}]}, {"base_span": [2265, 2271], "annotations": [{"nertag": "I-ORG"}]}, {"base_span": [2272, 2281], "annotations": [{"nertag": "I-ORG"}]}, {"base_span": [2282, 2288], "annotations": [{"nertag": "I-ORG"}]}, {"base_span": [2289, 2296], "annotations": [{"nertag": "O"}]}, {"base_span": [2297, 2304], "annotations": [{"nertag": "O"}]}, {"base_span": [2305, 2308], "annotations": [{"nertag": "O"}]}, {"base_span": [2309, 2313], "annotations": [{"nertag": "O"}]}, {"base_span": [2314, 2319], "annotations": [{"nertag": "O"}]}, {"base_span": [2320, 2325], "annotations": [{"nertag": "O"}]}, {"base_span": [2326, 2330], "annotations": [{"nertag": "O"}]}, {"base_span": [2331, 2333], "annotations": [{"nertag": "O"}]}, {"base_span": [2334, 2339], "annotations": [{"nertag": "O"}]}, {"base_span": [2340, 2349], "annotations": [{"nertag": "O"}]}, {"base_span": [2350, 2360], "annotations": [{"nertag": "O"}]}, {"base_span": [2361, 2370], "annotations": [{"nertag": "O"}]}, {"base_span": [2371, 2377], "annotations": [{"nertag": "O"}]}, {"base_span": [2378, 2382], "annotations": [{"nertag": "O"}]}, {"base_span": [2383, 2385], "annotations": [{"nertag": "O"}]}, {"base_span": [2386, 2388], "annotations": [{"nertag": "O"}]}, {"base_span": [2389, 2391], "annotations": [{"nertag": "O"}]}, {"base_span": [2392, 2408], "annotations": [{"nertag": "O"}]}, {"base_span": [2409, 2414], "annotations": [{"nertag": "O"}]}, {"base_span": [2415, 2419], "annotations": [{"nertag": "O"}]}, {"base_span": [2420, 2424], "annotations": [{"nertag": "O"}]}, {"base_span": [2425, 2432], "annotations": [{"nertag": "O"}]}, {"base_span": [2433, 2443], "annotations": [{"nertag": "O"}]}, {"base_span": [2444, 2455], "annotations": [{"nertag": "O"}]}, {"base_span": [2456, 2458], "annotations": [{"nertag": "O"}]}, {"base_span": [2459, 2462], "annotations": [{"nertag": "O"}]}, {"base_span": [2463, 2469], "annotations": [{"nertag": "O"}]}, {"base_span": [2469, 2470], "annotations": [{"nertag": "O"}]}, {"base_span": [2472, 2474], "annotations": [{"nertag": "O"}]}, {"base_span": [2475, 2479], "annotations": [{"nertag": "O"}]}, {"base_span": [2480, 2482], "annotations": [{"nertag": "O"}]}, {"base_span": [2483, 2492], "annotations": [{"nertag": "O"}]}, {"base_span": [2493, 2497], "annotations": [{"nertag": "B-ORG"}]}, {"base_span": [2498, 2509], "annotations": [{"nertag": "I-ORG"}]}, {"base_span": [2510, 2515], "annotations": [{"nertag": "I-ORG"}]}, {"base_span": [2516, 2524], "annotations": [{"nertag": "I-ORG"}]}, {"base_span": [2525, 2529], "annotations": [{"nertag": "O"}]}, {"base_span": [2530, 2536], "annotations": [{"nertag": "O"}]}, {"base_span": [2537, 2544], "annotations": [{"nertag": "O"}]}, {"base_span": [2545, 2562], "annotations": [{"nertag": "O"}]}, {"base_span": [2562, 2563], "annotations": [{"nertag": "O"}]}, {"base_span": [2565, 2571], "annotations": [{"nertag": "B-PER"}]}, {"base_span": [2572, 2576], "annotations": [{"nertag": "I-PER"}]}, {"base_span": [2577, 2580], "annotations": [{"nertag": "O"}]}, {"base_span": [2582, 2588], "annotations": [{"nertag": "B-PER"}]}, {"base_span": [2589, 2596], "annotations": [{"nertag": "I-PER"}]}, {"base_span": [2597, 2600], "annotations": [{"nertag": "O"}]}, {"base_span": [2602, 2607], "annotations": [{"nertag": "B-PER"}]}, {"base_span": [2608, 2615], "annotations": [{"nertag": "I-PER"}]}, {"base_span": [2616, 2619], "annotations": [{"nertag": "O"}]}]}]}