{"text": "\nJaan Seep Rasinalt kaebas, et temal Johan Tootsiku käest kellele tema ühe lehma müünud, weel 5 rubl. saada on - nõuab seda kätte.\n\nJohan Tootsik ei salga maksa olewat aga ei ole see lehm mis tema kaebaja käest ostnud mitte terwe olnud ja nüid ahtraks jäänud.\n\nMõiste: Johan Tootsik peab 5 rbl. 8 päewa sees Jaan Seep hääks wälja maksma.\n\nPeakohtomees: P. Kripson XXX\n\nKohtomees: K. Hindrikson XXX\n\nKohtomees: K. Iwanthal XXX\n\nKohtomees:\n\nMoiste sai kohtokäijatele kuulutud ja olid nemad sellega rahul.\n\nKirjutaja: Ch Kapp &lt;allkiri&gt;\n\nJaan Seep jättis 1 rbl nõuetud summast maha.\n\n\n", "meta": {"origin_directory": "vallakohus_teine/"}, "layers": [{"name": "gold_ner", "attributes": ["nertag"], "parent": null, "enveloping": null, "ambiguous": false, "serialisation_module": null, "meta": {}, "spans": [{"base_span": [1, 10], "annotations": [{"nertag": "PER"}]}, {"base_span": [11, 19], "annotations": [{"nertag": "LOC"}]}, {"base_span": [37, 51], "annotations": [{"nertag": "PER"}]}, {"base_span": [132, 145], "annotations": [{"nertag": "PER"}]}, {"base_span": [269, 282], "annotations": [{"nertag": "PER"}]}, {"base_span": [308, 317], "annotations": [{"nertag": "PER"}]}, {"base_span": [353, 363], "annotations": [{"nertag": "PER"}]}, {"base_span": [380, 393], "annotations": [{"nertag": "PER"}]}, {"base_span": [410, 421], "annotations": [{"nertag": "PER"}]}, {"base_span": [515, 522], "annotations": [{"nertag": "PER"}]}, {"base_span": [540, 549], "annotations": [{"nertag": "PER"}]}]}, {"name": "gold_wordner", "attributes": ["nertag"], "parent": null, "enveloping": null, "ambiguous": false, "serialisation_module": null, "meta": {}, "spans": [{"base_span": [1, 5], "annotations": [{"nertag": "B-PER"}]}, {"base_span": [6, 10], "annotations": [{"nertag": "I-PER"}]}, {"base_span": [11, 19], "annotations": [{"nertag": "B-LOC"}]}, {"base_span": [20, 26], "annotations": [{"nertag": "O"}]}, {"base_span": [26, 27], "annotations": [{"nertag": "O"}]}, {"base_span": [28, 30], "annotations": [{"nertag": "O"}]}, {"base_span": [31, 36], "annotations": [{"nertag": "O"}]}, {"base_span": [37, 42], "annotations": [{"nertag": "B-PER"}]}, {"base_span": [43, 51], "annotations": [{"nertag": "I-PER"}]}, {"base_span": [52, 57], "annotations": [{"nertag": "O"}]}, {"base_span": [58, 65], "annotations": [{"nertag": "O"}]}, {"base_span": [66, 70], "annotations": [{"nertag": "O"}]}, {"base_span": [71, 74], "annotations": [{"nertag": "O"}]}, {"base_span": [75, 80], "annotations": [{"nertag": "O"}]}, {"base_span": [81, 87], "annotations": [{"nertag": "O"}]}, {"base_span": [87, 88], "annotations": [{"nertag": "O"}]}, {"base_span": [89, 93], "annotations": [{"nertag": "O"}]}, {"base_span": [94, 95], "annotations": [{"nertag": "O"}]}, {"base_span": [96, 100], "annotations": [{"nertag": "O"}]}, {"base_span": [100, 101], "annotations": [{"nertag": "O"}]}, {"base_span": [102, 107], "annotations": [{"nertag": "O"}]}, {"base_span": [108, 110], "annotations": [{"nertag": "O"}]}, {"base_span": [111, 112], "annotations": [{"nertag": "O"}]}, {"base_span": [113, 118], "annotations": [{"nertag": "O"}]}, {"base_span": [119, 123], "annotations": [{"nertag": "O"}]}, {"base_span": [124, 129], "annotations": [{"nertag": "O"}]}, {"base_span": [129, 130], "annotations": [{"nertag": "O"}]}, {"base_span": [132, 137], "annotations": [{"nertag": "B-PER"}]}, {"base_span": [138, 145], "annotations": [{"nertag": "I-PER"}]}, {"base_span": [146, 148], "annotations": [{"nertag": "O"}]}, {"base_span": [149, 154], "annotations": [{"nertag": "O"}]}, {"base_span": [155, 160], "annotations": [{"nertag": "O"}]}, {"base_span": [161, 167], "annotations": [{"nertag": "O"}]}, {"base_span": [168, 171], "annotations": [{"nertag": "O"}]}, {"base_span": [172, 174], "annotations": [{"nertag": "O"}]}, {"base_span": [175, 178], "annotations": [{"nertag": "O"}]}, {"base_span": [179, 182], "annotations": [{"nertag": "O"}]}, {"base_span": [183, 187], "annotations": [{"nertag": "O"}]}, {"base_span": [188, 191], "annotations": [{"nertag": "O"}]}, {"base_span": [192, 196], "annotations": [{"nertag": "O"}]}, {"base_span": [197, 204], "annotations": [{"nertag": "O"}]}, {"base_span": [205, 210], "annotations": [{"nertag": "O"}]}, {"base_span": [211, 217], "annotations": [{"nertag": "O"}]}, {"base_span": [218, 223], "annotations": [{"nertag": "O"}]}, {"base_span": [224, 229], "annotations": [{"nertag": "O"}]}, {"base_span": [230, 235], "annotations": [{"nertag": "O"}]}, {"base_span": [236, 238], "annotations": [{"nertag": "O"}]}, {"base_span": [239, 243], "annotations": [{"nertag": "O"}]}, {"base_span": [244, 251], "annotations": [{"nertag": "O"}]}, {"base_span": [252, 258], "annotations": [{"nertag": "O"}]}, {"base_span": [258, 259], "annotations": [{"nertag": "O"}]}, {"base_span": [261, 267], "annotations": [{"nertag": "O"}]}, {"base_span": [267, 268], "annotations": [{"nertag": "O"}]}, {"base_span": [269, 274], "annotations": [{"nertag": "B-PER"}]}, {"base_span": [275, 282], "annotations": [{"nertag": "I-PER"}]}, {"base_span": [283, 287], "annotations": [{"nertag": "O"}]}, {"base_span": [288, 289], "annotations": [{"nertag": "O"}]}, {"base_span": [290, 293], "annotations": [{"nertag": "O"}]}, {"base_span": [293, 294], "annotations": [{"nertag": "O"}]}, {"base_span": [295, 296], "annotations": [{"nertag": "O"}]}, {"base_span": [297, 302], "annotations": [{"nertag": "O"}]}, {"base_span": [303, 307], "annotations": [{"nertag": "O"}]}, {"base_span": [308, 312], "annotations": [{"nertag": "B-PER"}]}, {"base_span": [313, 317], "annotations": [{"nertag": "I-PER"}]}, {"base_span": [318, 323], "annotations": [{"nertag": "O"}]}, {"base_span": [324, 329], "annotations": [{"nertag": "O"}]}, {"base_span": [330, 336], "annotations": [{"nertag": "O"}]}, {"base_span": [336, 337], "annotations": [{"nertag": "O"}]}, {"base_span": [339, 351], "annotations": [{"nertag": "O"}]}, {"base_span": [351, 352], "annotations": [{"nertag": "O"}]}, {"base_span": [353, 354], "annotations": [{"nertag": "B-PER"}]}, {"base_span": [354, 355], "annotations": [{"nertag": "I-PER"}]}, {"base_span": [356, 363], "annotations": [{"nertag": "I-PER"}]}, {"base_span": [364, 367], "annotations": [{"nertag": "O"}]}, {"base_span": [369, 378], "annotations": [{"nertag": "O"}]}, {"base_span": [378, 379], "annotations": [{"nertag": "O"}]}, {"base_span": [380, 381], "annotations": [{"nertag": "B-PER"}]}, {"base_span": [381, 382], "annotations": [{"nertag": "I-PER"}]}, {"base_span": [383, 393], "annotations": [{"nertag": "I-PER"}]}, {"base_span": [394, 397], "annotations": [{"nertag": "O"}]}, {"base_span": [399, 408], "annotations": [{"nertag": "O"}]}, {"base_span": [408, 409], "annotations": [{"nertag": "O"}]}, {"base_span": [410, 411], "annotations": [{"nertag": "B-PER"}]}, {"base_span": [411, 412], "annotations": [{"nertag": "I-PER"}]}, {"base_span": [413, 421], "annotations": [{"nertag": "I-PER"}]}, {"base_span": [422, 425], "annotations": [{"nertag": "O"}]}, {"base_span": [427, 436], "annotations": [{"nertag": "O"}]}, {"base_span": [436, 437], "annotations": [{"nertag": "O"}]}, {"base_span": [439, 445], "annotations": [{"nertag": "O"}]}, {"base_span": [446, 449], "annotations": [{"nertag": "O"}]}, {"base_span": [450, 464], "annotations": [{"nertag": "O"}]}, {"base_span": [465, 473], "annotations": [{"nertag": "O"}]}, {"base_span": [474, 476], "annotations": [{"nertag": "O"}]}, {"base_span": [477, 481], "annotations": [{"nertag": "O"}]}, {"base_span": [482, 487], "annotations": [{"nertag": "O"}]}, {"base_span": [488, 495], "annotations": [{"nertag": "O"}]}, {"base_span": [496, 501], "annotations": [{"nertag": "O"}]}, {"base_span": [501, 502], "annotations": [{"nertag": "O"}]}, {"base_span": [504, 513], "annotations": [{"nertag": "O"}]}, {"base_span": [513, 514], "annotations": [{"nertag": "O"}]}, {"base_span": [515, 517], "annotations": [{"nertag": "B-PER"}]}, {"base_span": [518, 522], "annotations": [{"nertag": "I-PER"}]}, {"base_span": [523, 524], "annotations": [{"nertag": "O"}]}, {"base_span": [524, 526], "annotations": [{"nertag": "O"}]}, {"base_span": [526, 527], "annotations": [{"nertag": "O"}]}, {"base_span": [527, 534], "annotations": [{"nertag": "O"}]}, {"base_span": [534, 535], "annotations": [{"nertag": "O"}]}, {"base_span": [535, 537], "annotations": [{"nertag": "O"}]}, {"base_span": [537, 538], "annotations": [{"nertag": "O"}]}, {"base_span": [540, 544], "annotations": [{"nertag": "B-PER"}]}, {"base_span": [545, 549], "annotations": [{"nertag": "I-PER"}]}, {"base_span": [550, 556], "annotations": [{"nertag": "O"}]}, {"base_span": [557, 558], "annotations": [{"nertag": "O"}]}, {"base_span": [559, 562], "annotations": [{"nertag": "O"}]}, {"base_span": [563, 570], "annotations": [{"nertag": "O"}]}, {"base_span": [571, 578], "annotations": [{"nertag": "O"}]}, {"base_span": [579, 583], "annotations": [{"nertag": "O"}]}, {"base_span": [583, 584], "annotations": [{"nertag": "O"}]}]}]}