{"text": "\nAhja mõtsawalitsus kaibas Jaan Rebase, Joosep Andersoni ja Peter Torga kari on mõisa rae pääl olnud nink nõuab 12 rubla.\n\nJaan Rebane ja Josep Anderson wastutasid et nemad karjustel kõwasti ära keelanud raelmu pääle mina.\n\nPeeter Tork ütles, et tema elajad kinni ei ole wõetud, ei ole ka raelmu pääl venud.\n\nWannutatud metsawaht Hans Watzar tunnistas, et nimetatud peremeeste karjad mõisa raelmu pääl olnud.\n\nMõiste: Jaan Rebane ja Joosep Anderson peawad ühtekokku 1 R. ja Peeter 1 rubla 8 päiwa sees mõtsawalitsuse hääks maksma.\n\nPääkohtumees: Peeter Kripson XXX\n\nKohtumees: Peeter Hindrikson XXX\n\nKohtumees: Kota Wossmann XXX\n\nKohtumees: Kusta Iwanthal XXX\n\nKohtumees: Mik Rebane\n\nKohtumees: Jaan Hansing\n\nMõiste sai kuulutatud ja olid kohtukäijad rahul.\n\nKirjutaja: Chr Kapp &lt;allkiri&gt;\n\n\n", "meta": {"origin_directory": "vallakohus_neljas/"}, "layers": [{"name": "gold_ner", "attributes": ["nertag"], "parent": null, "enveloping": null, "ambiguous": false, "serialisation_module": null, "meta": {}, "spans": [{"base_span": [1, 19], "annotations": [{"nertag": "ORG"}]}, {"base_span": [27, 38], "annotations": [{"nertag": "PER"}]}, {"base_span": [40, 56], "annotations": [{"nertag": "PER"}]}, {"base_span": [60, 71], "annotations": [{"nertag": "PER"}]}, {"base_span": [123, 134], "annotations": [{"nertag": "PER"}]}, {"base_span": [138, 152], "annotations": [{"nertag": "PER"}]}, {"base_span": [224, 235], "annotations": [{"nertag": "PER"}]}, {"base_span": [330, 341], "annotations": [{"nertag": "PER"}]}, {"base_span": [418, 429], "annotations": [{"nertag": "PER"}]}, {"base_span": [433, 448], "annotations": [{"nertag": "PER"}]}, {"base_span": [474, 480], "annotations": [{"nertag": "PER"}]}, {"base_span": [546, 560], "annotations": [{"nertag": "PER"}]}, {"base_span": [577, 594], "annotations": [{"nertag": "PER"}]}, {"base_span": [611, 624], "annotations": [{"nertag": "PER"}]}, {"base_span": [641, 655], "annotations": [{"nertag": "PER"}]}, {"base_span": [672, 682], "annotations": [{"nertag": "PER"}]}, {"base_span": [695, 707], "annotations": [{"nertag": "PER"}]}, {"base_span": [770, 778], "annotations": [{"nertag": "PER"}]}]}, {"name": "gold_wordner", "attributes": ["nertag"], "parent": null, "enveloping": null, "ambiguous": false, "serialisation_module": null, "meta": {}, "spans": [{"base_span": [1, 5], "annotations": [{"nertag": "B-ORG"}]}, {"base_span": [6, 19], "annotations": [{"nertag": "I-ORG"}]}, {"base_span": [20, 26], "annotations": [{"nertag": "O"}]}, {"base_span": [27, 31], "annotations": [{"nertag": "B-PER"}]}, {"base_span": [32, 38], "annotations": [{"nertag": "I-PER"}]}, {"base_span": [38, 39], "annotations": [{"nertag": "O"}]}, {"base_span": [40, 46], "annotations": [{"nertag": "B-PER"}]}, {"base_span": [47, 56], "annotations": [{"nertag": "I-PER"}]}, {"base_span": [57, 59], "annotations": [{"nertag": "O"}]}, {"base_span": [60, 65], "annotations": [{"nertag": "B-PER"}]}, {"base_span": [66, 71], "annotations": [{"nertag": "I-PER"}]}, {"base_span": [72, 76], "annotations": [{"nertag": "O"}]}, {"base_span": [77, 79], "annotations": [{"nertag": "O"}]}, {"base_span": [80, 85], "annotations": [{"nertag": "O"}]}, {"base_span": [86, 89], "annotations": [{"nertag": "O"}]}, {"base_span": [90, 94], "annotations": [{"nertag": "O"}]}, {"base_span": [95, 100], "annotations": [{"nertag": "O"}]}, {"base_span": [101, 105], "annotations": [{"nertag": "O"}]}, {"base_span": [106, 111], "annotations": [{"nertag": "O"}]}, {"base_span": [112, 114], "annotations": [{"nertag": "O"}]}, {"base_span": [115, 120], "annotations": [{"nertag": "O"}]}, {"base_span": [120, 121], "annotations": [{"nertag": "O"}]}, {"base_span": [123, 127], "annotations": [{"nertag": "B-PER"}]}, {"base_span": [128, 134], "annotations": [{"nertag": "I-PER"}]}, {"base_span": [135, 137], "annotations": [{"nertag": "O"}]}, {"base_span": [138, 143], "annotations": [{"nertag": "B-PER"}]}, {"base_span": [144, 152], "annotations": [{"nertag": "I-PER"}]}, {"base_span": [153, 163], "annotations": [{"nertag": "O"}]}, {"base_span": [164, 166], "annotations": [{"nertag": "O"}]}, {"base_span": [167, 172], "annotations": [{"nertag": "O"}]}, {"base_span": [173, 182], "annotations": [{"nertag": "O"}]}, {"base_span": [183, 190], "annotations": [{"nertag": "O"}]}, {"base_span": [191, 194], "annotations": [{"nertag": "O"}]}, {"base_span": [195, 203], "annotations": [{"nertag": "O"}]}, {"base_span": [204, 210], "annotations": [{"nertag": "O"}]}, {"base_span": [211, 216], "annotations": [{"nertag": "O"}]}, {"base_span": [217, 221], "annotations": [{"nertag": "O"}]}, {"base_span": [221, 222], "annotations": [{"nertag": "O"}]}, {"base_span": [224, 230], "annotations": [{"nertag": "B-PER"}]}, {"base_span": [231, 235], "annotations": [{"nertag": "I-PER"}]}, {"base_span": [236, 241], "annotations": [{"nertag": "O"}]}, {"base_span": [241, 242], "annotations": [{"nertag": "O"}]}, {"base_span": [243, 245], "annotations": [{"nertag": "O"}]}, {"base_span": [246, 250], "annotations": [{"nertag": "O"}]}, {"base_span": [251, 257], "annotations": [{"nertag": "O"}]}, {"base_span": [258, 263], "annotations": [{"nertag": "O"}]}, {"base_span": [264, 266], "annotations": [{"nertag": "O"}]}, {"base_span": [267, 270], "annotations": [{"nertag": "O"}]}, {"base_span": [271, 277], "annotations": [{"nertag": "O"}]}, {"base_span": [277, 278], "annotations": [{"nertag": "O"}]}, {"base_span": [279, 281], "annotations": [{"nertag": "O"}]}, {"base_span": [282, 285], "annotations": [{"nertag": "O"}]}, {"base_span": [286, 288], "annotations": [{"nertag": "O"}]}, {"base_span": [289, 295], "annotations": [{"nertag": "O"}]}, {"base_span": [296, 300], "annotations": [{"nertag": "O"}]}, {"base_span": [301, 306], "annotations": [{"nertag": "O"}]}, {"base_span": [306, 307], "annotations": [{"nertag": "O"}]}, {"base_span": [309, 319], "annotations": [{"nertag": "O"}]}, {"base_span": [320, 329], "annotations": [{"nertag": "O"}]}, {"base_span": [330, 334], "annotations": [{"nertag": "B-PER"}]}, {"base_span": [335, 341], "annotations": [{"nertag": "I-PER"}]}, {"base_span": [342, 351], "annotations": [{"nertag": "O"}]}, {"base_span": [351, 352], "annotations": [{"nertag": "O"}]}, {"base_span": [353, 355], "annotations": [{"nertag": "O"}]}, {"base_span": [356, 365], "annotations": [{"nertag": "O"}]}, {"base_span": [366, 376], "annotations": [{"nertag": "O"}]}, {"base_span": [377, 383], "annotations": [{"nertag": "O"}]}, {"base_span": [384, 389], "annotations": [{"nertag": "O"}]}, {"base_span": [390, 396], "annotations": [{"nertag": "O"}]}, {"base_span": [397, 401], "annotations": [{"nertag": "O"}]}, {"base_span": [402, 407], "annotations": [{"nertag": "O"}]}, {"base_span": [407, 408], "annotations": [{"nertag": "O"}]}, {"base_span": [410, 416], "annotations": [{"nertag": "O"}]}, {"base_span": [416, 417], "annotations": [{"nertag": "O"}]}, {"base_span": [418, 422], "annotations": [{"nertag": "B-PER"}]}, {"base_span": [423, 429], "annotations": [{"nertag": "I-PER"}]}, {"base_span": [430, 432], "annotations": [{"nertag": "O"}]}, {"base_span": [433, 439], "annotations": [{"nertag": "B-PER"}]}, {"base_span": [440, 448], "annotations": [{"nertag": "I-PER"}]}, {"base_span": [449, 455], "annotations": [{"nertag": "O"}]}, {"base_span": [456, 465], "annotations": [{"nertag": "O"}]}, {"base_span": [466, 467], "annotations": [{"nertag": "O"}]}, {"base_span": [468, 469], "annotations": [{"nertag": "O"}]}, {"base_span": [469, 470], "annotations": [{"nertag": "O"}]}, {"base_span": [471, 473], "annotations": [{"nertag": "O"}]}, {"base_span": [474, 480], "annotations": [{"nertag": "B-PER"}]}, {"base_span": [481, 482], "annotations": [{"nertag": "O"}]}, {"base_span": [483, 488], "annotations": [{"nertag": "O"}]}, {"base_span": [489, 490], "annotations": [{"nertag": "O"}]}, {"base_span": [491, 496], "annotations": [{"nertag": "O"}]}, {"base_span": [497, 501], "annotations": [{"nertag": "O"}]}, {"base_span": [502, 516], "annotations": [{"nertag": "O"}]}, {"base_span": [517, 522], "annotations": [{"nertag": "O"}]}, {"base_span": [523, 529], "annotations": [{"nertag": "O"}]}, {"base_span": [529, 530], "annotations": [{"nertag": "O"}]}, {"base_span": [532, 544], "annotations": [{"nertag": "O"}]}, {"base_span": [544, 545], "annotations": [{"nertag": "O"}]}, {"base_span": [546, 552], "annotations": [{"nertag": "B-PER"}]}, {"base_span": [553, 560], "annotations": [{"nertag": "I-PER"}]}, {"base_span": [561, 564], "annotations": [{"nertag": "O"}]}, {"base_span": [566, 575], "annotations": [{"nertag": "O"}]}, {"base_span": [575, 576], "annotations": [{"nertag": "O"}]}, {"base_span": [577, 583], "annotations": [{"nertag": "B-PER"}]}, {"base_span": [584, 594], "annotations": [{"nertag": "I-PER"}]}, {"base_span": [595, 598], "annotations": [{"nertag": "O"}]}, {"base_span": [600, 609], "annotations": [{"nertag": "O"}]}, {"base_span": [609, 610], "annotations": [{"nertag": "O"}]}, {"base_span": [611, 615], "annotations": [{"nertag": "B-PER"}]}, {"base_span": [616, 624], "annotations": [{"nertag": "I-PER"}]}, {"base_span": [625, 628], "annotations": [{"nertag": "O"}]}, {"base_span": [630, 639], "annotations": [{"nertag": "O"}]}, {"base_span": [639, 640], "annotations": [{"nertag": "O"}]}, {"base_span": [641, 646], "annotations": [{"nertag": "B-PER"}]}, {"base_span": [647, 655], "annotations": [{"nertag": "I-PER"}]}, {"base_span": [656, 659], "annotations": [{"nertag": "O"}]}, {"base_span": [661, 670], "annotations": [{"nertag": "O"}]}, {"base_span": [670, 671], "annotations": [{"nertag": "O"}]}, {"base_span": [672, 675], "annotations": [{"nertag": "B-PER"}]}, {"base_span": [676, 682], "annotations": [{"nertag": "I-PER"}]}, {"base_span": [684, 693], "annotations": [{"nertag": "O"}]}, {"base_span": [693, 694], "annotations": [{"nertag": "O"}]}, {"base_span": [695, 699], "annotations": [{"nertag": "B-PER"}]}, {"base_span": [700, 707], "annotations": [{"nertag": "I-PER"}]}, {"base_span": [709, 715], "annotations": [{"nertag": "O"}]}, {"base_span": [716, 719], "annotations": [{"nertag": "O"}]}, {"base_span": [720, 730], "annotations": [{"nertag": "O"}]}, {"base_span": [731, 733], "annotations": [{"nertag": "O"}]}, {"base_span": [734, 738], "annotations": [{"nertag": "O"}]}, {"base_span": [739, 750], "annotations": [{"nertag": "O"}]}, {"base_span": [751, 756], "annotations": [{"nertag": "O"}]}, {"base_span": [756, 757], "annotations": [{"nertag": "O"}]}, {"base_span": [759, 768], "annotations": [{"nertag": "O"}]}, {"base_span": [768, 769], "annotations": [{"nertag": "O"}]}, {"base_span": [770, 773], "annotations": [{"nertag": "B-PER"}]}, {"base_span": [774, 778], "annotations": [{"nertag": "I-PER"}]}, {"base_span": [779, 780], "annotations": [{"nertag": "O"}]}, {"base_span": [780, 782], "annotations": [{"nertag": "O"}]}, {"base_span": [782, 783], "annotations": [{"nertag": "O"}]}, {"base_span": [783, 790], "annotations": [{"nertag": "O"}]}, {"base_span": [790, 791], "annotations": [{"nertag": "O"}]}, {"base_span": [791, 793], "annotations": [{"nertag": "O"}]}, {"base_span": [793, 794], "annotations": [{"nertag": "O"}]}]}]}