{"text": "\nRanna Mõisas sel 30mal Oktobr 1864\n\njures olli Pea kohtomees Josep Leppasep\n\nabbi Jakub Johansohn\n\nabbi Jaan Pajo\n\nTulli ette Josep Lõhmus ja kaebab Karel Johnsohni peale, et temma sel sammal suuwel ollewa Karel Johansohni al Tallina maal tööl olnud ja jätnud temmale 9 päwa eest rahha maksmatta.\n\nJa se rahha mis Maddis Lõhmus Narwa maa temmale saatnud ja praego mõisas on Karel Johansohn ei lusso kätte anda. 4 Rubl 60 Kop Kutsuti Karel Johansohn ette küssiti kudda kaebusse assi on kostab. Se 9 päwa rahha mis minnul maksa on se on õige, agga minna sellepärrast ei maksa, et Josep teggi ku peale minnoga kaupa agga ei teinud ennam tööd kui se 9 päwa ja läks ärra enne kaubeltud aega. Ja se 4 Rubl 60 Kop on selle pärrast kinni, kewwade kui Tallina male töle läinud siis Josep Lõhmus warrastanud ühhest kõrtsist paddast suppi seest üks kanna ärra, agga kui sadik taggasi tulli siis woetud rahha hobbose pealt kleid ärra teised olnud 2 Rubl 50 Kop Karel ? wäärt teised 1 Rubl 50 Kop Karel Udde wäärt, ja need ollewa praego ärra.\n\nOtsus selle peale\n\nNeed nelli meest Josep Lõhmus Maddis Pajo Karel Udde Tornis Kikka Maksawad kleide rahha igga mees 1 Rubl 12 1/2 Kop ehk kui towad ärra sawad rahha kätte\n\nPea kohtomees Josep Leppasep XXX\n\nJakub Johanson XXX\n\nJaan Pajo XXX\n\n\n", "meta": {"origin_directory": "vallakohus_neljas/"}, "layers": [{"name": "gold_ner", "attributes": ["nertag"], "parent": null, "enveloping": null, "ambiguous": false, "serialisation_module": null, "meta": {}, "spans": [{"base_span": [1, 13], "annotations": [{"nertag": "LOC_ORG"}]}, {"base_span": [62, 76], "annotations": [{"nertag": "PER"}]}, {"base_span": [83, 98], "annotations": [{"nertag": "PER"}]}, {"base_span": [105, 114], "annotations": [{"nertag": "PER"}]}, {"base_span": [127, 139], "annotations": [{"nertag": "PER"}]}, {"base_span": [150, 165], "annotations": [{"nertag": "PER"}]}, {"base_span": [207, 223], "annotations": [{"nertag": "PER"}]}, {"base_span": [227, 239], "annotations": [{"nertag": "LOC"}]}, {"base_span": [315, 328], "annotations": [{"nertag": "PER"}]}, {"base_span": [329, 338], "annotations": [{"nertag": "LOC"}]}, {"base_span": [375, 390], "annotations": [{"nertag": "PER"}]}, {"base_span": [434, 449], "annotations": [{"nertag": "PER"}]}, {"base_span": [579, 584], "annotations": [{"nertag": "PER"}]}, {"base_span": [744, 756], "annotations": [{"nertag": "LOC"}]}, {"base_span": [774, 786], "annotations": [{"nertag": "PER"}]}, {"base_span": [950, 955], "annotations": [{"nertag": "PER"}]}, {"base_span": [985, 995], "annotations": [{"nertag": "PER"}]}, {"base_span": [1068, 1080], "annotations": [{"nertag": "PER"}]}, {"base_span": [1081, 1092], "annotations": [{"nertag": "PER"}]}, {"base_span": [1093, 1103], "annotations": [{"nertag": "PER"}]}, {"base_span": [1104, 1116], "annotations": [{"nertag": "PER"}]}, {"base_span": [1219, 1233], "annotations": [{"nertag": "PER"}]}, {"base_span": [1239, 1253], "annotations": [{"nertag": "PER"}]}, {"base_span": [1259, 1268], "annotations": [{"nertag": "PER"}]}]}, {"name": "gold_wordner", "attributes": ["nertag"], "parent": null, "enveloping": null, "ambiguous": false, "serialisation_module": null, "meta": {}, "spans": [{"base_span": [1, 6], "annotations": [{"nertag": "B-LOC_ORG"}]}, {"base_span": [7, 13], "annotations": [{"nertag": "I-LOC_ORG"}]}, {"base_span": [14, 17], "annotations": [{"nertag": "O"}]}, {"base_span": [18, 23], "annotations": [{"nertag": "O"}]}, {"base_span": [24, 30], "annotations": [{"nertag": "O"}]}, {"base_span": [31, 35], "annotations": [{"nertag": "O"}]}, {"base_span": [37, 42], "annotations": [{"nertag": "O"}]}, {"base_span": [43, 47], "annotations": [{"nertag": "O"}]}, {"base_span": [48, 51], "annotations": [{"nertag": "O"}]}, {"base_span": [52, 61], "annotations": [{"nertag": "O"}]}, {"base_span": [62, 67], "annotations": [{"nertag": "B-PER"}]}, {"base_span": [68, 76], "annotations": [{"nertag": "I-PER"}]}, {"base_span": [78, 82], "annotations": [{"nertag": "O"}]}, {"base_span": [83, 88], "annotations": [{"nertag": "B-PER"}]}, {"base_span": [89, 98], "annotations": [{"nertag": "I-PER"}]}, {"base_span": [100, 104], "annotations": [{"nertag": "O"}]}, {"base_span": [105, 109], "annotations": [{"nertag": "B-PER"}]}, {"base_span": [110, 114], "annotations": [{"nertag": "I-PER"}]}, {"base_span": [116, 121], "annotations": [{"nertag": "O"}]}, {"base_span": [122, 126], "annotations": [{"nertag": "O"}]}, {"base_span": [127, 132], "annotations": [{"nertag": "B-PER"}]}, {"base_span": [133, 139], "annotations": [{"nertag": "I-PER"}]}, {"base_span": [140, 142], "annotations": [{"nertag": "O"}]}, {"base_span": [143, 149], "annotations": [{"nertag": "O"}]}, {"base_span": [150, 155], "annotations": [{"nertag": "B-PER"}]}, {"base_span": [156, 165], "annotations": [{"nertag": "I-PER"}]}, {"base_span": [166, 171], "annotations": [{"nertag": "O"}]}, {"base_span": [171, 172], "annotations": [{"nertag": "O"}]}, {"base_span": [173, 175], "annotations": [{"nertag": "O"}]}, {"base_span": [176, 181], "annotations": [{"nertag": "O"}]}, {"base_span": [182, 185], "annotations": [{"nertag": "O"}]}, {"base_span": [186, 192], "annotations": [{"nertag": "O"}]}, {"base_span": [193, 199], "annotations": [{"nertag": "O"}]}, {"base_span": [200, 206], "annotations": [{"nertag": "O"}]}, {"base_span": [207, 212], "annotations": [{"nertag": "B-PER"}]}, {"base_span": [213, 223], "annotations": [{"nertag": "I-PER"}]}, {"base_span": [224, 226], "annotations": [{"nertag": "O"}]}, {"base_span": [227, 234], "annotations": [{"nertag": "B-LOC"}]}, {"base_span": [235, 239], "annotations": [{"nertag": "I-LOC"}]}, {"base_span": [240, 244], "annotations": [{"nertag": "O"}]}, {"base_span": [245, 250], "annotations": [{"nertag": "O"}]}, {"base_span": [251, 253], "annotations": [{"nertag": "O"}]}, {"base_span": [254, 260], "annotations": [{"nertag": "O"}]}, {"base_span": [261, 268], "annotations": [{"nertag": "O"}]}, {"base_span": [269, 270], "annotations": [{"nertag": "O"}]}, {"base_span": [271, 275], "annotations": [{"nertag": "O"}]}, {"base_span": [276, 280], "annotations": [{"nertag": "O"}]}, {"base_span": [281, 286], "annotations": [{"nertag": "O"}]}, {"base_span": [287, 296], "annotations": [{"nertag": "O"}]}, {"base_span": [296, 297], "annotations": [{"nertag": "O"}]}, {"base_span": [299, 301], "annotations": [{"nertag": "O"}]}, {"base_span": [302, 304], "annotations": [{"nertag": "O"}]}, {"base_span": [305, 310], "annotations": [{"nertag": "O"}]}, {"base_span": [311, 314], "annotations": [{"nertag": "O"}]}, {"base_span": [315, 321], "annotations": [{"nertag": "B-PER"}]}, {"base_span": [322, 328], "annotations": [{"nertag": "I-PER"}]}, {"base_span": [329, 334], "annotations": [{"nertag": "B-LOC"}]}, {"base_span": [335, 338], "annotations": [{"nertag": "I-LOC"}]}, {"base_span": [339, 346], "annotations": [{"nertag": "O"}]}, {"base_span": [347, 354], "annotations": [{"nertag": "O"}]}, {"base_span": [355, 357], "annotations": [{"nertag": "O"}]}, {"base_span": [358, 364], "annotations": [{"nertag": "O"}]}, {"base_span": [365, 371], "annotations": [{"nertag": "O"}]}, {"base_span": [372, 374], "annotations": [{"nertag": "O"}]}, {"base_span": [375, 380], "annotations": [{"nertag": "B-PER"}]}, {"base_span": [381, 390], "annotations": [{"nertag": "I-PER"}]}, {"base_span": [391, 393], "annotations": [{"nertag": "O"}]}, {"base_span": [394, 399], "annotations": [{"nertag": "O"}]}, {"base_span": [400, 405], "annotations": [{"nertag": "O"}]}, {"base_span": [406, 410], "annotations": [{"nertag": "O"}]}, {"base_span": [410, 411], "annotations": [{"nertag": "O"}]}, {"base_span": [412, 413], "annotations": [{"nertag": "O"}]}, {"base_span": [414, 418], "annotations": [{"nertag": "O"}]}, {"base_span": [419, 421], "annotations": [{"nertag": "O"}]}, {"base_span": [422, 425], "annotations": [{"nertag": "O"}]}, {"base_span": [426, 433], "annotations": [{"nertag": "O"}]}, {"base_span": [434, 439], "annotations": [{"nertag": "B-PER"}]}, {"base_span": [440, 449], "annotations": [{"nertag": "I-PER"}]}, {"base_span": [450, 454], "annotations": [{"nertag": "O"}]}, {"base_span": [455, 462], "annotations": [{"nertag": "O"}]}, {"base_span": [463, 468], "annotations": [{"nertag": "O"}]}, {"base_span": [469, 477], "annotations": [{"nertag": "O"}]}, {"base_span": [478, 482], "annotations": [{"nertag": "O"}]}, {"base_span": [483, 485], "annotations": [{"nertag": "O"}]}, {"base_span": [486, 492], "annotations": [{"nertag": "O"}]}, {"base_span": [492, 493], "annotations": [{"nertag": "O"}]}, {"base_span": [494, 496], "annotations": [{"nertag": "O"}]}, {"base_span": [497, 498], "annotations": [{"nertag": "O"}]}, {"base_span": [499, 503], "annotations": [{"nertag": "O"}]}, {"base_span": [504, 509], "annotations": [{"nertag": "O"}]}, {"base_span": [510, 513], "annotations": [{"nertag": "O"}]}, {"base_span": [514, 520], "annotations": [{"nertag": "O"}]}, {"base_span": [521, 526], "annotations": [{"nertag": "O"}]}, {"base_span": [527, 529], "annotations": [{"nertag": "O"}]}, {"base_span": [530, 532], "annotations": [{"nertag": "O"}]}, {"base_span": [533, 535], "annotations": [{"nertag": "O"}]}, {"base_span": [536, 540], "annotations": [{"nertag": "O"}]}, {"base_span": [540, 541], "annotations": [{"nertag": "O"}]}, {"base_span": [542, 546], "annotations": [{"nertag": "O"}]}, {"base_span": [547, 552], "annotations": [{"nertag": "O"}]}, {"base_span": [553, 565], "annotations": [{"nertag": "O"}]}, {"base_span": [566, 568], "annotations": [{"nertag": "O"}]}, {"base_span": [569, 574], "annotations": [{"nertag": "O"}]}, {"base_span": [574, 575], "annotations": [{"nertag": "O"}]}, {"base_span": [576, 578], "annotations": [{"nertag": "O"}]}, {"base_span": [579, 584], "annotations": [{"nertag": "B-PER"}]}, {"base_span": [585, 590], "annotations": [{"nertag": "O"}]}, {"base_span": [591, 593], "annotations": [{"nertag": "O"}]}, {"base_span": [594, 599], "annotations": [{"nertag": "O"}]}, {"base_span": [600, 607], "annotations": [{"nertag": "O"}]}, {"base_span": [608, 613], "annotations": [{"nertag": "O"}]}, {"base_span": [614, 618], "annotations": [{"nertag": "O"}]}, {"base_span": [619, 621], "annotations": [{"nertag": "O"}]}, {"base_span": [622, 628], "annotations": [{"nertag": "O"}]}, {"base_span": [629, 634], "annotations": [{"nertag": "O"}]}, {"base_span": [635, 639], "annotations": [{"nertag": "O"}]}, {"base_span": [640, 643], "annotations": [{"nertag": "O"}]}, {"base_span": [644, 646], "annotations": [{"nertag": "O"}]}, {"base_span": [647, 648], "annotations": [{"nertag": "O"}]}, {"base_span": [649, 653], "annotations": [{"nertag": "O"}]}, {"base_span": [654, 656], "annotations": [{"nertag": "O"}]}, {"base_span": [657, 661], "annotations": [{"nertag": "O"}]}, {"base_span": [662, 666], "annotations": [{"nertag": "O"}]}, {"base_span": [667, 671], "annotations": [{"nertag": "O"}]}, {"base_span": [672, 681], "annotations": [{"nertag": "O"}]}, {"base_span": [682, 686], "annotations": [{"nertag": "O"}]}, {"base_span": [686, 687], "annotations": [{"nertag": "O"}]}, {"base_span": [688, 690], "annotations": [{"nertag": "O"}]}, {"base_span": [691, 693], "annotations": [{"nertag": "O"}]}, {"base_span": [694, 695], "annotations": [{"nertag": "O"}]}, {"base_span": [696, 700], "annotations": [{"nertag": "O"}]}, {"base_span": [701, 703], "annotations": [{"nertag": "O"}]}, {"base_span": [704, 707], "annotations": [{"nertag": "O"}]}, {"base_span": [708, 710], "annotations": [{"nertag": "O"}]}, {"base_span": [711, 716], "annotations": [{"nertag": "O"}]}, {"base_span": [717, 724], "annotations": [{"nertag": "O"}]}, {"base_span": [725, 730], "annotations": [{"nertag": "O"}]}, {"base_span": [730, 731], "annotations": [{"nertag": "O"}]}, {"base_span": [732, 739], "annotations": [{"nertag": "O"}]}, {"base_span": [740, 743], "annotations": [{"nertag": "O"}]}, {"base_span": [744, 751], "annotations": [{"nertag": "B-LOC"}]}, {"base_span": [752, 756], "annotations": [{"nertag": "I-LOC"}]}, {"base_span": [757, 761], "annotations": [{"nertag": "O"}]}, {"base_span": [762, 768], "annotations": [{"nertag": "O"}]}, {"base_span": [769, 773], "annotations": [{"nertag": "O"}]}, {"base_span": [774, 779], "annotations": [{"nertag": "B-PER"}]}, {"base_span": [780, 786], "annotations": [{"nertag": "I-PER"}]}, {"base_span": [787, 798], "annotations": [{"nertag": "O"}]}, {"base_span": [799, 805], "annotations": [{"nertag": "O"}]}, {"base_span": [806, 814], "annotations": [{"nertag": "O"}]}, {"base_span": [815, 822], "annotations": [{"nertag": "O"}]}, {"base_span": [823, 828], "annotations": [{"nertag": "O"}]}, {"base_span": [829, 834], "annotations": [{"nertag": "O"}]}, {"base_span": [835, 838], "annotations": [{"nertag": "O"}]}, {"base_span": [839, 844], "annotations": [{"nertag": "O"}]}, {"base_span": [845, 849], "annotations": [{"nertag": "O"}]}, {"base_span": [849, 850], "annotations": [{"nertag": "O"}]}, {"base_span": [851, 855], "annotations": [{"nertag": "O"}]}, {"base_span": [856, 859], "annotations": [{"nertag": "O"}]}, {"base_span": [860, 865], "annotations": [{"nertag": "O"}]}, {"base_span": [866, 873], "annotations": [{"nertag": "O"}]}, {"base_span": [874, 879], "annotations": [{"nertag": "O"}]}, {"base_span": [880, 884], "annotations": [{"nertag": "O"}]}, {"base_span": [885, 891], "annotations": [{"nertag": "O"}]}, {"base_span": [892, 897], "annotations": [{"nertag": "O"}]}, {"base_span": [898, 905], "annotations": [{"nertag": "O"}]}, {"base_span": [906, 911], "annotations": [{"nertag": "O"}]}, {"base_span": [912, 917], "annotations": [{"nertag": "O"}]}, {"base_span": [918, 922], "annotations": [{"nertag": "O"}]}, {"base_span": [923, 929], "annotations": [{"nertag": "O"}]}, {"base_span": [930, 935], "annotations": [{"nertag": "O"}]}, {"base_span": [936, 937], "annotations": [{"nertag": "O"}]}, {"base_span": [938, 942], "annotations": [{"nertag": "O"}]}, {"base_span": [943, 945], "annotations": [{"nertag": "O"}]}, {"base_span": [946, 949], "annotations": [{"nertag": "O"}]}, {"base_span": [950, 955], "annotations": [{"nertag": "B-PER"}]}, {"base_span": [956, 957], "annotations": [{"nertag": "O"}]}, {"base_span": [958, 963], "annotations": [{"nertag": "O"}]}, {"base_span": [964, 970], "annotations": [{"nertag": "O"}]}, {"base_span": [971, 972], "annotations": [{"nertag": "O"}]}, {"base_span": [973, 977], "annotations": [{"nertag": "O"}]}, {"base_span": [978, 980], "annotations": [{"nertag": "O"}]}, {"base_span": [981, 984], "annotations": [{"nertag": "O"}]}, {"base_span": [985, 990], "annotations": [{"nertag": "B-PER"}]}, {"base_span": [991, 995], "annotations": [{"nertag": "I-PER"}]}, {"base_span": [996, 1001], "annotations": [{"nertag": "O"}]}, {"base_span": [1001, 1002], "annotations": [{"nertag": "O"}]}, {"base_span": [1003, 1005], "annotations": [{"nertag": "O"}]}, {"base_span": [1006, 1010], "annotations": [{"nertag": "O"}]}, {"base_span": [1011, 1017], "annotations": [{"nertag": "O"}]}, {"base_span": [1018, 1024], "annotations": [{"nertag": "O"}]}, {"base_span": [1025, 1029], "annotations": [{"nertag": "O"}]}, {"base_span": [1029, 1030], "annotations": [{"nertag": "O"}]}, {"base_span": [1032, 1037], "annotations": [{"nertag": "O"}]}, {"base_span": [1038, 1043], "annotations": [{"nertag": "O"}]}, {"base_span": [1044, 1049], "annotations": [{"nertag": "O"}]}, {"base_span": [1051, 1055], "annotations": [{"nertag": "O"}]}, {"base_span": [1056, 1061], "annotations": [{"nertag": "O"}]}, {"base_span": [1062, 1067], "annotations": [{"nertag": "O"}]}, {"base_span": [1068, 1073], "annotations": [{"nertag": "B-PER"}]}, {"base_span": [1074, 1080], "annotations": [{"nertag": "I-PER"}]}, {"base_span": [1081, 1087], "annotations": [{"nertag": "B-PER"}]}, {"base_span": [1088, 1092], "annotations": [{"nertag": "I-PER"}]}, {"base_span": [1093, 1098], "annotations": [{"nertag": "B-PER"}]}, {"base_span": [1099, 1103], "annotations": [{"nertag": "I-PER"}]}, {"base_span": [1104, 1110], "annotations": [{"nertag": "B-PER"}]}, {"base_span": [1111, 1116], "annotations": [{"nertag": "I-PER"}]}, {"base_span": [1117, 1125], "annotations": [{"nertag": "O"}]}, {"base_span": [1126, 1132], "annotations": [{"nertag": "O"}]}, {"base_span": [1133, 1138], "annotations": [{"nertag": "O"}]}, {"base_span": [1139, 1143], "annotations": [{"nertag": "O"}]}, {"base_span": [1144, 1148], "annotations": [{"nertag": "O"}]}, {"base_span": [1149, 1150], "annotations": [{"nertag": "O"}]}, {"base_span": [1151, 1155], "annotations": [{"nertag": "O"}]}, {"base_span": [1156, 1158], "annotations": [{"nertag": "O"}]}, {"base_span": [1159, 1160], "annotations": [{"nertag": "O"}]}, {"base_span": [1160, 1161], "annotations": [{"nertag": "O"}]}, {"base_span": [1161, 1162], "annotations": [{"nertag": "O"}]}, {"base_span": [1163, 1166], "annotations": [{"nertag": "O"}]}, {"base_span": [1167, 1170], "annotations": [{"nertag": "O"}]}, {"base_span": [1171, 1174], "annotations": [{"nertag": "O"}]}, {"base_span": [1175, 1180], "annotations": [{"nertag": "O"}]}, {"base_span": [1181, 1185], "annotations": [{"nertag": "O"}]}, {"base_span": [1186, 1191], "annotations": [{"nertag": "O"}]}, {"base_span": [1192, 1197], "annotations": [{"nertag": "O"}]}, {"base_span": [1198, 1203], "annotations": [{"nertag": "O"}]}, {"base_span": [1205, 1208], "annotations": [{"nertag": "O"}]}, {"base_span": [1209, 1218], "annotations": [{"nertag": "O"}]}, {"base_span": [1219, 1224], "annotations": [{"nertag": "B-PER"}]}, {"base_span": [1225, 1233], "annotations": [{"nertag": "I-PER"}]}, {"base_span": [1234, 1237], "annotations": [{"nertag": "O"}]}, {"base_span": [1239, 1244], "annotations": [{"nertag": "B-PER"}]}, {"base_span": [1245, 1253], "annotations": [{"nertag": "I-PER"}]}, {"base_span": [1254, 1257], "annotations": [{"nertag": "O"}]}, {"base_span": [1259, 1263], "annotations": [{"nertag": "B-PER"}]}, {"base_span": [1264, 1268], "annotations": [{"nertag": "I-PER"}]}, {"base_span": [1269, 1272], "annotations": [{"nertag": "O"}]}]}]}