{"text": "\nMihkel Taal kaebas, et Jakob Ainus teda peksnud ja nõuab 100 rbla waluraha.\n\nJakob Ainus salgab löönud olewat, et aga Mihkel Taal teda mehe tapjaks ja kõiges muus sõimanud, tahtnud tema teda tarest wälja wisata, mis juures naine teda aga takistanud seda tegema.\n\nKusta Lipping tunnistas, et Taal Ainust mehe tapjaks ja kõiges muus olewat sõimanud; löönud ei olewat Jakob Ainus teda mitte.\n\nMõiste: Mihkel Taal ja Jakob Ainus maksawad kumbgi 1 rbla 8 päewa sees walla waeste laadiku trahwi ja ei ole neil kellgi tõine tõise käest muud nõudmist.\n\nMõiste sai kohtukäijatele T.S.R. järele a. 1860 §772-774 kuulutud ja ei olnud Jakob Ainus sellega rahul.\n\n\n", "meta": {"origin_directory": "vallakohus_kolmas/"}, "layers": [{"name": "gold_ner", "attributes": ["nertag"], "parent": null, "enveloping": null, "ambiguous": false, "serialisation_module": null, "meta": {}, "spans": [{"base_span": [1, 12], "annotations": [{"nertag": "PER"}]}, {"base_span": [24, 35], "annotations": [{"nertag": "PER"}]}, {"base_span": [78, 89], "annotations": [{"nertag": "PER"}]}, {"base_span": [119, 130], "annotations": [{"nertag": "PER"}]}, {"base_span": [264, 277], "annotations": [{"nertag": "PER"}]}, {"base_span": [292, 296], "annotations": [{"nertag": "PER"}]}, {"base_span": [297, 303], "annotations": [{"nertag": "PER"}]}, {"base_span": [366, 377], "annotations": [{"nertag": "PER"}]}, {"base_span": [399, 410], "annotations": [{"nertag": "PER"}]}, {"base_span": [414, 425], "annotations": [{"nertag": "PER"}]}, {"base_span": [572, 578], "annotations": [{"nertag": "MISC"}]}, {"base_span": [624, 635], "annotations": [{"nertag": "PER"}]}]}, {"name": "gold_wordner", "attributes": ["nertag"], "parent": null, "enveloping": null, "ambiguous": false, "serialisation_module": null, "meta": {}, "spans": [{"base_span": [1, 7], "annotations": [{"nertag": "B-PER"}]}, {"base_span": [8, 12], "annotations": [{"nertag": "I-PER"}]}, {"base_span": [13, 19], "annotations": [{"nertag": "O"}]}, {"base_span": [19, 20], "annotations": [{"nertag": "O"}]}, {"base_span": [21, 23], "annotations": [{"nertag": "O"}]}, {"base_span": [24, 29], "annotations": [{"nertag": "B-PER"}]}, {"base_span": [30, 35], "annotations": [{"nertag": "I-PER"}]}, {"base_span": [36, 40], "annotations": [{"nertag": "O"}]}, {"base_span": [41, 48], "annotations": [{"nertag": "O"}]}, {"base_span": [49, 51], "annotations": [{"nertag": "O"}]}, {"base_span": [52, 57], "annotations": [{"nertag": "O"}]}, {"base_span": [58, 61], "annotations": [{"nertag": "O"}]}, {"base_span": [62, 66], "annotations": [{"nertag": "O"}]}, {"base_span": [67, 75], "annotations": [{"nertag": "O"}]}, {"base_span": [75, 76], "annotations": [{"nertag": "O"}]}, {"base_span": [78, 83], "annotations": [{"nertag": "B-PER"}]}, {"base_span": [84, 89], "annotations": [{"nertag": "I-PER"}]}, {"base_span": [90, 96], "annotations": [{"nertag": "O"}]}, {"base_span": [97, 103], "annotations": [{"nertag": "O"}]}, {"base_span": [104, 110], "annotations": [{"nertag": "O"}]}, {"base_span": [110, 111], "annotations": [{"nertag": "O"}]}, {"base_span": [112, 114], "annotations": [{"nertag": "O"}]}, {"base_span": [115, 118], "annotations": [{"nertag": "O"}]}, {"base_span": [119, 125], "annotations": [{"nertag": "B-PER"}]}, {"base_span": [126, 130], "annotations": [{"nertag": "I-PER"}]}, {"base_span": [131, 135], "annotations": [{"nertag": "O"}]}, {"base_span": [136, 140], "annotations": [{"nertag": "O"}]}, {"base_span": [141, 148], "annotations": [{"nertag": "O"}]}, {"base_span": [149, 151], "annotations": [{"nertag": "O"}]}, {"base_span": [152, 158], "annotations": [{"nertag": "O"}]}, {"base_span": [159, 163], "annotations": [{"nertag": "O"}]}, {"base_span": [164, 172], "annotations": [{"nertag": "O"}]}, {"base_span": [172, 173], "annotations": [{"nertag": "O"}]}, {"base_span": [174, 181], "annotations": [{"nertag": "O"}]}, {"base_span": [182, 186], "annotations": [{"nertag": "O"}]}, {"base_span": [187, 191], "annotations": [{"nertag": "O"}]}, {"base_span": [192, 198], "annotations": [{"nertag": "O"}]}, {"base_span": [199, 204], "annotations": [{"nertag": "O"}]}, {"base_span": [205, 211], "annotations": [{"nertag": "O"}]}, {"base_span": [211, 212], "annotations": [{"nertag": "O"}]}, {"base_span": [213, 216], "annotations": [{"nertag": "O"}]}, {"base_span": [217, 223], "annotations": [{"nertag": "O"}]}, {"base_span": [224, 229], "annotations": [{"nertag": "O"}]}, {"base_span": [230, 234], "annotations": [{"nertag": "O"}]}, {"base_span": [235, 238], "annotations": [{"nertag": "O"}]}, {"base_span": [239, 249], "annotations": [{"nertag": "O"}]}, {"base_span": [250, 254], "annotations": [{"nertag": "O"}]}, {"base_span": [255, 261], "annotations": [{"nertag": "O"}]}, {"base_span": [261, 262], "annotations": [{"nertag": "O"}]}, {"base_span": [264, 269], "annotations": [{"nertag": "B-PER"}]}, {"base_span": [270, 277], "annotations": [{"nertag": "I-PER"}]}, {"base_span": [278, 287], "annotations": [{"nertag": "O"}]}, {"base_span": [287, 288], "annotations": [{"nertag": "O"}]}, {"base_span": [289, 291], "annotations": [{"nertag": "O"}]}, {"base_span": [292, 296], "annotations": [{"nertag": "B-PER"}]}, {"base_span": [297, 303], "annotations": [{"nertag": "B-PER"}]}, {"base_span": [304, 308], "annotations": [{"nertag": "O"}]}, {"base_span": [309, 316], "annotations": [{"nertag": "O"}]}, {"base_span": [317, 319], "annotations": [{"nertag": "O"}]}, {"base_span": [320, 326], "annotations": [{"nertag": "O"}]}, {"base_span": [327, 331], "annotations": [{"nertag": "O"}]}, {"base_span": [332, 338], "annotations": [{"nertag": "O"}]}, {"base_span": [339, 347], "annotations": [{"nertag": "O"}]}, {"base_span": [347, 348], "annotations": [{"nertag": "O"}]}, {"base_span": [349, 355], "annotations": [{"nertag": "O"}]}, {"base_span": [356, 358], "annotations": [{"nertag": "O"}]}, {"base_span": [359, 365], "annotations": [{"nertag": "O"}]}, {"base_span": [366, 371], "annotations": [{"nertag": "B-PER"}]}, {"base_span": [372, 377], "annotations": [{"nertag": "I-PER"}]}, {"base_span": [378, 382], "annotations": [{"nertag": "O"}]}, {"base_span": [383, 388], "annotations": [{"nertag": "O"}]}, {"base_span": [388, 389], "annotations": [{"nertag": "O"}]}, {"base_span": [391, 397], "annotations": [{"nertag": "O"}]}, {"base_span": [397, 398], "annotations": [{"nertag": "O"}]}, {"base_span": [399, 405], "annotations": [{"nertag": "B-PER"}]}, {"base_span": [406, 410], "annotations": [{"nertag": "I-PER"}]}, {"base_span": [411, 413], "annotations": [{"nertag": "O"}]}, {"base_span": [414, 419], "annotations": [{"nertag": "B-PER"}]}, {"base_span": [420, 425], "annotations": [{"nertag": "I-PER"}]}, {"base_span": [426, 434], "annotations": [{"nertag": "O"}]}, {"base_span": [435, 441], "annotations": [{"nertag": "O"}]}, {"base_span": [442, 443], "annotations": [{"nertag": "O"}]}, {"base_span": [444, 448], "annotations": [{"nertag": "O"}]}, {"base_span": [449, 450], "annotations": [{"nertag": "O"}]}, {"base_span": [451, 456], "annotations": [{"nertag": "O"}]}, {"base_span": [457, 461], "annotations": [{"nertag": "O"}]}, {"base_span": [462, 467], "annotations": [{"nertag": "O"}]}, {"base_span": [468, 474], "annotations": [{"nertag": "O"}]}, {"base_span": [475, 482], "annotations": [{"nertag": "O"}]}, {"base_span": [483, 489], "annotations": [{"nertag": "O"}]}, {"base_span": [490, 492], "annotations": [{"nertag": "O"}]}, {"base_span": [493, 495], "annotations": [{"nertag": "O"}]}, {"base_span": [496, 499], "annotations": [{"nertag": "O"}]}, {"base_span": [500, 504], "annotations": [{"nertag": "O"}]}, {"base_span": [505, 511], "annotations": [{"nertag": "O"}]}, {"base_span": [512, 517], "annotations": [{"nertag": "O"}]}, {"base_span": [518, 523], "annotations": [{"nertag": "O"}]}, {"base_span": [524, 529], "annotations": [{"nertag": "O"}]}, {"base_span": [530, 534], "annotations": [{"nertag": "O"}]}, {"base_span": [535, 543], "annotations": [{"nertag": "O"}]}, {"base_span": [543, 544], "annotations": [{"nertag": "O"}]}, {"base_span": [546, 552], "annotations": [{"nertag": "O"}]}, {"base_span": [553, 556], "annotations": [{"nertag": "O"}]}, {"base_span": [557, 571], "annotations": [{"nertag": "O"}]}, {"base_span": [572, 573], "annotations": [{"nertag": "B-MISC"}]}, {"base_span": [573, 574], "annotations": [{"nertag": "I-MISC"}]}, {"base_span": [574, 575], "annotations": [{"nertag": "I-MISC"}]}, {"base_span": [575, 576], "annotations": [{"nertag": "I-MISC"}]}, {"base_span": [576, 577], "annotations": [{"nertag": "I-MISC"}]}, {"base_span": [577, 578], "annotations": [{"nertag": "I-MISC"}]}, {"base_span": [579, 585], "annotations": [{"nertag": "O"}]}, {"base_span": [586, 587], "annotations": [{"nertag": "O"}]}, {"base_span": [587, 588], "annotations": [{"nertag": "O"}]}, {"base_span": [589, 593], "annotations": [{"nertag": "O"}]}, {"base_span": [594, 595], "annotations": [{"nertag": "O"}]}, {"base_span": [595, 598], "annotations": [{"nertag": "O"}]}, {"base_span": [598, 599], "annotations": [{"nertag": "O"}]}, {"base_span": [599, 602], "annotations": [{"nertag": "O"}]}, {"base_span": [603, 611], "annotations": [{"nertag": "O"}]}, {"base_span": [612, 614], "annotations": [{"nertag": "O"}]}, {"base_span": [615, 617], "annotations": [{"nertag": "O"}]}, {"base_span": [618, 623], "annotations": [{"nertag": "O"}]}, {"base_span": [624, 629], "annotations": [{"nertag": "B-PER"}]}, {"base_span": [630, 635], "annotations": [{"nertag": "I-PER"}]}, {"base_span": [636, 643], "annotations": [{"nertag": "O"}]}, {"base_span": [644, 649], "annotations": [{"nertag": "O"}]}, {"base_span": [649, 650], "annotations": [{"nertag": "O"}]}]}]}