{"text": "\nSel 31. Augustil c sulest 286 polele jänud asjus tulli tänna kohtu ette Ernst Bendt ja tunnistab, et temma olla sest tüdrukust puhhas\n\nJohann Paulus ütleb kohtu ees, et temma olla Lisa Aid juures käinud 2. aasta eest willakrasimise weski peal, agga temma polle tüdrukule selle eest keddagi andnud.\n\nLisa Aid ütleb, et temma ei olle sellega rahhul, et Johann Paulus ja Mettjer piddada sõbrust.\n\nErnst Pent ütleb, et Martsi kuul 1878. a. käinud Jakob Truuts ühhe tüdruku juures Allatskiwwi mõisas, agga kas se tüdruk nimmelt Lisa Aid olnud, ei tea temma, sest et temma sel korral wõeras olnud.\n\nLisa Aid nõuab, et Metjer sealt sammust uksest wälja tulleb kust temma peale selle panneb temma lapse kohtu ette põrrandale mahha\n\nKohhus Mõistis\n\nLisa Aid maksab waesteladiko 2. rubla trahwiks selle et lapse mahha panneb ja nõuab, et Mettjer temaga ühhest uksest wälja piddada minnema. Muu assi jääb tullewaks kohtupaewaks sellekorda\n\nA. Krimm [allkiri], pea\nxxx Maddis Erm, kohtumees\nxxx Tawet Kook, \"\n\nxxx Josep Maddi, \"\n\n\n", "meta": {"origin_directory": "vallakohus_teine/"}, "layers": [{"name": "gold_ner", "attributes": ["nertag"], "parent": null, "enveloping": null, "ambiguous": false, "serialisation_module": null, "meta": {}, "spans": [{"base_span": [73, 84], "annotations": [{"nertag": "PER"}]}, {"base_span": [136, 149], "annotations": [{"nertag": "PER"}]}, {"base_span": [181, 189], "annotations": [{"nertag": "PER"}]}, {"base_span": [300, 308], "annotations": [{"nertag": "PER"}]}, {"base_span": [352, 365], "annotations": [{"nertag": "PER"}]}, {"base_span": [369, 376], "annotations": [{"nertag": "PER"}]}, {"base_span": [395, 405], "annotations": [{"nertag": "PER"}]}, {"base_span": [444, 456], "annotations": [{"nertag": "PER"}]}, {"base_span": [477, 495], "annotations": [{"nertag": "LOC_ORG"}]}, {"base_span": [524, 532], "annotations": [{"nertag": "PER"}]}, {"base_span": [594, 602], "annotations": [{"nertag": "PER"}]}, {"base_span": [613, 619], "annotations": [{"nertag": "PER"}]}, {"base_span": [741, 749], "annotations": [{"nertag": "PER"}]}, {"base_span": [829, 836], "annotations": [{"nertag": "PER"}]}, {"base_span": [930, 938], "annotations": [{"nertag": "PER"}]}, {"base_span": [958, 968], "annotations": [{"nertag": "PER"}]}, {"base_span": [984, 994], "annotations": [{"nertag": "PER"}]}, {"base_span": [1003, 1014], "annotations": [{"nertag": "PER"}]}]}, {"name": "gold_wordner", "attributes": ["nertag"], "parent": null, "enveloping": null, "ambiguous": false, "serialisation_module": null, "meta": {}, "spans": [{"base_span": [1, 4], "annotations": [{"nertag": "O"}]}, {"base_span": [5, 8], "annotations": [{"nertag": "O"}]}, {"base_span": [9, 17], "annotations": [{"nertag": "O"}]}, {"base_span": [18, 19], "annotations": [{"nertag": "O"}]}, {"base_span": [20, 26], "annotations": [{"nertag": "O"}]}, {"base_span": [27, 30], "annotations": [{"nertag": "O"}]}, {"base_span": [31, 37], "annotations": [{"nertag": "O"}]}, {"base_span": [38, 43], "annotations": [{"nertag": "O"}]}, {"base_span": [44, 49], "annotations": [{"nertag": "O"}]}, {"base_span": [50, 55], "annotations": [{"nertag": "O"}]}, {"base_span": [56, 61], "annotations": [{"nertag": "O"}]}, {"base_span": [62, 67], "annotations": [{"nertag": "O"}]}, {"base_span": [68, 72], "annotations": [{"nertag": "O"}]}, {"base_span": [73, 78], "annotations": [{"nertag": "B-PER"}]}, {"base_span": [79, 84], "annotations": [{"nertag": "I-PER"}]}, {"base_span": [85, 87], "annotations": [{"nertag": "O"}]}, {"base_span": [88, 97], "annotations": [{"nertag": "O"}]}, {"base_span": [97, 98], "annotations": [{"nertag": "O"}]}, {"base_span": [99, 101], "annotations": [{"nertag": "O"}]}, {"base_span": [102, 107], "annotations": [{"nertag": "O"}]}, {"base_span": [108, 112], "annotations": [{"nertag": "O"}]}, {"base_span": [113, 117], "annotations": [{"nertag": "O"}]}, {"base_span": [118, 127], "annotations": [{"nertag": "O"}]}, {"base_span": [128, 134], "annotations": [{"nertag": "O"}]}, {"base_span": [136, 142], "annotations": [{"nertag": "B-PER"}]}, {"base_span": [143, 149], "annotations": [{"nertag": "I-PER"}]}, {"base_span": [150, 155], "annotations": [{"nertag": "O"}]}, {"base_span": [156, 161], "annotations": [{"nertag": "O"}]}, {"base_span": [162, 165], "annotations": [{"nertag": "O"}]}, {"base_span": [165, 166], "annotations": [{"nertag": "O"}]}, {"base_span": [167, 169], "annotations": [{"nertag": "O"}]}, {"base_span": [170, 175], "annotations": [{"nertag": "O"}]}, {"base_span": [176, 180], "annotations": [{"nertag": "O"}]}, {"base_span": [181, 185], "annotations": [{"nertag": "B-PER"}]}, {"base_span": [186, 189], "annotations": [{"nertag": "I-PER"}]}, {"base_span": [190, 196], "annotations": [{"nertag": "O"}]}, {"base_span": [197, 203], "annotations": [{"nertag": "O"}]}, {"base_span": [204, 206], "annotations": [{"nertag": "O"}]}, {"base_span": [207, 212], "annotations": [{"nertag": "O"}]}, {"base_span": [213, 217], "annotations": [{"nertag": "O"}]}, {"base_span": [218, 232], "annotations": [{"nertag": "O"}]}, {"base_span": [233, 238], "annotations": [{"nertag": "O"}]}, {"base_span": [239, 243], "annotations": [{"nertag": "O"}]}, {"base_span": [243, 244], "annotations": [{"nertag": "O"}]}, {"base_span": [245, 249], "annotations": [{"nertag": "O"}]}, {"base_span": [250, 255], "annotations": [{"nertag": "O"}]}, {"base_span": [256, 261], "annotations": [{"nertag": "O"}]}, {"base_span": [262, 271], "annotations": [{"nertag": "O"}]}, {"base_span": [272, 277], "annotations": [{"nertag": "O"}]}, {"base_span": [278, 282], "annotations": [{"nertag": "O"}]}, {"base_span": [283, 290], "annotations": [{"nertag": "O"}]}, {"base_span": [291, 297], "annotations": [{"nertag": "O"}]}, {"base_span": [297, 298], "annotations": [{"nertag": "O"}]}, {"base_span": [300, 304], "annotations": [{"nertag": "B-PER"}]}, {"base_span": [305, 308], "annotations": [{"nertag": "I-PER"}]}, {"base_span": [309, 314], "annotations": [{"nertag": "O"}]}, {"base_span": [314, 315], "annotations": [{"nertag": "O"}]}, {"base_span": [316, 318], "annotations": [{"nertag": "O"}]}, {"base_span": [319, 324], "annotations": [{"nertag": "O"}]}, {"base_span": [325, 327], "annotations": [{"nertag": "O"}]}, {"base_span": [328, 332], "annotations": [{"nertag": "O"}]}, {"base_span": [333, 340], "annotations": [{"nertag": "O"}]}, {"base_span": [341, 347], "annotations": [{"nertag": "O"}]}, {"base_span": [347, 348], "annotations": [{"nertag": "O"}]}, {"base_span": [349, 351], "annotations": [{"nertag": "O"}]}, {"base_span": [352, 358], "annotations": [{"nertag": "B-PER"}]}, {"base_span": [359, 365], "annotations": [{"nertag": "I-PER"}]}, {"base_span": [366, 368], "annotations": [{"nertag": "O"}]}, {"base_span": [369, 376], "annotations": [{"nertag": "B-PER"}]}, {"base_span": [377, 384], "annotations": [{"nertag": "O"}]}, {"base_span": [385, 392], "annotations": [{"nertag": "O"}]}, {"base_span": [392, 393], "annotations": [{"nertag": "O"}]}, {"base_span": [395, 400], "annotations": [{"nertag": "B-PER"}]}, {"base_span": [401, 405], "annotations": [{"nertag": "I-PER"}]}, {"base_span": [406, 411], "annotations": [{"nertag": "O"}]}, {"base_span": [411, 412], "annotations": [{"nertag": "O"}]}, {"base_span": [413, 415], "annotations": [{"nertag": "O"}]}, {"base_span": [416, 422], "annotations": [{"nertag": "O"}]}, {"base_span": [423, 427], "annotations": [{"nertag": "O"}]}, {"base_span": [428, 433], "annotations": [{"nertag": "O"}]}, {"base_span": [434, 435], "annotations": [{"nertag": "O"}]}, {"base_span": [435, 436], "annotations": [{"nertag": "O"}]}, {"base_span": [437, 443], "annotations": [{"nertag": "O"}]}, {"base_span": [444, 449], "annotations": [{"nertag": "B-PER"}]}, {"base_span": [450, 456], "annotations": [{"nertag": "I-PER"}]}, {"base_span": [457, 461], "annotations": [{"nertag": "O"}]}, {"base_span": [462, 469], "annotations": [{"nertag": "O"}]}, {"base_span": [470, 476], "annotations": [{"nertag": "O"}]}, {"base_span": [477, 488], "annotations": [{"nertag": "B-LOC_ORG"}]}, {"base_span": [489, 495], "annotations": [{"nertag": "I-LOC_ORG"}]}, {"base_span": [495, 496], "annotations": [{"nertag": "O"}]}, {"base_span": [497, 501], "annotations": [{"nertag": "O"}]}, {"base_span": [502, 505], "annotations": [{"nertag": "O"}]}, {"base_span": [506, 508], "annotations": [{"nertag": "O"}]}, {"base_span": [509, 515], "annotations": [{"nertag": "O"}]}, {"base_span": [516, 523], "annotations": [{"nertag": "O"}]}, {"base_span": [524, 528], "annotations": [{"nertag": "B-PER"}]}, {"base_span": [529, 532], "annotations": [{"nertag": "I-PER"}]}, {"base_span": [533, 538], "annotations": [{"nertag": "O"}]}, {"base_span": [538, 539], "annotations": [{"nertag": "O"}]}, {"base_span": [540, 542], "annotations": [{"nertag": "O"}]}, {"base_span": [543, 546], "annotations": [{"nertag": "O"}]}, {"base_span": [547, 552], "annotations": [{"nertag": "O"}]}, {"base_span": [552, 553], "annotations": [{"nertag": "O"}]}, {"base_span": [554, 558], "annotations": [{"nertag": "O"}]}, {"base_span": [559, 561], "annotations": [{"nertag": "O"}]}, {"base_span": [562, 567], "annotations": [{"nertag": "O"}]}, {"base_span": [568, 571], "annotations": [{"nertag": "O"}]}, {"base_span": [572, 578], "annotations": [{"nertag": "O"}]}, {"base_span": [579, 585], "annotations": [{"nertag": "O"}]}, {"base_span": [586, 591], "annotations": [{"nertag": "O"}]}, {"base_span": [591, 592], "annotations": [{"nertag": "O"}]}, {"base_span": [594, 598], "annotations": [{"nertag": "B-PER"}]}, {"base_span": [599, 602], "annotations": [{"nertag": "I-PER"}]}, {"base_span": [603, 608], "annotations": [{"nertag": "O"}]}, {"base_span": [608, 609], "annotations": [{"nertag": "O"}]}, {"base_span": [610, 612], "annotations": [{"nertag": "O"}]}, {"base_span": [613, 619], "annotations": [{"nertag": "B-PER"}]}, {"base_span": [620, 625], "annotations": [{"nertag": "O"}]}, {"base_span": [626, 633], "annotations": [{"nertag": "O"}]}, {"base_span": [634, 640], "annotations": [{"nertag": "O"}]}, {"base_span": [641, 646], "annotations": [{"nertag": "O"}]}, {"base_span": [647, 653], "annotations": [{"nertag": "O"}]}, {"base_span": [654, 658], "annotations": [{"nertag": "O"}]}, {"base_span": [659, 664], "annotations": [{"nertag": "O"}]}, {"base_span": [665, 670], "annotations": [{"nertag": "O"}]}, {"base_span": [671, 676], "annotations": [{"nertag": "O"}]}, {"base_span": [677, 683], "annotations": [{"nertag": "O"}]}, {"base_span": [684, 689], "annotations": [{"nertag": "O"}]}, {"base_span": [690, 695], "annotations": [{"nertag": "O"}]}, {"base_span": [696, 701], "annotations": [{"nertag": "O"}]}, {"base_span": [702, 706], "annotations": [{"nertag": "O"}]}, {"base_span": [707, 717], "annotations": [{"nertag": "O"}]}, {"base_span": [718, 723], "annotations": [{"nertag": "O"}]}, {"base_span": [725, 731], "annotations": [{"nertag": "O"}]}, {"base_span": [732, 739], "annotations": [{"nertag": "O"}]}, {"base_span": [741, 745], "annotations": [{"nertag": "B-PER"}]}, {"base_span": [746, 749], "annotations": [{"nertag": "I-PER"}]}, {"base_span": [750, 756], "annotations": [{"nertag": "O"}]}, {"base_span": [757, 769], "annotations": [{"nertag": "O"}]}, {"base_span": [770, 772], "annotations": [{"nertag": "O"}]}, {"base_span": [773, 778], "annotations": [{"nertag": "O"}]}, {"base_span": [779, 787], "annotations": [{"nertag": "O"}]}, {"base_span": [788, 793], "annotations": [{"nertag": "O"}]}, {"base_span": [794, 796], "annotations": [{"nertag": "O"}]}, {"base_span": [797, 802], "annotations": [{"nertag": "O"}]}, {"base_span": [803, 808], "annotations": [{"nertag": "O"}]}, {"base_span": [809, 815], "annotations": [{"nertag": "O"}]}, {"base_span": [816, 818], "annotations": [{"nertag": "O"}]}, {"base_span": [819, 824], "annotations": [{"nertag": "O"}]}, {"base_span": [824, 825], "annotations": [{"nertag": "O"}]}, {"base_span": [826, 828], "annotations": [{"nertag": "O"}]}, {"base_span": [829, 836], "annotations": [{"nertag": "B-PER"}]}, {"base_span": [837, 843], "annotations": [{"nertag": "O"}]}, {"base_span": [844, 850], "annotations": [{"nertag": "O"}]}, {"base_span": [851, 857], "annotations": [{"nertag": "O"}]}, {"base_span": [858, 863], "annotations": [{"nertag": "O"}]}, {"base_span": [864, 871], "annotations": [{"nertag": "O"}]}, {"base_span": [872, 879], "annotations": [{"nertag": "O"}]}, {"base_span": [879, 880], "annotations": [{"nertag": "O"}]}, {"base_span": [881, 884], "annotations": [{"nertag": "O"}]}, {"base_span": [885, 889], "annotations": [{"nertag": "O"}]}, {"base_span": [890, 894], "annotations": [{"nertag": "O"}]}, {"base_span": [895, 904], "annotations": [{"nertag": "O"}]}, {"base_span": [905, 917], "annotations": [{"nertag": "O"}]}, {"base_span": [918, 928], "annotations": [{"nertag": "O"}]}, {"base_span": [930, 931], "annotations": [{"nertag": "B-PER"}]}, {"base_span": [931, 932], "annotations": [{"nertag": "I-PER"}]}, {"base_span": [933, 938], "annotations": [{"nertag": "I-PER"}]}, {"base_span": [939, 940], "annotations": [{"nertag": "O"}]}, {"base_span": [940, 947], "annotations": [{"nertag": "O"}]}, {"base_span": [947, 948], "annotations": [{"nertag": "O"}]}, {"base_span": [948, 949], "annotations": [{"nertag": "O"}]}, {"base_span": [950, 953], "annotations": [{"nertag": "O"}]}, {"base_span": [954, 957], "annotations": [{"nertag": "O"}]}, {"base_span": [958, 964], "annotations": [{"nertag": "B-PER"}]}, {"base_span": [965, 968], "annotations": [{"nertag": "I-PER"}]}, {"base_span": [968, 969], "annotations": [{"nertag": "O"}]}, {"base_span": [970, 979], "annotations": [{"nertag": "O"}]}, {"base_span": [980, 983], "annotations": [{"nertag": "O"}]}, {"base_span": [984, 989], "annotations": [{"nertag": "B-PER"}]}, {"base_span": [990, 994], "annotations": [{"nertag": "I-PER"}]}, {"base_span": [994, 995], "annotations": [{"nertag": "O"}]}, {"base_span": [996, 997], "annotations": [{"nertag": "O"}]}, {"base_span": [999, 1002], "annotations": [{"nertag": "O"}]}, {"base_span": [1003, 1008], "annotations": [{"nertag": "B-PER"}]}, {"base_span": [1009, 1014], "annotations": [{"nertag": "I-PER"}]}, {"base_span": [1014, 1015], "annotations": [{"nertag": "O"}]}, {"base_span": [1016, 1017], "annotations": [{"nertag": "O"}]}]}]}