{"text": "\nTuli ette Kadri Jallak Josepi lesk Maetsma külast oma vöölmöndritega Karel Habakuk ja Mart Kask ning ärasurnud Josep Jallaka vanemad pojad Mihkel Jallak Josepi p ja Andres Jallak Josepi poeg ja palusid Wallakohut nende pärantuse leppingud mis nemad enda vahel tehnud kohtu protokolli üles kirjutada ja kinnitada.\n\nKadund Josep Jallakas on neli parijad järele jänud lesk naine ja kolm poeg, Mihkel 26 Aastad. Andres 24 Aastad ja Karl 16 Aastad vana. ja on nemad liikuvavara pärimise pärast isi keskis nenda viisi kokkuleppinud, et teine poeg Andres Jalak sellest omale ükssadda kakskümmend seitse rubla jaggu saab mis temal jubba käes on ja ei ole temal enam liikuvast varantusest jaggu saada, liikumatta warantuse küllest saab omale Andres Jaggu üks tükk maad Aruvälja silla otsast ühe kraavist sadik ning se heinam mis seal külles ja tükk karja maad kunni kronometsa piireni, Andres Jallak maksab selle maatükki eest talu renti külge igga Aasta wiis (5) rubla ja ei ole temal siis ei mingid muud maksu talukülge maksa ja ei tee ka teeteggu, kolm jaggu liikuvast varantusest jäeb agga ühte. se on Ema Kadri Jalaka ja wanema poja Mihkli ja keige noorema poja Karli jaggu; Andres peab omale kuwe Aasta joksul maja oma krunti peale ehitama ja siis sinna elama minema. senni elab tema talu majas, se on kunni 1909 ükstuhat üheksasadda üheksa Aastani, ja aitab vanem vend Mihkel Andresele ehituse materiali weddada.\n\nEma. Kadri Jalak (Allkiri)\n\npoeg. Mihkel Jalak (Allkiri)\n\npoeg. Andres Jalak (Allkiri)\n\nwöölmönder Kaarel Habakuk (Allkiri)\n\nWöolmonder Mart Kask (Allkiri)\n\n1903 Aastal Novembrikuu 15 pääval on se eesseisav suusana parantuse lepping Awinorme Wallakohtule Awinorme Wallamajas kohtu protokolli üleskirjutamiseks ja kinnitamiseks ette kantud Awwinorme Wallas ja Maetsma külas elawatte Kadri Jallak Josepi lese, tema poegade Mihkel ja Andres Jallakatte nind nend Wöölmöndrite Karel Habakukke ja Mart Kase poolt: pärantuse jaggamise pärast ja on need eespool pärantuse leppingu tegijad walla kohtole tuntud ja teatud ja nemad õiguse wõimelised enda vahel leppinguid teha mis pärast nende lepping on tänasel pääval kohtu akti ramatuse N 23 üleskirjutud ja kohtu poolest kinnitud sanud. ja saab kohtu poolest tõeks tunnistud et need leppingu teggijad on omad nimed igga üks oma käega alla kirjutanud.\n\nM. Kull. (Allkiri)\n\nT Kiik (Allkiri)\n\nJ Tooming (Allkiri)\n\nKirjutaja Schulbach (Allkiri) \n\n\n", "meta": {"origin_directory": "vallakohus_teine/"}, "layers": [{"name": "gold_ner", "attributes": ["nertag"], "parent": null, "enveloping": null, "ambiguous": false, "serialisation_module": null, "meta": {}, "spans": [{"base_span": [11, 23], "annotations": [{"nertag": "PER"}]}, {"base_span": [24, 30], "annotations": [{"nertag": "PER"}]}, {"base_span": [36, 50], "annotations": [{"nertag": "LOC_ORG"}]}, {"base_span": [70, 83], "annotations": [{"nertag": "PER"}]}, {"base_span": [87, 96], "annotations": [{"nertag": "PER"}]}, {"base_span": [112, 125], "annotations": [{"nertag": "PER"}]}, {"base_span": [140, 153], "annotations": [{"nertag": "PER"}]}, {"base_span": [154, 160], "annotations": [{"nertag": "PER"}]}, {"base_span": [166, 179], "annotations": [{"nertag": "PER"}]}, {"base_span": [180, 186], "annotations": [{"nertag": "PER"}]}, {"base_span": [322, 336], "annotations": [{"nertag": "PER"}]}, {"base_span": [391, 397], "annotations": [{"nertag": "PER"}]}, {"base_span": [409, 415], "annotations": [{"nertag": "PER"}]}, {"base_span": [429, 433], "annotations": [{"nertag": "PER"}]}, {"base_span": [542, 554], "annotations": [{"nertag": "PER"}]}, {"base_span": [734, 746], "annotations": [{"nertag": "PER"}]}, {"base_span": [761, 775], "annotations": [{"nertag": "LOC"}]}, {"base_span": [878, 891], "annotations": [{"nertag": "PER"}]}, {"base_span": [1102, 1114], "annotations": [{"nertag": "PER"}]}, {"base_span": [1130, 1136], "annotations": [{"nertag": "PER"}]}, {"base_span": [1159, 1164], "annotations": [{"nertag": "PER"}]}, {"base_span": [1172, 1178], "annotations": [{"nertag": "PER"}]}, {"base_span": [1368, 1374], "annotations": [{"nertag": "PER"}]}, {"base_span": [1375, 1384], "annotations": [{"nertag": "PER"}]}, {"base_span": [1418, 1429], "annotations": [{"nertag": "PER"}]}, {"base_span": [1447, 1459], "annotations": [{"nertag": "PER"}]}, {"base_span": [1477, 1489], "annotations": [{"nertag": "PER"}]}, {"base_span": [1512, 1526], "annotations": [{"nertag": "PER"}]}, {"base_span": [1549, 1558], "annotations": [{"nertag": "PER"}]}, {"base_span": [1646, 1667], "annotations": [{"nertag": "ORG"}]}, {"base_span": [1668, 1687], "annotations": [{"nertag": "LOC"}]}, {"base_span": [1752, 1768], "annotations": [{"nertag": "LOC_ORG"}]}, {"base_span": [1772, 1785], "annotations": [{"nertag": "LOC_ORG"}]}, {"base_span": [1795, 1807], "annotations": [{"nertag": "PER"}]}, {"base_span": [1808, 1814], "annotations": [{"nertag": "PER"}]}, {"base_span": [1834, 1840], "annotations": [{"nertag": "PER"}]}, {"base_span": [1844, 1861], "annotations": [{"nertag": "PER"}]}, {"base_span": [1885, 1900], "annotations": [{"nertag": "PER"}]}, {"base_span": [1904, 1913], "annotations": [{"nertag": "PER"}]}, {"base_span": [2308, 2315], "annotations": [{"nertag": "PER"}]}, {"base_span": [2328, 2334], "annotations": [{"nertag": "PER"}]}, {"base_span": [2346, 2355], "annotations": [{"nertag": "PER"}]}, {"base_span": [2377, 2386], "annotations": [{"nertag": "PER"}]}]}, {"name": "gold_wordner", "attributes": ["nertag"], "parent": null, "enveloping": null, "ambiguous": false, "serialisation_module": null, "meta": {}, "spans": [{"base_span": [1, 5], "annotations": [{"nertag": "O"}]}, {"base_span": [6, 10], "annotations": [{"nertag": "O"}]}, {"base_span": [11, 16], "annotations": [{"nertag": "B-PER"}]}, {"base_span": [17, 23], "annotations": [{"nertag": "I-PER"}]}, {"base_span": [24, 30], "annotations": [{"nertag": "B-PER"}]}, {"base_span": [31, 35], "annotations": [{"nertag": "O"}]}, {"base_span": [36, 43], "annotations": [{"nertag": "B-LOC_ORG"}]}, {"base_span": [44, 50], "annotations": [{"nertag": "I-LOC_ORG"}]}, {"base_span": [51, 54], "annotations": [{"nertag": "O"}]}, {"base_span": [55, 69], "annotations": [{"nertag": "O"}]}, {"base_span": [70, 75], "annotations": [{"nertag": "B-PER"}]}, {"base_span": [76, 83], "annotations": [{"nertag": "I-PER"}]}, {"base_span": [84, 86], "annotations": [{"nertag": "O"}]}, {"base_span": [87, 91], "annotations": [{"nertag": "B-PER"}]}, {"base_span": [92, 96], "annotations": [{"nertag": "I-PER"}]}, {"base_span": [97, 101], "annotations": [{"nertag": "O"}]}, {"base_span": [102, 111], "annotations": [{"nertag": "O"}]}, {"base_span": [112, 117], "annotations": [{"nertag": "B-PER"}]}, {"base_span": [118, 125], "annotations": [{"nertag": "I-PER"}]}, {"base_span": [126, 133], "annotations": [{"nertag": "O"}]}, {"base_span": [134, 139], "annotations": [{"nertag": "O"}]}, {"base_span": [140, 146], "annotations": [{"nertag": "B-PER"}]}, {"base_span": [147, 153], "annotations": [{"nertag": "I-PER"}]}, {"base_span": [154, 160], "annotations": [{"nertag": "B-PER"}]}, {"base_span": [161, 162], "annotations": [{"nertag": "O"}]}, {"base_span": [163, 165], "annotations": [{"nertag": "O"}]}, {"base_span": [166, 172], "annotations": [{"nertag": "B-PER"}]}, {"base_span": [173, 179], "annotations": [{"nertag": "I-PER"}]}, {"base_span": [180, 186], "annotations": [{"nertag": "B-PER"}]}, {"base_span": [187, 191], "annotations": [{"nertag": "O"}]}, {"base_span": [192, 194], "annotations": [{"nertag": "O"}]}, {"base_span": [195, 202], "annotations": [{"nertag": "O"}]}, {"base_span": [203, 213], "annotations": [{"nertag": "O"}]}, {"base_span": [214, 219], "annotations": [{"nertag": "O"}]}, {"base_span": [220, 229], "annotations": [{"nertag": "O"}]}, {"base_span": [230, 239], "annotations": [{"nertag": "O"}]}, {"base_span": [240, 243], "annotations": [{"nertag": "O"}]}, {"base_span": [244, 249], "annotations": [{"nertag": "O"}]}, {"base_span": [250, 254], "annotations": [{"nertag": "O"}]}, {"base_span": [255, 260], "annotations": [{"nertag": "O"}]}, {"base_span": [261, 267], "annotations": [{"nertag": "O"}]}, {"base_span": [268, 273], "annotations": [{"nertag": "O"}]}, {"base_span": [274, 284], "annotations": [{"nertag": "O"}]}, {"base_span": [285, 289], "annotations": [{"nertag": "O"}]}, {"base_span": [290, 299], "annotations": [{"nertag": "O"}]}, {"base_span": [300, 302], "annotations": [{"nertag": "O"}]}, {"base_span": [303, 312], "annotations": [{"nertag": "O"}]}, {"base_span": [312, 313], "annotations": [{"nertag": "O"}]}, {"base_span": [315, 321], "annotations": [{"nertag": "O"}]}, {"base_span": [322, 327], "annotations": [{"nertag": "B-PER"}]}, {"base_span": [328, 336], "annotations": [{"nertag": "I-PER"}]}, {"base_span": [337, 339], "annotations": [{"nertag": "O"}]}, {"base_span": [340, 344], "annotations": [{"nertag": "O"}]}, {"base_span": [345, 352], "annotations": [{"nertag": "O"}]}, {"base_span": [353, 359], "annotations": [{"nertag": "O"}]}, {"base_span": [360, 365], "annotations": [{"nertag": "O"}]}, {"base_span": [366, 370], "annotations": [{"nertag": "O"}]}, {"base_span": [371, 376], "annotations": [{"nertag": "O"}]}, {"base_span": [377, 379], "annotations": [{"nertag": "O"}]}, {"base_span": [380, 384], "annotations": [{"nertag": "O"}]}, {"base_span": [385, 389], "annotations": [{"nertag": "O"}]}, {"base_span": [389, 390], "annotations": [{"nertag": "O"}]}, {"base_span": [391, 397], "annotations": [{"nertag": "B-PER"}]}, {"base_span": [398, 400], "annotations": [{"nertag": "O"}]}, {"base_span": [401, 407], "annotations": [{"nertag": "O"}]}, {"base_span": [407, 408], "annotations": [{"nertag": "O"}]}, {"base_span": [409, 415], "annotations": [{"nertag": "B-PER"}]}, {"base_span": [416, 418], "annotations": [{"nertag": "O"}]}, {"base_span": [419, 425], "annotations": [{"nertag": "O"}]}, {"base_span": [426, 428], "annotations": [{"nertag": "O"}]}, {"base_span": [429, 433], "annotations": [{"nertag": "B-PER"}]}, {"base_span": [434, 436], "annotations": [{"nertag": "O"}]}, {"base_span": [437, 443], "annotations": [{"nertag": "O"}]}, {"base_span": [444, 448], "annotations": [{"nertag": "O"}]}, {"base_span": [448, 449], "annotations": [{"nertag": "O"}]}, {"base_span": [450, 452], "annotations": [{"nertag": "O"}]}, {"base_span": [453, 455], "annotations": [{"nertag": "O"}]}, {"base_span": [456, 461], "annotations": [{"nertag": "O"}]}, {"base_span": [462, 473], "annotations": [{"nertag": "O"}]}, {"base_span": [474, 482], "annotations": [{"nertag": "O"}]}, {"base_span": [483, 489], "annotations": [{"nertag": "O"}]}, {"base_span": [490, 493], "annotations": [{"nertag": "O"}]}, {"base_span": [494, 500], "annotations": [{"nertag": "O"}]}, {"base_span": [501, 506], "annotations": [{"nertag": "O"}]}, {"base_span": [507, 512], "annotations": [{"nertag": "O"}]}, {"base_span": [513, 526], "annotations": [{"nertag": "O"}]}, {"base_span": [526, 527], "annotations": [{"nertag": "O"}]}, {"base_span": [528, 530], "annotations": [{"nertag": "O"}]}, {"base_span": [531, 536], "annotations": [{"nertag": "O"}]}, {"base_span": [537, 541], "annotations": [{"nertag": "O"}]}, {"base_span": [542, 548], "annotations": [{"nertag": "B-PER"}]}, {"base_span": [549, 554], "annotations": [{"nertag": "I-PER"}]}, {"base_span": [555, 562], "annotations": [{"nertag": "O"}]}, {"base_span": [563, 568], "annotations": [{"nertag": "O"}]}, {"base_span": [569, 577], "annotations": [{"nertag": "O"}]}, {"base_span": [578, 589], "annotations": [{"nertag": "O"}]}, {"base_span": [590, 596], "annotations": [{"nertag": "O"}]}, {"base_span": [597, 602], "annotations": [{"nertag": "O"}]}, {"base_span": [603, 608], "annotations": [{"nertag": "O"}]}, {"base_span": [609, 613], "annotations": [{"nertag": "O"}]}, {"base_span": [614, 617], "annotations": [{"nertag": "O"}]}, {"base_span": [618, 623], "annotations": [{"nertag": "O"}]}, {"base_span": [624, 629], "annotations": [{"nertag": "O"}]}, {"base_span": [630, 634], "annotations": [{"nertag": "O"}]}, {"base_span": [635, 637], "annotations": [{"nertag": "O"}]}, {"base_span": [638, 640], "annotations": [{"nertag": "O"}]}, {"base_span": [641, 643], "annotations": [{"nertag": "O"}]}, {"base_span": [644, 647], "annotations": [{"nertag": "O"}]}, {"base_span": [648, 653], "annotations": [{"nertag": "O"}]}, {"base_span": [654, 658], "annotations": [{"nertag": "O"}]}, {"base_span": [659, 668], "annotations": [{"nertag": "O"}]}, {"base_span": [669, 680], "annotations": [{"nertag": "O"}]}, {"base_span": [681, 686], "annotations": [{"nertag": "O"}]}, {"base_span": [687, 692], "annotations": [{"nertag": "O"}]}, {"base_span": [692, 693], "annotations": [{"nertag": "O"}]}, {"base_span": [694, 704], "annotations": [{"nertag": "O"}]}, {"base_span": [705, 714], "annotations": [{"nertag": "O"}]}, {"base_span": [715, 722], "annotations": [{"nertag": "O"}]}, {"base_span": [723, 727], "annotations": [{"nertag": "O"}]}, {"base_span": [728, 733], "annotations": [{"nertag": "O"}]}, {"base_span": [734, 740], "annotations": [{"nertag": "B-PER"}]}, {"base_span": [741, 746], "annotations": [{"nertag": "I-PER"}]}, {"base_span": [747, 750], "annotations": [{"nertag": "O"}]}, {"base_span": [751, 755], "annotations": [{"nertag": "O"}]}, {"base_span": [756, 760], "annotations": [{"nertag": "O"}]}, {"base_span": [761, 769], "annotations": [{"nertag": "B-LOC"}]}, {"base_span": [770, 775], "annotations": [{"nertag": "I-LOC"}]}, {"base_span": [776, 782], "annotations": [{"nertag": "O"}]}, {"base_span": [783, 786], "annotations": [{"nertag": "O"}]}, {"base_span": [787, 795], "annotations": [{"nertag": "O"}]}, {"base_span": [796, 801], "annotations": [{"nertag": "O"}]}, {"base_span": [802, 806], "annotations": [{"nertag": "O"}]}, {"base_span": [807, 809], "annotations": [{"nertag": "O"}]}, {"base_span": [810, 816], "annotations": [{"nertag": "O"}]}, {"base_span": [817, 820], "annotations": [{"nertag": "O"}]}, {"base_span": [821, 825], "annotations": [{"nertag": "O"}]}, {"base_span": [826, 832], "annotations": [{"nertag": "O"}]}, {"base_span": [833, 835], "annotations": [{"nertag": "O"}]}, {"base_span": [836, 840], "annotations": [{"nertag": "O"}]}, {"base_span": [841, 846], "annotations": [{"nertag": "O"}]}, {"base_span": [847, 851], "annotations": [{"nertag": "O"}]}, {"base_span": [852, 857], "annotations": [{"nertag": "O"}]}, {"base_span": [858, 868], "annotations": [{"nertag": "O"}]}, {"base_span": [869, 876], "annotations": [{"nertag": "O"}]}, {"base_span": [876, 877], "annotations": [{"nertag": "O"}]}, {"base_span": [878, 884], "annotations": [{"nertag": "B-PER"}]}, {"base_span": [885, 891], "annotations": [{"nertag": "I-PER"}]}, {"base_span": [892, 898], "annotations": [{"nertag": "O"}]}, {"base_span": [899, 904], "annotations": [{"nertag": "O"}]}, {"base_span": [905, 913], "annotations": [{"nertag": "O"}]}, {"base_span": [914, 918], "annotations": [{"nertag": "O"}]}, {"base_span": [919, 923], "annotations": [{"nertag": "O"}]}, {"base_span": [924, 929], "annotations": [{"nertag": "O"}]}, {"base_span": [930, 935], "annotations": [{"nertag": "O"}]}, {"base_span": [936, 940], "annotations": [{"nertag": "O"}]}, {"base_span": [941, 946], "annotations": [{"nertag": "O"}]}, {"base_span": [947, 951], "annotations": [{"nertag": "O"}]}, {"base_span": [952, 953], "annotations": [{"nertag": "O"}]}, {"base_span": [953, 954], "annotations": [{"nertag": "O"}]}, {"base_span": [954, 955], "annotations": [{"nertag": "O"}]}, {"base_span": [956, 961], "annotations": [{"nertag": "O"}]}, {"base_span": [962, 964], "annotations": [{"nertag": "O"}]}, {"base_span": [965, 967], "annotations": [{"nertag": "O"}]}, {"base_span": [968, 971], "annotations": [{"nertag": "O"}]}, {"base_span": [972, 977], "annotations": [{"nertag": "O"}]}, {"base_span": [978, 982], "annotations": [{"nertag": "O"}]}, {"base_span": [983, 985], "annotations": [{"nertag": "O"}]}, {"base_span": [986, 992], "annotations": [{"nertag": "O"}]}, {"base_span": [993, 997], "annotations": [{"nertag": "O"}]}, {"base_span": [998, 1003], "annotations": [{"nertag": "O"}]}, {"base_span": [1004, 1013], "annotations": [{"nertag": "O"}]}, {"base_span": [1014, 1019], "annotations": [{"nertag": "O"}]}, {"base_span": [1020, 1022], "annotations": [{"nertag": "O"}]}, {"base_span": [1023, 1025], "annotations": [{"nertag": "O"}]}, {"base_span": [1026, 1029], "annotations": [{"nertag": "O"}]}, {"base_span": [1030, 1032], "annotations": [{"nertag": "O"}]}, {"base_span": [1033, 1041], "annotations": [{"nertag": "O"}]}, {"base_span": [1041, 1042], "annotations": [{"nertag": "O"}]}, {"base_span": [1043, 1047], "annotations": [{"nertag": "O"}]}, {"base_span": [1048, 1053], "annotations": [{"nertag": "O"}]}, {"base_span": [1054, 1063], "annotations": [{"nertag": "O"}]}, {"base_span": [1064, 1075], "annotations": [{"nertag": "O"}]}, {"base_span": [1076, 1080], "annotations": [{"nertag": "O"}]}, {"base_span": [1081, 1085], "annotations": [{"nertag": "O"}]}, {"base_span": [1086, 1090], "annotations": [{"nertag": "O"}]}, {"base_span": [1090, 1091], "annotations": [{"nertag": "O"}]}, {"base_span": [1092, 1094], "annotations": [{"nertag": "O"}]}, {"base_span": [1095, 1097], "annotations": [{"nertag": "O"}]}, {"base_span": [1098, 1101], "annotations": [{"nertag": "O"}]}, {"base_span": [1102, 1107], "annotations": [{"nertag": "B-PER"}]}, {"base_span": [1108, 1114], "annotations": [{"nertag": "I-PER"}]}, {"base_span": [1115, 1117], "annotations": [{"nertag": "O"}]}, {"base_span": [1118, 1124], "annotations": [{"nertag": "O"}]}, {"base_span": [1125, 1129], "annotations": [{"nertag": "O"}]}, {"base_span": [1130, 1136], "annotations": [{"nertag": "B-PER"}]}, {"base_span": [1137, 1139], "annotations": [{"nertag": "O"}]}, {"base_span": [1140, 1145], "annotations": [{"nertag": "O"}]}, {"base_span": [1146, 1153], "annotations": [{"nertag": "O"}]}, {"base_span": [1154, 1158], "annotations": [{"nertag": "O"}]}, {"base_span": [1159, 1164], "annotations": [{"nertag": "B-PER"}]}, {"base_span": [1165, 1170], "annotations": [{"nertag": "O"}]}, {"base_span": [1170, 1171], "annotations": [{"nertag": "O"}]}, {"base_span": [1172, 1178], "annotations": [{"nertag": "B-PER"}]}, {"base_span": [1179, 1183], "annotations": [{"nertag": "O"}]}, {"base_span": [1184, 1189], "annotations": [{"nertag": "O"}]}, {"base_span": [1190, 1194], "annotations": [{"nertag": "O"}]}, {"base_span": [1195, 1200], "annotations": [{"nertag": "O"}]}, {"base_span": [1201, 1207], "annotations": [{"nertag": "O"}]}, {"base_span": [1208, 1212], "annotations": [{"nertag": "O"}]}, {"base_span": [1213, 1216], "annotations": [{"nertag": "O"}]}, {"base_span": [1217, 1223], "annotations": [{"nertag": "O"}]}, {"base_span": [1224, 1229], "annotations": [{"nertag": "O"}]}, {"base_span": [1230, 1237], "annotations": [{"nertag": "O"}]}, {"base_span": [1238, 1240], "annotations": [{"nertag": "O"}]}, {"base_span": [1241, 1245], "annotations": [{"nertag": "O"}]}, {"base_span": [1246, 1251], "annotations": [{"nertag": "O"}]}, {"base_span": [1252, 1257], "annotations": [{"nertag": "O"}]}, {"base_span": [1258, 1264], "annotations": [{"nertag": "O"}]}, {"base_span": [1264, 1265], "annotations": [{"nertag": "O"}]}, {"base_span": [1266, 1271], "annotations": [{"nertag": "O"}]}, {"base_span": [1272, 1276], "annotations": [{"nertag": "O"}]}, {"base_span": [1277, 1281], "annotations": [{"nertag": "O"}]}, {"base_span": [1282, 1286], "annotations": [{"nertag": "O"}]}, {"base_span": [1287, 1292], "annotations": [{"nertag": "O"}]}, {"base_span": [1292, 1293], "annotations": [{"nertag": "O"}]}, {"base_span": [1294, 1296], "annotations": [{"nertag": "O"}]}, {"base_span": [1297, 1299], "annotations": [{"nertag": "O"}]}, {"base_span": [1300, 1305], "annotations": [{"nertag": "O"}]}, {"base_span": [1306, 1310], "annotations": [{"nertag": "O"}]}, {"base_span": [1311, 1319], "annotations": [{"nertag": "O"}]}, {"base_span": [1320, 1331], "annotations": [{"nertag": "O"}]}, {"base_span": [1332, 1338], "annotations": [{"nertag": "O"}]}, {"base_span": [1339, 1346], "annotations": [{"nertag": "O"}]}, {"base_span": [1346, 1347], "annotations": [{"nertag": "O"}]}, {"base_span": [1348, 1350], "annotations": [{"nertag": "O"}]}, {"base_span": [1351, 1356], "annotations": [{"nertag": "O"}]}, {"base_span": [1357, 1362], "annotations": [{"nertag": "O"}]}, {"base_span": [1363, 1367], "annotations": [{"nertag": "O"}]}, {"base_span": [1368, 1374], "annotations": [{"nertag": "B-PER"}]}, {"base_span": [1375, 1384], "annotations": [{"nertag": "B-PER"}]}, {"base_span": [1385, 1392], "annotations": [{"nertag": "O"}]}, {"base_span": [1393, 1402], "annotations": [{"nertag": "O"}]}, {"base_span": [1403, 1410], "annotations": [{"nertag": "O"}]}, {"base_span": [1410, 1411], "annotations": [{"nertag": "O"}]}, {"base_span": [1413, 1416], "annotations": [{"nertag": "O"}]}, {"base_span": [1416, 1417], "annotations": [{"nertag": "O"}]}, {"base_span": [1418, 1423], "annotations": [{"nertag": "B-PER"}]}, {"base_span": [1424, 1429], "annotations": [{"nertag": "I-PER"}]}, {"base_span": [1430, 1431], "annotations": [{"nertag": "O"}]}, {"base_span": [1431, 1438], "annotations": [{"nertag": "O"}]}, {"base_span": [1438, 1439], "annotations": [{"nertag": "O"}]}, {"base_span": [1441, 1445], "annotations": [{"nertag": "O"}]}, {"base_span": [1445, 1446], "annotations": [{"nertag": "O"}]}, {"base_span": [1447, 1453], "annotations": [{"nertag": "B-PER"}]}, {"base_span": [1454, 1459], "annotations": [{"nertag": "I-PER"}]}, {"base_span": [1460, 1461], "annotations": [{"nertag": "O"}]}, {"base_span": [1461, 1468], "annotations": [{"nertag": "O"}]}, {"base_span": [1468, 1469], "annotations": [{"nertag": "O"}]}, {"base_span": [1471, 1475], "annotations": [{"nertag": "O"}]}, {"base_span": [1475, 1476], "annotations": [{"nertag": "O"}]}, {"base_span": [1477, 1483], "annotations": [{"nertag": "B-PER"}]}, {"base_span": [1484, 1489], "annotations": [{"nertag": "I-PER"}]}, {"base_span": [1490, 1491], "annotations": [{"nertag": "O"}]}, {"base_span": [1491, 1498], "annotations": [{"nertag": "O"}]}, {"base_span": [1498, 1499], "annotations": [{"nertag": "O"}]}, {"base_span": [1501, 1511], "annotations": [{"nertag": "O"}]}, {"base_span": [1512, 1518], "annotations": [{"nertag": "B-PER"}]}, {"base_span": [1519, 1526], "annotations": [{"nertag": "I-PER"}]}, {"base_span": [1527, 1528], "annotations": [{"nertag": "O"}]}, {"base_span": [1528, 1535], "annotations": [{"nertag": "O"}]}, {"base_span": [1535, 1536], "annotations": [{"nertag": "O"}]}, {"base_span": [1538, 1548], "annotations": [{"nertag": "O"}]}, {"base_span": [1549, 1553], "annotations": [{"nertag": "B-PER"}]}, {"base_span": [1554, 1558], "annotations": [{"nertag": "I-PER"}]}, {"base_span": [1559, 1560], "annotations": [{"nertag": "O"}]}, {"base_span": [1560, 1567], "annotations": [{"nertag": "O"}]}, {"base_span": [1567, 1568], "annotations": [{"nertag": "O"}]}, {"base_span": [1570, 1574], "annotations": [{"nertag": "O"}]}, {"base_span": [1575, 1581], "annotations": [{"nertag": "O"}]}, {"base_span": [1582, 1593], "annotations": [{"nertag": "O"}]}, {"base_span": [1594, 1596], "annotations": [{"nertag": "O"}]}, {"base_span": [1597, 1603], "annotations": [{"nertag": "O"}]}, {"base_span": [1604, 1606], "annotations": [{"nertag": "O"}]}, {"base_span": [1607, 1609], "annotations": [{"nertag": "O"}]}, {"base_span": [1610, 1619], "annotations": [{"nertag": "O"}]}, {"base_span": [1620, 1627], "annotations": [{"nertag": "O"}]}, {"base_span": [1628, 1637], "annotations": [{"nertag": "O"}]}, {"base_span": [1638, 1645], "annotations": [{"nertag": "O"}]}, {"base_span": [1646, 1654], "annotations": [{"nertag": "B-ORG"}]}, {"base_span": [1655, 1667], "annotations": [{"nertag": "I-ORG"}]}, {"base_span": [1668, 1676], "annotations": [{"nertag": "B-LOC"}]}, {"base_span": [1677, 1687], "annotations": [{"nertag": "I-LOC"}]}, {"base_span": [1688, 1693], "annotations": [{"nertag": "O"}]}, {"base_span": [1694, 1704], "annotations": [{"nertag": "O"}]}, {"base_span": [1705, 1722], "annotations": [{"nertag": "O"}]}, {"base_span": [1723, 1725], "annotations": [{"nertag": "O"}]}, {"base_span": [1726, 1739], "annotations": [{"nertag": "O"}]}, {"base_span": [1740, 1744], "annotations": [{"nertag": "O"}]}, {"base_span": [1745, 1751], "annotations": [{"nertag": "O"}]}, {"base_span": [1752, 1761], "annotations": [{"nertag": "B-LOC_ORG"}]}, {"base_span": [1762, 1768], "annotations": [{"nertag": "I-LOC_ORG"}]}, {"base_span": [1769, 1771], "annotations": [{"nertag": "O"}]}, {"base_span": [1772, 1779], "annotations": [{"nertag": "B-LOC_ORG"}]}, {"base_span": [1780, 1785], "annotations": [{"nertag": "I-LOC_ORG"}]}, {"base_span": [1786, 1794], "annotations": [{"nertag": "O"}]}, {"base_span": [1795, 1800], "annotations": [{"nertag": "B-PER"}]}, {"base_span": [1801, 1807], "annotations": [{"nertag": "I-PER"}]}, {"base_span": [1808, 1814], "annotations": [{"nertag": "B-PER"}]}, {"base_span": [1815, 1819], "annotations": [{"nertag": "O"}]}, {"base_span": [1819, 1820], "annotations": [{"nertag": "O"}]}, {"base_span": [1821, 1825], "annotations": [{"nertag": "O"}]}, {"base_span": [1826, 1833], "annotations": [{"nertag": "O"}]}, {"base_span": [1834, 1840], "annotations": [{"nertag": "B-PER"}]}, {"base_span": [1841, 1843], "annotations": [{"nertag": "O"}]}, {"base_span": [1844, 1850], "annotations": [{"nertag": "B-PER"}]}, {"base_span": [1851, 1861], "annotations": [{"nertag": "I-PER"}]}, {"base_span": [1862, 1866], "annotations": [{"nertag": "O"}]}, {"base_span": [1867, 1871], "annotations": [{"nertag": "O"}]}, {"base_span": [1872, 1884], "annotations": [{"nertag": "O"}]}, {"base_span": [1885, 1890], "annotations": [{"nertag": "B-PER"}]}, {"base_span": [1891, 1900], "annotations": [{"nertag": "I-PER"}]}, {"base_span": [1901, 1903], "annotations": [{"nertag": "O"}]}, {"base_span": [1904, 1908], "annotations": [{"nertag": "B-PER"}]}, {"base_span": [1909, 1913], "annotations": [{"nertag": "I-PER"}]}, {"base_span": [1914, 1919], "annotations": [{"nertag": "O"}]}, {"base_span": [1919, 1920], "annotations": [{"nertag": "O"}]}, {"base_span": [1921, 1930], "annotations": [{"nertag": "O"}]}, {"base_span": [1931, 1940], "annotations": [{"nertag": "O"}]}, {"base_span": [1941, 1947], "annotations": [{"nertag": "O"}]}, {"base_span": [1948, 1950], "annotations": [{"nertag": "O"}]}, {"base_span": [1951, 1953], "annotations": [{"nertag": "O"}]}, {"base_span": [1954, 1958], "annotations": [{"nertag": "O"}]}, {"base_span": [1959, 1966], "annotations": [{"nertag": "O"}]}, {"base_span": [1967, 1976], "annotations": [{"nertag": "O"}]}, {"base_span": [1977, 1985], "annotations": [{"nertag": "O"}]}, {"base_span": [1986, 1993], "annotations": [{"nertag": "O"}]}, {"base_span": [1994, 1999], "annotations": [{"nertag": "O"}]}, {"base_span": [2000, 2007], "annotations": [{"nertag": "O"}]}, {"base_span": [2008, 2014], "annotations": [{"nertag": "O"}]}, {"base_span": [2015, 2017], "annotations": [{"nertag": "O"}]}, {"base_span": [2018, 2024], "annotations": [{"nertag": "O"}]}, {"base_span": [2025, 2027], "annotations": [{"nertag": "O"}]}, {"base_span": [2028, 2033], "annotations": [{"nertag": "O"}]}, {"base_span": [2034, 2040], "annotations": [{"nertag": "O"}]}, {"base_span": [2041, 2051], "annotations": [{"nertag": "O"}]}, {"base_span": [2052, 2056], "annotations": [{"nertag": "O"}]}, {"base_span": [2057, 2062], "annotations": [{"nertag": "O"}]}, {"base_span": [2063, 2073], "annotations": [{"nertag": "O"}]}, {"base_span": [2074, 2078], "annotations": [{"nertag": "O"}]}, {"base_span": [2079, 2082], "annotations": [{"nertag": "O"}]}, {"base_span": [2083, 2089], "annotations": [{"nertag": "O"}]}, {"base_span": [2090, 2095], "annotations": [{"nertag": "O"}]}, {"base_span": [2096, 2103], "annotations": [{"nertag": "O"}]}, {"base_span": [2104, 2106], "annotations": [{"nertag": "O"}]}, {"base_span": [2107, 2114], "annotations": [{"nertag": "O"}]}, {"base_span": [2115, 2121], "annotations": [{"nertag": "O"}]}, {"base_span": [2122, 2127], "annotations": [{"nertag": "O"}]}, {"base_span": [2128, 2132], "annotations": [{"nertag": "O"}]}, {"base_span": [2133, 2141], "annotations": [{"nertag": "O"}]}, {"base_span": [2142, 2143], "annotations": [{"nertag": "O"}]}, {"base_span": [2144, 2146], "annotations": [{"nertag": "O"}]}, {"base_span": [2147, 2159], "annotations": [{"nertag": "O"}]}, {"base_span": [2160, 2162], "annotations": [{"nertag": "O"}]}, {"base_span": [2163, 2168], "annotations": [{"nertag": "O"}]}, {"base_span": [2169, 2176], "annotations": [{"nertag": "O"}]}, {"base_span": [2177, 2185], "annotations": [{"nertag": "O"}]}, {"base_span": [2186, 2191], "annotations": [{"nertag": "O"}]}, {"base_span": [2191, 2192], "annotations": [{"nertag": "O"}]}, {"base_span": [2193, 2195], "annotations": [{"nertag": "O"}]}, {"base_span": [2196, 2200], "annotations": [{"nertag": "O"}]}, {"base_span": [2201, 2206], "annotations": [{"nertag": "O"}]}, {"base_span": [2207, 2214], "annotations": [{"nertag": "O"}]}, {"base_span": [2215, 2220], "annotations": [{"nertag": "O"}]}, {"base_span": [2221, 2230], "annotations": [{"nertag": "O"}]}, {"base_span": [2231, 2233], "annotations": [{"nertag": "O"}]}, {"base_span": [2234, 2238], "annotations": [{"nertag": "O"}]}, {"base_span": [2239, 2247], "annotations": [{"nertag": "O"}]}, {"base_span": [2248, 2256], "annotations": [{"nertag": "O"}]}, {"base_span": [2257, 2259], "annotations": [{"nertag": "O"}]}, {"base_span": [2260, 2264], "annotations": [{"nertag": "O"}]}, {"base_span": [2265, 2270], "annotations": [{"nertag": "O"}]}, {"base_span": [2271, 2275], "annotations": [{"nertag": "O"}]}, {"base_span": [2276, 2279], "annotations": [{"nertag": "O"}]}, {"base_span": [2280, 2283], "annotations": [{"nertag": "O"}]}, {"base_span": [2284, 2289], "annotations": [{"nertag": "O"}]}, {"base_span": [2290, 2294], "annotations": [{"nertag": "O"}]}, {"base_span": [2295, 2305], "annotations": [{"nertag": "O"}]}, {"base_span": [2305, 2306], "annotations": [{"nertag": "O"}]}, {"base_span": [2308, 2309], "annotations": [{"nertag": "B-PER"}]}, {"base_span": [2309, 2310], "annotations": [{"nertag": "I-PER"}]}, {"base_span": [2311, 2315], "annotations": [{"nertag": "I-PER"}]}, {"base_span": [2315, 2316], "annotations": [{"nertag": "O"}]}, {"base_span": [2317, 2318], "annotations": [{"nertag": "O"}]}, {"base_span": [2318, 2325], "annotations": [{"nertag": "O"}]}, {"base_span": [2325, 2326], "annotations": [{"nertag": "O"}]}, {"base_span": [2328, 2329], "annotations": [{"nertag": "B-PER"}]}, {"base_span": [2330, 2334], "annotations": [{"nertag": "I-PER"}]}, {"base_span": [2335, 2336], "annotations": [{"nertag": "O"}]}, {"base_span": [2336, 2343], "annotations": [{"nertag": "O"}]}, {"base_span": [2343, 2344], "annotations": [{"nertag": "O"}]}, {"base_span": [2346, 2347], "annotations": [{"nertag": "B-PER"}]}, {"base_span": [2348, 2355], "annotations": [{"nertag": "I-PER"}]}, {"base_span": [2356, 2357], "annotations": [{"nertag": "O"}]}, {"base_span": [2357, 2364], "annotations": [{"nertag": "O"}]}, {"base_span": [2364, 2365], "annotations": [{"nertag": "O"}]}, {"base_span": [2367, 2376], "annotations": [{"nertag": "O"}]}, {"base_span": [2377, 2386], "annotations": [{"nertag": "B-PER"}]}, {"base_span": [2387, 2388], "annotations": [{"nertag": "O"}]}, {"base_span": [2388, 2395], "annotations": [{"nertag": "O"}]}, {"base_span": [2395, 2396], "annotations": [{"nertag": "O"}]}]}]}