{"text": "Jaan Petsu tulli ette ja Kaebas Tõnnis Petsu peale et minnul on temma käest omma Lammas saada ja ka naise sigga mes temma kätte ei anna.\nTõnnis Petsu tulli ette ja ütles et mnnu käes temma Lammas ei olle sest temma läks süggise ärra, olles temma Kewwadeni olnud siis minna olleks Lamba kätte annud ja ei anna sigga põrsast ka.\nMõistetu: et Tõnnis Petsu peab Jaan Petsul Lammas kätte andma ja pool sigga ehk 1 Rubl. 50 kop rahha peale arwatud.\nPea kohtumees: Jaan Kiili xxx\nKohtumees: Karl Wilde xxx\nKohtumees: Märt Polakse xxx\n\"\n", "meta": {"origin_directory": "vallakohus_esimene/"}, "layers": [{"name": "gold_ner", "attributes": ["nertag"], "parent": null, "enveloping": null, "ambiguous": false, "serialisation_module": null, "meta": {}, "spans": [{"base_span": [0, 10], "annotations": [{"nertag": "PER"}]}, {"base_span": [32, 44], "annotations": [{"nertag": "PER"}]}, {"base_span": [137, 149], "annotations": [{"nertag": "PER"}]}, {"base_span": [340, 352], "annotations": [{"nertag": "PER"}]}, {"base_span": [358, 369], "annotations": [{"nertag": "PER"}]}, {"base_span": [458, 468], "annotations": [{"nertag": "PER"}]}, {"base_span": [484, 494], "annotations": [{"nertag": "PER"}]}, {"base_span": [510, 522], "annotations": [{"nertag": "PER"}]}]}, {"name": "gold_wordner", "attributes": ["nertag"], "parent": null, "enveloping": null, "ambiguous": false, "serialisation_module": null, "meta": {}, "spans": [{"base_span": [0, 4], "annotations": [{"nertag": "B-PER"}]}, {"base_span": [5, 10], "annotations": [{"nertag": "I-PER"}]}, {"base_span": [11, 16], "annotations": [{"nertag": "O"}]}, {"base_span": [17, 21], "annotations": [{"nertag": "O"}]}, {"base_span": [22, 24], "annotations": [{"nertag": "O"}]}, {"base_span": [25, 31], "annotations": [{"nertag": "O"}]}, {"base_span": [32, 38], "annotations": [{"nertag": "B-PER"}]}, {"base_span": [39, 44], "annotations": [{"nertag": "I-PER"}]}, {"base_span": [45, 50], "annotations": [{"nertag": "O"}]}, {"base_span": [51, 53], "annotations": [{"nertag": "O"}]}, {"base_span": [54, 60], "annotations": [{"nertag": "O"}]}, {"base_span": [61, 63], "annotations": [{"nertag": "O"}]}, {"base_span": [64, 69], "annotations": [{"nertag": "O"}]}, {"base_span": [70, 75], "annotations": [{"nertag": "O"}]}, {"base_span": [76, 80], "annotations": [{"nertag": "O"}]}, {"base_span": [81, 87], "annotations": [{"nertag": "O"}]}, {"base_span": [88, 93], "annotations": [{"nertag": "O"}]}, {"base_span": [94, 96], "annotations": [{"nertag": "O"}]}, {"base_span": [97, 99], "annotations": [{"nertag": "O"}]}, {"base_span": [100, 105], "annotations": [{"nertag": "O"}]}, {"base_span": [106, 111], "annotations": [{"nertag": "O"}]}, {"base_span": [112, 115], "annotations": [{"nertag": "O"}]}, {"base_span": [116, 121], "annotations": [{"nertag": "O"}]}, {"base_span": [122, 127], "annotations": [{"nertag": "O"}]}, {"base_span": [128, 130], "annotations": [{"nertag": "O"}]}, {"base_span": [131, 135], "annotations": [{"nertag": "O"}]}, {"base_span": [135, 136], "annotations": [{"nertag": "O"}]}, {"base_span": [137, 143], "annotations": [{"nertag": "B-PER"}]}, {"base_span": [144, 149], "annotations": [{"nertag": "I-PER"}]}, {"base_span": [150, 155], "annotations": [{"nertag": "O"}]}, {"base_span": [156, 160], "annotations": [{"nertag": "O"}]}, {"base_span": [161, 163], "annotations": [{"nertag": "O"}]}, {"base_span": [164, 169], "annotations": [{"nertag": "O"}]}, {"base_span": [170, 172], "annotations": [{"nertag": "O"}]}, {"base_span": [173, 177], "annotations": [{"nertag": "O"}]}, {"base_span": [178, 182], "annotations": [{"nertag": "O"}]}, {"base_span": [183, 188], "annotations": [{"nertag": "O"}]}, {"base_span": [189, 195], "annotations": [{"nertag": "O"}]}, {"base_span": [196, 198], "annotations": [{"nertag": "O"}]}, {"base_span": [199, 203], "annotations": [{"nertag": "O"}]}, {"base_span": [204, 208], "annotations": [{"nertag": "O"}]}, {"base_span": [209, 214], "annotations": [{"nertag": "O"}]}, {"base_span": [215, 219], "annotations": [{"nertag": "O"}]}, {"base_span": [220, 227], "annotations": [{"nertag": "O"}]}, {"base_span": [228, 232], "annotations": [{"nertag": "O"}]}, {"base_span": [232, 233], "annotations": [{"nertag": "O"}]}, {"base_span": [234, 239], "annotations": [{"nertag": "O"}]}, {"base_span": [240, 245], "annotations": [{"nertag": "O"}]}, {"base_span": [246, 255], "annotations": [{"nertag": "O"}]}, {"base_span": [256, 261], "annotations": [{"nertag": "O"}]}, {"base_span": [262, 266], "annotations": [{"nertag": "O"}]}, {"base_span": [267, 272], "annotations": [{"nertag": "O"}]}, {"base_span": [273, 279], "annotations": [{"nertag": "O"}]}, {"base_span": [280, 285], "annotations": [{"nertag": "O"}]}, {"base_span": [286, 291], "annotations": [{"nertag": "O"}]}, {"base_span": [292, 297], "annotations": [{"nertag": "O"}]}, {"base_span": [298, 300], "annotations": [{"nertag": "O"}]}, {"base_span": [301, 303], "annotations": [{"nertag": "O"}]}, {"base_span": [304, 308], "annotations": [{"nertag": "O"}]}, {"base_span": [309, 314], "annotations": [{"nertag": "O"}]}, {"base_span": [315, 322], "annotations": [{"nertag": "O"}]}, {"base_span": [323, 325], "annotations": [{"nertag": "O"}]}, {"base_span": [325, 326], "annotations": [{"nertag": "O"}]}, {"base_span": [327, 335], "annotations": [{"nertag": "O"}]}, {"base_span": [335, 336], "annotations": [{"nertag": "O"}]}, {"base_span": [337, 339], "annotations": [{"nertag": "O"}]}, {"base_span": [340, 346], "annotations": [{"nertag": "B-PER"}]}, {"base_span": [347, 352], "annotations": [{"nertag": "I-PER"}]}, {"base_span": [353, 357], "annotations": [{"nertag": "O"}]}, {"base_span": [358, 362], "annotations": [{"nertag": "B-PER"}]}, {"base_span": [363, 369], "annotations": [{"nertag": "I-PER"}]}, {"base_span": [370, 376], "annotations": [{"nertag": "O"}]}, {"base_span": [377, 382], "annotations": [{"nertag": "O"}]}, {"base_span": [383, 388], "annotations": [{"nertag": "O"}]}, {"base_span": [389, 391], "annotations": [{"nertag": "O"}]}, {"base_span": [392, 396], "annotations": [{"nertag": "O"}]}, {"base_span": [397, 402], "annotations": [{"nertag": "O"}]}, {"base_span": [403, 406], "annotations": [{"nertag": "O"}]}, {"base_span": [407, 408], "annotations": [{"nertag": "O"}]}, {"base_span": [409, 413], "annotations": [{"nertag": "O"}]}, {"base_span": [413, 414], "annotations": [{"nertag": "O"}]}, {"base_span": [415, 417], "annotations": [{"nertag": "O"}]}, {"base_span": [418, 421], "annotations": [{"nertag": "O"}]}, {"base_span": [422, 427], "annotations": [{"nertag": "O"}]}, {"base_span": [428, 433], "annotations": [{"nertag": "O"}]}, {"base_span": [434, 441], "annotations": [{"nertag": "O"}]}, {"base_span": [441, 442], "annotations": [{"nertag": "O"}]}, {"base_span": [443, 446], "annotations": [{"nertag": "O"}]}, {"base_span": [447, 456], "annotations": [{"nertag": "O"}]}, {"base_span": [456, 457], "annotations": [{"nertag": "O"}]}, {"base_span": [458, 462], "annotations": [{"nertag": "B-PER"}]}, {"base_span": [463, 468], "annotations": [{"nertag": "I-PER"}]}, {"base_span": [469, 472], "annotations": [{"nertag": "O"}]}, {"base_span": [473, 482], "annotations": [{"nertag": "O"}]}, {"base_span": [482, 483], "annotations": [{"nertag": "O"}]}, {"base_span": [484, 488], "annotations": [{"nertag": "B-PER"}]}, {"base_span": [489, 494], "annotations": [{"nertag": "I-PER"}]}, {"base_span": [495, 498], "annotations": [{"nertag": "O"}]}, {"base_span": [499, 508], "annotations": [{"nertag": "O"}]}, {"base_span": [508, 509], "annotations": [{"nertag": "O"}]}, {"base_span": [510, 514], "annotations": [{"nertag": "B-PER"}]}, {"base_span": [515, 522], "annotations": [{"nertag": "I-PER"}]}, {"base_span": [523, 526], "annotations": [{"nertag": "O"}]}, {"base_span": [527, 528], "annotations": [{"nertag": "O"}]}]}]}