{"text": "\nTulid ette Awwinorme walla inimesed wennad Jaan Habakuk Josepi poeg ja Maddis Habakuk Josepi poeg ja palusid Wallakohut nende leppingud wõla maksmise pärast Protokolli üleskirjutada järgmisel wiisil. et Maddis Habakuk Josepi poja oma sõsara Liisa Habakukkele wiiskümmend rubla maksa on. siis wõttab Jaan Habakuk Josepi poeg se wõla maksmine oma peale ja lubab se wõlg oma sõsara Liisa Habakukkele ära maksa omast käest ilma et tema selle wiiekümne rubla eest oma vena Madis Habakukke käest ühtegi kahjutasumist ehk tagasi maksmist nõuaks ja on nemad selle leppingule molemad omad nimed oma käega alla kirjutanud.\n\nMadis Habakuk (Allkiri)\n\nJaan Habakuk (Allkiri)\n\n1901 Aastal Aprili kuu 21 pääwal on se eesseisaw lepping Awwinorme Wallakohtule Awwinorme Wallamajas kohtu Protokolli üleskirjutamiseks ja kinnitamiseks ette kantud Awwinorme walla inimeste Madis Habakuk Josepi poja ja Jaan Habakuk Josepi poja poolt. ja on se lepping wiiekümne rubla wõla maksmise pärast tänasel pääwal Wallakohtu Akti ramatuse N 6 all üleskirjutud ja kohtu poolest kinnitud sanud. ja on leppingu tegijad omad nimed oma käega alla kirjutanud.\n\nM. Toming (Allkiri)\n\nJaan Laud (Allkiri)\n\nJaan Paiu (Allkiri)\n\nKirjutaja Schulbach (Allkiri)\n\n\n", "meta": {"origin_directory": "vallakohus_kolmas/"}, "layers": [{"name": "gold_ner", "attributes": ["nertag"], "parent": null, "enveloping": null, "ambiguous": false, "serialisation_module": null, "meta": {}, "spans": [{"base_span": [12, 27], "annotations": [{"nertag": "LOC_ORG"}]}, {"base_span": [44, 56], "annotations": [{"nertag": "PER"}]}, {"base_span": [57, 63], "annotations": [{"nertag": "PER"}]}, {"base_span": [72, 86], "annotations": [{"nertag": "PER"}]}, {"base_span": [87, 93], "annotations": [{"nertag": "PER"}]}, {"base_span": [204, 218], "annotations": [{"nertag": "PER"}]}, {"base_span": [219, 225], "annotations": [{"nertag": "PER"}]}, {"base_span": [242, 259], "annotations": [{"nertag": "PER"}]}, {"base_span": [300, 312], "annotations": [{"nertag": "PER"}]}, {"base_span": [313, 319], "annotations": [{"nertag": "PER"}]}, {"base_span": [380, 397], "annotations": [{"nertag": "PER"}]}, {"base_span": [469, 484], "annotations": [{"nertag": "PER"}]}, {"base_span": [615, 628], "annotations": [{"nertag": "PER"}]}, {"base_span": [640, 652], "annotations": [{"nertag": "PER"}]}, {"base_span": [721, 743], "annotations": [{"nertag": "ORG"}]}, {"base_span": [744, 764], "annotations": [{"nertag": "LOC"}]}, {"base_span": [829, 844], "annotations": [{"nertag": "LOC_ORG"}]}, {"base_span": [854, 867], "annotations": [{"nertag": "PER"}]}, {"base_span": [868, 874], "annotations": [{"nertag": "PER"}]}, {"base_span": [883, 895], "annotations": [{"nertag": "PER"}]}, {"base_span": [896, 902], "annotations": [{"nertag": "PER"}]}, {"base_span": [1125, 1134], "annotations": [{"nertag": "PER"}]}, {"base_span": [1146, 1155], "annotations": [{"nertag": "PER"}]}, {"base_span": [1167, 1176], "annotations": [{"nertag": "PER"}]}, {"base_span": [1198, 1207], "annotations": [{"nertag": "PER"}]}]}, {"name": "gold_wordner", "attributes": ["nertag"], "parent": null, "enveloping": null, "ambiguous": false, "serialisation_module": null, "meta": {}, "spans": [{"base_span": [1, 6], "annotations": [{"nertag": "O"}]}, {"base_span": [7, 11], "annotations": [{"nertag": "O"}]}, {"base_span": [12, 21], "annotations": [{"nertag": "B-LOC_ORG"}]}, {"base_span": [22, 27], "annotations": [{"nertag": "I-LOC_ORG"}]}, {"base_span": [28, 36], "annotations": [{"nertag": "O"}]}, {"base_span": [37, 43], "annotations": [{"nertag": "O"}]}, {"base_span": [44, 48], "annotations": [{"nertag": "B-PER"}]}, {"base_span": [49, 56], "annotations": [{"nertag": "I-PER"}]}, {"base_span": [57, 63], "annotations": [{"nertag": "B-PER"}]}, {"base_span": [64, 68], "annotations": [{"nertag": "O"}]}, {"base_span": [69, 71], "annotations": [{"nertag": "O"}]}, {"base_span": [72, 78], "annotations": [{"nertag": "B-PER"}]}, {"base_span": [79, 86], "annotations": [{"nertag": "I-PER"}]}, {"base_span": [87, 93], "annotations": [{"nertag": "B-PER"}]}, {"base_span": [94, 98], "annotations": [{"nertag": "O"}]}, {"base_span": [99, 101], "annotations": [{"nertag": "O"}]}, {"base_span": [102, 109], "annotations": [{"nertag": "O"}]}, {"base_span": [110, 120], "annotations": [{"nertag": "O"}]}, {"base_span": [121, 126], "annotations": [{"nertag": "O"}]}, {"base_span": [127, 136], "annotations": [{"nertag": "O"}]}, {"base_span": [137, 141], "annotations": [{"nertag": "O"}]}, {"base_span": [142, 150], "annotations": [{"nertag": "O"}]}, {"base_span": [151, 157], "annotations": [{"nertag": "O"}]}, {"base_span": [158, 168], "annotations": [{"nertag": "O"}]}, {"base_span": [169, 182], "annotations": [{"nertag": "O"}]}, {"base_span": [183, 192], "annotations": [{"nertag": "O"}]}, {"base_span": [193, 199], "annotations": [{"nertag": "O"}]}, {"base_span": [199, 200], "annotations": [{"nertag": "O"}]}, {"base_span": [201, 203], "annotations": [{"nertag": "O"}]}, {"base_span": [204, 210], "annotations": [{"nertag": "B-PER"}]}, {"base_span": [211, 218], "annotations": [{"nertag": "I-PER"}]}, {"base_span": [219, 225], "annotations": [{"nertag": "B-PER"}]}, {"base_span": [226, 230], "annotations": [{"nertag": "O"}]}, {"base_span": [231, 234], "annotations": [{"nertag": "O"}]}, {"base_span": [235, 241], "annotations": [{"nertag": "O"}]}, {"base_span": [242, 247], "annotations": [{"nertag": "B-PER"}]}, {"base_span": [248, 259], "annotations": [{"nertag": "I-PER"}]}, {"base_span": [260, 271], "annotations": [{"nertag": "O"}]}, {"base_span": [272, 277], "annotations": [{"nertag": "O"}]}, {"base_span": [278, 283], "annotations": [{"nertag": "O"}]}, {"base_span": [284, 286], "annotations": [{"nertag": "O"}]}, {"base_span": [286, 287], "annotations": [{"nertag": "O"}]}, {"base_span": [288, 292], "annotations": [{"nertag": "O"}]}, {"base_span": [293, 299], "annotations": [{"nertag": "O"}]}, {"base_span": [300, 304], "annotations": [{"nertag": "B-PER"}]}, {"base_span": [305, 312], "annotations": [{"nertag": "I-PER"}]}, {"base_span": [313, 319], "annotations": [{"nertag": "B-PER"}]}, {"base_span": [320, 324], "annotations": [{"nertag": "O"}]}, {"base_span": [325, 327], "annotations": [{"nertag": "O"}]}, {"base_span": [328, 332], "annotations": [{"nertag": "O"}]}, {"base_span": [333, 341], "annotations": [{"nertag": "O"}]}, {"base_span": [342, 345], "annotations": [{"nertag": "O"}]}, {"base_span": [346, 351], "annotations": [{"nertag": "O"}]}, {"base_span": [352, 354], "annotations": [{"nertag": "O"}]}, {"base_span": [355, 360], "annotations": [{"nertag": "O"}]}, {"base_span": [361, 363], "annotations": [{"nertag": "O"}]}, {"base_span": [364, 368], "annotations": [{"nertag": "O"}]}, {"base_span": [369, 372], "annotations": [{"nertag": "O"}]}, {"base_span": [373, 379], "annotations": [{"nertag": "O"}]}, {"base_span": [380, 385], "annotations": [{"nertag": "B-PER"}]}, {"base_span": [386, 397], "annotations": [{"nertag": "I-PER"}]}, {"base_span": [398, 401], "annotations": [{"nertag": "O"}]}, {"base_span": [402, 407], "annotations": [{"nertag": "O"}]}, {"base_span": [408, 413], "annotations": [{"nertag": "O"}]}, {"base_span": [414, 419], "annotations": [{"nertag": "O"}]}, {"base_span": [420, 424], "annotations": [{"nertag": "O"}]}, {"base_span": [425, 427], "annotations": [{"nertag": "O"}]}, {"base_span": [428, 432], "annotations": [{"nertag": "O"}]}, {"base_span": [433, 438], "annotations": [{"nertag": "O"}]}, {"base_span": [439, 448], "annotations": [{"nertag": "O"}]}, {"base_span": [449, 454], "annotations": [{"nertag": "O"}]}, {"base_span": [455, 459], "annotations": [{"nertag": "O"}]}, {"base_span": [460, 463], "annotations": [{"nertag": "O"}]}, {"base_span": [464, 468], "annotations": [{"nertag": "O"}]}, {"base_span": [469, 474], "annotations": [{"nertag": "B-PER"}]}, {"base_span": [475, 484], "annotations": [{"nertag": "I-PER"}]}, {"base_span": [485, 490], "annotations": [{"nertag": "O"}]}, {"base_span": [491, 497], "annotations": [{"nertag": "O"}]}, {"base_span": [498, 511], "annotations": [{"nertag": "O"}]}, {"base_span": [512, 515], "annotations": [{"nertag": "O"}]}, {"base_span": [516, 522], "annotations": [{"nertag": "O"}]}, {"base_span": [523, 531], "annotations": [{"nertag": "O"}]}, {"base_span": [532, 538], "annotations": [{"nertag": "O"}]}, {"base_span": [539, 541], "annotations": [{"nertag": "O"}]}, {"base_span": [542, 544], "annotations": [{"nertag": "O"}]}, {"base_span": [545, 550], "annotations": [{"nertag": "O"}]}, {"base_span": [551, 556], "annotations": [{"nertag": "O"}]}, {"base_span": [557, 567], "annotations": [{"nertag": "O"}]}, {"base_span": [568, 575], "annotations": [{"nertag": "O"}]}, {"base_span": [576, 580], "annotations": [{"nertag": "O"}]}, {"base_span": [581, 586], "annotations": [{"nertag": "O"}]}, {"base_span": [587, 590], "annotations": [{"nertag": "O"}]}, {"base_span": [591, 596], "annotations": [{"nertag": "O"}]}, {"base_span": [597, 601], "annotations": [{"nertag": "O"}]}, {"base_span": [602, 612], "annotations": [{"nertag": "O"}]}, {"base_span": [612, 613], "annotations": [{"nertag": "O"}]}, {"base_span": [615, 620], "annotations": [{"nertag": "B-PER"}]}, {"base_span": [621, 628], "annotations": [{"nertag": "I-PER"}]}, {"base_span": [629, 630], "annotations": [{"nertag": "O"}]}, {"base_span": [630, 637], "annotations": [{"nertag": "O"}]}, {"base_span": [637, 638], "annotations": [{"nertag": "O"}]}, {"base_span": [640, 644], "annotations": [{"nertag": "B-PER"}]}, {"base_span": [645, 652], "annotations": [{"nertag": "I-PER"}]}, {"base_span": [653, 654], "annotations": [{"nertag": "O"}]}, {"base_span": [654, 661], "annotations": [{"nertag": "O"}]}, {"base_span": [661, 662], "annotations": [{"nertag": "O"}]}, {"base_span": [664, 668], "annotations": [{"nertag": "O"}]}, {"base_span": [669, 675], "annotations": [{"nertag": "O"}]}, {"base_span": [676, 682], "annotations": [{"nertag": "O"}]}, {"base_span": [683, 686], "annotations": [{"nertag": "O"}]}, {"base_span": [687, 689], "annotations": [{"nertag": "O"}]}, {"base_span": [690, 696], "annotations": [{"nertag": "O"}]}, {"base_span": [697, 699], "annotations": [{"nertag": "O"}]}, {"base_span": [700, 702], "annotations": [{"nertag": "O"}]}, {"base_span": [703, 712], "annotations": [{"nertag": "O"}]}, {"base_span": [713, 720], "annotations": [{"nertag": "O"}]}, {"base_span": [721, 730], "annotations": [{"nertag": "B-ORG"}]}, {"base_span": [731, 743], "annotations": [{"nertag": "I-ORG"}]}, {"base_span": [744, 753], "annotations": [{"nertag": "B-LOC"}]}, {"base_span": [754, 764], "annotations": [{"nertag": "I-LOC"}]}, {"base_span": [765, 770], "annotations": [{"nertag": "O"}]}, {"base_span": [771, 781], "annotations": [{"nertag": "O"}]}, {"base_span": [782, 799], "annotations": [{"nertag": "O"}]}, {"base_span": [800, 802], "annotations": [{"nertag": "O"}]}, {"base_span": [803, 816], "annotations": [{"nertag": "O"}]}, {"base_span": [817, 821], "annotations": [{"nertag": "O"}]}, {"base_span": [822, 828], "annotations": [{"nertag": "O"}]}, {"base_span": [829, 838], "annotations": [{"nertag": "B-LOC_ORG"}]}, {"base_span": [839, 844], "annotations": [{"nertag": "I-LOC_ORG"}]}, {"base_span": [845, 853], "annotations": [{"nertag": "O"}]}, {"base_span": [854, 859], "annotations": [{"nertag": "B-PER"}]}, {"base_span": [860, 867], "annotations": [{"nertag": "I-PER"}]}, {"base_span": [868, 874], "annotations": [{"nertag": "B-PER"}]}, {"base_span": [875, 879], "annotations": [{"nertag": "O"}]}, {"base_span": [880, 882], "annotations": [{"nertag": "O"}]}, {"base_span": [883, 887], "annotations": [{"nertag": "B-PER"}]}, {"base_span": [888, 895], "annotations": [{"nertag": "I-PER"}]}, {"base_span": [896, 902], "annotations": [{"nertag": "B-PER"}]}, {"base_span": [903, 907], "annotations": [{"nertag": "O"}]}, {"base_span": [908, 913], "annotations": [{"nertag": "O"}]}, {"base_span": [913, 914], "annotations": [{"nertag": "O"}]}, {"base_span": [915, 917], "annotations": [{"nertag": "O"}]}, {"base_span": [918, 920], "annotations": [{"nertag": "O"}]}, {"base_span": [921, 923], "annotations": [{"nertag": "O"}]}, {"base_span": [924, 931], "annotations": [{"nertag": "O"}]}, {"base_span": [932, 941], "annotations": [{"nertag": "O"}]}, {"base_span": [942, 947], "annotations": [{"nertag": "O"}]}, {"base_span": [948, 952], "annotations": [{"nertag": "O"}]}, {"base_span": [953, 961], "annotations": [{"nertag": "O"}]}, {"base_span": [962, 968], "annotations": [{"nertag": "O"}]}, {"base_span": [969, 976], "annotations": [{"nertag": "O"}]}, {"base_span": [977, 983], "annotations": [{"nertag": "O"}]}, {"base_span": [984, 994], "annotations": [{"nertag": "O"}]}, {"base_span": [995, 999], "annotations": [{"nertag": "O"}]}, {"base_span": [1000, 1008], "annotations": [{"nertag": "O"}]}, {"base_span": [1009, 1010], "annotations": [{"nertag": "O"}]}, {"base_span": [1011, 1012], "annotations": [{"nertag": "O"}]}, {"base_span": [1013, 1016], "annotations": [{"nertag": "O"}]}, {"base_span": [1017, 1029], "annotations": [{"nertag": "O"}]}, {"base_span": [1030, 1032], "annotations": [{"nertag": "O"}]}, {"base_span": [1033, 1038], "annotations": [{"nertag": "O"}]}, {"base_span": [1039, 1046], "annotations": [{"nertag": "O"}]}, {"base_span": [1047, 1055], "annotations": [{"nertag": "O"}]}, {"base_span": [1056, 1061], "annotations": [{"nertag": "O"}]}, {"base_span": [1061, 1062], "annotations": [{"nertag": "O"}]}, {"base_span": [1063, 1065], "annotations": [{"nertag": "O"}]}, {"base_span": [1066, 1068], "annotations": [{"nertag": "O"}]}, {"base_span": [1069, 1077], "annotations": [{"nertag": "O"}]}, {"base_span": [1078, 1085], "annotations": [{"nertag": "O"}]}, {"base_span": [1086, 1090], "annotations": [{"nertag": "O"}]}, {"base_span": [1091, 1096], "annotations": [{"nertag": "O"}]}, {"base_span": [1097, 1100], "annotations": [{"nertag": "O"}]}, {"base_span": [1101, 1106], "annotations": [{"nertag": "O"}]}, {"base_span": [1107, 1111], "annotations": [{"nertag": "O"}]}, {"base_span": [1112, 1122], "annotations": [{"nertag": "O"}]}, {"base_span": [1122, 1123], "annotations": [{"nertag": "O"}]}, {"base_span": [1125, 1126], "annotations": [{"nertag": "B-PER"}]}, {"base_span": [1126, 1127], "annotations": [{"nertag": "I-PER"}]}, {"base_span": [1128, 1134], "annotations": [{"nertag": "I-PER"}]}, {"base_span": [1135, 1136], "annotations": [{"nertag": "O"}]}, {"base_span": [1136, 1143], "annotations": [{"nertag": "O"}]}, {"base_span": [1143, 1144], "annotations": [{"nertag": "O"}]}, {"base_span": [1146, 1150], "annotations": [{"nertag": "B-PER"}]}, {"base_span": [1151, 1155], "annotations": [{"nertag": "I-PER"}]}, {"base_span": [1156, 1157], "annotations": [{"nertag": "O"}]}, {"base_span": [1157, 1164], "annotations": [{"nertag": "O"}]}, {"base_span": [1164, 1165], "annotations": [{"nertag": "O"}]}, {"base_span": [1167, 1171], "annotations": [{"nertag": "B-PER"}]}, {"base_span": [1172, 1176], "annotations": [{"nertag": "I-PER"}]}, {"base_span": [1177, 1178], "annotations": [{"nertag": "O"}]}, {"base_span": [1178, 1185], "annotations": [{"nertag": "O"}]}, {"base_span": [1185, 1186], "annotations": [{"nertag": "O"}]}, {"base_span": [1188, 1197], "annotations": [{"nertag": "O"}]}, {"base_span": [1198, 1207], "annotations": [{"nertag": "B-PER"}]}, {"base_span": [1208, 1209], "annotations": [{"nertag": "O"}]}, {"base_span": [1209, 1216], "annotations": [{"nertag": "O"}]}, {"base_span": [1216, 1217], "annotations": [{"nertag": "O"}]}]}]}