{"text": "\nVI \n\nN 82 Prottokolli pääle sest 24 Märtsist s.a. N 53 oli tänaseks ette kutsutud Märt Raig ja Mari Wiilu, aga Märt Raig oli täna jälle tulemata jäänud wabandamata siis sai \n\nOtsus\n\nEt Märt Raig peab see 2 kaks rubla 80 kopka Mari Wiilu hääks 8 pääwa sees siia sisse maksma ja wägiwalla eest 1 üks rubla walla waeste kassa hääks 8 pääwa sees siia sisse maksma.\n\nOtsus sai sääduslikult kuulutud Mari Wiilule. Otsust kuulma saab Märt Raig kutsutud.\n\nPeakohtumees: P. Soonberg\n\nKohtumees: J. Soosaar\n\nKohtumees: J. Asmus\n\nKirjutaja Apsberg.\n\nTäitmise leht Mari Wiilule antud 21 Märtsil 1899 a N 446 all.\n\n\n", "meta": {"origin_directory": "vallakohus_teine/"}, "layers": [{"name": "gold_ner", "attributes": ["nertag"], "parent": null, "enveloping": null, "ambiguous": false, "serialisation_module": null, "meta": {}, "spans": [{"base_span": [83, 92], "annotations": [{"nertag": "PER"}]}, {"base_span": [96, 106], "annotations": [{"nertag": "PER"}]}, {"base_span": [112, 121], "annotations": [{"nertag": "PER"}]}, {"base_span": [186, 195], "annotations": [{"nertag": "PER"}]}, {"base_span": [227, 237], "annotations": [{"nertag": "PER"}]}, {"base_span": [395, 407], "annotations": [{"nertag": "PER"}]}, {"base_span": [428, 437], "annotations": [{"nertag": "PER"}]}, {"base_span": [463, 474], "annotations": [{"nertag": "PER"}]}, {"base_span": [487, 497], "annotations": [{"nertag": "PER"}]}, {"base_span": [510, 518], "annotations": [{"nertag": "PER"}]}, {"base_span": [530, 537], "annotations": [{"nertag": "PER"}]}, {"base_span": [554, 566], "annotations": [{"nertag": "PER"}]}]}, {"name": "gold_wordner", "attributes": ["nertag"], "parent": null, "enveloping": null, "ambiguous": false, "serialisation_module": null, "meta": {}, "spans": [{"base_span": [1, 3], "annotations": [{"nertag": "O"}]}, {"base_span": [6, 7], "annotations": [{"nertag": "O"}]}, {"base_span": [8, 10], "annotations": [{"nertag": "O"}]}, {"base_span": [11, 22], "annotations": [{"nertag": "O"}]}, {"base_span": [23, 28], "annotations": [{"nertag": "O"}]}, {"base_span": [29, 33], "annotations": [{"nertag": "O"}]}, {"base_span": [34, 36], "annotations": [{"nertag": "O"}]}, {"base_span": [37, 45], "annotations": [{"nertag": "O"}]}, {"base_span": [46, 47], "annotations": [{"nertag": "O"}]}, {"base_span": [47, 48], "annotations": [{"nertag": "O"}]}, {"base_span": [48, 49], "annotations": [{"nertag": "O"}]}, {"base_span": [49, 50], "annotations": [{"nertag": "O"}]}, {"base_span": [51, 52], "annotations": [{"nertag": "O"}]}, {"base_span": [53, 55], "annotations": [{"nertag": "O"}]}, {"base_span": [56, 59], "annotations": [{"nertag": "O"}]}, {"base_span": [60, 68], "annotations": [{"nertag": "O"}]}, {"base_span": [69, 73], "annotations": [{"nertag": "O"}]}, {"base_span": [74, 82], "annotations": [{"nertag": "O"}]}, {"base_span": [83, 87], "annotations": [{"nertag": "B-PER"}]}, {"base_span": [88, 92], "annotations": [{"nertag": "I-PER"}]}, {"base_span": [93, 95], "annotations": [{"nertag": "O"}]}, {"base_span": [96, 100], "annotations": [{"nertag": "B-PER"}]}, {"base_span": [101, 106], "annotations": [{"nertag": "I-PER"}]}, {"base_span": [106, 107], "annotations": [{"nertag": "O"}]}, {"base_span": [108, 111], "annotations": [{"nertag": "O"}]}, {"base_span": [112, 116], "annotations": [{"nertag": "B-PER"}]}, {"base_span": [117, 121], "annotations": [{"nertag": "I-PER"}]}, {"base_span": [122, 125], "annotations": [{"nertag": "O"}]}, {"base_span": [126, 130], "annotations": [{"nertag": "O"}]}, {"base_span": [131, 136], "annotations": [{"nertag": "O"}]}, {"base_span": [137, 145], "annotations": [{"nertag": "O"}]}, {"base_span": [146, 152], "annotations": [{"nertag": "O"}]}, {"base_span": [153, 164], "annotations": [{"nertag": "O"}]}, {"base_span": [165, 169], "annotations": [{"nertag": "O"}]}, {"base_span": [170, 173], "annotations": [{"nertag": "O"}]}, {"base_span": [176, 181], "annotations": [{"nertag": "O"}]}, {"base_span": [183, 185], "annotations": [{"nertag": "O"}]}, {"base_span": [186, 190], "annotations": [{"nertag": "B-PER"}]}, {"base_span": [191, 195], "annotations": [{"nertag": "I-PER"}]}, {"base_span": [196, 200], "annotations": [{"nertag": "O"}]}, {"base_span": [201, 204], "annotations": [{"nertag": "O"}]}, {"base_span": [205, 206], "annotations": [{"nertag": "O"}]}, {"base_span": [207, 211], "annotations": [{"nertag": "O"}]}, {"base_span": [212, 217], "annotations": [{"nertag": "O"}]}, {"base_span": [218, 220], "annotations": [{"nertag": "O"}]}, {"base_span": [221, 226], "annotations": [{"nertag": "O"}]}, {"base_span": [227, 231], "annotations": [{"nertag": "B-PER"}]}, {"base_span": [232, 237], "annotations": [{"nertag": "I-PER"}]}, {"base_span": [238, 243], "annotations": [{"nertag": "O"}]}, {"base_span": [244, 245], "annotations": [{"nertag": "O"}]}, {"base_span": [246, 251], "annotations": [{"nertag": "O"}]}, {"base_span": [252, 256], "annotations": [{"nertag": "O"}]}, {"base_span": [257, 261], "annotations": [{"nertag": "O"}]}, {"base_span": [262, 267], "annotations": [{"nertag": "O"}]}, {"base_span": [268, 274], "annotations": [{"nertag": "O"}]}, {"base_span": [275, 277], "annotations": [{"nertag": "O"}]}, {"base_span": [278, 287], "annotations": [{"nertag": "O"}]}, {"base_span": [288, 292], "annotations": [{"nertag": "O"}]}, {"base_span": [293, 294], "annotations": [{"nertag": "O"}]}, {"base_span": [295, 298], "annotations": [{"nertag": "O"}]}, {"base_span": [299, 304], "annotations": [{"nertag": "O"}]}, {"base_span": [305, 310], "annotations": [{"nertag": "O"}]}, {"base_span": [311, 317], "annotations": [{"nertag": "O"}]}, {"base_span": [318, 323], "annotations": [{"nertag": "O"}]}, {"base_span": [324, 329], "annotations": [{"nertag": "O"}]}, {"base_span": [330, 331], "annotations": [{"nertag": "O"}]}, {"base_span": [332, 337], "annotations": [{"nertag": "O"}]}, {"base_span": [338, 342], "annotations": [{"nertag": "O"}]}, {"base_span": [343, 347], "annotations": [{"nertag": "O"}]}, {"base_span": [348, 353], "annotations": [{"nertag": "O"}]}, {"base_span": [354, 360], "annotations": [{"nertag": "O"}]}, {"base_span": [360, 361], "annotations": [{"nertag": "O"}]}, {"base_span": [363, 368], "annotations": [{"nertag": "O"}]}, {"base_span": [369, 372], "annotations": [{"nertag": "O"}]}, {"base_span": [373, 385], "annotations": [{"nertag": "O"}]}, {"base_span": [386, 394], "annotations": [{"nertag": "O"}]}, {"base_span": [395, 399], "annotations": [{"nertag": "B-PER"}]}, {"base_span": [400, 407], "annotations": [{"nertag": "I-PER"}]}, {"base_span": [407, 408], "annotations": [{"nertag": "O"}]}, {"base_span": [409, 415], "annotations": [{"nertag": "O"}]}, {"base_span": [416, 422], "annotations": [{"nertag": "O"}]}, {"base_span": [423, 427], "annotations": [{"nertag": "O"}]}, {"base_span": [428, 432], "annotations": [{"nertag": "B-PER"}]}, {"base_span": [433, 437], "annotations": [{"nertag": "I-PER"}]}, {"base_span": [438, 446], "annotations": [{"nertag": "O"}]}, {"base_span": [446, 447], "annotations": [{"nertag": "O"}]}, {"base_span": [449, 461], "annotations": [{"nertag": "O"}]}, {"base_span": [461, 462], "annotations": [{"nertag": "O"}]}, {"base_span": [463, 464], "annotations": [{"nertag": "B-PER"}]}, {"base_span": [464, 465], "annotations": [{"nertag": "I-PER"}]}, {"base_span": [466, 474], "annotations": [{"nertag": "I-PER"}]}, {"base_span": [476, 485], "annotations": [{"nertag": "O"}]}, {"base_span": [485, 486], "annotations": [{"nertag": "O"}]}, {"base_span": [487, 488], "annotations": [{"nertag": "B-PER"}]}, {"base_span": [488, 489], "annotations": [{"nertag": "I-PER"}]}, {"base_span": [490, 497], "annotations": [{"nertag": "I-PER"}]}, {"base_span": [499, 508], "annotations": [{"nertag": "O"}]}, {"base_span": [508, 509], "annotations": [{"nertag": "O"}]}, {"base_span": [510, 511], "annotations": [{"nertag": "B-PER"}]}, {"base_span": [511, 512], "annotations": [{"nertag": "I-PER"}]}, {"base_span": [513, 518], "annotations": [{"nertag": "I-PER"}]}, {"base_span": [520, 529], "annotations": [{"nertag": "O"}]}, {"base_span": [530, 537], "annotations": [{"nertag": "B-PER"}]}, {"base_span": [537, 538], "annotations": [{"nertag": "O"}]}, {"base_span": [540, 548], "annotations": [{"nertag": "O"}]}, {"base_span": [549, 553], "annotations": [{"nertag": "O"}]}, {"base_span": [554, 558], "annotations": [{"nertag": "B-PER"}]}, {"base_span": [559, 566], "annotations": [{"nertag": "I-PER"}]}, {"base_span": [567, 572], "annotations": [{"nertag": "O"}]}, {"base_span": [573, 575], "annotations": [{"nertag": "O"}]}, {"base_span": [576, 583], "annotations": [{"nertag": "O"}]}, {"base_span": [584, 588], "annotations": [{"nertag": "O"}]}, {"base_span": [589, 590], "annotations": [{"nertag": "O"}]}, {"base_span": [591, 592], "annotations": [{"nertag": "O"}]}, {"base_span": [593, 596], "annotations": [{"nertag": "O"}]}, {"base_span": [597, 600], "annotations": [{"nertag": "O"}]}, {"base_span": [600, 601], "annotations": [{"nertag": "O"}]}]}]}