{"text": "Tulli Karel Tosso Emma ette,ja kaepas omma Poja Kaarli  Peale,et temma Poeg Karel sedda Lehma ei anna mis temma  tahhab.Se Assi sai ülle kulatud. Siis sai Koggokonna Kohto polest mõistetud Karel  Tosso Emma peab selle Lehmaka rahho ollema,selle pärrast et se Lehm mis temma annab rohkem wäärt on. Kui Emma Jaggo kannab nende jaost on nimmelt et Karel peab omma wennadel iggaühhel 5 Rub maksma sõssarel  se 5 Ruubla ja Emmale 5 Rub õbbe ja sai sel 9mal mail Sõssarele 2 Rubla õbbe kätte maksetud issiärranis lubbas Karel weel omma Emmale 1 Wak odre ja Kaks lammast on ka kätte sanud.\n\n\n", "meta": {"origin_directory": "vallakohus_esimene/"}, "layers": [{"name": "gold_ner", "attributes": ["nertag"], "parent": null, "enveloping": null, "ambiguous": false, "serialisation_module": null, "meta": {}, "spans": [{"base_span": [6, 17], "annotations": [{"nertag": "PER"}]}, {"base_span": [48, 54], "annotations": [{"nertag": "PER"}]}, {"base_span": [76, 81], "annotations": [{"nertag": "PER"}]}, {"base_span": [189, 201], "annotations": [{"nertag": "PER"}]}, {"base_span": [345, 350], "annotations": [{"nertag": "PER"}]}, {"base_span": [514, 519], "annotations": [{"nertag": "PER"}]}]}, {"name": "gold_wordner", "attributes": ["nertag"], "parent": null, "enveloping": null, "ambiguous": false, "serialisation_module": null, "meta": {}, "spans": [{"base_span": [0, 5], "annotations": [{"nertag": "O"}]}, {"base_span": [6, 11], "annotations": [{"nertag": "B-PER"}]}, {"base_span": [12, 17], "annotations": [{"nertag": "I-PER"}]}, {"base_span": [18, 22], "annotations": [{"nertag": "O"}]}, {"base_span": [23, 27], "annotations": [{"nertag": "O"}]}, {"base_span": [27, 28], "annotations": [{"nertag": "O"}]}, {"base_span": [28, 30], "annotations": [{"nertag": "O"}]}, {"base_span": [31, 37], "annotations": [{"nertag": "O"}]}, {"base_span": [38, 42], "annotations": [{"nertag": "O"}]}, {"base_span": [43, 47], "annotations": [{"nertag": "O"}]}, {"base_span": [48, 54], "annotations": [{"nertag": "B-PER"}]}, {"base_span": [56, 61], "annotations": [{"nertag": "O"}]}, {"base_span": [61, 62], "annotations": [{"nertag": "O"}]}, {"base_span": [62, 64], "annotations": [{"nertag": "O"}]}, {"base_span": [65, 70], "annotations": [{"nertag": "O"}]}, {"base_span": [71, 75], "annotations": [{"nertag": "O"}]}, {"base_span": [76, 81], "annotations": [{"nertag": "B-PER"}]}, {"base_span": [82, 87], "annotations": [{"nertag": "O"}]}, {"base_span": [88, 93], "annotations": [{"nertag": "O"}]}, {"base_span": [94, 96], "annotations": [{"nertag": "O"}]}, {"base_span": [97, 101], "annotations": [{"nertag": "O"}]}, {"base_span": [102, 105], "annotations": [{"nertag": "O"}]}, {"base_span": [106, 111], "annotations": [{"nertag": "O"}]}, {"base_span": [113, 119], "annotations": [{"nertag": "O"}]}, {"base_span": [119, 120], "annotations": [{"nertag": "O"}]}, {"base_span": [120, 122], "annotations": [{"nertag": "O"}]}, {"base_span": [123, 127], "annotations": [{"nertag": "O"}]}, {"base_span": [128, 131], "annotations": [{"nertag": "O"}]}, {"base_span": [132, 136], "annotations": [{"nertag": "O"}]}, {"base_span": [137, 144], "annotations": [{"nertag": "O"}]}, {"base_span": [144, 145], "annotations": [{"nertag": "O"}]}, {"base_span": [146, 150], "annotations": [{"nertag": "O"}]}, {"base_span": [151, 154], "annotations": [{"nertag": "O"}]}, {"base_span": [155, 165], "annotations": [{"nertag": "O"}]}, {"base_span": [166, 171], "annotations": [{"nertag": "O"}]}, {"base_span": [172, 178], "annotations": [{"nertag": "O"}]}, {"base_span": [179, 188], "annotations": [{"nertag": "O"}]}, {"base_span": [189, 194], "annotations": [{"nertag": "B-PER"}]}, {"base_span": [196, 201], "annotations": [{"nertag": "I-PER"}]}, {"base_span": [202, 206], "annotations": [{"nertag": "O"}]}, {"base_span": [207, 211], "annotations": [{"nertag": "O"}]}, {"base_span": [212, 217], "annotations": [{"nertag": "O"}]}, {"base_span": [218, 225], "annotations": [{"nertag": "O"}]}, {"base_span": [226, 231], "annotations": [{"nertag": "O"}]}, {"base_span": [232, 238], "annotations": [{"nertag": "O"}]}, {"base_span": [238, 239], "annotations": [{"nertag": "O"}]}, {"base_span": [239, 244], "annotations": [{"nertag": "O"}]}, {"base_span": [245, 252], "annotations": [{"nertag": "O"}]}, {"base_span": [253, 255], "annotations": [{"nertag": "O"}]}, {"base_span": [256, 258], "annotations": [{"nertag": "O"}]}, {"base_span": [259, 263], "annotations": [{"nertag": "O"}]}, {"base_span": [264, 267], "annotations": [{"nertag": "O"}]}, {"base_span": [268, 273], "annotations": [{"nertag": "O"}]}, {"base_span": [274, 279], "annotations": [{"nertag": "O"}]}, {"base_span": [280, 286], "annotations": [{"nertag": "O"}]}, {"base_span": [287, 292], "annotations": [{"nertag": "O"}]}, {"base_span": [293, 295], "annotations": [{"nertag": "O"}]}, {"base_span": [295, 296], "annotations": [{"nertag": "O"}]}, {"base_span": [297, 300], "annotations": [{"nertag": "O"}]}, {"base_span": [301, 305], "annotations": [{"nertag": "O"}]}, {"base_span": [306, 311], "annotations": [{"nertag": "O"}]}, {"base_span": [312, 318], "annotations": [{"nertag": "O"}]}, {"base_span": [319, 324], "annotations": [{"nertag": "O"}]}, {"base_span": [325, 330], "annotations": [{"nertag": "O"}]}, {"base_span": [331, 333], "annotations": [{"nertag": "O"}]}, {"base_span": [334, 341], "annotations": [{"nertag": "O"}]}, {"base_span": [342, 344], "annotations": [{"nertag": "O"}]}, {"base_span": [345, 350], "annotations": [{"nertag": "B-PER"}]}, {"base_span": [351, 355], "annotations": [{"nertag": "O"}]}, {"base_span": [356, 360], "annotations": [{"nertag": "O"}]}, {"base_span": [361, 369], "annotations": [{"nertag": "O"}]}, {"base_span": [370, 379], "annotations": [{"nertag": "O"}]}, {"base_span": [380, 381], "annotations": [{"nertag": "O"}]}, {"base_span": [382, 385], "annotations": [{"nertag": "O"}]}, {"base_span": [386, 392], "annotations": [{"nertag": "O"}]}, {"base_span": [393, 401], "annotations": [{"nertag": "O"}]}, {"base_span": [403, 405], "annotations": [{"nertag": "O"}]}, {"base_span": [406, 407], "annotations": [{"nertag": "O"}]}, {"base_span": [408, 414], "annotations": [{"nertag": "O"}]}, {"base_span": [415, 417], "annotations": [{"nertag": "O"}]}, {"base_span": [418, 424], "annotations": [{"nertag": "O"}]}, {"base_span": [425, 426], "annotations": [{"nertag": "O"}]}, {"base_span": [427, 430], "annotations": [{"nertag": "O"}]}, {"base_span": [431, 435], "annotations": [{"nertag": "O"}]}, {"base_span": [436, 438], "annotations": [{"nertag": "O"}]}, {"base_span": [439, 442], "annotations": [{"nertag": "O"}]}, {"base_span": [443, 446], "annotations": [{"nertag": "O"}]}, {"base_span": [447, 451], "annotations": [{"nertag": "O"}]}, {"base_span": [452, 456], "annotations": [{"nertag": "O"}]}, {"base_span": [457, 466], "annotations": [{"nertag": "O"}]}, {"base_span": [467, 468], "annotations": [{"nertag": "O"}]}, {"base_span": [469, 474], "annotations": [{"nertag": "O"}]}, {"base_span": [475, 479], "annotations": [{"nertag": "O"}]}, {"base_span": [480, 485], "annotations": [{"nertag": "O"}]}, {"base_span": [486, 494], "annotations": [{"nertag": "O"}]}, {"base_span": [495, 506], "annotations": [{"nertag": "O"}]}, {"base_span": [507, 513], "annotations": [{"nertag": "O"}]}, {"base_span": [514, 519], "annotations": [{"nertag": "B-PER"}]}, {"base_span": [520, 524], "annotations": [{"nertag": "O"}]}, {"base_span": [525, 529], "annotations": [{"nertag": "O"}]}, {"base_span": [530, 536], "annotations": [{"nertag": "O"}]}, {"base_span": [537, 538], "annotations": [{"nertag": "O"}]}, {"base_span": [539, 542], "annotations": [{"nertag": "O"}]}, {"base_span": [543, 547], "annotations": [{"nertag": "O"}]}, {"base_span": [548, 550], "annotations": [{"nertag": "O"}]}, {"base_span": [551, 555], "annotations": [{"nertag": "O"}]}, {"base_span": [556, 563], "annotations": [{"nertag": "O"}]}, {"base_span": [564, 566], "annotations": [{"nertag": "O"}]}, {"base_span": [567, 569], "annotations": [{"nertag": "O"}]}, {"base_span": [570, 575], "annotations": [{"nertag": "O"}]}, {"base_span": [576, 581], "annotations": [{"nertag": "O"}]}, {"base_span": [581, 582], "annotations": [{"nertag": "O"}]}]}]}