{"text": "\nJakob Koor kaebas et temal Jaan Kooskora käest üks lina mashin saada on mis tema kätte nõuab.\n\nJaan Kooskor wastutas kaebtuse pääle et tema sellest mashinast midagi ei tia sest see asi on umbes 25 aastad tagasi tema isa ajal sündinud.\n\nMoiste: Et nõudmine üle 10 aastat wana ei või Jakob Koor midagi Jaan Kooskora käest saada.\n\nPeakohtomees: P. Kripson XXX\n\nKohtomees: P. Hindrikson XXX\n\nKohtomees: K. Wossmann XXX\n\nKohtomees: K Iwanthal XXX\n\nMoiste sai kohtokäijatele kuulutud ja ei olnud Jakob Koor mitte sellega rahul mispääle temale appellationi leht wälja anti.\n\nKirjutaja Ch Kapp &lt;allkiri&gt;\n\n23 Januar Kihelk. kohto sisse saadetu,\n\n\n", "meta": {"origin_directory": "vallakohus_neljas/"}, "layers": [{"name": "gold_ner", "attributes": ["nertag"], "parent": null, "enveloping": null, "ambiguous": false, "serialisation_module": null, "meta": {}, "spans": [{"base_span": [1, 11], "annotations": [{"nertag": "PER"}]}, {"base_span": [28, 41], "annotations": [{"nertag": "PER"}]}, {"base_span": [96, 108], "annotations": [{"nertag": "PER"}]}, {"base_span": [283, 293], "annotations": [{"nertag": "PER"}]}, {"base_span": [301, 314], "annotations": [{"nertag": "PER"}]}, {"base_span": [343, 353], "annotations": [{"nertag": "PER"}]}, {"base_span": [370, 383], "annotations": [{"nertag": "PER"}]}, {"base_span": [400, 411], "annotations": [{"nertag": "PER"}]}, {"base_span": [428, 438], "annotations": [{"nertag": "PER"}]}, {"base_span": [491, 501], "annotations": [{"nertag": "PER"}]}, {"base_span": [579, 586], "annotations": [{"nertag": "PER"}]}]}, {"name": "gold_wordner", "attributes": ["nertag"], "parent": null, "enveloping": null, "ambiguous": false, "serialisation_module": null, "meta": {}, "spans": [{"base_span": [1, 6], "annotations": [{"nertag": "B-PER"}]}, {"base_span": [7, 11], "annotations": [{"nertag": "I-PER"}]}, {"base_span": [12, 18], "annotations": [{"nertag": "O"}]}, {"base_span": [19, 21], "annotations": [{"nertag": "O"}]}, {"base_span": [22, 27], "annotations": [{"nertag": "O"}]}, {"base_span": [28, 32], "annotations": [{"nertag": "B-PER"}]}, {"base_span": [33, 41], "annotations": [{"nertag": "I-PER"}]}, {"base_span": [42, 47], "annotations": [{"nertag": "O"}]}, {"base_span": [48, 51], "annotations": [{"nertag": "O"}]}, {"base_span": [52, 56], "annotations": [{"nertag": "O"}]}, {"base_span": [57, 63], "annotations": [{"nertag": "O"}]}, {"base_span": [64, 69], "annotations": [{"nertag": "O"}]}, {"base_span": [70, 72], "annotations": [{"nertag": "O"}]}, {"base_span": [73, 76], "annotations": [{"nertag": "O"}]}, {"base_span": [77, 81], "annotations": [{"nertag": "O"}]}, {"base_span": [82, 87], "annotations": [{"nertag": "O"}]}, {"base_span": [88, 93], "annotations": [{"nertag": "O"}]}, {"base_span": [93, 94], "annotations": [{"nertag": "O"}]}, {"base_span": [96, 100], "annotations": [{"nertag": "B-PER"}]}, {"base_span": [101, 108], "annotations": [{"nertag": "I-PER"}]}, {"base_span": [109, 117], "annotations": [{"nertag": "O"}]}, {"base_span": [118, 126], "annotations": [{"nertag": "O"}]}, {"base_span": [127, 132], "annotations": [{"nertag": "O"}]}, {"base_span": [133, 135], "annotations": [{"nertag": "O"}]}, {"base_span": [136, 140], "annotations": [{"nertag": "O"}]}, {"base_span": [141, 148], "annotations": [{"nertag": "O"}]}, {"base_span": [149, 158], "annotations": [{"nertag": "O"}]}, {"base_span": [159, 165], "annotations": [{"nertag": "O"}]}, {"base_span": [166, 168], "annotations": [{"nertag": "O"}]}, {"base_span": [169, 172], "annotations": [{"nertag": "O"}]}, {"base_span": [173, 177], "annotations": [{"nertag": "O"}]}, {"base_span": [178, 181], "annotations": [{"nertag": "O"}]}, {"base_span": [182, 185], "annotations": [{"nertag": "O"}]}, {"base_span": [186, 188], "annotations": [{"nertag": "O"}]}, {"base_span": [189, 194], "annotations": [{"nertag": "O"}]}, {"base_span": [195, 197], "annotations": [{"nertag": "O"}]}, {"base_span": [198, 204], "annotations": [{"nertag": "O"}]}, {"base_span": [205, 211], "annotations": [{"nertag": "O"}]}, {"base_span": [212, 216], "annotations": [{"nertag": "O"}]}, {"base_span": [217, 220], "annotations": [{"nertag": "O"}]}, {"base_span": [221, 225], "annotations": [{"nertag": "O"}]}, {"base_span": [226, 234], "annotations": [{"nertag": "O"}]}, {"base_span": [234, 235], "annotations": [{"nertag": "O"}]}, {"base_span": [237, 243], "annotations": [{"nertag": "O"}]}, {"base_span": [243, 244], "annotations": [{"nertag": "O"}]}, {"base_span": [245, 247], "annotations": [{"nertag": "O"}]}, {"base_span": [248, 256], "annotations": [{"nertag": "O"}]}, {"base_span": [257, 260], "annotations": [{"nertag": "O"}]}, {"base_span": [261, 263], "annotations": [{"nertag": "O"}]}, {"base_span": [264, 270], "annotations": [{"nertag": "O"}]}, {"base_span": [271, 275], "annotations": [{"nertag": "O"}]}, {"base_span": [276, 278], "annotations": [{"nertag": "O"}]}, {"base_span": [279, 282], "annotations": [{"nertag": "O"}]}, {"base_span": [283, 288], "annotations": [{"nertag": "B-PER"}]}, {"base_span": [289, 293], "annotations": [{"nertag": "I-PER"}]}, {"base_span": [294, 300], "annotations": [{"nertag": "O"}]}, {"base_span": [301, 305], "annotations": [{"nertag": "B-PER"}]}, {"base_span": [306, 314], "annotations": [{"nertag": "I-PER"}]}, {"base_span": [315, 320], "annotations": [{"nertag": "O"}]}, {"base_span": [321, 326], "annotations": [{"nertag": "O"}]}, {"base_span": [326, 327], "annotations": [{"nertag": "O"}]}, {"base_span": [329, 341], "annotations": [{"nertag": "O"}]}, {"base_span": [341, 342], "annotations": [{"nertag": "O"}]}, {"base_span": [343, 344], "annotations": [{"nertag": "B-PER"}]}, {"base_span": [344, 345], "annotations": [{"nertag": "I-PER"}]}, {"base_span": [346, 353], "annotations": [{"nertag": "I-PER"}]}, {"base_span": [354, 357], "annotations": [{"nertag": "O"}]}, {"base_span": [359, 368], "annotations": [{"nertag": "O"}]}, {"base_span": [368, 369], "annotations": [{"nertag": "O"}]}, {"base_span": [370, 371], "annotations": [{"nertag": "B-PER"}]}, {"base_span": [371, 372], "annotations": [{"nertag": "I-PER"}]}, {"base_span": [373, 383], "annotations": [{"nertag": "I-PER"}]}, {"base_span": [384, 387], "annotations": [{"nertag": "O"}]}, {"base_span": [389, 398], "annotations": [{"nertag": "O"}]}, {"base_span": [398, 399], "annotations": [{"nertag": "O"}]}, {"base_span": [400, 401], "annotations": [{"nertag": "B-PER"}]}, {"base_span": [401, 402], "annotations": [{"nertag": "I-PER"}]}, {"base_span": [403, 411], "annotations": [{"nertag": "I-PER"}]}, {"base_span": [412, 415], "annotations": [{"nertag": "O"}]}, {"base_span": [417, 426], "annotations": [{"nertag": "O"}]}, {"base_span": [426, 427], "annotations": [{"nertag": "O"}]}, {"base_span": [428, 429], "annotations": [{"nertag": "B-PER"}]}, {"base_span": [430, 438], "annotations": [{"nertag": "I-PER"}]}, {"base_span": [439, 442], "annotations": [{"nertag": "O"}]}, {"base_span": [444, 450], "annotations": [{"nertag": "O"}]}, {"base_span": [451, 454], "annotations": [{"nertag": "O"}]}, {"base_span": [455, 469], "annotations": [{"nertag": "O"}]}, {"base_span": [470, 478], "annotations": [{"nertag": "O"}]}, {"base_span": [479, 481], "annotations": [{"nertag": "O"}]}, {"base_span": [482, 484], "annotations": [{"nertag": "O"}]}, {"base_span": [485, 490], "annotations": [{"nertag": "O"}]}, {"base_span": [491, 496], "annotations": [{"nertag": "B-PER"}]}, {"base_span": [497, 501], "annotations": [{"nertag": "I-PER"}]}, {"base_span": [502, 507], "annotations": [{"nertag": "O"}]}, {"base_span": [508, 515], "annotations": [{"nertag": "O"}]}, {"base_span": [516, 521], "annotations": [{"nertag": "O"}]}, {"base_span": [522, 530], "annotations": [{"nertag": "O"}]}, {"base_span": [531, 537], "annotations": [{"nertag": "O"}]}, {"base_span": [538, 550], "annotations": [{"nertag": "O"}]}, {"base_span": [551, 555], "annotations": [{"nertag": "O"}]}, {"base_span": [556, 561], "annotations": [{"nertag": "O"}]}, {"base_span": [562, 566], "annotations": [{"nertag": "O"}]}, {"base_span": [566, 567], "annotations": [{"nertag": "O"}]}, {"base_span": [569, 578], "annotations": [{"nertag": "O"}]}, {"base_span": [579, 581], "annotations": [{"nertag": "B-PER"}]}, {"base_span": [582, 586], "annotations": [{"nertag": "I-PER"}]}, {"base_span": [587, 588], "annotations": [{"nertag": "O"}]}, {"base_span": [588, 590], "annotations": [{"nertag": "O"}]}, {"base_span": [590, 591], "annotations": [{"nertag": "O"}]}, {"base_span": [591, 598], "annotations": [{"nertag": "O"}]}, {"base_span": [598, 599], "annotations": [{"nertag": "O"}]}, {"base_span": [599, 601], "annotations": [{"nertag": "O"}]}, {"base_span": [601, 602], "annotations": [{"nertag": "O"}]}, {"base_span": [604, 606], "annotations": [{"nertag": "O"}]}, {"base_span": [607, 613], "annotations": [{"nertag": "O"}]}, {"base_span": [614, 620], "annotations": [{"nertag": "O"}]}, {"base_span": [620, 621], "annotations": [{"nertag": "O"}]}, {"base_span": [622, 627], "annotations": [{"nertag": "O"}]}, {"base_span": [628, 633], "annotations": [{"nertag": "O"}]}, {"base_span": [634, 641], "annotations": [{"nertag": "O"}]}, {"base_span": [641, 642], "annotations": [{"nertag": "O"}]}]}]}