{"text": "Jõe mõisas sel 18mal Nowembr 1863\nSiin Koggokonna kohtu ette tulli se Hans Peia omma poia Janiga, ja andis üllesse et temma mitte ei kela, kui poeg Jaan Rikrutiks tahhab minna Rahha eest. Walla ja Koggokonna kohtu poolest sai lubbatud nenda, et Jaan Peia omma wanna Issa ja norema sõssarate eest Rahha sisse maksab, ja Walla ja Krono maksute peäle, selle eest sai se Jaan Peia 200 (kaks sadda) Rubla hõbbetad walla latiko sissemaksma.\nPeakohtumees Widrik Eres xxx\nAbbi -\"- Ellias Tamm xxx\nAbbi wöörmönder Kustaw Mälson xxx\nKohtumees Hans Pender xxx\n\n\"\n", "meta": {"origin_directory": "vallakohus_esimene/"}, "layers": [{"name": "gold_ner", "attributes": ["nertag"], "parent": null, "enveloping": null, "ambiguous": false, "serialisation_module": null, "meta": {}, "spans": [{"base_span": [0, 10], "annotations": [{"nertag": "LOC_ORG"}]}, {"base_span": [70, 79], "annotations": [{"nertag": "PER"}]}, {"base_span": [90, 96], "annotations": [{"nertag": "PER"}]}, {"base_span": [148, 162], "annotations": [{"nertag": "PER"}]}, {"base_span": [245, 254], "annotations": [{"nertag": "PER"}]}, {"base_span": [367, 376], "annotations": [{"nertag": "PER"}]}, {"base_span": [448, 459], "annotations": [{"nertag": "PER"}]}, {"base_span": [473, 484], "annotations": [{"nertag": "PER"}]}, {"base_span": [505, 518], "annotations": [{"nertag": "PER"}]}, {"base_span": [533, 544], "annotations": [{"nertag": "PER"}]}]}, {"name": "gold_wordner", "attributes": ["nertag"], "parent": null, "enveloping": null, "ambiguous": false, "serialisation_module": null, "meta": {}, "spans": [{"base_span": [0, 3], "annotations": [{"nertag": "B-LOC_ORG"}]}, {"base_span": [4, 10], "annotations": [{"nertag": "I-LOC_ORG"}]}, {"base_span": [11, 14], "annotations": [{"nertag": "O"}]}, {"base_span": [15, 20], "annotations": [{"nertag": "O"}]}, {"base_span": [21, 28], "annotations": [{"nertag": "O"}]}, {"base_span": [29, 33], "annotations": [{"nertag": "O"}]}, {"base_span": [34, 38], "annotations": [{"nertag": "O"}]}, {"base_span": [39, 49], "annotations": [{"nertag": "O"}]}, {"base_span": [50, 55], "annotations": [{"nertag": "O"}]}, {"base_span": [56, 60], "annotations": [{"nertag": "O"}]}, {"base_span": [61, 66], "annotations": [{"nertag": "O"}]}, {"base_span": [67, 69], "annotations": [{"nertag": "O"}]}, {"base_span": [70, 74], "annotations": [{"nertag": "B-PER"}]}, {"base_span": [75, 79], "annotations": [{"nertag": "I-PER"}]}, {"base_span": [80, 84], "annotations": [{"nertag": "O"}]}, {"base_span": [85, 89], "annotations": [{"nertag": "O"}]}, {"base_span": [90, 96], "annotations": [{"nertag": "B-PER"}]}, {"base_span": [96, 97], "annotations": [{"nertag": "O"}]}, {"base_span": [98, 100], "annotations": [{"nertag": "O"}]}, {"base_span": [101, 106], "annotations": [{"nertag": "O"}]}, {"base_span": [107, 114], "annotations": [{"nertag": "O"}]}, {"base_span": [115, 117], "annotations": [{"nertag": "O"}]}, {"base_span": [118, 123], "annotations": [{"nertag": "O"}]}, {"base_span": [124, 129], "annotations": [{"nertag": "O"}]}, {"base_span": [130, 132], "annotations": [{"nertag": "O"}]}, {"base_span": [133, 137], "annotations": [{"nertag": "O"}]}, {"base_span": [137, 138], "annotations": [{"nertag": "O"}]}, {"base_span": [139, 142], "annotations": [{"nertag": "O"}]}, {"base_span": [143, 147], "annotations": [{"nertag": "O"}]}, {"base_span": [148, 152], "annotations": [{"nertag": "B-PER"}]}, {"base_span": [153, 162], "annotations": [{"nertag": "I-PER"}]}, {"base_span": [163, 169], "annotations": [{"nertag": "O"}]}, {"base_span": [170, 175], "annotations": [{"nertag": "O"}]}, {"base_span": [176, 181], "annotations": [{"nertag": "O"}]}, {"base_span": [182, 186], "annotations": [{"nertag": "O"}]}, {"base_span": [186, 187], "annotations": [{"nertag": "O"}]}, {"base_span": [188, 193], "annotations": [{"nertag": "O"}]}, {"base_span": [194, 196], "annotations": [{"nertag": "O"}]}, {"base_span": [197, 207], "annotations": [{"nertag": "O"}]}, {"base_span": [208, 213], "annotations": [{"nertag": "O"}]}, {"base_span": [214, 221], "annotations": [{"nertag": "O"}]}, {"base_span": [222, 225], "annotations": [{"nertag": "O"}]}, {"base_span": [226, 234], "annotations": [{"nertag": "O"}]}, {"base_span": [235, 240], "annotations": [{"nertag": "O"}]}, {"base_span": [240, 241], "annotations": [{"nertag": "O"}]}, {"base_span": [242, 244], "annotations": [{"nertag": "O"}]}, {"base_span": [245, 249], "annotations": [{"nertag": "B-PER"}]}, {"base_span": [250, 254], "annotations": [{"nertag": "I-PER"}]}, {"base_span": [255, 259], "annotations": [{"nertag": "O"}]}, {"base_span": [260, 265], "annotations": [{"nertag": "O"}]}, {"base_span": [266, 270], "annotations": [{"nertag": "O"}]}, {"base_span": [271, 273], "annotations": [{"nertag": "O"}]}, {"base_span": [274, 280], "annotations": [{"nertag": "O"}]}, {"base_span": [281, 290], "annotations": [{"nertag": "O"}]}, {"base_span": [291, 295], "annotations": [{"nertag": "O"}]}, {"base_span": [296, 301], "annotations": [{"nertag": "O"}]}, {"base_span": [302, 307], "annotations": [{"nertag": "O"}]}, {"base_span": [308, 314], "annotations": [{"nertag": "O"}]}, {"base_span": [314, 315], "annotations": [{"nertag": "O"}]}, {"base_span": [316, 318], "annotations": [{"nertag": "O"}]}, {"base_span": [319, 324], "annotations": [{"nertag": "O"}]}, {"base_span": [325, 327], "annotations": [{"nertag": "O"}]}, {"base_span": [328, 333], "annotations": [{"nertag": "O"}]}, {"base_span": [334, 341], "annotations": [{"nertag": "O"}]}, {"base_span": [342, 347], "annotations": [{"nertag": "O"}]}, {"base_span": [347, 348], "annotations": [{"nertag": "O"}]}, {"base_span": [349, 354], "annotations": [{"nertag": "O"}]}, {"base_span": [355, 359], "annotations": [{"nertag": "O"}]}, {"base_span": [360, 363], "annotations": [{"nertag": "O"}]}, {"base_span": [364, 366], "annotations": [{"nertag": "O"}]}, {"base_span": [367, 371], "annotations": [{"nertag": "B-PER"}]}, {"base_span": [372, 376], "annotations": [{"nertag": "I-PER"}]}, {"base_span": [377, 380], "annotations": [{"nertag": "O"}]}, {"base_span": [381, 382], "annotations": [{"nertag": "O"}]}, {"base_span": [382, 386], "annotations": [{"nertag": "O"}]}, {"base_span": [387, 392], "annotations": [{"nertag": "O"}]}, {"base_span": [392, 393], "annotations": [{"nertag": "O"}]}, {"base_span": [394, 399], "annotations": [{"nertag": "O"}]}, {"base_span": [400, 408], "annotations": [{"nertag": "O"}]}, {"base_span": [409, 414], "annotations": [{"nertag": "O"}]}, {"base_span": [415, 421], "annotations": [{"nertag": "O"}]}, {"base_span": [422, 433], "annotations": [{"nertag": "O"}]}, {"base_span": [433, 434], "annotations": [{"nertag": "O"}]}, {"base_span": [435, 447], "annotations": [{"nertag": "O"}]}, {"base_span": [448, 454], "annotations": [{"nertag": "B-PER"}]}, {"base_span": [455, 459], "annotations": [{"nertag": "I-PER"}]}, {"base_span": [460, 463], "annotations": [{"nertag": "O"}]}, {"base_span": [464, 468], "annotations": [{"nertag": "O"}]}, {"base_span": [469, 470], "annotations": [{"nertag": "O"}]}, {"base_span": [470, 471], "annotations": [{"nertag": "O"}]}, {"base_span": [471, 472], "annotations": [{"nertag": "O"}]}, {"base_span": [473, 479], "annotations": [{"nertag": "B-PER"}]}, {"base_span": [480, 484], "annotations": [{"nertag": "I-PER"}]}, {"base_span": [485, 488], "annotations": [{"nertag": "O"}]}, {"base_span": [489, 493], "annotations": [{"nertag": "O"}]}, {"base_span": [494, 504], "annotations": [{"nertag": "O"}]}, {"base_span": [505, 511], "annotations": [{"nertag": "B-PER"}]}, {"base_span": [512, 518], "annotations": [{"nertag": "I-PER"}]}, {"base_span": [519, 522], "annotations": [{"nertag": "O"}]}, {"base_span": [523, 532], "annotations": [{"nertag": "O"}]}, {"base_span": [533, 537], "annotations": [{"nertag": "B-PER"}]}, {"base_span": [538, 544], "annotations": [{"nertag": "I-PER"}]}, {"base_span": [545, 548], "annotations": [{"nertag": "O"}]}, {"base_span": [550, 551], "annotations": [{"nertag": "O"}]}]}]}