{"text": "\nVIII\n\nN 138. Ette tuli Johan Toower ja kaebas et Hendrik Tigane olla tema tare lae pealt 12 puud ära wiinut ja järel otsimisel olla ühe puu Hendrik Tigane poolt leidnud. Tema paluwat seda seletada ja neide puude eest 25 rubla sisse nõuda järel otsimise juures olnud wallawanem P. Pastak ja kohtumees Johan Tiidu.\n\nKaewataw Hendrik Tigane wastas et tema ei olla ühtegi puud Johan Toower majast toonut ja Juulius Tigane olla need puud toonut temal teadmata kust. \n\nWallawanem Peeter Pastak tunnist, et järel otsmisel olla leidnud puu otsasi Hendrik Tigane pool ja ka laastusid mis arwata selle lae puudest olnud ja peran seda olla ära ense wahel leppinud. Lae puudis olla ära wõetud sell ajal 8 tükki. \n\nJohan Tiidu tunnist, et järel otsmisel olla nemat leinud neide puude margisid ja Hendrik Tigane ütlenud et tema wend Julius olla neid puid toonut.\n\nOtsus:\n\nEt Hendrik Tigane peab neide ära wõetud puude eest 4 rubla Johan Tower hääks 8 pääwa sees siia sisse maksma ehk see lahutud lagi korralikult peale panema, et aga tema hoonet on lõhkunud peab Hendrik Tigane üks rubla selle kogukonna waeste kassa hääks siia sisse maksma 8 pääwa sees.\n\nPeakohtumees: P. Soonberg\n\nKohtumees: J. Soosaar\n\nKohtumees: T\n\nKirjutaja Apsberg.\n\n\n", "meta": {"origin_directory": "vallakohus_kolmas/"}, "layers": [{"name": "gold_ner", "attributes": ["nertag"], "parent": null, "enveloping": null, "ambiguous": false, "serialisation_module": null, "meta": {}, "spans": [{"base_span": [24, 36], "annotations": [{"nertag": "PER"}]}, {"base_span": [50, 64], "annotations": [{"nertag": "PER"}]}, {"base_span": [141, 155], "annotations": [{"nertag": "PER"}]}, {"base_span": [278, 287], "annotations": [{"nertag": "PER"}]}, {"base_span": [301, 312], "annotations": [{"nertag": "PER"}]}, {"base_span": [324, 338], "annotations": [{"nertag": "PER"}]}, {"base_span": [374, 386], "annotations": [{"nertag": "PER"}]}, {"base_span": [404, 418], "annotations": [{"nertag": "PER"}]}, {"base_span": [475, 488], "annotations": [{"nertag": "PER"}]}, {"base_span": [540, 554], "annotations": [{"nertag": "PER"}]}, {"base_span": [703, 714], "annotations": [{"nertag": "PER"}]}, {"base_span": [784, 798], "annotations": [{"nertag": "PER"}]}, {"base_span": [820, 826], "annotations": [{"nertag": "PER"}]}, {"base_span": [862, 876], "annotations": [{"nertag": "PER"}]}, {"base_span": [918, 929], "annotations": [{"nertag": "PER"}]}, {"base_span": [1050, 1064], "annotations": [{"nertag": "PER"}]}, {"base_span": [1157, 1168], "annotations": [{"nertag": "PER"}]}, {"base_span": [1181, 1191], "annotations": [{"nertag": "PER"}]}, {"base_span": [1204, 1205], "annotations": [{"nertag": "PER"}]}, {"base_span": [1217, 1224], "annotations": [{"nertag": "PER"}]}]}, {"name": "gold_wordner", "attributes": ["nertag"], "parent": null, "enveloping": null, "ambiguous": false, "serialisation_module": null, "meta": {}, "spans": [{"base_span": [1, 3], "annotations": [{"nertag": "O"}]}, {"base_span": [3, 5], "annotations": [{"nertag": "O"}]}, {"base_span": [7, 8], "annotations": [{"nertag": "O"}]}, {"base_span": [9, 13], "annotations": [{"nertag": "O"}]}, {"base_span": [14, 18], "annotations": [{"nertag": "O"}]}, {"base_span": [19, 23], "annotations": [{"nertag": "O"}]}, {"base_span": [24, 29], "annotations": [{"nertag": "B-PER"}]}, {"base_span": [30, 36], "annotations": [{"nertag": "I-PER"}]}, {"base_span": [37, 39], "annotations": [{"nertag": "O"}]}, {"base_span": [40, 46], "annotations": [{"nertag": "O"}]}, {"base_span": [47, 49], "annotations": [{"nertag": "O"}]}, {"base_span": [50, 57], "annotations": [{"nertag": "B-PER"}]}, {"base_span": [58, 64], "annotations": [{"nertag": "I-PER"}]}, {"base_span": [65, 69], "annotations": [{"nertag": "O"}]}, {"base_span": [70, 74], "annotations": [{"nertag": "O"}]}, {"base_span": [75, 79], "annotations": [{"nertag": "O"}]}, {"base_span": [80, 83], "annotations": [{"nertag": "O"}]}, {"base_span": [84, 89], "annotations": [{"nertag": "O"}]}, {"base_span": [90, 92], "annotations": [{"nertag": "O"}]}, {"base_span": [93, 97], "annotations": [{"nertag": "O"}]}, {"base_span": [98, 101], "annotations": [{"nertag": "O"}]}, {"base_span": [102, 108], "annotations": [{"nertag": "O"}]}, {"base_span": [109, 111], "annotations": [{"nertag": "O"}]}, {"base_span": [112, 117], "annotations": [{"nertag": "O"}]}, {"base_span": [118, 127], "annotations": [{"nertag": "O"}]}, {"base_span": [128, 132], "annotations": [{"nertag": "O"}]}, {"base_span": [133, 136], "annotations": [{"nertag": "O"}]}, {"base_span": [137, 140], "annotations": [{"nertag": "O"}]}, {"base_span": [141, 148], "annotations": [{"nertag": "B-PER"}]}, {"base_span": [149, 155], "annotations": [{"nertag": "I-PER"}]}, {"base_span": [156, 161], "annotations": [{"nertag": "O"}]}, {"base_span": [162, 169], "annotations": [{"nertag": "O"}]}, {"base_span": [169, 170], "annotations": [{"nertag": "O"}]}, {"base_span": [171, 175], "annotations": [{"nertag": "O"}]}, {"base_span": [176, 183], "annotations": [{"nertag": "O"}]}, {"base_span": [184, 188], "annotations": [{"nertag": "O"}]}, {"base_span": [189, 197], "annotations": [{"nertag": "O"}]}, {"base_span": [198, 200], "annotations": [{"nertag": "O"}]}, {"base_span": [201, 206], "annotations": [{"nertag": "O"}]}, {"base_span": [207, 212], "annotations": [{"nertag": "O"}]}, {"base_span": [213, 217], "annotations": [{"nertag": "O"}]}, {"base_span": [218, 220], "annotations": [{"nertag": "O"}]}, {"base_span": [221, 226], "annotations": [{"nertag": "O"}]}, {"base_span": [227, 232], "annotations": [{"nertag": "O"}]}, {"base_span": [233, 238], "annotations": [{"nertag": "O"}]}, {"base_span": [239, 244], "annotations": [{"nertag": "O"}]}, {"base_span": [245, 253], "annotations": [{"nertag": "O"}]}, {"base_span": [254, 260], "annotations": [{"nertag": "O"}]}, {"base_span": [261, 266], "annotations": [{"nertag": "O"}]}, {"base_span": [267, 277], "annotations": [{"nertag": "O"}]}, {"base_span": [278, 279], "annotations": [{"nertag": "B-PER"}]}, {"base_span": [279, 280], "annotations": [{"nertag": "I-PER"}]}, {"base_span": [281, 287], "annotations": [{"nertag": "I-PER"}]}, {"base_span": [288, 290], "annotations": [{"nertag": "O"}]}, {"base_span": [291, 300], "annotations": [{"nertag": "O"}]}, {"base_span": [301, 306], "annotations": [{"nertag": "B-PER"}]}, {"base_span": [307, 312], "annotations": [{"nertag": "I-PER"}]}, {"base_span": [312, 313], "annotations": [{"nertag": "O"}]}, {"base_span": [315, 323], "annotations": [{"nertag": "O"}]}, {"base_span": [324, 331], "annotations": [{"nertag": "B-PER"}]}, {"base_span": [332, 338], "annotations": [{"nertag": "I-PER"}]}, {"base_span": [339, 345], "annotations": [{"nertag": "O"}]}, {"base_span": [346, 348], "annotations": [{"nertag": "O"}]}, {"base_span": [349, 353], "annotations": [{"nertag": "O"}]}, {"base_span": [354, 356], "annotations": [{"nertag": "O"}]}, {"base_span": [357, 361], "annotations": [{"nertag": "O"}]}, {"base_span": [362, 368], "annotations": [{"nertag": "O"}]}, {"base_span": [369, 373], "annotations": [{"nertag": "O"}]}, {"base_span": [374, 379], "annotations": [{"nertag": "B-PER"}]}, {"base_span": [380, 386], "annotations": [{"nertag": "I-PER"}]}, {"base_span": [387, 393], "annotations": [{"nertag": "O"}]}, {"base_span": [394, 400], "annotations": [{"nertag": "O"}]}, {"base_span": [401, 403], "annotations": [{"nertag": "O"}]}, {"base_span": [404, 411], "annotations": [{"nertag": "B-PER"}]}, {"base_span": [412, 418], "annotations": [{"nertag": "I-PER"}]}, {"base_span": [419, 423], "annotations": [{"nertag": "O"}]}, {"base_span": [424, 428], "annotations": [{"nertag": "O"}]}, {"base_span": [429, 433], "annotations": [{"nertag": "O"}]}, {"base_span": [434, 440], "annotations": [{"nertag": "O"}]}, {"base_span": [441, 446], "annotations": [{"nertag": "O"}]}, {"base_span": [447, 455], "annotations": [{"nertag": "O"}]}, {"base_span": [456, 460], "annotations": [{"nertag": "O"}]}, {"base_span": [460, 461], "annotations": [{"nertag": "O"}]}, {"base_span": [464, 474], "annotations": [{"nertag": "O"}]}, {"base_span": [475, 481], "annotations": [{"nertag": "B-PER"}]}, {"base_span": [482, 488], "annotations": [{"nertag": "I-PER"}]}, {"base_span": [489, 496], "annotations": [{"nertag": "O"}]}, {"base_span": [496, 497], "annotations": [{"nertag": "O"}]}, {"base_span": [498, 500], "annotations": [{"nertag": "O"}]}, {"base_span": [501, 506], "annotations": [{"nertag": "O"}]}, {"base_span": [507, 515], "annotations": [{"nertag": "O"}]}, {"base_span": [516, 520], "annotations": [{"nertag": "O"}]}, {"base_span": [521, 528], "annotations": [{"nertag": "O"}]}, {"base_span": [529, 532], "annotations": [{"nertag": "O"}]}, {"base_span": [533, 539], "annotations": [{"nertag": "O"}]}, {"base_span": [540, 547], "annotations": [{"nertag": "B-PER"}]}, {"base_span": [548, 554], "annotations": [{"nertag": "I-PER"}]}, {"base_span": [555, 559], "annotations": [{"nertag": "O"}]}, {"base_span": [560, 562], "annotations": [{"nertag": "O"}]}, {"base_span": [563, 565], "annotations": [{"nertag": "O"}]}, {"base_span": [566, 575], "annotations": [{"nertag": "O"}]}, {"base_span": [576, 579], "annotations": [{"nertag": "O"}]}, {"base_span": [580, 586], "annotations": [{"nertag": "O"}]}, {"base_span": [587, 592], "annotations": [{"nertag": "O"}]}, {"base_span": [593, 596], "annotations": [{"nertag": "O"}]}, {"base_span": [597, 604], "annotations": [{"nertag": "O"}]}, {"base_span": [605, 610], "annotations": [{"nertag": "O"}]}, {"base_span": [611, 613], "annotations": [{"nertag": "O"}]}, {"base_span": [614, 619], "annotations": [{"nertag": "O"}]}, {"base_span": [620, 624], "annotations": [{"nertag": "O"}]}, {"base_span": [625, 629], "annotations": [{"nertag": "O"}]}, {"base_span": [630, 633], "annotations": [{"nertag": "O"}]}, {"base_span": [634, 638], "annotations": [{"nertag": "O"}]}, {"base_span": [639, 644], "annotations": [{"nertag": "O"}]}, {"base_span": [645, 653], "annotations": [{"nertag": "O"}]}, {"base_span": [653, 654], "annotations": [{"nertag": "O"}]}, {"base_span": [655, 658], "annotations": [{"nertag": "O"}]}, {"base_span": [659, 665], "annotations": [{"nertag": "O"}]}, {"base_span": [666, 670], "annotations": [{"nertag": "O"}]}, {"base_span": [671, 674], "annotations": [{"nertag": "O"}]}, {"base_span": [675, 681], "annotations": [{"nertag": "O"}]}, {"base_span": [682, 686], "annotations": [{"nertag": "O"}]}, {"base_span": [687, 691], "annotations": [{"nertag": "O"}]}, {"base_span": [692, 693], "annotations": [{"nertag": "O"}]}, {"base_span": [694, 699], "annotations": [{"nertag": "O"}]}, {"base_span": [699, 700], "annotations": [{"nertag": "O"}]}, {"base_span": [703, 708], "annotations": [{"nertag": "B-PER"}]}, {"base_span": [709, 714], "annotations": [{"nertag": "I-PER"}]}, {"base_span": [715, 722], "annotations": [{"nertag": "O"}]}, {"base_span": [722, 723], "annotations": [{"nertag": "O"}]}, {"base_span": [724, 726], "annotations": [{"nertag": "O"}]}, {"base_span": [727, 732], "annotations": [{"nertag": "O"}]}, {"base_span": [733, 741], "annotations": [{"nertag": "O"}]}, {"base_span": [742, 746], "annotations": [{"nertag": "O"}]}, {"base_span": [747, 752], "annotations": [{"nertag": "O"}]}, {"base_span": [753, 759], "annotations": [{"nertag": "O"}]}, {"base_span": [760, 765], "annotations": [{"nertag": "O"}]}, {"base_span": [766, 771], "annotations": [{"nertag": "O"}]}, {"base_span": [772, 780], "annotations": [{"nertag": "O"}]}, {"base_span": [781, 783], "annotations": [{"nertag": "O"}]}, {"base_span": [784, 791], "annotations": [{"nertag": "B-PER"}]}, {"base_span": [792, 798], "annotations": [{"nertag": "I-PER"}]}, {"base_span": [799, 806], "annotations": [{"nertag": "O"}]}, {"base_span": [807, 809], "annotations": [{"nertag": "O"}]}, {"base_span": [810, 814], "annotations": [{"nertag": "O"}]}, {"base_span": [815, 819], "annotations": [{"nertag": "O"}]}, {"base_span": [820, 826], "annotations": [{"nertag": "B-PER"}]}, {"base_span": [827, 831], "annotations": [{"nertag": "O"}]}, {"base_span": [832, 836], "annotations": [{"nertag": "O"}]}, {"base_span": [837, 841], "annotations": [{"nertag": "O"}]}, {"base_span": [842, 848], "annotations": [{"nertag": "O"}]}, {"base_span": [848, 849], "annotations": [{"nertag": "O"}]}, {"base_span": [851, 856], "annotations": [{"nertag": "O"}]}, {"base_span": [856, 857], "annotations": [{"nertag": "O"}]}, {"base_span": [859, 861], "annotations": [{"nertag": "O"}]}, {"base_span": [862, 869], "annotations": [{"nertag": "B-PER"}]}, {"base_span": [870, 876], "annotations": [{"nertag": "I-PER"}]}, {"base_span": [877, 881], "annotations": [{"nertag": "O"}]}, {"base_span": [882, 887], "annotations": [{"nertag": "O"}]}, {"base_span": [888, 891], "annotations": [{"nertag": "O"}]}, {"base_span": [892, 898], "annotations": [{"nertag": "O"}]}, {"base_span": [899, 904], "annotations": [{"nertag": "O"}]}, {"base_span": [905, 909], "annotations": [{"nertag": "O"}]}, {"base_span": [910, 911], "annotations": [{"nertag": "O"}]}, {"base_span": [912, 917], "annotations": [{"nertag": "O"}]}, {"base_span": [918, 923], "annotations": [{"nertag": "B-PER"}]}, {"base_span": [924, 929], "annotations": [{"nertag": "I-PER"}]}, {"base_span": [930, 935], "annotations": [{"nertag": "O"}]}, {"base_span": [936, 937], "annotations": [{"nertag": "O"}]}, {"base_span": [938, 943], "annotations": [{"nertag": "O"}]}, {"base_span": [944, 948], "annotations": [{"nertag": "O"}]}, {"base_span": [949, 953], "annotations": [{"nertag": "O"}]}, {"base_span": [954, 959], "annotations": [{"nertag": "O"}]}, {"base_span": [960, 966], "annotations": [{"nertag": "O"}]}, {"base_span": [967, 970], "annotations": [{"nertag": "O"}]}, {"base_span": [971, 974], "annotations": [{"nertag": "O"}]}, {"base_span": [975, 982], "annotations": [{"nertag": "O"}]}, {"base_span": [983, 987], "annotations": [{"nertag": "O"}]}, {"base_span": [988, 999], "annotations": [{"nertag": "O"}]}, {"base_span": [1000, 1005], "annotations": [{"nertag": "O"}]}, {"base_span": [1006, 1012], "annotations": [{"nertag": "O"}]}, {"base_span": [1012, 1013], "annotations": [{"nertag": "O"}]}, {"base_span": [1014, 1016], "annotations": [{"nertag": "O"}]}, {"base_span": [1017, 1020], "annotations": [{"nertag": "O"}]}, {"base_span": [1021, 1025], "annotations": [{"nertag": "O"}]}, {"base_span": [1026, 1032], "annotations": [{"nertag": "O"}]}, {"base_span": [1033, 1035], "annotations": [{"nertag": "O"}]}, {"base_span": [1036, 1044], "annotations": [{"nertag": "O"}]}, {"base_span": [1045, 1049], "annotations": [{"nertag": "O"}]}, {"base_span": [1050, 1057], "annotations": [{"nertag": "B-PER"}]}, {"base_span": [1058, 1064], "annotations": [{"nertag": "I-PER"}]}, {"base_span": [1065, 1068], "annotations": [{"nertag": "O"}]}, {"base_span": [1069, 1074], "annotations": [{"nertag": "O"}]}, {"base_span": [1075, 1080], "annotations": [{"nertag": "O"}]}, {"base_span": [1081, 1090], "annotations": [{"nertag": "O"}]}, {"base_span": [1091, 1097], "annotations": [{"nertag": "O"}]}, {"base_span": [1098, 1103], "annotations": [{"nertag": "O"}]}, {"base_span": [1104, 1109], "annotations": [{"nertag": "O"}]}, {"base_span": [1110, 1114], "annotations": [{"nertag": "O"}]}, {"base_span": [1115, 1120], "annotations": [{"nertag": "O"}]}, {"base_span": [1121, 1127], "annotations": [{"nertag": "O"}]}, {"base_span": [1128, 1129], "annotations": [{"nertag": "O"}]}, {"base_span": [1130, 1135], "annotations": [{"nertag": "O"}]}, {"base_span": [1136, 1140], "annotations": [{"nertag": "O"}]}, {"base_span": [1140, 1141], "annotations": [{"nertag": "O"}]}, {"base_span": [1143, 1155], "annotations": [{"nertag": "O"}]}, {"base_span": [1155, 1156], "annotations": [{"nertag": "O"}]}, {"base_span": [1157, 1158], "annotations": [{"nertag": "B-PER"}]}, {"base_span": [1158, 1159], "annotations": [{"nertag": "I-PER"}]}, {"base_span": [1160, 1168], "annotations": [{"nertag": "I-PER"}]}, {"base_span": [1170, 1179], "annotations": [{"nertag": "O"}]}, {"base_span": [1179, 1180], "annotations": [{"nertag": "O"}]}, {"base_span": [1181, 1182], "annotations": [{"nertag": "B-PER"}]}, {"base_span": [1182, 1183], "annotations": [{"nertag": "I-PER"}]}, {"base_span": [1184, 1191], "annotations": [{"nertag": "I-PER"}]}, {"base_span": [1193, 1202], "annotations": [{"nertag": "O"}]}, {"base_span": [1202, 1203], "annotations": [{"nertag": "O"}]}, {"base_span": [1204, 1205], "annotations": [{"nertag": "B-PER"}]}, {"base_span": [1207, 1216], "annotations": [{"nertag": "O"}]}, {"base_span": [1217, 1224], "annotations": [{"nertag": "B-PER"}]}, {"base_span": [1224, 1225], "annotations": [{"nertag": "O"}]}]}]}