{"text": "\nKusta Paabor ja tema nene endine Miina Kala tegid oma wahel järgmise leppingu:\n\nMiina annab oma maja ja maa s.o. 1/4 osa kõigest Räustawa talu krundist Ahjawallast Kustale, kes kui peremees ja tema (Miina) mees seal sees walitseb ja kelle omanduseks tema jääb selle eest peab aga Kusta Paabor ja lubab Miina esimse mehe lapsele Jaanile 100 rbl. 1895 aastal kohtu kätte hoiu alla maksma ja tütar Juulale Semmel 1 lehm ja 1 lammas ja 1 rõiwa luhwri ilma rõiwata kui sõsar täisealiseks saab wäljamaksma.\n\nPeale selle peab Kusta paabor weel oma ämma Marit auusaste ülewal pidama ja teda matma peale tema surma. Kusta peab Miina poega Jaani koolitama ja kaswatama niisama ka Juulat.\n\nKusta Paabor &lt;allkiri&gt;\n\nMiina Paabor &lt;allkiri&gt;\n\nEt Kohus kokkuleppijaid pooli tunneb, tunnistab\n\nEesistuja a.s. J. Sikkut &lt;allkiri&gt;\n\nKirjut: J Puusepp &lt;allkiri&gt;\n\n\n", "meta": {"origin_directory": "vallakohus_kolmas/"}, "layers": [{"name": "gold_ner", "attributes": ["nertag"], "parent": null, "enveloping": null, "ambiguous": false, "serialisation_module": null, "meta": {}, "spans": [{"base_span": [1, 13], "annotations": [{"nertag": "PER"}]}, {"base_span": [34, 44], "annotations": [{"nertag": "PER"}]}, {"base_span": [81, 86], "annotations": [{"nertag": "PER"}]}, {"base_span": [130, 143], "annotations": [{"nertag": "LOC_ORG"}]}, {"base_span": [153, 164], "annotations": [{"nertag": "LOC_ORG"}]}, {"base_span": [165, 172], "annotations": [{"nertag": "PER"}]}, {"base_span": [200, 205], "annotations": [{"nertag": "PER"}]}, {"base_span": [281, 293], "annotations": [{"nertag": "PER"}]}, {"base_span": [303, 308], "annotations": [{"nertag": "PER"}]}, {"base_span": [329, 336], "annotations": [{"nertag": "PER"}]}, {"base_span": [396, 410], "annotations": [{"nertag": "PER"}]}, {"base_span": [520, 532], "annotations": [{"nertag": "PER"}]}, {"base_span": [547, 552], "annotations": [{"nertag": "PER"}]}, {"base_span": [619, 624], "annotations": [{"nertag": "PER"}]}, {"base_span": [631, 636], "annotations": [{"nertag": "PER"}]}, {"base_span": [671, 677], "annotations": [{"nertag": "PER"}]}, {"base_span": [680, 692], "annotations": [{"nertag": "PER"}]}, {"base_span": [710, 722], "annotations": [{"nertag": "PER"}]}, {"base_span": [804, 813], "annotations": [{"nertag": "PER"}]}, {"base_span": [839, 848], "annotations": [{"nertag": "PER"}]}]}, {"name": "gold_wordner", "attributes": ["nertag"], "parent": null, "enveloping": null, "ambiguous": false, "serialisation_module": null, "meta": {}, "spans": [{"base_span": [1, 6], "annotations": [{"nertag": "B-PER"}]}, {"base_span": [7, 13], "annotations": [{"nertag": "I-PER"}]}, {"base_span": [14, 16], "annotations": [{"nertag": "O"}]}, {"base_span": [17, 21], "annotations": [{"nertag": "O"}]}, {"base_span": [22, 26], "annotations": [{"nertag": "O"}]}, {"base_span": [27, 33], "annotations": [{"nertag": "O"}]}, {"base_span": [34, 39], "annotations": [{"nertag": "B-PER"}]}, {"base_span": [40, 44], "annotations": [{"nertag": "I-PER"}]}, {"base_span": [45, 50], "annotations": [{"nertag": "O"}]}, {"base_span": [51, 54], "annotations": [{"nertag": "O"}]}, {"base_span": [55, 60], "annotations": [{"nertag": "O"}]}, {"base_span": [61, 69], "annotations": [{"nertag": "O"}]}, {"base_span": [70, 78], "annotations": [{"nertag": "O"}]}, {"base_span": [78, 79], "annotations": [{"nertag": "O"}]}, {"base_span": [81, 86], "annotations": [{"nertag": "B-PER"}]}, {"base_span": [87, 92], "annotations": [{"nertag": "O"}]}, {"base_span": [93, 96], "annotations": [{"nertag": "O"}]}, {"base_span": [97, 101], "annotations": [{"nertag": "O"}]}, {"base_span": [102, 104], "annotations": [{"nertag": "O"}]}, {"base_span": [105, 108], "annotations": [{"nertag": "O"}]}, {"base_span": [109, 110], "annotations": [{"nertag": "O"}]}, {"base_span": [110, 111], "annotations": [{"nertag": "O"}]}, {"base_span": [111, 112], "annotations": [{"nertag": "O"}]}, {"base_span": [112, 113], "annotations": [{"nertag": "O"}]}, {"base_span": [114, 115], "annotations": [{"nertag": "O"}]}, {"base_span": [115, 116], "annotations": [{"nertag": "O"}]}, {"base_span": [116, 117], "annotations": [{"nertag": "O"}]}, {"base_span": [118, 121], "annotations": [{"nertag": "O"}]}, {"base_span": [122, 129], "annotations": [{"nertag": "O"}]}, {"base_span": [130, 138], "annotations": [{"nertag": "B-LOC_ORG"}]}, {"base_span": [139, 143], "annotations": [{"nertag": "I-LOC_ORG"}]}, {"base_span": [144, 152], "annotations": [{"nertag": "O"}]}, {"base_span": [153, 164], "annotations": [{"nertag": "B-LOC_ORG"}]}, {"base_span": [165, 172], "annotations": [{"nertag": "B-PER"}]}, {"base_span": [172, 173], "annotations": [{"nertag": "O"}]}, {"base_span": [174, 177], "annotations": [{"nertag": "O"}]}, {"base_span": [178, 181], "annotations": [{"nertag": "O"}]}, {"base_span": [182, 190], "annotations": [{"nertag": "O"}]}, {"base_span": [191, 193], "annotations": [{"nertag": "O"}]}, {"base_span": [194, 198], "annotations": [{"nertag": "O"}]}, {"base_span": [199, 200], "annotations": [{"nertag": "O"}]}, {"base_span": [200, 205], "annotations": [{"nertag": "B-PER"}]}, {"base_span": [205, 206], "annotations": [{"nertag": "O"}]}, {"base_span": [207, 211], "annotations": [{"nertag": "O"}]}, {"base_span": [212, 216], "annotations": [{"nertag": "O"}]}, {"base_span": [217, 221], "annotations": [{"nertag": "O"}]}, {"base_span": [222, 230], "annotations": [{"nertag": "O"}]}, {"base_span": [231, 233], "annotations": [{"nertag": "O"}]}, {"base_span": [234, 239], "annotations": [{"nertag": "O"}]}, {"base_span": [240, 250], "annotations": [{"nertag": "O"}]}, {"base_span": [251, 255], "annotations": [{"nertag": "O"}]}, {"base_span": [256, 260], "annotations": [{"nertag": "O"}]}, {"base_span": [261, 266], "annotations": [{"nertag": "O"}]}, {"base_span": [267, 271], "annotations": [{"nertag": "O"}]}, {"base_span": [272, 276], "annotations": [{"nertag": "O"}]}, {"base_span": [277, 280], "annotations": [{"nertag": "O"}]}, {"base_span": [281, 286], "annotations": [{"nertag": "B-PER"}]}, {"base_span": [287, 293], "annotations": [{"nertag": "I-PER"}]}, {"base_span": [294, 296], "annotations": [{"nertag": "O"}]}, {"base_span": [297, 302], "annotations": [{"nertag": "O"}]}, {"base_span": [303, 308], "annotations": [{"nertag": "B-PER"}]}, {"base_span": [309, 315], "annotations": [{"nertag": "O"}]}, {"base_span": [316, 320], "annotations": [{"nertag": "O"}]}, {"base_span": [321, 328], "annotations": [{"nertag": "O"}]}, {"base_span": [329, 336], "annotations": [{"nertag": "B-PER"}]}, {"base_span": [337, 340], "annotations": [{"nertag": "O"}]}, {"base_span": [341, 344], "annotations": [{"nertag": "O"}]}, {"base_span": [344, 345], "annotations": [{"nertag": "O"}]}, {"base_span": [346, 350], "annotations": [{"nertag": "O"}]}, {"base_span": [351, 357], "annotations": [{"nertag": "O"}]}, {"base_span": [358, 363], "annotations": [{"nertag": "O"}]}, {"base_span": [364, 369], "annotations": [{"nertag": "O"}]}, {"base_span": [370, 374], "annotations": [{"nertag": "O"}]}, {"base_span": [375, 379], "annotations": [{"nertag": "O"}]}, {"base_span": [380, 386], "annotations": [{"nertag": "O"}]}, {"base_span": [387, 389], "annotations": [{"nertag": "O"}]}, {"base_span": [390, 395], "annotations": [{"nertag": "O"}]}, {"base_span": [396, 403], "annotations": [{"nertag": "B-PER"}]}, {"base_span": [404, 410], "annotations": [{"nertag": "I-PER"}]}, {"base_span": [411, 412], "annotations": [{"nertag": "O"}]}, {"base_span": [413, 417], "annotations": [{"nertag": "O"}]}, {"base_span": [418, 420], "annotations": [{"nertag": "O"}]}, {"base_span": [421, 422], "annotations": [{"nertag": "O"}]}, {"base_span": [423, 429], "annotations": [{"nertag": "O"}]}, {"base_span": [430, 432], "annotations": [{"nertag": "O"}]}, {"base_span": [433, 434], "annotations": [{"nertag": "O"}]}, {"base_span": [435, 440], "annotations": [{"nertag": "O"}]}, {"base_span": [441, 447], "annotations": [{"nertag": "O"}]}, {"base_span": [448, 452], "annotations": [{"nertag": "O"}]}, {"base_span": [453, 460], "annotations": [{"nertag": "O"}]}, {"base_span": [461, 464], "annotations": [{"nertag": "O"}]}, {"base_span": [465, 470], "annotations": [{"nertag": "O"}]}, {"base_span": [471, 483], "annotations": [{"nertag": "O"}]}, {"base_span": [484, 488], "annotations": [{"nertag": "O"}]}, {"base_span": [489, 500], "annotations": [{"nertag": "O"}]}, {"base_span": [500, 501], "annotations": [{"nertag": "O"}]}, {"base_span": [503, 508], "annotations": [{"nertag": "O"}]}, {"base_span": [509, 514], "annotations": [{"nertag": "O"}]}, {"base_span": [515, 519], "annotations": [{"nertag": "O"}]}, {"base_span": [520, 525], "annotations": [{"nertag": "B-PER"}]}, {"base_span": [526, 532], "annotations": [{"nertag": "I-PER"}]}, {"base_span": [533, 537], "annotations": [{"nertag": "O"}]}, {"base_span": [538, 541], "annotations": [{"nertag": "O"}]}, {"base_span": [542, 546], "annotations": [{"nertag": "O"}]}, {"base_span": [547, 552], "annotations": [{"nertag": "B-PER"}]}, {"base_span": [553, 561], "annotations": [{"nertag": "O"}]}, {"base_span": [562, 568], "annotations": [{"nertag": "O"}]}, {"base_span": [569, 575], "annotations": [{"nertag": "O"}]}, {"base_span": [576, 578], "annotations": [{"nertag": "O"}]}, {"base_span": [579, 583], "annotations": [{"nertag": "O"}]}, {"base_span": [584, 589], "annotations": [{"nertag": "O"}]}, {"base_span": [590, 595], "annotations": [{"nertag": "O"}]}, {"base_span": [596, 600], "annotations": [{"nertag": "O"}]}, {"base_span": [601, 606], "annotations": [{"nertag": "O"}]}, {"base_span": [606, 607], "annotations": [{"nertag": "O"}]}, {"base_span": [608, 613], "annotations": [{"nertag": "O"}]}, {"base_span": [614, 618], "annotations": [{"nertag": "O"}]}, {"base_span": [619, 624], "annotations": [{"nertag": "B-PER"}]}, {"base_span": [625, 630], "annotations": [{"nertag": "O"}]}, {"base_span": [631, 636], "annotations": [{"nertag": "B-PER"}]}, {"base_span": [637, 646], "annotations": [{"nertag": "O"}]}, {"base_span": [647, 649], "annotations": [{"nertag": "O"}]}, {"base_span": [650, 659], "annotations": [{"nertag": "O"}]}, {"base_span": [660, 667], "annotations": [{"nertag": "O"}]}, {"base_span": [668, 670], "annotations": [{"nertag": "O"}]}, {"base_span": [671, 677], "annotations": [{"nertag": "B-PER"}]}, {"base_span": [677, 678], "annotations": [{"nertag": "O"}]}, {"base_span": [680, 685], "annotations": [{"nertag": "B-PER"}]}, {"base_span": [686, 692], "annotations": [{"nertag": "I-PER"}]}, {"base_span": [693, 694], "annotations": [{"nertag": "O"}]}, {"base_span": [694, 696], "annotations": [{"nertag": "O"}]}, {"base_span": [696, 697], "annotations": [{"nertag": "O"}]}, {"base_span": [697, 704], "annotations": [{"nertag": "O"}]}, {"base_span": [704, 705], "annotations": [{"nertag": "O"}]}, {"base_span": [705, 707], "annotations": [{"nertag": "O"}]}, {"base_span": [707, 708], "annotations": [{"nertag": "O"}]}, {"base_span": [710, 715], "annotations": [{"nertag": "B-PER"}]}, {"base_span": [716, 722], "annotations": [{"nertag": "I-PER"}]}, {"base_span": [723, 724], "annotations": [{"nertag": "O"}]}, {"base_span": [724, 726], "annotations": [{"nertag": "O"}]}, {"base_span": [726, 727], "annotations": [{"nertag": "O"}]}, {"base_span": [727, 734], "annotations": [{"nertag": "O"}]}, {"base_span": [734, 735], "annotations": [{"nertag": "O"}]}, {"base_span": [735, 737], "annotations": [{"nertag": "O"}]}, {"base_span": [737, 738], "annotations": [{"nertag": "O"}]}, {"base_span": [740, 742], "annotations": [{"nertag": "O"}]}, {"base_span": [743, 748], "annotations": [{"nertag": "O"}]}, {"base_span": [749, 763], "annotations": [{"nertag": "O"}]}, {"base_span": [764, 769], "annotations": [{"nertag": "O"}]}, {"base_span": [770, 776], "annotations": [{"nertag": "O"}]}, {"base_span": [776, 777], "annotations": [{"nertag": "O"}]}, {"base_span": [778, 787], "annotations": [{"nertag": "O"}]}, {"base_span": [789, 798], "annotations": [{"nertag": "O"}]}, {"base_span": [799, 800], "annotations": [{"nertag": "O"}]}, {"base_span": [800, 801], "annotations": [{"nertag": "O"}]}, {"base_span": [801, 802], "annotations": [{"nertag": "O"}]}, {"base_span": [802, 803], "annotations": [{"nertag": "O"}]}, {"base_span": [804, 805], "annotations": [{"nertag": "B-PER"}]}, {"base_span": [805, 806], "annotations": [{"nertag": "I-PER"}]}, {"base_span": [807, 813], "annotations": [{"nertag": "I-PER"}]}, {"base_span": [814, 815], "annotations": [{"nertag": "O"}]}, {"base_span": [815, 817], "annotations": [{"nertag": "O"}]}, {"base_span": [817, 818], "annotations": [{"nertag": "O"}]}, {"base_span": [818, 825], "annotations": [{"nertag": "O"}]}, {"base_span": [825, 826], "annotations": [{"nertag": "O"}]}, {"base_span": [826, 828], "annotations": [{"nertag": "O"}]}, {"base_span": [828, 829], "annotations": [{"nertag": "O"}]}, {"base_span": [831, 837], "annotations": [{"nertag": "O"}]}, {"base_span": [837, 838], "annotations": [{"nertag": "O"}]}, {"base_span": [839, 840], "annotations": [{"nertag": "B-PER"}]}, {"base_span": [841, 848], "annotations": [{"nertag": "I-PER"}]}, {"base_span": [849, 850], "annotations": [{"nertag": "O"}]}, {"base_span": [850, 852], "annotations": [{"nertag": "O"}]}, {"base_span": [852, 853], "annotations": [{"nertag": "O"}]}, {"base_span": [853, 860], "annotations": [{"nertag": "O"}]}, {"base_span": [860, 861], "annotations": [{"nertag": "O"}]}, {"base_span": [861, 863], "annotations": [{"nertag": "O"}]}, {"base_span": [863, 864], "annotations": [{"nertag": "O"}]}]}]}