{"text": "\nGawrilla Nemetz kaebab omma wenna Feodor Nemetz peale nemmad olla lahhutust tahtnud. Feodor saanud parrema maea ja temma alwema ja piddanud 70. rubla alwema maeale juure maksma, on 35 rubla kätte saanud ja nõuab nüüd 35 rubla.\n\nFeodor Nemetz kostab, et temma piddanud keigist 35. rubla juuremaksma (halwema maeale)\n\nTimofei Maltzew tunnistab, et Feodor Nemetz piddanud 70. rubla juure maksma\n\nSahar Iwanow Koplukow tuunistab: et temma sest asjast keddagi ei tea\n\nIwan nikolajew Milliontschikow tunnistab; nisamma kui Timofei Maltzew.\n\nFeodor Nemetz kostab nüüd, et on lubbanud 70. rubla, agga jaommalt rahha. \n\nTunnistus sai awwaldut.\n\nKohhus moistis:\n\nTunnistuse ja omma ennise wäljaütlemise järrele järrele on Feodor Nemetz omma wenna Gawrilale 70. rubla halwema maeale juure lubbanud 35. rubla ärra maksnud ja peab puduwad 35. rubla wenna Gawril Nemetzile 8. paewa sees wäljamaksma\n\n/:Otsus kulutud sel 6. julil. c. Tallorahwa seaduse ramato §§ N2 ja N3 juhhatusel, ja oppuse kirjad wäljaantud:/ Feodor Nemetz kulutas sel 9. Julil, et temma otsusega rahhule ei olle, mis peale temmale kohhe appelatsioni kiri wäljaantud sai\n \n\nA. Krimm [allkiri], pea\nA. Pärn [allkiri], kohtumees\nxxx Tawet Kook, \"\n\nxxx Josep Maddi, \"\n\n\n", "meta": {"origin_directory": "vallakohus_kolmas/"}, "layers": [{"name": "gold_ner", "attributes": ["nertag"], "parent": null, "enveloping": null, "ambiguous": false, "serialisation_module": null, "meta": {}, "spans": [{"base_span": [1, 16], "annotations": [{"nertag": "PER"}]}, {"base_span": [35, 48], "annotations": [{"nertag": "PER"}]}, {"base_span": [86, 92], "annotations": [{"nertag": "PER"}]}, {"base_span": [229, 242], "annotations": [{"nertag": "PER"}]}, {"base_span": [317, 332], "annotations": [{"nertag": "PER"}]}, {"base_span": [347, 360], "annotations": [{"nertag": "PER"}]}, {"base_span": [394, 415], "annotations": [{"nertag": "PER"}]}, {"base_span": [464, 494], "annotations": [{"nertag": "PER"}]}, {"base_span": [518, 533], "annotations": [{"nertag": "PER"}]}, {"base_span": [536, 549], "annotations": [{"nertag": "PER"}]}, {"base_span": [713, 726], "annotations": [{"nertag": "PER"}]}, {"base_span": [738, 747], "annotations": [{"nertag": "PER"}]}, {"base_span": [843, 859], "annotations": [{"nertag": "PER"}]}, {"base_span": [920, 945], "annotations": [{"nertag": "MISC"}]}, {"base_span": [1000, 1013], "annotations": [{"nertag": "PER"}]}, {"base_span": [1131, 1139], "annotations": [{"nertag": "PER"}]}, {"base_span": [1155, 1162], "annotations": [{"nertag": "PER"}]}, {"base_span": [1188, 1198], "annotations": [{"nertag": "PER"}]}, {"base_span": [1207, 1218], "annotations": [{"nertag": "PER"}]}]}, {"name": "gold_wordner", "attributes": ["nertag"], "parent": null, "enveloping": null, "ambiguous": false, "serialisation_module": null, "meta": {}, "spans": [{"base_span": [1, 9], "annotations": [{"nertag": "B-PER"}]}, {"base_span": [10, 16], "annotations": [{"nertag": "I-PER"}]}, {"base_span": [17, 23], "annotations": [{"nertag": "O"}]}, {"base_span": [24, 28], "annotations": [{"nertag": "O"}]}, {"base_span": [29, 34], "annotations": [{"nertag": "O"}]}, {"base_span": [35, 41], "annotations": [{"nertag": "B-PER"}]}, {"base_span": [42, 48], "annotations": [{"nertag": "I-PER"}]}, {"base_span": [49, 54], "annotations": [{"nertag": "O"}]}, {"base_span": [55, 61], "annotations": [{"nertag": "O"}]}, {"base_span": [62, 66], "annotations": [{"nertag": "O"}]}, {"base_span": [67, 76], "annotations": [{"nertag": "O"}]}, {"base_span": [77, 84], "annotations": [{"nertag": "O"}]}, {"base_span": [84, 85], "annotations": [{"nertag": "O"}]}, {"base_span": [86, 92], "annotations": [{"nertag": "B-PER"}]}, {"base_span": [93, 99], "annotations": [{"nertag": "O"}]}, {"base_span": [100, 107], "annotations": [{"nertag": "O"}]}, {"base_span": [108, 112], "annotations": [{"nertag": "O"}]}, {"base_span": [113, 115], "annotations": [{"nertag": "O"}]}, {"base_span": [116, 121], "annotations": [{"nertag": "O"}]}, {"base_span": [122, 128], "annotations": [{"nertag": "O"}]}, {"base_span": [129, 131], "annotations": [{"nertag": "O"}]}, {"base_span": [132, 140], "annotations": [{"nertag": "O"}]}, {"base_span": [141, 144], "annotations": [{"nertag": "O"}]}, {"base_span": [145, 150], "annotations": [{"nertag": "O"}]}, {"base_span": [151, 157], "annotations": [{"nertag": "O"}]}, {"base_span": [158, 164], "annotations": [{"nertag": "O"}]}, {"base_span": [165, 170], "annotations": [{"nertag": "O"}]}, {"base_span": [171, 177], "annotations": [{"nertag": "O"}]}, {"base_span": [177, 178], "annotations": [{"nertag": "O"}]}, {"base_span": [179, 181], "annotations": [{"nertag": "O"}]}, {"base_span": [182, 184], "annotations": [{"nertag": "O"}]}, {"base_span": [185, 190], "annotations": [{"nertag": "O"}]}, {"base_span": [191, 196], "annotations": [{"nertag": "O"}]}, {"base_span": [197, 203], "annotations": [{"nertag": "O"}]}, {"base_span": [204, 206], "annotations": [{"nertag": "O"}]}, {"base_span": [207, 212], "annotations": [{"nertag": "O"}]}, {"base_span": [213, 217], "annotations": [{"nertag": "O"}]}, {"base_span": [218, 220], "annotations": [{"nertag": "O"}]}, {"base_span": [221, 226], "annotations": [{"nertag": "O"}]}, {"base_span": [226, 227], "annotations": [{"nertag": "O"}]}, {"base_span": [229, 235], "annotations": [{"nertag": "B-PER"}]}, {"base_span": [236, 242], "annotations": [{"nertag": "I-PER"}]}, {"base_span": [243, 249], "annotations": [{"nertag": "O"}]}, {"base_span": [249, 250], "annotations": [{"nertag": "O"}]}, {"base_span": [251, 253], "annotations": [{"nertag": "O"}]}, {"base_span": [254, 259], "annotations": [{"nertag": "O"}]}, {"base_span": [260, 268], "annotations": [{"nertag": "O"}]}, {"base_span": [269, 276], "annotations": [{"nertag": "O"}]}, {"base_span": [277, 280], "annotations": [{"nertag": "O"}]}, {"base_span": [281, 286], "annotations": [{"nertag": "O"}]}, {"base_span": [287, 298], "annotations": [{"nertag": "O"}]}, {"base_span": [299, 300], "annotations": [{"nertag": "O"}]}, {"base_span": [300, 307], "annotations": [{"nertag": "O"}]}, {"base_span": [308, 314], "annotations": [{"nertag": "O"}]}, {"base_span": [314, 315], "annotations": [{"nertag": "O"}]}, {"base_span": [317, 324], "annotations": [{"nertag": "B-PER"}]}, {"base_span": [325, 332], "annotations": [{"nertag": "I-PER"}]}, {"base_span": [333, 342], "annotations": [{"nertag": "O"}]}, {"base_span": [342, 343], "annotations": [{"nertag": "O"}]}, {"base_span": [344, 346], "annotations": [{"nertag": "O"}]}, {"base_span": [347, 353], "annotations": [{"nertag": "B-PER"}]}, {"base_span": [354, 360], "annotations": [{"nertag": "I-PER"}]}, {"base_span": [361, 369], "annotations": [{"nertag": "O"}]}, {"base_span": [370, 373], "annotations": [{"nertag": "O"}]}, {"base_span": [374, 379], "annotations": [{"nertag": "O"}]}, {"base_span": [380, 385], "annotations": [{"nertag": "O"}]}, {"base_span": [386, 392], "annotations": [{"nertag": "O"}]}, {"base_span": [394, 399], "annotations": [{"nertag": "B-PER"}]}, {"base_span": [400, 406], "annotations": [{"nertag": "I-PER"}]}, {"base_span": [407, 415], "annotations": [{"nertag": "I-PER"}]}, {"base_span": [416, 425], "annotations": [{"nertag": "O"}]}, {"base_span": [425, 426], "annotations": [{"nertag": "O"}]}, {"base_span": [427, 429], "annotations": [{"nertag": "O"}]}, {"base_span": [430, 435], "annotations": [{"nertag": "O"}]}, {"base_span": [436, 440], "annotations": [{"nertag": "O"}]}, {"base_span": [441, 447], "annotations": [{"nertag": "O"}]}, {"base_span": [448, 455], "annotations": [{"nertag": "O"}]}, {"base_span": [456, 458], "annotations": [{"nertag": "O"}]}, {"base_span": [459, 462], "annotations": [{"nertag": "O"}]}, {"base_span": [464, 468], "annotations": [{"nertag": "B-PER"}]}, {"base_span": [469, 478], "annotations": [{"nertag": "I-PER"}]}, {"base_span": [479, 494], "annotations": [{"nertag": "I-PER"}]}, {"base_span": [495, 504], "annotations": [{"nertag": "O"}]}, {"base_span": [504, 505], "annotations": [{"nertag": "O"}]}, {"base_span": [506, 513], "annotations": [{"nertag": "O"}]}, {"base_span": [514, 517], "annotations": [{"nertag": "O"}]}, {"base_span": [518, 525], "annotations": [{"nertag": "B-PER"}]}, {"base_span": [526, 533], "annotations": [{"nertag": "I-PER"}]}, {"base_span": [533, 534], "annotations": [{"nertag": "O"}]}, {"base_span": [536, 542], "annotations": [{"nertag": "B-PER"}]}, {"base_span": [543, 549], "annotations": [{"nertag": "I-PER"}]}, {"base_span": [550, 556], "annotations": [{"nertag": "O"}]}, {"base_span": [557, 561], "annotations": [{"nertag": "O"}]}, {"base_span": [561, 562], "annotations": [{"nertag": "O"}]}, {"base_span": [563, 565], "annotations": [{"nertag": "O"}]}, {"base_span": [566, 568], "annotations": [{"nertag": "O"}]}, {"base_span": [569, 577], "annotations": [{"nertag": "O"}]}, {"base_span": [578, 581], "annotations": [{"nertag": "O"}]}, {"base_span": [582, 587], "annotations": [{"nertag": "O"}]}, {"base_span": [587, 588], "annotations": [{"nertag": "O"}]}, {"base_span": [589, 593], "annotations": [{"nertag": "O"}]}, {"base_span": [594, 602], "annotations": [{"nertag": "O"}]}, {"base_span": [603, 608], "annotations": [{"nertag": "O"}]}, {"base_span": [608, 609], "annotations": [{"nertag": "O"}]}, {"base_span": [612, 621], "annotations": [{"nertag": "O"}]}, {"base_span": [622, 625], "annotations": [{"nertag": "O"}]}, {"base_span": [626, 634], "annotations": [{"nertag": "O"}]}, {"base_span": [634, 635], "annotations": [{"nertag": "O"}]}, {"base_span": [637, 643], "annotations": [{"nertag": "O"}]}, {"base_span": [644, 651], "annotations": [{"nertag": "O"}]}, {"base_span": [651, 652], "annotations": [{"nertag": "O"}]}, {"base_span": [654, 664], "annotations": [{"nertag": "O"}]}, {"base_span": [665, 667], "annotations": [{"nertag": "O"}]}, {"base_span": [668, 672], "annotations": [{"nertag": "O"}]}, {"base_span": [673, 679], "annotations": [{"nertag": "O"}]}, {"base_span": [680, 693], "annotations": [{"nertag": "O"}]}, {"base_span": [694, 701], "annotations": [{"nertag": "O"}]}, {"base_span": [702, 709], "annotations": [{"nertag": "O"}]}, {"base_span": [710, 712], "annotations": [{"nertag": "O"}]}, {"base_span": [713, 719], "annotations": [{"nertag": "B-PER"}]}, {"base_span": [720, 726], "annotations": [{"nertag": "I-PER"}]}, {"base_span": [727, 731], "annotations": [{"nertag": "O"}]}, {"base_span": [732, 737], "annotations": [{"nertag": "O"}]}, {"base_span": [738, 747], "annotations": [{"nertag": "B-PER"}]}, {"base_span": [748, 751], "annotations": [{"nertag": "O"}]}, {"base_span": [752, 757], "annotations": [{"nertag": "O"}]}, {"base_span": [758, 765], "annotations": [{"nertag": "O"}]}, {"base_span": [766, 772], "annotations": [{"nertag": "O"}]}, {"base_span": [773, 778], "annotations": [{"nertag": "O"}]}, {"base_span": [779, 787], "annotations": [{"nertag": "O"}]}, {"base_span": [788, 791], "annotations": [{"nertag": "O"}]}, {"base_span": [792, 797], "annotations": [{"nertag": "O"}]}, {"base_span": [798, 802], "annotations": [{"nertag": "O"}]}, {"base_span": [803, 810], "annotations": [{"nertag": "O"}]}, {"base_span": [811, 813], "annotations": [{"nertag": "O"}]}, {"base_span": [814, 818], "annotations": [{"nertag": "O"}]}, {"base_span": [819, 826], "annotations": [{"nertag": "O"}]}, {"base_span": [827, 830], "annotations": [{"nertag": "O"}]}, {"base_span": [831, 836], "annotations": [{"nertag": "O"}]}, {"base_span": [837, 842], "annotations": [{"nertag": "O"}]}, {"base_span": [843, 849], "annotations": [{"nertag": "B-PER"}]}, {"base_span": [850, 859], "annotations": [{"nertag": "I-PER"}]}, {"base_span": [860, 862], "annotations": [{"nertag": "O"}]}, {"base_span": [863, 868], "annotations": [{"nertag": "O"}]}, {"base_span": [869, 873], "annotations": [{"nertag": "O"}]}, {"base_span": [874, 885], "annotations": [{"nertag": "O"}]}, {"base_span": [887, 888], "annotations": [{"nertag": "O"}]}, {"base_span": [888, 889], "annotations": [{"nertag": "O"}]}, {"base_span": [889, 894], "annotations": [{"nertag": "O"}]}, {"base_span": [895, 902], "annotations": [{"nertag": "O"}]}, {"base_span": [903, 906], "annotations": [{"nertag": "O"}]}, {"base_span": [907, 909], "annotations": [{"nertag": "O"}]}, {"base_span": [910, 915], "annotations": [{"nertag": "O"}]}, {"base_span": [915, 916], "annotations": [{"nertag": "O"}]}, {"base_span": [917, 918], "annotations": [{"nertag": "O"}]}, {"base_span": [918, 919], "annotations": [{"nertag": "O"}]}, {"base_span": [920, 930], "annotations": [{"nertag": "B-MISC"}]}, {"base_span": [931, 938], "annotations": [{"nertag": "I-MISC"}]}, {"base_span": [939, 945], "annotations": [{"nertag": "I-MISC"}]}, {"base_span": [946, 948], "annotations": [{"nertag": "O"}]}, {"base_span": [949, 951], "annotations": [{"nertag": "O"}]}, {"base_span": [952, 954], "annotations": [{"nertag": "O"}]}, {"base_span": [955, 957], "annotations": [{"nertag": "O"}]}, {"base_span": [958, 968], "annotations": [{"nertag": "O"}]}, {"base_span": [968, 969], "annotations": [{"nertag": "O"}]}, {"base_span": [970, 972], "annotations": [{"nertag": "O"}]}, {"base_span": [973, 979], "annotations": [{"nertag": "O"}]}, {"base_span": [980, 986], "annotations": [{"nertag": "O"}]}, {"base_span": [987, 997], "annotations": [{"nertag": "O"}]}, {"base_span": [997, 998], "annotations": [{"nertag": "O"}]}, {"base_span": [998, 999], "annotations": [{"nertag": "O"}]}, {"base_span": [1000, 1006], "annotations": [{"nertag": "B-PER"}]}, {"base_span": [1007, 1013], "annotations": [{"nertag": "I-PER"}]}, {"base_span": [1014, 1021], "annotations": [{"nertag": "O"}]}, {"base_span": [1022, 1025], "annotations": [{"nertag": "O"}]}, {"base_span": [1026, 1028], "annotations": [{"nertag": "O"}]}, {"base_span": [1029, 1034], "annotations": [{"nertag": "O"}]}, {"base_span": [1034, 1035], "annotations": [{"nertag": "O"}]}, {"base_span": [1036, 1038], "annotations": [{"nertag": "O"}]}, {"base_span": [1039, 1044], "annotations": [{"nertag": "O"}]}, {"base_span": [1045, 1053], "annotations": [{"nertag": "O"}]}, {"base_span": [1054, 1061], "annotations": [{"nertag": "O"}]}, {"base_span": [1062, 1064], "annotations": [{"nertag": "O"}]}, {"base_span": [1065, 1069], "annotations": [{"nertag": "O"}]}, {"base_span": [1069, 1070], "annotations": [{"nertag": "O"}]}, {"base_span": [1071, 1074], "annotations": [{"nertag": "O"}]}, {"base_span": [1075, 1080], "annotations": [{"nertag": "O"}]}, {"base_span": [1081, 1088], "annotations": [{"nertag": "O"}]}, {"base_span": [1089, 1094], "annotations": [{"nertag": "O"}]}, {"base_span": [1095, 1107], "annotations": [{"nertag": "O"}]}, {"base_span": [1108, 1112], "annotations": [{"nertag": "O"}]}, {"base_span": [1113, 1123], "annotations": [{"nertag": "O"}]}, {"base_span": [1124, 1127], "annotations": [{"nertag": "O"}]}, {"base_span": [1131, 1132], "annotations": [{"nertag": "B-PER"}]}, {"base_span": [1132, 1133], "annotations": [{"nertag": "I-PER"}]}, {"base_span": [1134, 1139], "annotations": [{"nertag": "I-PER"}]}, {"base_span": [1140, 1141], "annotations": [{"nertag": "O"}]}, {"base_span": [1141, 1148], "annotations": [{"nertag": "O"}]}, {"base_span": [1148, 1149], "annotations": [{"nertag": "O"}]}, {"base_span": [1149, 1150], "annotations": [{"nertag": "O"}]}, {"base_span": [1151, 1154], "annotations": [{"nertag": "O"}]}, {"base_span": [1155, 1156], "annotations": [{"nertag": "B-PER"}]}, {"base_span": [1156, 1157], "annotations": [{"nertag": "I-PER"}]}, {"base_span": [1158, 1162], "annotations": [{"nertag": "I-PER"}]}, {"base_span": [1163, 1164], "annotations": [{"nertag": "O"}]}, {"base_span": [1164, 1171], "annotations": [{"nertag": "O"}]}, {"base_span": [1171, 1172], "annotations": [{"nertag": "O"}]}, {"base_span": [1172, 1173], "annotations": [{"nertag": "O"}]}, {"base_span": [1174, 1183], "annotations": [{"nertag": "O"}]}, {"base_span": [1184, 1187], "annotations": [{"nertag": "O"}]}, {"base_span": [1188, 1193], "annotations": [{"nertag": "B-PER"}]}, {"base_span": [1194, 1198], "annotations": [{"nertag": "I-PER"}]}, {"base_span": [1198, 1199], "annotations": [{"nertag": "O"}]}, {"base_span": [1200, 1201], "annotations": [{"nertag": "O"}]}, {"base_span": [1203, 1206], "annotations": [{"nertag": "O"}]}, {"base_span": [1207, 1212], "annotations": [{"nertag": "B-PER"}]}, {"base_span": [1213, 1218], "annotations": [{"nertag": "I-PER"}]}, {"base_span": [1218, 1219], "annotations": [{"nertag": "O"}]}, {"base_span": [1220, 1221], "annotations": [{"nertag": "O"}]}]}]}