{"text": "\nSaamo Tikk, Kuristalt kaibas, et temal Jakop Koori käest 101 rbl. 20 kop. mis ta Aprilli terminil 1884 1. Aprillil 1884 Ahja mõisade Koori eest maksnud ja mis esimese protsessi aegu ülesandmata on jäänud - nõuab seda raha kõige protsentiga arwatud 1. Aprillist 1884 maksmise päiwini kätte.\n\nJakop Kooril ei ole midagi selle wastu, waid ütles nõudmise õige olewat.\n\nMõiste: Jakop Koor maksab 8 päiwa sees 101 rbl. 20 kop. ja selle juure protsentid 1. Aprillist 1884 kuni maksmise päiwani arwatud Saamo Tiku hääks wälja.\n\nPääkohtumees: P. Kripson\n\nKohtumees: P. Hindrikson\n\nKohtumees: K. Iwanthal\n\nKohtumees: K. Wossman\n\nMõiste sai kohtukäijatele kuulutatud T.S.R. §772-774 järele aastast 1860 ja õpus antud mis tähele panda tuleb kui keegi kõrgemat kohut nõuab ning olid kohtukäijad rahul.\n\nKirjutaja:\n\n\n", "meta": {"origin_directory": "vallakohus_neljas/"}, "layers": [{"name": "gold_ner", "attributes": ["nertag"], "parent": null, "enveloping": null, "ambiguous": false, "serialisation_module": null, "meta": {}, "spans": [{"base_span": [1, 11], "annotations": [{"nertag": "PER"}]}, {"base_span": [13, 22], "annotations": [{"nertag": "LOC"}]}, {"base_span": [40, 51], "annotations": [{"nertag": "PER"}]}, {"base_span": [121, 133], "annotations": [{"nertag": "LOC_ORG"}]}, {"base_span": [134, 139], "annotations": [{"nertag": "PER"}]}, {"base_span": [292, 304], "annotations": [{"nertag": "PER"}]}, {"base_span": [374, 384], "annotations": [{"nertag": "PER"}]}, {"base_span": [496, 506], "annotations": [{"nertag": "PER"}]}, {"base_span": [535, 545], "annotations": [{"nertag": "PER"}]}, {"base_span": [558, 571], "annotations": [{"nertag": "PER"}]}, {"base_span": [584, 595], "annotations": [{"nertag": "PER"}]}, {"base_span": [608, 618], "annotations": [{"nertag": "PER"}]}, {"base_span": [657, 663], "annotations": [{"nertag": "MISC"}]}]}, {"name": "gold_wordner", "attributes": ["nertag"], "parent": null, "enveloping": null, "ambiguous": false, "serialisation_module": null, "meta": {}, "spans": [{"base_span": [1, 6], "annotations": [{"nertag": "B-PER"}]}, {"base_span": [7, 11], "annotations": [{"nertag": "I-PER"}]}, {"base_span": [11, 12], "annotations": [{"nertag": "O"}]}, {"base_span": [13, 22], "annotations": [{"nertag": "B-LOC"}]}, {"base_span": [23, 29], "annotations": [{"nertag": "O"}]}, {"base_span": [29, 30], "annotations": [{"nertag": "O"}]}, {"base_span": [31, 33], "annotations": [{"nertag": "O"}]}, {"base_span": [34, 39], "annotations": [{"nertag": "O"}]}, {"base_span": [40, 45], "annotations": [{"nertag": "B-PER"}]}, {"base_span": [46, 51], "annotations": [{"nertag": "I-PER"}]}, {"base_span": [52, 57], "annotations": [{"nertag": "O"}]}, {"base_span": [58, 61], "annotations": [{"nertag": "O"}]}, {"base_span": [62, 65], "annotations": [{"nertag": "O"}]}, {"base_span": [65, 66], "annotations": [{"nertag": "O"}]}, {"base_span": [67, 69], "annotations": [{"nertag": "O"}]}, {"base_span": [70, 73], "annotations": [{"nertag": "O"}]}, {"base_span": [73, 74], "annotations": [{"nertag": "O"}]}, {"base_span": [75, 78], "annotations": [{"nertag": "O"}]}, {"base_span": [79, 81], "annotations": [{"nertag": "O"}]}, {"base_span": [82, 89], "annotations": [{"nertag": "O"}]}, {"base_span": [90, 98], "annotations": [{"nertag": "O"}]}, {"base_span": [99, 103], "annotations": [{"nertag": "O"}]}, {"base_span": [104, 106], "annotations": [{"nertag": "O"}]}, {"base_span": [107, 115], "annotations": [{"nertag": "O"}]}, {"base_span": [116, 120], "annotations": [{"nertag": "O"}]}, {"base_span": [121, 125], "annotations": [{"nertag": "B-LOC_ORG"}]}, {"base_span": [126, 133], "annotations": [{"nertag": "I-LOC_ORG"}]}, {"base_span": [134, 139], "annotations": [{"nertag": "B-PER"}]}, {"base_span": [140, 144], "annotations": [{"nertag": "O"}]}, {"base_span": [145, 152], "annotations": [{"nertag": "O"}]}, {"base_span": [153, 155], "annotations": [{"nertag": "O"}]}, {"base_span": [156, 159], "annotations": [{"nertag": "O"}]}, {"base_span": [160, 167], "annotations": [{"nertag": "O"}]}, {"base_span": [168, 177], "annotations": [{"nertag": "O"}]}, {"base_span": [178, 182], "annotations": [{"nertag": "O"}]}, {"base_span": [183, 194], "annotations": [{"nertag": "O"}]}, {"base_span": [195, 197], "annotations": [{"nertag": "O"}]}, {"base_span": [198, 204], "annotations": [{"nertag": "O"}]}, {"base_span": [205, 206], "annotations": [{"nertag": "O"}]}, {"base_span": [207, 212], "annotations": [{"nertag": "O"}]}, {"base_span": [213, 217], "annotations": [{"nertag": "O"}]}, {"base_span": [218, 222], "annotations": [{"nertag": "O"}]}, {"base_span": [223, 228], "annotations": [{"nertag": "O"}]}, {"base_span": [229, 240], "annotations": [{"nertag": "O"}]}, {"base_span": [241, 248], "annotations": [{"nertag": "O"}]}, {"base_span": [249, 251], "annotations": [{"nertag": "O"}]}, {"base_span": [252, 261], "annotations": [{"nertag": "O"}]}, {"base_span": [262, 266], "annotations": [{"nertag": "O"}]}, {"base_span": [267, 275], "annotations": [{"nertag": "O"}]}, {"base_span": [276, 283], "annotations": [{"nertag": "O"}]}, {"base_span": [284, 289], "annotations": [{"nertag": "O"}]}, {"base_span": [289, 290], "annotations": [{"nertag": "O"}]}, {"base_span": [292, 297], "annotations": [{"nertag": "B-PER"}]}, {"base_span": [298, 304], "annotations": [{"nertag": "I-PER"}]}, {"base_span": [305, 307], "annotations": [{"nertag": "O"}]}, {"base_span": [308, 311], "annotations": [{"nertag": "O"}]}, {"base_span": [312, 318], "annotations": [{"nertag": "O"}]}, {"base_span": [319, 324], "annotations": [{"nertag": "O"}]}, {"base_span": [325, 330], "annotations": [{"nertag": "O"}]}, {"base_span": [330, 331], "annotations": [{"nertag": "O"}]}, {"base_span": [332, 336], "annotations": [{"nertag": "O"}]}, {"base_span": [337, 342], "annotations": [{"nertag": "O"}]}, {"base_span": [343, 351], "annotations": [{"nertag": "O"}]}, {"base_span": [352, 356], "annotations": [{"nertag": "O"}]}, {"base_span": [357, 363], "annotations": [{"nertag": "O"}]}, {"base_span": [363, 364], "annotations": [{"nertag": "O"}]}, {"base_span": [366, 372], "annotations": [{"nertag": "O"}]}, {"base_span": [372, 373], "annotations": [{"nertag": "O"}]}, {"base_span": [374, 379], "annotations": [{"nertag": "B-PER"}]}, {"base_span": [380, 384], "annotations": [{"nertag": "I-PER"}]}, {"base_span": [385, 391], "annotations": [{"nertag": "O"}]}, {"base_span": [392, 393], "annotations": [{"nertag": "O"}]}, {"base_span": [394, 399], "annotations": [{"nertag": "O"}]}, {"base_span": [400, 404], "annotations": [{"nertag": "O"}]}, {"base_span": [405, 408], "annotations": [{"nertag": "O"}]}, {"base_span": [409, 412], "annotations": [{"nertag": "O"}]}, {"base_span": [412, 413], "annotations": [{"nertag": "O"}]}, {"base_span": [414, 416], "annotations": [{"nertag": "O"}]}, {"base_span": [417, 420], "annotations": [{"nertag": "O"}]}, {"base_span": [420, 421], "annotations": [{"nertag": "O"}]}, {"base_span": [422, 424], "annotations": [{"nertag": "O"}]}, {"base_span": [425, 430], "annotations": [{"nertag": "O"}]}, {"base_span": [431, 436], "annotations": [{"nertag": "O"}]}, {"base_span": [437, 447], "annotations": [{"nertag": "O"}]}, {"base_span": [448, 450], "annotations": [{"nertag": "O"}]}, {"base_span": [451, 460], "annotations": [{"nertag": "O"}]}, {"base_span": [461, 465], "annotations": [{"nertag": "O"}]}, {"base_span": [466, 470], "annotations": [{"nertag": "O"}]}, {"base_span": [471, 479], "annotations": [{"nertag": "O"}]}, {"base_span": [480, 487], "annotations": [{"nertag": "O"}]}, {"base_span": [488, 495], "annotations": [{"nertag": "O"}]}, {"base_span": [496, 501], "annotations": [{"nertag": "B-PER"}]}, {"base_span": [502, 506], "annotations": [{"nertag": "I-PER"}]}, {"base_span": [507, 512], "annotations": [{"nertag": "O"}]}, {"base_span": [513, 518], "annotations": [{"nertag": "O"}]}, {"base_span": [518, 519], "annotations": [{"nertag": "O"}]}, {"base_span": [521, 533], "annotations": [{"nertag": "O"}]}, {"base_span": [533, 534], "annotations": [{"nertag": "O"}]}, {"base_span": [535, 536], "annotations": [{"nertag": "B-PER"}]}, {"base_span": [536, 537], "annotations": [{"nertag": "I-PER"}]}, {"base_span": [538, 545], "annotations": [{"nertag": "I-PER"}]}, {"base_span": [547, 556], "annotations": [{"nertag": "O"}]}, {"base_span": [556, 557], "annotations": [{"nertag": "O"}]}, {"base_span": [558, 559], "annotations": [{"nertag": "B-PER"}]}, {"base_span": [559, 560], "annotations": [{"nertag": "I-PER"}]}, {"base_span": [561, 571], "annotations": [{"nertag": "I-PER"}]}, {"base_span": [573, 582], "annotations": [{"nertag": "O"}]}, {"base_span": [582, 583], "annotations": [{"nertag": "O"}]}, {"base_span": [584, 585], "annotations": [{"nertag": "B-PER"}]}, {"base_span": [585, 586], "annotations": [{"nertag": "I-PER"}]}, {"base_span": [587, 595], "annotations": [{"nertag": "I-PER"}]}, {"base_span": [597, 606], "annotations": [{"nertag": "O"}]}, {"base_span": [606, 607], "annotations": [{"nertag": "O"}]}, {"base_span": [608, 609], "annotations": [{"nertag": "B-PER"}]}, {"base_span": [609, 610], "annotations": [{"nertag": "I-PER"}]}, {"base_span": [611, 618], "annotations": [{"nertag": "I-PER"}]}, {"base_span": [620, 626], "annotations": [{"nertag": "O"}]}, {"base_span": [627, 630], "annotations": [{"nertag": "O"}]}, {"base_span": [631, 645], "annotations": [{"nertag": "O"}]}, {"base_span": [646, 656], "annotations": [{"nertag": "O"}]}, {"base_span": [657, 658], "annotations": [{"nertag": "B-MISC"}]}, {"base_span": [658, 659], "annotations": [{"nertag": "I-MISC"}]}, {"base_span": [659, 660], "annotations": [{"nertag": "I-MISC"}]}, {"base_span": [660, 661], "annotations": [{"nertag": "I-MISC"}]}, {"base_span": [661, 662], "annotations": [{"nertag": "I-MISC"}]}, {"base_span": [662, 663], "annotations": [{"nertag": "I-MISC"}]}, {"base_span": [664, 665], "annotations": [{"nertag": "O"}]}, {"base_span": [665, 668], "annotations": [{"nertag": "O"}]}, {"base_span": [668, 669], "annotations": [{"nertag": "O"}]}, {"base_span": [669, 672], "annotations": [{"nertag": "O"}]}, {"base_span": [673, 679], "annotations": [{"nertag": "O"}]}, {"base_span": [680, 687], "annotations": [{"nertag": "O"}]}, {"base_span": [688, 692], "annotations": [{"nertag": "O"}]}, {"base_span": [693, 695], "annotations": [{"nertag": "O"}]}, {"base_span": [696, 700], "annotations": [{"nertag": "O"}]}, {"base_span": [701, 706], "annotations": [{"nertag": "O"}]}, {"base_span": [707, 710], "annotations": [{"nertag": "O"}]}, {"base_span": [711, 717], "annotations": [{"nertag": "O"}]}, {"base_span": [718, 723], "annotations": [{"nertag": "O"}]}, {"base_span": [724, 729], "annotations": [{"nertag": "O"}]}, {"base_span": [730, 733], "annotations": [{"nertag": "O"}]}, {"base_span": [734, 739], "annotations": [{"nertag": "O"}]}, {"base_span": [740, 748], "annotations": [{"nertag": "O"}]}, {"base_span": [749, 754], "annotations": [{"nertag": "O"}]}, {"base_span": [755, 760], "annotations": [{"nertag": "O"}]}, {"base_span": [761, 765], "annotations": [{"nertag": "O"}]}, {"base_span": [766, 770], "annotations": [{"nertag": "O"}]}, {"base_span": [771, 782], "annotations": [{"nertag": "O"}]}, {"base_span": [783, 788], "annotations": [{"nertag": "O"}]}, {"base_span": [788, 789], "annotations": [{"nertag": "O"}]}, {"base_span": [791, 800], "annotations": [{"nertag": "O"}]}, {"base_span": [800, 801], "annotations": [{"nertag": "O"}]}]}]}