{"text": "\nDarja Jakowlewna Kemil astus ette ja kaebas, et Kondrati Osipow Ninna küllast raseduseks tehnud ja et tal nüd tüttar laps sündinud. Nüd wabandada Kondrati Osipow temma ärra, pärrast sedda kui tedda naiseks wõtta lubbanud.\n\nKondrati Osipow ette kutsutud ütles wälja, et temma ei olle mitte üksik Darja Jakowlewna jures ollnud, ja temma ei wõima teiste est seista. Selle päle temma ka woib tunnismehhed ette kuts.\n\nJa kui ta Darja juures olli ollnud siis temma ka igga kord maksnud. Tunnismehhed: Gawrila Safronow nink Saweli Iwanow ütlesid wälja et ei teadma, kas Darja juures Kondrati Osipow üksi wai ka teised käinud. \n\nPelageja Terentjewa nink Praskofja Afanasjewa ütlesid temma teadma agga et üks teise järrele saatnud. Rahhast ei teadma keddagi. \n\nMoistetud: Kondrati Osipow peab Darja Jakowlewnale ni kawwa kui laps 10 aasta saab eggas aastas kümme (10) rubla maksma. Se rahha peab ta eggas aastas (kunni 1875 aastani) kahhen terminin 23. Aprilil ja 29. Septembril Koggokonna Kohtuse maksma, kost Darja Jakowlewna tedda kätte saab. Ja selle perrast et laps jubba 3 kuud wanna on peab Kondrati Osipow esimene kord se on 23. Aprilil 1865 a. 10 rubla maksma.\n\nSelle moistmissega ollewad Darja Jakowlewna nink Kondrati Osipow rahho.\n\npeakohtomees: Jaan Kusik xxx\n\nkohtomees: Jaan Kook xxx\n\n\" Josep Kook xxx\n\n\" Josep Sõrmus xxx\n\n\n", "meta": {"origin_directory": "vallakohus_teine/"}, "layers": [{"name": "gold_ner", "attributes": ["nertag"], "parent": null, "enveloping": null, "ambiguous": false, "serialisation_module": null, "meta": {}, "spans": [{"base_span": [1, 23], "annotations": [{"nertag": "PER"}]}, {"base_span": [49, 64], "annotations": [{"nertag": "PER"}]}, {"base_span": [65, 78], "annotations": [{"nertag": "LOC_ORG"}]}, {"base_span": [147, 162], "annotations": [{"nertag": "PER"}]}, {"base_span": [224, 239], "annotations": [{"nertag": "PER"}]}, {"base_span": [296, 312], "annotations": [{"nertag": "PER"}]}, {"base_span": [424, 429], "annotations": [{"nertag": "PER"}]}, {"base_span": [496, 512], "annotations": [{"nertag": "PER"}]}, {"base_span": [518, 531], "annotations": [{"nertag": "PER"}]}, {"base_span": [564, 569], "annotations": [{"nertag": "PER"}]}, {"base_span": [577, 592], "annotations": [{"nertag": "PER"}]}, {"base_span": [622, 641], "annotations": [{"nertag": "PER"}]}, {"base_span": [647, 667], "annotations": [{"nertag": "PER"}]}, {"base_span": [764, 779], "annotations": [{"nertag": "PER"}]}, {"base_span": [785, 803], "annotations": [{"nertag": "PER"}]}, {"base_span": [1003, 1019], "annotations": [{"nertag": "PER"}]}, {"base_span": [1090, 1105], "annotations": [{"nertag": "PER"}]}, {"base_span": [1190, 1206], "annotations": [{"nertag": "PER"}]}, {"base_span": [1212, 1227], "annotations": [{"nertag": "PER"}]}, {"base_span": [1250, 1260], "annotations": [{"nertag": "PER"}]}, {"base_span": [1277, 1286], "annotations": [{"nertag": "PER"}]}, {"base_span": [1294, 1304], "annotations": [{"nertag": "PER"}]}, {"base_span": [1312, 1324], "annotations": [{"nertag": "PER"}]}]}, {"name": "gold_wordner", "attributes": ["nertag"], "parent": null, "enveloping": null, "ambiguous": false, "serialisation_module": null, "meta": {}, "spans": [{"base_span": [1, 6], "annotations": [{"nertag": "B-PER"}]}, {"base_span": [7, 17], "annotations": [{"nertag": "I-PER"}]}, {"base_span": [18, 23], "annotations": [{"nertag": "I-PER"}]}, {"base_span": [24, 29], "annotations": [{"nertag": "O"}]}, {"base_span": [30, 34], "annotations": [{"nertag": "O"}]}, {"base_span": [35, 37], "annotations": [{"nertag": "O"}]}, {"base_span": [38, 44], "annotations": [{"nertag": "O"}]}, {"base_span": [44, 45], "annotations": [{"nertag": "O"}]}, {"base_span": [46, 48], "annotations": [{"nertag": "O"}]}, {"base_span": [49, 57], "annotations": [{"nertag": "B-PER"}]}, {"base_span": [58, 64], "annotations": [{"nertag": "I-PER"}]}, {"base_span": [65, 70], "annotations": [{"nertag": "B-LOC_ORG"}]}, {"base_span": [71, 78], "annotations": [{"nertag": "I-LOC_ORG"}]}, {"base_span": [79, 89], "annotations": [{"nertag": "O"}]}, {"base_span": [90, 96], "annotations": [{"nertag": "O"}]}, {"base_span": [97, 99], "annotations": [{"nertag": "O"}]}, {"base_span": [100, 102], "annotations": [{"nertag": "O"}]}, {"base_span": [103, 106], "annotations": [{"nertag": "O"}]}, {"base_span": [107, 110], "annotations": [{"nertag": "O"}]}, {"base_span": [111, 117], "annotations": [{"nertag": "O"}]}, {"base_span": [118, 122], "annotations": [{"nertag": "O"}]}, {"base_span": [123, 131], "annotations": [{"nertag": "O"}]}, {"base_span": [131, 132], "annotations": [{"nertag": "O"}]}, {"base_span": [133, 136], "annotations": [{"nertag": "O"}]}, {"base_span": [137, 146], "annotations": [{"nertag": "O"}]}, {"base_span": [147, 155], "annotations": [{"nertag": "B-PER"}]}, {"base_span": [156, 162], "annotations": [{"nertag": "I-PER"}]}, {"base_span": [163, 168], "annotations": [{"nertag": "O"}]}, {"base_span": [169, 173], "annotations": [{"nertag": "O"}]}, {"base_span": [173, 174], "annotations": [{"nertag": "O"}]}, {"base_span": [175, 182], "annotations": [{"nertag": "O"}]}, {"base_span": [183, 188], "annotations": [{"nertag": "O"}]}, {"base_span": [189, 192], "annotations": [{"nertag": "O"}]}, {"base_span": [193, 198], "annotations": [{"nertag": "O"}]}, {"base_span": [199, 206], "annotations": [{"nertag": "O"}]}, {"base_span": [207, 212], "annotations": [{"nertag": "O"}]}, {"base_span": [213, 221], "annotations": [{"nertag": "O"}]}, {"base_span": [221, 222], "annotations": [{"nertag": "O"}]}, {"base_span": [224, 232], "annotations": [{"nertag": "B-PER"}]}, {"base_span": [233, 239], "annotations": [{"nertag": "I-PER"}]}, {"base_span": [240, 244], "annotations": [{"nertag": "O"}]}, {"base_span": [245, 253], "annotations": [{"nertag": "O"}]}, {"base_span": [254, 259], "annotations": [{"nertag": "O"}]}, {"base_span": [260, 265], "annotations": [{"nertag": "O"}]}, {"base_span": [265, 266], "annotations": [{"nertag": "O"}]}, {"base_span": [267, 269], "annotations": [{"nertag": "O"}]}, {"base_span": [270, 275], "annotations": [{"nertag": "O"}]}, {"base_span": [276, 278], "annotations": [{"nertag": "O"}]}, {"base_span": [279, 283], "annotations": [{"nertag": "O"}]}, {"base_span": [284, 289], "annotations": [{"nertag": "O"}]}, {"base_span": [290, 295], "annotations": [{"nertag": "O"}]}, {"base_span": [296, 301], "annotations": [{"nertag": "B-PER"}]}, {"base_span": [302, 312], "annotations": [{"nertag": "I-PER"}]}, {"base_span": [313, 318], "annotations": [{"nertag": "O"}]}, {"base_span": [319, 325], "annotations": [{"nertag": "O"}]}, {"base_span": [325, 326], "annotations": [{"nertag": "O"}]}, {"base_span": [327, 329], "annotations": [{"nertag": "O"}]}, {"base_span": [330, 335], "annotations": [{"nertag": "O"}]}, {"base_span": [336, 338], "annotations": [{"nertag": "O"}]}, {"base_span": [339, 344], "annotations": [{"nertag": "O"}]}, {"base_span": [345, 351], "annotations": [{"nertag": "O"}]}, {"base_span": [352, 355], "annotations": [{"nertag": "O"}]}, {"base_span": [356, 362], "annotations": [{"nertag": "O"}]}, {"base_span": [362, 363], "annotations": [{"nertag": "O"}]}, {"base_span": [364, 369], "annotations": [{"nertag": "O"}]}, {"base_span": [370, 374], "annotations": [{"nertag": "O"}]}, {"base_span": [375, 380], "annotations": [{"nertag": "O"}]}, {"base_span": [381, 383], "annotations": [{"nertag": "O"}]}, {"base_span": [384, 388], "annotations": [{"nertag": "O"}]}, {"base_span": [389, 401], "annotations": [{"nertag": "O"}]}, {"base_span": [402, 406], "annotations": [{"nertag": "O"}]}, {"base_span": [407, 411], "annotations": [{"nertag": "O"}]}, {"base_span": [411, 412], "annotations": [{"nertag": "O"}]}, {"base_span": [414, 416], "annotations": [{"nertag": "O"}]}, {"base_span": [417, 420], "annotations": [{"nertag": "O"}]}, {"base_span": [421, 423], "annotations": [{"nertag": "O"}]}, {"base_span": [424, 429], "annotations": [{"nertag": "B-PER"}]}, {"base_span": [430, 436], "annotations": [{"nertag": "O"}]}, {"base_span": [437, 441], "annotations": [{"nertag": "O"}]}, {"base_span": [442, 448], "annotations": [{"nertag": "O"}]}, {"base_span": [449, 453], "annotations": [{"nertag": "O"}]}, {"base_span": [454, 459], "annotations": [{"nertag": "O"}]}, {"base_span": [460, 462], "annotations": [{"nertag": "O"}]}, {"base_span": [463, 467], "annotations": [{"nertag": "O"}]}, {"base_span": [468, 472], "annotations": [{"nertag": "O"}]}, {"base_span": [473, 480], "annotations": [{"nertag": "O"}]}, {"base_span": [480, 481], "annotations": [{"nertag": "O"}]}, {"base_span": [482, 494], "annotations": [{"nertag": "O"}]}, {"base_span": [494, 495], "annotations": [{"nertag": "O"}]}, {"base_span": [496, 503], "annotations": [{"nertag": "B-PER"}]}, {"base_span": [504, 512], "annotations": [{"nertag": "I-PER"}]}, {"base_span": [513, 517], "annotations": [{"nertag": "O"}]}, {"base_span": [518, 524], "annotations": [{"nertag": "B-PER"}]}, {"base_span": [525, 531], "annotations": [{"nertag": "I-PER"}]}, {"base_span": [532, 539], "annotations": [{"nertag": "O"}]}, {"base_span": [540, 545], "annotations": [{"nertag": "O"}]}, {"base_span": [546, 548], "annotations": [{"nertag": "O"}]}, {"base_span": [549, 551], "annotations": [{"nertag": "O"}]}, {"base_span": [552, 558], "annotations": [{"nertag": "O"}]}, {"base_span": [558, 559], "annotations": [{"nertag": "O"}]}, {"base_span": [560, 563], "annotations": [{"nertag": "O"}]}, {"base_span": [564, 569], "annotations": [{"nertag": "B-PER"}]}, {"base_span": [570, 576], "annotations": [{"nertag": "O"}]}, {"base_span": [577, 585], "annotations": [{"nertag": "B-PER"}]}, {"base_span": [586, 592], "annotations": [{"nertag": "I-PER"}]}, {"base_span": [593, 597], "annotations": [{"nertag": "O"}]}, {"base_span": [598, 601], "annotations": [{"nertag": "O"}]}, {"base_span": [602, 604], "annotations": [{"nertag": "O"}]}, {"base_span": [605, 611], "annotations": [{"nertag": "O"}]}, {"base_span": [612, 618], "annotations": [{"nertag": "O"}]}, {"base_span": [618, 619], "annotations": [{"nertag": "O"}]}, {"base_span": [622, 630], "annotations": [{"nertag": "B-PER"}]}, {"base_span": [631, 641], "annotations": [{"nertag": "I-PER"}]}, {"base_span": [642, 646], "annotations": [{"nertag": "O"}]}, {"base_span": [647, 656], "annotations": [{"nertag": "B-PER"}]}, {"base_span": [657, 667], "annotations": [{"nertag": "I-PER"}]}, {"base_span": [668, 675], "annotations": [{"nertag": "O"}]}, {"base_span": [676, 681], "annotations": [{"nertag": "O"}]}, {"base_span": [682, 688], "annotations": [{"nertag": "O"}]}, {"base_span": [689, 693], "annotations": [{"nertag": "O"}]}, {"base_span": [694, 696], "annotations": [{"nertag": "O"}]}, {"base_span": [697, 700], "annotations": [{"nertag": "O"}]}, {"base_span": [701, 706], "annotations": [{"nertag": "O"}]}, {"base_span": [707, 714], "annotations": [{"nertag": "O"}]}, {"base_span": [715, 722], "annotations": [{"nertag": "O"}]}, {"base_span": [722, 723], "annotations": [{"nertag": "O"}]}, {"base_span": [724, 731], "annotations": [{"nertag": "O"}]}, {"base_span": [732, 734], "annotations": [{"nertag": "O"}]}, {"base_span": [735, 741], "annotations": [{"nertag": "O"}]}, {"base_span": [742, 749], "annotations": [{"nertag": "O"}]}, {"base_span": [749, 750], "annotations": [{"nertag": "O"}]}, {"base_span": [753, 762], "annotations": [{"nertag": "O"}]}, {"base_span": [762, 763], "annotations": [{"nertag": "O"}]}, {"base_span": [764, 772], "annotations": [{"nertag": "B-PER"}]}, {"base_span": [773, 779], "annotations": [{"nertag": "I-PER"}]}, {"base_span": [780, 784], "annotations": [{"nertag": "O"}]}, {"base_span": [785, 790], "annotations": [{"nertag": "B-PER"}]}, {"base_span": [791, 803], "annotations": [{"nertag": "I-PER"}]}, {"base_span": [804, 806], "annotations": [{"nertag": "O"}]}, {"base_span": [807, 812], "annotations": [{"nertag": "O"}]}, {"base_span": [813, 816], "annotations": [{"nertag": "O"}]}, {"base_span": [817, 821], "annotations": [{"nertag": "O"}]}, {"base_span": [822, 824], "annotations": [{"nertag": "O"}]}, {"base_span": [825, 830], "annotations": [{"nertag": "O"}]}, {"base_span": [831, 835], "annotations": [{"nertag": "O"}]}, {"base_span": [836, 841], "annotations": [{"nertag": "O"}]}, {"base_span": [842, 848], "annotations": [{"nertag": "O"}]}, {"base_span": [849, 854], "annotations": [{"nertag": "O"}]}, {"base_span": [855, 856], "annotations": [{"nertag": "O"}]}, {"base_span": [856, 858], "annotations": [{"nertag": "O"}]}, {"base_span": [858, 859], "annotations": [{"nertag": "O"}]}, {"base_span": [860, 865], "annotations": [{"nertag": "O"}]}, {"base_span": [866, 872], "annotations": [{"nertag": "O"}]}, {"base_span": [872, 873], "annotations": [{"nertag": "O"}]}, {"base_span": [874, 876], "annotations": [{"nertag": "O"}]}, {"base_span": [877, 882], "annotations": [{"nertag": "O"}]}, {"base_span": [883, 887], "annotations": [{"nertag": "O"}]}, {"base_span": [888, 890], "annotations": [{"nertag": "O"}]}, {"base_span": [891, 896], "annotations": [{"nertag": "O"}]}, {"base_span": [897, 903], "annotations": [{"nertag": "O"}]}, {"base_span": [904, 905], "annotations": [{"nertag": "O"}]}, {"base_span": [905, 910], "annotations": [{"nertag": "O"}]}, {"base_span": [911, 915], "annotations": [{"nertag": "O"}]}, {"base_span": [916, 923], "annotations": [{"nertag": "O"}]}, {"base_span": [923, 924], "annotations": [{"nertag": "O"}]}, {"base_span": [925, 931], "annotations": [{"nertag": "O"}]}, {"base_span": [932, 940], "annotations": [{"nertag": "O"}]}, {"base_span": [941, 944], "annotations": [{"nertag": "O"}]}, {"base_span": [945, 952], "annotations": [{"nertag": "O"}]}, {"base_span": [953, 955], "annotations": [{"nertag": "O"}]}, {"base_span": [956, 959], "annotations": [{"nertag": "O"}]}, {"base_span": [960, 970], "annotations": [{"nertag": "O"}]}, {"base_span": [971, 981], "annotations": [{"nertag": "O"}]}, {"base_span": [982, 989], "annotations": [{"nertag": "O"}]}, {"base_span": [990, 996], "annotations": [{"nertag": "O"}]}, {"base_span": [996, 997], "annotations": [{"nertag": "O"}]}, {"base_span": [998, 1002], "annotations": [{"nertag": "O"}]}, {"base_span": [1003, 1008], "annotations": [{"nertag": "B-PER"}]}, {"base_span": [1009, 1019], "annotations": [{"nertag": "I-PER"}]}, {"base_span": [1020, 1025], "annotations": [{"nertag": "O"}]}, {"base_span": [1026, 1031], "annotations": [{"nertag": "O"}]}, {"base_span": [1032, 1036], "annotations": [{"nertag": "O"}]}, {"base_span": [1036, 1037], "annotations": [{"nertag": "O"}]}, {"base_span": [1038, 1040], "annotations": [{"nertag": "O"}]}, {"base_span": [1041, 1046], "annotations": [{"nertag": "O"}]}, {"base_span": [1047, 1054], "annotations": [{"nertag": "O"}]}, {"base_span": [1055, 1057], "annotations": [{"nertag": "O"}]}, {"base_span": [1058, 1062], "annotations": [{"nertag": "O"}]}, {"base_span": [1063, 1068], "annotations": [{"nertag": "O"}]}, {"base_span": [1069, 1070], "annotations": [{"nertag": "O"}]}, {"base_span": [1071, 1075], "annotations": [{"nertag": "O"}]}, {"base_span": [1076, 1081], "annotations": [{"nertag": "O"}]}, {"base_span": [1082, 1084], "annotations": [{"nertag": "O"}]}, {"base_span": [1085, 1089], "annotations": [{"nertag": "O"}]}, {"base_span": [1090, 1098], "annotations": [{"nertag": "B-PER"}]}, {"base_span": [1099, 1105], "annotations": [{"nertag": "I-PER"}]}, {"base_span": [1106, 1113], "annotations": [{"nertag": "O"}]}, {"base_span": [1114, 1118], "annotations": [{"nertag": "O"}]}, {"base_span": [1119, 1121], "annotations": [{"nertag": "O"}]}, {"base_span": [1122, 1124], "annotations": [{"nertag": "O"}]}, {"base_span": [1125, 1128], "annotations": [{"nertag": "O"}]}, {"base_span": [1129, 1136], "annotations": [{"nertag": "O"}]}, {"base_span": [1137, 1141], "annotations": [{"nertag": "O"}]}, {"base_span": [1142, 1143], "annotations": [{"nertag": "O"}]}, {"base_span": [1143, 1144], "annotations": [{"nertag": "O"}]}, {"base_span": [1145, 1147], "annotations": [{"nertag": "O"}]}, {"base_span": [1148, 1153], "annotations": [{"nertag": "O"}]}, {"base_span": [1154, 1160], "annotations": [{"nertag": "O"}]}, {"base_span": [1160, 1161], "annotations": [{"nertag": "O"}]}, {"base_span": [1163, 1168], "annotations": [{"nertag": "O"}]}, {"base_span": [1169, 1181], "annotations": [{"nertag": "O"}]}, {"base_span": [1182, 1189], "annotations": [{"nertag": "O"}]}, {"base_span": [1190, 1195], "annotations": [{"nertag": "B-PER"}]}, {"base_span": [1196, 1206], "annotations": [{"nertag": "I-PER"}]}, {"base_span": [1207, 1211], "annotations": [{"nertag": "O"}]}, {"base_span": [1212, 1220], "annotations": [{"nertag": "B-PER"}]}, {"base_span": [1221, 1227], "annotations": [{"nertag": "I-PER"}]}, {"base_span": [1228, 1233], "annotations": [{"nertag": "O"}]}, {"base_span": [1233, 1234], "annotations": [{"nertag": "O"}]}, {"base_span": [1236, 1248], "annotations": [{"nertag": "O"}]}, {"base_span": [1248, 1249], "annotations": [{"nertag": "O"}]}, {"base_span": [1250, 1254], "annotations": [{"nertag": "B-PER"}]}, {"base_span": [1255, 1260], "annotations": [{"nertag": "I-PER"}]}, {"base_span": [1261, 1264], "annotations": [{"nertag": "O"}]}, {"base_span": [1266, 1275], "annotations": [{"nertag": "O"}]}, {"base_span": [1275, 1276], "annotations": [{"nertag": "O"}]}, {"base_span": [1277, 1281], "annotations": [{"nertag": "B-PER"}]}, {"base_span": [1282, 1286], "annotations": [{"nertag": "I-PER"}]}, {"base_span": [1287, 1290], "annotations": [{"nertag": "O"}]}, {"base_span": [1292, 1293], "annotations": [{"nertag": "O"}]}, {"base_span": [1294, 1299], "annotations": [{"nertag": "B-PER"}]}, {"base_span": [1300, 1304], "annotations": [{"nertag": "I-PER"}]}, {"base_span": [1305, 1308], "annotations": [{"nertag": "O"}]}, {"base_span": [1310, 1311], "annotations": [{"nertag": "O"}]}, {"base_span": [1312, 1317], "annotations": [{"nertag": "B-PER"}]}, {"base_span": [1318, 1324], "annotations": [{"nertag": "I-PER"}]}, {"base_span": [1325, 1328], "annotations": [{"nertag": "O"}]}]}]}