{"text": "\nTuli ette Ahja mõisa metsa walitsus ja kaebas et Gottlieb Mollok, Adam Rattas, Hindrik Peedoksaar, Jakob Peedoksaar, Johan Kala, Kusta Pung ja Johan Kiltre kari mõisa metsas käinud nõuab iga ühe käest 5 rubl. kahjutasumist.\n\nGottlieb Mollok, Adam Rattas, Hindrik Peedoksaar, Jakob Peedoksaar ja Johan Kala salgawad et nende kari mõisa metsas on käinud.\n\nKusta Pung ja Johan Kiltre ei salga et on puutunud.\n\nWannutatud mötsawaht Peeter Semmel tunnistas et üles antud kaebtus õige on.\n\nWannutatud mötsawaht Peeter Klaus tunnistas nöndasama kui Peeter Semmel.\n\nMõiste: Gottlieb Mollok, Adam Rattas Hindr. Peedoksaar, Jakob Peedoksaar, Johan Kala, Kusta Pung ja Johan Kiltre peawad iga üks 1 rubl. 8 päiwa sees mötsawalitsuse hääks wälja maksma.\n\nPeakohtumees: P. Kripson XXX\n\nKohtumees: P. Hindrikson XXX\n\nKohtumees:  K. Wossmann  XXX\n\nKohtumees:  K. Iwanthal  XXX\n\nKohtumees: Johan Klaosoon\n\nMõiste sai kohtukäijatele T.S.R. pärra a. 1860 §772-774 kuulutatud ja olid kohtukäijad sellega rahul.\n\nKirjutaja:  Ch Kapp  &lt;allkiri&gt;\n\nAdam Rattas, Joh. Kalla ja Kusta Pung on ära maksnud.\n\n\n", "meta": {"origin_directory": "vallakohus_neljas/"}, "layers": [{"name": "gold_ner", "attributes": ["nertag"], "parent": null, "enveloping": null, "ambiguous": false, "serialisation_module": null, "meta": {}, "spans": [{"base_span": [11, 36], "annotations": [{"nertag": "ORG"}]}, {"base_span": [50, 65], "annotations": [{"nertag": "PER"}]}, {"base_span": [67, 78], "annotations": [{"nertag": "PER"}]}, {"base_span": [80, 98], "annotations": [{"nertag": "PER"}]}, {"base_span": [100, 116], "annotations": [{"nertag": "PER"}]}, {"base_span": [118, 128], "annotations": [{"nertag": "PER"}]}, {"base_span": [130, 140], "annotations": [{"nertag": "PER"}]}, {"base_span": [144, 156], "annotations": [{"nertag": "PER"}]}, {"base_span": [226, 241], "annotations": [{"nertag": "PER"}]}, {"base_span": [243, 254], "annotations": [{"nertag": "PER"}]}, {"base_span": [256, 274], "annotations": [{"nertag": "PER"}]}, {"base_span": [276, 292], "annotations": [{"nertag": "PER"}]}, {"base_span": [296, 306], "annotations": [{"nertag": "PER"}]}, {"base_span": [355, 365], "annotations": [{"nertag": "PER"}]}, {"base_span": [369, 381], "annotations": [{"nertag": "PER"}]}, {"base_span": [429, 442], "annotations": [{"nertag": "PER"}]}, {"base_span": [506, 518], "annotations": [{"nertag": "PER"}]}, {"base_span": [543, 556], "annotations": [{"nertag": "PER"}]}, {"base_span": [567, 582], "annotations": [{"nertag": "PER"}]}, {"base_span": [584, 595], "annotations": [{"nertag": "PER"}]}, {"base_span": [596, 613], "annotations": [{"nertag": "PER"}]}, {"base_span": [615, 631], "annotations": [{"nertag": "PER"}]}, {"base_span": [633, 643], "annotations": [{"nertag": "PER"}]}, {"base_span": [645, 655], "annotations": [{"nertag": "PER"}]}, {"base_span": [659, 671], "annotations": [{"nertag": "PER"}]}, {"base_span": [758, 768], "annotations": [{"nertag": "PER"}]}, {"base_span": [785, 798], "annotations": [{"nertag": "PER"}]}, {"base_span": [816, 827], "annotations": [{"nertag": "PER"}]}, {"base_span": [846, 857], "annotations": [{"nertag": "PER"}]}, {"base_span": [875, 889], "annotations": [{"nertag": "PER"}]}, {"base_span": [917, 923], "annotations": [{"nertag": "MISC"}]}, {"base_span": [1006, 1013], "annotations": [{"nertag": "PER"}]}, {"base_span": [1032, 1043], "annotations": [{"nertag": "PER"}]}, {"base_span": [1045, 1055], "annotations": [{"nertag": "PER"}]}, {"base_span": [1059, 1069], "annotations": [{"nertag": "PER"}]}]}, {"name": "gold_wordner", "attributes": ["nertag"], "parent": null, "enveloping": null, "ambiguous": false, "serialisation_module": null, "meta": {}, "spans": [{"base_span": [1, 5], "annotations": [{"nertag": "O"}]}, {"base_span": [6, 10], "annotations": [{"nertag": "O"}]}, {"base_span": [11, 15], "annotations": [{"nertag": "B-ORG"}]}, {"base_span": [16, 21], "annotations": [{"nertag": "I-ORG"}]}, {"base_span": [22, 27], "annotations": [{"nertag": "I-ORG"}]}, {"base_span": [28, 36], "annotations": [{"nertag": "I-ORG"}]}, {"base_span": [37, 39], "annotations": [{"nertag": "O"}]}, {"base_span": [40, 46], "annotations": [{"nertag": "O"}]}, {"base_span": [47, 49], "annotations": [{"nertag": "O"}]}, {"base_span": [50, 58], "annotations": [{"nertag": "B-PER"}]}, {"base_span": [59, 65], "annotations": [{"nertag": "I-PER"}]}, {"base_span": [65, 66], "annotations": [{"nertag": "O"}]}, {"base_span": [67, 71], "annotations": [{"nertag": "B-PER"}]}, {"base_span": [72, 78], "annotations": [{"nertag": "I-PER"}]}, {"base_span": [78, 79], "annotations": [{"nertag": "O"}]}, {"base_span": [80, 87], "annotations": [{"nertag": "B-PER"}]}, {"base_span": [88, 98], "annotations": [{"nertag": "I-PER"}]}, {"base_span": [98, 99], "annotations": [{"nertag": "O"}]}, {"base_span": [100, 105], "annotations": [{"nertag": "B-PER"}]}, {"base_span": [106, 116], "annotations": [{"nertag": "I-PER"}]}, {"base_span": [116, 117], "annotations": [{"nertag": "O"}]}, {"base_span": [118, 123], "annotations": [{"nertag": "B-PER"}]}, {"base_span": [124, 128], "annotations": [{"nertag": "I-PER"}]}, {"base_span": [128, 129], "annotations": [{"nertag": "O"}]}, {"base_span": [130, 135], "annotations": [{"nertag": "B-PER"}]}, {"base_span": [136, 140], "annotations": [{"nertag": "I-PER"}]}, {"base_span": [141, 143], "annotations": [{"nertag": "O"}]}, {"base_span": [144, 149], "annotations": [{"nertag": "B-PER"}]}, {"base_span": [150, 156], "annotations": [{"nertag": "I-PER"}]}, {"base_span": [157, 161], "annotations": [{"nertag": "O"}]}, {"base_span": [162, 167], "annotations": [{"nertag": "O"}]}, {"base_span": [168, 174], "annotations": [{"nertag": "O"}]}, {"base_span": [175, 181], "annotations": [{"nertag": "O"}]}, {"base_span": [182, 187], "annotations": [{"nertag": "O"}]}, {"base_span": [188, 191], "annotations": [{"nertag": "O"}]}, {"base_span": [192, 195], "annotations": [{"nertag": "O"}]}, {"base_span": [196, 201], "annotations": [{"nertag": "O"}]}, {"base_span": [202, 203], "annotations": [{"nertag": "O"}]}, {"base_span": [204, 208], "annotations": [{"nertag": "O"}]}, {"base_span": [208, 209], "annotations": [{"nertag": "O"}]}, {"base_span": [210, 223], "annotations": [{"nertag": "O"}]}, {"base_span": [223, 224], "annotations": [{"nertag": "O"}]}, {"base_span": [226, 234], "annotations": [{"nertag": "B-PER"}]}, {"base_span": [235, 241], "annotations": [{"nertag": "I-PER"}]}, {"base_span": [241, 242], "annotations": [{"nertag": "O"}]}, {"base_span": [243, 247], "annotations": [{"nertag": "B-PER"}]}, {"base_span": [248, 254], "annotations": [{"nertag": "I-PER"}]}, {"base_span": [254, 255], "annotations": [{"nertag": "O"}]}, {"base_span": [256, 263], "annotations": [{"nertag": "B-PER"}]}, {"base_span": [264, 274], "annotations": [{"nertag": "I-PER"}]}, {"base_span": [274, 275], "annotations": [{"nertag": "O"}]}, {"base_span": [276, 281], "annotations": [{"nertag": "B-PER"}]}, {"base_span": [282, 292], "annotations": [{"nertag": "I-PER"}]}, {"base_span": [293, 295], "annotations": [{"nertag": "O"}]}, {"base_span": [296, 301], "annotations": [{"nertag": "B-PER"}]}, {"base_span": [302, 306], "annotations": [{"nertag": "I-PER"}]}, {"base_span": [307, 315], "annotations": [{"nertag": "O"}]}, {"base_span": [316, 318], "annotations": [{"nertag": "O"}]}, {"base_span": [319, 324], "annotations": [{"nertag": "O"}]}, {"base_span": [325, 329], "annotations": [{"nertag": "O"}]}, {"base_span": [330, 335], "annotations": [{"nertag": "O"}]}, {"base_span": [336, 342], "annotations": [{"nertag": "O"}]}, {"base_span": [343, 345], "annotations": [{"nertag": "O"}]}, {"base_span": [346, 352], "annotations": [{"nertag": "O"}]}, {"base_span": [352, 353], "annotations": [{"nertag": "O"}]}, {"base_span": [355, 360], "annotations": [{"nertag": "B-PER"}]}, {"base_span": [361, 365], "annotations": [{"nertag": "I-PER"}]}, {"base_span": [366, 368], "annotations": [{"nertag": "O"}]}, {"base_span": [369, 374], "annotations": [{"nertag": "B-PER"}]}, {"base_span": [375, 381], "annotations": [{"nertag": "I-PER"}]}, {"base_span": [382, 384], "annotations": [{"nertag": "O"}]}, {"base_span": [385, 390], "annotations": [{"nertag": "O"}]}, {"base_span": [391, 393], "annotations": [{"nertag": "O"}]}, {"base_span": [394, 396], "annotations": [{"nertag": "O"}]}, {"base_span": [397, 405], "annotations": [{"nertag": "O"}]}, {"base_span": [405, 406], "annotations": [{"nertag": "O"}]}, {"base_span": [408, 418], "annotations": [{"nertag": "O"}]}, {"base_span": [419, 428], "annotations": [{"nertag": "O"}]}, {"base_span": [429, 435], "annotations": [{"nertag": "B-PER"}]}, {"base_span": [436, 442], "annotations": [{"nertag": "I-PER"}]}, {"base_span": [443, 452], "annotations": [{"nertag": "O"}]}, {"base_span": [453, 455], "annotations": [{"nertag": "O"}]}, {"base_span": [456, 460], "annotations": [{"nertag": "O"}]}, {"base_span": [461, 466], "annotations": [{"nertag": "O"}]}, {"base_span": [467, 474], "annotations": [{"nertag": "O"}]}, {"base_span": [475, 479], "annotations": [{"nertag": "O"}]}, {"base_span": [480, 482], "annotations": [{"nertag": "O"}]}, {"base_span": [482, 483], "annotations": [{"nertag": "O"}]}, {"base_span": [485, 495], "annotations": [{"nertag": "O"}]}, {"base_span": [496, 505], "annotations": [{"nertag": "O"}]}, {"base_span": [506, 512], "annotations": [{"nertag": "B-PER"}]}, {"base_span": [513, 518], "annotations": [{"nertag": "I-PER"}]}, {"base_span": [519, 528], "annotations": [{"nertag": "O"}]}, {"base_span": [529, 538], "annotations": [{"nertag": "O"}]}, {"base_span": [539, 542], "annotations": [{"nertag": "O"}]}, {"base_span": [543, 549], "annotations": [{"nertag": "B-PER"}]}, {"base_span": [550, 556], "annotations": [{"nertag": "I-PER"}]}, {"base_span": [556, 557], "annotations": [{"nertag": "O"}]}, {"base_span": [559, 565], "annotations": [{"nertag": "O"}]}, {"base_span": [565, 566], "annotations": [{"nertag": "O"}]}, {"base_span": [567, 575], "annotations": [{"nertag": "B-PER"}]}, {"base_span": [576, 582], "annotations": [{"nertag": "I-PER"}]}, {"base_span": [582, 583], "annotations": [{"nertag": "O"}]}, {"base_span": [584, 588], "annotations": [{"nertag": "B-PER"}]}, {"base_span": [589, 595], "annotations": [{"nertag": "I-PER"}]}, {"base_span": [596, 601], "annotations": [{"nertag": "B-PER"}]}, {"base_span": [601, 602], "annotations": [{"nertag": "I-PER"}]}, {"base_span": [603, 613], "annotations": [{"nertag": "I-PER"}]}, {"base_span": [613, 614], "annotations": [{"nertag": "O"}]}, {"base_span": [615, 620], "annotations": [{"nertag": "B-PER"}]}, {"base_span": [621, 631], "annotations": [{"nertag": "I-PER"}]}, {"base_span": [631, 632], "annotations": [{"nertag": "O"}]}, {"base_span": [633, 638], "annotations": [{"nertag": "B-PER"}]}, {"base_span": [639, 643], "annotations": [{"nertag": "I-PER"}]}, {"base_span": [643, 644], "annotations": [{"nertag": "O"}]}, {"base_span": [645, 650], "annotations": [{"nertag": "B-PER"}]}, {"base_span": [651, 655], "annotations": [{"nertag": "I-PER"}]}, {"base_span": [656, 658], "annotations": [{"nertag": "O"}]}, {"base_span": [659, 664], "annotations": [{"nertag": "B-PER"}]}, {"base_span": [665, 671], "annotations": [{"nertag": "I-PER"}]}, {"base_span": [672, 678], "annotations": [{"nertag": "O"}]}, {"base_span": [679, 682], "annotations": [{"nertag": "O"}]}, {"base_span": [683, 686], "annotations": [{"nertag": "O"}]}, {"base_span": [687, 688], "annotations": [{"nertag": "O"}]}, {"base_span": [689, 693], "annotations": [{"nertag": "O"}]}, {"base_span": [693, 694], "annotations": [{"nertag": "O"}]}, {"base_span": [695, 696], "annotations": [{"nertag": "O"}]}, {"base_span": [697, 702], "annotations": [{"nertag": "O"}]}, {"base_span": [703, 707], "annotations": [{"nertag": "O"}]}, {"base_span": [708, 722], "annotations": [{"nertag": "O"}]}, {"base_span": [723, 728], "annotations": [{"nertag": "O"}]}, {"base_span": [729, 734], "annotations": [{"nertag": "O"}]}, {"base_span": [735, 741], "annotations": [{"nertag": "O"}]}, {"base_span": [741, 742], "annotations": [{"nertag": "O"}]}, {"base_span": [744, 756], "annotations": [{"nertag": "O"}]}, {"base_span": [756, 757], "annotations": [{"nertag": "O"}]}, {"base_span": [758, 759], "annotations": [{"nertag": "B-PER"}]}, {"base_span": [759, 760], "annotations": [{"nertag": "I-PER"}]}, {"base_span": [761, 768], "annotations": [{"nertag": "I-PER"}]}, {"base_span": [769, 772], "annotations": [{"nertag": "O"}]}, {"base_span": [774, 783], "annotations": [{"nertag": "O"}]}, {"base_span": [783, 784], "annotations": [{"nertag": "O"}]}, {"base_span": [785, 786], "annotations": [{"nertag": "B-PER"}]}, {"base_span": [786, 787], "annotations": [{"nertag": "I-PER"}]}, {"base_span": [788, 798], "annotations": [{"nertag": "I-PER"}]}, {"base_span": [799, 802], "annotations": [{"nertag": "O"}]}, {"base_span": [804, 813], "annotations": [{"nertag": "O"}]}, {"base_span": [813, 814], "annotations": [{"nertag": "O"}]}, {"base_span": [816, 817], "annotations": [{"nertag": "B-PER"}]}, {"base_span": [817, 818], "annotations": [{"nertag": "I-PER"}]}, {"base_span": [819, 827], "annotations": [{"nertag": "I-PER"}]}, {"base_span": [829, 832], "annotations": [{"nertag": "O"}]}, {"base_span": [834, 843], "annotations": [{"nertag": "O"}]}, {"base_span": [843, 844], "annotations": [{"nertag": "O"}]}, {"base_span": [846, 847], "annotations": [{"nertag": "B-PER"}]}, {"base_span": [847, 848], "annotations": [{"nertag": "I-PER"}]}, {"base_span": [849, 857], "annotations": [{"nertag": "I-PER"}]}, {"base_span": [859, 862], "annotations": [{"nertag": "O"}]}, {"base_span": [864, 873], "annotations": [{"nertag": "O"}]}, {"base_span": [873, 874], "annotations": [{"nertag": "O"}]}, {"base_span": [875, 880], "annotations": [{"nertag": "B-PER"}]}, {"base_span": [881, 889], "annotations": [{"nertag": "I-PER"}]}, {"base_span": [891, 897], "annotations": [{"nertag": "O"}]}, {"base_span": [898, 901], "annotations": [{"nertag": "O"}]}, {"base_span": [902, 916], "annotations": [{"nertag": "O"}]}, {"base_span": [917, 918], "annotations": [{"nertag": "B-MISC"}]}, {"base_span": [918, 919], "annotations": [{"nertag": "I-MISC"}]}, {"base_span": [919, 920], "annotations": [{"nertag": "I-MISC"}]}, {"base_span": [920, 921], "annotations": [{"nertag": "I-MISC"}]}, {"base_span": [921, 922], "annotations": [{"nertag": "I-MISC"}]}, {"base_span": [922, 923], "annotations": [{"nertag": "I-MISC"}]}, {"base_span": [924, 929], "annotations": [{"nertag": "O"}]}, {"base_span": [930, 931], "annotations": [{"nertag": "O"}]}, {"base_span": [931, 932], "annotations": [{"nertag": "O"}]}, {"base_span": [933, 937], "annotations": [{"nertag": "O"}]}, {"base_span": [938, 939], "annotations": [{"nertag": "O"}]}, {"base_span": [939, 942], "annotations": [{"nertag": "O"}]}, {"base_span": [942, 943], "annotations": [{"nertag": "O"}]}, {"base_span": [943, 946], "annotations": [{"nertag": "O"}]}, {"base_span": [947, 957], "annotations": [{"nertag": "O"}]}, {"base_span": [958, 960], "annotations": [{"nertag": "O"}]}, {"base_span": [961, 965], "annotations": [{"nertag": "O"}]}, {"base_span": [966, 977], "annotations": [{"nertag": "O"}]}, {"base_span": [978, 985], "annotations": [{"nertag": "O"}]}, {"base_span": [986, 991], "annotations": [{"nertag": "O"}]}, {"base_span": [991, 992], "annotations": [{"nertag": "O"}]}, {"base_span": [994, 1003], "annotations": [{"nertag": "O"}]}, {"base_span": [1003, 1004], "annotations": [{"nertag": "O"}]}, {"base_span": [1006, 1008], "annotations": [{"nertag": "B-PER"}]}, {"base_span": [1009, 1013], "annotations": [{"nertag": "I-PER"}]}, {"base_span": [1015, 1016], "annotations": [{"nertag": "O"}]}, {"base_span": [1016, 1018], "annotations": [{"nertag": "O"}]}, {"base_span": [1018, 1019], "annotations": [{"nertag": "O"}]}, {"base_span": [1019, 1026], "annotations": [{"nertag": "O"}]}, {"base_span": [1026, 1027], "annotations": [{"nertag": "O"}]}, {"base_span": [1027, 1029], "annotations": [{"nertag": "O"}]}, {"base_span": [1029, 1030], "annotations": [{"nertag": "O"}]}, {"base_span": [1032, 1036], "annotations": [{"nertag": "B-PER"}]}, {"base_span": [1037, 1043], "annotations": [{"nertag": "I-PER"}]}, {"base_span": [1043, 1044], "annotations": [{"nertag": "O"}]}, {"base_span": [1045, 1048], "annotations": [{"nertag": "B-PER"}]}, {"base_span": [1048, 1049], "annotations": [{"nertag": "I-PER"}]}, {"base_span": [1050, 1055], "annotations": [{"nertag": "I-PER"}]}, {"base_span": [1056, 1058], "annotations": [{"nertag": "O"}]}, {"base_span": [1059, 1064], "annotations": [{"nertag": "B-PER"}]}, {"base_span": [1065, 1069], "annotations": [{"nertag": "I-PER"}]}, {"base_span": [1070, 1072], "annotations": [{"nertag": "O"}]}, {"base_span": [1073, 1076], "annotations": [{"nertag": "O"}]}, {"base_span": [1077, 1084], "annotations": [{"nertag": "O"}]}, {"base_span": [1084, 1085], "annotations": [{"nertag": "O"}]}]}]}