{"text": "\nEllo Madisson sünd. Lessing oli oma mehe Jaak Madissoniga ette tulnud ja nõudis oma endiste käsinikude Jakob Nõmm ja Juhan Mälk käest poole Jülsi talu 13 aasta üle rehnungi, mis nimetud käsinikute käes nii kaua pidada olnud, ka nõudis ta selle poole talu õiged piiril kätteandmist, rehnung on järgmine:\n\nSepp Jaak Mooses olla Jakob Nõmm lubaga 13 aastat tema jagu platsi pääl elanud, nõudis aastas 10rbl. renti - 130rbl. ja 13 aasta maja kapitali 741rbl summa 871rbl.\n\nJuhan Mälk vastas, et temal ei olevat selle asjaga midagi tegemist.\n\nJakob Nõmm vastas, et temal ei ole selle asja kohta ühtegi rehnungi ära anda, ta on selle poole Jülsi talu oma rahaga Jakob Lessinge nime pääle ostnud ja on tal säält 150rb. saada, mida ta nüüd varsti kätte nõuab, nagu siin kohtu juures maha kirjutatud lepingud 13.jaanuaris 1881a.A.7 all, 4.märtsil 1886. N63. all, 15 juulil 1886. N137 all ja 12.aug. 1886. N151. all väljaa näitavad.\n\nPärast seda tegi kohus\n\nMõistus:\n\nKuna Jakob Nõmm selle* talu oma rahaga Jakob Lessinge nime pääle omal ajal ostnud on, mis nüüd Jakob Lessinge õde Ello Lessinge (Madisson) pärandada on jäänud ja eelpool nimetatud leppingude järgi Jakob Nõmmel õigus on, oma raha 150rbl. sääl äramääratud protsentidega tagasi saada, siis saab Ello Lessinge (madisson) kaebtus ja nõudmine vasta Jakob Nõmm ja Juhan Mälk sellega tühjakss arvatud, ja peab Ello Madisson ja tema mees Jaak Madisson ehk ka nende oma pool Jülsi talu selle eest vastutama et Jakob Nõmmele leppingu järgi 12.aug. 1886.a. N151. all 150rbl. määratud protsentidega välja makstud saab.\n\nMõistus- saije säädusl. kuulutatud.\n\nEllo Lessing(Madisson) ei olnud rahul, palus protokolli, mis lubatud saije.\n\n(märkus äärel) *\"pool Jülsi\"\n\nVälja antud 19.märtsil 1888.\n\n\n", "meta": {"origin_directory": "vallakohus_neljas/"}, "layers": [{"name": "gold_ner", "attributes": ["nertag"], "parent": null, "enveloping": null, "ambiguous": false, "serialisation_module": null, "meta": {}, "spans": [{"base_span": [1, 14], "annotations": [{"nertag": "PER"}]}, {"base_span": [21, 28], "annotations": [{"nertag": "PER"}]}, {"base_span": [42, 58], "annotations": [{"nertag": "PER"}]}, {"base_span": [104, 114], "annotations": [{"nertag": "PER"}]}, {"base_span": [118, 128], "annotations": [{"nertag": "PER"}]}, {"base_span": [141, 151], "annotations": [{"nertag": "LOC_ORG"}]}, {"base_span": [310, 321], "annotations": [{"nertag": "PER"}]}, {"base_span": [327, 337], "annotations": [{"nertag": "PER"}]}, {"base_span": [470, 480], "annotations": [{"nertag": "PER"}]}, {"base_span": [539, 549], "annotations": [{"nertag": "PER"}]}, {"base_span": [635, 645], "annotations": [{"nertag": "LOC_ORG"}]}, {"base_span": [657, 671], "annotations": [{"nertag": "PER"}]}, {"base_span": [964, 974], "annotations": [{"nertag": "PER"}]}, {"base_span": [998, 1012], "annotations": [{"nertag": "PER"}]}, {"base_span": [1054, 1068], "annotations": [{"nertag": "PER"}]}, {"base_span": [1073, 1086], "annotations": [{"nertag": "PER"}]}, {"base_span": [1088, 1096], "annotations": [{"nertag": "PER"}]}, {"base_span": [1156, 1168], "annotations": [{"nertag": "PER"}]}, {"base_span": [1251, 1264], "annotations": [{"nertag": "PER"}]}, {"base_span": [1266, 1274], "annotations": [{"nertag": "PER"}]}, {"base_span": [1302, 1312], "annotations": [{"nertag": "PER"}]}, {"base_span": [1316, 1326], "annotations": [{"nertag": "PER"}]}, {"base_span": [1361, 1374], "annotations": [{"nertag": "PER"}]}, {"base_span": [1388, 1401], "annotations": [{"nertag": "PER"}]}, {"base_span": [1424, 1434], "annotations": [{"nertag": "LOC_ORG"}]}, {"base_span": [1459, 1472], "annotations": [{"nertag": "PER"}]}, {"base_span": [1603, 1615], "annotations": [{"nertag": "PER"}]}, {"base_span": [1616, 1624], "annotations": [{"nertag": "PER"}]}, {"base_span": [1702, 1707], "annotations": [{"nertag": "LOC_ORG"}]}]}, {"name": "gold_wordner", "attributes": ["nertag"], "parent": null, "enveloping": null, "ambiguous": false, "serialisation_module": null, "meta": {}, "spans": [{"base_span": [1, 5], "annotations": [{"nertag": "B-PER"}]}, {"base_span": [6, 14], "annotations": [{"nertag": "I-PER"}]}, {"base_span": [15, 19], "annotations": [{"nertag": "O"}]}, {"base_span": [19, 20], "annotations": [{"nertag": "O"}]}, {"base_span": [21, 28], "annotations": [{"nertag": "B-PER"}]}, {"base_span": [29, 32], "annotations": [{"nertag": "O"}]}, {"base_span": [33, 36], "annotations": [{"nertag": "O"}]}, {"base_span": [37, 41], "annotations": [{"nertag": "O"}]}, {"base_span": [42, 46], "annotations": [{"nertag": "B-PER"}]}, {"base_span": [47, 58], "annotations": [{"nertag": "I-PER"}]}, {"base_span": [59, 63], "annotations": [{"nertag": "O"}]}, {"base_span": [64, 70], "annotations": [{"nertag": "O"}]}, {"base_span": [71, 73], "annotations": [{"nertag": "O"}]}, {"base_span": [74, 80], "annotations": [{"nertag": "O"}]}, {"base_span": [81, 84], "annotations": [{"nertag": "O"}]}, {"base_span": [85, 92], "annotations": [{"nertag": "O"}]}, {"base_span": [93, 103], "annotations": [{"nertag": "O"}]}, {"base_span": [104, 109], "annotations": [{"nertag": "B-PER"}]}, {"base_span": [110, 114], "annotations": [{"nertag": "I-PER"}]}, {"base_span": [115, 117], "annotations": [{"nertag": "O"}]}, {"base_span": [118, 123], "annotations": [{"nertag": "B-PER"}]}, {"base_span": [124, 128], "annotations": [{"nertag": "I-PER"}]}, {"base_span": [129, 134], "annotations": [{"nertag": "O"}]}, {"base_span": [135, 140], "annotations": [{"nertag": "O"}]}, {"base_span": [141, 146], "annotations": [{"nertag": "B-LOC_ORG"}]}, {"base_span": [147, 151], "annotations": [{"nertag": "I-LOC_ORG"}]}, {"base_span": [152, 154], "annotations": [{"nertag": "O"}]}, {"base_span": [155, 160], "annotations": [{"nertag": "O"}]}, {"base_span": [161, 164], "annotations": [{"nertag": "O"}]}, {"base_span": [165, 173], "annotations": [{"nertag": "O"}]}, {"base_span": [173, 174], "annotations": [{"nertag": "O"}]}, {"base_span": [175, 178], "annotations": [{"nertag": "O"}]}, {"base_span": [179, 186], "annotations": [{"nertag": "O"}]}, {"base_span": [187, 197], "annotations": [{"nertag": "O"}]}, {"base_span": [198, 202], "annotations": [{"nertag": "O"}]}, {"base_span": [203, 206], "annotations": [{"nertag": "O"}]}, {"base_span": [207, 211], "annotations": [{"nertag": "O"}]}, {"base_span": [212, 218], "annotations": [{"nertag": "O"}]}, {"base_span": [219, 224], "annotations": [{"nertag": "O"}]}, {"base_span": [224, 225], "annotations": [{"nertag": "O"}]}, {"base_span": [226, 228], "annotations": [{"nertag": "O"}]}, {"base_span": [229, 235], "annotations": [{"nertag": "O"}]}, {"base_span": [236, 238], "annotations": [{"nertag": "O"}]}, {"base_span": [239, 244], "annotations": [{"nertag": "O"}]}, {"base_span": [245, 250], "annotations": [{"nertag": "O"}]}, {"base_span": [251, 255], "annotations": [{"nertag": "O"}]}, {"base_span": [256, 261], "annotations": [{"nertag": "O"}]}, {"base_span": [262, 268], "annotations": [{"nertag": "O"}]}, {"base_span": [269, 281], "annotations": [{"nertag": "O"}]}, {"base_span": [281, 282], "annotations": [{"nertag": "O"}]}, {"base_span": [283, 290], "annotations": [{"nertag": "O"}]}, {"base_span": [291, 293], "annotations": [{"nertag": "O"}]}, {"base_span": [294, 302], "annotations": [{"nertag": "O"}]}, {"base_span": [302, 303], "annotations": [{"nertag": "O"}]}, {"base_span": [305, 309], "annotations": [{"nertag": "O"}]}, {"base_span": [310, 314], "annotations": [{"nertag": "B-PER"}]}, {"base_span": [315, 321], "annotations": [{"nertag": "I-PER"}]}, {"base_span": [322, 326], "annotations": [{"nertag": "O"}]}, {"base_span": [327, 332], "annotations": [{"nertag": "B-PER"}]}, {"base_span": [333, 337], "annotations": [{"nertag": "I-PER"}]}, {"base_span": [338, 344], "annotations": [{"nertag": "O"}]}, {"base_span": [345, 347], "annotations": [{"nertag": "O"}]}, {"base_span": [348, 354], "annotations": [{"nertag": "O"}]}, {"base_span": [355, 359], "annotations": [{"nertag": "O"}]}, {"base_span": [360, 364], "annotations": [{"nertag": "O"}]}, {"base_span": [365, 371], "annotations": [{"nertag": "O"}]}, {"base_span": [372, 376], "annotations": [{"nertag": "O"}]}, {"base_span": [377, 383], "annotations": [{"nertag": "O"}]}, {"base_span": [383, 384], "annotations": [{"nertag": "O"}]}, {"base_span": [385, 391], "annotations": [{"nertag": "O"}]}, {"base_span": [392, 398], "annotations": [{"nertag": "O"}]}, {"base_span": [399, 404], "annotations": [{"nertag": "O"}]}, {"base_span": [404, 405], "annotations": [{"nertag": "O"}]}, {"base_span": [406, 411], "annotations": [{"nertag": "O"}]}, {"base_span": [412, 413], "annotations": [{"nertag": "O"}]}, {"base_span": [414, 420], "annotations": [{"nertag": "O"}]}, {"base_span": [420, 421], "annotations": [{"nertag": "O"}]}, {"base_span": [422, 424], "annotations": [{"nertag": "O"}]}, {"base_span": [425, 427], "annotations": [{"nertag": "O"}]}, {"base_span": [428, 433], "annotations": [{"nertag": "O"}]}, {"base_span": [434, 438], "annotations": [{"nertag": "O"}]}, {"base_span": [439, 447], "annotations": [{"nertag": "O"}]}, {"base_span": [448, 454], "annotations": [{"nertag": "O"}]}, {"base_span": [455, 460], "annotations": [{"nertag": "O"}]}, {"base_span": [461, 467], "annotations": [{"nertag": "O"}]}, {"base_span": [467, 468], "annotations": [{"nertag": "O"}]}, {"base_span": [470, 475], "annotations": [{"nertag": "B-PER"}]}, {"base_span": [476, 480], "annotations": [{"nertag": "I-PER"}]}, {"base_span": [481, 487], "annotations": [{"nertag": "O"}]}, {"base_span": [487, 488], "annotations": [{"nertag": "O"}]}, {"base_span": [489, 491], "annotations": [{"nertag": "O"}]}, {"base_span": [492, 497], "annotations": [{"nertag": "O"}]}, {"base_span": [498, 500], "annotations": [{"nertag": "O"}]}, {"base_span": [501, 507], "annotations": [{"nertag": "O"}]}, {"base_span": [508, 513], "annotations": [{"nertag": "O"}]}, {"base_span": [514, 520], "annotations": [{"nertag": "O"}]}, {"base_span": [521, 527], "annotations": [{"nertag": "O"}]}, {"base_span": [528, 536], "annotations": [{"nertag": "O"}]}, {"base_span": [536, 537], "annotations": [{"nertag": "O"}]}, {"base_span": [539, 544], "annotations": [{"nertag": "B-PER"}]}, {"base_span": [545, 549], "annotations": [{"nertag": "I-PER"}]}, {"base_span": [550, 556], "annotations": [{"nertag": "O"}]}, {"base_span": [556, 557], "annotations": [{"nertag": "O"}]}, {"base_span": [558, 560], "annotations": [{"nertag": "O"}]}, {"base_span": [561, 566], "annotations": [{"nertag": "O"}]}, {"base_span": [567, 569], "annotations": [{"nertag": "O"}]}, {"base_span": [570, 573], "annotations": [{"nertag": "O"}]}, {"base_span": [574, 579], "annotations": [{"nertag": "O"}]}, {"base_span": [580, 584], "annotations": [{"nertag": "O"}]}, {"base_span": [585, 590], "annotations": [{"nertag": "O"}]}, {"base_span": [591, 597], "annotations": [{"nertag": "O"}]}, {"base_span": [598, 606], "annotations": [{"nertag": "O"}]}, {"base_span": [607, 610], "annotations": [{"nertag": "O"}]}, {"base_span": [611, 615], "annotations": [{"nertag": "O"}]}, {"base_span": [615, 616], "annotations": [{"nertag": "O"}]}, {"base_span": [617, 619], "annotations": [{"nertag": "O"}]}, {"base_span": [620, 622], "annotations": [{"nertag": "O"}]}, {"base_span": [623, 628], "annotations": [{"nertag": "O"}]}, {"base_span": [629, 634], "annotations": [{"nertag": "O"}]}, {"base_span": [635, 640], "annotations": [{"nertag": "B-LOC_ORG"}]}, {"base_span": [641, 645], "annotations": [{"nertag": "I-LOC_ORG"}]}, {"base_span": [646, 649], "annotations": [{"nertag": "O"}]}, {"base_span": [650, 656], "annotations": [{"nertag": "O"}]}, {"base_span": [657, 662], "annotations": [{"nertag": "B-PER"}]}, {"base_span": [663, 671], "annotations": [{"nertag": "I-PER"}]}, {"base_span": [672, 676], "annotations": [{"nertag": "O"}]}, {"base_span": [677, 682], "annotations": [{"nertag": "O"}]}, {"base_span": [683, 689], "annotations": [{"nertag": "O"}]}, {"base_span": [690, 692], "annotations": [{"nertag": "O"}]}, {"base_span": [693, 695], "annotations": [{"nertag": "O"}]}, {"base_span": [696, 699], "annotations": [{"nertag": "O"}]}, {"base_span": [700, 705], "annotations": [{"nertag": "O"}]}, {"base_span": [706, 711], "annotations": [{"nertag": "O"}]}, {"base_span": [711, 712], "annotations": [{"nertag": "O"}]}, {"base_span": [713, 718], "annotations": [{"nertag": "O"}]}, {"base_span": [718, 719], "annotations": [{"nertag": "O"}]}, {"base_span": [720, 724], "annotations": [{"nertag": "O"}]}, {"base_span": [725, 727], "annotations": [{"nertag": "O"}]}, {"base_span": [728, 732], "annotations": [{"nertag": "O"}]}, {"base_span": [733, 739], "annotations": [{"nertag": "O"}]}, {"base_span": [740, 745], "annotations": [{"nertag": "O"}]}, {"base_span": [746, 751], "annotations": [{"nertag": "O"}]}, {"base_span": [751, 752], "annotations": [{"nertag": "O"}]}, {"base_span": [753, 757], "annotations": [{"nertag": "O"}]}, {"base_span": [758, 762], "annotations": [{"nertag": "O"}]}, {"base_span": [763, 768], "annotations": [{"nertag": "O"}]}, {"base_span": [769, 775], "annotations": [{"nertag": "O"}]}, {"base_span": [776, 780], "annotations": [{"nertag": "O"}]}, {"base_span": [781, 791], "annotations": [{"nertag": "O"}]}, {"base_span": [792, 800], "annotations": [{"nertag": "O"}]}, {"base_span": [801, 804], "annotations": [{"nertag": "O"}]}, {"base_span": [804, 813], "annotations": [{"nertag": "O"}]}, {"base_span": [814, 819], "annotations": [{"nertag": "O"}]}, {"base_span": [819, 820], "annotations": [{"nertag": "O"}]}, {"base_span": [820, 821], "annotations": [{"nertag": "O"}]}, {"base_span": [821, 822], "annotations": [{"nertag": "O"}]}, {"base_span": [822, 823], "annotations": [{"nertag": "O"}]}, {"base_span": [824, 827], "annotations": [{"nertag": "O"}]}, {"base_span": [827, 828], "annotations": [{"nertag": "O"}]}, {"base_span": [829, 831], "annotations": [{"nertag": "O"}]}, {"base_span": [831, 838], "annotations": [{"nertag": "O"}]}, {"base_span": [839, 844], "annotations": [{"nertag": "O"}]}, {"base_span": [845, 848], "annotations": [{"nertag": "O"}]}, {"base_span": [848, 849], "annotations": [{"nertag": "O"}]}, {"base_span": [850, 853], "annotations": [{"nertag": "O"}]}, {"base_span": [853, 854], "annotations": [{"nertag": "O"}]}, {"base_span": [855, 857], "annotations": [{"nertag": "O"}]}, {"base_span": [858, 864], "annotations": [{"nertag": "O"}]}, {"base_span": [865, 870], "annotations": [{"nertag": "O"}]}, {"base_span": [871, 875], "annotations": [{"nertag": "O"}]}, {"base_span": [876, 879], "annotations": [{"nertag": "O"}]}, {"base_span": [880, 882], "annotations": [{"nertag": "O"}]}, {"base_span": [883, 886], "annotations": [{"nertag": "O"}]}, {"base_span": [886, 889], "annotations": [{"nertag": "O"}]}, {"base_span": [889, 890], "annotations": [{"nertag": "O"}]}, {"base_span": [891, 896], "annotations": [{"nertag": "O"}]}, {"base_span": [897, 901], "annotations": [{"nertag": "O"}]}, {"base_span": [901, 902], "annotations": [{"nertag": "O"}]}, {"base_span": [903, 906], "annotations": [{"nertag": "O"}]}, {"base_span": [907, 913], "annotations": [{"nertag": "O"}]}, {"base_span": [914, 922], "annotations": [{"nertag": "O"}]}, {"base_span": [922, 923], "annotations": [{"nertag": "O"}]}, {"base_span": [925, 931], "annotations": [{"nertag": "O"}]}, {"base_span": [932, 936], "annotations": [{"nertag": "O"}]}, {"base_span": [937, 941], "annotations": [{"nertag": "O"}]}, {"base_span": [942, 947], "annotations": [{"nertag": "O"}]}, {"base_span": [949, 956], "annotations": [{"nertag": "O"}]}, {"base_span": [956, 957], "annotations": [{"nertag": "O"}]}, {"base_span": [959, 963], "annotations": [{"nertag": "O"}]}, {"base_span": [964, 969], "annotations": [{"nertag": "B-PER"}]}, {"base_span": [970, 974], "annotations": [{"nertag": "I-PER"}]}, {"base_span": [975, 980], "annotations": [{"nertag": "O"}]}, {"base_span": [980, 981], "annotations": [{"nertag": "O"}]}, {"base_span": [982, 986], "annotations": [{"nertag": "O"}]}, {"base_span": [987, 990], "annotations": [{"nertag": "O"}]}, {"base_span": [991, 997], "annotations": [{"nertag": "O"}]}, {"base_span": [998, 1003], "annotations": [{"nertag": "B-PER"}]}, {"base_span": [1004, 1012], "annotations": [{"nertag": "I-PER"}]}, {"base_span": [1013, 1017], "annotations": [{"nertag": "O"}]}, {"base_span": [1018, 1023], "annotations": [{"nertag": "O"}]}, {"base_span": [1024, 1028], "annotations": [{"nertag": "O"}]}, {"base_span": [1029, 1033], "annotations": [{"nertag": "O"}]}, {"base_span": [1034, 1040], "annotations": [{"nertag": "O"}]}, {"base_span": [1041, 1043], "annotations": [{"nertag": "O"}]}, {"base_span": [1043, 1044], "annotations": [{"nertag": "O"}]}, {"base_span": [1045, 1048], "annotations": [{"nertag": "O"}]}, {"base_span": [1049, 1053], "annotations": [{"nertag": "O"}]}, {"base_span": [1054, 1059], "annotations": [{"nertag": "B-PER"}]}, {"base_span": [1060, 1068], "annotations": [{"nertag": "I-PER"}]}, {"base_span": [1069, 1072], "annotations": [{"nertag": "O"}]}, {"base_span": [1073, 1077], "annotations": [{"nertag": "B-PER"}]}, {"base_span": [1078, 1086], "annotations": [{"nertag": "I-PER"}]}, {"base_span": [1087, 1088], "annotations": [{"nertag": "O"}]}, {"base_span": [1088, 1096], "annotations": [{"nertag": "B-PER"}]}, {"base_span": [1096, 1097], "annotations": [{"nertag": "O"}]}, {"base_span": [1098, 1107], "annotations": [{"nertag": "O"}]}, {"base_span": [1108, 1110], "annotations": [{"nertag": "O"}]}, {"base_span": [1111, 1117], "annotations": [{"nertag": "O"}]}, {"base_span": [1118, 1120], "annotations": [{"nertag": "O"}]}, {"base_span": [1121, 1128], "annotations": [{"nertag": "O"}]}, {"base_span": [1129, 1138], "annotations": [{"nertag": "O"}]}, {"base_span": [1139, 1149], "annotations": [{"nertag": "O"}]}, {"base_span": [1150, 1155], "annotations": [{"nertag": "O"}]}, {"base_span": [1156, 1161], "annotations": [{"nertag": "B-PER"}]}, {"base_span": [1162, 1168], "annotations": [{"nertag": "I-PER"}]}, {"base_span": [1169, 1174], "annotations": [{"nertag": "O"}]}, {"base_span": [1175, 1177], "annotations": [{"nertag": "O"}]}, {"base_span": [1177, 1178], "annotations": [{"nertag": "O"}]}, {"base_span": [1179, 1182], "annotations": [{"nertag": "O"}]}, {"base_span": [1183, 1187], "annotations": [{"nertag": "O"}]}, {"base_span": [1188, 1194], "annotations": [{"nertag": "O"}]}, {"base_span": [1194, 1195], "annotations": [{"nertag": "O"}]}, {"base_span": [1196, 1200], "annotations": [{"nertag": "O"}]}, {"base_span": [1201, 1212], "annotations": [{"nertag": "O"}]}, {"base_span": [1213, 1226], "annotations": [{"nertag": "O"}]}, {"base_span": [1227, 1233], "annotations": [{"nertag": "O"}]}, {"base_span": [1234, 1239], "annotations": [{"nertag": "O"}]}, {"base_span": [1239, 1240], "annotations": [{"nertag": "O"}]}, {"base_span": [1241, 1245], "annotations": [{"nertag": "O"}]}, {"base_span": [1246, 1250], "annotations": [{"nertag": "O"}]}, {"base_span": [1251, 1255], "annotations": [{"nertag": "B-PER"}]}, {"base_span": [1256, 1264], "annotations": [{"nertag": "I-PER"}]}, {"base_span": [1265, 1266], "annotations": [{"nertag": "O"}]}, {"base_span": [1266, 1274], "annotations": [{"nertag": "B-PER"}]}, {"base_span": [1274, 1275], "annotations": [{"nertag": "O"}]}, {"base_span": [1276, 1283], "annotations": [{"nertag": "O"}]}, {"base_span": [1284, 1286], "annotations": [{"nertag": "O"}]}, {"base_span": [1287, 1295], "annotations": [{"nertag": "O"}]}, {"base_span": [1296, 1301], "annotations": [{"nertag": "O"}]}, {"base_span": [1302, 1307], "annotations": [{"nertag": "B-PER"}]}, {"base_span": [1308, 1312], "annotations": [{"nertag": "I-PER"}]}, {"base_span": [1313, 1315], "annotations": [{"nertag": "O"}]}, {"base_span": [1316, 1321], "annotations": [{"nertag": "B-PER"}]}, {"base_span": [1322, 1326], "annotations": [{"nertag": "I-PER"}]}, {"base_span": [1327, 1334], "annotations": [{"nertag": "O"}]}, {"base_span": [1335, 1343], "annotations": [{"nertag": "O"}]}, {"base_span": [1344, 1351], "annotations": [{"nertag": "O"}]}, {"base_span": [1351, 1352], "annotations": [{"nertag": "O"}]}, {"base_span": [1353, 1355], "annotations": [{"nertag": "O"}]}, {"base_span": [1356, 1360], "annotations": [{"nertag": "O"}]}, {"base_span": [1361, 1365], "annotations": [{"nertag": "B-PER"}]}, {"base_span": [1366, 1374], "annotations": [{"nertag": "I-PER"}]}, {"base_span": [1375, 1377], "annotations": [{"nertag": "O"}]}, {"base_span": [1378, 1382], "annotations": [{"nertag": "O"}]}, {"base_span": [1383, 1387], "annotations": [{"nertag": "O"}]}, {"base_span": [1388, 1392], "annotations": [{"nertag": "B-PER"}]}, {"base_span": [1393, 1401], "annotations": [{"nertag": "I-PER"}]}, {"base_span": [1402, 1405], "annotations": [{"nertag": "O"}]}, {"base_span": [1406, 1408], "annotations": [{"nertag": "O"}]}, {"base_span": [1409, 1414], "annotations": [{"nertag": "O"}]}, {"base_span": [1415, 1418], "annotations": [{"nertag": "O"}]}, {"base_span": [1419, 1423], "annotations": [{"nertag": "O"}]}, {"base_span": [1424, 1429], "annotations": [{"nertag": "B-LOC_ORG"}]}, {"base_span": [1430, 1434], "annotations": [{"nertag": "I-LOC_ORG"}]}, {"base_span": [1435, 1440], "annotations": [{"nertag": "O"}]}, {"base_span": [1441, 1445], "annotations": [{"nertag": "O"}]}, {"base_span": [1446, 1455], "annotations": [{"nertag": "O"}]}, {"base_span": [1456, 1458], "annotations": [{"nertag": "O"}]}, {"base_span": [1459, 1464], "annotations": [{"nertag": "B-PER"}]}, {"base_span": [1465, 1472], "annotations": [{"nertag": "I-PER"}]}, {"base_span": [1473, 1481], "annotations": [{"nertag": "O"}]}, {"base_span": [1482, 1487], "annotations": [{"nertag": "O"}]}, {"base_span": [1488, 1491], "annotations": [{"nertag": "O"}]}, {"base_span": [1491, 1494], "annotations": [{"nertag": "O"}]}, {"base_span": [1494, 1495], "annotations": [{"nertag": "O"}]}, {"base_span": [1496, 1501], "annotations": [{"nertag": "O"}]}, {"base_span": [1501, 1502], "annotations": [{"nertag": "O"}]}, {"base_span": [1502, 1503], "annotations": [{"nertag": "O"}]}, {"base_span": [1504, 1508], "annotations": [{"nertag": "O"}]}, {"base_span": [1508, 1509], "annotations": [{"nertag": "O"}]}, {"base_span": [1510, 1513], "annotations": [{"nertag": "O"}]}, {"base_span": [1514, 1520], "annotations": [{"nertag": "O"}]}, {"base_span": [1520, 1521], "annotations": [{"nertag": "O"}]}, {"base_span": [1522, 1530], "annotations": [{"nertag": "O"}]}, {"base_span": [1531, 1544], "annotations": [{"nertag": "O"}]}, {"base_span": [1545, 1550], "annotations": [{"nertag": "O"}]}, {"base_span": [1551, 1558], "annotations": [{"nertag": "O"}]}, {"base_span": [1559, 1563], "annotations": [{"nertag": "O"}]}, {"base_span": [1563, 1564], "annotations": [{"nertag": "O"}]}, {"base_span": [1566, 1573], "annotations": [{"nertag": "O"}]}, {"base_span": [1573, 1574], "annotations": [{"nertag": "O"}]}, {"base_span": [1575, 1580], "annotations": [{"nertag": "O"}]}, {"base_span": [1581, 1588], "annotations": [{"nertag": "O"}]}, {"base_span": [1588, 1589], "annotations": [{"nertag": "O"}]}, {"base_span": [1590, 1600], "annotations": [{"nertag": "O"}]}, {"base_span": [1600, 1601], "annotations": [{"nertag": "O"}]}, {"base_span": [1603, 1607], "annotations": [{"nertag": "B-PER"}]}, {"base_span": [1608, 1615], "annotations": [{"nertag": "I-PER"}]}, {"base_span": [1615, 1616], "annotations": [{"nertag": "O"}]}, {"base_span": [1616, 1624], "annotations": [{"nertag": "B-PER"}]}, {"base_span": [1624, 1625], "annotations": [{"nertag": "O"}]}, {"base_span": [1626, 1628], "annotations": [{"nertag": "O"}]}, {"base_span": [1629, 1634], "annotations": [{"nertag": "O"}]}, {"base_span": [1635, 1640], "annotations": [{"nertag": "O"}]}, {"base_span": [1640, 1641], "annotations": [{"nertag": "O"}]}, {"base_span": [1642, 1647], "annotations": [{"nertag": "O"}]}, {"base_span": [1648, 1658], "annotations": [{"nertag": "O"}]}, {"base_span": [1658, 1659], "annotations": [{"nertag": "O"}]}, {"base_span": [1660, 1663], "annotations": [{"nertag": "O"}]}, {"base_span": [1664, 1671], "annotations": [{"nertag": "O"}]}, {"base_span": [1672, 1677], "annotations": [{"nertag": "O"}]}, {"base_span": [1677, 1678], "annotations": [{"nertag": "O"}]}, {"base_span": [1680, 1681], "annotations": [{"nertag": "O"}]}, {"base_span": [1681, 1687], "annotations": [{"nertag": "O"}]}, {"base_span": [1688, 1693], "annotations": [{"nertag": "O"}]}, {"base_span": [1693, 1694], "annotations": [{"nertag": "O"}]}, {"base_span": [1695, 1696], "annotations": [{"nertag": "O"}]}, {"base_span": [1696, 1697], "annotations": [{"nertag": "O"}]}, {"base_span": [1697, 1701], "annotations": [{"nertag": "O"}]}, {"base_span": [1702, 1707], "annotations": [{"nertag": "B-LOC_ORG"}]}, {"base_span": [1707, 1708], "annotations": [{"nertag": "O"}]}, {"base_span": [1710, 1715], "annotations": [{"nertag": "O"}]}, {"base_span": [1716, 1721], "annotations": [{"nertag": "O"}]}, {"base_span": [1722, 1725], "annotations": [{"nertag": "O"}]}, {"base_span": [1725, 1732], "annotations": [{"nertag": "O"}]}, {"base_span": [1733, 1738], "annotations": [{"nertag": "O"}]}]}]}