{"text": "Proua A.Larich  S.Rõngust kaebas, et tal on Amalie Leesik käest saada:\n1) ühe saksa tanu eest - 1rbl.80kop.\n2) poodi rehnungi  - 71kop.\n3) ühe ame eest  - 50kop.\nSumma  3rbl. 1kop.\nAmalie Leesik meesterahva juures-olles vastas, et ta ei ole proua Larich käest ühtegi saksa tanu saanud, vaid ühe vene naesi metsi mis 30kop. väärt olnud, poodi rehnungist ei tea midagi, üks hame on küll saanud, aga olnud odavast riidest.\nPäälegi on Stalbergi ziad tema karjas hoida olnud, olnud kolm ziga, mis sest ta 3rbl. saanud, nõuab aga nüüd 10rbl. zia pääle. A.Larich on ziade hoidmise kauba teinud. Viimaks selletas Amalie Leesik, et ta ei võta neid A.Tarochi nõudmisi sugugi vastu, kuna A.Laroch mitte neid siis üles annud ei ole, kui ta* mees ära surnud ja kohtu poole selle üle kuulutus väljas-olnud.\nA.Laroch seletas, et ta ei ole nende zigade hoidmise kaupa teinud, kuna tal zigu ei olnud. Amalie Leesik olla ära keelnud, neid nõndaviisi mitte tema mehele ülesandma, on lubanud seda kiik ise ära maksa, nõudis ka oma jalavaeva.\nPärast seda tegi kohus:\nMõistus.\nProua A.Larvich kaebtus saab hoopis tühjaks arvatud, kuna ta neid nõudmisi mitte õigel ajal, kui Amalie Leesik mees Mats Luts ära surnud oli; kohtu kuulutuse ajal ülesantud ei ole, Amalie Leesik võib zigade karjatamise hinda Stahlbergi käest nõuda.\nMõistus-saije säädusl. kuulutud.\nA.Larsch appell. 27.juunil 88. välja võetud.\n\"\n", "meta": {"origin_directory": "vallakohus_esimene/"}, "layers": [{"name": "gold_ner", "attributes": ["nertag"], "parent": null, "enveloping": null, "ambiguous": false, "serialisation_module": null, "meta": {}, "spans": [{"base_span": [6, 14], "annotations": [{"nertag": "PER"}]}, {"base_span": [16, 25], "annotations": [{"nertag": "LOC"}]}, {"base_span": [44, 57], "annotations": [{"nertag": "PER"}]}, {"base_span": [181, 194], "annotations": [{"nertag": "PER"}]}, {"base_span": [247, 253], "annotations": [{"nertag": "PER"}]}, {"base_span": [431, 440], "annotations": [{"nertag": "PER"}]}, {"base_span": [547, 555], "annotations": [{"nertag": "PER"}]}, {"base_span": [605, 618], "annotations": [{"nertag": "PER"}]}, {"base_span": [639, 648], "annotations": [{"nertag": "PER"}]}, {"base_span": [677, 685], "annotations": [{"nertag": "PER"}]}, {"base_span": [793, 801], "annotations": [{"nertag": "PER"}]}, {"base_span": [884, 897], "annotations": [{"nertag": "PER"}]}, {"base_span": [1061, 1070], "annotations": [{"nertag": "PER"}]}, {"base_span": [1152, 1165], "annotations": [{"nertag": "PER"}]}, {"base_span": [1171, 1180], "annotations": [{"nertag": "PER"}]}, {"base_span": [1236, 1249], "annotations": [{"nertag": "PER"}]}, {"base_span": [1280, 1290], "annotations": [{"nertag": "PER"}]}, {"base_span": [1337, 1345], "annotations": [{"nertag": "PER"}]}]}, {"name": "gold_wordner", "attributes": ["nertag"], "parent": null, "enveloping": null, "ambiguous": false, "serialisation_module": null, "meta": {}, "spans": [{"base_span": [0, 5], "annotations": [{"nertag": "O"}]}, {"base_span": [6, 7], "annotations": [{"nertag": "B-PER"}]}, {"base_span": [7, 8], "annotations": [{"nertag": "I-PER"}]}, {"base_span": [8, 14], "annotations": [{"nertag": "I-PER"}]}, {"base_span": [16, 17], "annotations": [{"nertag": "B-LOC"}]}, {"base_span": [17, 18], "annotations": [{"nertag": "I-LOC"}]}, {"base_span": [18, 25], "annotations": [{"nertag": "I-LOC"}]}, {"base_span": [26, 32], "annotations": [{"nertag": "O"}]}, {"base_span": [32, 33], "annotations": [{"nertag": "O"}]}, {"base_span": [34, 36], "annotations": [{"nertag": "O"}]}, {"base_span": [37, 40], "annotations": [{"nertag": "O"}]}, {"base_span": [41, 43], "annotations": [{"nertag": "O"}]}, {"base_span": [44, 50], "annotations": [{"nertag": "B-PER"}]}, {"base_span": [51, 57], "annotations": [{"nertag": "I-PER"}]}, {"base_span": [58, 63], "annotations": [{"nertag": "O"}]}, {"base_span": [64, 69], "annotations": [{"nertag": "O"}]}, {"base_span": [69, 70], "annotations": [{"nertag": "O"}]}, {"base_span": [71, 72], "annotations": [{"nertag": "O"}]}, {"base_span": [72, 73], "annotations": [{"nertag": "O"}]}, {"base_span": [74, 77], "annotations": [{"nertag": "O"}]}, {"base_span": [78, 83], "annotations": [{"nertag": "O"}]}, {"base_span": [84, 88], "annotations": [{"nertag": "O"}]}, {"base_span": [89, 93], "annotations": [{"nertag": "O"}]}, {"base_span": [94, 95], "annotations": [{"nertag": "O"}]}, {"base_span": [96, 100], "annotations": [{"nertag": "O"}]}, {"base_span": [100, 101], "annotations": [{"nertag": "O"}]}, {"base_span": [101, 106], "annotations": [{"nertag": "O"}]}, {"base_span": [106, 107], "annotations": [{"nertag": "O"}]}, {"base_span": [108, 109], "annotations": [{"nertag": "O"}]}, {"base_span": [109, 110], "annotations": [{"nertag": "O"}]}, {"base_span": [111, 116], "annotations": [{"nertag": "O"}]}, {"base_span": [117, 125], "annotations": [{"nertag": "O"}]}, {"base_span": [127, 128], "annotations": [{"nertag": "O"}]}, {"base_span": [129, 134], "annotations": [{"nertag": "O"}]}, {"base_span": [134, 135], "annotations": [{"nertag": "O"}]}, {"base_span": [136, 137], "annotations": [{"nertag": "O"}]}, {"base_span": [137, 138], "annotations": [{"nertag": "O"}]}, {"base_span": [139, 142], "annotations": [{"nertag": "O"}]}, {"base_span": [143, 146], "annotations": [{"nertag": "O"}]}, {"base_span": [147, 151], "annotations": [{"nertag": "O"}]}, {"base_span": [153, 154], "annotations": [{"nertag": "O"}]}, {"base_span": [155, 160], "annotations": [{"nertag": "O"}]}, {"base_span": [160, 161], "annotations": [{"nertag": "O"}]}, {"base_span": [162, 167], "annotations": [{"nertag": "O"}]}, {"base_span": [169, 173], "annotations": [{"nertag": "O"}]}, {"base_span": [173, 174], "annotations": [{"nertag": "O"}]}, {"base_span": [175, 179], "annotations": [{"nertag": "O"}]}, {"base_span": [179, 180], "annotations": [{"nertag": "O"}]}, {"base_span": [181, 187], "annotations": [{"nertag": "B-PER"}]}, {"base_span": [188, 194], "annotations": [{"nertag": "I-PER"}]}, {"base_span": [195, 206], "annotations": [{"nertag": "O"}]}, {"base_span": [207, 213], "annotations": [{"nertag": "O"}]}, {"base_span": [213, 214], "annotations": [{"nertag": "O"}]}, {"base_span": [214, 219], "annotations": [{"nertag": "O"}]}, {"base_span": [220, 226], "annotations": [{"nertag": "O"}]}, {"base_span": [226, 227], "annotations": [{"nertag": "O"}]}, {"base_span": [228, 230], "annotations": [{"nertag": "O"}]}, {"base_span": [231, 233], "annotations": [{"nertag": "O"}]}, {"base_span": [234, 236], "annotations": [{"nertag": "O"}]}, {"base_span": [237, 240], "annotations": [{"nertag": "O"}]}, {"base_span": [241, 246], "annotations": [{"nertag": "O"}]}, {"base_span": [247, 253], "annotations": [{"nertag": "B-PER"}]}, {"base_span": [254, 259], "annotations": [{"nertag": "O"}]}, {"base_span": [260, 266], "annotations": [{"nertag": "O"}]}, {"base_span": [267, 272], "annotations": [{"nertag": "O"}]}, {"base_span": [273, 277], "annotations": [{"nertag": "O"}]}, {"base_span": [278, 284], "annotations": [{"nertag": "O"}]}, {"base_span": [284, 285], "annotations": [{"nertag": "O"}]}, {"base_span": [286, 290], "annotations": [{"nertag": "O"}]}, {"base_span": [291, 294], "annotations": [{"nertag": "O"}]}, {"base_span": [295, 299], "annotations": [{"nertag": "O"}]}, {"base_span": [300, 305], "annotations": [{"nertag": "O"}]}, {"base_span": [306, 311], "annotations": [{"nertag": "O"}]}, {"base_span": [312, 315], "annotations": [{"nertag": "O"}]}, {"base_span": [316, 321], "annotations": [{"nertag": "O"}]}, {"base_span": [321, 322], "annotations": [{"nertag": "O"}]}, {"base_span": [323, 328], "annotations": [{"nertag": "O"}]}, {"base_span": [329, 334], "annotations": [{"nertag": "O"}]}, {"base_span": [334, 335], "annotations": [{"nertag": "O"}]}, {"base_span": [336, 341], "annotations": [{"nertag": "O"}]}, {"base_span": [342, 352], "annotations": [{"nertag": "O"}]}, {"base_span": [353, 355], "annotations": [{"nertag": "O"}]}, {"base_span": [356, 359], "annotations": [{"nertag": "O"}]}, {"base_span": [360, 366], "annotations": [{"nertag": "O"}]}, {"base_span": [366, 367], "annotations": [{"nertag": "O"}]}, {"base_span": [368, 371], "annotations": [{"nertag": "O"}]}, {"base_span": [372, 376], "annotations": [{"nertag": "O"}]}, {"base_span": [377, 379], "annotations": [{"nertag": "O"}]}, {"base_span": [380, 384], "annotations": [{"nertag": "O"}]}, {"base_span": [385, 391], "annotations": [{"nertag": "O"}]}, {"base_span": [391, 392], "annotations": [{"nertag": "O"}]}, {"base_span": [393, 396], "annotations": [{"nertag": "O"}]}, {"base_span": [397, 402], "annotations": [{"nertag": "O"}]}, {"base_span": [403, 410], "annotations": [{"nertag": "O"}]}, {"base_span": [411, 418], "annotations": [{"nertag": "O"}]}, {"base_span": [418, 419], "annotations": [{"nertag": "O"}]}, {"base_span": [420, 427], "annotations": [{"nertag": "O"}]}, {"base_span": [428, 430], "annotations": [{"nertag": "O"}]}, {"base_span": [431, 440], "annotations": [{"nertag": "B-PER"}]}, {"base_span": [441, 445], "annotations": [{"nertag": "O"}]}, {"base_span": [446, 450], "annotations": [{"nertag": "O"}]}, {"base_span": [451, 457], "annotations": [{"nertag": "O"}]}, {"base_span": [458, 463], "annotations": [{"nertag": "O"}]}, {"base_span": [464, 469], "annotations": [{"nertag": "O"}]}, {"base_span": [469, 470], "annotations": [{"nertag": "O"}]}, {"base_span": [471, 476], "annotations": [{"nertag": "O"}]}, {"base_span": [477, 481], "annotations": [{"nertag": "O"}]}, {"base_span": [482, 486], "annotations": [{"nertag": "O"}]}, {"base_span": [486, 487], "annotations": [{"nertag": "O"}]}, {"base_span": [488, 491], "annotations": [{"nertag": "O"}]}, {"base_span": [492, 496], "annotations": [{"nertag": "O"}]}, {"base_span": [497, 499], "annotations": [{"nertag": "O"}]}, {"base_span": [500, 504], "annotations": [{"nertag": "O"}]}, {"base_span": [504, 505], "annotations": [{"nertag": "O"}]}, {"base_span": [506, 512], "annotations": [{"nertag": "O"}]}, {"base_span": [512, 513], "annotations": [{"nertag": "O"}]}, {"base_span": [514, 519], "annotations": [{"nertag": "O"}]}, {"base_span": [520, 523], "annotations": [{"nertag": "O"}]}, {"base_span": [524, 528], "annotations": [{"nertag": "O"}]}, {"base_span": [529, 534], "annotations": [{"nertag": "O"}]}, {"base_span": [534, 535], "annotations": [{"nertag": "O"}]}, {"base_span": [536, 539], "annotations": [{"nertag": "O"}]}, {"base_span": [540, 545], "annotations": [{"nertag": "O"}]}, {"base_span": [545, 546], "annotations": [{"nertag": "O"}]}, {"base_span": [547, 548], "annotations": [{"nertag": "B-PER"}]}, {"base_span": [548, 549], "annotations": [{"nertag": "I-PER"}]}, {"base_span": [549, 555], "annotations": [{"nertag": "I-PER"}]}, {"base_span": [556, 558], "annotations": [{"nertag": "O"}]}, {"base_span": [559, 564], "annotations": [{"nertag": "O"}]}, {"base_span": [565, 573], "annotations": [{"nertag": "O"}]}, {"base_span": [574, 579], "annotations": [{"nertag": "O"}]}, {"base_span": [580, 586], "annotations": [{"nertag": "O"}]}, {"base_span": [586, 587], "annotations": [{"nertag": "O"}]}, {"base_span": [588, 595], "annotations": [{"nertag": "O"}]}, {"base_span": [596, 604], "annotations": [{"nertag": "O"}]}, {"base_span": [605, 611], "annotations": [{"nertag": "B-PER"}]}, {"base_span": [612, 618], "annotations": [{"nertag": "I-PER"}]}, {"base_span": [618, 619], "annotations": [{"nertag": "O"}]}, {"base_span": [620, 622], "annotations": [{"nertag": "O"}]}, {"base_span": [623, 625], "annotations": [{"nertag": "O"}]}, {"base_span": [626, 628], "annotations": [{"nertag": "O"}]}, {"base_span": [629, 633], "annotations": [{"nertag": "O"}]}, {"base_span": [634, 638], "annotations": [{"nertag": "O"}]}, {"base_span": [639, 640], "annotations": [{"nertag": "B-PER"}]}, {"base_span": [640, 641], "annotations": [{"nertag": "I-PER"}]}, {"base_span": [641, 648], "annotations": [{"nertag": "I-PER"}]}, {"base_span": [649, 657], "annotations": [{"nertag": "O"}]}, {"base_span": [658, 664], "annotations": [{"nertag": "O"}]}, {"base_span": [665, 670], "annotations": [{"nertag": "O"}]}, {"base_span": [670, 671], "annotations": [{"nertag": "O"}]}, {"base_span": [672, 676], "annotations": [{"nertag": "O"}]}, {"base_span": [677, 678], "annotations": [{"nertag": "B-PER"}]}, {"base_span": [678, 679], "annotations": [{"nertag": "I-PER"}]}, {"base_span": [679, 685], "annotations": [{"nertag": "I-PER"}]}, {"base_span": [686, 691], "annotations": [{"nertag": "O"}]}, {"base_span": [692, 696], "annotations": [{"nertag": "O"}]}, {"base_span": [697, 701], "annotations": [{"nertag": "O"}]}, {"base_span": [702, 706], "annotations": [{"nertag": "O"}]}, {"base_span": [707, 712], "annotations": [{"nertag": "O"}]}, {"base_span": [713, 715], "annotations": [{"nertag": "O"}]}, {"base_span": [716, 719], "annotations": [{"nertag": "O"}]}, {"base_span": [719, 720], "annotations": [{"nertag": "O"}]}, {"base_span": [721, 724], "annotations": [{"nertag": "O"}]}, {"base_span": [725, 727], "annotations": [{"nertag": "O"}]}, {"base_span": [727, 728], "annotations": [{"nertag": "O"}]}, {"base_span": [729, 733], "annotations": [{"nertag": "O"}]}, {"base_span": [734, 737], "annotations": [{"nertag": "O"}]}, {"base_span": [738, 744], "annotations": [{"nertag": "O"}]}, {"base_span": [745, 747], "annotations": [{"nertag": "O"}]}, {"base_span": [748, 753], "annotations": [{"nertag": "O"}]}, {"base_span": [754, 759], "annotations": [{"nertag": "O"}]}, {"base_span": [760, 765], "annotations": [{"nertag": "O"}]}, {"base_span": [766, 769], "annotations": [{"nertag": "O"}]}, {"base_span": [770, 778], "annotations": [{"nertag": "O"}]}, {"base_span": [779, 785], "annotations": [{"nertag": "O"}]}, {"base_span": [785, 786], "annotations": [{"nertag": "O"}]}, {"base_span": [786, 791], "annotations": [{"nertag": "O"}]}, {"base_span": [791, 792], "annotations": [{"nertag": "O"}]}, {"base_span": [793, 794], "annotations": [{"nertag": "B-PER"}]}, {"base_span": [794, 795], "annotations": [{"nertag": "I-PER"}]}, {"base_span": [795, 801], "annotations": [{"nertag": "I-PER"}]}, {"base_span": [802, 809], "annotations": [{"nertag": "O"}]}, {"base_span": [809, 810], "annotations": [{"nertag": "O"}]}, {"base_span": [811, 813], "annotations": [{"nertag": "O"}]}, {"base_span": [814, 816], "annotations": [{"nertag": "O"}]}, {"base_span": [817, 819], "annotations": [{"nertag": "O"}]}, {"base_span": [820, 823], "annotations": [{"nertag": "O"}]}, {"base_span": [824, 829], "annotations": [{"nertag": "O"}]}, {"base_span": [830, 836], "annotations": [{"nertag": "O"}]}, {"base_span": [837, 845], "annotations": [{"nertag": "O"}]}, {"base_span": [846, 851], "annotations": [{"nertag": "O"}]}, {"base_span": [852, 858], "annotations": [{"nertag": "O"}]}, {"base_span": [858, 859], "annotations": [{"nertag": "O"}]}, {"base_span": [860, 864], "annotations": [{"nertag": "O"}]}, {"base_span": [865, 868], "annotations": [{"nertag": "O"}]}, {"base_span": [869, 873], "annotations": [{"nertag": "O"}]}, {"base_span": [874, 876], "annotations": [{"nertag": "O"}]}, {"base_span": [877, 882], "annotations": [{"nertag": "O"}]}, {"base_span": [882, 883], "annotations": [{"nertag": "O"}]}, {"base_span": [884, 890], "annotations": [{"nertag": "B-PER"}]}, {"base_span": [891, 897], "annotations": [{"nertag": "I-PER"}]}, {"base_span": [898, 902], "annotations": [{"nertag": "O"}]}, {"base_span": [903, 906], "annotations": [{"nertag": "O"}]}, {"base_span": [907, 914], "annotations": [{"nertag": "O"}]}, {"base_span": [914, 915], "annotations": [{"nertag": "O"}]}, {"base_span": [916, 920], "annotations": [{"nertag": "O"}]}, {"base_span": [921, 931], "annotations": [{"nertag": "O"}]}, {"base_span": [932, 937], "annotations": [{"nertag": "O"}]}, {"base_span": [938, 942], "annotations": [{"nertag": "O"}]}, {"base_span": [943, 949], "annotations": [{"nertag": "O"}]}, {"base_span": [950, 959], "annotations": [{"nertag": "O"}]}, {"base_span": [959, 960], "annotations": [{"nertag": "O"}]}, {"base_span": [961, 963], "annotations": [{"nertag": "O"}]}, {"base_span": [964, 971], "annotations": [{"nertag": "O"}]}, {"base_span": [972, 976], "annotations": [{"nertag": "O"}]}, {"base_span": [977, 981], "annotations": [{"nertag": "O"}]}, {"base_span": [982, 985], "annotations": [{"nertag": "O"}]}, {"base_span": [986, 989], "annotations": [{"nertag": "O"}]}, {"base_span": [990, 995], "annotations": [{"nertag": "O"}]}, {"base_span": [995, 996], "annotations": [{"nertag": "O"}]}, {"base_span": [997, 1003], "annotations": [{"nertag": "O"}]}, {"base_span": [1004, 1006], "annotations": [{"nertag": "O"}]}, {"base_span": [1007, 1010], "annotations": [{"nertag": "O"}]}, {"base_span": [1011, 1020], "annotations": [{"nertag": "O"}]}, {"base_span": [1020, 1021], "annotations": [{"nertag": "O"}]}, {"base_span": [1022, 1028], "annotations": [{"nertag": "O"}]}, {"base_span": [1029, 1033], "annotations": [{"nertag": "O"}]}, {"base_span": [1034, 1038], "annotations": [{"nertag": "O"}]}, {"base_span": [1039, 1044], "annotations": [{"nertag": "O"}]}, {"base_span": [1044, 1045], "annotations": [{"nertag": "O"}]}, {"base_span": [1046, 1053], "annotations": [{"nertag": "O"}]}, {"base_span": [1053, 1054], "annotations": [{"nertag": "O"}]}, {"base_span": [1055, 1060], "annotations": [{"nertag": "O"}]}, {"base_span": [1061, 1062], "annotations": [{"nertag": "B-PER"}]}, {"base_span": [1062, 1063], "annotations": [{"nertag": "I-PER"}]}, {"base_span": [1063, 1070], "annotations": [{"nertag": "I-PER"}]}, {"base_span": [1071, 1078], "annotations": [{"nertag": "O"}]}, {"base_span": [1079, 1083], "annotations": [{"nertag": "O"}]}, {"base_span": [1084, 1090], "annotations": [{"nertag": "O"}]}, {"base_span": [1091, 1098], "annotations": [{"nertag": "O"}]}, {"base_span": [1099, 1106], "annotations": [{"nertag": "O"}]}, {"base_span": [1106, 1107], "annotations": [{"nertag": "O"}]}, {"base_span": [1108, 1112], "annotations": [{"nertag": "O"}]}, {"base_span": [1113, 1115], "annotations": [{"nertag": "O"}]}, {"base_span": [1116, 1120], "annotations": [{"nertag": "O"}]}, {"base_span": [1121, 1129], "annotations": [{"nertag": "O"}]}, {"base_span": [1130, 1135], "annotations": [{"nertag": "O"}]}, {"base_span": [1136, 1141], "annotations": [{"nertag": "O"}]}, {"base_span": [1142, 1146], "annotations": [{"nertag": "O"}]}, {"base_span": [1146, 1147], "annotations": [{"nertag": "O"}]}, {"base_span": [1148, 1151], "annotations": [{"nertag": "O"}]}, {"base_span": [1152, 1158], "annotations": [{"nertag": "B-PER"}]}, {"base_span": [1159, 1165], "annotations": [{"nertag": "I-PER"}]}, {"base_span": [1166, 1170], "annotations": [{"nertag": "O"}]}, {"base_span": [1171, 1175], "annotations": [{"nertag": "B-PER"}]}, {"base_span": [1176, 1180], "annotations": [{"nertag": "I-PER"}]}, {"base_span": [1181, 1184], "annotations": [{"nertag": "O"}]}, {"base_span": [1185, 1191], "annotations": [{"nertag": "O"}]}, {"base_span": [1192, 1195], "annotations": [{"nertag": "O"}]}, {"base_span": [1195, 1196], "annotations": [{"nertag": "O"}]}, {"base_span": [1197, 1202], "annotations": [{"nertag": "O"}]}, {"base_span": [1203, 1212], "annotations": [{"nertag": "O"}]}, {"base_span": [1213, 1217], "annotations": [{"nertag": "O"}]}, {"base_span": [1218, 1227], "annotations": [{"nertag": "O"}]}, {"base_span": [1228, 1230], "annotations": [{"nertag": "O"}]}, {"base_span": [1231, 1234], "annotations": [{"nertag": "O"}]}, {"base_span": [1234, 1235], "annotations": [{"nertag": "O"}]}, {"base_span": [1236, 1242], "annotations": [{"nertag": "B-PER"}]}, {"base_span": [1243, 1249], "annotations": [{"nertag": "I-PER"}]}, {"base_span": [1250, 1254], "annotations": [{"nertag": "O"}]}, {"base_span": [1255, 1261], "annotations": [{"nertag": "O"}]}, {"base_span": [1262, 1273], "annotations": [{"nertag": "O"}]}, {"base_span": [1274, 1279], "annotations": [{"nertag": "O"}]}, {"base_span": [1280, 1290], "annotations": [{"nertag": "B-PER"}]}, {"base_span": [1291, 1296], "annotations": [{"nertag": "O"}]}, {"base_span": [1297, 1302], "annotations": [{"nertag": "O"}]}, {"base_span": [1302, 1303], "annotations": [{"nertag": "O"}]}, {"base_span": [1304, 1311], "annotations": [{"nertag": "O"}]}, {"base_span": [1311, 1312], "annotations": [{"nertag": "O"}]}, {"base_span": [1312, 1317], "annotations": [{"nertag": "O"}]}, {"base_span": [1318, 1325], "annotations": [{"nertag": "O"}]}, {"base_span": [1325, 1326], "annotations": [{"nertag": "O"}]}, {"base_span": [1327, 1335], "annotations": [{"nertag": "O"}]}, {"base_span": [1335, 1336], "annotations": [{"nertag": "O"}]}, {"base_span": [1337, 1338], "annotations": [{"nertag": "B-PER"}]}, {"base_span": [1338, 1339], "annotations": [{"nertag": "I-PER"}]}, {"base_span": [1339, 1345], "annotations": [{"nertag": "I-PER"}]}, {"base_span": [1346, 1352], "annotations": [{"nertag": "O"}]}, {"base_span": [1352, 1353], "annotations": [{"nertag": "O"}]}, {"base_span": [1354, 1357], "annotations": [{"nertag": "O"}]}, {"base_span": [1357, 1363], "annotations": [{"nertag": "O"}]}, {"base_span": [1364, 1367], "annotations": [{"nertag": "O"}]}, {"base_span": [1368, 1373], "annotations": [{"nertag": "O"}]}, {"base_span": [1374, 1380], "annotations": [{"nertag": "O"}]}, {"base_span": [1380, 1381], "annotations": [{"nertag": "O"}]}, {"base_span": [1382, 1383], "annotations": [{"nertag": "O"}]}]}]}