{"text": "\nAllannimmetetud Koddapolikud olliwat Moisa Maa päle Wilja tennu, ni kui:\n\n1. Jakob Kollom\n\n   1/3 wal alla Rükki\n  \n\n2. Peter Mattson\n\n   1/3 wak. alla Rükki\n  \n\n2/3 wak. alla Tatriko, Keswi, Kartowli\n  \n\n3. läsk Eli\n\n   2/3 wak. alla Rükki\n  \n\n4. Sellementi Jakob\n\n   1 1/2 Wak. alla Rükki külwetu\n  \n\n2 Wak. alla Rükki lõikatu\n  \n\n5. Matze Kusta\n\n   1 waja alla linno, tatriko - maksis 5 Rubl höb ärra\n  \n\n6. Hindrik Klaus\n\n   1 wak. akka Rükki külwetud\n  \n\n7. Jaan Rihm\n\n   1 waka akka kaero, kartowlid\n  \n\n8. Peter Klaus\n\n   2/3 waka akka linno, tatriko\n  \n\nSai moistetud: egga waka alla eest 5 Rubl. trahwi maksa, ehk päiwtehha, kos 30 kop. päiwa eest arwatas\n\n\n", "meta": {"origin_directory": "vallakohus_kolmas/"}, "layers": [{"name": "gold_ner", "attributes": ["nertag"], "parent": null, "enveloping": null, "ambiguous": false, "serialisation_module": null, "meta": {}, "spans": [{"base_span": [78, 90], "annotations": [{"nertag": "PER"}]}, {"base_span": [121, 134], "annotations": [{"nertag": "PER"}]}, {"base_span": [214, 217], "annotations": [{"nertag": "PER"}]}, {"base_span": [249, 259], "annotations": [{"nertag": "LOC_ORG"}]}, {"base_span": [260, 265], "annotations": [{"nertag": "PER"}]}, {"base_span": [337, 342], "annotations": [{"nertag": "LOC_ORG"}]}, {"base_span": [343, 348], "annotations": [{"nertag": "PER"}]}, {"base_span": [412, 425], "annotations": [{"nertag": "PER"}]}, {"base_span": [464, 473], "annotations": [{"nertag": "PER"}]}, {"base_span": [514, 525], "annotations": [{"nertag": "PER"}]}]}, {"name": "gold_wordner", "attributes": ["nertag"], "parent": null, "enveloping": null, "ambiguous": false, "serialisation_module": null, "meta": {}, "spans": [{"base_span": [1, 16], "annotations": [{"nertag": "O"}]}, {"base_span": [17, 29], "annotations": [{"nertag": "O"}]}, {"base_span": [30, 37], "annotations": [{"nertag": "O"}]}, {"base_span": [38, 43], "annotations": [{"nertag": "O"}]}, {"base_span": [44, 47], "annotations": [{"nertag": "O"}]}, {"base_span": [48, 52], "annotations": [{"nertag": "O"}]}, {"base_span": [53, 58], "annotations": [{"nertag": "O"}]}, {"base_span": [59, 64], "annotations": [{"nertag": "O"}]}, {"base_span": [64, 65], "annotations": [{"nertag": "O"}]}, {"base_span": [66, 68], "annotations": [{"nertag": "O"}]}, {"base_span": [69, 72], "annotations": [{"nertag": "O"}]}, {"base_span": [72, 73], "annotations": [{"nertag": "O"}]}, {"base_span": [75, 77], "annotations": [{"nertag": "O"}]}, {"base_span": [78, 83], "annotations": [{"nertag": "B-PER"}]}, {"base_span": [84, 90], "annotations": [{"nertag": "I-PER"}]}, {"base_span": [95, 96], "annotations": [{"nertag": "O"}]}, {"base_span": [96, 97], "annotations": [{"nertag": "O"}]}, {"base_span": [97, 98], "annotations": [{"nertag": "O"}]}, {"base_span": [99, 102], "annotations": [{"nertag": "O"}]}, {"base_span": [103, 107], "annotations": [{"nertag": "O"}]}, {"base_span": [108, 113], "annotations": [{"nertag": "O"}]}, {"base_span": [118, 120], "annotations": [{"nertag": "O"}]}, {"base_span": [121, 126], "annotations": [{"nertag": "B-PER"}]}, {"base_span": [127, 134], "annotations": [{"nertag": "I-PER"}]}, {"base_span": [139, 140], "annotations": [{"nertag": "O"}]}, {"base_span": [140, 141], "annotations": [{"nertag": "O"}]}, {"base_span": [141, 142], "annotations": [{"nertag": "O"}]}, {"base_span": [143, 146], "annotations": [{"nertag": "O"}]}, {"base_span": [146, 147], "annotations": [{"nertag": "O"}]}, {"base_span": [148, 152], "annotations": [{"nertag": "O"}]}, {"base_span": [153, 158], "annotations": [{"nertag": "O"}]}, {"base_span": [163, 164], "annotations": [{"nertag": "O"}]}, {"base_span": [164, 165], "annotations": [{"nertag": "O"}]}, {"base_span": [165, 166], "annotations": [{"nertag": "O"}]}, {"base_span": [167, 170], "annotations": [{"nertag": "O"}]}, {"base_span": [170, 171], "annotations": [{"nertag": "O"}]}, {"base_span": [172, 176], "annotations": [{"nertag": "O"}]}, {"base_span": [177, 184], "annotations": [{"nertag": "O"}]}, {"base_span": [184, 185], "annotations": [{"nertag": "O"}]}, {"base_span": [186, 191], "annotations": [{"nertag": "O"}]}, {"base_span": [191, 192], "annotations": [{"nertag": "O"}]}, {"base_span": [193, 201], "annotations": [{"nertag": "O"}]}, {"base_span": [206, 208], "annotations": [{"nertag": "O"}]}, {"base_span": [209, 213], "annotations": [{"nertag": "O"}]}, {"base_span": [214, 217], "annotations": [{"nertag": "B-PER"}]}, {"base_span": [222, 223], "annotations": [{"nertag": "O"}]}, {"base_span": [223, 224], "annotations": [{"nertag": "O"}]}, {"base_span": [224, 225], "annotations": [{"nertag": "O"}]}, {"base_span": [226, 229], "annotations": [{"nertag": "O"}]}, {"base_span": [229, 230], "annotations": [{"nertag": "O"}]}, {"base_span": [231, 235], "annotations": [{"nertag": "O"}]}, {"base_span": [236, 241], "annotations": [{"nertag": "O"}]}, {"base_span": [246, 248], "annotations": [{"nertag": "O"}]}, {"base_span": [249, 259], "annotations": [{"nertag": "B-LOC_ORG"}]}, {"base_span": [260, 265], "annotations": [{"nertag": "B-PER"}]}, {"base_span": [270, 271], "annotations": [{"nertag": "O"}]}, {"base_span": [272, 273], "annotations": [{"nertag": "O"}]}, {"base_span": [273, 274], "annotations": [{"nertag": "O"}]}, {"base_span": [274, 275], "annotations": [{"nertag": "O"}]}, {"base_span": [276, 279], "annotations": [{"nertag": "O"}]}, {"base_span": [279, 280], "annotations": [{"nertag": "O"}]}, {"base_span": [281, 285], "annotations": [{"nertag": "O"}]}, {"base_span": [286, 291], "annotations": [{"nertag": "O"}]}, {"base_span": [292, 299], "annotations": [{"nertag": "O"}]}, {"base_span": [304, 305], "annotations": [{"nertag": "O"}]}, {"base_span": [306, 309], "annotations": [{"nertag": "O"}]}, {"base_span": [309, 310], "annotations": [{"nertag": "O"}]}, {"base_span": [311, 315], "annotations": [{"nertag": "O"}]}, {"base_span": [316, 321], "annotations": [{"nertag": "O"}]}, {"base_span": [322, 329], "annotations": [{"nertag": "O"}]}, {"base_span": [334, 336], "annotations": [{"nertag": "O"}]}, {"base_span": [337, 342], "annotations": [{"nertag": "B-LOC_ORG"}]}, {"base_span": [343, 348], "annotations": [{"nertag": "B-PER"}]}, {"base_span": [353, 354], "annotations": [{"nertag": "O"}]}, {"base_span": [355, 359], "annotations": [{"nertag": "O"}]}, {"base_span": [360, 364], "annotations": [{"nertag": "O"}]}, {"base_span": [365, 370], "annotations": [{"nertag": "O"}]}, {"base_span": [370, 371], "annotations": [{"nertag": "O"}]}, {"base_span": [372, 379], "annotations": [{"nertag": "O"}]}, {"base_span": [380, 381], "annotations": [{"nertag": "O"}]}, {"base_span": [382, 388], "annotations": [{"nertag": "O"}]}, {"base_span": [389, 390], "annotations": [{"nertag": "O"}]}, {"base_span": [391, 395], "annotations": [{"nertag": "O"}]}, {"base_span": [396, 399], "annotations": [{"nertag": "O"}]}, {"base_span": [400, 404], "annotations": [{"nertag": "O"}]}, {"base_span": [409, 411], "annotations": [{"nertag": "O"}]}, {"base_span": [412, 419], "annotations": [{"nertag": "B-PER"}]}, {"base_span": [420, 425], "annotations": [{"nertag": "I-PER"}]}, {"base_span": [430, 431], "annotations": [{"nertag": "O"}]}, {"base_span": [432, 435], "annotations": [{"nertag": "O"}]}, {"base_span": [435, 436], "annotations": [{"nertag": "O"}]}, {"base_span": [437, 441], "annotations": [{"nertag": "O"}]}, {"base_span": [442, 447], "annotations": [{"nertag": "O"}]}, {"base_span": [448, 456], "annotations": [{"nertag": "O"}]}, {"base_span": [461, 463], "annotations": [{"nertag": "O"}]}, {"base_span": [464, 468], "annotations": [{"nertag": "B-PER"}]}, {"base_span": [469, 473], "annotations": [{"nertag": "I-PER"}]}, {"base_span": [478, 479], "annotations": [{"nertag": "O"}]}, {"base_span": [480, 484], "annotations": [{"nertag": "O"}]}, {"base_span": [485, 489], "annotations": [{"nertag": "O"}]}, {"base_span": [490, 495], "annotations": [{"nertag": "O"}]}, {"base_span": [495, 496], "annotations": [{"nertag": "O"}]}, {"base_span": [497, 506], "annotations": [{"nertag": "O"}]}, {"base_span": [511, 513], "annotations": [{"nertag": "O"}]}, {"base_span": [514, 519], "annotations": [{"nertag": "B-PER"}]}, {"base_span": [520, 525], "annotations": [{"nertag": "I-PER"}]}, {"base_span": [530, 531], "annotations": [{"nertag": "O"}]}, {"base_span": [531, 532], "annotations": [{"nertag": "O"}]}, {"base_span": [532, 533], "annotations": [{"nertag": "O"}]}, {"base_span": [534, 538], "annotations": [{"nertag": "O"}]}, {"base_span": [539, 543], "annotations": [{"nertag": "O"}]}, {"base_span": [544, 549], "annotations": [{"nertag": "O"}]}, {"base_span": [549, 550], "annotations": [{"nertag": "O"}]}, {"base_span": [551, 558], "annotations": [{"nertag": "O"}]}, {"base_span": [563, 566], "annotations": [{"nertag": "O"}]}, {"base_span": [567, 576], "annotations": [{"nertag": "O"}]}, {"base_span": [576, 577], "annotations": [{"nertag": "O"}]}, {"base_span": [578, 582], "annotations": [{"nertag": "O"}]}, {"base_span": [583, 587], "annotations": [{"nertag": "O"}]}, {"base_span": [588, 592], "annotations": [{"nertag": "O"}]}, {"base_span": [593, 597], "annotations": [{"nertag": "O"}]}, {"base_span": [598, 599], "annotations": [{"nertag": "O"}]}, {"base_span": [600, 604], "annotations": [{"nertag": "O"}]}, {"base_span": [604, 605], "annotations": [{"nertag": "O"}]}, {"base_span": [606, 612], "annotations": [{"nertag": "O"}]}, {"base_span": [613, 618], "annotations": [{"nertag": "O"}]}, {"base_span": [618, 619], "annotations": [{"nertag": "O"}]}, {"base_span": [620, 623], "annotations": [{"nertag": "O"}]}, {"base_span": [624, 633], "annotations": [{"nertag": "O"}]}, {"base_span": [633, 634], "annotations": [{"nertag": "O"}]}, {"base_span": [635, 638], "annotations": [{"nertag": "O"}]}, {"base_span": [639, 641], "annotations": [{"nertag": "O"}]}, {"base_span": [642, 645], "annotations": [{"nertag": "O"}]}, {"base_span": [645, 646], "annotations": [{"nertag": "O"}]}, {"base_span": [647, 652], "annotations": [{"nertag": "O"}]}, {"base_span": [653, 657], "annotations": [{"nertag": "O"}]}, {"base_span": [658, 665], "annotations": [{"nertag": "O"}]}]}]}