{"text": "\nHindrik Piirson kaibas, et tema Jaan Naglale seitsme aasta eest 100 rubla lainanud, kellest nüüd 50 rubla kätte saanud; protsentide ette on tema saanud 3 punda linu a' 2r. 80 kop. see on 8 r. 40 kop. ja 70 kubu hõlgi arwata 5 rubla wäärt - ülekõige 13 rubl. 40 kop. nõuab puuduwad 50 rubl. Kapitali ja weel puuduwad 7me aasta protsentid a' 6 kop. rubla päält kätte saada; lepitud oli 5% pääle. Päält selle on weel Jaan Nagel Hindrik Piirsoni rehknungi ette Kusta Kilgi palgast oma kätte jätnud 3 Rbl.\n\nJaan Nagel wastutas kaebtuse pääle, et tema Piirsoni käest 100 rubla wõlgu wõtnud aga 50 rubla tagasi on maksnud; protsentide eest on tema 3 punda rõiwa linu a' 4 rubla, see on 12 rubla ja hõlgi arwata 100 punda see on 10 rubla ülekõige 22 rubla andnud. Kusta Kilgi palgast ei ole midagi tema kätte jäänud.\n\nKusta Kilk tunnistas, et tema kõik oma palga Jaan Nagla käest kätte on saanud ja ütles, et temal Piirsonile midagi maksa ei ole.\n\nMõiste: Jaan Nagel maksab Hindrik Piirsonile 50 rubla kapitali ja sa'a rubla päält 7 aasta protsente, a' 5 kop. rubla päält, 35 rubla, kellest aga 3 punna linadeeest a' 3 1/2 &gt;Rbl. - 10 rubl. 50 kop. ja hõlede eest 10 rubl. maha arwata tuleb, nõnda et ülekõige 64 rubla 50 kop 8 päiwa sees wälja maksa on.\n\nKohtumees: P. Hindrikson XXX\n\nKohtumees: K. Wossmann XXX\n\nKohtumees: J. Klaosoon\n\nKohtumees: \n\nMoiste sai kohtukäijatele kuulutatud T.S.R. §772-774 järele aastast 1860 ja õpus antud, mis tähele panda tuleb kui keegi kõrgemat kohut nõuab ning ei olnud kohtukäijad rahul.\n\nKirjutaja: Ch Kapp &lt;allkiri&gt;\n\n10. Juunil 1885 Kihelkonna kohtuse sisse saadetud.\n\n\n", "meta": {"origin_directory": "vallakohus_teine/"}, "layers": [{"name": "gold_ner", "attributes": ["nertag"], "parent": null, "enveloping": null, "ambiguous": false, "serialisation_module": null, "meta": {}, "spans": [{"base_span": [1, 16], "annotations": [{"nertag": "PER"}]}, {"base_span": [33, 45], "annotations": [{"nertag": "PER"}]}, {"base_span": [415, 425], "annotations": [{"nertag": "PER"}]}, {"base_span": [426, 442], "annotations": [{"nertag": "PER"}]}, {"base_span": [458, 469], "annotations": [{"nertag": "PER"}]}, {"base_span": [503, 513], "annotations": [{"nertag": "PER"}]}, {"base_span": [547, 555], "annotations": [{"nertag": "PER"}]}, {"base_span": [757, 768], "annotations": [{"nertag": "PER"}]}, {"base_span": [811, 821], "annotations": [{"nertag": "PER"}]}, {"base_span": [856, 866], "annotations": [{"nertag": "PER"}]}, {"base_span": [908, 918], "annotations": [{"nertag": "PER"}]}, {"base_span": [949, 959], "annotations": [{"nertag": "PER"}]}, {"base_span": [967, 985], "annotations": [{"nertag": "PER"}]}, {"base_span": [1262, 1275], "annotations": [{"nertag": "PER"}]}, {"base_span": [1292, 1303], "annotations": [{"nertag": "PER"}]}, {"base_span": [1320, 1331], "annotations": [{"nertag": "PER"}]}, {"base_span": [1383, 1389], "annotations": [{"nertag": "MISC"}]}, {"base_span": [1533, 1540], "annotations": [{"nertag": "PER"}]}]}, {"name": "gold_wordner", "attributes": ["nertag"], "parent": null, "enveloping": null, "ambiguous": false, "serialisation_module": null, "meta": {}, "spans": [{"base_span": [1, 8], "annotations": [{"nertag": "B-PER"}]}, {"base_span": [9, 16], "annotations": [{"nertag": "I-PER"}]}, {"base_span": [17, 23], "annotations": [{"nertag": "O"}]}, {"base_span": [23, 24], "annotations": [{"nertag": "O"}]}, {"base_span": [25, 27], "annotations": [{"nertag": "O"}]}, {"base_span": [28, 32], "annotations": [{"nertag": "O"}]}, {"base_span": [33, 37], "annotations": [{"nertag": "B-PER"}]}, {"base_span": [38, 45], "annotations": [{"nertag": "I-PER"}]}, {"base_span": [46, 53], "annotations": [{"nertag": "O"}]}, {"base_span": [54, 59], "annotations": [{"nertag": "O"}]}, {"base_span": [60, 64], "annotations": [{"nertag": "O"}]}, {"base_span": [65, 68], "annotations": [{"nertag": "O"}]}, {"base_span": [69, 74], "annotations": [{"nertag": "O"}]}, {"base_span": [75, 83], "annotations": [{"nertag": "O"}]}, {"base_span": [83, 84], "annotations": [{"nertag": "O"}]}, {"base_span": [85, 92], "annotations": [{"nertag": "O"}]}, {"base_span": [93, 97], "annotations": [{"nertag": "O"}]}, {"base_span": [98, 100], "annotations": [{"nertag": "O"}]}, {"base_span": [101, 106], "annotations": [{"nertag": "O"}]}, {"base_span": [107, 112], "annotations": [{"nertag": "O"}]}, {"base_span": [113, 119], "annotations": [{"nertag": "O"}]}, {"base_span": [119, 120], "annotations": [{"nertag": "O"}]}, {"base_span": [121, 132], "annotations": [{"nertag": "O"}]}, {"base_span": [133, 137], "annotations": [{"nertag": "O"}]}, {"base_span": [138, 140], "annotations": [{"nertag": "O"}]}, {"base_span": [141, 145], "annotations": [{"nertag": "O"}]}, {"base_span": [146, 152], "annotations": [{"nertag": "O"}]}, {"base_span": [153, 154], "annotations": [{"nertag": "O"}]}, {"base_span": [155, 160], "annotations": [{"nertag": "O"}]}, {"base_span": [161, 165], "annotations": [{"nertag": "O"}]}, {"base_span": [166, 167], "annotations": [{"nertag": "O"}]}, {"base_span": [167, 168], "annotations": [{"nertag": "O"}]}, {"base_span": [169, 171], "annotations": [{"nertag": "O"}]}, {"base_span": [171, 172], "annotations": [{"nertag": "O"}]}, {"base_span": [173, 175], "annotations": [{"nertag": "O"}]}, {"base_span": [176, 179], "annotations": [{"nertag": "O"}]}, {"base_span": [179, 180], "annotations": [{"nertag": "O"}]}, {"base_span": [181, 184], "annotations": [{"nertag": "O"}]}, {"base_span": [185, 187], "annotations": [{"nertag": "O"}]}, {"base_span": [188, 189], "annotations": [{"nertag": "O"}]}, {"base_span": [190, 191], "annotations": [{"nertag": "O"}]}, {"base_span": [191, 192], "annotations": [{"nertag": "O"}]}, {"base_span": [193, 195], "annotations": [{"nertag": "O"}]}, {"base_span": [196, 199], "annotations": [{"nertag": "O"}]}, {"base_span": [199, 200], "annotations": [{"nertag": "O"}]}, {"base_span": [201, 203], "annotations": [{"nertag": "O"}]}, {"base_span": [204, 206], "annotations": [{"nertag": "O"}]}, {"base_span": [207, 211], "annotations": [{"nertag": "O"}]}, {"base_span": [212, 217], "annotations": [{"nertag": "O"}]}, {"base_span": [218, 224], "annotations": [{"nertag": "O"}]}, {"base_span": [225, 226], "annotations": [{"nertag": "O"}]}, {"base_span": [227, 232], "annotations": [{"nertag": "O"}]}, {"base_span": [233, 238], "annotations": [{"nertag": "O"}]}, {"base_span": [239, 240], "annotations": [{"nertag": "O"}]}, {"base_span": [241, 249], "annotations": [{"nertag": "O"}]}, {"base_span": [250, 252], "annotations": [{"nertag": "O"}]}, {"base_span": [253, 257], "annotations": [{"nertag": "O"}]}, {"base_span": [257, 258], "annotations": [{"nertag": "O"}]}, {"base_span": [259, 261], "annotations": [{"nertag": "O"}]}, {"base_span": [262, 265], "annotations": [{"nertag": "O"}]}, {"base_span": [265, 266], "annotations": [{"nertag": "O"}]}, {"base_span": [267, 272], "annotations": [{"nertag": "O"}]}, {"base_span": [273, 281], "annotations": [{"nertag": "O"}]}, {"base_span": [282, 284], "annotations": [{"nertag": "O"}]}, {"base_span": [285, 289], "annotations": [{"nertag": "O"}]}, {"base_span": [289, 290], "annotations": [{"nertag": "O"}]}, {"base_span": [291, 299], "annotations": [{"nertag": "O"}]}, {"base_span": [300, 302], "annotations": [{"nertag": "O"}]}, {"base_span": [303, 307], "annotations": [{"nertag": "O"}]}, {"base_span": [308, 316], "annotations": [{"nertag": "O"}]}, {"base_span": [317, 320], "annotations": [{"nertag": "O"}]}, {"base_span": [321, 326], "annotations": [{"nertag": "O"}]}, {"base_span": [327, 337], "annotations": [{"nertag": "O"}]}, {"base_span": [338, 339], "annotations": [{"nertag": "O"}]}, {"base_span": [339, 340], "annotations": [{"nertag": "O"}]}, {"base_span": [341, 342], "annotations": [{"nertag": "O"}]}, {"base_span": [343, 346], "annotations": [{"nertag": "O"}]}, {"base_span": [346, 347], "annotations": [{"nertag": "O"}]}, {"base_span": [348, 353], "annotations": [{"nertag": "O"}]}, {"base_span": [354, 359], "annotations": [{"nertag": "O"}]}, {"base_span": [360, 365], "annotations": [{"nertag": "O"}]}, {"base_span": [366, 371], "annotations": [{"nertag": "O"}]}, {"base_span": [371, 372], "annotations": [{"nertag": "O"}]}, {"base_span": [373, 380], "annotations": [{"nertag": "O"}]}, {"base_span": [381, 384], "annotations": [{"nertag": "O"}]}, {"base_span": [385, 387], "annotations": [{"nertag": "O"}]}, {"base_span": [388, 393], "annotations": [{"nertag": "O"}]}, {"base_span": [393, 394], "annotations": [{"nertag": "O"}]}, {"base_span": [395, 400], "annotations": [{"nertag": "O"}]}, {"base_span": [401, 406], "annotations": [{"nertag": "O"}]}, {"base_span": [407, 409], "annotations": [{"nertag": "O"}]}, {"base_span": [410, 414], "annotations": [{"nertag": "O"}]}, {"base_span": [415, 419], "annotations": [{"nertag": "B-PER"}]}, {"base_span": [420, 425], "annotations": [{"nertag": "I-PER"}]}, {"base_span": [426, 433], "annotations": [{"nertag": "B-PER"}]}, {"base_span": [434, 442], "annotations": [{"nertag": "I-PER"}]}, {"base_span": [443, 452], "annotations": [{"nertag": "O"}]}, {"base_span": [453, 457], "annotations": [{"nertag": "O"}]}, {"base_span": [458, 463], "annotations": [{"nertag": "B-PER"}]}, {"base_span": [464, 469], "annotations": [{"nertag": "I-PER"}]}, {"base_span": [470, 477], "annotations": [{"nertag": "O"}]}, {"base_span": [478, 481], "annotations": [{"nertag": "O"}]}, {"base_span": [482, 487], "annotations": [{"nertag": "O"}]}, {"base_span": [488, 494], "annotations": [{"nertag": "O"}]}, {"base_span": [495, 496], "annotations": [{"nertag": "O"}]}, {"base_span": [497, 500], "annotations": [{"nertag": "O"}]}, {"base_span": [500, 501], "annotations": [{"nertag": "O"}]}, {"base_span": [503, 507], "annotations": [{"nertag": "B-PER"}]}, {"base_span": [508, 513], "annotations": [{"nertag": "I-PER"}]}, {"base_span": [514, 522], "annotations": [{"nertag": "O"}]}, {"base_span": [523, 531], "annotations": [{"nertag": "O"}]}, {"base_span": [532, 537], "annotations": [{"nertag": "O"}]}, {"base_span": [537, 538], "annotations": [{"nertag": "O"}]}, {"base_span": [539, 541], "annotations": [{"nertag": "O"}]}, {"base_span": [542, 546], "annotations": [{"nertag": "O"}]}, {"base_span": [547, 555], "annotations": [{"nertag": "B-PER"}]}, {"base_span": [556, 561], "annotations": [{"nertag": "O"}]}, {"base_span": [562, 565], "annotations": [{"nertag": "O"}]}, {"base_span": [566, 571], "annotations": [{"nertag": "O"}]}, {"base_span": [572, 577], "annotations": [{"nertag": "O"}]}, {"base_span": [578, 584], "annotations": [{"nertag": "O"}]}, {"base_span": [585, 588], "annotations": [{"nertag": "O"}]}, {"base_span": [589, 591], "annotations": [{"nertag": "O"}]}, {"base_span": [592, 597], "annotations": [{"nertag": "O"}]}, {"base_span": [598, 604], "annotations": [{"nertag": "O"}]}, {"base_span": [605, 607], "annotations": [{"nertag": "O"}]}, {"base_span": [608, 615], "annotations": [{"nertag": "O"}]}, {"base_span": [615, 616], "annotations": [{"nertag": "O"}]}, {"base_span": [617, 628], "annotations": [{"nertag": "O"}]}, {"base_span": [629, 633], "annotations": [{"nertag": "O"}]}, {"base_span": [634, 636], "annotations": [{"nertag": "O"}]}, {"base_span": [637, 641], "annotations": [{"nertag": "O"}]}, {"base_span": [642, 643], "annotations": [{"nertag": "O"}]}, {"base_span": [644, 649], "annotations": [{"nertag": "O"}]}, {"base_span": [650, 655], "annotations": [{"nertag": "O"}]}, {"base_span": [656, 660], "annotations": [{"nertag": "O"}]}, {"base_span": [661, 662], "annotations": [{"nertag": "O"}]}, {"base_span": [662, 663], "annotations": [{"nertag": "O"}]}, {"base_span": [664, 665], "annotations": [{"nertag": "O"}]}, {"base_span": [666, 671], "annotations": [{"nertag": "O"}]}, {"base_span": [671, 672], "annotations": [{"nertag": "O"}]}, {"base_span": [673, 676], "annotations": [{"nertag": "O"}]}, {"base_span": [677, 679], "annotations": [{"nertag": "O"}]}, {"base_span": [680, 682], "annotations": [{"nertag": "O"}]}, {"base_span": [683, 688], "annotations": [{"nertag": "O"}]}, {"base_span": [689, 691], "annotations": [{"nertag": "O"}]}, {"base_span": [692, 697], "annotations": [{"nertag": "O"}]}, {"base_span": [698, 704], "annotations": [{"nertag": "O"}]}, {"base_span": [705, 708], "annotations": [{"nertag": "O"}]}, {"base_span": [709, 714], "annotations": [{"nertag": "O"}]}, {"base_span": [715, 718], "annotations": [{"nertag": "O"}]}, {"base_span": [719, 721], "annotations": [{"nertag": "O"}]}, {"base_span": [722, 724], "annotations": [{"nertag": "O"}]}, {"base_span": [725, 730], "annotations": [{"nertag": "O"}]}, {"base_span": [731, 739], "annotations": [{"nertag": "O"}]}, {"base_span": [740, 742], "annotations": [{"nertag": "O"}]}, {"base_span": [743, 748], "annotations": [{"nertag": "O"}]}, {"base_span": [749, 755], "annotations": [{"nertag": "O"}]}, {"base_span": [755, 756], "annotations": [{"nertag": "O"}]}, {"base_span": [757, 762], "annotations": [{"nertag": "B-PER"}]}, {"base_span": [763, 768], "annotations": [{"nertag": "I-PER"}]}, {"base_span": [769, 776], "annotations": [{"nertag": "O"}]}, {"base_span": [777, 779], "annotations": [{"nertag": "O"}]}, {"base_span": [780, 783], "annotations": [{"nertag": "O"}]}, {"base_span": [784, 790], "annotations": [{"nertag": "O"}]}, {"base_span": [791, 795], "annotations": [{"nertag": "O"}]}, {"base_span": [796, 801], "annotations": [{"nertag": "O"}]}, {"base_span": [802, 808], "annotations": [{"nertag": "O"}]}, {"base_span": [808, 809], "annotations": [{"nertag": "O"}]}, {"base_span": [811, 816], "annotations": [{"nertag": "B-PER"}]}, {"base_span": [817, 821], "annotations": [{"nertag": "I-PER"}]}, {"base_span": [822, 831], "annotations": [{"nertag": "O"}]}, {"base_span": [831, 832], "annotations": [{"nertag": "O"}]}, {"base_span": [833, 835], "annotations": [{"nertag": "O"}]}, {"base_span": [836, 840], "annotations": [{"nertag": "O"}]}, {"base_span": [841, 845], "annotations": [{"nertag": "O"}]}, {"base_span": [846, 849], "annotations": [{"nertag": "O"}]}, {"base_span": [850, 855], "annotations": [{"nertag": "O"}]}, {"base_span": [856, 860], "annotations": [{"nertag": "B-PER"}]}, {"base_span": [861, 866], "annotations": [{"nertag": "I-PER"}]}, {"base_span": [867, 872], "annotations": [{"nertag": "O"}]}, {"base_span": [873, 878], "annotations": [{"nertag": "O"}]}, {"base_span": [879, 881], "annotations": [{"nertag": "O"}]}, {"base_span": [882, 888], "annotations": [{"nertag": "O"}]}, {"base_span": [889, 891], "annotations": [{"nertag": "O"}]}, {"base_span": [892, 897], "annotations": [{"nertag": "O"}]}, {"base_span": [897, 898], "annotations": [{"nertag": "O"}]}, {"base_span": [899, 901], "annotations": [{"nertag": "O"}]}, {"base_span": [902, 907], "annotations": [{"nertag": "O"}]}, {"base_span": [908, 918], "annotations": [{"nertag": "B-PER"}]}, {"base_span": [919, 925], "annotations": [{"nertag": "O"}]}, {"base_span": [926, 931], "annotations": [{"nertag": "O"}]}, {"base_span": [932, 934], "annotations": [{"nertag": "O"}]}, {"base_span": [935, 938], "annotations": [{"nertag": "O"}]}, {"base_span": [938, 939], "annotations": [{"nertag": "O"}]}, {"base_span": [941, 947], "annotations": [{"nertag": "O"}]}, {"base_span": [947, 948], "annotations": [{"nertag": "O"}]}, {"base_span": [949, 953], "annotations": [{"nertag": "B-PER"}]}, {"base_span": [954, 959], "annotations": [{"nertag": "I-PER"}]}, {"base_span": [960, 966], "annotations": [{"nertag": "O"}]}, {"base_span": [967, 974], "annotations": [{"nertag": "B-PER"}]}, {"base_span": [975, 985], "annotations": [{"nertag": "I-PER"}]}, {"base_span": [986, 988], "annotations": [{"nertag": "O"}]}, {"base_span": [989, 994], "annotations": [{"nertag": "O"}]}, {"base_span": [995, 1003], "annotations": [{"nertag": "O"}]}, {"base_span": [1004, 1006], "annotations": [{"nertag": "O"}]}, {"base_span": [1007, 1009], "annotations": [{"nertag": "O"}]}, {"base_span": [1009, 1010], "annotations": [{"nertag": "O"}]}, {"base_span": [1010, 1011], "annotations": [{"nertag": "O"}]}, {"base_span": [1012, 1017], "annotations": [{"nertag": "O"}]}, {"base_span": [1018, 1023], "annotations": [{"nertag": "O"}]}, {"base_span": [1024, 1025], "annotations": [{"nertag": "O"}]}, {"base_span": [1026, 1031], "annotations": [{"nertag": "O"}]}, {"base_span": [1032, 1041], "annotations": [{"nertag": "O"}]}, {"base_span": [1041, 1042], "annotations": [{"nertag": "O"}]}, {"base_span": [1043, 1044], "annotations": [{"nertag": "O"}]}, {"base_span": [1044, 1045], "annotations": [{"nertag": "O"}]}, {"base_span": [1046, 1047], "annotations": [{"nertag": "O"}]}, {"base_span": [1048, 1051], "annotations": [{"nertag": "O"}]}, {"base_span": [1051, 1052], "annotations": [{"nertag": "O"}]}, {"base_span": [1053, 1058], "annotations": [{"nertag": "O"}]}, {"base_span": [1059, 1064], "annotations": [{"nertag": "O"}]}, {"base_span": [1064, 1065], "annotations": [{"nertag": "O"}]}, {"base_span": [1066, 1068], "annotations": [{"nertag": "O"}]}, {"base_span": [1069, 1074], "annotations": [{"nertag": "O"}]}, {"base_span": [1074, 1075], "annotations": [{"nertag": "O"}]}, {"base_span": [1076, 1083], "annotations": [{"nertag": "O"}]}, {"base_span": [1084, 1087], "annotations": [{"nertag": "O"}]}, {"base_span": [1088, 1089], "annotations": [{"nertag": "O"}]}, {"base_span": [1090, 1095], "annotations": [{"nertag": "O"}]}, {"base_span": [1096, 1106], "annotations": [{"nertag": "O"}]}, {"base_span": [1107, 1108], "annotations": [{"nertag": "O"}]}, {"base_span": [1108, 1109], "annotations": [{"nertag": "O"}]}, {"base_span": [1110, 1111], "annotations": [{"nertag": "O"}]}, {"base_span": [1112, 1113], "annotations": [{"nertag": "O"}]}, {"base_span": [1113, 1114], "annotations": [{"nertag": "O"}]}, {"base_span": [1114, 1115], "annotations": [{"nertag": "O"}]}, {"base_span": [1116, 1117], "annotations": [{"nertag": "O"}]}, {"base_span": [1117, 1119], "annotations": [{"nertag": "O"}]}, {"base_span": [1119, 1120], "annotations": [{"nertag": "O"}]}, {"base_span": [1120, 1123], "annotations": [{"nertag": "O"}]}, {"base_span": [1123, 1124], "annotations": [{"nertag": "O"}]}, {"base_span": [1125, 1126], "annotations": [{"nertag": "O"}]}, {"base_span": [1127, 1129], "annotations": [{"nertag": "O"}]}, {"base_span": [1130, 1134], "annotations": [{"nertag": "O"}]}, {"base_span": [1134, 1135], "annotations": [{"nertag": "O"}]}, {"base_span": [1136, 1138], "annotations": [{"nertag": "O"}]}, {"base_span": [1139, 1142], "annotations": [{"nertag": "O"}]}, {"base_span": [1142, 1143], "annotations": [{"nertag": "O"}]}, {"base_span": [1144, 1146], "annotations": [{"nertag": "O"}]}, {"base_span": [1147, 1153], "annotations": [{"nertag": "O"}]}, {"base_span": [1154, 1158], "annotations": [{"nertag": "O"}]}, {"base_span": [1159, 1161], "annotations": [{"nertag": "O"}]}, {"base_span": [1162, 1166], "annotations": [{"nertag": "O"}]}, {"base_span": [1166, 1167], "annotations": [{"nertag": "O"}]}, {"base_span": [1168, 1172], "annotations": [{"nertag": "O"}]}, {"base_span": [1173, 1179], "annotations": [{"nertag": "O"}]}, {"base_span": [1180, 1185], "annotations": [{"nertag": "O"}]}, {"base_span": [1185, 1186], "annotations": [{"nertag": "O"}]}, {"base_span": [1187, 1192], "annotations": [{"nertag": "O"}]}, {"base_span": [1193, 1195], "annotations": [{"nertag": "O"}]}, {"base_span": [1196, 1204], "annotations": [{"nertag": "O"}]}, {"base_span": [1205, 1207], "annotations": [{"nertag": "O"}]}, {"base_span": [1208, 1213], "annotations": [{"nertag": "O"}]}, {"base_span": [1214, 1216], "annotations": [{"nertag": "O"}]}, {"base_span": [1217, 1220], "annotations": [{"nertag": "O"}]}, {"base_span": [1221, 1222], "annotations": [{"nertag": "O"}]}, {"base_span": [1223, 1228], "annotations": [{"nertag": "O"}]}, {"base_span": [1229, 1233], "annotations": [{"nertag": "O"}]}, {"base_span": [1234, 1239], "annotations": [{"nertag": "O"}]}, {"base_span": [1240, 1245], "annotations": [{"nertag": "O"}]}, {"base_span": [1246, 1248], "annotations": [{"nertag": "O"}]}, {"base_span": [1248, 1249], "annotations": [{"nertag": "O"}]}, {"base_span": [1251, 1260], "annotations": [{"nertag": "O"}]}, {"base_span": [1260, 1261], "annotations": [{"nertag": "O"}]}, {"base_span": [1262, 1263], "annotations": [{"nertag": "B-PER"}]}, {"base_span": [1263, 1264], "annotations": [{"nertag": "I-PER"}]}, {"base_span": [1265, 1275], "annotations": [{"nertag": "I-PER"}]}, {"base_span": [1276, 1279], "annotations": [{"nertag": "O"}]}, {"base_span": [1281, 1290], "annotations": [{"nertag": "O"}]}, {"base_span": [1290, 1291], "annotations": [{"nertag": "O"}]}, {"base_span": [1292, 1293], "annotations": [{"nertag": "B-PER"}]}, {"base_span": [1293, 1294], "annotations": [{"nertag": "I-PER"}]}, {"base_span": [1295, 1303], "annotations": [{"nertag": "I-PER"}]}, {"base_span": [1304, 1307], "annotations": [{"nertag": "O"}]}, {"base_span": [1309, 1318], "annotations": [{"nertag": "O"}]}, {"base_span": [1318, 1319], "annotations": [{"nertag": "O"}]}, {"base_span": [1320, 1321], "annotations": [{"nertag": "B-PER"}]}, {"base_span": [1321, 1322], "annotations": [{"nertag": "I-PER"}]}, {"base_span": [1323, 1331], "annotations": [{"nertag": "I-PER"}]}, {"base_span": [1333, 1342], "annotations": [{"nertag": "O"}]}, {"base_span": [1342, 1343], "annotations": [{"nertag": "O"}]}, {"base_span": [1346, 1352], "annotations": [{"nertag": "O"}]}, {"base_span": [1353, 1356], "annotations": [{"nertag": "O"}]}, {"base_span": [1357, 1371], "annotations": [{"nertag": "O"}]}, {"base_span": [1372, 1382], "annotations": [{"nertag": "O"}]}, {"base_span": [1383, 1384], "annotations": [{"nertag": "B-MISC"}]}, {"base_span": [1384, 1385], "annotations": [{"nertag": "I-MISC"}]}, {"base_span": [1385, 1386], "annotations": [{"nertag": "I-MISC"}]}, {"base_span": [1386, 1387], "annotations": [{"nertag": "I-MISC"}]}, {"base_span": [1387, 1388], "annotations": [{"nertag": "I-MISC"}]}, {"base_span": [1388, 1389], "annotations": [{"nertag": "I-MISC"}]}, {"base_span": [1390, 1391], "annotations": [{"nertag": "O"}]}, {"base_span": [1391, 1394], "annotations": [{"nertag": "O"}]}, {"base_span": [1394, 1395], "annotations": [{"nertag": "O"}]}, {"base_span": [1395, 1398], "annotations": [{"nertag": "O"}]}, {"base_span": [1399, 1405], "annotations": [{"nertag": "O"}]}, {"base_span": [1406, 1413], "annotations": [{"nertag": "O"}]}, {"base_span": [1414, 1418], "annotations": [{"nertag": "O"}]}, {"base_span": [1419, 1421], "annotations": [{"nertag": "O"}]}, {"base_span": [1422, 1426], "annotations": [{"nertag": "O"}]}, {"base_span": [1427, 1432], "annotations": [{"nertag": "O"}]}, {"base_span": [1432, 1433], "annotations": [{"nertag": "O"}]}, {"base_span": [1434, 1437], "annotations": [{"nertag": "O"}]}, {"base_span": [1438, 1444], "annotations": [{"nertag": "O"}]}, {"base_span": [1445, 1450], "annotations": [{"nertag": "O"}]}, {"base_span": [1451, 1456], "annotations": [{"nertag": "O"}]}, {"base_span": [1457, 1460], "annotations": [{"nertag": "O"}]}, {"base_span": [1461, 1466], "annotations": [{"nertag": "O"}]}, {"base_span": [1467, 1475], "annotations": [{"nertag": "O"}]}, {"base_span": [1476, 1481], "annotations": [{"nertag": "O"}]}, {"base_span": [1482, 1487], "annotations": [{"nertag": "O"}]}, {"base_span": [1488, 1492], "annotations": [{"nertag": "O"}]}, {"base_span": [1493, 1495], "annotations": [{"nertag": "O"}]}, {"base_span": [1496, 1501], "annotations": [{"nertag": "O"}]}, {"base_span": [1502, 1513], "annotations": [{"nertag": "O"}]}, {"base_span": [1514, 1519], "annotations": [{"nertag": "O"}]}, {"base_span": [1519, 1520], "annotations": [{"nertag": "O"}]}, {"base_span": [1522, 1531], "annotations": [{"nertag": "O"}]}, {"base_span": [1531, 1532], "annotations": [{"nertag": "O"}]}, {"base_span": [1533, 1535], "annotations": [{"nertag": "B-PER"}]}, {"base_span": [1536, 1540], "annotations": [{"nertag": "I-PER"}]}, {"base_span": [1541, 1542], "annotations": [{"nertag": "O"}]}, {"base_span": [1542, 1544], "annotations": [{"nertag": "O"}]}, {"base_span": [1544, 1545], "annotations": [{"nertag": "O"}]}, {"base_span": [1545, 1552], "annotations": [{"nertag": "O"}]}, {"base_span": [1552, 1553], "annotations": [{"nertag": "O"}]}, {"base_span": [1553, 1555], "annotations": [{"nertag": "O"}]}, {"base_span": [1555, 1556], "annotations": [{"nertag": "O"}]}, {"base_span": [1558, 1561], "annotations": [{"nertag": "O"}]}, {"base_span": [1562, 1568], "annotations": [{"nertag": "O"}]}, {"base_span": [1569, 1573], "annotations": [{"nertag": "O"}]}, {"base_span": [1574, 1584], "annotations": [{"nertag": "O"}]}, {"base_span": [1585, 1592], "annotations": [{"nertag": "O"}]}, {"base_span": [1593, 1598], "annotations": [{"nertag": "O"}]}, {"base_span": [1599, 1607], "annotations": [{"nertag": "O"}]}, {"base_span": [1607, 1608], "annotations": [{"nertag": "O"}]}]}]}