{"text": "\nMihkel Kiwwi kaebas et temma olnud Josep Errapartil sullasest ja olnud palk nenda 16 Rubla rahha ja paar sapaid ehk 2 Rubl rahha ja on temma 16 Rubla kätte sanud agga 2 Rubl weel andmatta.\n\nJosep Errapart räkis et temma lubbanud 16 Rubla rahha palka ja 2 Rubla paari sapaste eest kui pois kärme ja wiks on, et agga Mihkel Kiwwi olnud wastane ei anna temma need sapad\n\nMihkel Liiwak tunnistas et temma olnud nende kauba juures ja lobbanud Josep Errapart Mihkel Kiwwile Aastas palka 16 Rubla rahha ehk paar sapid wõi 2 Rubla rahha  \n\nMõistus.\n\nJosep Errapart peab se 2 Rubla Mihkel Kiwwile nenda kohhe ärra maksma Mihkel Liiwaku tunnistusse järrele\n\nJosep Reisenpuk XXX\n\nJosep Kallaus XXX\n\nMaddis Kallaus XXX\n\n\n", "meta": {"origin_directory": "vallakohus_kolmas/"}, "layers": [{"name": "gold_ner", "attributes": ["nertag"], "parent": null, "enveloping": null, "ambiguous": false, "serialisation_module": null, "meta": {}, "spans": [{"base_span": [1, 13], "annotations": [{"nertag": "PER"}]}, {"base_span": [36, 52], "annotations": [{"nertag": "PER"}]}, {"base_span": [191, 205], "annotations": [{"nertag": "PER"}]}, {"base_span": [316, 328], "annotations": [{"nertag": "PER"}]}, {"base_span": [369, 382], "annotations": [{"nertag": "PER"}]}, {"base_span": [439, 453], "annotations": [{"nertag": "PER"}]}, {"base_span": [454, 468], "annotations": [{"nertag": "PER"}]}, {"base_span": [543, 557], "annotations": [{"nertag": "PER"}]}, {"base_span": [574, 588], "annotations": [{"nertag": "PER"}]}, {"base_span": [613, 627], "annotations": [{"nertag": "PER"}]}, {"base_span": [649, 664], "annotations": [{"nertag": "PER"}]}, {"base_span": [670, 683], "annotations": [{"nertag": "PER"}]}, {"base_span": [689, 703], "annotations": [{"nertag": "PER"}]}]}, {"name": "gold_wordner", "attributes": ["nertag"], "parent": null, "enveloping": null, "ambiguous": false, "serialisation_module": null, "meta": {}, "spans": [{"base_span": [1, 7], "annotations": [{"nertag": "B-PER"}]}, {"base_span": [8, 13], "annotations": [{"nertag": "I-PER"}]}, {"base_span": [14, 20], "annotations": [{"nertag": "O"}]}, {"base_span": [21, 23], "annotations": [{"nertag": "O"}]}, {"base_span": [24, 29], "annotations": [{"nertag": "O"}]}, {"base_span": [30, 35], "annotations": [{"nertag": "O"}]}, {"base_span": [36, 41], "annotations": [{"nertag": "B-PER"}]}, {"base_span": [42, 52], "annotations": [{"nertag": "I-PER"}]}, {"base_span": [53, 62], "annotations": [{"nertag": "O"}]}, {"base_span": [63, 65], "annotations": [{"nertag": "O"}]}, {"base_span": [66, 71], "annotations": [{"nertag": "O"}]}, {"base_span": [72, 76], "annotations": [{"nertag": "O"}]}, {"base_span": [77, 82], "annotations": [{"nertag": "O"}]}, {"base_span": [83, 85], "annotations": [{"nertag": "O"}]}, {"base_span": [86, 91], "annotations": [{"nertag": "O"}]}, {"base_span": [92, 97], "annotations": [{"nertag": "O"}]}, {"base_span": [98, 100], "annotations": [{"nertag": "O"}]}, {"base_span": [101, 105], "annotations": [{"nertag": "O"}]}, {"base_span": [106, 112], "annotations": [{"nertag": "O"}]}, {"base_span": [113, 116], "annotations": [{"nertag": "O"}]}, {"base_span": [117, 118], "annotations": [{"nertag": "O"}]}, {"base_span": [119, 123], "annotations": [{"nertag": "O"}]}, {"base_span": [124, 129], "annotations": [{"nertag": "O"}]}, {"base_span": [130, 132], "annotations": [{"nertag": "O"}]}, {"base_span": [133, 135], "annotations": [{"nertag": "O"}]}, {"base_span": [136, 141], "annotations": [{"nertag": "O"}]}, {"base_span": [142, 144], "annotations": [{"nertag": "O"}]}, {"base_span": [145, 150], "annotations": [{"nertag": "O"}]}, {"base_span": [151, 156], "annotations": [{"nertag": "O"}]}, {"base_span": [157, 162], "annotations": [{"nertag": "O"}]}, {"base_span": [163, 167], "annotations": [{"nertag": "O"}]}, {"base_span": [168, 169], "annotations": [{"nertag": "O"}]}, {"base_span": [170, 174], "annotations": [{"nertag": "O"}]}, {"base_span": [175, 179], "annotations": [{"nertag": "O"}]}, {"base_span": [180, 188], "annotations": [{"nertag": "O"}]}, {"base_span": [188, 189], "annotations": [{"nertag": "O"}]}, {"base_span": [191, 196], "annotations": [{"nertag": "B-PER"}]}, {"base_span": [197, 205], "annotations": [{"nertag": "I-PER"}]}, {"base_span": [206, 211], "annotations": [{"nertag": "O"}]}, {"base_span": [212, 214], "annotations": [{"nertag": "O"}]}, {"base_span": [215, 220], "annotations": [{"nertag": "O"}]}, {"base_span": [221, 229], "annotations": [{"nertag": "O"}]}, {"base_span": [230, 232], "annotations": [{"nertag": "O"}]}, {"base_span": [233, 238], "annotations": [{"nertag": "O"}]}, {"base_span": [239, 244], "annotations": [{"nertag": "O"}]}, {"base_span": [245, 250], "annotations": [{"nertag": "O"}]}, {"base_span": [251, 253], "annotations": [{"nertag": "O"}]}, {"base_span": [254, 255], "annotations": [{"nertag": "O"}]}, {"base_span": [256, 261], "annotations": [{"nertag": "O"}]}, {"base_span": [262, 267], "annotations": [{"nertag": "O"}]}, {"base_span": [268, 275], "annotations": [{"nertag": "O"}]}, {"base_span": [276, 280], "annotations": [{"nertag": "O"}]}, {"base_span": [281, 284], "annotations": [{"nertag": "O"}]}, {"base_span": [285, 289], "annotations": [{"nertag": "O"}]}, {"base_span": [290, 295], "annotations": [{"nertag": "O"}]}, {"base_span": [296, 298], "annotations": [{"nertag": "O"}]}, {"base_span": [299, 303], "annotations": [{"nertag": "O"}]}, {"base_span": [304, 306], "annotations": [{"nertag": "O"}]}, {"base_span": [306, 307], "annotations": [{"nertag": "O"}]}, {"base_span": [308, 310], "annotations": [{"nertag": "O"}]}, {"base_span": [311, 315], "annotations": [{"nertag": "O"}]}, {"base_span": [316, 322], "annotations": [{"nertag": "B-PER"}]}, {"base_span": [323, 328], "annotations": [{"nertag": "I-PER"}]}, {"base_span": [329, 334], "annotations": [{"nertag": "O"}]}, {"base_span": [335, 342], "annotations": [{"nertag": "O"}]}, {"base_span": [343, 345], "annotations": [{"nertag": "O"}]}, {"base_span": [346, 350], "annotations": [{"nertag": "O"}]}, {"base_span": [351, 356], "annotations": [{"nertag": "O"}]}, {"base_span": [357, 361], "annotations": [{"nertag": "O"}]}, {"base_span": [362, 367], "annotations": [{"nertag": "O"}]}, {"base_span": [369, 375], "annotations": [{"nertag": "B-PER"}]}, {"base_span": [376, 382], "annotations": [{"nertag": "I-PER"}]}, {"base_span": [383, 392], "annotations": [{"nertag": "O"}]}, {"base_span": [393, 395], "annotations": [{"nertag": "O"}]}, {"base_span": [396, 401], "annotations": [{"nertag": "O"}]}, {"base_span": [402, 407], "annotations": [{"nertag": "O"}]}, {"base_span": [408, 413], "annotations": [{"nertag": "O"}]}, {"base_span": [414, 419], "annotations": [{"nertag": "O"}]}, {"base_span": [420, 426], "annotations": [{"nertag": "O"}]}, {"base_span": [427, 429], "annotations": [{"nertag": "O"}]}, {"base_span": [430, 438], "annotations": [{"nertag": "O"}]}, {"base_span": [439, 444], "annotations": [{"nertag": "B-PER"}]}, {"base_span": [445, 453], "annotations": [{"nertag": "I-PER"}]}, {"base_span": [454, 460], "annotations": [{"nertag": "B-PER"}]}, {"base_span": [461, 468], "annotations": [{"nertag": "I-PER"}]}, {"base_span": [469, 475], "annotations": [{"nertag": "O"}]}, {"base_span": [476, 481], "annotations": [{"nertag": "O"}]}, {"base_span": [482, 484], "annotations": [{"nertag": "O"}]}, {"base_span": [485, 490], "annotations": [{"nertag": "O"}]}, {"base_span": [491, 496], "annotations": [{"nertag": "O"}]}, {"base_span": [497, 500], "annotations": [{"nertag": "O"}]}, {"base_span": [501, 505], "annotations": [{"nertag": "O"}]}, {"base_span": [506, 511], "annotations": [{"nertag": "O"}]}, {"base_span": [512, 515], "annotations": [{"nertag": "O"}]}, {"base_span": [516, 517], "annotations": [{"nertag": "O"}]}, {"base_span": [518, 523], "annotations": [{"nertag": "O"}]}, {"base_span": [524, 529], "annotations": [{"nertag": "O"}]}, {"base_span": [533, 540], "annotations": [{"nertag": "O"}]}, {"base_span": [540, 541], "annotations": [{"nertag": "O"}]}, {"base_span": [543, 548], "annotations": [{"nertag": "B-PER"}]}, {"base_span": [549, 557], "annotations": [{"nertag": "I-PER"}]}, {"base_span": [558, 562], "annotations": [{"nertag": "O"}]}, {"base_span": [563, 565], "annotations": [{"nertag": "O"}]}, {"base_span": [566, 567], "annotations": [{"nertag": "O"}]}, {"base_span": [568, 573], "annotations": [{"nertag": "O"}]}, {"base_span": [574, 580], "annotations": [{"nertag": "B-PER"}]}, {"base_span": [581, 588], "annotations": [{"nertag": "I-PER"}]}, {"base_span": [589, 594], "annotations": [{"nertag": "O"}]}, {"base_span": [595, 600], "annotations": [{"nertag": "O"}]}, {"base_span": [601, 605], "annotations": [{"nertag": "O"}]}, {"base_span": [606, 612], "annotations": [{"nertag": "O"}]}, {"base_span": [613, 619], "annotations": [{"nertag": "B-PER"}]}, {"base_span": [620, 627], "annotations": [{"nertag": "I-PER"}]}, {"base_span": [628, 639], "annotations": [{"nertag": "O"}]}, {"base_span": [640, 647], "annotations": [{"nertag": "O"}]}, {"base_span": [649, 654], "annotations": [{"nertag": "B-PER"}]}, {"base_span": [655, 664], "annotations": [{"nertag": "I-PER"}]}, {"base_span": [665, 668], "annotations": [{"nertag": "O"}]}, {"base_span": [670, 675], "annotations": [{"nertag": "B-PER"}]}, {"base_span": [676, 683], "annotations": [{"nertag": "I-PER"}]}, {"base_span": [684, 687], "annotations": [{"nertag": "O"}]}, {"base_span": [689, 695], "annotations": [{"nertag": "B-PER"}]}, {"base_span": [696, 703], "annotations": [{"nertag": "I-PER"}]}, {"base_span": [704, 707], "annotations": [{"nertag": "O"}]}]}]}