{"text": "\nTuli ette kirjutaja Chr. Kapp ja kaebas Otto Tarraski asemel, et Johan Looduk temale 9 rubl. 92 kop. wölgo on, mis tema kätte nõuab saada.\n\nJohan Looduk kaebtuse üle küsitud, ei salga 8 rubl. wölgo olewat, aga see 1 rubl. 92 kop. protsenti eest on tema kaibajale 2 pääwa rükkid pöimanud.\n\nMöistus: Johan Looduk peab see 8 rubl. 8 pääwa sees Otto Tarraski hääks wälja maksma.\n\nPeter Kripson XXX Kusta Iwanthal XXX Joh. Klaosson XXX\n\nMöistus sai kohtukäijatele T.S.R. pärra a. 1860 §772-774 kuulutud ja olid kohtukäijad sellega rahul.\n\n1 März 1883 ära maksnud.\n\n\n", "meta": {"origin_directory": "vallakohus_kolmas/"}, "layers": [{"name": "gold_ner", "attributes": ["nertag"], "parent": null, "enveloping": null, "ambiguous": false, "serialisation_module": null, "meta": {}, "spans": [{"base_span": [21, 30], "annotations": [{"nertag": "PER"}]}, {"base_span": [41, 54], "annotations": [{"nertag": "PER"}]}, {"base_span": [66, 78], "annotations": [{"nertag": "PER"}]}, {"base_span": [141, 153], "annotations": [{"nertag": "PER"}]}, {"base_span": [299, 311], "annotations": [{"nertag": "PER"}]}, {"base_span": [342, 355], "annotations": [{"nertag": "PER"}]}, {"base_span": [377, 390], "annotations": [{"nertag": "PER"}]}, {"base_span": [395, 409], "annotations": [{"nertag": "PER"}]}, {"base_span": [414, 427], "annotations": [{"nertag": "PER"}]}, {"base_span": [460, 466], "annotations": [{"nertag": "MISC"}]}]}, {"name": "gold_wordner", "attributes": ["nertag"], "parent": null, "enveloping": null, "ambiguous": false, "serialisation_module": null, "meta": {}, "spans": [{"base_span": [1, 5], "annotations": [{"nertag": "O"}]}, {"base_span": [6, 10], "annotations": [{"nertag": "O"}]}, {"base_span": [11, 20], "annotations": [{"nertag": "O"}]}, {"base_span": [21, 24], "annotations": [{"nertag": "B-PER"}]}, {"base_span": [24, 25], "annotations": [{"nertag": "I-PER"}]}, {"base_span": [26, 30], "annotations": [{"nertag": "I-PER"}]}, {"base_span": [31, 33], "annotations": [{"nertag": "O"}]}, {"base_span": [34, 40], "annotations": [{"nertag": "O"}]}, {"base_span": [41, 45], "annotations": [{"nertag": "B-PER"}]}, {"base_span": [46, 54], "annotations": [{"nertag": "I-PER"}]}, {"base_span": [55, 61], "annotations": [{"nertag": "O"}]}, {"base_span": [61, 62], "annotations": [{"nertag": "O"}]}, {"base_span": [63, 65], "annotations": [{"nertag": "O"}]}, {"base_span": [66, 71], "annotations": [{"nertag": "B-PER"}]}, {"base_span": [72, 78], "annotations": [{"nertag": "I-PER"}]}, {"base_span": [79, 85], "annotations": [{"nertag": "O"}]}, {"base_span": [86, 87], "annotations": [{"nertag": "O"}]}, {"base_span": [88, 92], "annotations": [{"nertag": "O"}]}, {"base_span": [92, 93], "annotations": [{"nertag": "O"}]}, {"base_span": [94, 96], "annotations": [{"nertag": "O"}]}, {"base_span": [97, 100], "annotations": [{"nertag": "O"}]}, {"base_span": [100, 101], "annotations": [{"nertag": "O"}]}, {"base_span": [102, 107], "annotations": [{"nertag": "O"}]}, {"base_span": [108, 110], "annotations": [{"nertag": "O"}]}, {"base_span": [110, 111], "annotations": [{"nertag": "O"}]}, {"base_span": [112, 115], "annotations": [{"nertag": "O"}]}, {"base_span": [116, 120], "annotations": [{"nertag": "O"}]}, {"base_span": [121, 126], "annotations": [{"nertag": "O"}]}, {"base_span": [127, 132], "annotations": [{"nertag": "O"}]}, {"base_span": [133, 138], "annotations": [{"nertag": "O"}]}, {"base_span": [138, 139], "annotations": [{"nertag": "O"}]}, {"base_span": [141, 146], "annotations": [{"nertag": "B-PER"}]}, {"base_span": [147, 153], "annotations": [{"nertag": "I-PER"}]}, {"base_span": [154, 162], "annotations": [{"nertag": "O"}]}, {"base_span": [163, 166], "annotations": [{"nertag": "O"}]}, {"base_span": [167, 174], "annotations": [{"nertag": "O"}]}, {"base_span": [174, 175], "annotations": [{"nertag": "O"}]}, {"base_span": [176, 178], "annotations": [{"nertag": "O"}]}, {"base_span": [179, 184], "annotations": [{"nertag": "O"}]}, {"base_span": [185, 186], "annotations": [{"nertag": "O"}]}, {"base_span": [187, 191], "annotations": [{"nertag": "O"}]}, {"base_span": [191, 192], "annotations": [{"nertag": "O"}]}, {"base_span": [193, 198], "annotations": [{"nertag": "O"}]}, {"base_span": [199, 205], "annotations": [{"nertag": "O"}]}, {"base_span": [205, 206], "annotations": [{"nertag": "O"}]}, {"base_span": [207, 210], "annotations": [{"nertag": "O"}]}, {"base_span": [211, 214], "annotations": [{"nertag": "O"}]}, {"base_span": [215, 216], "annotations": [{"nertag": "O"}]}, {"base_span": [217, 221], "annotations": [{"nertag": "O"}]}, {"base_span": [221, 222], "annotations": [{"nertag": "O"}]}, {"base_span": [223, 225], "annotations": [{"nertag": "O"}]}, {"base_span": [226, 229], "annotations": [{"nertag": "O"}]}, {"base_span": [229, 230], "annotations": [{"nertag": "O"}]}, {"base_span": [231, 240], "annotations": [{"nertag": "O"}]}, {"base_span": [241, 245], "annotations": [{"nertag": "O"}]}, {"base_span": [246, 248], "annotations": [{"nertag": "O"}]}, {"base_span": [249, 253], "annotations": [{"nertag": "O"}]}, {"base_span": [254, 263], "annotations": [{"nertag": "O"}]}, {"base_span": [264, 265], "annotations": [{"nertag": "O"}]}, {"base_span": [266, 271], "annotations": [{"nertag": "O"}]}, {"base_span": [272, 278], "annotations": [{"nertag": "O"}]}, {"base_span": [279, 287], "annotations": [{"nertag": "O"}]}, {"base_span": [287, 288], "annotations": [{"nertag": "O"}]}, {"base_span": [290, 297], "annotations": [{"nertag": "O"}]}, {"base_span": [297, 298], "annotations": [{"nertag": "O"}]}, {"base_span": [299, 304], "annotations": [{"nertag": "B-PER"}]}, {"base_span": [305, 311], "annotations": [{"nertag": "I-PER"}]}, {"base_span": [312, 316], "annotations": [{"nertag": "O"}]}, {"base_span": [317, 320], "annotations": [{"nertag": "O"}]}, {"base_span": [321, 322], "annotations": [{"nertag": "O"}]}, {"base_span": [323, 327], "annotations": [{"nertag": "O"}]}, {"base_span": [327, 328], "annotations": [{"nertag": "O"}]}, {"base_span": [329, 330], "annotations": [{"nertag": "O"}]}, {"base_span": [331, 336], "annotations": [{"nertag": "O"}]}, {"base_span": [337, 341], "annotations": [{"nertag": "O"}]}, {"base_span": [342, 346], "annotations": [{"nertag": "B-PER"}]}, {"base_span": [347, 355], "annotations": [{"nertag": "I-PER"}]}, {"base_span": [356, 361], "annotations": [{"nertag": "O"}]}, {"base_span": [362, 367], "annotations": [{"nertag": "O"}]}, {"base_span": [368, 374], "annotations": [{"nertag": "O"}]}, {"base_span": [374, 375], "annotations": [{"nertag": "O"}]}, {"base_span": [377, 382], "annotations": [{"nertag": "B-PER"}]}, {"base_span": [383, 390], "annotations": [{"nertag": "I-PER"}]}, {"base_span": [391, 394], "annotations": [{"nertag": "O"}]}, {"base_span": [395, 400], "annotations": [{"nertag": "B-PER"}]}, {"base_span": [401, 409], "annotations": [{"nertag": "I-PER"}]}, {"base_span": [410, 413], "annotations": [{"nertag": "O"}]}, {"base_span": [414, 417], "annotations": [{"nertag": "B-PER"}]}, {"base_span": [417, 418], "annotations": [{"nertag": "I-PER"}]}, {"base_span": [419, 427], "annotations": [{"nertag": "I-PER"}]}, {"base_span": [428, 431], "annotations": [{"nertag": "O"}]}, {"base_span": [433, 440], "annotations": [{"nertag": "O"}]}, {"base_span": [441, 444], "annotations": [{"nertag": "O"}]}, {"base_span": [445, 459], "annotations": [{"nertag": "O"}]}, {"base_span": [460, 461], "annotations": [{"nertag": "B-MISC"}]}, {"base_span": [461, 462], "annotations": [{"nertag": "I-MISC"}]}, {"base_span": [462, 463], "annotations": [{"nertag": "I-MISC"}]}, {"base_span": [463, 464], "annotations": [{"nertag": "I-MISC"}]}, {"base_span": [464, 465], "annotations": [{"nertag": "I-MISC"}]}, {"base_span": [465, 466], "annotations": [{"nertag": "I-MISC"}]}, {"base_span": [467, 472], "annotations": [{"nertag": "O"}]}, {"base_span": [473, 474], "annotations": [{"nertag": "O"}]}, {"base_span": [474, 475], "annotations": [{"nertag": "O"}]}, {"base_span": [476, 480], "annotations": [{"nertag": "O"}]}, {"base_span": [481, 482], "annotations": [{"nertag": "O"}]}, {"base_span": [482, 485], "annotations": [{"nertag": "O"}]}, {"base_span": [485, 486], "annotations": [{"nertag": "O"}]}, {"base_span": [486, 489], "annotations": [{"nertag": "O"}]}, {"base_span": [490, 498], "annotations": [{"nertag": "O"}]}, {"base_span": [499, 501], "annotations": [{"nertag": "O"}]}, {"base_span": [502, 506], "annotations": [{"nertag": "O"}]}, {"base_span": [507, 518], "annotations": [{"nertag": "O"}]}, {"base_span": [519, 526], "annotations": [{"nertag": "O"}]}, {"base_span": [527, 532], "annotations": [{"nertag": "O"}]}, {"base_span": [532, 533], "annotations": [{"nertag": "O"}]}, {"base_span": [535, 536], "annotations": [{"nertag": "O"}]}, {"base_span": [537, 541], "annotations": [{"nertag": "O"}]}, {"base_span": [542, 546], "annotations": [{"nertag": "O"}]}, {"base_span": [547, 550], "annotations": [{"nertag": "O"}]}, {"base_span": [551, 558], "annotations": [{"nertag": "O"}]}, {"base_span": [558, 559], "annotations": [{"nertag": "O"}]}]}]}