{"text": "\nMarri Tächt tulli ette ja kaebas et temma omma wenda Raddasti Jürrid üks aasta on teeninud ja selle tenimise eest mitte middagi polle saanud, et Jürri temmale kül 3 Rbl. rahha 1 kuub 1 kamsul, 2 paari sukki, 1 paar kintaid 3 untrukad, 1 rät 1 pööll. on lubbanud ja nüüd pallub et koggokonna kohhus tedda sunniks sedda lubbatud palka ärra maksma.\n\nJürri Tächt wastas et temma omma sõssaralle Marrile kul 3 Rbl. hõb. ja rieted on lubbanud agga Marri ei olle mitte temma ridid piddanud wait ommast rietest 1 kamsulei 1 paar sukki, 1 linnane undruk, 1 rät on ärra piddanud. Ka 3 rubla peab temma aasta orjune Marrile maksma agga et temma Marrile uhhe lamba ülle talwe vitnud ja et Marri 2 kuud enne aastad ärra lahknud ei maksa temma ühhe kopikad.\n\nMoistus: Jürri Tächt peab omma sõssara Marrile aasta tenimise eest maksma \n\n1 kamsul ehk - 2 Rbl. hob.\n\n1 paar sukki \" -          30 Cop.\n\n1 linnane undruk 1 \"\n\n1 rät \" -                      50.\n\nSumma 3 Rbl. 80 Kop.\n\nja et Marri enne aastas ärra on lähnud saab temma palkast 50 Kopk. mahha woetud ja lamba toitmise eest weel 50 Cop. siis saab temma sest palkast weel 2 Rbl. hob. ulleultse kui keik rahha peale arwatud 5 Rbl. 80 Kopk. hõb.\n\nPeakohtomees Peter Peterson XXX\n\nAbbi Mart Niggul XXX\n\nWöörmünder Mart Kuk XXX\n\n\n", "meta": {"origin_directory": "vallakohus_kolmas/"}, "layers": [{"name": "gold_ner", "attributes": ["nertag"], "parent": null, "enveloping": null, "ambiguous": false, "serialisation_module": null, "meta": {}, "spans": [{"base_span": [1, 12], "annotations": [{"nertag": "PER"}]}, {"base_span": [54, 62], "annotations": [{"nertag": "LOC_ORG"}]}, {"base_span": [63, 69], "annotations": [{"nertag": "PER"}]}, {"base_span": [146, 151], "annotations": [{"nertag": "PER"}]}, {"base_span": [348, 359], "annotations": [{"nertag": "PER"}]}, {"base_span": [392, 399], "annotations": [{"nertag": "PER"}]}, {"base_span": [443, 448], "annotations": [{"nertag": "PER"}]}, {"base_span": [606, 613], "annotations": [{"nertag": "PER"}]}, {"base_span": [635, 642], "annotations": [{"nertag": "PER"}]}, {"base_span": [678, 683], "annotations": [{"nertag": "PER"}]}, {"base_span": [755, 766], "annotations": [{"nertag": "PER"}]}, {"base_span": [785, 792], "annotations": [{"nertag": "PER"}]}, {"base_span": [971, 976], "annotations": [{"nertag": "PER"}]}, {"base_span": [1201, 1215], "annotations": [{"nertag": "PER"}]}, {"base_span": [1226, 1237], "annotations": [{"nertag": "PER"}]}, {"base_span": [1254, 1262], "annotations": [{"nertag": "PER"}]}]}, {"name": "gold_wordner", "attributes": ["nertag"], "parent": null, "enveloping": null, "ambiguous": false, "serialisation_module": null, "meta": {}, "spans": [{"base_span": [1, 6], "annotations": [{"nertag": "B-PER"}]}, {"base_span": [7, 12], "annotations": [{"nertag": "I-PER"}]}, {"base_span": [13, 18], "annotations": [{"nertag": "O"}]}, {"base_span": [19, 23], "annotations": [{"nertag": "O"}]}, {"base_span": [24, 26], "annotations": [{"nertag": "O"}]}, {"base_span": [27, 33], "annotations": [{"nertag": "O"}]}, {"base_span": [34, 36], "annotations": [{"nertag": "O"}]}, {"base_span": [37, 42], "annotations": [{"nertag": "O"}]}, {"base_span": [43, 47], "annotations": [{"nertag": "O"}]}, {"base_span": [48, 53], "annotations": [{"nertag": "O"}]}, {"base_span": [54, 62], "annotations": [{"nertag": "B-LOC_ORG"}]}, {"base_span": [63, 69], "annotations": [{"nertag": "B-PER"}]}, {"base_span": [70, 73], "annotations": [{"nertag": "O"}]}, {"base_span": [74, 79], "annotations": [{"nertag": "O"}]}, {"base_span": [80, 82], "annotations": [{"nertag": "O"}]}, {"base_span": [83, 91], "annotations": [{"nertag": "O"}]}, {"base_span": [92, 94], "annotations": [{"nertag": "O"}]}, {"base_span": [95, 100], "annotations": [{"nertag": "O"}]}, {"base_span": [101, 109], "annotations": [{"nertag": "O"}]}, {"base_span": [110, 114], "annotations": [{"nertag": "O"}]}, {"base_span": [115, 120], "annotations": [{"nertag": "O"}]}, {"base_span": [121, 128], "annotations": [{"nertag": "O"}]}, {"base_span": [129, 134], "annotations": [{"nertag": "O"}]}, {"base_span": [135, 141], "annotations": [{"nertag": "O"}]}, {"base_span": [141, 142], "annotations": [{"nertag": "O"}]}, {"base_span": [143, 145], "annotations": [{"nertag": "O"}]}, {"base_span": [146, 151], "annotations": [{"nertag": "B-PER"}]}, {"base_span": [152, 159], "annotations": [{"nertag": "O"}]}, {"base_span": [160, 163], "annotations": [{"nertag": "O"}]}, {"base_span": [164, 165], "annotations": [{"nertag": "O"}]}, {"base_span": [166, 169], "annotations": [{"nertag": "O"}]}, {"base_span": [169, 170], "annotations": [{"nertag": "O"}]}, {"base_span": [171, 176], "annotations": [{"nertag": "O"}]}, {"base_span": [177, 178], "annotations": [{"nertag": "O"}]}, {"base_span": [179, 183], "annotations": [{"nertag": "O"}]}, {"base_span": [184, 185], "annotations": [{"nertag": "O"}]}, {"base_span": [186, 192], "annotations": [{"nertag": "O"}]}, {"base_span": [192, 193], "annotations": [{"nertag": "O"}]}, {"base_span": [194, 195], "annotations": [{"nertag": "O"}]}, {"base_span": [196, 201], "annotations": [{"nertag": "O"}]}, {"base_span": [202, 207], "annotations": [{"nertag": "O"}]}, {"base_span": [207, 208], "annotations": [{"nertag": "O"}]}, {"base_span": [209, 210], "annotations": [{"nertag": "O"}]}, {"base_span": [211, 215], "annotations": [{"nertag": "O"}]}, {"base_span": [216, 223], "annotations": [{"nertag": "O"}]}, {"base_span": [224, 225], "annotations": [{"nertag": "O"}]}, {"base_span": [226, 234], "annotations": [{"nertag": "O"}]}, {"base_span": [234, 235], "annotations": [{"nertag": "O"}]}, {"base_span": [236, 237], "annotations": [{"nertag": "O"}]}, {"base_span": [238, 241], "annotations": [{"nertag": "O"}]}, {"base_span": [242, 243], "annotations": [{"nertag": "O"}]}, {"base_span": [244, 249], "annotations": [{"nertag": "O"}]}, {"base_span": [249, 250], "annotations": [{"nertag": "O"}]}, {"base_span": [251, 253], "annotations": [{"nertag": "O"}]}, {"base_span": [254, 262], "annotations": [{"nertag": "O"}]}, {"base_span": [263, 265], "annotations": [{"nertag": "O"}]}, {"base_span": [266, 270], "annotations": [{"nertag": "O"}]}, {"base_span": [271, 277], "annotations": [{"nertag": "O"}]}, {"base_span": [278, 280], "annotations": [{"nertag": "O"}]}, {"base_span": [281, 291], "annotations": [{"nertag": "O"}]}, {"base_span": [292, 298], "annotations": [{"nertag": "O"}]}, {"base_span": [299, 304], "annotations": [{"nertag": "O"}]}, {"base_span": [305, 312], "annotations": [{"nertag": "O"}]}, {"base_span": [313, 318], "annotations": [{"nertag": "O"}]}, {"base_span": [319, 327], "annotations": [{"nertag": "O"}]}, {"base_span": [328, 333], "annotations": [{"nertag": "O"}]}, {"base_span": [334, 338], "annotations": [{"nertag": "O"}]}, {"base_span": [339, 345], "annotations": [{"nertag": "O"}]}, {"base_span": [345, 346], "annotations": [{"nertag": "O"}]}, {"base_span": [348, 353], "annotations": [{"nertag": "B-PER"}]}, {"base_span": [354, 359], "annotations": [{"nertag": "I-PER"}]}, {"base_span": [360, 366], "annotations": [{"nertag": "O"}]}, {"base_span": [367, 369], "annotations": [{"nertag": "O"}]}, {"base_span": [370, 375], "annotations": [{"nertag": "O"}]}, {"base_span": [376, 380], "annotations": [{"nertag": "O"}]}, {"base_span": [381, 391], "annotations": [{"nertag": "O"}]}, {"base_span": [392, 399], "annotations": [{"nertag": "B-PER"}]}, {"base_span": [400, 403], "annotations": [{"nertag": "O"}]}, {"base_span": [404, 405], "annotations": [{"nertag": "O"}]}, {"base_span": [406, 409], "annotations": [{"nertag": "O"}]}, {"base_span": [409, 410], "annotations": [{"nertag": "O"}]}, {"base_span": [411, 414], "annotations": [{"nertag": "O"}]}, {"base_span": [414, 415], "annotations": [{"nertag": "O"}]}, {"base_span": [416, 418], "annotations": [{"nertag": "O"}]}, {"base_span": [419, 425], "annotations": [{"nertag": "O"}]}, {"base_span": [426, 428], "annotations": [{"nertag": "O"}]}, {"base_span": [429, 437], "annotations": [{"nertag": "O"}]}, {"base_span": [438, 442], "annotations": [{"nertag": "O"}]}, {"base_span": [443, 448], "annotations": [{"nertag": "B-PER"}]}, {"base_span": [449, 451], "annotations": [{"nertag": "O"}]}, {"base_span": [452, 456], "annotations": [{"nertag": "O"}]}, {"base_span": [457, 462], "annotations": [{"nertag": "O"}]}, {"base_span": [463, 468], "annotations": [{"nertag": "O"}]}, {"base_span": [469, 474], "annotations": [{"nertag": "O"}]}, {"base_span": [475, 483], "annotations": [{"nertag": "O"}]}, {"base_span": [484, 488], "annotations": [{"nertag": "O"}]}, {"base_span": [489, 495], "annotations": [{"nertag": "O"}]}, {"base_span": [496, 503], "annotations": [{"nertag": "O"}]}, {"base_span": [504, 505], "annotations": [{"nertag": "O"}]}, {"base_span": [506, 514], "annotations": [{"nertag": "O"}]}, {"base_span": [515, 516], "annotations": [{"nertag": "O"}]}, {"base_span": [517, 521], "annotations": [{"nertag": "O"}]}, {"base_span": [522, 527], "annotations": [{"nertag": "O"}]}, {"base_span": [527, 528], "annotations": [{"nertag": "O"}]}, {"base_span": [529, 530], "annotations": [{"nertag": "O"}]}, {"base_span": [531, 538], "annotations": [{"nertag": "O"}]}, {"base_span": [539, 545], "annotations": [{"nertag": "O"}]}, {"base_span": [545, 546], "annotations": [{"nertag": "O"}]}, {"base_span": [547, 548], "annotations": [{"nertag": "O"}]}, {"base_span": [549, 552], "annotations": [{"nertag": "O"}]}, {"base_span": [553, 555], "annotations": [{"nertag": "O"}]}, {"base_span": [556, 560], "annotations": [{"nertag": "O"}]}, {"base_span": [561, 569], "annotations": [{"nertag": "O"}]}, {"base_span": [569, 570], "annotations": [{"nertag": "O"}]}, {"base_span": [571, 573], "annotations": [{"nertag": "O"}]}, {"base_span": [574, 575], "annotations": [{"nertag": "O"}]}, {"base_span": [576, 581], "annotations": [{"nertag": "O"}]}, {"base_span": [582, 586], "annotations": [{"nertag": "O"}]}, {"base_span": [587, 592], "annotations": [{"nertag": "O"}]}, {"base_span": [593, 598], "annotations": [{"nertag": "O"}]}, {"base_span": [599, 605], "annotations": [{"nertag": "O"}]}, {"base_span": [606, 613], "annotations": [{"nertag": "B-PER"}]}, {"base_span": [614, 620], "annotations": [{"nertag": "O"}]}, {"base_span": [621, 625], "annotations": [{"nertag": "O"}]}, {"base_span": [626, 628], "annotations": [{"nertag": "O"}]}, {"base_span": [629, 634], "annotations": [{"nertag": "O"}]}, {"base_span": [635, 642], "annotations": [{"nertag": "B-PER"}]}, {"base_span": [643, 647], "annotations": [{"nertag": "O"}]}, {"base_span": [648, 653], "annotations": [{"nertag": "O"}]}, {"base_span": [654, 658], "annotations": [{"nertag": "O"}]}, {"base_span": [659, 664], "annotations": [{"nertag": "O"}]}, {"base_span": [665, 671], "annotations": [{"nertag": "O"}]}, {"base_span": [672, 674], "annotations": [{"nertag": "O"}]}, {"base_span": [675, 677], "annotations": [{"nertag": "O"}]}, {"base_span": [678, 683], "annotations": [{"nertag": "B-PER"}]}, {"base_span": [684, 685], "annotations": [{"nertag": "O"}]}, {"base_span": [686, 690], "annotations": [{"nertag": "O"}]}, {"base_span": [691, 695], "annotations": [{"nertag": "O"}]}, {"base_span": [696, 702], "annotations": [{"nertag": "O"}]}, {"base_span": [703, 707], "annotations": [{"nertag": "O"}]}, {"base_span": [708, 715], "annotations": [{"nertag": "O"}]}, {"base_span": [716, 718], "annotations": [{"nertag": "O"}]}, {"base_span": [719, 724], "annotations": [{"nertag": "O"}]}, {"base_span": [725, 730], "annotations": [{"nertag": "O"}]}, {"base_span": [731, 735], "annotations": [{"nertag": "O"}]}, {"base_span": [736, 743], "annotations": [{"nertag": "O"}]}, {"base_span": [743, 744], "annotations": [{"nertag": "O"}]}, {"base_span": [746, 753], "annotations": [{"nertag": "O"}]}, {"base_span": [753, 754], "annotations": [{"nertag": "O"}]}, {"base_span": [755, 760], "annotations": [{"nertag": "B-PER"}]}, {"base_span": [761, 766], "annotations": [{"nertag": "I-PER"}]}, {"base_span": [767, 771], "annotations": [{"nertag": "O"}]}, {"base_span": [772, 776], "annotations": [{"nertag": "O"}]}, {"base_span": [777, 784], "annotations": [{"nertag": "O"}]}, {"base_span": [785, 792], "annotations": [{"nertag": "B-PER"}]}, {"base_span": [793, 798], "annotations": [{"nertag": "O"}]}, {"base_span": [799, 807], "annotations": [{"nertag": "O"}]}, {"base_span": [808, 812], "annotations": [{"nertag": "O"}]}, {"base_span": [813, 819], "annotations": [{"nertag": "O"}]}, {"base_span": [822, 823], "annotations": [{"nertag": "O"}]}, {"base_span": [824, 830], "annotations": [{"nertag": "O"}]}, {"base_span": [831, 834], "annotations": [{"nertag": "O"}]}, {"base_span": [835, 836], "annotations": [{"nertag": "O"}]}, {"base_span": [837, 838], "annotations": [{"nertag": "O"}]}, {"base_span": [839, 842], "annotations": [{"nertag": "O"}]}, {"base_span": [842, 843], "annotations": [{"nertag": "O"}]}, {"base_span": [844, 847], "annotations": [{"nertag": "O"}]}, {"base_span": [847, 848], "annotations": [{"nertag": "O"}]}, {"base_span": [850, 851], "annotations": [{"nertag": "O"}]}, {"base_span": [852, 856], "annotations": [{"nertag": "O"}]}, {"base_span": [857, 862], "annotations": [{"nertag": "O"}]}, {"base_span": [863, 864], "annotations": [{"nertag": "O"}]}, {"base_span": [865, 866], "annotations": [{"nertag": "O"}]}, {"base_span": [876, 878], "annotations": [{"nertag": "O"}]}, {"base_span": [879, 882], "annotations": [{"nertag": "O"}]}, {"base_span": [882, 883], "annotations": [{"nertag": "O"}]}, {"base_span": [885, 886], "annotations": [{"nertag": "O"}]}, {"base_span": [887, 894], "annotations": [{"nertag": "O"}]}, {"base_span": [895, 901], "annotations": [{"nertag": "O"}]}, {"base_span": [902, 903], "annotations": [{"nertag": "O"}]}, {"base_span": [904, 905], "annotations": [{"nertag": "O"}]}, {"base_span": [907, 908], "annotations": [{"nertag": "O"}]}, {"base_span": [909, 912], "annotations": [{"nertag": "O"}]}, {"base_span": [913, 914], "annotations": [{"nertag": "O"}]}, {"base_span": [915, 916], "annotations": [{"nertag": "O"}]}, {"base_span": [938, 941], "annotations": [{"nertag": "O"}]}, {"base_span": [943, 948], "annotations": [{"nertag": "O"}]}, {"base_span": [949, 950], "annotations": [{"nertag": "O"}]}, {"base_span": [951, 954], "annotations": [{"nertag": "O"}]}, {"base_span": [954, 955], "annotations": [{"nertag": "O"}]}, {"base_span": [956, 958], "annotations": [{"nertag": "O"}]}, {"base_span": [959, 962], "annotations": [{"nertag": "O"}]}, {"base_span": [962, 963], "annotations": [{"nertag": "O"}]}, {"base_span": [965, 967], "annotations": [{"nertag": "O"}]}, {"base_span": [968, 970], "annotations": [{"nertag": "O"}]}, {"base_span": [971, 976], "annotations": [{"nertag": "B-PER"}]}, {"base_span": [977, 981], "annotations": [{"nertag": "O"}]}, {"base_span": [982, 988], "annotations": [{"nertag": "O"}]}, {"base_span": [989, 993], "annotations": [{"nertag": "O"}]}, {"base_span": [994, 996], "annotations": [{"nertag": "O"}]}, {"base_span": [997, 1003], "annotations": [{"nertag": "O"}]}, {"base_span": [1004, 1008], "annotations": [{"nertag": "O"}]}, {"base_span": [1009, 1014], "annotations": [{"nertag": "O"}]}, {"base_span": [1015, 1022], "annotations": [{"nertag": "O"}]}, {"base_span": [1023, 1025], "annotations": [{"nertag": "O"}]}, {"base_span": [1026, 1030], "annotations": [{"nertag": "O"}]}, {"base_span": [1030, 1031], "annotations": [{"nertag": "O"}]}, {"base_span": [1032, 1037], "annotations": [{"nertag": "O"}]}, {"base_span": [1038, 1044], "annotations": [{"nertag": "O"}]}, {"base_span": [1045, 1047], "annotations": [{"nertag": "O"}]}, {"base_span": [1048, 1053], "annotations": [{"nertag": "O"}]}, {"base_span": [1054, 1062], "annotations": [{"nertag": "O"}]}, {"base_span": [1063, 1067], "annotations": [{"nertag": "O"}]}, {"base_span": [1068, 1072], "annotations": [{"nertag": "O"}]}, {"base_span": [1073, 1075], "annotations": [{"nertag": "O"}]}, {"base_span": [1076, 1079], "annotations": [{"nertag": "O"}]}, {"base_span": [1079, 1080], "annotations": [{"nertag": "O"}]}, {"base_span": [1081, 1085], "annotations": [{"nertag": "O"}]}, {"base_span": [1086, 1090], "annotations": [{"nertag": "O"}]}, {"base_span": [1091, 1096], "annotations": [{"nertag": "O"}]}, {"base_span": [1097, 1101], "annotations": [{"nertag": "O"}]}, {"base_span": [1102, 1109], "annotations": [{"nertag": "O"}]}, {"base_span": [1110, 1114], "annotations": [{"nertag": "O"}]}, {"base_span": [1115, 1116], "annotations": [{"nertag": "O"}]}, {"base_span": [1117, 1120], "annotations": [{"nertag": "O"}]}, {"base_span": [1120, 1121], "annotations": [{"nertag": "O"}]}, {"base_span": [1122, 1125], "annotations": [{"nertag": "O"}]}, {"base_span": [1125, 1126], "annotations": [{"nertag": "O"}]}, {"base_span": [1127, 1136], "annotations": [{"nertag": "O"}]}, {"base_span": [1137, 1140], "annotations": [{"nertag": "O"}]}, {"base_span": [1141, 1145], "annotations": [{"nertag": "O"}]}, {"base_span": [1146, 1151], "annotations": [{"nertag": "O"}]}, {"base_span": [1152, 1157], "annotations": [{"nertag": "O"}]}, {"base_span": [1158, 1165], "annotations": [{"nertag": "O"}]}, {"base_span": [1166, 1167], "annotations": [{"nertag": "O"}]}, {"base_span": [1168, 1171], "annotations": [{"nertag": "O"}]}, {"base_span": [1171, 1172], "annotations": [{"nertag": "O"}]}, {"base_span": [1173, 1175], "annotations": [{"nertag": "O"}]}, {"base_span": [1176, 1180], "annotations": [{"nertag": "O"}]}, {"base_span": [1180, 1181], "annotations": [{"nertag": "O"}]}, {"base_span": [1182, 1185], "annotations": [{"nertag": "O"}]}, {"base_span": [1185, 1186], "annotations": [{"nertag": "O"}]}, {"base_span": [1188, 1200], "annotations": [{"nertag": "O"}]}, {"base_span": [1201, 1206], "annotations": [{"nertag": "B-PER"}]}, {"base_span": [1207, 1215], "annotations": [{"nertag": "I-PER"}]}, {"base_span": [1216, 1219], "annotations": [{"nertag": "O"}]}, {"base_span": [1221, 1225], "annotations": [{"nertag": "O"}]}, {"base_span": [1226, 1230], "annotations": [{"nertag": "B-PER"}]}, {"base_span": [1231, 1237], "annotations": [{"nertag": "I-PER"}]}, {"base_span": [1238, 1241], "annotations": [{"nertag": "O"}]}, {"base_span": [1243, 1253], "annotations": [{"nertag": "O"}]}, {"base_span": [1254, 1258], "annotations": [{"nertag": "B-PER"}]}, {"base_span": [1259, 1262], "annotations": [{"nertag": "I-PER"}]}, {"base_span": [1263, 1266], "annotations": [{"nertag": "O"}]}]}]}