{"text": "\nEtte tulli Tomas Massa nink kaibas, et temma ollew Hirmo maja eest mes nüüd tema poja Hindriko käen 300(kolmsadda) rubla ostmisse rahha sisse masno ja nõudse et Hindrik peab tälle sest rahhast 220(katssadda katskümmend) rubla taggasi masma ja et temma tahtwat säält ärra minna, ent 80.(kattissakümmend) rubla jääb Hindrikule ossas.\n\nEtte kutsuti Hindrik Massa nink loeti eensaiswa kaibus ette, ent temma ütles et Essa temma käest wäega pallo taggasi nõud, ja et temma ka sääl majan paljo waiwa om nännu, nink et nüüd weel Kapitali ja protzenti rahha massa om, ei wõiwat temma mitte massa Essale õkwa kätte.\n\nKohtomõistus: Kunna Tomas Massa omma poja mant taht ärra minna sis mõista meije, et se poig Hindrik peab 200.(katssadda) rubla sedda sissemasso rahha temmale taggasi masma, ent kui temma Essa Tomas säält ärra lähhap, sis kohhe 50.(wiiskümmend) rubla tälle kätte massa ent se 150.(saddaviiskümmend) rubla massap temma päle toda igga aasta taggant 50.(viiskümmend).\n\nSe kohtomõistus sai kohtonkäüjile kulutedus, ja §773 ja 774 Tal.säd.ram.1860.a. ärra selletedus, mis oppust andwa suremba kohtonkäümissest ent kohtonkäüja jäiwa selle mõistmissega rahhul, ja wimate sai neile ka §881 perra se trükkito oppusse leht kätte antus.\n\nPäkohtomees Jürri Waldmann XXX\n\nKohtomees Tannil Oinas XXX\n\nKohtomees Tannil Purge XXX\n\nKirjotaja /allkiri/\n\nCopia Tartu Kreiskohtule 21.06.1889\n\n\n", "meta": {"origin_directory": "vallakohus_neljas/"}, "layers": [{"name": "gold_ner", "attributes": ["nertag"], "parent": null, "enveloping": null, "ambiguous": false, "serialisation_module": null, "meta": {}, "spans": [{"base_span": [12, 23], "annotations": [{"nertag": "PER"}]}, {"base_span": [52, 62], "annotations": [{"nertag": "LOC_ORG"}]}, {"base_span": [87, 95], "annotations": [{"nertag": "PER"}]}, {"base_span": [162, 169], "annotations": [{"nertag": "PER"}]}, {"base_span": [315, 325], "annotations": [{"nertag": "PER"}]}, {"base_span": [347, 360], "annotations": [{"nertag": "PER"}]}, {"base_span": [629, 640], "annotations": [{"nertag": "PER"}]}, {"base_span": [701, 708], "annotations": [{"nertag": "PER"}]}, {"base_span": [801, 806], "annotations": [{"nertag": "PER"}]}, {"base_span": [1034, 1046], "annotations": [{"nertag": "MISC"}]}, {"base_span": [1247, 1261], "annotations": [{"nertag": "PER"}]}, {"base_span": [1277, 1289], "annotations": [{"nertag": "PER"}]}, {"base_span": [1305, 1317], "annotations": [{"nertag": "PER"}]}, {"base_span": [1350, 1368], "annotations": [{"nertag": "ORG"}]}]}, {"name": "gold_wordner", "attributes": ["nertag"], "parent": null, "enveloping": null, "ambiguous": false, "serialisation_module": null, "meta": {}, "spans": [{"base_span": [1, 5], "annotations": [{"nertag": "O"}]}, {"base_span": [6, 11], "annotations": [{"nertag": "O"}]}, {"base_span": [12, 17], "annotations": [{"nertag": "B-PER"}]}, {"base_span": [18, 23], "annotations": [{"nertag": "I-PER"}]}, {"base_span": [24, 28], "annotations": [{"nertag": "O"}]}, {"base_span": [29, 35], "annotations": [{"nertag": "O"}]}, {"base_span": [35, 36], "annotations": [{"nertag": "O"}]}, {"base_span": [37, 39], "annotations": [{"nertag": "O"}]}, {"base_span": [40, 45], "annotations": [{"nertag": "O"}]}, {"base_span": [46, 51], "annotations": [{"nertag": "O"}]}, {"base_span": [52, 57], "annotations": [{"nertag": "B-LOC_ORG"}]}, {"base_span": [58, 62], "annotations": [{"nertag": "I-LOC_ORG"}]}, {"base_span": [63, 67], "annotations": [{"nertag": "O"}]}, {"base_span": [68, 71], "annotations": [{"nertag": "O"}]}, {"base_span": [72, 76], "annotations": [{"nertag": "O"}]}, {"base_span": [77, 81], "annotations": [{"nertag": "O"}]}, {"base_span": [82, 86], "annotations": [{"nertag": "O"}]}, {"base_span": [87, 95], "annotations": [{"nertag": "B-PER"}]}, {"base_span": [96, 100], "annotations": [{"nertag": "O"}]}, {"base_span": [101, 104], "annotations": [{"nertag": "O"}]}, {"base_span": [104, 105], "annotations": [{"nertag": "O"}]}, {"base_span": [105, 114], "annotations": [{"nertag": "O"}]}, {"base_span": [114, 115], "annotations": [{"nertag": "O"}]}, {"base_span": [116, 121], "annotations": [{"nertag": "O"}]}, {"base_span": [122, 130], "annotations": [{"nertag": "O"}]}, {"base_span": [131, 136], "annotations": [{"nertag": "O"}]}, {"base_span": [137, 142], "annotations": [{"nertag": "O"}]}, {"base_span": [143, 148], "annotations": [{"nertag": "O"}]}, {"base_span": [149, 151], "annotations": [{"nertag": "O"}]}, {"base_span": [152, 158], "annotations": [{"nertag": "O"}]}, {"base_span": [159, 161], "annotations": [{"nertag": "O"}]}, {"base_span": [162, 169], "annotations": [{"nertag": "B-PER"}]}, {"base_span": [170, 174], "annotations": [{"nertag": "O"}]}, {"base_span": [175, 180], "annotations": [{"nertag": "O"}]}, {"base_span": [181, 185], "annotations": [{"nertag": "O"}]}, {"base_span": [186, 193], "annotations": [{"nertag": "O"}]}, {"base_span": [194, 197], "annotations": [{"nertag": "O"}]}, {"base_span": [197, 198], "annotations": [{"nertag": "O"}]}, {"base_span": [198, 207], "annotations": [{"nertag": "O"}]}, {"base_span": [208, 219], "annotations": [{"nertag": "O"}]}, {"base_span": [219, 220], "annotations": [{"nertag": "O"}]}, {"base_span": [221, 226], "annotations": [{"nertag": "O"}]}, {"base_span": [227, 234], "annotations": [{"nertag": "O"}]}, {"base_span": [235, 240], "annotations": [{"nertag": "O"}]}, {"base_span": [241, 243], "annotations": [{"nertag": "O"}]}, {"base_span": [244, 246], "annotations": [{"nertag": "O"}]}, {"base_span": [247, 252], "annotations": [{"nertag": "O"}]}, {"base_span": [253, 260], "annotations": [{"nertag": "O"}]}, {"base_span": [261, 266], "annotations": [{"nertag": "O"}]}, {"base_span": [267, 271], "annotations": [{"nertag": "O"}]}, {"base_span": [272, 277], "annotations": [{"nertag": "O"}]}, {"base_span": [277, 278], "annotations": [{"nertag": "O"}]}, {"base_span": [279, 282], "annotations": [{"nertag": "O"}]}, {"base_span": [283, 286], "annotations": [{"nertag": "O"}]}, {"base_span": [286, 287], "annotations": [{"nertag": "O"}]}, {"base_span": [287, 302], "annotations": [{"nertag": "O"}]}, {"base_span": [302, 303], "annotations": [{"nertag": "O"}]}, {"base_span": [304, 309], "annotations": [{"nertag": "O"}]}, {"base_span": [310, 314], "annotations": [{"nertag": "O"}]}, {"base_span": [315, 325], "annotations": [{"nertag": "B-PER"}]}, {"base_span": [326, 331], "annotations": [{"nertag": "O"}]}, {"base_span": [331, 332], "annotations": [{"nertag": "O"}]}, {"base_span": [334, 338], "annotations": [{"nertag": "O"}]}, {"base_span": [339, 346], "annotations": [{"nertag": "O"}]}, {"base_span": [347, 354], "annotations": [{"nertag": "B-PER"}]}, {"base_span": [355, 360], "annotations": [{"nertag": "I-PER"}]}, {"base_span": [361, 365], "annotations": [{"nertag": "O"}]}, {"base_span": [366, 371], "annotations": [{"nertag": "O"}]}, {"base_span": [372, 381], "annotations": [{"nertag": "O"}]}, {"base_span": [382, 388], "annotations": [{"nertag": "O"}]}, {"base_span": [389, 393], "annotations": [{"nertag": "O"}]}, {"base_span": [393, 394], "annotations": [{"nertag": "O"}]}, {"base_span": [395, 398], "annotations": [{"nertag": "O"}]}, {"base_span": [399, 404], "annotations": [{"nertag": "O"}]}, {"base_span": [405, 410], "annotations": [{"nertag": "O"}]}, {"base_span": [411, 413], "annotations": [{"nertag": "O"}]}, {"base_span": [414, 418], "annotations": [{"nertag": "O"}]}, {"base_span": [419, 424], "annotations": [{"nertag": "O"}]}, {"base_span": [425, 430], "annotations": [{"nertag": "O"}]}, {"base_span": [431, 436], "annotations": [{"nertag": "O"}]}, {"base_span": [437, 442], "annotations": [{"nertag": "O"}]}, {"base_span": [443, 450], "annotations": [{"nertag": "O"}]}, {"base_span": [451, 455], "annotations": [{"nertag": "O"}]}, {"base_span": [455, 456], "annotations": [{"nertag": "O"}]}, {"base_span": [457, 459], "annotations": [{"nertag": "O"}]}, {"base_span": [460, 462], "annotations": [{"nertag": "O"}]}, {"base_span": [463, 468], "annotations": [{"nertag": "O"}]}, {"base_span": [469, 471], "annotations": [{"nertag": "O"}]}, {"base_span": [472, 476], "annotations": [{"nertag": "O"}]}, {"base_span": [477, 482], "annotations": [{"nertag": "O"}]}, {"base_span": [483, 488], "annotations": [{"nertag": "O"}]}, {"base_span": [489, 494], "annotations": [{"nertag": "O"}]}, {"base_span": [495, 497], "annotations": [{"nertag": "O"}]}, {"base_span": [498, 503], "annotations": [{"nertag": "O"}]}, {"base_span": [503, 504], "annotations": [{"nertag": "O"}]}, {"base_span": [505, 509], "annotations": [{"nertag": "O"}]}, {"base_span": [510, 512], "annotations": [{"nertag": "O"}]}, {"base_span": [513, 517], "annotations": [{"nertag": "O"}]}, {"base_span": [518, 522], "annotations": [{"nertag": "O"}]}, {"base_span": [523, 531], "annotations": [{"nertag": "O"}]}, {"base_span": [532, 534], "annotations": [{"nertag": "O"}]}, {"base_span": [535, 544], "annotations": [{"nertag": "O"}]}, {"base_span": [545, 550], "annotations": [{"nertag": "O"}]}, {"base_span": [551, 556], "annotations": [{"nertag": "O"}]}, {"base_span": [557, 559], "annotations": [{"nertag": "O"}]}, {"base_span": [559, 560], "annotations": [{"nertag": "O"}]}, {"base_span": [561, 563], "annotations": [{"nertag": "O"}]}, {"base_span": [564, 570], "annotations": [{"nertag": "O"}]}, {"base_span": [571, 576], "annotations": [{"nertag": "O"}]}, {"base_span": [577, 582], "annotations": [{"nertag": "O"}]}, {"base_span": [583, 588], "annotations": [{"nertag": "O"}]}, {"base_span": [589, 595], "annotations": [{"nertag": "O"}]}, {"base_span": [596, 600], "annotations": [{"nertag": "O"}]}, {"base_span": [601, 606], "annotations": [{"nertag": "O"}]}, {"base_span": [606, 607], "annotations": [{"nertag": "O"}]}, {"base_span": [609, 621], "annotations": [{"nertag": "O"}]}, {"base_span": [621, 622], "annotations": [{"nertag": "O"}]}, {"base_span": [623, 628], "annotations": [{"nertag": "O"}]}, {"base_span": [629, 634], "annotations": [{"nertag": "B-PER"}]}, {"base_span": [635, 640], "annotations": [{"nertag": "I-PER"}]}, {"base_span": [641, 645], "annotations": [{"nertag": "O"}]}, {"base_span": [646, 650], "annotations": [{"nertag": "O"}]}, {"base_span": [651, 655], "annotations": [{"nertag": "O"}]}, {"base_span": [656, 660], "annotations": [{"nertag": "O"}]}, {"base_span": [661, 665], "annotations": [{"nertag": "O"}]}, {"base_span": [666, 671], "annotations": [{"nertag": "O"}]}, {"base_span": [672, 675], "annotations": [{"nertag": "O"}]}, {"base_span": [676, 682], "annotations": [{"nertag": "O"}]}, {"base_span": [683, 688], "annotations": [{"nertag": "O"}]}, {"base_span": [688, 689], "annotations": [{"nertag": "O"}]}, {"base_span": [690, 692], "annotations": [{"nertag": "O"}]}, {"base_span": [693, 695], "annotations": [{"nertag": "O"}]}, {"base_span": [696, 700], "annotations": [{"nertag": "O"}]}, {"base_span": [701, 708], "annotations": [{"nertag": "B-PER"}]}, {"base_span": [709, 713], "annotations": [{"nertag": "O"}]}, {"base_span": [714, 718], "annotations": [{"nertag": "O"}]}, {"base_span": [718, 719], "annotations": [{"nertag": "O"}]}, {"base_span": [719, 728], "annotations": [{"nertag": "O"}]}, {"base_span": [728, 729], "annotations": [{"nertag": "O"}]}, {"base_span": [730, 735], "annotations": [{"nertag": "O"}]}, {"base_span": [736, 741], "annotations": [{"nertag": "O"}]}, {"base_span": [742, 752], "annotations": [{"nertag": "O"}]}, {"base_span": [753, 758], "annotations": [{"nertag": "O"}]}, {"base_span": [759, 766], "annotations": [{"nertag": "O"}]}, {"base_span": [767, 774], "annotations": [{"nertag": "O"}]}, {"base_span": [775, 780], "annotations": [{"nertag": "O"}]}, {"base_span": [780, 781], "annotations": [{"nertag": "O"}]}, {"base_span": [782, 785], "annotations": [{"nertag": "O"}]}, {"base_span": [786, 789], "annotations": [{"nertag": "O"}]}, {"base_span": [790, 795], "annotations": [{"nertag": "O"}]}, {"base_span": [796, 800], "annotations": [{"nertag": "O"}]}, {"base_span": [801, 806], "annotations": [{"nertag": "B-PER"}]}, {"base_span": [807, 812], "annotations": [{"nertag": "O"}]}, {"base_span": [813, 817], "annotations": [{"nertag": "O"}]}, {"base_span": [818, 824], "annotations": [{"nertag": "O"}]}, {"base_span": [824, 825], "annotations": [{"nertag": "O"}]}, {"base_span": [826, 829], "annotations": [{"nertag": "O"}]}, {"base_span": [830, 835], "annotations": [{"nertag": "O"}]}, {"base_span": [836, 839], "annotations": [{"nertag": "O"}]}, {"base_span": [839, 840], "annotations": [{"nertag": "O"}]}, {"base_span": [840, 851], "annotations": [{"nertag": "O"}]}, {"base_span": [851, 852], "annotations": [{"nertag": "O"}]}, {"base_span": [853, 858], "annotations": [{"nertag": "O"}]}, {"base_span": [859, 864], "annotations": [{"nertag": "O"}]}, {"base_span": [865, 870], "annotations": [{"nertag": "O"}]}, {"base_span": [871, 876], "annotations": [{"nertag": "O"}]}, {"base_span": [877, 880], "annotations": [{"nertag": "O"}]}, {"base_span": [881, 883], "annotations": [{"nertag": "O"}]}, {"base_span": [884, 888], "annotations": [{"nertag": "O"}]}, {"base_span": [888, 889], "annotations": [{"nertag": "O"}]}, {"base_span": [889, 905], "annotations": [{"nertag": "O"}]}, {"base_span": [905, 906], "annotations": [{"nertag": "O"}]}, {"base_span": [907, 912], "annotations": [{"nertag": "O"}]}, {"base_span": [913, 919], "annotations": [{"nertag": "O"}]}, {"base_span": [920, 925], "annotations": [{"nertag": "O"}]}, {"base_span": [926, 930], "annotations": [{"nertag": "O"}]}, {"base_span": [931, 935], "annotations": [{"nertag": "O"}]}, {"base_span": [936, 940], "annotations": [{"nertag": "O"}]}, {"base_span": [941, 946], "annotations": [{"nertag": "O"}]}, {"base_span": [947, 954], "annotations": [{"nertag": "O"}]}, {"base_span": [955, 958], "annotations": [{"nertag": "O"}]}, {"base_span": [958, 959], "annotations": [{"nertag": "O"}]}, {"base_span": [959, 970], "annotations": [{"nertag": "O"}]}, {"base_span": [970, 971], "annotations": [{"nertag": "O"}]}, {"base_span": [971, 972], "annotations": [{"nertag": "O"}]}, {"base_span": [974, 976], "annotations": [{"nertag": "O"}]}, {"base_span": [977, 989], "annotations": [{"nertag": "O"}]}, {"base_span": [990, 993], "annotations": [{"nertag": "O"}]}, {"base_span": [994, 1007], "annotations": [{"nertag": "O"}]}, {"base_span": [1008, 1017], "annotations": [{"nertag": "O"}]}, {"base_span": [1017, 1018], "annotations": [{"nertag": "O"}]}, {"base_span": [1019, 1021], "annotations": [{"nertag": "O"}]}, {"base_span": [1022, 1023], "annotations": [{"nertag": "O"}]}, {"base_span": [1023, 1026], "annotations": [{"nertag": "O"}]}, {"base_span": [1027, 1029], "annotations": [{"nertag": "O"}]}, {"base_span": [1030, 1033], "annotations": [{"nertag": "O"}]}, {"base_span": [1034, 1037], "annotations": [{"nertag": "B-MISC"}]}, {"base_span": [1037, 1038], "annotations": [{"nertag": "I-MISC"}]}, {"base_span": [1038, 1041], "annotations": [{"nertag": "I-MISC"}]}, {"base_span": [1041, 1042], "annotations": [{"nertag": "I-MISC"}]}, {"base_span": [1042, 1045], "annotations": [{"nertag": "I-MISC"}]}, {"base_span": [1045, 1046], "annotations": [{"nertag": "I-MISC"}]}, {"base_span": [1046, 1051], "annotations": [{"nertag": "O"}]}, {"base_span": [1051, 1052], "annotations": [{"nertag": "O"}]}, {"base_span": [1052, 1053], "annotations": [{"nertag": "O"}]}, {"base_span": [1054, 1058], "annotations": [{"nertag": "O"}]}, {"base_span": [1059, 1069], "annotations": [{"nertag": "O"}]}, {"base_span": [1069, 1070], "annotations": [{"nertag": "O"}]}, {"base_span": [1071, 1074], "annotations": [{"nertag": "O"}]}, {"base_span": [1075, 1081], "annotations": [{"nertag": "O"}]}, {"base_span": [1082, 1087], "annotations": [{"nertag": "O"}]}, {"base_span": [1088, 1095], "annotations": [{"nertag": "O"}]}, {"base_span": [1096, 1112], "annotations": [{"nertag": "O"}]}, {"base_span": [1113, 1116], "annotations": [{"nertag": "O"}]}, {"base_span": [1117, 1128], "annotations": [{"nertag": "O"}]}, {"base_span": [1129, 1134], "annotations": [{"nertag": "O"}]}, {"base_span": [1135, 1140], "annotations": [{"nertag": "O"}]}, {"base_span": [1141, 1153], "annotations": [{"nertag": "O"}]}, {"base_span": [1154, 1160], "annotations": [{"nertag": "O"}]}, {"base_span": [1160, 1161], "annotations": [{"nertag": "O"}]}, {"base_span": [1162, 1164], "annotations": [{"nertag": "O"}]}, {"base_span": [1165, 1171], "annotations": [{"nertag": "O"}]}, {"base_span": [1172, 1175], "annotations": [{"nertag": "O"}]}, {"base_span": [1176, 1181], "annotations": [{"nertag": "O"}]}, {"base_span": [1182, 1184], "annotations": [{"nertag": "O"}]}, {"base_span": [1185, 1186], "annotations": [{"nertag": "O"}]}, {"base_span": [1186, 1189], "annotations": [{"nertag": "O"}]}, {"base_span": [1190, 1195], "annotations": [{"nertag": "O"}]}, {"base_span": [1196, 1198], "annotations": [{"nertag": "O"}]}, {"base_span": [1199, 1207], "annotations": [{"nertag": "O"}]}, {"base_span": [1208, 1215], "annotations": [{"nertag": "O"}]}, {"base_span": [1216, 1220], "annotations": [{"nertag": "O"}]}, {"base_span": [1221, 1226], "annotations": [{"nertag": "O"}]}, {"base_span": [1227, 1232], "annotations": [{"nertag": "O"}]}, {"base_span": [1232, 1233], "annotations": [{"nertag": "O"}]}, {"base_span": [1235, 1246], "annotations": [{"nertag": "O"}]}, {"base_span": [1247, 1252], "annotations": [{"nertag": "B-PER"}]}, {"base_span": [1253, 1261], "annotations": [{"nertag": "I-PER"}]}, {"base_span": [1262, 1265], "annotations": [{"nertag": "O"}]}, {"base_span": [1267, 1276], "annotations": [{"nertag": "O"}]}, {"base_span": [1277, 1283], "annotations": [{"nertag": "B-PER"}]}, {"base_span": [1284, 1289], "annotations": [{"nertag": "I-PER"}]}, {"base_span": [1290, 1293], "annotations": [{"nertag": "O"}]}, {"base_span": [1295, 1304], "annotations": [{"nertag": "O"}]}, {"base_span": [1305, 1311], "annotations": [{"nertag": "B-PER"}]}, {"base_span": [1312, 1317], "annotations": [{"nertag": "I-PER"}]}, {"base_span": [1318, 1321], "annotations": [{"nertag": "O"}]}, {"base_span": [1323, 1332], "annotations": [{"nertag": "O"}]}, {"base_span": [1333, 1334], "annotations": [{"nertag": "O"}]}, {"base_span": [1334, 1341], "annotations": [{"nertag": "O"}]}, {"base_span": [1341, 1342], "annotations": [{"nertag": "O"}]}, {"base_span": [1344, 1349], "annotations": [{"nertag": "O"}]}, {"base_span": [1350, 1355], "annotations": [{"nertag": "B-ORG"}]}, {"base_span": [1356, 1368], "annotations": [{"nertag": "I-ORG"}]}, {"base_span": [1369, 1379], "annotations": [{"nertag": "O"}]}]}]}