{"text": "\nEtte tulli Michel Timmo ja kaibas et tema tütrik Mai Sippul teotanu tedda et Michel Timmo naine olewat prantsus tõbben ent nüüd om Kreistohtri puult tunnistus et Michel Timmo naine mitte prantsus tõbben ei ole, sis pallep kohhut Mai Sippul'al selle trotsmise eest trahwida.\n\nMai Sippul, mansaisja olli Michel Pilt ütles et Michel Timmo naise sõssare tüttär Jula Westberg kõnneli minule sedda nink om ka Lina Jürrisonile sedda kõnnelnu nink neide kõnet ole mina ka kõnnelnu.\n\nOtsus:\n\nLina Jürrison tõises kohtupäiwas ette kutsuda.\n\nPääkohtumees K.Lõhmus [allkiri]\n\nKohtumees Peter Prants [allkiri]\n\nKohtumees Jaan Oppar XXX\n\nKirjutaja J.Jõgewa\n\n\n", "meta": {"origin_directory": "vallakohus_neljas/"}, "layers": [{"name": "gold_ner", "attributes": ["nertag"], "parent": null, "enveloping": null, "ambiguous": false, "serialisation_module": null, "meta": {}, "spans": [{"base_span": [12, 24], "annotations": [{"nertag": "PER"}]}, {"base_span": [50, 60], "annotations": [{"nertag": "PER"}]}, {"base_span": [78, 90], "annotations": [{"nertag": "PER"}]}, {"base_span": [163, 175], "annotations": [{"nertag": "PER"}]}, {"base_span": [230, 243], "annotations": [{"nertag": "PER"}]}, {"base_span": [276, 286], "annotations": [{"nertag": "PER"}]}, {"base_span": [303, 314], "annotations": [{"nertag": "PER"}]}, {"base_span": [324, 336], "annotations": [{"nertag": "PER"}]}, {"base_span": [358, 371], "annotations": [{"nertag": "PER"}]}, {"base_span": [404, 420], "annotations": [{"nertag": "PER"}]}, {"base_span": [484, 497], "annotations": [{"nertag": "PER"}]}, {"base_span": [545, 553], "annotations": [{"nertag": "PER"}]}, {"base_span": [575, 587], "annotations": [{"nertag": "PER"}]}, {"base_span": [609, 619], "annotations": [{"nertag": "PER"}]}, {"base_span": [635, 643], "annotations": [{"nertag": "PER"}]}]}, {"name": "gold_wordner", "attributes": ["nertag"], "parent": null, "enveloping": null, "ambiguous": false, "serialisation_module": null, "meta": {}, "spans": [{"base_span": [1, 5], "annotations": [{"nertag": "O"}]}, {"base_span": [6, 11], "annotations": [{"nertag": "O"}]}, {"base_span": [12, 18], "annotations": [{"nertag": "B-PER"}]}, {"base_span": [19, 24], "annotations": [{"nertag": "I-PER"}]}, {"base_span": [25, 27], "annotations": [{"nertag": "O"}]}, {"base_span": [28, 34], "annotations": [{"nertag": "O"}]}, {"base_span": [35, 37], "annotations": [{"nertag": "O"}]}, {"base_span": [38, 42], "annotations": [{"nertag": "O"}]}, {"base_span": [43, 49], "annotations": [{"nertag": "O"}]}, {"base_span": [50, 53], "annotations": [{"nertag": "B-PER"}]}, {"base_span": [54, 60], "annotations": [{"nertag": "I-PER"}]}, {"base_span": [61, 68], "annotations": [{"nertag": "O"}]}, {"base_span": [69, 74], "annotations": [{"nertag": "O"}]}, {"base_span": [75, 77], "annotations": [{"nertag": "O"}]}, {"base_span": [78, 84], "annotations": [{"nertag": "B-PER"}]}, {"base_span": [85, 90], "annotations": [{"nertag": "I-PER"}]}, {"base_span": [91, 96], "annotations": [{"nertag": "O"}]}, {"base_span": [97, 103], "annotations": [{"nertag": "O"}]}, {"base_span": [104, 112], "annotations": [{"nertag": "O"}]}, {"base_span": [113, 119], "annotations": [{"nertag": "O"}]}, {"base_span": [120, 123], "annotations": [{"nertag": "O"}]}, {"base_span": [124, 128], "annotations": [{"nertag": "O"}]}, {"base_span": [129, 131], "annotations": [{"nertag": "O"}]}, {"base_span": [132, 143], "annotations": [{"nertag": "O"}]}, {"base_span": [144, 149], "annotations": [{"nertag": "O"}]}, {"base_span": [150, 159], "annotations": [{"nertag": "O"}]}, {"base_span": [160, 162], "annotations": [{"nertag": "O"}]}, {"base_span": [163, 169], "annotations": [{"nertag": "B-PER"}]}, {"base_span": [170, 175], "annotations": [{"nertag": "I-PER"}]}, {"base_span": [176, 181], "annotations": [{"nertag": "O"}]}, {"base_span": [182, 187], "annotations": [{"nertag": "O"}]}, {"base_span": [188, 196], "annotations": [{"nertag": "O"}]}, {"base_span": [197, 203], "annotations": [{"nertag": "O"}]}, {"base_span": [204, 206], "annotations": [{"nertag": "O"}]}, {"base_span": [207, 210], "annotations": [{"nertag": "O"}]}, {"base_span": [210, 211], "annotations": [{"nertag": "O"}]}, {"base_span": [212, 215], "annotations": [{"nertag": "O"}]}, {"base_span": [216, 222], "annotations": [{"nertag": "O"}]}, {"base_span": [223, 229], "annotations": [{"nertag": "O"}]}, {"base_span": [230, 233], "annotations": [{"nertag": "B-PER"}]}, {"base_span": [234, 240], "annotations": [{"nertag": "I-PER"}]}, {"base_span": [240, 241], "annotations": [{"nertag": "I-PER"}]}, {"base_span": [241, 243], "annotations": [{"nertag": "I-PER"}]}, {"base_span": [244, 249], "annotations": [{"nertag": "O"}]}, {"base_span": [250, 259], "annotations": [{"nertag": "O"}]}, {"base_span": [260, 264], "annotations": [{"nertag": "O"}]}, {"base_span": [265, 273], "annotations": [{"nertag": "O"}]}, {"base_span": [273, 274], "annotations": [{"nertag": "O"}]}, {"base_span": [276, 279], "annotations": [{"nertag": "B-PER"}]}, {"base_span": [280, 286], "annotations": [{"nertag": "I-PER"}]}, {"base_span": [286, 287], "annotations": [{"nertag": "O"}]}, {"base_span": [288, 297], "annotations": [{"nertag": "O"}]}, {"base_span": [298, 302], "annotations": [{"nertag": "O"}]}, {"base_span": [303, 309], "annotations": [{"nertag": "B-PER"}]}, {"base_span": [310, 314], "annotations": [{"nertag": "I-PER"}]}, {"base_span": [315, 320], "annotations": [{"nertag": "O"}]}, {"base_span": [321, 323], "annotations": [{"nertag": "O"}]}, {"base_span": [324, 330], "annotations": [{"nertag": "B-PER"}]}, {"base_span": [331, 336], "annotations": [{"nertag": "I-PER"}]}, {"base_span": [337, 342], "annotations": [{"nertag": "O"}]}, {"base_span": [343, 350], "annotations": [{"nertag": "O"}]}, {"base_span": [351, 357], "annotations": [{"nertag": "O"}]}, {"base_span": [358, 362], "annotations": [{"nertag": "B-PER"}]}, {"base_span": [363, 371], "annotations": [{"nertag": "I-PER"}]}, {"base_span": [372, 379], "annotations": [{"nertag": "O"}]}, {"base_span": [380, 386], "annotations": [{"nertag": "O"}]}, {"base_span": [387, 392], "annotations": [{"nertag": "O"}]}, {"base_span": [393, 397], "annotations": [{"nertag": "O"}]}, {"base_span": [398, 400], "annotations": [{"nertag": "O"}]}, {"base_span": [401, 403], "annotations": [{"nertag": "O"}]}, {"base_span": [404, 408], "annotations": [{"nertag": "B-PER"}]}, {"base_span": [409, 420], "annotations": [{"nertag": "I-PER"}]}, {"base_span": [421, 426], "annotations": [{"nertag": "O"}]}, {"base_span": [427, 435], "annotations": [{"nertag": "O"}]}, {"base_span": [436, 440], "annotations": [{"nertag": "O"}]}, {"base_span": [441, 446], "annotations": [{"nertag": "O"}]}, {"base_span": [447, 452], "annotations": [{"nertag": "O"}]}, {"base_span": [453, 456], "annotations": [{"nertag": "O"}]}, {"base_span": [457, 461], "annotations": [{"nertag": "O"}]}, {"base_span": [462, 464], "annotations": [{"nertag": "O"}]}, {"base_span": [465, 473], "annotations": [{"nertag": "O"}]}, {"base_span": [473, 474], "annotations": [{"nertag": "O"}]}, {"base_span": [476, 481], "annotations": [{"nertag": "O"}]}, {"base_span": [481, 482], "annotations": [{"nertag": "O"}]}, {"base_span": [484, 488], "annotations": [{"nertag": "B-PER"}]}, {"base_span": [489, 497], "annotations": [{"nertag": "I-PER"}]}, {"base_span": [498, 504], "annotations": [{"nertag": "O"}]}, {"base_span": [505, 516], "annotations": [{"nertag": "O"}]}, {"base_span": [517, 521], "annotations": [{"nertag": "O"}]}, {"base_span": [522, 529], "annotations": [{"nertag": "O"}]}, {"base_span": [529, 530], "annotations": [{"nertag": "O"}]}, {"base_span": [532, 544], "annotations": [{"nertag": "O"}]}, {"base_span": [545, 546], "annotations": [{"nertag": "B-PER"}]}, {"base_span": [546, 547], "annotations": [{"nertag": "I-PER"}]}, {"base_span": [547, 553], "annotations": [{"nertag": "I-PER"}]}, {"base_span": [554, 555], "annotations": [{"nertag": "O"}]}, {"base_span": [555, 562], "annotations": [{"nertag": "O"}]}, {"base_span": [562, 563], "annotations": [{"nertag": "O"}]}, {"base_span": [565, 574], "annotations": [{"nertag": "O"}]}, {"base_span": [575, 580], "annotations": [{"nertag": "B-PER"}]}, {"base_span": [581, 587], "annotations": [{"nertag": "I-PER"}]}, {"base_span": [588, 589], "annotations": [{"nertag": "O"}]}, {"base_span": [589, 596], "annotations": [{"nertag": "O"}]}, {"base_span": [596, 597], "annotations": [{"nertag": "O"}]}, {"base_span": [599, 608], "annotations": [{"nertag": "O"}]}, {"base_span": [609, 613], "annotations": [{"nertag": "B-PER"}]}, {"base_span": [614, 619], "annotations": [{"nertag": "I-PER"}]}, {"base_span": [620, 623], "annotations": [{"nertag": "O"}]}, {"base_span": [625, 634], "annotations": [{"nertag": "O"}]}, {"base_span": [635, 636], "annotations": [{"nertag": "B-PER"}]}, {"base_span": [636, 637], "annotations": [{"nertag": "I-PER"}]}, {"base_span": [637, 643], "annotations": [{"nertag": "I-PER"}]}]}]}