{"text": "\nEtte tulli Tannil Lyra ja kaibas et Hindrik Kuk temma walla maja ehhitamise rahha 26 Rbl. kinni pandnu mes temma wallawalitsuse käest töö eest piddi sama, nink pallep kohhut sedda asja selletada.\n\nHindrik Kuk ütles et sedda rahha tullep pool minnole sest meije olleme se töö üttes lepnü ja olleme kiik ütten tennü.\n\nWanna wallawannemb Ado Pilt tunnistas et mõllemba Tannil Lyra ja Hindrik Kuk omma se tää ütte lepnu nink omma mõllemba podratsniku ollnu ent kuis nemma omma päiwi perra tennü sedda minn ei tija. Wöörmündre Peter Erik tunnistas ka et Tannil Lyra ja Hindrik Kuk omma mõllemba se töö ütte lepnu.\n\nKohtumees Michel Uggur om kuuldnu kui Hindrik Kuk nõudnu enne 8 Rblat henda wahhel.\n\nAdo Pilt ütles et 1 rula peas Hindrik Kuk peas 1 rubla weel ülle 8 rubla sama se om temma assi ütsinda salwe töö eest.\n\nMoistet:\n\nTannil Lyra saap sedda rahha 17 Rbla ja Hindrik Kuk saap 9 Rbla. Se moistmine om §773 ja 774 perra kulutedu.\n\nPääkohtumees A. Wähhi [allkiri]\n\nKohtumees K. Lõhmus [allkiri]\n\nKohtumees Peter Kallman [allkiri]\n\nKirjotaja Jõggewa\n\nProtokoll wälja sanu sel 11 Webr 1881.\n\n\n", "meta": {"origin_directory": "vallakohus_teine/"}, "layers": [{"name": "gold_ner", "attributes": ["nertag"], "parent": null, "enveloping": null, "ambiguous": false, "serialisation_module": null, "meta": {}, "spans": [{"base_span": [12, 23], "annotations": [{"nertag": "PER"}]}, {"base_span": [37, 48], "annotations": [{"nertag": "PER"}]}, {"base_span": [198, 209], "annotations": [{"nertag": "PER"}]}, {"base_span": [336, 344], "annotations": [{"nertag": "PER"}]}, {"base_span": [367, 378], "annotations": [{"nertag": "PER"}]}, {"base_span": [382, 393], "annotations": [{"nertag": "PER"}]}, {"base_span": [523, 533], "annotations": [{"nertag": "PER"}]}, {"base_span": [550, 561], "annotations": [{"nertag": "PER"}]}, {"base_span": [565, 576], "annotations": [{"nertag": "PER"}]}, {"base_span": [621, 633], "annotations": [{"nertag": "PER"}]}, {"base_span": [649, 660], "annotations": [{"nertag": "PER"}]}, {"base_span": [696, 704], "annotations": [{"nertag": "PER"}]}, {"base_span": [726, 737], "annotations": [{"nertag": "PER"}]}, {"base_span": [826, 837], "annotations": [{"nertag": "PER"}]}, {"base_span": [866, 877], "annotations": [{"nertag": "PER"}]}, {"base_span": [949, 957], "annotations": [{"nertag": "PER"}]}, {"base_span": [979, 988], "annotations": [{"nertag": "PER"}]}, {"base_span": [1010, 1023], "annotations": [{"nertag": "PER"}]}, {"base_span": [1045, 1052], "annotations": [{"nertag": "PER"}]}]}, {"name": "gold_wordner", "attributes": ["nertag"], "parent": null, "enveloping": null, "ambiguous": false, "serialisation_module": null, "meta": {}, "spans": [{"base_span": [1, 5], "annotations": [{"nertag": "O"}]}, {"base_span": [6, 11], "annotations": [{"nertag": "O"}]}, {"base_span": [12, 18], "annotations": [{"nertag": "B-PER"}]}, {"base_span": [19, 23], "annotations": [{"nertag": "I-PER"}]}, {"base_span": [24, 26], "annotations": [{"nertag": "O"}]}, {"base_span": [27, 33], "annotations": [{"nertag": "O"}]}, {"base_span": [34, 36], "annotations": [{"nertag": "O"}]}, {"base_span": [37, 44], "annotations": [{"nertag": "B-PER"}]}, {"base_span": [45, 48], "annotations": [{"nertag": "I-PER"}]}, {"base_span": [49, 54], "annotations": [{"nertag": "O"}]}, {"base_span": [55, 60], "annotations": [{"nertag": "O"}]}, {"base_span": [61, 65], "annotations": [{"nertag": "O"}]}, {"base_span": [66, 76], "annotations": [{"nertag": "O"}]}, {"base_span": [77, 82], "annotations": [{"nertag": "O"}]}, {"base_span": [83, 85], "annotations": [{"nertag": "O"}]}, {"base_span": [86, 89], "annotations": [{"nertag": "O"}]}, {"base_span": [89, 90], "annotations": [{"nertag": "O"}]}, {"base_span": [91, 96], "annotations": [{"nertag": "O"}]}, {"base_span": [97, 103], "annotations": [{"nertag": "O"}]}, {"base_span": [104, 107], "annotations": [{"nertag": "O"}]}, {"base_span": [108, 113], "annotations": [{"nertag": "O"}]}, {"base_span": [114, 128], "annotations": [{"nertag": "O"}]}, {"base_span": [129, 134], "annotations": [{"nertag": "O"}]}, {"base_span": [135, 138], "annotations": [{"nertag": "O"}]}, {"base_span": [139, 143], "annotations": [{"nertag": "O"}]}, {"base_span": [144, 149], "annotations": [{"nertag": "O"}]}, {"base_span": [150, 154], "annotations": [{"nertag": "O"}]}, {"base_span": [154, 155], "annotations": [{"nertag": "O"}]}, {"base_span": [156, 160], "annotations": [{"nertag": "O"}]}, {"base_span": [161, 167], "annotations": [{"nertag": "O"}]}, {"base_span": [168, 174], "annotations": [{"nertag": "O"}]}, {"base_span": [175, 180], "annotations": [{"nertag": "O"}]}, {"base_span": [181, 185], "annotations": [{"nertag": "O"}]}, {"base_span": [186, 195], "annotations": [{"nertag": "O"}]}, {"base_span": [195, 196], "annotations": [{"nertag": "O"}]}, {"base_span": [198, 205], "annotations": [{"nertag": "B-PER"}]}, {"base_span": [206, 209], "annotations": [{"nertag": "I-PER"}]}, {"base_span": [210, 215], "annotations": [{"nertag": "O"}]}, {"base_span": [216, 218], "annotations": [{"nertag": "O"}]}, {"base_span": [219, 224], "annotations": [{"nertag": "O"}]}, {"base_span": [225, 230], "annotations": [{"nertag": "O"}]}, {"base_span": [231, 237], "annotations": [{"nertag": "O"}]}, {"base_span": [238, 242], "annotations": [{"nertag": "O"}]}, {"base_span": [243, 250], "annotations": [{"nertag": "O"}]}, {"base_span": [251, 255], "annotations": [{"nertag": "O"}]}, {"base_span": [256, 261], "annotations": [{"nertag": "O"}]}, {"base_span": [262, 268], "annotations": [{"nertag": "O"}]}, {"base_span": [269, 271], "annotations": [{"nertag": "O"}]}, {"base_span": [272, 275], "annotations": [{"nertag": "O"}]}, {"base_span": [276, 281], "annotations": [{"nertag": "O"}]}, {"base_span": [282, 287], "annotations": [{"nertag": "O"}]}, {"base_span": [288, 290], "annotations": [{"nertag": "O"}]}, {"base_span": [291, 297], "annotations": [{"nertag": "O"}]}, {"base_span": [298, 302], "annotations": [{"nertag": "O"}]}, {"base_span": [303, 308], "annotations": [{"nertag": "O"}]}, {"base_span": [309, 314], "annotations": [{"nertag": "O"}]}, {"base_span": [314, 315], "annotations": [{"nertag": "O"}]}, {"base_span": [317, 322], "annotations": [{"nertag": "O"}]}, {"base_span": [323, 335], "annotations": [{"nertag": "O"}]}, {"base_span": [336, 339], "annotations": [{"nertag": "B-PER"}]}, {"base_span": [340, 344], "annotations": [{"nertag": "I-PER"}]}, {"base_span": [345, 354], "annotations": [{"nertag": "O"}]}, {"base_span": [355, 357], "annotations": [{"nertag": "O"}]}, {"base_span": [358, 366], "annotations": [{"nertag": "O"}]}, {"base_span": [367, 373], "annotations": [{"nertag": "B-PER"}]}, {"base_span": [374, 378], "annotations": [{"nertag": "I-PER"}]}, {"base_span": [379, 381], "annotations": [{"nertag": "O"}]}, {"base_span": [382, 389], "annotations": [{"nertag": "B-PER"}]}, {"base_span": [390, 393], "annotations": [{"nertag": "I-PER"}]}, {"base_span": [394, 398], "annotations": [{"nertag": "O"}]}, {"base_span": [399, 401], "annotations": [{"nertag": "O"}]}, {"base_span": [402, 405], "annotations": [{"nertag": "O"}]}, {"base_span": [406, 410], "annotations": [{"nertag": "O"}]}, {"base_span": [411, 416], "annotations": [{"nertag": "O"}]}, {"base_span": [417, 421], "annotations": [{"nertag": "O"}]}, {"base_span": [422, 426], "annotations": [{"nertag": "O"}]}, {"base_span": [427, 435], "annotations": [{"nertag": "O"}]}, {"base_span": [436, 447], "annotations": [{"nertag": "O"}]}, {"base_span": [448, 453], "annotations": [{"nertag": "O"}]}, {"base_span": [454, 457], "annotations": [{"nertag": "O"}]}, {"base_span": [458, 462], "annotations": [{"nertag": "O"}]}, {"base_span": [463, 468], "annotations": [{"nertag": "O"}]}, {"base_span": [469, 473], "annotations": [{"nertag": "O"}]}, {"base_span": [474, 479], "annotations": [{"nertag": "O"}]}, {"base_span": [480, 485], "annotations": [{"nertag": "O"}]}, {"base_span": [486, 491], "annotations": [{"nertag": "O"}]}, {"base_span": [492, 497], "annotations": [{"nertag": "O"}]}, {"base_span": [498, 502], "annotations": [{"nertag": "O"}]}, {"base_span": [503, 505], "annotations": [{"nertag": "O"}]}, {"base_span": [506, 510], "annotations": [{"nertag": "O"}]}, {"base_span": [510, 511], "annotations": [{"nertag": "O"}]}, {"base_span": [512, 522], "annotations": [{"nertag": "O"}]}, {"base_span": [523, 528], "annotations": [{"nertag": "B-PER"}]}, {"base_span": [529, 533], "annotations": [{"nertag": "I-PER"}]}, {"base_span": [534, 543], "annotations": [{"nertag": "O"}]}, {"base_span": [544, 546], "annotations": [{"nertag": "O"}]}, {"base_span": [547, 549], "annotations": [{"nertag": "O"}]}, {"base_span": [550, 556], "annotations": [{"nertag": "B-PER"}]}, {"base_span": [557, 561], "annotations": [{"nertag": "I-PER"}]}, {"base_span": [562, 564], "annotations": [{"nertag": "O"}]}, {"base_span": [565, 572], "annotations": [{"nertag": "B-PER"}]}, {"base_span": [573, 576], "annotations": [{"nertag": "I-PER"}]}, {"base_span": [577, 581], "annotations": [{"nertag": "O"}]}, {"base_span": [582, 590], "annotations": [{"nertag": "O"}]}, {"base_span": [591, 593], "annotations": [{"nertag": "O"}]}, {"base_span": [594, 597], "annotations": [{"nertag": "O"}]}, {"base_span": [598, 602], "annotations": [{"nertag": "O"}]}, {"base_span": [603, 608], "annotations": [{"nertag": "O"}]}, {"base_span": [608, 609], "annotations": [{"nertag": "O"}]}, {"base_span": [611, 620], "annotations": [{"nertag": "O"}]}, {"base_span": [621, 627], "annotations": [{"nertag": "B-PER"}]}, {"base_span": [628, 633], "annotations": [{"nertag": "I-PER"}]}, {"base_span": [634, 636], "annotations": [{"nertag": "O"}]}, {"base_span": [637, 644], "annotations": [{"nertag": "O"}]}, {"base_span": [645, 648], "annotations": [{"nertag": "O"}]}, {"base_span": [649, 656], "annotations": [{"nertag": "B-PER"}]}, {"base_span": [657, 660], "annotations": [{"nertag": "I-PER"}]}, {"base_span": [661, 667], "annotations": [{"nertag": "O"}]}, {"base_span": [668, 672], "annotations": [{"nertag": "O"}]}, {"base_span": [673, 674], "annotations": [{"nertag": "O"}]}, {"base_span": [675, 680], "annotations": [{"nertag": "O"}]}, {"base_span": [681, 686], "annotations": [{"nertag": "O"}]}, {"base_span": [687, 693], "annotations": [{"nertag": "O"}]}, {"base_span": [693, 694], "annotations": [{"nertag": "O"}]}, {"base_span": [696, 699], "annotations": [{"nertag": "B-PER"}]}, {"base_span": [700, 704], "annotations": [{"nertag": "I-PER"}]}, {"base_span": [705, 710], "annotations": [{"nertag": "O"}]}, {"base_span": [711, 713], "annotations": [{"nertag": "O"}]}, {"base_span": [714, 715], "annotations": [{"nertag": "O"}]}, {"base_span": [716, 720], "annotations": [{"nertag": "O"}]}, {"base_span": [721, 725], "annotations": [{"nertag": "O"}]}, {"base_span": [726, 733], "annotations": [{"nertag": "B-PER"}]}, {"base_span": [734, 737], "annotations": [{"nertag": "I-PER"}]}, {"base_span": [738, 742], "annotations": [{"nertag": "O"}]}, {"base_span": [743, 744], "annotations": [{"nertag": "O"}]}, {"base_span": [745, 750], "annotations": [{"nertag": "O"}]}, {"base_span": [751, 755], "annotations": [{"nertag": "O"}]}, {"base_span": [756, 760], "annotations": [{"nertag": "O"}]}, {"base_span": [761, 762], "annotations": [{"nertag": "O"}]}, {"base_span": [763, 768], "annotations": [{"nertag": "O"}]}, {"base_span": [769, 773], "annotations": [{"nertag": "O"}]}, {"base_span": [774, 776], "annotations": [{"nertag": "O"}]}, {"base_span": [777, 779], "annotations": [{"nertag": "O"}]}, {"base_span": [780, 785], "annotations": [{"nertag": "O"}]}, {"base_span": [786, 790], "annotations": [{"nertag": "O"}]}, {"base_span": [791, 798], "annotations": [{"nertag": "O"}]}, {"base_span": [799, 804], "annotations": [{"nertag": "O"}]}, {"base_span": [805, 808], "annotations": [{"nertag": "O"}]}, {"base_span": [809, 813], "annotations": [{"nertag": "O"}]}, {"base_span": [813, 814], "annotations": [{"nertag": "O"}]}, {"base_span": [816, 823], "annotations": [{"nertag": "O"}]}, {"base_span": [823, 824], "annotations": [{"nertag": "O"}]}, {"base_span": [826, 832], "annotations": [{"nertag": "B-PER"}]}, {"base_span": [833, 837], "annotations": [{"nertag": "I-PER"}]}, {"base_span": [838, 842], "annotations": [{"nertag": "O"}]}, {"base_span": [843, 848], "annotations": [{"nertag": "O"}]}, {"base_span": [849, 854], "annotations": [{"nertag": "O"}]}, {"base_span": [855, 857], "annotations": [{"nertag": "O"}]}, {"base_span": [858, 862], "annotations": [{"nertag": "O"}]}, {"base_span": [863, 865], "annotations": [{"nertag": "O"}]}, {"base_span": [866, 873], "annotations": [{"nertag": "B-PER"}]}, {"base_span": [874, 877], "annotations": [{"nertag": "I-PER"}]}, {"base_span": [878, 882], "annotations": [{"nertag": "O"}]}, {"base_span": [883, 884], "annotations": [{"nertag": "O"}]}, {"base_span": [885, 889], "annotations": [{"nertag": "O"}]}, {"base_span": [889, 890], "annotations": [{"nertag": "O"}]}, {"base_span": [891, 893], "annotations": [{"nertag": "O"}]}, {"base_span": [894, 903], "annotations": [{"nertag": "O"}]}, {"base_span": [904, 906], "annotations": [{"nertag": "O"}]}, {"base_span": [907, 908], "annotations": [{"nertag": "O"}]}, {"base_span": [908, 911], "annotations": [{"nertag": "O"}]}, {"base_span": [912, 914], "annotations": [{"nertag": "O"}]}, {"base_span": [915, 918], "annotations": [{"nertag": "O"}]}, {"base_span": [919, 924], "annotations": [{"nertag": "O"}]}, {"base_span": [925, 933], "annotations": [{"nertag": "O"}]}, {"base_span": [933, 934], "annotations": [{"nertag": "O"}]}, {"base_span": [936, 948], "annotations": [{"nertag": "O"}]}, {"base_span": [949, 950], "annotations": [{"nertag": "B-PER"}]}, {"base_span": [950, 951], "annotations": [{"nertag": "I-PER"}]}, {"base_span": [952, 957], "annotations": [{"nertag": "I-PER"}]}, {"base_span": [958, 959], "annotations": [{"nertag": "O"}]}, {"base_span": [959, 966], "annotations": [{"nertag": "O"}]}, {"base_span": [966, 967], "annotations": [{"nertag": "O"}]}, {"base_span": [969, 978], "annotations": [{"nertag": "O"}]}, {"base_span": [979, 980], "annotations": [{"nertag": "B-PER"}]}, {"base_span": [980, 981], "annotations": [{"nertag": "I-PER"}]}, {"base_span": [982, 988], "annotations": [{"nertag": "I-PER"}]}, {"base_span": [989, 990], "annotations": [{"nertag": "O"}]}, {"base_span": [990, 997], "annotations": [{"nertag": "O"}]}, {"base_span": [997, 998], "annotations": [{"nertag": "O"}]}, {"base_span": [1000, 1009], "annotations": [{"nertag": "O"}]}, {"base_span": [1010, 1015], "annotations": [{"nertag": "B-PER"}]}, {"base_span": [1016, 1023], "annotations": [{"nertag": "I-PER"}]}, {"base_span": [1024, 1025], "annotations": [{"nertag": "O"}]}, {"base_span": [1025, 1032], "annotations": [{"nertag": "O"}]}, {"base_span": [1032, 1033], "annotations": [{"nertag": "O"}]}, {"base_span": [1035, 1044], "annotations": [{"nertag": "O"}]}, {"base_span": [1045, 1052], "annotations": [{"nertag": "B-PER"}]}, {"base_span": [1054, 1063], "annotations": [{"nertag": "O"}]}, {"base_span": [1064, 1069], "annotations": [{"nertag": "O"}]}, {"base_span": [1070, 1074], "annotations": [{"nertag": "O"}]}, {"base_span": [1075, 1078], "annotations": [{"nertag": "O"}]}, {"base_span": [1079, 1081], "annotations": [{"nertag": "O"}]}, {"base_span": [1082, 1086], "annotations": [{"nertag": "O"}]}, {"base_span": [1087, 1092], "annotations": [{"nertag": "O"}]}]}]}