{"text": "Ette tulli Michel Uggur ja kaibas et temmal niidü päält taosset ärra wõtnu Andre Uggur.\nAndre Uggur ütles et minna wõtti selleperrast temma taoset ärra et temma niidis minno aetut niitü nink tunni aja perrast ütli minna temmale et anna minno haina ärra nink wõtta omma taoset.\nMichel Uggur nõwwap 25 Rbl taoste piddamise eest.\nSe kohhus tijap et Michel Uggur mitte ülle ei olle niitnü sest neide niidü  käwe waeliste.\nMoistet:\nAndre Uggur peap taoste wõtmise eest 1 Rbla Michel Uggurile masma ja taoset taggasi andma.\nSe moistmine om §773 ja 774 perra kulutedu.\nPääkohtumees A. Wähhi [allkiri]\nKohtumees K. Lõhmus [allkiri]\nKohtumees Peter Kallman [allkiri]\nKirjotaja Jõggewa\n\"\n", "meta": {"origin_directory": "vallakohus_esimene/"}, "layers": [{"name": "gold_ner", "attributes": ["nertag"], "parent": null, "enveloping": null, "ambiguous": false, "serialisation_module": null, "meta": {}, "spans": [{"base_span": [11, 23], "annotations": [{"nertag": "PER"}]}, {"base_span": [75, 86], "annotations": [{"nertag": "PER"}]}, {"base_span": [88, 99], "annotations": [{"nertag": "PER"}]}, {"base_span": [277, 289], "annotations": [{"nertag": "PER"}]}, {"base_span": [346, 358], "annotations": [{"nertag": "PER"}]}, {"base_span": [427, 438], "annotations": [{"nertag": "PER"}]}, {"base_span": [471, 486], "annotations": [{"nertag": "PER"}]}, {"base_span": [575, 583], "annotations": [{"nertag": "PER"}]}, {"base_span": [604, 613], "annotations": [{"nertag": "PER"}]}, {"base_span": [634, 647], "annotations": [{"nertag": "PER"}]}, {"base_span": [668, 675], "annotations": [{"nertag": "PER"}]}]}, {"name": "gold_wordner", "attributes": ["nertag"], "parent": null, "enveloping": null, "ambiguous": false, "serialisation_module": null, "meta": {}, "spans": [{"base_span": [0, 4], "annotations": [{"nertag": "O"}]}, {"base_span": [5, 10], "annotations": [{"nertag": "O"}]}, {"base_span": [11, 17], "annotations": [{"nertag": "B-PER"}]}, {"base_span": [18, 23], "annotations": [{"nertag": "I-PER"}]}, {"base_span": [24, 26], "annotations": [{"nertag": "O"}]}, {"base_span": [27, 33], "annotations": [{"nertag": "O"}]}, {"base_span": [34, 36], "annotations": [{"nertag": "O"}]}, {"base_span": [37, 43], "annotations": [{"nertag": "O"}]}, {"base_span": [44, 49], "annotations": [{"nertag": "O"}]}, {"base_span": [50, 55], "annotations": [{"nertag": "O"}]}, {"base_span": [56, 63], "annotations": [{"nertag": "O"}]}, {"base_span": [64, 68], "annotations": [{"nertag": "O"}]}, {"base_span": [69, 74], "annotations": [{"nertag": "O"}]}, {"base_span": [75, 80], "annotations": [{"nertag": "B-PER"}]}, {"base_span": [81, 86], "annotations": [{"nertag": "I-PER"}]}, {"base_span": [86, 87], "annotations": [{"nertag": "O"}]}, {"base_span": [88, 93], "annotations": [{"nertag": "B-PER"}]}, {"base_span": [94, 99], "annotations": [{"nertag": "I-PER"}]}, {"base_span": [100, 105], "annotations": [{"nertag": "O"}]}, {"base_span": [106, 108], "annotations": [{"nertag": "O"}]}, {"base_span": [109, 114], "annotations": [{"nertag": "O"}]}, {"base_span": [115, 120], "annotations": [{"nertag": "O"}]}, {"base_span": [121, 133], "annotations": [{"nertag": "O"}]}, {"base_span": [134, 139], "annotations": [{"nertag": "O"}]}, {"base_span": [140, 146], "annotations": [{"nertag": "O"}]}, {"base_span": [147, 151], "annotations": [{"nertag": "O"}]}, {"base_span": [152, 154], "annotations": [{"nertag": "O"}]}, {"base_span": [155, 160], "annotations": [{"nertag": "O"}]}, {"base_span": [161, 167], "annotations": [{"nertag": "O"}]}, {"base_span": [168, 173], "annotations": [{"nertag": "O"}]}, {"base_span": [174, 179], "annotations": [{"nertag": "O"}]}, {"base_span": [180, 185], "annotations": [{"nertag": "O"}]}, {"base_span": [186, 190], "annotations": [{"nertag": "O"}]}, {"base_span": [191, 196], "annotations": [{"nertag": "O"}]}, {"base_span": [197, 200], "annotations": [{"nertag": "O"}]}, {"base_span": [201, 208], "annotations": [{"nertag": "O"}]}, {"base_span": [209, 213], "annotations": [{"nertag": "O"}]}, {"base_span": [214, 219], "annotations": [{"nertag": "O"}]}, {"base_span": [220, 227], "annotations": [{"nertag": "O"}]}, {"base_span": [228, 230], "annotations": [{"nertag": "O"}]}, {"base_span": [231, 235], "annotations": [{"nertag": "O"}]}, {"base_span": [236, 241], "annotations": [{"nertag": "O"}]}, {"base_span": [242, 247], "annotations": [{"nertag": "O"}]}, {"base_span": [248, 252], "annotations": [{"nertag": "O"}]}, {"base_span": [253, 257], "annotations": [{"nertag": "O"}]}, {"base_span": [258, 263], "annotations": [{"nertag": "O"}]}, {"base_span": [264, 268], "annotations": [{"nertag": "O"}]}, {"base_span": [269, 275], "annotations": [{"nertag": "O"}]}, {"base_span": [275, 276], "annotations": [{"nertag": "O"}]}, {"base_span": [277, 283], "annotations": [{"nertag": "B-PER"}]}, {"base_span": [284, 289], "annotations": [{"nertag": "I-PER"}]}, {"base_span": [290, 296], "annotations": [{"nertag": "O"}]}, {"base_span": [297, 299], "annotations": [{"nertag": "O"}]}, {"base_span": [300, 303], "annotations": [{"nertag": "O"}]}, {"base_span": [304, 310], "annotations": [{"nertag": "O"}]}, {"base_span": [311, 320], "annotations": [{"nertag": "O"}]}, {"base_span": [321, 325], "annotations": [{"nertag": "O"}]}, {"base_span": [325, 326], "annotations": [{"nertag": "O"}]}, {"base_span": [327, 329], "annotations": [{"nertag": "O"}]}, {"base_span": [330, 336], "annotations": [{"nertag": "O"}]}, {"base_span": [337, 342], "annotations": [{"nertag": "O"}]}, {"base_span": [343, 345], "annotations": [{"nertag": "O"}]}, {"base_span": [346, 352], "annotations": [{"nertag": "B-PER"}]}, {"base_span": [353, 358], "annotations": [{"nertag": "I-PER"}]}, {"base_span": [359, 364], "annotations": [{"nertag": "O"}]}, {"base_span": [365, 369], "annotations": [{"nertag": "O"}]}, {"base_span": [370, 372], "annotations": [{"nertag": "O"}]}, {"base_span": [373, 377], "annotations": [{"nertag": "O"}]}, {"base_span": [378, 384], "annotations": [{"nertag": "O"}]}, {"base_span": [385, 389], "annotations": [{"nertag": "O"}]}, {"base_span": [390, 395], "annotations": [{"nertag": "O"}]}, {"base_span": [396, 401], "annotations": [{"nertag": "O"}]}, {"base_span": [403, 407], "annotations": [{"nertag": "O"}]}, {"base_span": [408, 416], "annotations": [{"nertag": "O"}]}, {"base_span": [416, 417], "annotations": [{"nertag": "O"}]}, {"base_span": [418, 425], "annotations": [{"nertag": "O"}]}, {"base_span": [425, 426], "annotations": [{"nertag": "O"}]}, {"base_span": [427, 432], "annotations": [{"nertag": "B-PER"}]}, {"base_span": [433, 438], "annotations": [{"nertag": "I-PER"}]}, {"base_span": [439, 443], "annotations": [{"nertag": "O"}]}, {"base_span": [444, 450], "annotations": [{"nertag": "O"}]}, {"base_span": [451, 458], "annotations": [{"nertag": "O"}]}, {"base_span": [459, 463], "annotations": [{"nertag": "O"}]}, {"base_span": [464, 465], "annotations": [{"nertag": "O"}]}, {"base_span": [466, 470], "annotations": [{"nertag": "O"}]}, {"base_span": [471, 477], "annotations": [{"nertag": "B-PER"}]}, {"base_span": [478, 486], "annotations": [{"nertag": "I-PER"}]}, {"base_span": [487, 492], "annotations": [{"nertag": "O"}]}, {"base_span": [493, 495], "annotations": [{"nertag": "O"}]}, {"base_span": [496, 502], "annotations": [{"nertag": "O"}]}, {"base_span": [503, 510], "annotations": [{"nertag": "O"}]}, {"base_span": [511, 516], "annotations": [{"nertag": "O"}]}, {"base_span": [516, 517], "annotations": [{"nertag": "O"}]}, {"base_span": [518, 520], "annotations": [{"nertag": "O"}]}, {"base_span": [521, 530], "annotations": [{"nertag": "O"}]}, {"base_span": [531, 533], "annotations": [{"nertag": "O"}]}, {"base_span": [534, 535], "annotations": [{"nertag": "O"}]}, {"base_span": [535, 538], "annotations": [{"nertag": "O"}]}, {"base_span": [539, 541], "annotations": [{"nertag": "O"}]}, {"base_span": [542, 545], "annotations": [{"nertag": "O"}]}, {"base_span": [546, 551], "annotations": [{"nertag": "O"}]}, {"base_span": [552, 560], "annotations": [{"nertag": "O"}]}, {"base_span": [560, 561], "annotations": [{"nertag": "O"}]}, {"base_span": [562, 574], "annotations": [{"nertag": "O"}]}, {"base_span": [575, 576], "annotations": [{"nertag": "B-PER"}]}, {"base_span": [576, 577], "annotations": [{"nertag": "I-PER"}]}, {"base_span": [578, 583], "annotations": [{"nertag": "I-PER"}]}, {"base_span": [584, 585], "annotations": [{"nertag": "O"}]}, {"base_span": [585, 592], "annotations": [{"nertag": "O"}]}, {"base_span": [592, 593], "annotations": [{"nertag": "O"}]}, {"base_span": [594, 603], "annotations": [{"nertag": "O"}]}, {"base_span": [604, 605], "annotations": [{"nertag": "B-PER"}]}, {"base_span": [605, 606], "annotations": [{"nertag": "I-PER"}]}, {"base_span": [607, 613], "annotations": [{"nertag": "I-PER"}]}, {"base_span": [614, 615], "annotations": [{"nertag": "O"}]}, {"base_span": [615, 622], "annotations": [{"nertag": "O"}]}, {"base_span": [622, 623], "annotations": [{"nertag": "O"}]}, {"base_span": [624, 633], "annotations": [{"nertag": "O"}]}, {"base_span": [634, 639], "annotations": [{"nertag": "B-PER"}]}, {"base_span": [640, 647], "annotations": [{"nertag": "I-PER"}]}, {"base_span": [648, 649], "annotations": [{"nertag": "O"}]}, {"base_span": [649, 656], "annotations": [{"nertag": "O"}]}, {"base_span": [656, 657], "annotations": [{"nertag": "O"}]}, {"base_span": [658, 667], "annotations": [{"nertag": "O"}]}, {"base_span": [668, 675], "annotations": [{"nertag": "B-PER"}]}, {"base_span": [676, 677], "annotations": [{"nertag": "O"}]}]}]}