{"text": "\nEtte tulli Zolgi moisa maa kantnik Johan Sääsk Karaskist ja kaibas et moisa rentnik Peter Koot Karaskist om tema põllu kokku panemist mõisale kelle eest kontrahti perre raha pidi masma, päiwi pääle arwanu ja weiti arwo ette ja nimelt\n\n8 wakamaa tõugu kokku pandnu sellest pidi 4 wakamaa eest raha saama\n\n4 wakkamaa ristikheina pandnu sest pidi raha saama  2   \"     \" /vakamaa eest/\n\nSumma 6 wakamaa\n\nRaha pidi saama ega wakamaa eest 1 rubl.\n\nSee om 6 rubl. nüüd om päiwi selle eest arwatu 12 päiwa. Johan Sääsk nõuab 18 päiwa selle perra puudub 6 päiwa nõuab neid hobese päiwi ette arwata, Peter Kootil, kellega tema, Johan Saask / Sääsk/, oma põllu tennu om.\n\nEtte kutsuti Peter Koot kes wastut et tema ei woi hobese päiwi ette enamb arwata kui neid tegemata 5 5/6 päiwa\n\nÄralepitu Johan Sääsk ja Peter Koot ei nõua tõine tõise käest midagi.\n\n\n", "meta": {"origin_directory": "vallakohus_kolmas/"}, "layers": [{"name": "gold_ner", "attributes": ["nertag"], "parent": null, "enveloping": null, "ambiguous": false, "serialisation_module": null, "meta": {}, "spans": [{"base_span": [12, 23], "annotations": [{"nertag": "LOC_ORG"}]}, {"base_span": [36, 47], "annotations": [{"nertag": "PER"}]}, {"base_span": [48, 57], "annotations": [{"nertag": "LOC"}]}, {"base_span": [85, 95], "annotations": [{"nertag": "PER"}]}, {"base_span": [96, 105], "annotations": [{"nertag": "LOC"}]}, {"base_span": [501, 512], "annotations": [{"nertag": "PER"}]}, {"base_span": [592, 604], "annotations": [{"nertag": "PER"}]}, {"base_span": [620, 631], "annotations": [{"nertag": "PER"}]}, {"base_span": [634, 639], "annotations": [{"nertag": "PER"}]}, {"base_span": [676, 686], "annotations": [{"nertag": "PER"}]}, {"base_span": [785, 796], "annotations": [{"nertag": "PER"}]}, {"base_span": [800, 810], "annotations": [{"nertag": "PER"}]}]}, {"name": "gold_wordner", "attributes": ["nertag"], "parent": null, "enveloping": null, "ambiguous": false, "serialisation_module": null, "meta": {}, "spans": [{"base_span": [1, 5], "annotations": [{"nertag": "O"}]}, {"base_span": [6, 11], "annotations": [{"nertag": "O"}]}, {"base_span": [12, 17], "annotations": [{"nertag": "B-LOC_ORG"}]}, {"base_span": [18, 23], "annotations": [{"nertag": "I-LOC_ORG"}]}, {"base_span": [24, 27], "annotations": [{"nertag": "O"}]}, {"base_span": [28, 35], "annotations": [{"nertag": "O"}]}, {"base_span": [36, 41], "annotations": [{"nertag": "B-PER"}]}, {"base_span": [42, 47], "annotations": [{"nertag": "I-PER"}]}, {"base_span": [48, 57], "annotations": [{"nertag": "B-LOC"}]}, {"base_span": [58, 60], "annotations": [{"nertag": "O"}]}, {"base_span": [61, 67], "annotations": [{"nertag": "O"}]}, {"base_span": [68, 70], "annotations": [{"nertag": "O"}]}, {"base_span": [71, 76], "annotations": [{"nertag": "O"}]}, {"base_span": [77, 84], "annotations": [{"nertag": "O"}]}, {"base_span": [85, 90], "annotations": [{"nertag": "B-PER"}]}, {"base_span": [91, 95], "annotations": [{"nertag": "I-PER"}]}, {"base_span": [96, 105], "annotations": [{"nertag": "B-LOC"}]}, {"base_span": [106, 108], "annotations": [{"nertag": "O"}]}, {"base_span": [109, 113], "annotations": [{"nertag": "O"}]}, {"base_span": [114, 119], "annotations": [{"nertag": "O"}]}, {"base_span": [120, 125], "annotations": [{"nertag": "O"}]}, {"base_span": [126, 134], "annotations": [{"nertag": "O"}]}, {"base_span": [135, 142], "annotations": [{"nertag": "O"}]}, {"base_span": [143, 148], "annotations": [{"nertag": "O"}]}, {"base_span": [149, 153], "annotations": [{"nertag": "O"}]}, {"base_span": [154, 163], "annotations": [{"nertag": "O"}]}, {"base_span": [164, 169], "annotations": [{"nertag": "O"}]}, {"base_span": [170, 174], "annotations": [{"nertag": "O"}]}, {"base_span": [175, 179], "annotations": [{"nertag": "O"}]}, {"base_span": [180, 185], "annotations": [{"nertag": "O"}]}, {"base_span": [185, 186], "annotations": [{"nertag": "O"}]}, {"base_span": [187, 192], "annotations": [{"nertag": "O"}]}, {"base_span": [193, 198], "annotations": [{"nertag": "O"}]}, {"base_span": [199, 205], "annotations": [{"nertag": "O"}]}, {"base_span": [206, 208], "annotations": [{"nertag": "O"}]}, {"base_span": [209, 214], "annotations": [{"nertag": "O"}]}, {"base_span": [215, 219], "annotations": [{"nertag": "O"}]}, {"base_span": [220, 224], "annotations": [{"nertag": "O"}]}, {"base_span": [225, 227], "annotations": [{"nertag": "O"}]}, {"base_span": [228, 234], "annotations": [{"nertag": "O"}]}, {"base_span": [236, 237], "annotations": [{"nertag": "O"}]}, {"base_span": [238, 245], "annotations": [{"nertag": "O"}]}, {"base_span": [246, 251], "annotations": [{"nertag": "O"}]}, {"base_span": [252, 257], "annotations": [{"nertag": "O"}]}, {"base_span": [258, 264], "annotations": [{"nertag": "O"}]}, {"base_span": [265, 272], "annotations": [{"nertag": "O"}]}, {"base_span": [273, 277], "annotations": [{"nertag": "O"}]}, {"base_span": [278, 279], "annotations": [{"nertag": "O"}]}, {"base_span": [280, 287], "annotations": [{"nertag": "O"}]}, {"base_span": [288, 292], "annotations": [{"nertag": "O"}]}, {"base_span": [293, 297], "annotations": [{"nertag": "O"}]}, {"base_span": [298, 303], "annotations": [{"nertag": "O"}]}, {"base_span": [305, 306], "annotations": [{"nertag": "O"}]}, {"base_span": [307, 315], "annotations": [{"nertag": "O"}]}, {"base_span": [316, 327], "annotations": [{"nertag": "O"}]}, {"base_span": [328, 334], "annotations": [{"nertag": "O"}]}, {"base_span": [335, 339], "annotations": [{"nertag": "O"}]}, {"base_span": [340, 344], "annotations": [{"nertag": "O"}]}, {"base_span": [345, 349], "annotations": [{"nertag": "O"}]}, {"base_span": [350, 355], "annotations": [{"nertag": "O"}]}, {"base_span": [357, 358], "annotations": [{"nertag": "O"}]}, {"base_span": [361, 362], "annotations": [{"nertag": "O"}]}, {"base_span": [367, 368], "annotations": [{"nertag": "O"}]}, {"base_span": [369, 370], "annotations": [{"nertag": "O"}]}, {"base_span": [370, 377], "annotations": [{"nertag": "O"}]}, {"base_span": [378, 382], "annotations": [{"nertag": "O"}]}, {"base_span": [382, 383], "annotations": [{"nertag": "O"}]}, {"base_span": [385, 390], "annotations": [{"nertag": "O"}]}, {"base_span": [391, 392], "annotations": [{"nertag": "O"}]}, {"base_span": [393, 400], "annotations": [{"nertag": "O"}]}, {"base_span": [402, 406], "annotations": [{"nertag": "O"}]}, {"base_span": [407, 411], "annotations": [{"nertag": "O"}]}, {"base_span": [412, 417], "annotations": [{"nertag": "O"}]}, {"base_span": [418, 421], "annotations": [{"nertag": "O"}]}, {"base_span": [422, 429], "annotations": [{"nertag": "O"}]}, {"base_span": [430, 434], "annotations": [{"nertag": "O"}]}, {"base_span": [435, 436], "annotations": [{"nertag": "O"}]}, {"base_span": [437, 441], "annotations": [{"nertag": "O"}]}, {"base_span": [441, 442], "annotations": [{"nertag": "O"}]}, {"base_span": [444, 447], "annotations": [{"nertag": "O"}]}, {"base_span": [448, 450], "annotations": [{"nertag": "O"}]}, {"base_span": [451, 452], "annotations": [{"nertag": "O"}]}, {"base_span": [453, 457], "annotations": [{"nertag": "O"}]}, {"base_span": [457, 458], "annotations": [{"nertag": "O"}]}, {"base_span": [459, 463], "annotations": [{"nertag": "O"}]}, {"base_span": [464, 466], "annotations": [{"nertag": "O"}]}, {"base_span": [467, 472], "annotations": [{"nertag": "O"}]}, {"base_span": [473, 478], "annotations": [{"nertag": "O"}]}, {"base_span": [479, 483], "annotations": [{"nertag": "O"}]}, {"base_span": [484, 490], "annotations": [{"nertag": "O"}]}, {"base_span": [491, 493], "annotations": [{"nertag": "O"}]}, {"base_span": [494, 499], "annotations": [{"nertag": "O"}]}, {"base_span": [499, 500], "annotations": [{"nertag": "O"}]}, {"base_span": [501, 506], "annotations": [{"nertag": "B-PER"}]}, {"base_span": [507, 512], "annotations": [{"nertag": "I-PER"}]}, {"base_span": [513, 518], "annotations": [{"nertag": "O"}]}, {"base_span": [519, 521], "annotations": [{"nertag": "O"}]}, {"base_span": [522, 527], "annotations": [{"nertag": "O"}]}, {"base_span": [528, 533], "annotations": [{"nertag": "O"}]}, {"base_span": [534, 539], "annotations": [{"nertag": "O"}]}, {"base_span": [540, 546], "annotations": [{"nertag": "O"}]}, {"base_span": [547, 548], "annotations": [{"nertag": "O"}]}, {"base_span": [549, 554], "annotations": [{"nertag": "O"}]}, {"base_span": [555, 560], "annotations": [{"nertag": "O"}]}, {"base_span": [561, 565], "annotations": [{"nertag": "O"}]}, {"base_span": [566, 572], "annotations": [{"nertag": "O"}]}, {"base_span": [573, 578], "annotations": [{"nertag": "O"}]}, {"base_span": [579, 583], "annotations": [{"nertag": "O"}]}, {"base_span": [584, 590], "annotations": [{"nertag": "O"}]}, {"base_span": [590, 591], "annotations": [{"nertag": "O"}]}, {"base_span": [592, 597], "annotations": [{"nertag": "B-PER"}]}, {"base_span": [598, 604], "annotations": [{"nertag": "I-PER"}]}, {"base_span": [604, 605], "annotations": [{"nertag": "O"}]}, {"base_span": [606, 613], "annotations": [{"nertag": "O"}]}, {"base_span": [614, 618], "annotations": [{"nertag": "O"}]}, {"base_span": [618, 619], "annotations": [{"nertag": "O"}]}, {"base_span": [620, 625], "annotations": [{"nertag": "B-PER"}]}, {"base_span": [626, 631], "annotations": [{"nertag": "I-PER"}]}, {"base_span": [632, 633], "annotations": [{"nertag": "O"}]}, {"base_span": [634, 639], "annotations": [{"nertag": "B-PER"}]}, {"base_span": [639, 640], "annotations": [{"nertag": "O"}]}, {"base_span": [640, 641], "annotations": [{"nertag": "O"}]}, {"base_span": [642, 645], "annotations": [{"nertag": "O"}]}, {"base_span": [646, 651], "annotations": [{"nertag": "O"}]}, {"base_span": [652, 657], "annotations": [{"nertag": "O"}]}, {"base_span": [658, 660], "annotations": [{"nertag": "O"}]}, {"base_span": [660, 661], "annotations": [{"nertag": "O"}]}, {"base_span": [663, 667], "annotations": [{"nertag": "O"}]}, {"base_span": [668, 675], "annotations": [{"nertag": "O"}]}, {"base_span": [676, 681], "annotations": [{"nertag": "B-PER"}]}, {"base_span": [682, 686], "annotations": [{"nertag": "I-PER"}]}, {"base_span": [687, 690], "annotations": [{"nertag": "O"}]}, {"base_span": [691, 697], "annotations": [{"nertag": "O"}]}, {"base_span": [698, 700], "annotations": [{"nertag": "O"}]}, {"base_span": [701, 705], "annotations": [{"nertag": "O"}]}, {"base_span": [706, 708], "annotations": [{"nertag": "O"}]}, {"base_span": [709, 712], "annotations": [{"nertag": "O"}]}, {"base_span": [713, 719], "annotations": [{"nertag": "O"}]}, {"base_span": [720, 725], "annotations": [{"nertag": "O"}]}, {"base_span": [726, 730], "annotations": [{"nertag": "O"}]}, {"base_span": [731, 736], "annotations": [{"nertag": "O"}]}, {"base_span": [737, 743], "annotations": [{"nertag": "O"}]}, {"base_span": [744, 747], "annotations": [{"nertag": "O"}]}, {"base_span": [748, 752], "annotations": [{"nertag": "O"}]}, {"base_span": [753, 761], "annotations": [{"nertag": "O"}]}, {"base_span": [762, 763], "annotations": [{"nertag": "O"}]}, {"base_span": [764, 765], "annotations": [{"nertag": "O"}]}, {"base_span": [765, 766], "annotations": [{"nertag": "O"}]}, {"base_span": [766, 767], "annotations": [{"nertag": "O"}]}, {"base_span": [768, 773], "annotations": [{"nertag": "O"}]}, {"base_span": [775, 784], "annotations": [{"nertag": "O"}]}, {"base_span": [785, 790], "annotations": [{"nertag": "B-PER"}]}, {"base_span": [791, 796], "annotations": [{"nertag": "I-PER"}]}, {"base_span": [797, 799], "annotations": [{"nertag": "O"}]}, {"base_span": [800, 805], "annotations": [{"nertag": "B-PER"}]}, {"base_span": [806, 810], "annotations": [{"nertag": "I-PER"}]}, {"base_span": [811, 813], "annotations": [{"nertag": "O"}]}, {"base_span": [814, 818], "annotations": [{"nertag": "O"}]}, {"base_span": [819, 824], "annotations": [{"nertag": "O"}]}, {"base_span": [825, 830], "annotations": [{"nertag": "O"}]}, {"base_span": [831, 836], "annotations": [{"nertag": "O"}]}, {"base_span": [837, 843], "annotations": [{"nertag": "O"}]}, {"base_span": [843, 844], "annotations": [{"nertag": "O"}]}]}]}