{"text": "\nLewil Sel 17 September 1870\n\nMan olliwa: Pääkohtomees Jaan Thalfeld\n\nabbikoht. Jaan Kausaar\n\n\" Johan Suits\n\nEtte tulli Hindrik Kikkas ja kaibas et ollewat temma niitu ärra poimanu Karl Lauk tüttrigo jaa nowwap selle eest 10 rubl. tassomist ja ollewat sedda nännu Hindrik Kärblane. Tunnistaja Hindrik Kärblane ütles wälja et ollewat nännu poimwat: An Rautsaar, Liso Waglakes, An Lauk ja Juhan Kausaar naine ja tüttar. \n\nAn Rautsaar ütles et minna ei olle temma niitu poimanu ei ka muid sääl nännu poimwat. Liso Waglakes ütles et meije ei olle mitte temma niid pääl poimanu, enge omma pääl. An Lauk assemel temma welli Karl, ütles et ei olle mitte temma niidu päält haina poimanu. \n\nJohan Kausaar naisest ja tütrikust ütles Hindrik Kikkas et neidega ei olle minnol middagi teggemist. Kohtomees Johan Kausaar, kes Hindrik Kikkas kutsmise päle sedda niitu om ulle kaenu, ütles et sääl olli poimet nink olli ka hobbeste jälle sissen nink üttelnu Hindrik Karblane et minno hobbene olli siin niitun. \n\nMoistet:\n\nAn Rautsaar, Liso Waglakes ja An Lauk peawa eggaüts Hindrik Kikkas hääs 40 kop nelja näddali sissen niidu poimemise eest kätte masma. -\n\nSee moistm. om § 773 ja 774 perra mollembile kulutedus ja oppus leht wälja antus.\n\nPää Kohtomees [peaks olema allkiri] Jaan Tahlfeld\n\nabbikohtomees Johha Kausaar XXX\n\n\" Juhhan Suits XXX\n\nKirjot. [allkiri] Jõggewa. \n\nHindrik Kikkas saap Oppus leht ja Protokoll sel 20. septb wälja.\n\nN 7.\n\n\n", "meta": {"origin_directory": "vallakohus_teine/"}, "layers": [{"name": "gold_ner", "attributes": ["nertag"], "parent": null, "enveloping": null, "ambiguous": false, "serialisation_module": null, "meta": {}, "spans": [{"base_span": [1, 6], "annotations": [{"nertag": "LOC"}]}, {"base_span": [55, 68], "annotations": [{"nertag": "PER"}]}, {"base_span": [80, 92], "annotations": [{"nertag": "PER"}]}, {"base_span": [96, 107], "annotations": [{"nertag": "PER"}]}, {"base_span": [120, 134], "annotations": [{"nertag": "PER"}]}, {"base_span": [181, 190], "annotations": [{"nertag": "PER"}]}, {"base_span": [264, 280], "annotations": [{"nertag": "PER"}]}, {"base_span": [293, 309], "annotations": [{"nertag": "PER"}]}, {"base_span": [348, 359], "annotations": [{"nertag": "PER"}]}, {"base_span": [361, 374], "annotations": [{"nertag": "PER"}]}, {"base_span": [376, 383], "annotations": [{"nertag": "PER"}]}, {"base_span": [387, 400], "annotations": [{"nertag": "PER"}]}, {"base_span": [420, 431], "annotations": [{"nertag": "PER"}]}, {"base_span": [506, 519], "annotations": [{"nertag": "PER"}]}, {"base_span": [590, 597], "annotations": [{"nertag": "PER"}]}, {"base_span": [618, 622], "annotations": [{"nertag": "PER"}]}, {"base_span": [682, 695], "annotations": [{"nertag": "PER"}]}, {"base_span": [723, 737], "annotations": [{"nertag": "PER"}]}, {"base_span": [793, 806], "annotations": [{"nertag": "PER"}]}, {"base_span": [812, 826], "annotations": [{"nertag": "PER"}]}, {"base_span": [942, 958], "annotations": [{"nertag": "PER"}]}, {"base_span": [1006, 1017], "annotations": [{"nertag": "PER"}]}, {"base_span": [1019, 1032], "annotations": [{"nertag": "PER"}]}, {"base_span": [1036, 1043], "annotations": [{"nertag": "PER"}]}, {"base_span": [1058, 1072], "annotations": [{"nertag": "PER"}]}, {"base_span": [1262, 1275], "annotations": [{"nertag": "PER"}]}, {"base_span": [1291, 1304], "annotations": [{"nertag": "PER"}]}, {"base_span": [1312, 1324], "annotations": [{"nertag": "PER"}]}, {"base_span": [1348, 1355], "annotations": [{"nertag": "PER"}]}, {"base_span": [1359, 1373], "annotations": [{"nertag": "PER"}]}]}, {"name": "gold_wordner", "attributes": ["nertag"], "parent": null, "enveloping": null, "ambiguous": false, "serialisation_module": null, "meta": {}, "spans": [{"base_span": [1, 6], "annotations": [{"nertag": "B-LOC"}]}, {"base_span": [7, 10], "annotations": [{"nertag": "O"}]}, {"base_span": [11, 13], "annotations": [{"nertag": "O"}]}, {"base_span": [14, 23], "annotations": [{"nertag": "O"}]}, {"base_span": [24, 28], "annotations": [{"nertag": "O"}]}, {"base_span": [30, 33], "annotations": [{"nertag": "O"}]}, {"base_span": [34, 40], "annotations": [{"nertag": "O"}]}, {"base_span": [40, 41], "annotations": [{"nertag": "O"}]}, {"base_span": [42, 54], "annotations": [{"nertag": "O"}]}, {"base_span": [55, 59], "annotations": [{"nertag": "B-PER"}]}, {"base_span": [60, 68], "annotations": [{"nertag": "I-PER"}]}, {"base_span": [70, 78], "annotations": [{"nertag": "O"}]}, {"base_span": [78, 79], "annotations": [{"nertag": "O"}]}, {"base_span": [80, 84], "annotations": [{"nertag": "B-PER"}]}, {"base_span": [85, 92], "annotations": [{"nertag": "I-PER"}]}, {"base_span": [94, 95], "annotations": [{"nertag": "O"}]}, {"base_span": [96, 101], "annotations": [{"nertag": "B-PER"}]}, {"base_span": [102, 107], "annotations": [{"nertag": "I-PER"}]}, {"base_span": [109, 113], "annotations": [{"nertag": "O"}]}, {"base_span": [114, 119], "annotations": [{"nertag": "O"}]}, {"base_span": [120, 127], "annotations": [{"nertag": "B-PER"}]}, {"base_span": [128, 134], "annotations": [{"nertag": "I-PER"}]}, {"base_span": [135, 137], "annotations": [{"nertag": "O"}]}, {"base_span": [138, 144], "annotations": [{"nertag": "O"}]}, {"base_span": [145, 147], "annotations": [{"nertag": "O"}]}, {"base_span": [148, 155], "annotations": [{"nertag": "O"}]}, {"base_span": [156, 161], "annotations": [{"nertag": "O"}]}, {"base_span": [162, 167], "annotations": [{"nertag": "O"}]}, {"base_span": [168, 172], "annotations": [{"nertag": "O"}]}, {"base_span": [173, 180], "annotations": [{"nertag": "O"}]}, {"base_span": [181, 185], "annotations": [{"nertag": "B-PER"}]}, {"base_span": [186, 190], "annotations": [{"nertag": "I-PER"}]}, {"base_span": [191, 199], "annotations": [{"nertag": "O"}]}, {"base_span": [200, 203], "annotations": [{"nertag": "O"}]}, {"base_span": [204, 210], "annotations": [{"nertag": "O"}]}, {"base_span": [211, 216], "annotations": [{"nertag": "O"}]}, {"base_span": [217, 221], "annotations": [{"nertag": "O"}]}, {"base_span": [222, 224], "annotations": [{"nertag": "O"}]}, {"base_span": [225, 229], "annotations": [{"nertag": "O"}]}, {"base_span": [229, 230], "annotations": [{"nertag": "O"}]}, {"base_span": [231, 240], "annotations": [{"nertag": "O"}]}, {"base_span": [241, 243], "annotations": [{"nertag": "O"}]}, {"base_span": [244, 251], "annotations": [{"nertag": "O"}]}, {"base_span": [252, 257], "annotations": [{"nertag": "O"}]}, {"base_span": [258, 263], "annotations": [{"nertag": "O"}]}, {"base_span": [264, 271], "annotations": [{"nertag": "B-PER"}]}, {"base_span": [272, 280], "annotations": [{"nertag": "I-PER"}]}, {"base_span": [280, 281], "annotations": [{"nertag": "O"}]}, {"base_span": [282, 292], "annotations": [{"nertag": "O"}]}, {"base_span": [293, 300], "annotations": [{"nertag": "B-PER"}]}, {"base_span": [301, 309], "annotations": [{"nertag": "I-PER"}]}, {"base_span": [310, 315], "annotations": [{"nertag": "O"}]}, {"base_span": [316, 321], "annotations": [{"nertag": "O"}]}, {"base_span": [322, 324], "annotations": [{"nertag": "O"}]}, {"base_span": [325, 332], "annotations": [{"nertag": "O"}]}, {"base_span": [333, 338], "annotations": [{"nertag": "O"}]}, {"base_span": [339, 346], "annotations": [{"nertag": "O"}]}, {"base_span": [346, 347], "annotations": [{"nertag": "O"}]}, {"base_span": [348, 350], "annotations": [{"nertag": "B-PER"}]}, {"base_span": [351, 359], "annotations": [{"nertag": "I-PER"}]}, {"base_span": [359, 360], "annotations": [{"nertag": "O"}]}, {"base_span": [361, 365], "annotations": [{"nertag": "B-PER"}]}, {"base_span": [366, 374], "annotations": [{"nertag": "I-PER"}]}, {"base_span": [374, 375], "annotations": [{"nertag": "O"}]}, {"base_span": [376, 378], "annotations": [{"nertag": "B-PER"}]}, {"base_span": [379, 383], "annotations": [{"nertag": "I-PER"}]}, {"base_span": [384, 386], "annotations": [{"nertag": "O"}]}, {"base_span": [387, 392], "annotations": [{"nertag": "B-PER"}]}, {"base_span": [393, 400], "annotations": [{"nertag": "I-PER"}]}, {"base_span": [401, 406], "annotations": [{"nertag": "O"}]}, {"base_span": [407, 409], "annotations": [{"nertag": "O"}]}, {"base_span": [410, 416], "annotations": [{"nertag": "O"}]}, {"base_span": [416, 417], "annotations": [{"nertag": "O"}]}, {"base_span": [420, 422], "annotations": [{"nertag": "B-PER"}]}, {"base_span": [423, 431], "annotations": [{"nertag": "I-PER"}]}, {"base_span": [432, 437], "annotations": [{"nertag": "O"}]}, {"base_span": [438, 440], "annotations": [{"nertag": "O"}]}, {"base_span": [441, 446], "annotations": [{"nertag": "O"}]}, {"base_span": [447, 449], "annotations": [{"nertag": "O"}]}, {"base_span": [450, 454], "annotations": [{"nertag": "O"}]}, {"base_span": [455, 460], "annotations": [{"nertag": "O"}]}, {"base_span": [461, 466], "annotations": [{"nertag": "O"}]}, {"base_span": [467, 474], "annotations": [{"nertag": "O"}]}, {"base_span": [475, 477], "annotations": [{"nertag": "O"}]}, {"base_span": [478, 480], "annotations": [{"nertag": "O"}]}, {"base_span": [481, 485], "annotations": [{"nertag": "O"}]}, {"base_span": [486, 490], "annotations": [{"nertag": "O"}]}, {"base_span": [491, 496], "annotations": [{"nertag": "O"}]}, {"base_span": [497, 504], "annotations": [{"nertag": "O"}]}, {"base_span": [504, 505], "annotations": [{"nertag": "O"}]}, {"base_span": [506, 510], "annotations": [{"nertag": "B-PER"}]}, {"base_span": [511, 519], "annotations": [{"nertag": "I-PER"}]}, {"base_span": [520, 525], "annotations": [{"nertag": "O"}]}, {"base_span": [526, 528], "annotations": [{"nertag": "O"}]}, {"base_span": [529, 534], "annotations": [{"nertag": "O"}]}, {"base_span": [535, 537], "annotations": [{"nertag": "O"}]}, {"base_span": [538, 542], "annotations": [{"nertag": "O"}]}, {"base_span": [543, 548], "annotations": [{"nertag": "O"}]}, {"base_span": [549, 554], "annotations": [{"nertag": "O"}]}, {"base_span": [555, 559], "annotations": [{"nertag": "O"}]}, {"base_span": [560, 564], "annotations": [{"nertag": "O"}]}, {"base_span": [565, 572], "annotations": [{"nertag": "O"}]}, {"base_span": [572, 573], "annotations": [{"nertag": "O"}]}, {"base_span": [574, 578], "annotations": [{"nertag": "O"}]}, {"base_span": [579, 583], "annotations": [{"nertag": "O"}]}, {"base_span": [584, 588], "annotations": [{"nertag": "O"}]}, {"base_span": [588, 589], "annotations": [{"nertag": "O"}]}, {"base_span": [590, 592], "annotations": [{"nertag": "B-PER"}]}, {"base_span": [593, 597], "annotations": [{"nertag": "I-PER"}]}, {"base_span": [598, 605], "annotations": [{"nertag": "O"}]}, {"base_span": [606, 611], "annotations": [{"nertag": "O"}]}, {"base_span": [612, 617], "annotations": [{"nertag": "O"}]}, {"base_span": [618, 622], "annotations": [{"nertag": "B-PER"}]}, {"base_span": [622, 623], "annotations": [{"nertag": "O"}]}, {"base_span": [624, 629], "annotations": [{"nertag": "O"}]}, {"base_span": [630, 632], "annotations": [{"nertag": "O"}]}, {"base_span": [633, 635], "annotations": [{"nertag": "O"}]}, {"base_span": [636, 640], "annotations": [{"nertag": "O"}]}, {"base_span": [641, 646], "annotations": [{"nertag": "O"}]}, {"base_span": [647, 652], "annotations": [{"nertag": "O"}]}, {"base_span": [653, 658], "annotations": [{"nertag": "O"}]}, {"base_span": [659, 664], "annotations": [{"nertag": "O"}]}, {"base_span": [665, 670], "annotations": [{"nertag": "O"}]}, {"base_span": [671, 678], "annotations": [{"nertag": "O"}]}, {"base_span": [678, 679], "annotations": [{"nertag": "O"}]}, {"base_span": [682, 687], "annotations": [{"nertag": "B-PER"}]}, {"base_span": [688, 695], "annotations": [{"nertag": "I-PER"}]}, {"base_span": [696, 703], "annotations": [{"nertag": "O"}]}, {"base_span": [704, 706], "annotations": [{"nertag": "O"}]}, {"base_span": [707, 716], "annotations": [{"nertag": "O"}]}, {"base_span": [717, 722], "annotations": [{"nertag": "O"}]}, {"base_span": [723, 730], "annotations": [{"nertag": "B-PER"}]}, {"base_span": [731, 737], "annotations": [{"nertag": "I-PER"}]}, {"base_span": [738, 740], "annotations": [{"nertag": "O"}]}, {"base_span": [741, 748], "annotations": [{"nertag": "O"}]}, {"base_span": [749, 751], "annotations": [{"nertag": "O"}]}, {"base_span": [752, 756], "annotations": [{"nertag": "O"}]}, {"base_span": [757, 763], "annotations": [{"nertag": "O"}]}, {"base_span": [764, 771], "annotations": [{"nertag": "O"}]}, {"base_span": [772, 781], "annotations": [{"nertag": "O"}]}, {"base_span": [781, 782], "annotations": [{"nertag": "O"}]}, {"base_span": [783, 792], "annotations": [{"nertag": "O"}]}, {"base_span": [793, 798], "annotations": [{"nertag": "B-PER"}]}, {"base_span": [799, 806], "annotations": [{"nertag": "I-PER"}]}, {"base_span": [806, 807], "annotations": [{"nertag": "O"}]}, {"base_span": [808, 811], "annotations": [{"nertag": "O"}]}, {"base_span": [812, 819], "annotations": [{"nertag": "B-PER"}]}, {"base_span": [820, 826], "annotations": [{"nertag": "I-PER"}]}, {"base_span": [827, 835], "annotations": [{"nertag": "O"}]}, {"base_span": [836, 840], "annotations": [{"nertag": "O"}]}, {"base_span": [841, 846], "annotations": [{"nertag": "O"}]}, {"base_span": [847, 852], "annotations": [{"nertag": "O"}]}, {"base_span": [853, 855], "annotations": [{"nertag": "O"}]}, {"base_span": [856, 860], "annotations": [{"nertag": "O"}]}, {"base_span": [861, 866], "annotations": [{"nertag": "O"}]}, {"base_span": [866, 867], "annotations": [{"nertag": "O"}]}, {"base_span": [868, 873], "annotations": [{"nertag": "O"}]}, {"base_span": [874, 876], "annotations": [{"nertag": "O"}]}, {"base_span": [877, 881], "annotations": [{"nertag": "O"}]}, {"base_span": [882, 886], "annotations": [{"nertag": "O"}]}, {"base_span": [887, 893], "annotations": [{"nertag": "O"}]}, {"base_span": [894, 898], "annotations": [{"nertag": "O"}]}, {"base_span": [899, 903], "annotations": [{"nertag": "O"}]}, {"base_span": [904, 906], "annotations": [{"nertag": "O"}]}, {"base_span": [907, 915], "annotations": [{"nertag": "O"}]}, {"base_span": [916, 921], "annotations": [{"nertag": "O"}]}, {"base_span": [922, 928], "annotations": [{"nertag": "O"}]}, {"base_span": [929, 933], "annotations": [{"nertag": "O"}]}, {"base_span": [934, 941], "annotations": [{"nertag": "O"}]}, {"base_span": [942, 949], "annotations": [{"nertag": "B-PER"}]}, {"base_span": [950, 958], "annotations": [{"nertag": "I-PER"}]}, {"base_span": [959, 961], "annotations": [{"nertag": "O"}]}, {"base_span": [962, 967], "annotations": [{"nertag": "O"}]}, {"base_span": [968, 975], "annotations": [{"nertag": "O"}]}, {"base_span": [976, 980], "annotations": [{"nertag": "O"}]}, {"base_span": [981, 985], "annotations": [{"nertag": "O"}]}, {"base_span": [986, 992], "annotations": [{"nertag": "O"}]}, {"base_span": [992, 993], "annotations": [{"nertag": "O"}]}, {"base_span": [996, 1003], "annotations": [{"nertag": "O"}]}, {"base_span": [1003, 1004], "annotations": [{"nertag": "O"}]}, {"base_span": [1006, 1008], "annotations": [{"nertag": "B-PER"}]}, {"base_span": [1009, 1017], "annotations": [{"nertag": "I-PER"}]}, {"base_span": [1017, 1018], "annotations": [{"nertag": "O"}]}, {"base_span": [1019, 1023], "annotations": [{"nertag": "B-PER"}]}, {"base_span": [1024, 1032], "annotations": [{"nertag": "I-PER"}]}, {"base_span": [1033, 1035], "annotations": [{"nertag": "O"}]}, {"base_span": [1036, 1038], "annotations": [{"nertag": "B-PER"}]}, {"base_span": [1039, 1043], "annotations": [{"nertag": "I-PER"}]}, {"base_span": [1044, 1049], "annotations": [{"nertag": "O"}]}, {"base_span": [1050, 1057], "annotations": [{"nertag": "O"}]}, {"base_span": [1058, 1065], "annotations": [{"nertag": "B-PER"}]}, {"base_span": [1066, 1072], "annotations": [{"nertag": "I-PER"}]}, {"base_span": [1073, 1077], "annotations": [{"nertag": "O"}]}, {"base_span": [1078, 1080], "annotations": [{"nertag": "O"}]}, {"base_span": [1081, 1084], "annotations": [{"nertag": "O"}]}, {"base_span": [1085, 1090], "annotations": [{"nertag": "O"}]}, {"base_span": [1091, 1098], "annotations": [{"nertag": "O"}]}, {"base_span": [1099, 1105], "annotations": [{"nertag": "O"}]}, {"base_span": [1106, 1111], "annotations": [{"nertag": "O"}]}, {"base_span": [1112, 1121], "annotations": [{"nertag": "O"}]}, {"base_span": [1122, 1126], "annotations": [{"nertag": "O"}]}, {"base_span": [1127, 1132], "annotations": [{"nertag": "O"}]}, {"base_span": [1133, 1138], "annotations": [{"nertag": "O"}]}, {"base_span": [1138, 1139], "annotations": [{"nertag": "O"}]}, {"base_span": [1140, 1141], "annotations": [{"nertag": "O"}]}, {"base_span": [1143, 1146], "annotations": [{"nertag": "O"}]}, {"base_span": [1147, 1153], "annotations": [{"nertag": "O"}]}, {"base_span": [1153, 1154], "annotations": [{"nertag": "O"}]}, {"base_span": [1155, 1157], "annotations": [{"nertag": "O"}]}, {"base_span": [1158, 1159], "annotations": [{"nertag": "O"}]}, {"base_span": [1160, 1163], "annotations": [{"nertag": "O"}]}, {"base_span": [1164, 1166], "annotations": [{"nertag": "O"}]}, {"base_span": [1167, 1170], "annotations": [{"nertag": "O"}]}, {"base_span": [1171, 1176], "annotations": [{"nertag": "O"}]}, {"base_span": [1177, 1187], "annotations": [{"nertag": "O"}]}, {"base_span": [1188, 1197], "annotations": [{"nertag": "O"}]}, {"base_span": [1198, 1200], "annotations": [{"nertag": "O"}]}, {"base_span": [1201, 1206], "annotations": [{"nertag": "O"}]}, {"base_span": [1207, 1211], "annotations": [{"nertag": "O"}]}, {"base_span": [1212, 1217], "annotations": [{"nertag": "O"}]}, {"base_span": [1218, 1223], "annotations": [{"nertag": "O"}]}, {"base_span": [1223, 1224], "annotations": [{"nertag": "O"}]}, {"base_span": [1226, 1229], "annotations": [{"nertag": "O"}]}, {"base_span": [1230, 1239], "annotations": [{"nertag": "O"}]}, {"base_span": [1240, 1241], "annotations": [{"nertag": "O"}]}, {"base_span": [1241, 1246], "annotations": [{"nertag": "O"}]}, {"base_span": [1247, 1252], "annotations": [{"nertag": "O"}]}, {"base_span": [1253, 1260], "annotations": [{"nertag": "O"}]}, {"base_span": [1260, 1261], "annotations": [{"nertag": "O"}]}, {"base_span": [1262, 1266], "annotations": [{"nertag": "B-PER"}]}, {"base_span": [1267, 1275], "annotations": [{"nertag": "I-PER"}]}, {"base_span": [1277, 1290], "annotations": [{"nertag": "O"}]}, {"base_span": [1291, 1296], "annotations": [{"nertag": "B-PER"}]}, {"base_span": [1297, 1304], "annotations": [{"nertag": "I-PER"}]}, {"base_span": [1305, 1308], "annotations": [{"nertag": "O"}]}, {"base_span": [1310, 1311], "annotations": [{"nertag": "O"}]}, {"base_span": [1312, 1318], "annotations": [{"nertag": "B-PER"}]}, {"base_span": [1319, 1324], "annotations": [{"nertag": "I-PER"}]}, {"base_span": [1325, 1328], "annotations": [{"nertag": "O"}]}, {"base_span": [1330, 1336], "annotations": [{"nertag": "O"}]}, {"base_span": [1336, 1337], "annotations": [{"nertag": "O"}]}, {"base_span": [1338, 1339], "annotations": [{"nertag": "O"}]}, {"base_span": [1339, 1346], "annotations": [{"nertag": "O"}]}, {"base_span": [1346, 1347], "annotations": [{"nertag": "O"}]}, {"base_span": [1348, 1355], "annotations": [{"nertag": "B-PER"}]}, {"base_span": [1355, 1356], "annotations": [{"nertag": "O"}]}, {"base_span": [1359, 1366], "annotations": [{"nertag": "B-PER"}]}, {"base_span": [1367, 1373], "annotations": [{"nertag": "I-PER"}]}, {"base_span": [1374, 1378], "annotations": [{"nertag": "O"}]}, {"base_span": [1379, 1384], "annotations": [{"nertag": "O"}]}, {"base_span": [1385, 1389], "annotations": [{"nertag": "O"}]}, {"base_span": [1390, 1392], "annotations": [{"nertag": "O"}]}, {"base_span": [1393, 1402], "annotations": [{"nertag": "O"}]}, {"base_span": [1403, 1406], "annotations": [{"nertag": "O"}]}, {"base_span": [1407, 1410], "annotations": [{"nertag": "O"}]}, {"base_span": [1411, 1416], "annotations": [{"nertag": "O"}]}, {"base_span": [1417, 1422], "annotations": [{"nertag": "O"}]}, {"base_span": [1422, 1423], "annotations": [{"nertag": "O"}]}, {"base_span": [1425, 1426], "annotations": [{"nertag": "O"}]}, {"base_span": [1427, 1429], "annotations": [{"nertag": "O"}]}]}]}