{"text": "Fritz Zupsing om  Rappina moisa herraga leppinud, et herra annab Fritz Zupsingil Märaste saare maad 6 aasta päle Jürripäwast 1869 ammak 1875 tallu aasta.\nHerr lubbab igga aastal 5 wakkamaa mõtsa ärra raio, nink oksad mahha jätta maa kütmisse tarwis, senni kui keik põllo maa kätte saab.\nNipaljo männa kuse ehk hawa palki, mes talle honete tarwis lät, herr lubbab säältsammast raiastikko päält anda. Ilma moisa lubbata ei tohhi Fritz Zupsing saare päält keddage mõtsa ragguda.\nHerr lubbab tullewal suwwel maamõõtja palkata, et Märaste saar taadre arwus lase tettus. Ma rent om 6 Rubla taadre päält. Eddimesse kue aasta rent om leppitud keik to päle taggasi arwatu, et Fritz Zupsing ehhitab tarre, aidat, laut, kõlgus, sann, kodda, kaiw nink aiad ümber usse, ilma moisa egga wallaabita; kui perremehhel weel rohkem honet tarwis om, siis om keelmatta weel üht ehk toist ehhita, agga massa ei tohhi Fritz mitte honeehhitamisse egga maa arrimise eest muud keddage kässida kui se leppitud kue aasta rent.\nHerr lubbab edimenne Rukki seemen anda, nipaljo kui Rükki põldo om waia külwada.\nKui maa taadre arw kätte saab, nink 1869 suwwel sinna kodda nink laut üllesehhitud, siis saab perris rendi kontrakt 1869 ammak 1875 aasta päle Kihhelkonna kohtu ette wia, nink kinnita, agga kui wie wakkamaa rükki põld teggematta, siis Fritz ei sa sedda saart mitte piddä. Toised honed woib kuwe aasta sissen aiga möda ehhita. Herr annab 100 2süllilised sellad koa nink sauna kattusse jaos, toised kattused peab Fritz Zuping essi päle murretsema.\nAhjo kiwwe, aknad nink uksed herr lubbab moisast anda.\nKui taadre arw kätte saab, siis annan Fritsul lubba sedda krunti kontrakt 12 aasta päle wõtta kui tema 1875 taht 6 Rubla talwe päält renti massa.\nRäppina koggokonnakohhus sel 10 Märzil 1869.\nFritz Zupsing  XXX\n\n\"\n", "meta": {"origin_directory": "vallakohus_esimene/"}, "layers": [{"name": "gold_ner", "attributes": ["nertag"], "parent": null, "enveloping": null, "ambiguous": false, "serialisation_module": null, "meta": {}, "spans": [{"base_span": [0, 13], "annotations": [{"nertag": "PER"}]}, {"base_span": [18, 25], "annotations": [{"nertag": "LOC_ORG"}]}, {"base_span": [65, 80], "annotations": [{"nertag": "PER"}]}, {"base_span": [81, 99], "annotations": [{"nertag": "LOC_ORG"}]}, {"base_span": [427, 440], "annotations": [{"nertag": "PER"}]}, {"base_span": [526, 538], "annotations": [{"nertag": "LOC_ORG"}]}, {"base_span": [667, 680], "annotations": [{"nertag": "PER"}]}, {"base_span": [895, 900], "annotations": [{"nertag": "PER"}]}, {"base_span": [1315, 1320], "annotations": [{"nertag": "PER"}]}, {"base_span": [1491, 1503], "annotations": [{"nertag": "PER"}]}, {"base_span": [1619, 1626], "annotations": [{"nertag": "PER"}]}, {"base_span": [1727, 1751], "annotations": [{"nertag": "ORG"}]}, {"base_span": [1772, 1785], "annotations": [{"nertag": "PER"}]}]}, {"name": "gold_wordner", "attributes": ["nertag"], "parent": null, "enveloping": null, "ambiguous": false, "serialisation_module": null, "meta": {}, "spans": [{"base_span": [0, 5], "annotations": [{"nertag": "B-PER"}]}, {"base_span": [6, 13], "annotations": [{"nertag": "I-PER"}]}, {"base_span": [14, 16], "annotations": [{"nertag": "O"}]}, {"base_span": [18, 25], "annotations": [{"nertag": "B-LOC_ORG"}]}, {"base_span": [26, 31], "annotations": [{"nertag": "O"}]}, {"base_span": [32, 39], "annotations": [{"nertag": "O"}]}, {"base_span": [40, 48], "annotations": [{"nertag": "O"}]}, {"base_span": [48, 49], "annotations": [{"nertag": "O"}]}, {"base_span": [50, 52], "annotations": [{"nertag": "O"}]}, {"base_span": [53, 58], "annotations": [{"nertag": "O"}]}, {"base_span": [59, 64], "annotations": [{"nertag": "O"}]}, {"base_span": [65, 70], "annotations": [{"nertag": "B-PER"}]}, {"base_span": [71, 80], "annotations": [{"nertag": "I-PER"}]}, {"base_span": [81, 88], "annotations": [{"nertag": "B-LOC_ORG"}]}, {"base_span": [89, 94], "annotations": [{"nertag": "I-LOC_ORG"}]}, {"base_span": [95, 99], "annotations": [{"nertag": "I-LOC_ORG"}]}, {"base_span": [100, 101], "annotations": [{"nertag": "O"}]}, {"base_span": [102, 107], "annotations": [{"nertag": "O"}]}, {"base_span": [108, 112], "annotations": [{"nertag": "O"}]}, {"base_span": [113, 124], "annotations": [{"nertag": "O"}]}, {"base_span": [125, 129], "annotations": [{"nertag": "O"}]}, {"base_span": [130, 135], "annotations": [{"nertag": "O"}]}, {"base_span": [136, 140], "annotations": [{"nertag": "O"}]}, {"base_span": [141, 146], "annotations": [{"nertag": "O"}]}, {"base_span": [147, 152], "annotations": [{"nertag": "O"}]}, {"base_span": [152, 153], "annotations": [{"nertag": "O"}]}, {"base_span": [154, 158], "annotations": [{"nertag": "O"}]}, {"base_span": [159, 165], "annotations": [{"nertag": "O"}]}, {"base_span": [166, 170], "annotations": [{"nertag": "O"}]}, {"base_span": [171, 177], "annotations": [{"nertag": "O"}]}, {"base_span": [178, 179], "annotations": [{"nertag": "O"}]}, {"base_span": [180, 188], "annotations": [{"nertag": "O"}]}, {"base_span": [189, 194], "annotations": [{"nertag": "O"}]}, {"base_span": [195, 199], "annotations": [{"nertag": "O"}]}, {"base_span": [200, 204], "annotations": [{"nertag": "O"}]}, {"base_span": [204, 205], "annotations": [{"nertag": "O"}]}, {"base_span": [206, 210], "annotations": [{"nertag": "O"}]}, {"base_span": [211, 216], "annotations": [{"nertag": "O"}]}, {"base_span": [217, 222], "annotations": [{"nertag": "O"}]}, {"base_span": [223, 228], "annotations": [{"nertag": "O"}]}, {"base_span": [229, 232], "annotations": [{"nertag": "O"}]}, {"base_span": [233, 241], "annotations": [{"nertag": "O"}]}, {"base_span": [242, 248], "annotations": [{"nertag": "O"}]}, {"base_span": [248, 249], "annotations": [{"nertag": "O"}]}, {"base_span": [250, 255], "annotations": [{"nertag": "O"}]}, {"base_span": [256, 259], "annotations": [{"nertag": "O"}]}, {"base_span": [260, 264], "annotations": [{"nertag": "O"}]}, {"base_span": [265, 270], "annotations": [{"nertag": "O"}]}, {"base_span": [271, 274], "annotations": [{"nertag": "O"}]}, {"base_span": [275, 280], "annotations": [{"nertag": "O"}]}, {"base_span": [281, 285], "annotations": [{"nertag": "O"}]}, {"base_span": [285, 286], "annotations": [{"nertag": "O"}]}, {"base_span": [287, 294], "annotations": [{"nertag": "O"}]}, {"base_span": [295, 300], "annotations": [{"nertag": "O"}]}, {"base_span": [301, 305], "annotations": [{"nertag": "O"}]}, {"base_span": [306, 309], "annotations": [{"nertag": "O"}]}, {"base_span": [310, 314], "annotations": [{"nertag": "O"}]}, {"base_span": [315, 320], "annotations": [{"nertag": "O"}]}, {"base_span": [320, 321], "annotations": [{"nertag": "O"}]}, {"base_span": [322, 325], "annotations": [{"nertag": "O"}]}, {"base_span": [326, 331], "annotations": [{"nertag": "O"}]}, {"base_span": [332, 338], "annotations": [{"nertag": "O"}]}, {"base_span": [339, 345], "annotations": [{"nertag": "O"}]}, {"base_span": [346, 349], "annotations": [{"nertag": "O"}]}, {"base_span": [349, 350], "annotations": [{"nertag": "O"}]}, {"base_span": [351, 355], "annotations": [{"nertag": "O"}]}, {"base_span": [356, 362], "annotations": [{"nertag": "O"}]}, {"base_span": [363, 375], "annotations": [{"nertag": "O"}]}, {"base_span": [376, 386], "annotations": [{"nertag": "O"}]}, {"base_span": [387, 392], "annotations": [{"nertag": "O"}]}, {"base_span": [393, 397], "annotations": [{"nertag": "O"}]}, {"base_span": [397, 398], "annotations": [{"nertag": "O"}]}, {"base_span": [399, 403], "annotations": [{"nertag": "O"}]}, {"base_span": [404, 409], "annotations": [{"nertag": "O"}]}, {"base_span": [410, 417], "annotations": [{"nertag": "O"}]}, {"base_span": [418, 420], "annotations": [{"nertag": "O"}]}, {"base_span": [421, 426], "annotations": [{"nertag": "O"}]}, {"base_span": [427, 432], "annotations": [{"nertag": "B-PER"}]}, {"base_span": [433, 440], "annotations": [{"nertag": "I-PER"}]}, {"base_span": [441, 446], "annotations": [{"nertag": "O"}]}, {"base_span": [447, 452], "annotations": [{"nertag": "O"}]}, {"base_span": [453, 460], "annotations": [{"nertag": "O"}]}, {"base_span": [461, 466], "annotations": [{"nertag": "O"}]}, {"base_span": [467, 474], "annotations": [{"nertag": "O"}]}, {"base_span": [474, 475], "annotations": [{"nertag": "O"}]}, {"base_span": [476, 480], "annotations": [{"nertag": "O"}]}, {"base_span": [481, 487], "annotations": [{"nertag": "O"}]}, {"base_span": [488, 496], "annotations": [{"nertag": "O"}]}, {"base_span": [497, 503], "annotations": [{"nertag": "O"}]}, {"base_span": [504, 513], "annotations": [{"nertag": "O"}]}, {"base_span": [514, 521], "annotations": [{"nertag": "O"}]}, {"base_span": [521, 522], "annotations": [{"nertag": "O"}]}, {"base_span": [523, 525], "annotations": [{"nertag": "O"}]}, {"base_span": [526, 533], "annotations": [{"nertag": "B-LOC_ORG"}]}, {"base_span": [534, 538], "annotations": [{"nertag": "I-LOC_ORG"}]}, {"base_span": [539, 545], "annotations": [{"nertag": "O"}]}, {"base_span": [546, 551], "annotations": [{"nertag": "O"}]}, {"base_span": [552, 556], "annotations": [{"nertag": "O"}]}, {"base_span": [557, 563], "annotations": [{"nertag": "O"}]}, {"base_span": [563, 564], "annotations": [{"nertag": "O"}]}, {"base_span": [565, 567], "annotations": [{"nertag": "O"}]}, {"base_span": [568, 572], "annotations": [{"nertag": "O"}]}, {"base_span": [573, 575], "annotations": [{"nertag": "O"}]}, {"base_span": [576, 577], "annotations": [{"nertag": "O"}]}, {"base_span": [578, 583], "annotations": [{"nertag": "O"}]}, {"base_span": [584, 590], "annotations": [{"nertag": "O"}]}, {"base_span": [591, 596], "annotations": [{"nertag": "O"}]}, {"base_span": [596, 597], "annotations": [{"nertag": "O"}]}, {"base_span": [598, 607], "annotations": [{"nertag": "O"}]}, {"base_span": [608, 611], "annotations": [{"nertag": "O"}]}, {"base_span": [612, 617], "annotations": [{"nertag": "O"}]}, {"base_span": [618, 622], "annotations": [{"nertag": "O"}]}, {"base_span": [623, 625], "annotations": [{"nertag": "O"}]}, {"base_span": [626, 634], "annotations": [{"nertag": "O"}]}, {"base_span": [635, 639], "annotations": [{"nertag": "O"}]}, {"base_span": [640, 642], "annotations": [{"nertag": "O"}]}, {"base_span": [643, 647], "annotations": [{"nertag": "O"}]}, {"base_span": [648, 655], "annotations": [{"nertag": "O"}]}, {"base_span": [656, 662], "annotations": [{"nertag": "O"}]}, {"base_span": [662, 663], "annotations": [{"nertag": "O"}]}, {"base_span": [664, 666], "annotations": [{"nertag": "O"}]}, {"base_span": [667, 672], "annotations": [{"nertag": "B-PER"}]}, {"base_span": [673, 680], "annotations": [{"nertag": "I-PER"}]}, {"base_span": [681, 688], "annotations": [{"nertag": "O"}]}, {"base_span": [689, 694], "annotations": [{"nertag": "O"}]}, {"base_span": [694, 695], "annotations": [{"nertag": "O"}]}, {"base_span": [696, 701], "annotations": [{"nertag": "O"}]}, {"base_span": [701, 702], "annotations": [{"nertag": "O"}]}, {"base_span": [703, 707], "annotations": [{"nertag": "O"}]}, {"base_span": [707, 708], "annotations": [{"nertag": "O"}]}, {"base_span": [709, 715], "annotations": [{"nertag": "O"}]}, {"base_span": [715, 716], "annotations": [{"nertag": "O"}]}, {"base_span": [717, 721], "annotations": [{"nertag": "O"}]}, {"base_span": [721, 722], "annotations": [{"nertag": "O"}]}, {"base_span": [723, 728], "annotations": [{"nertag": "O"}]}, {"base_span": [728, 729], "annotations": [{"nertag": "O"}]}, {"base_span": [730, 734], "annotations": [{"nertag": "O"}]}, {"base_span": [735, 739], "annotations": [{"nertag": "O"}]}, {"base_span": [740, 744], "annotations": [{"nertag": "O"}]}, {"base_span": [745, 750], "annotations": [{"nertag": "O"}]}, {"base_span": [751, 755], "annotations": [{"nertag": "O"}]}, {"base_span": [755, 756], "annotations": [{"nertag": "O"}]}, {"base_span": [757, 761], "annotations": [{"nertag": "O"}]}, {"base_span": [762, 767], "annotations": [{"nertag": "O"}]}, {"base_span": [768, 772], "annotations": [{"nertag": "O"}]}, {"base_span": [773, 783], "annotations": [{"nertag": "O"}]}, {"base_span": [783, 784], "annotations": [{"nertag": "O"}]}, {"base_span": [785, 788], "annotations": [{"nertag": "O"}]}, {"base_span": [789, 800], "annotations": [{"nertag": "O"}]}, {"base_span": [801, 805], "annotations": [{"nertag": "O"}]}, {"base_span": [806, 812], "annotations": [{"nertag": "O"}]}, {"base_span": [813, 818], "annotations": [{"nertag": "O"}]}, {"base_span": [819, 825], "annotations": [{"nertag": "O"}]}, {"base_span": [826, 828], "annotations": [{"nertag": "O"}]}, {"base_span": [828, 829], "annotations": [{"nertag": "O"}]}, {"base_span": [830, 834], "annotations": [{"nertag": "O"}]}, {"base_span": [835, 837], "annotations": [{"nertag": "O"}]}, {"base_span": [838, 847], "annotations": [{"nertag": "O"}]}, {"base_span": [848, 852], "annotations": [{"nertag": "O"}]}, {"base_span": [853, 856], "annotations": [{"nertag": "O"}]}, {"base_span": [857, 860], "annotations": [{"nertag": "O"}]}, {"base_span": [861, 866], "annotations": [{"nertag": "O"}]}, {"base_span": [867, 873], "annotations": [{"nertag": "O"}]}, {"base_span": [873, 874], "annotations": [{"nertag": "O"}]}, {"base_span": [875, 879], "annotations": [{"nertag": "O"}]}, {"base_span": [880, 885], "annotations": [{"nertag": "O"}]}, {"base_span": [886, 888], "annotations": [{"nertag": "O"}]}, {"base_span": [889, 894], "annotations": [{"nertag": "O"}]}, {"base_span": [895, 900], "annotations": [{"nertag": "B-PER"}]}, {"base_span": [901, 906], "annotations": [{"nertag": "O"}]}, {"base_span": [907, 922], "annotations": [{"nertag": "O"}]}, {"base_span": [923, 927], "annotations": [{"nertag": "O"}]}, {"base_span": [928, 931], "annotations": [{"nertag": "O"}]}, {"base_span": [932, 940], "annotations": [{"nertag": "O"}]}, {"base_span": [941, 945], "annotations": [{"nertag": "O"}]}, {"base_span": [946, 950], "annotations": [{"nertag": "O"}]}, {"base_span": [951, 958], "annotations": [{"nertag": "O"}]}, {"base_span": [959, 966], "annotations": [{"nertag": "O"}]}, {"base_span": [967, 970], "annotations": [{"nertag": "O"}]}, {"base_span": [971, 973], "annotations": [{"nertag": "O"}]}, {"base_span": [974, 982], "annotations": [{"nertag": "O"}]}, {"base_span": [983, 986], "annotations": [{"nertag": "O"}]}, {"base_span": [987, 992], "annotations": [{"nertag": "O"}]}, {"base_span": [993, 997], "annotations": [{"nertag": "O"}]}, {"base_span": [997, 998], "annotations": [{"nertag": "O"}]}, {"base_span": [999, 1003], "annotations": [{"nertag": "O"}]}, {"base_span": [1004, 1010], "annotations": [{"nertag": "O"}]}, {"base_span": [1011, 1019], "annotations": [{"nertag": "O"}]}, {"base_span": [1020, 1025], "annotations": [{"nertag": "O"}]}, {"base_span": [1026, 1032], "annotations": [{"nertag": "O"}]}, {"base_span": [1033, 1037], "annotations": [{"nertag": "O"}]}, {"base_span": [1037, 1038], "annotations": [{"nertag": "O"}]}, {"base_span": [1039, 1046], "annotations": [{"nertag": "O"}]}, {"base_span": [1047, 1050], "annotations": [{"nertag": "O"}]}, {"base_span": [1051, 1056], "annotations": [{"nertag": "O"}]}, {"base_span": [1057, 1062], "annotations": [{"nertag": "O"}]}, {"base_span": [1063, 1065], "annotations": [{"nertag": "O"}]}, {"base_span": [1066, 1070], "annotations": [{"nertag": "O"}]}, {"base_span": [1071, 1078], "annotations": [{"nertag": "O"}]}, {"base_span": [1078, 1079], "annotations": [{"nertag": "O"}]}, {"base_span": [1080, 1083], "annotations": [{"nertag": "O"}]}, {"base_span": [1084, 1087], "annotations": [{"nertag": "O"}]}, {"base_span": [1088, 1094], "annotations": [{"nertag": "O"}]}, {"base_span": [1095, 1098], "annotations": [{"nertag": "O"}]}, {"base_span": [1099, 1104], "annotations": [{"nertag": "O"}]}, {"base_span": [1105, 1109], "annotations": [{"nertag": "O"}]}, {"base_span": [1109, 1110], "annotations": [{"nertag": "O"}]}, {"base_span": [1111, 1115], "annotations": [{"nertag": "O"}]}, {"base_span": [1116, 1120], "annotations": [{"nertag": "O"}]}, {"base_span": [1121, 1127], "annotations": [{"nertag": "O"}]}, {"base_span": [1128, 1133], "annotations": [{"nertag": "O"}]}, {"base_span": [1134, 1139], "annotations": [{"nertag": "O"}]}, {"base_span": [1140, 1144], "annotations": [{"nertag": "O"}]}, {"base_span": [1145, 1149], "annotations": [{"nertag": "O"}]}, {"base_span": [1150, 1162], "annotations": [{"nertag": "O"}]}, {"base_span": [1162, 1163], "annotations": [{"nertag": "O"}]}, {"base_span": [1164, 1168], "annotations": [{"nertag": "O"}]}, {"base_span": [1169, 1173], "annotations": [{"nertag": "O"}]}, {"base_span": [1174, 1180], "annotations": [{"nertag": "O"}]}, {"base_span": [1181, 1186], "annotations": [{"nertag": "O"}]}, {"base_span": [1187, 1195], "annotations": [{"nertag": "O"}]}, {"base_span": [1196, 1200], "annotations": [{"nertag": "O"}]}, {"base_span": [1201, 1206], "annotations": [{"nertag": "O"}]}, {"base_span": [1207, 1211], "annotations": [{"nertag": "O"}]}, {"base_span": [1212, 1217], "annotations": [{"nertag": "O"}]}, {"base_span": [1218, 1222], "annotations": [{"nertag": "O"}]}, {"base_span": [1223, 1234], "annotations": [{"nertag": "O"}]}, {"base_span": [1235, 1240], "annotations": [{"nertag": "O"}]}, {"base_span": [1241, 1245], "annotations": [{"nertag": "O"}]}, {"base_span": [1246, 1249], "annotations": [{"nertag": "O"}]}, {"base_span": [1249, 1250], "annotations": [{"nertag": "O"}]}, {"base_span": [1251, 1255], "annotations": [{"nertag": "O"}]}, {"base_span": [1256, 1263], "annotations": [{"nertag": "O"}]}, {"base_span": [1263, 1264], "annotations": [{"nertag": "O"}]}, {"base_span": [1265, 1269], "annotations": [{"nertag": "O"}]}, {"base_span": [1270, 1273], "annotations": [{"nertag": "O"}]}, {"base_span": [1274, 1277], "annotations": [{"nertag": "O"}]}, {"base_span": [1278, 1286], "annotations": [{"nertag": "O"}]}, {"base_span": [1287, 1292], "annotations": [{"nertag": "O"}]}, {"base_span": [1293, 1297], "annotations": [{"nertag": "O"}]}, {"base_span": [1298, 1308], "annotations": [{"nertag": "O"}]}, {"base_span": [1308, 1309], "annotations": [{"nertag": "O"}]}, {"base_span": [1310, 1314], "annotations": [{"nertag": "O"}]}, {"base_span": [1315, 1320], "annotations": [{"nertag": "B-PER"}]}, {"base_span": [1321, 1323], "annotations": [{"nertag": "O"}]}, {"base_span": [1324, 1326], "annotations": [{"nertag": "O"}]}, {"base_span": [1327, 1332], "annotations": [{"nertag": "O"}]}, {"base_span": [1333, 1338], "annotations": [{"nertag": "O"}]}, {"base_span": [1339, 1344], "annotations": [{"nertag": "O"}]}, {"base_span": [1345, 1350], "annotations": [{"nertag": "O"}]}, {"base_span": [1350, 1351], "annotations": [{"nertag": "O"}]}, {"base_span": [1352, 1358], "annotations": [{"nertag": "O"}]}, {"base_span": [1359, 1364], "annotations": [{"nertag": "O"}]}, {"base_span": [1365, 1369], "annotations": [{"nertag": "O"}]}, {"base_span": [1370, 1374], "annotations": [{"nertag": "O"}]}, {"base_span": [1375, 1380], "annotations": [{"nertag": "O"}]}, {"base_span": [1381, 1387], "annotations": [{"nertag": "O"}]}, {"base_span": [1388, 1392], "annotations": [{"nertag": "O"}]}, {"base_span": [1393, 1397], "annotations": [{"nertag": "O"}]}, {"base_span": [1398, 1404], "annotations": [{"nertag": "O"}]}, {"base_span": [1404, 1405], "annotations": [{"nertag": "O"}]}, {"base_span": [1406, 1410], "annotations": [{"nertag": "O"}]}, {"base_span": [1411, 1416], "annotations": [{"nertag": "O"}]}, {"base_span": [1417, 1420], "annotations": [{"nertag": "O"}]}, {"base_span": [1421, 1432], "annotations": [{"nertag": "O"}]}, {"base_span": [1433, 1439], "annotations": [{"nertag": "O"}]}, {"base_span": [1440, 1443], "annotations": [{"nertag": "O"}]}, {"base_span": [1444, 1448], "annotations": [{"nertag": "O"}]}, {"base_span": [1449, 1454], "annotations": [{"nertag": "O"}]}, {"base_span": [1455, 1463], "annotations": [{"nertag": "O"}]}, {"base_span": [1464, 1468], "annotations": [{"nertag": "O"}]}, {"base_span": [1468, 1469], "annotations": [{"nertag": "O"}]}, {"base_span": [1470, 1476], "annotations": [{"nertag": "O"}]}, {"base_span": [1477, 1485], "annotations": [{"nertag": "O"}]}, {"base_span": [1486, 1490], "annotations": [{"nertag": "O"}]}, {"base_span": [1491, 1496], "annotations": [{"nertag": "B-PER"}]}, {"base_span": [1497, 1503], "annotations": [{"nertag": "I-PER"}]}, {"base_span": [1504, 1508], "annotations": [{"nertag": "O"}]}, {"base_span": [1509, 1513], "annotations": [{"nertag": "O"}]}, {"base_span": [1514, 1524], "annotations": [{"nertag": "O"}]}, {"base_span": [1524, 1525], "annotations": [{"nertag": "O"}]}, {"base_span": [1526, 1530], "annotations": [{"nertag": "O"}]}, {"base_span": [1531, 1536], "annotations": [{"nertag": "O"}]}, {"base_span": [1536, 1537], "annotations": [{"nertag": "O"}]}, {"base_span": [1538, 1543], "annotations": [{"nertag": "O"}]}, {"base_span": [1544, 1548], "annotations": [{"nertag": "O"}]}, {"base_span": [1549, 1554], "annotations": [{"nertag": "O"}]}, {"base_span": [1555, 1559], "annotations": [{"nertag": "O"}]}, {"base_span": [1560, 1566], "annotations": [{"nertag": "O"}]}, {"base_span": [1567, 1574], "annotations": [{"nertag": "O"}]}, {"base_span": [1575, 1579], "annotations": [{"nertag": "O"}]}, {"base_span": [1579, 1580], "annotations": [{"nertag": "O"}]}, {"base_span": [1581, 1584], "annotations": [{"nertag": "O"}]}, {"base_span": [1585, 1591], "annotations": [{"nertag": "O"}]}, {"base_span": [1592, 1595], "annotations": [{"nertag": "O"}]}, {"base_span": [1596, 1601], "annotations": [{"nertag": "O"}]}, {"base_span": [1602, 1606], "annotations": [{"nertag": "O"}]}, {"base_span": [1606, 1607], "annotations": [{"nertag": "O"}]}, {"base_span": [1608, 1612], "annotations": [{"nertag": "O"}]}, {"base_span": [1613, 1618], "annotations": [{"nertag": "O"}]}, {"base_span": [1619, 1626], "annotations": [{"nertag": "B-PER"}]}, {"base_span": [1627, 1632], "annotations": [{"nertag": "O"}]}, {"base_span": [1633, 1638], "annotations": [{"nertag": "O"}]}, {"base_span": [1639, 1645], "annotations": [{"nertag": "O"}]}, {"base_span": [1646, 1654], "annotations": [{"nertag": "O"}]}, {"base_span": [1655, 1657], "annotations": [{"nertag": "O"}]}, {"base_span": [1658, 1663], "annotations": [{"nertag": "O"}]}, {"base_span": [1664, 1668], "annotations": [{"nertag": "O"}]}, {"base_span": [1669, 1674], "annotations": [{"nertag": "O"}]}, {"base_span": [1675, 1678], "annotations": [{"nertag": "O"}]}, {"base_span": [1679, 1683], "annotations": [{"nertag": "O"}]}, {"base_span": [1684, 1688], "annotations": [{"nertag": "O"}]}, {"base_span": [1689, 1693], "annotations": [{"nertag": "O"}]}, {"base_span": [1694, 1695], "annotations": [{"nertag": "O"}]}, {"base_span": [1696, 1701], "annotations": [{"nertag": "O"}]}, {"base_span": [1702, 1707], "annotations": [{"nertag": "O"}]}, {"base_span": [1708, 1713], "annotations": [{"nertag": "O"}]}, {"base_span": [1714, 1719], "annotations": [{"nertag": "O"}]}, {"base_span": [1720, 1725], "annotations": [{"nertag": "O"}]}, {"base_span": [1725, 1726], "annotations": [{"nertag": "O"}]}, {"base_span": [1727, 1734], "annotations": [{"nertag": "B-ORG"}]}, {"base_span": [1735, 1751], "annotations": [{"nertag": "I-ORG"}]}, {"base_span": [1752, 1755], "annotations": [{"nertag": "O"}]}, {"base_span": [1756, 1758], "annotations": [{"nertag": "O"}]}, {"base_span": [1759, 1765], "annotations": [{"nertag": "O"}]}, {"base_span": [1766, 1771], "annotations": [{"nertag": "O"}]}, {"base_span": [1772, 1777], "annotations": [{"nertag": "B-PER"}]}, {"base_span": [1778, 1785], "annotations": [{"nertag": "I-PER"}]}, {"base_span": [1787, 1790], "annotations": [{"nertag": "O"}]}, {"base_span": [1792, 1793], "annotations": [{"nertag": "O"}]}]}]}