{"text": "\nSel 20 August 1875\n\nMan olliwa Paakohtomees J Thalfeld\n\nabbikohtomees Joh. Kausaar\n\n\" Jaan Meus.\n\nEtte tulli Jaan Suits ja kaibas et temma 1 wakkala keswa ärra sönu Peeter Wija nink Paap Kiwwi hobbese nink nõwwap selle eest 7 rubl nink ollewat sedda kurja ülle kaenu Fr Gross ja Joh. Koosaar.  Peter Wija ütles et minno nink Paap Kiwwi hobbene olliwa kül säält keswast läbbi käünu.  Fr. Gross ja kohtomees ütlewa et se kessew olli kül ärra sõkkutu nink södu. -\n\nMoistet:\n\nPeter Kiwwi nink Paap Wija peawa kumbgi 1 1/2 rubla hobbese päält, se om 3 rubl, Jaan Suits hääs nelja näddali sissen kätte masma. \n\nSe moistmine om § 773 ja 774 perra kuluted.\n\nPakohtomees [allkiri] Jaan Tahlfeldt\n\nabbikoh \" Joh. Kausaar XXX\n\n\" Jaan Meus XXX\n\nKirjo. [allkiri] Jõggewa.\n\n1.\n\n\n", "meta": {"origin_directory": "vallakohus_neljas/"}, "layers": [{"name": "gold_ner", "attributes": ["nertag"], "parent": null, "enveloping": null, "ambiguous": false, "serialisation_module": null, "meta": {}, "spans": [{"base_span": [45, 55], "annotations": [{"nertag": "PER"}]}, {"base_span": [71, 83], "annotations": [{"nertag": "PER"}]}, {"base_span": [87, 96], "annotations": [{"nertag": "PER"}]}, {"base_span": [110, 120], "annotations": [{"nertag": "PER"}]}, {"base_span": [166, 177], "annotations": [{"nertag": "PER"}]}, {"base_span": [183, 193], "annotations": [{"nertag": "PER"}]}, {"base_span": [268, 276], "annotations": [{"nertag": "PER"}]}, {"base_span": [280, 292], "annotations": [{"nertag": "PER"}]}, {"base_span": [295, 305], "annotations": [{"nertag": "PER"}]}, {"base_span": [326, 336], "annotations": [{"nertag": "PER"}]}, {"base_span": [384, 393], "annotations": [{"nertag": "PER"}]}, {"base_span": [473, 484], "annotations": [{"nertag": "PER"}]}, {"base_span": [490, 499], "annotations": [{"nertag": "PER"}]}, {"base_span": [554, 564], "annotations": [{"nertag": "PER"}]}, {"base_span": [673, 687], "annotations": [{"nertag": "PER"}]}, {"base_span": [699, 711], "annotations": [{"nertag": "PER"}]}, {"base_span": [719, 728], "annotations": [{"nertag": "PER"}]}, {"base_span": [751, 758], "annotations": [{"nertag": "PER"}]}]}, {"name": "gold_wordner", "attributes": ["nertag"], "parent": null, "enveloping": null, "ambiguous": false, "serialisation_module": null, "meta": {}, "spans": [{"base_span": [1, 4], "annotations": [{"nertag": "O"}]}, {"base_span": [5, 7], "annotations": [{"nertag": "O"}]}, {"base_span": [8, 14], "annotations": [{"nertag": "O"}]}, {"base_span": [15, 19], "annotations": [{"nertag": "O"}]}, {"base_span": [21, 24], "annotations": [{"nertag": "O"}]}, {"base_span": [25, 31], "annotations": [{"nertag": "O"}]}, {"base_span": [32, 44], "annotations": [{"nertag": "O"}]}, {"base_span": [45, 46], "annotations": [{"nertag": "B-PER"}]}, {"base_span": [47, 55], "annotations": [{"nertag": "I-PER"}]}, {"base_span": [57, 70], "annotations": [{"nertag": "O"}]}, {"base_span": [71, 74], "annotations": [{"nertag": "B-PER"}]}, {"base_span": [74, 75], "annotations": [{"nertag": "I-PER"}]}, {"base_span": [76, 83], "annotations": [{"nertag": "I-PER"}]}, {"base_span": [85, 86], "annotations": [{"nertag": "O"}]}, {"base_span": [87, 91], "annotations": [{"nertag": "B-PER"}]}, {"base_span": [92, 96], "annotations": [{"nertag": "I-PER"}]}, {"base_span": [96, 97], "annotations": [{"nertag": "O"}]}, {"base_span": [99, 103], "annotations": [{"nertag": "O"}]}, {"base_span": [104, 109], "annotations": [{"nertag": "O"}]}, {"base_span": [110, 114], "annotations": [{"nertag": "B-PER"}]}, {"base_span": [115, 120], "annotations": [{"nertag": "I-PER"}]}, {"base_span": [121, 123], "annotations": [{"nertag": "O"}]}, {"base_span": [124, 130], "annotations": [{"nertag": "O"}]}, {"base_span": [131, 133], "annotations": [{"nertag": "O"}]}, {"base_span": [134, 139], "annotations": [{"nertag": "O"}]}, {"base_span": [140, 141], "annotations": [{"nertag": "O"}]}, {"base_span": [142, 149], "annotations": [{"nertag": "O"}]}, {"base_span": [150, 155], "annotations": [{"nertag": "O"}]}, {"base_span": [156, 160], "annotations": [{"nertag": "O"}]}, {"base_span": [161, 165], "annotations": [{"nertag": "O"}]}, {"base_span": [166, 172], "annotations": [{"nertag": "B-PER"}]}, {"base_span": [173, 177], "annotations": [{"nertag": "I-PER"}]}, {"base_span": [178, 182], "annotations": [{"nertag": "O"}]}, {"base_span": [183, 187], "annotations": [{"nertag": "B-PER"}]}, {"base_span": [188, 193], "annotations": [{"nertag": "I-PER"}]}, {"base_span": [194, 201], "annotations": [{"nertag": "O"}]}, {"base_span": [202, 206], "annotations": [{"nertag": "O"}]}, {"base_span": [207, 213], "annotations": [{"nertag": "O"}]}, {"base_span": [214, 219], "annotations": [{"nertag": "O"}]}, {"base_span": [220, 224], "annotations": [{"nertag": "O"}]}, {"base_span": [225, 226], "annotations": [{"nertag": "O"}]}, {"base_span": [227, 231], "annotations": [{"nertag": "O"}]}, {"base_span": [232, 236], "annotations": [{"nertag": "O"}]}, {"base_span": [237, 244], "annotations": [{"nertag": "O"}]}, {"base_span": [245, 250], "annotations": [{"nertag": "O"}]}, {"base_span": [251, 256], "annotations": [{"nertag": "O"}]}, {"base_span": [257, 261], "annotations": [{"nertag": "O"}]}, {"base_span": [262, 267], "annotations": [{"nertag": "O"}]}, {"base_span": [268, 270], "annotations": [{"nertag": "B-PER"}]}, {"base_span": [271, 276], "annotations": [{"nertag": "I-PER"}]}, {"base_span": [277, 279], "annotations": [{"nertag": "O"}]}, {"base_span": [280, 283], "annotations": [{"nertag": "B-PER"}]}, {"base_span": [283, 284], "annotations": [{"nertag": "I-PER"}]}, {"base_span": [285, 292], "annotations": [{"nertag": "I-PER"}]}, {"base_span": [292, 293], "annotations": [{"nertag": "O"}]}, {"base_span": [295, 300], "annotations": [{"nertag": "B-PER"}]}, {"base_span": [301, 305], "annotations": [{"nertag": "I-PER"}]}, {"base_span": [306, 311], "annotations": [{"nertag": "O"}]}, {"base_span": [312, 314], "annotations": [{"nertag": "O"}]}, {"base_span": [315, 320], "annotations": [{"nertag": "O"}]}, {"base_span": [321, 325], "annotations": [{"nertag": "O"}]}, {"base_span": [326, 330], "annotations": [{"nertag": "B-PER"}]}, {"base_span": [331, 336], "annotations": [{"nertag": "I-PER"}]}, {"base_span": [337, 344], "annotations": [{"nertag": "O"}]}, {"base_span": [345, 351], "annotations": [{"nertag": "O"}]}, {"base_span": [352, 355], "annotations": [{"nertag": "O"}]}, {"base_span": [356, 361], "annotations": [{"nertag": "O"}]}, {"base_span": [362, 369], "annotations": [{"nertag": "O"}]}, {"base_span": [370, 375], "annotations": [{"nertag": "O"}]}, {"base_span": [376, 381], "annotations": [{"nertag": "O"}]}, {"base_span": [381, 382], "annotations": [{"nertag": "O"}]}, {"base_span": [384, 386], "annotations": [{"nertag": "B-PER"}]}, {"base_span": [386, 387], "annotations": [{"nertag": "I-PER"}]}, {"base_span": [388, 393], "annotations": [{"nertag": "I-PER"}]}, {"base_span": [394, 396], "annotations": [{"nertag": "O"}]}, {"base_span": [397, 406], "annotations": [{"nertag": "O"}]}, {"base_span": [407, 413], "annotations": [{"nertag": "O"}]}, {"base_span": [414, 416], "annotations": [{"nertag": "O"}]}, {"base_span": [417, 419], "annotations": [{"nertag": "O"}]}, {"base_span": [420, 426], "annotations": [{"nertag": "O"}]}, {"base_span": [427, 431], "annotations": [{"nertag": "O"}]}, {"base_span": [432, 435], "annotations": [{"nertag": "O"}]}, {"base_span": [436, 440], "annotations": [{"nertag": "O"}]}, {"base_span": [441, 448], "annotations": [{"nertag": "O"}]}, {"base_span": [449, 453], "annotations": [{"nertag": "O"}]}, {"base_span": [454, 458], "annotations": [{"nertag": "O"}]}, {"base_span": [458, 459], "annotations": [{"nertag": "O"}]}, {"base_span": [460, 461], "annotations": [{"nertag": "O"}]}, {"base_span": [463, 470], "annotations": [{"nertag": "O"}]}, {"base_span": [470, 471], "annotations": [{"nertag": "O"}]}, {"base_span": [473, 478], "annotations": [{"nertag": "B-PER"}]}, {"base_span": [479, 484], "annotations": [{"nertag": "I-PER"}]}, {"base_span": [485, 489], "annotations": [{"nertag": "O"}]}, {"base_span": [490, 494], "annotations": [{"nertag": "B-PER"}]}, {"base_span": [495, 499], "annotations": [{"nertag": "I-PER"}]}, {"base_span": [500, 505], "annotations": [{"nertag": "O"}]}, {"base_span": [506, 512], "annotations": [{"nertag": "O"}]}, {"base_span": [513, 514], "annotations": [{"nertag": "O"}]}, {"base_span": [515, 516], "annotations": [{"nertag": "O"}]}, {"base_span": [516, 517], "annotations": [{"nertag": "O"}]}, {"base_span": [517, 518], "annotations": [{"nertag": "O"}]}, {"base_span": [519, 524], "annotations": [{"nertag": "O"}]}, {"base_span": [525, 532], "annotations": [{"nertag": "O"}]}, {"base_span": [533, 538], "annotations": [{"nertag": "O"}]}, {"base_span": [538, 539], "annotations": [{"nertag": "O"}]}, {"base_span": [540, 542], "annotations": [{"nertag": "O"}]}, {"base_span": [543, 545], "annotations": [{"nertag": "O"}]}, {"base_span": [546, 547], "annotations": [{"nertag": "O"}]}, {"base_span": [548, 552], "annotations": [{"nertag": "O"}]}, {"base_span": [552, 553], "annotations": [{"nertag": "O"}]}, {"base_span": [554, 558], "annotations": [{"nertag": "B-PER"}]}, {"base_span": [559, 564], "annotations": [{"nertag": "I-PER"}]}, {"base_span": [565, 569], "annotations": [{"nertag": "O"}]}, {"base_span": [570, 575], "annotations": [{"nertag": "O"}]}, {"base_span": [576, 583], "annotations": [{"nertag": "O"}]}, {"base_span": [584, 590], "annotations": [{"nertag": "O"}]}, {"base_span": [591, 596], "annotations": [{"nertag": "O"}]}, {"base_span": [597, 602], "annotations": [{"nertag": "O"}]}, {"base_span": [602, 603], "annotations": [{"nertag": "O"}]}, {"base_span": [606, 608], "annotations": [{"nertag": "O"}]}, {"base_span": [609, 618], "annotations": [{"nertag": "O"}]}, {"base_span": [619, 621], "annotations": [{"nertag": "O"}]}, {"base_span": [622, 623], "annotations": [{"nertag": "O"}]}, {"base_span": [624, 627], "annotations": [{"nertag": "O"}]}, {"base_span": [628, 630], "annotations": [{"nertag": "O"}]}, {"base_span": [631, 634], "annotations": [{"nertag": "O"}]}, {"base_span": [635, 640], "annotations": [{"nertag": "O"}]}, {"base_span": [641, 648], "annotations": [{"nertag": "O"}]}, {"base_span": [648, 649], "annotations": [{"nertag": "O"}]}, {"base_span": [651, 662], "annotations": [{"nertag": "O"}]}, {"base_span": [663, 664], "annotations": [{"nertag": "O"}]}, {"base_span": [664, 671], "annotations": [{"nertag": "O"}]}, {"base_span": [671, 672], "annotations": [{"nertag": "O"}]}, {"base_span": [673, 677], "annotations": [{"nertag": "B-PER"}]}, {"base_span": [678, 687], "annotations": [{"nertag": "I-PER"}]}, {"base_span": [689, 696], "annotations": [{"nertag": "O"}]}, {"base_span": [697, 698], "annotations": [{"nertag": "O"}]}, {"base_span": [699, 702], "annotations": [{"nertag": "B-PER"}]}, {"base_span": [702, 703], "annotations": [{"nertag": "I-PER"}]}, {"base_span": [704, 711], "annotations": [{"nertag": "I-PER"}]}, {"base_span": [712, 715], "annotations": [{"nertag": "O"}]}, {"base_span": [717, 718], "annotations": [{"nertag": "O"}]}, {"base_span": [719, 723], "annotations": [{"nertag": "B-PER"}]}, {"base_span": [724, 728], "annotations": [{"nertag": "I-PER"}]}, {"base_span": [729, 732], "annotations": [{"nertag": "O"}]}, {"base_span": [734, 739], "annotations": [{"nertag": "O"}]}, {"base_span": [739, 740], "annotations": [{"nertag": "O"}]}, {"base_span": [741, 742], "annotations": [{"nertag": "O"}]}, {"base_span": [742, 749], "annotations": [{"nertag": "O"}]}, {"base_span": [749, 750], "annotations": [{"nertag": "O"}]}, {"base_span": [751, 758], "annotations": [{"nertag": "B-PER"}]}, {"base_span": [758, 759], "annotations": [{"nertag": "O"}]}, {"base_span": [761, 763], "annotations": [{"nertag": "O"}]}]}]}