{"text": "\nKui Ado Sokk on hennele ütte Maija tarwis palke ostnud-ning tahtnud ütte teist ello Maija tehha. Et se es sa temmale mitte lubbadut. Sies jäi Ado Sokk sega rahhul-ning tahhab ütte aita tehha-mis temmale es sa keeltud.\n\nSe Punnago Ado Jaan Haran and koggokonna kohtu een teeda, et temma ei jõwwa ennamb sedda Punnago Ado maija =maad piddata ehk se eest orjata. Sies saije se Maijamaa Peter Punnakole orjuse päle antud.\n\nKährin sel 25 April 1851\n\nxxx Jaan Seba koggokonna kohto pea\n\nxxx Peter Nikopensius -----------kohtomees\n\nxxx Johan Nemwalz ----------kohtomees\n\n\n", "meta": {"origin_directory": "vallakohus_kolmas/"}, "layers": [{"name": "gold_ner", "attributes": ["nertag"], "parent": null, "enveloping": null, "ambiguous": false, "serialisation_module": null, "meta": {}, "spans": [{"base_span": [5, 13], "annotations": [{"nertag": "PER"}]}, {"base_span": [143, 151], "annotations": [{"nertag": "PER"}]}, {"base_span": [223, 230], "annotations": [{"nertag": "LOC_ORG"}]}, {"base_span": [231, 234], "annotations": [{"nertag": "PER"}]}, {"base_span": [235, 245], "annotations": [{"nertag": "PER"}]}, {"base_span": [309, 316], "annotations": [{"nertag": "LOC_ORG"}]}, {"base_span": [317, 320], "annotations": [{"nertag": "PER"}]}, {"base_span": [384, 399], "annotations": [{"nertag": "PER"}]}, {"base_span": [420, 426], "annotations": [{"nertag": "LOC"}]}, {"base_span": [450, 459], "annotations": [{"nertag": "PER"}]}, {"base_span": [486, 503], "annotations": [{"nertag": "PER"}]}, {"base_span": [530, 543], "annotations": [{"nertag": "PER"}]}]}, {"name": "gold_wordner", "attributes": ["nertag"], "parent": null, "enveloping": null, "ambiguous": false, "serialisation_module": null, "meta": {}, "spans": [{"base_span": [1, 4], "annotations": [{"nertag": "O"}]}, {"base_span": [5, 8], "annotations": [{"nertag": "B-PER"}]}, {"base_span": [9, 13], "annotations": [{"nertag": "I-PER"}]}, {"base_span": [14, 16], "annotations": [{"nertag": "O"}]}, {"base_span": [17, 24], "annotations": [{"nertag": "O"}]}, {"base_span": [25, 29], "annotations": [{"nertag": "O"}]}, {"base_span": [30, 35], "annotations": [{"nertag": "O"}]}, {"base_span": [36, 42], "annotations": [{"nertag": "O"}]}, {"base_span": [43, 48], "annotations": [{"nertag": "O"}]}, {"base_span": [49, 55], "annotations": [{"nertag": "O"}]}, {"base_span": [55, 56], "annotations": [{"nertag": "O"}]}, {"base_span": [56, 60], "annotations": [{"nertag": "O"}]}, {"base_span": [61, 68], "annotations": [{"nertag": "O"}]}, {"base_span": [69, 73], "annotations": [{"nertag": "O"}]}, {"base_span": [74, 79], "annotations": [{"nertag": "O"}]}, {"base_span": [80, 84], "annotations": [{"nertag": "O"}]}, {"base_span": [85, 90], "annotations": [{"nertag": "O"}]}, {"base_span": [91, 96], "annotations": [{"nertag": "O"}]}, {"base_span": [96, 97], "annotations": [{"nertag": "O"}]}, {"base_span": [98, 100], "annotations": [{"nertag": "O"}]}, {"base_span": [101, 103], "annotations": [{"nertag": "O"}]}, {"base_span": [104, 106], "annotations": [{"nertag": "O"}]}, {"base_span": [107, 109], "annotations": [{"nertag": "O"}]}, {"base_span": [110, 117], "annotations": [{"nertag": "O"}]}, {"base_span": [118, 123], "annotations": [{"nertag": "O"}]}, {"base_span": [124, 132], "annotations": [{"nertag": "O"}]}, {"base_span": [132, 133], "annotations": [{"nertag": "O"}]}, {"base_span": [134, 138], "annotations": [{"nertag": "O"}]}, {"base_span": [139, 142], "annotations": [{"nertag": "O"}]}, {"base_span": [143, 146], "annotations": [{"nertag": "B-PER"}]}, {"base_span": [147, 151], "annotations": [{"nertag": "I-PER"}]}, {"base_span": [152, 156], "annotations": [{"nertag": "O"}]}, {"base_span": [157, 163], "annotations": [{"nertag": "O"}]}, {"base_span": [163, 164], "annotations": [{"nertag": "O"}]}, {"base_span": [164, 168], "annotations": [{"nertag": "O"}]}, {"base_span": [169, 175], "annotations": [{"nertag": "O"}]}, {"base_span": [176, 180], "annotations": [{"nertag": "O"}]}, {"base_span": [181, 185], "annotations": [{"nertag": "O"}]}, {"base_span": [186, 191], "annotations": [{"nertag": "O"}]}, {"base_span": [191, 192], "annotations": [{"nertag": "O"}]}, {"base_span": [192, 195], "annotations": [{"nertag": "O"}]}, {"base_span": [196, 203], "annotations": [{"nertag": "O"}]}, {"base_span": [204, 206], "annotations": [{"nertag": "O"}]}, {"base_span": [207, 209], "annotations": [{"nertag": "O"}]}, {"base_span": [210, 217], "annotations": [{"nertag": "O"}]}, {"base_span": [217, 218], "annotations": [{"nertag": "O"}]}, {"base_span": [220, 222], "annotations": [{"nertag": "O"}]}, {"base_span": [223, 230], "annotations": [{"nertag": "B-LOC_ORG"}]}, {"base_span": [231, 234], "annotations": [{"nertag": "B-PER"}]}, {"base_span": [235, 239], "annotations": [{"nertag": "B-PER"}]}, {"base_span": [240, 245], "annotations": [{"nertag": "I-PER"}]}, {"base_span": [246, 249], "annotations": [{"nertag": "O"}]}, {"base_span": [250, 260], "annotations": [{"nertag": "O"}]}, {"base_span": [261, 266], "annotations": [{"nertag": "O"}]}, {"base_span": [267, 270], "annotations": [{"nertag": "O"}]}, {"base_span": [271, 276], "annotations": [{"nertag": "O"}]}, {"base_span": [276, 277], "annotations": [{"nertag": "O"}]}, {"base_span": [278, 280], "annotations": [{"nertag": "O"}]}, {"base_span": [281, 286], "annotations": [{"nertag": "O"}]}, {"base_span": [287, 289], "annotations": [{"nertag": "O"}]}, {"base_span": [290, 295], "annotations": [{"nertag": "O"}]}, {"base_span": [296, 302], "annotations": [{"nertag": "O"}]}, {"base_span": [303, 308], "annotations": [{"nertag": "O"}]}, {"base_span": [309, 316], "annotations": [{"nertag": "B-LOC_ORG"}]}, {"base_span": [317, 320], "annotations": [{"nertag": "B-PER"}]}, {"base_span": [321, 326], "annotations": [{"nertag": "O"}]}, {"base_span": [327, 328], "annotations": [{"nertag": "O"}]}, {"base_span": [328, 332], "annotations": [{"nertag": "O"}]}, {"base_span": [333, 340], "annotations": [{"nertag": "O"}]}, {"base_span": [341, 344], "annotations": [{"nertag": "O"}]}, {"base_span": [345, 347], "annotations": [{"nertag": "O"}]}, {"base_span": [348, 352], "annotations": [{"nertag": "O"}]}, {"base_span": [353, 359], "annotations": [{"nertag": "O"}]}, {"base_span": [359, 360], "annotations": [{"nertag": "O"}]}, {"base_span": [361, 365], "annotations": [{"nertag": "O"}]}, {"base_span": [366, 371], "annotations": [{"nertag": "O"}]}, {"base_span": [372, 374], "annotations": [{"nertag": "O"}]}, {"base_span": [375, 383], "annotations": [{"nertag": "O"}]}, {"base_span": [384, 389], "annotations": [{"nertag": "B-PER"}]}, {"base_span": [390, 399], "annotations": [{"nertag": "I-PER"}]}, {"base_span": [400, 406], "annotations": [{"nertag": "O"}]}, {"base_span": [407, 411], "annotations": [{"nertag": "O"}]}, {"base_span": [412, 417], "annotations": [{"nertag": "O"}]}, {"base_span": [417, 418], "annotations": [{"nertag": "O"}]}, {"base_span": [420, 426], "annotations": [{"nertag": "B-LOC"}]}, {"base_span": [427, 430], "annotations": [{"nertag": "O"}]}, {"base_span": [431, 433], "annotations": [{"nertag": "O"}]}, {"base_span": [434, 439], "annotations": [{"nertag": "O"}]}, {"base_span": [440, 444], "annotations": [{"nertag": "O"}]}, {"base_span": [446, 449], "annotations": [{"nertag": "O"}]}, {"base_span": [450, 454], "annotations": [{"nertag": "B-PER"}]}, {"base_span": [455, 459], "annotations": [{"nertag": "I-PER"}]}, {"base_span": [460, 470], "annotations": [{"nertag": "O"}]}, {"base_span": [471, 476], "annotations": [{"nertag": "O"}]}, {"base_span": [477, 480], "annotations": [{"nertag": "O"}]}, {"base_span": [482, 485], "annotations": [{"nertag": "O"}]}, {"base_span": [486, 491], "annotations": [{"nertag": "B-PER"}]}, {"base_span": [492, 503], "annotations": [{"nertag": "I-PER"}]}, {"base_span": [504, 505], "annotations": [{"nertag": "O"}]}, {"base_span": [505, 506], "annotations": [{"nertag": "O"}]}, {"base_span": [506, 507], "annotations": [{"nertag": "O"}]}, {"base_span": [507, 508], "annotations": [{"nertag": "O"}]}, {"base_span": [508, 509], "annotations": [{"nertag": "O"}]}, {"base_span": [509, 510], "annotations": [{"nertag": "O"}]}, {"base_span": [510, 511], "annotations": [{"nertag": "O"}]}, {"base_span": [511, 512], "annotations": [{"nertag": "O"}]}, {"base_span": [512, 513], "annotations": [{"nertag": "O"}]}, {"base_span": [513, 514], "annotations": [{"nertag": "O"}]}, {"base_span": [514, 515], "annotations": [{"nertag": "O"}]}, {"base_span": [515, 524], "annotations": [{"nertag": "O"}]}, {"base_span": [526, 529], "annotations": [{"nertag": "O"}]}, {"base_span": [530, 535], "annotations": [{"nertag": "B-PER"}]}, {"base_span": [536, 543], "annotations": [{"nertag": "I-PER"}]}, {"base_span": [544, 545], "annotations": [{"nertag": "O"}]}, {"base_span": [545, 546], "annotations": [{"nertag": "O"}]}, {"base_span": [546, 547], "annotations": [{"nertag": "O"}]}, {"base_span": [547, 548], "annotations": [{"nertag": "O"}]}, {"base_span": [548, 549], "annotations": [{"nertag": "O"}]}, {"base_span": [549, 550], "annotations": [{"nertag": "O"}]}, {"base_span": [550, 551], "annotations": [{"nertag": "O"}]}, {"base_span": [551, 552], "annotations": [{"nertag": "O"}]}, {"base_span": [552, 553], "annotations": [{"nertag": "O"}]}, {"base_span": [553, 554], "annotations": [{"nertag": "O"}]}, {"base_span": [554, 563], "annotations": [{"nertag": "O"}]}]}]}