{"text": "Suurest Kõppust Hans Murrik tuli kohtu ette ja kaebas: Tema ostnud Mihkel Tamm käest üks kuhi heinu 5 Rbla eest kus hakikoormad pidanud olema, annud 3 rubla kohe kätte ja 2 Rbla jänud senni maksta kui ta heinamaadele järgi lähab, tema käinud aga kaks korda sääl heinade järel ja ei olla Mihkel Tamm temale mitte seda kolme rubla kätte. Mihkel Tamm Suurest Kõppust wastas eesseiswa kaebtuse pääle et Hans Murrik räägitud ajal ei ole heinde järele tulnud waid palju hiljem kuna temal enam heinu anda pole olnud, sest e heinad ära mädanenud. Lepitus Mihkel Tamm maksab Hans Murrikul see ülewal nimetatud 3 Rbla Jüripäewaks 1884 wälja ja ei nõua Murrik enam heinu. Kohtumees Peet Rosenberg [allkiri] Kohtumees Peet Amann [allkiri] Kohtumees Tõnis Friedrihson Kirjutaja: [allkiri]\n\n", "meta": {"origin_directory": "vallakohus_kolmas/"}, "layers": [{"name": "gold_ner", "attributes": ["nertag"], "parent": null, "enveloping": null, "ambiguous": false, "serialisation_module": null, "meta": {}, "spans": [{"base_span": [0, 15], "annotations": [{"nertag": "LOC"}]}, {"base_span": [16, 27], "annotations": [{"nertag": "PER"}]}, {"base_span": [67, 78], "annotations": [{"nertag": "PER"}]}, {"base_span": [287, 298], "annotations": [{"nertag": "PER"}]}, {"base_span": [336, 347], "annotations": [{"nertag": "PER"}]}, {"base_span": [348, 363], "annotations": [{"nertag": "LOC"}]}, {"base_span": [399, 410], "annotations": [{"nertag": "PER"}]}, {"base_span": [547, 558], "annotations": [{"nertag": "PER"}]}, {"base_span": [566, 579], "annotations": [{"nertag": "PER"}]}, {"base_span": [642, 648], "annotations": [{"nertag": "PER"}]}, {"base_span": [671, 685], "annotations": [{"nertag": "PER"}]}, {"base_span": [706, 716], "annotations": [{"nertag": "PER"}]}, {"base_span": [737, 754], "annotations": [{"nertag": "PER"}]}]}, {"name": "gold_wordner", "attributes": ["nertag"], "parent": null, "enveloping": null, "ambiguous": false, "serialisation_module": null, "meta": {}, "spans": [{"base_span": [0, 7], "annotations": [{"nertag": "B-LOC"}]}, {"base_span": [8, 15], "annotations": [{"nertag": "I-LOC"}]}, {"base_span": [16, 20], "annotations": [{"nertag": "B-PER"}]}, {"base_span": [21, 27], "annotations": [{"nertag": "I-PER"}]}, {"base_span": [28, 32], "annotations": [{"nertag": "O"}]}, {"base_span": [33, 38], "annotations": [{"nertag": "O"}]}, {"base_span": [39, 43], "annotations": [{"nertag": "O"}]}, {"base_span": [44, 46], "annotations": [{"nertag": "O"}]}, {"base_span": [47, 53], "annotations": [{"nertag": "O"}]}, {"base_span": [53, 54], "annotations": [{"nertag": "O"}]}, {"base_span": [55, 59], "annotations": [{"nertag": "O"}]}, {"base_span": [60, 66], "annotations": [{"nertag": "O"}]}, {"base_span": [67, 73], "annotations": [{"nertag": "B-PER"}]}, {"base_span": [74, 78], "annotations": [{"nertag": "I-PER"}]}, {"base_span": [79, 84], "annotations": [{"nertag": "O"}]}, {"base_span": [85, 88], "annotations": [{"nertag": "O"}]}, {"base_span": [89, 93], "annotations": [{"nertag": "O"}]}, {"base_span": [94, 99], "annotations": [{"nertag": "O"}]}, {"base_span": [100, 101], "annotations": [{"nertag": "O"}]}, {"base_span": [102, 106], "annotations": [{"nertag": "O"}]}, {"base_span": [107, 111], "annotations": [{"nertag": "O"}]}, {"base_span": [112, 115], "annotations": [{"nertag": "O"}]}, {"base_span": [116, 127], "annotations": [{"nertag": "O"}]}, {"base_span": [128, 135], "annotations": [{"nertag": "O"}]}, {"base_span": [136, 141], "annotations": [{"nertag": "O"}]}, {"base_span": [141, 142], "annotations": [{"nertag": "O"}]}, {"base_span": [143, 148], "annotations": [{"nertag": "O"}]}, {"base_span": [149, 150], "annotations": [{"nertag": "O"}]}, {"base_span": [151, 156], "annotations": [{"nertag": "O"}]}, {"base_span": [157, 161], "annotations": [{"nertag": "O"}]}, {"base_span": [162, 167], "annotations": [{"nertag": "O"}]}, {"base_span": [168, 170], "annotations": [{"nertag": "O"}]}, {"base_span": [171, 172], "annotations": [{"nertag": "O"}]}, {"base_span": [173, 177], "annotations": [{"nertag": "O"}]}, {"base_span": [178, 183], "annotations": [{"nertag": "O"}]}, {"base_span": [184, 189], "annotations": [{"nertag": "O"}]}, {"base_span": [190, 196], "annotations": [{"nertag": "O"}]}, {"base_span": [197, 200], "annotations": [{"nertag": "O"}]}, {"base_span": [201, 203], "annotations": [{"nertag": "O"}]}, {"base_span": [204, 216], "annotations": [{"nertag": "O"}]}, {"base_span": [217, 222], "annotations": [{"nertag": "O"}]}, {"base_span": [223, 228], "annotations": [{"nertag": "O"}]}, {"base_span": [228, 229], "annotations": [{"nertag": "O"}]}, {"base_span": [230, 234], "annotations": [{"nertag": "O"}]}, {"base_span": [235, 241], "annotations": [{"nertag": "O"}]}, {"base_span": [242, 245], "annotations": [{"nertag": "O"}]}, {"base_span": [246, 250], "annotations": [{"nertag": "O"}]}, {"base_span": [251, 256], "annotations": [{"nertag": "O"}]}, {"base_span": [257, 261], "annotations": [{"nertag": "O"}]}, {"base_span": [262, 269], "annotations": [{"nertag": "O"}]}, {"base_span": [270, 275], "annotations": [{"nertag": "O"}]}, {"base_span": [276, 278], "annotations": [{"nertag": "O"}]}, {"base_span": [279, 281], "annotations": [{"nertag": "O"}]}, {"base_span": [282, 286], "annotations": [{"nertag": "O"}]}, {"base_span": [287, 293], "annotations": [{"nertag": "B-PER"}]}, {"base_span": [294, 298], "annotations": [{"nertag": "I-PER"}]}, {"base_span": [299, 305], "annotations": [{"nertag": "O"}]}, {"base_span": [306, 311], "annotations": [{"nertag": "O"}]}, {"base_span": [312, 316], "annotations": [{"nertag": "O"}]}, {"base_span": [317, 322], "annotations": [{"nertag": "O"}]}, {"base_span": [323, 328], "annotations": [{"nertag": "O"}]}, {"base_span": [329, 334], "annotations": [{"nertag": "O"}]}, {"base_span": [334, 335], "annotations": [{"nertag": "O"}]}, {"base_span": [336, 342], "annotations": [{"nertag": "B-PER"}]}, {"base_span": [343, 347], "annotations": [{"nertag": "I-PER"}]}, {"base_span": [348, 355], "annotations": [{"nertag": "B-LOC"}]}, {"base_span": [356, 363], "annotations": [{"nertag": "I-LOC"}]}, {"base_span": [364, 370], "annotations": [{"nertag": "O"}]}, {"base_span": [371, 380], "annotations": [{"nertag": "O"}]}, {"base_span": [381, 389], "annotations": [{"nertag": "O"}]}, {"base_span": [390, 395], "annotations": [{"nertag": "O"}]}, {"base_span": [396, 398], "annotations": [{"nertag": "O"}]}, {"base_span": [399, 403], "annotations": [{"nertag": "B-PER"}]}, {"base_span": [404, 410], "annotations": [{"nertag": "I-PER"}]}, {"base_span": [411, 419], "annotations": [{"nertag": "O"}]}, {"base_span": [420, 424], "annotations": [{"nertag": "O"}]}, {"base_span": [425, 427], "annotations": [{"nertag": "O"}]}, {"base_span": [428, 431], "annotations": [{"nertag": "O"}]}, {"base_span": [432, 438], "annotations": [{"nertag": "O"}]}, {"base_span": [439, 445], "annotations": [{"nertag": "O"}]}, {"base_span": [446, 452], "annotations": [{"nertag": "O"}]}, {"base_span": [453, 457], "annotations": [{"nertag": "O"}]}, {"base_span": [458, 463], "annotations": [{"nertag": "O"}]}, {"base_span": [464, 470], "annotations": [{"nertag": "O"}]}, {"base_span": [471, 475], "annotations": [{"nertag": "O"}]}, {"base_span": [476, 481], "annotations": [{"nertag": "O"}]}, {"base_span": [482, 486], "annotations": [{"nertag": "O"}]}, {"base_span": [487, 492], "annotations": [{"nertag": "O"}]}, {"base_span": [493, 497], "annotations": [{"nertag": "O"}]}, {"base_span": [498, 502], "annotations": [{"nertag": "O"}]}, {"base_span": [503, 508], "annotations": [{"nertag": "O"}]}, {"base_span": [508, 509], "annotations": [{"nertag": "O"}]}, {"base_span": [510, 514], "annotations": [{"nertag": "O"}]}, {"base_span": [515, 516], "annotations": [{"nertag": "O"}]}, {"base_span": [517, 523], "annotations": [{"nertag": "O"}]}, {"base_span": [524, 527], "annotations": [{"nertag": "O"}]}, {"base_span": [528, 537], "annotations": [{"nertag": "O"}]}, {"base_span": [537, 538], "annotations": [{"nertag": "O"}]}, {"base_span": [539, 546], "annotations": [{"nertag": "O"}]}, {"base_span": [547, 553], "annotations": [{"nertag": "B-PER"}]}, {"base_span": [554, 558], "annotations": [{"nertag": "I-PER"}]}, {"base_span": [559, 565], "annotations": [{"nertag": "O"}]}, {"base_span": [566, 570], "annotations": [{"nertag": "B-PER"}]}, {"base_span": [571, 579], "annotations": [{"nertag": "I-PER"}]}, {"base_span": [580, 583], "annotations": [{"nertag": "O"}]}, {"base_span": [584, 590], "annotations": [{"nertag": "O"}]}, {"base_span": [591, 600], "annotations": [{"nertag": "O"}]}, {"base_span": [601, 602], "annotations": [{"nertag": "O"}]}, {"base_span": [603, 607], "annotations": [{"nertag": "O"}]}, {"base_span": [608, 619], "annotations": [{"nertag": "O"}]}, {"base_span": [620, 624], "annotations": [{"nertag": "O"}]}, {"base_span": [625, 630], "annotations": [{"nertag": "O"}]}, {"base_span": [631, 633], "annotations": [{"nertag": "O"}]}, {"base_span": [634, 636], "annotations": [{"nertag": "O"}]}, {"base_span": [637, 641], "annotations": [{"nertag": "O"}]}, {"base_span": [642, 648], "annotations": [{"nertag": "B-PER"}]}, {"base_span": [649, 653], "annotations": [{"nertag": "O"}]}, {"base_span": [654, 659], "annotations": [{"nertag": "O"}]}, {"base_span": [659, 660], "annotations": [{"nertag": "O"}]}, {"base_span": [661, 670], "annotations": [{"nertag": "O"}]}, {"base_span": [671, 675], "annotations": [{"nertag": "B-PER"}]}, {"base_span": [676, 685], "annotations": [{"nertag": "I-PER"}]}, {"base_span": [686, 687], "annotations": [{"nertag": "O"}]}, {"base_span": [687, 694], "annotations": [{"nertag": "O"}]}, {"base_span": [694, 695], "annotations": [{"nertag": "O"}]}, {"base_span": [696, 705], "annotations": [{"nertag": "O"}]}, {"base_span": [706, 710], "annotations": [{"nertag": "B-PER"}]}, {"base_span": [711, 716], "annotations": [{"nertag": "I-PER"}]}, {"base_span": [717, 718], "annotations": [{"nertag": "O"}]}, {"base_span": [718, 725], "annotations": [{"nertag": "O"}]}, {"base_span": [725, 726], "annotations": [{"nertag": "O"}]}, {"base_span": [727, 736], "annotations": [{"nertag": "O"}]}, {"base_span": [737, 742], "annotations": [{"nertag": "B-PER"}]}, {"base_span": [743, 754], "annotations": [{"nertag": "I-PER"}]}, {"base_span": [755, 764], "annotations": [{"nertag": "O"}]}, {"base_span": [764, 765], "annotations": [{"nertag": "O"}]}, {"base_span": [766, 767], "annotations": [{"nertag": "O"}]}, {"base_span": [767, 774], "annotations": [{"nertag": "O"}]}, {"base_span": [774, 775], "annotations": [{"nertag": "O"}]}]}]}