{"text": "ÕisustAnn Grimpe, käemees Jüri Reimann, tuli kohtu ette ja nõudis Hans Meier kaest 2 Rbla ja nimelt nõnda: tema annud Hans Meieril 1 wammus 1 Rbl 50kop. ha 1 kirwes 50kop eest, mida see temal mitte ära ei makswat. Suurest KõppustHans Meier wastas eesseiswa nõudmise pääle et tema wammusa küll saanud aga mitte muidu ega Ann Grimpe käest, waid Ann Grimpe poja Hans Grimpe käest palgaks tellitud willase jala ratikute eest ja kirwe olla Hans Grimpe tema palgast maha wõtnud. Otsus. Et wammus kõik mitte jala ratikuteks ära ei kulunud, sest maksab Hans MeierAnn Grimpel poole wammusa hinda 75kop. 8 päewa aja sees wälja ja saab Ann Grimpe kirwe nõudmisega rahule sunnitud et tunnistust ei ole anda. See otsus sai kuulutud. Kohtumees Peet Amann [allkiri] Kohtumees Peter Bergmann [allkiri] Kohtumees Hans Glükk [allkiri] Kirjutaja: [allkiri]\n\n", "meta": {"origin_directory": "vallakohus_kolmas/"}, "layers": [{"name": "gold_ner", "attributes": ["nertag"], "parent": null, "enveloping": null, "ambiguous": false, "serialisation_module": null, "meta": {}, "spans": [{"base_span": [0, 6], "annotations": [{"nertag": "LOC"}]}, {"base_span": [6, 16], "annotations": [{"nertag": "PER"}]}, {"base_span": [26, 38], "annotations": [{"nertag": "PER"}]}, {"base_span": [66, 76], "annotations": [{"nertag": "PER"}]}, {"base_span": [118, 130], "annotations": [{"nertag": "PER"}]}, {"base_span": [214, 229], "annotations": [{"nertag": "LOC"}]}, {"base_span": [229, 239], "annotations": [{"nertag": "PER"}]}, {"base_span": [320, 330], "annotations": [{"nertag": "PER"}]}, {"base_span": [343, 353], "annotations": [{"nertag": "PER"}]}, {"base_span": [359, 370], "annotations": [{"nertag": "PER"}]}, {"base_span": [435, 446], "annotations": [{"nertag": "PER"}]}, {"base_span": [545, 555], "annotations": [{"nertag": "PER"}]}, {"base_span": [555, 566], "annotations": [{"nertag": "PER"}]}, {"base_span": [625, 635], "annotations": [{"nertag": "PER"}]}, {"base_span": [730, 740], "annotations": [{"nertag": "PER"}]}, {"base_span": [761, 775], "annotations": [{"nertag": "PER"}]}, {"base_span": [796, 806], "annotations": [{"nertag": "PER"}]}]}, {"name": "gold_wordner", "attributes": ["nertag"], "parent": null, "enveloping": null, "ambiguous": false, "serialisation_module": null, "meta": {}, "spans": [{"base_span": [0, 6], "annotations": [{"nertag": "B-LOC"}]}, {"base_span": [6, 9], "annotations": [{"nertag": "B-PER"}]}, {"base_span": [10, 16], "annotations": [{"nertag": "I-PER"}]}, {"base_span": [16, 17], "annotations": [{"nertag": "O"}]}, {"base_span": [18, 25], "annotations": [{"nertag": "O"}]}, {"base_span": [26, 30], "annotations": [{"nertag": "B-PER"}]}, {"base_span": [31, 38], "annotations": [{"nertag": "I-PER"}]}, {"base_span": [38, 39], "annotations": [{"nertag": "O"}]}, {"base_span": [40, 44], "annotations": [{"nertag": "O"}]}, {"base_span": [45, 50], "annotations": [{"nertag": "O"}]}, {"base_span": [51, 55], "annotations": [{"nertag": "O"}]}, {"base_span": [56, 58], "annotations": [{"nertag": "O"}]}, {"base_span": [59, 65], "annotations": [{"nertag": "O"}]}, {"base_span": [66, 70], "annotations": [{"nertag": "B-PER"}]}, {"base_span": [71, 76], "annotations": [{"nertag": "I-PER"}]}, {"base_span": [77, 82], "annotations": [{"nertag": "O"}]}, {"base_span": [83, 84], "annotations": [{"nertag": "O"}]}, {"base_span": [85, 89], "annotations": [{"nertag": "O"}]}, {"base_span": [90, 92], "annotations": [{"nertag": "O"}]}, {"base_span": [93, 99], "annotations": [{"nertag": "O"}]}, {"base_span": [100, 105], "annotations": [{"nertag": "O"}]}, {"base_span": [105, 106], "annotations": [{"nertag": "O"}]}, {"base_span": [107, 111], "annotations": [{"nertag": "O"}]}, {"base_span": [112, 117], "annotations": [{"nertag": "O"}]}, {"base_span": [118, 122], "annotations": [{"nertag": "B-PER"}]}, {"base_span": [123, 130], "annotations": [{"nertag": "I-PER"}]}, {"base_span": [131, 132], "annotations": [{"nertag": "O"}]}, {"base_span": [133, 139], "annotations": [{"nertag": "O"}]}, {"base_span": [140, 141], "annotations": [{"nertag": "O"}]}, {"base_span": [142, 145], "annotations": [{"nertag": "O"}]}, {"base_span": [146, 151], "annotations": [{"nertag": "O"}]}, {"base_span": [151, 152], "annotations": [{"nertag": "O"}]}, {"base_span": [153, 155], "annotations": [{"nertag": "O"}]}, {"base_span": [156, 157], "annotations": [{"nertag": "O"}]}, {"base_span": [158, 164], "annotations": [{"nertag": "O"}]}, {"base_span": [165, 170], "annotations": [{"nertag": "O"}]}, {"base_span": [171, 175], "annotations": [{"nertag": "O"}]}, {"base_span": [175, 176], "annotations": [{"nertag": "O"}]}, {"base_span": [177, 181], "annotations": [{"nertag": "O"}]}, {"base_span": [182, 185], "annotations": [{"nertag": "O"}]}, {"base_span": [186, 191], "annotations": [{"nertag": "O"}]}, {"base_span": [192, 197], "annotations": [{"nertag": "O"}]}, {"base_span": [198, 201], "annotations": [{"nertag": "O"}]}, {"base_span": [202, 204], "annotations": [{"nertag": "O"}]}, {"base_span": [205, 212], "annotations": [{"nertag": "O"}]}, {"base_span": [212, 213], "annotations": [{"nertag": "O"}]}, {"base_span": [214, 221], "annotations": [{"nertag": "B-LOC"}]}, {"base_span": [222, 229], "annotations": [{"nertag": "I-LOC"}]}, {"base_span": [229, 233], "annotations": [{"nertag": "B-PER"}]}, {"base_span": [234, 239], "annotations": [{"nertag": "I-PER"}]}, {"base_span": [240, 246], "annotations": [{"nertag": "O"}]}, {"base_span": [247, 256], "annotations": [{"nertag": "O"}]}, {"base_span": [257, 265], "annotations": [{"nertag": "O"}]}, {"base_span": [266, 271], "annotations": [{"nertag": "O"}]}, {"base_span": [272, 274], "annotations": [{"nertag": "O"}]}, {"base_span": [275, 279], "annotations": [{"nertag": "O"}]}, {"base_span": [280, 287], "annotations": [{"nertag": "O"}]}, {"base_span": [288, 292], "annotations": [{"nertag": "O"}]}, {"base_span": [293, 299], "annotations": [{"nertag": "O"}]}, {"base_span": [300, 303], "annotations": [{"nertag": "O"}]}, {"base_span": [304, 309], "annotations": [{"nertag": "O"}]}, {"base_span": [310, 315], "annotations": [{"nertag": "O"}]}, {"base_span": [316, 319], "annotations": [{"nertag": "O"}]}, {"base_span": [320, 323], "annotations": [{"nertag": "B-PER"}]}, {"base_span": [324, 330], "annotations": [{"nertag": "I-PER"}]}, {"base_span": [331, 336], "annotations": [{"nertag": "O"}]}, {"base_span": [336, 337], "annotations": [{"nertag": "O"}]}, {"base_span": [338, 342], "annotations": [{"nertag": "O"}]}, {"base_span": [343, 346], "annotations": [{"nertag": "B-PER"}]}, {"base_span": [347, 353], "annotations": [{"nertag": "I-PER"}]}, {"base_span": [354, 358], "annotations": [{"nertag": "O"}]}, {"base_span": [359, 363], "annotations": [{"nertag": "B-PER"}]}, {"base_span": [364, 370], "annotations": [{"nertag": "I-PER"}]}, {"base_span": [371, 376], "annotations": [{"nertag": "O"}]}, {"base_span": [377, 384], "annotations": [{"nertag": "O"}]}, {"base_span": [385, 393], "annotations": [{"nertag": "O"}]}, {"base_span": [394, 401], "annotations": [{"nertag": "O"}]}, {"base_span": [402, 406], "annotations": [{"nertag": "O"}]}, {"base_span": [407, 415], "annotations": [{"nertag": "O"}]}, {"base_span": [416, 420], "annotations": [{"nertag": "O"}]}, {"base_span": [421, 423], "annotations": [{"nertag": "O"}]}, {"base_span": [424, 429], "annotations": [{"nertag": "O"}]}, {"base_span": [430, 434], "annotations": [{"nertag": "O"}]}, {"base_span": [435, 439], "annotations": [{"nertag": "B-PER"}]}, {"base_span": [440, 446], "annotations": [{"nertag": "I-PER"}]}, {"base_span": [447, 451], "annotations": [{"nertag": "O"}]}, {"base_span": [452, 459], "annotations": [{"nertag": "O"}]}, {"base_span": [460, 464], "annotations": [{"nertag": "O"}]}, {"base_span": [465, 471], "annotations": [{"nertag": "O"}]}, {"base_span": [471, 472], "annotations": [{"nertag": "O"}]}, {"base_span": [473, 478], "annotations": [{"nertag": "O"}]}, {"base_span": [478, 479], "annotations": [{"nertag": "O"}]}, {"base_span": [480, 482], "annotations": [{"nertag": "O"}]}, {"base_span": [483, 489], "annotations": [{"nertag": "O"}]}, {"base_span": [490, 494], "annotations": [{"nertag": "O"}]}, {"base_span": [495, 500], "annotations": [{"nertag": "O"}]}, {"base_span": [501, 505], "annotations": [{"nertag": "O"}]}, {"base_span": [506, 516], "annotations": [{"nertag": "O"}]}, {"base_span": [517, 520], "annotations": [{"nertag": "O"}]}, {"base_span": [521, 523], "annotations": [{"nertag": "O"}]}, {"base_span": [524, 531], "annotations": [{"nertag": "O"}]}, {"base_span": [531, 532], "annotations": [{"nertag": "O"}]}, {"base_span": [533, 537], "annotations": [{"nertag": "O"}]}, {"base_span": [538, 544], "annotations": [{"nertag": "O"}]}, {"base_span": [545, 549], "annotations": [{"nertag": "B-PER"}]}, {"base_span": [550, 555], "annotations": [{"nertag": "I-PER"}]}, {"base_span": [555, 558], "annotations": [{"nertag": "B-PER"}]}, {"base_span": [559, 566], "annotations": [{"nertag": "I-PER"}]}, {"base_span": [567, 572], "annotations": [{"nertag": "O"}]}, {"base_span": [573, 580], "annotations": [{"nertag": "O"}]}, {"base_span": [581, 586], "annotations": [{"nertag": "O"}]}, {"base_span": [587, 592], "annotations": [{"nertag": "O"}]}, {"base_span": [592, 593], "annotations": [{"nertag": "O"}]}, {"base_span": [594, 595], "annotations": [{"nertag": "O"}]}, {"base_span": [596, 601], "annotations": [{"nertag": "O"}]}, {"base_span": [602, 605], "annotations": [{"nertag": "O"}]}, {"base_span": [606, 610], "annotations": [{"nertag": "O"}]}, {"base_span": [611, 616], "annotations": [{"nertag": "O"}]}, {"base_span": [617, 619], "annotations": [{"nertag": "O"}]}, {"base_span": [620, 624], "annotations": [{"nertag": "O"}]}, {"base_span": [625, 628], "annotations": [{"nertag": "B-PER"}]}, {"base_span": [629, 635], "annotations": [{"nertag": "I-PER"}]}, {"base_span": [636, 641], "annotations": [{"nertag": "O"}]}, {"base_span": [642, 652], "annotations": [{"nertag": "O"}]}, {"base_span": [653, 659], "annotations": [{"nertag": "O"}]}, {"base_span": [660, 668], "annotations": [{"nertag": "O"}]}, {"base_span": [669, 671], "annotations": [{"nertag": "O"}]}, {"base_span": [672, 682], "annotations": [{"nertag": "O"}]}, {"base_span": [683, 685], "annotations": [{"nertag": "O"}]}, {"base_span": [686, 689], "annotations": [{"nertag": "O"}]}, {"base_span": [690, 694], "annotations": [{"nertag": "O"}]}, {"base_span": [694, 695], "annotations": [{"nertag": "O"}]}, {"base_span": [696, 699], "annotations": [{"nertag": "O"}]}, {"base_span": [700, 705], "annotations": [{"nertag": "O"}]}, {"base_span": [706, 709], "annotations": [{"nertag": "O"}]}, {"base_span": [710, 718], "annotations": [{"nertag": "O"}]}, {"base_span": [718, 719], "annotations": [{"nertag": "O"}]}, {"base_span": [720, 729], "annotations": [{"nertag": "O"}]}, {"base_span": [730, 734], "annotations": [{"nertag": "B-PER"}]}, {"base_span": [735, 740], "annotations": [{"nertag": "I-PER"}]}, {"base_span": [741, 742], "annotations": [{"nertag": "O"}]}, {"base_span": [742, 749], "annotations": [{"nertag": "O"}]}, {"base_span": [749, 750], "annotations": [{"nertag": "O"}]}, {"base_span": [751, 760], "annotations": [{"nertag": "O"}]}, {"base_span": [761, 766], "annotations": [{"nertag": "B-PER"}]}, {"base_span": [767, 775], "annotations": [{"nertag": "I-PER"}]}, {"base_span": [776, 777], "annotations": [{"nertag": "O"}]}, {"base_span": [777, 784], "annotations": [{"nertag": "O"}]}, {"base_span": [784, 785], "annotations": [{"nertag": "O"}]}, {"base_span": [786, 795], "annotations": [{"nertag": "O"}]}, {"base_span": [796, 800], "annotations": [{"nertag": "B-PER"}]}, {"base_span": [801, 806], "annotations": [{"nertag": "I-PER"}]}, {"base_span": [807, 808], "annotations": [{"nertag": "O"}]}, {"base_span": [808, 815], "annotations": [{"nertag": "O"}]}, {"base_span": [815, 816], "annotations": [{"nertag": "O"}]}, {"base_span": [817, 826], "annotations": [{"nertag": "O"}]}, {"base_span": [826, 827], "annotations": [{"nertag": "O"}]}, {"base_span": [828, 829], "annotations": [{"nertag": "O"}]}, {"base_span": [829, 836], "annotations": [{"nertag": "O"}]}, {"base_span": [836, 837], "annotations": [{"nertag": "O"}]}]}]}