{"text": "\nKoggokonna Kohhus sel 27tal Jürri Kuus 1855.\n\nKohto jures olliwa\n\nMart Tamm Kohto pea XXX\n\nJaan Noor Kohtomees XXX\n\nAns Smitt Kohtomees XXX\n\nSe Arrosaare walle tüddruk Marri Awik tulli ette ja kaibas et selle walla pois Tennis Luik tend on rikkunut.\n\nTennis Luik tulli ette ja ütles et temma kül sualonne on.\n\nSelle peal Kohhus moistis:\n\nEt Se Tõnnis Luik peab selle tüdrukul maksma 2 Rb Eb. Aastas selle lapse hoidmisse jaoks, 10 Aasta järg möda, ja sap weel 15 Ohpi witsat, woi woib maksa 3 Rb Ebb. waaste laekas.\n\nSe tüdruk Märri sap 30 Ohpi witsa selle pärrast et tema jubba teine Kord sedda Äbbamata tööd on teinud.\n\n\n", "meta": {"origin_directory": "vallakohus_neljas/"}, "layers": [{"name": "gold_ner", "attributes": ["nertag"], "parent": null, "enveloping": null, "ambiguous": false, "serialisation_module": null, "meta": {}, "spans": [{"base_span": [67, 76], "annotations": [{"nertag": "PER"}]}, {"base_span": [92, 101], "annotations": [{"nertag": "PER"}]}, {"base_span": [117, 126], "annotations": [{"nertag": "PER"}]}, {"base_span": [145, 160], "annotations": [{"nertag": "LOC_ORG"}]}, {"base_span": [169, 179], "annotations": [{"nertag": "PER"}]}, {"base_span": [221, 232], "annotations": [{"nertag": "PER"}]}, {"base_span": [252, 263], "annotations": [{"nertag": "PER"}]}, {"base_span": [345, 356], "annotations": [{"nertag": "PER"}]}, {"base_span": [528, 533], "annotations": [{"nertag": "PER"}]}]}, {"name": "gold_wordner", "attributes": ["nertag"], "parent": null, "enveloping": null, "ambiguous": false, "serialisation_module": null, "meta": {}, "spans": [{"base_span": [1, 11], "annotations": [{"nertag": "O"}]}, {"base_span": [12, 18], "annotations": [{"nertag": "O"}]}, {"base_span": [19, 22], "annotations": [{"nertag": "O"}]}, {"base_span": [23, 28], "annotations": [{"nertag": "O"}]}, {"base_span": [29, 34], "annotations": [{"nertag": "O"}]}, {"base_span": [35, 39], "annotations": [{"nertag": "O"}]}, {"base_span": [40, 45], "annotations": [{"nertag": "O"}]}, {"base_span": [47, 52], "annotations": [{"nertag": "O"}]}, {"base_span": [53, 58], "annotations": [{"nertag": "O"}]}, {"base_span": [59, 65], "annotations": [{"nertag": "O"}]}, {"base_span": [67, 71], "annotations": [{"nertag": "B-PER"}]}, {"base_span": [72, 76], "annotations": [{"nertag": "I-PER"}]}, {"base_span": [77, 82], "annotations": [{"nertag": "O"}]}, {"base_span": [83, 86], "annotations": [{"nertag": "O"}]}, {"base_span": [87, 90], "annotations": [{"nertag": "O"}]}, {"base_span": [92, 96], "annotations": [{"nertag": "B-PER"}]}, {"base_span": [97, 101], "annotations": [{"nertag": "I-PER"}]}, {"base_span": [102, 111], "annotations": [{"nertag": "O"}]}, {"base_span": [112, 115], "annotations": [{"nertag": "O"}]}, {"base_span": [117, 120], "annotations": [{"nertag": "B-PER"}]}, {"base_span": [121, 126], "annotations": [{"nertag": "I-PER"}]}, {"base_span": [127, 136], "annotations": [{"nertag": "O"}]}, {"base_span": [137, 140], "annotations": [{"nertag": "O"}]}, {"base_span": [142, 144], "annotations": [{"nertag": "O"}]}, {"base_span": [145, 154], "annotations": [{"nertag": "B-LOC_ORG"}]}, {"base_span": [155, 160], "annotations": [{"nertag": "I-LOC_ORG"}]}, {"base_span": [161, 168], "annotations": [{"nertag": "O"}]}, {"base_span": [169, 174], "annotations": [{"nertag": "B-PER"}]}, {"base_span": [175, 179], "annotations": [{"nertag": "I-PER"}]}, {"base_span": [180, 185], "annotations": [{"nertag": "O"}]}, {"base_span": [186, 190], "annotations": [{"nertag": "O"}]}, {"base_span": [191, 193], "annotations": [{"nertag": "O"}]}, {"base_span": [194, 200], "annotations": [{"nertag": "O"}]}, {"base_span": [201, 203], "annotations": [{"nertag": "O"}]}, {"base_span": [204, 209], "annotations": [{"nertag": "O"}]}, {"base_span": [210, 215], "annotations": [{"nertag": "O"}]}, {"base_span": [216, 220], "annotations": [{"nertag": "O"}]}, {"base_span": [221, 227], "annotations": [{"nertag": "B-PER"}]}, {"base_span": [228, 232], "annotations": [{"nertag": "I-PER"}]}, {"base_span": [233, 237], "annotations": [{"nertag": "O"}]}, {"base_span": [238, 240], "annotations": [{"nertag": "O"}]}, {"base_span": [241, 249], "annotations": [{"nertag": "O"}]}, {"base_span": [249, 250], "annotations": [{"nertag": "O"}]}, {"base_span": [252, 258], "annotations": [{"nertag": "B-PER"}]}, {"base_span": [259, 263], "annotations": [{"nertag": "I-PER"}]}, {"base_span": [264, 269], "annotations": [{"nertag": "O"}]}, {"base_span": [270, 274], "annotations": [{"nertag": "O"}]}, {"base_span": [275, 277], "annotations": [{"nertag": "O"}]}, {"base_span": [278, 283], "annotations": [{"nertag": "O"}]}, {"base_span": [284, 286], "annotations": [{"nertag": "O"}]}, {"base_span": [287, 292], "annotations": [{"nertag": "O"}]}, {"base_span": [293, 296], "annotations": [{"nertag": "O"}]}, {"base_span": [297, 305], "annotations": [{"nertag": "O"}]}, {"base_span": [306, 308], "annotations": [{"nertag": "O"}]}, {"base_span": [308, 309], "annotations": [{"nertag": "O"}]}, {"base_span": [311, 316], "annotations": [{"nertag": "O"}]}, {"base_span": [317, 321], "annotations": [{"nertag": "O"}]}, {"base_span": [322, 328], "annotations": [{"nertag": "O"}]}, {"base_span": [329, 336], "annotations": [{"nertag": "O"}]}, {"base_span": [336, 337], "annotations": [{"nertag": "O"}]}, {"base_span": [339, 341], "annotations": [{"nertag": "O"}]}, {"base_span": [342, 344], "annotations": [{"nertag": "O"}]}, {"base_span": [345, 351], "annotations": [{"nertag": "B-PER"}]}, {"base_span": [352, 356], "annotations": [{"nertag": "I-PER"}]}, {"base_span": [357, 361], "annotations": [{"nertag": "O"}]}, {"base_span": [362, 367], "annotations": [{"nertag": "O"}]}, {"base_span": [368, 376], "annotations": [{"nertag": "O"}]}, {"base_span": [377, 383], "annotations": [{"nertag": "O"}]}, {"base_span": [384, 385], "annotations": [{"nertag": "O"}]}, {"base_span": [386, 388], "annotations": [{"nertag": "O"}]}, {"base_span": [389, 391], "annotations": [{"nertag": "O"}]}, {"base_span": [391, 392], "annotations": [{"nertag": "O"}]}, {"base_span": [393, 399], "annotations": [{"nertag": "O"}]}, {"base_span": [400, 405], "annotations": [{"nertag": "O"}]}, {"base_span": [406, 411], "annotations": [{"nertag": "O"}]}, {"base_span": [412, 421], "annotations": [{"nertag": "O"}]}, {"base_span": [422, 427], "annotations": [{"nertag": "O"}]}, {"base_span": [427, 428], "annotations": [{"nertag": "O"}]}, {"base_span": [429, 431], "annotations": [{"nertag": "O"}]}, {"base_span": [432, 437], "annotations": [{"nertag": "O"}]}, {"base_span": [438, 442], "annotations": [{"nertag": "O"}]}, {"base_span": [443, 447], "annotations": [{"nertag": "O"}]}, {"base_span": [447, 448], "annotations": [{"nertag": "O"}]}, {"base_span": [449, 451], "annotations": [{"nertag": "O"}]}, {"base_span": [452, 455], "annotations": [{"nertag": "O"}]}, {"base_span": [456, 460], "annotations": [{"nertag": "O"}]}, {"base_span": [461, 463], "annotations": [{"nertag": "O"}]}, {"base_span": [464, 468], "annotations": [{"nertag": "O"}]}, {"base_span": [469, 475], "annotations": [{"nertag": "O"}]}, {"base_span": [475, 476], "annotations": [{"nertag": "O"}]}, {"base_span": [477, 480], "annotations": [{"nertag": "O"}]}, {"base_span": [481, 485], "annotations": [{"nertag": "O"}]}, {"base_span": [486, 491], "annotations": [{"nertag": "O"}]}, {"base_span": [492, 493], "annotations": [{"nertag": "O"}]}, {"base_span": [494, 496], "annotations": [{"nertag": "O"}]}, {"base_span": [497, 500], "annotations": [{"nertag": "O"}]}, {"base_span": [500, 501], "annotations": [{"nertag": "O"}]}, {"base_span": [502, 508], "annotations": [{"nertag": "O"}]}, {"base_span": [509, 515], "annotations": [{"nertag": "O"}]}, {"base_span": [515, 516], "annotations": [{"nertag": "O"}]}, {"base_span": [518, 520], "annotations": [{"nertag": "O"}]}, {"base_span": [521, 527], "annotations": [{"nertag": "O"}]}, {"base_span": [528, 533], "annotations": [{"nertag": "B-PER"}]}, {"base_span": [534, 537], "annotations": [{"nertag": "O"}]}, {"base_span": [538, 540], "annotations": [{"nertag": "O"}]}, {"base_span": [541, 545], "annotations": [{"nertag": "O"}]}, {"base_span": [546, 551], "annotations": [{"nertag": "O"}]}, {"base_span": [552, 557], "annotations": [{"nertag": "O"}]}, {"base_span": [558, 565], "annotations": [{"nertag": "O"}]}, {"base_span": [566, 568], "annotations": [{"nertag": "O"}]}, {"base_span": [569, 573], "annotations": [{"nertag": "O"}]}, {"base_span": [574, 579], "annotations": [{"nertag": "O"}]}, {"base_span": [580, 585], "annotations": [{"nertag": "O"}]}, {"base_span": [586, 590], "annotations": [{"nertag": "O"}]}, {"base_span": [591, 596], "annotations": [{"nertag": "O"}]}, {"base_span": [597, 605], "annotations": [{"nertag": "O"}]}, {"base_span": [606, 610], "annotations": [{"nertag": "O"}]}, {"base_span": [611, 613], "annotations": [{"nertag": "O"}]}, {"base_span": [614, 620], "annotations": [{"nertag": "O"}]}, {"base_span": [620, 621], "annotations": [{"nertag": "O"}]}]}]}