{"text": "\nKohtu ette tuli (Sagadist) Mart Wassermann ja kaebas,et Erik Rommann on teda Sippa kõrtsus 17 Oktoobri õhtul esite sõimand ja pärast hakand rusikaga päha peksma.Kõrtsu naene Tiina Kendman winud tule toast ära taha kambri ja hüdnud:wiige teda wälja! Siis tulnud pimedas toas mitto meest tema kallale ja wiinud teda õue,pannud teda kõrtsu ette muda sisse silmili ja peksnud teda ni palju,et tema ei tea,kui palju hoopisid ta on sanud.Tema on Erikit kaks ainust korda sanud lüa.Kord on peäsend tema kõrtsu tuppa tagasi,se olnud ikka alles pime,peksjad tulnud taga,wiinud teda ueste wälja ja peksnud teda weel rohkem,tema peasend nende kääst wiimaks metsa.\n\nErik Rommann sai ette kutsutud.Tema ütles,et Mart Wasserman on ise riido teinud,on esimiseks teda kiwiga kulmu pihta löönud,tema on Marti wasto ka löönud rusikaga,esite toas ja pärast õues,aga seda põle tema mitte näinud,kas teised keski Marti on lönud wõi mitte,ja Mart ei olegi enam tuppa tagasi sanud,kui teda on kord wälja wisatud.\n\nJaanWiikholm tuli ette ja tunistas,et tema ei ole mitte näinud kumb enne on riido teinud,kas Erik woi Mart,aga Tanel Tomula on teda kõrtsu toas üks kord lükand,uksest wälja wiskand,õues sanud tema ka mõne korra puga selga,ei tema pole pimedas näinud kes teda on lönud,tema jooksnud metsa.Kuulnud kül kui Marti on peksetud aga ei põle tohtinud appi minna.\n\nJaagup Andresen ja Tanel Tomula said ette kutsutud.Nemad tunistasid mõlemad üht modi,et nemad on Erikit ja Marti uksest wälja wiskand,aga ei olegi ise õue läinud ega Marti mitte peksnud.\n\nTiina Kentman(kõrtsunaene) tuli ette ja ütles,et Jaagup Andresen ja Tanel Tomula on riidlejattega (tükki) seltsis toast wälja läinud kui tema on tule taha kambri wiinud.Tuppa põle muud kedagi jänud kui Karel Wolmer,seda tema käskind ukse kinni hoida et riidlejad enam tuppa ei peäse.Kui peksmine õues suur olnud,siis tema käskind Karel Wolmeri appi minna aga ei se ole läinud.\n\nKarel Wolmer ei olnud käsku sanud.\n\nKohus jättis selle asja järgmiseks kohtu pääwaks selitada.\n\nJuhan Uukareda XXX,Jaagup Leetberk XXX,Kustaw Rusalep XXX\n\nOtsus tegematta\n\n\n", "meta": {"origin_directory": "vallakohus_kolmas/"}, "layers": [{"name": "gold_ner", "attributes": ["nertag"], "parent": null, "enveloping": null, "ambiguous": false, "serialisation_module": null, "meta": {}, "spans": [{"base_span": [18, 26], "annotations": [{"nertag": "LOC"}]}, {"base_span": [28, 43], "annotations": [{"nertag": "PER"}]}, {"base_span": [57, 69], "annotations": [{"nertag": "PER"}]}, {"base_span": [78, 91], "annotations": [{"nertag": "LOC_ORG"}]}, {"base_span": [175, 188], "annotations": [{"nertag": "PER"}]}, {"base_span": [441, 447], "annotations": [{"nertag": "PER"}]}, {"base_span": [655, 667], "annotations": [{"nertag": "PER"}]}, {"base_span": [700, 714], "annotations": [{"nertag": "PER"}]}, {"base_span": [787, 792], "annotations": [{"nertag": "PER"}]}, {"base_span": [893, 898], "annotations": [{"nertag": "PER"}]}, {"base_span": [921, 925], "annotations": [{"nertag": "PER"}]}, {"base_span": [992, 1004], "annotations": [{"nertag": "PER"}]}, {"base_span": [1085, 1089], "annotations": [{"nertag": "PER"}]}, {"base_span": [1094, 1098], "annotations": [{"nertag": "PER"}]}, {"base_span": [1103, 1115], "annotations": [{"nertag": "PER"}]}, {"base_span": [1296, 1301], "annotations": [{"nertag": "PER"}]}, {"base_span": [1348, 1363], "annotations": [{"nertag": "PER"}]}, {"base_span": [1367, 1379], "annotations": [{"nertag": "PER"}]}, {"base_span": [1445, 1451], "annotations": [{"nertag": "PER"}]}, {"base_span": [1455, 1460], "annotations": [{"nertag": "PER"}]}, {"base_span": [1514, 1519], "annotations": [{"nertag": "PER"}]}, {"base_span": [1536, 1549], "annotations": [{"nertag": "PER"}]}, {"base_span": [1585, 1600], "annotations": [{"nertag": "PER"}]}, {"base_span": [1604, 1616], "annotations": [{"nertag": "PER"}]}, {"base_span": [1738, 1750], "annotations": [{"nertag": "PER"}]}, {"base_span": [1866, 1879], "annotations": [{"nertag": "PER"}]}, {"base_span": [1914, 1926], "annotations": [{"nertag": "PER"}]}, {"base_span": [2010, 2024], "annotations": [{"nertag": "PER"}]}, {"base_span": [2029, 2044], "annotations": [{"nertag": "PER"}]}, {"base_span": [2049, 2063], "annotations": [{"nertag": "PER"}]}]}, {"name": "gold_wordner", "attributes": ["nertag"], "parent": null, "enveloping": null, "ambiguous": false, "serialisation_module": null, "meta": {}, "spans": [{"base_span": [1, 6], "annotations": [{"nertag": "O"}]}, {"base_span": [7, 11], "annotations": [{"nertag": "O"}]}, {"base_span": [12, 16], "annotations": [{"nertag": "O"}]}, {"base_span": [17, 18], "annotations": [{"nertag": "O"}]}, {"base_span": [18, 26], "annotations": [{"nertag": "B-LOC"}]}, {"base_span": [26, 27], "annotations": [{"nertag": "O"}]}, {"base_span": [28, 32], "annotations": [{"nertag": "B-PER"}]}, {"base_span": [33, 43], "annotations": [{"nertag": "I-PER"}]}, {"base_span": [44, 46], "annotations": [{"nertag": "O"}]}, {"base_span": [47, 53], "annotations": [{"nertag": "O"}]}, {"base_span": [53, 54], "annotations": [{"nertag": "O"}]}, {"base_span": [54, 56], "annotations": [{"nertag": "O"}]}, {"base_span": [57, 61], "annotations": [{"nertag": "B-PER"}]}, {"base_span": [62, 69], "annotations": [{"nertag": "I-PER"}]}, {"base_span": [70, 72], "annotations": [{"nertag": "O"}]}, {"base_span": [73, 77], "annotations": [{"nertag": "O"}]}, {"base_span": [78, 83], "annotations": [{"nertag": "B-LOC_ORG"}]}, {"base_span": [84, 91], "annotations": [{"nertag": "I-LOC_ORG"}]}, {"base_span": [92, 94], "annotations": [{"nertag": "O"}]}, {"base_span": [95, 103], "annotations": [{"nertag": "O"}]}, {"base_span": [104, 109], "annotations": [{"nertag": "O"}]}, {"base_span": [110, 115], "annotations": [{"nertag": "O"}]}, {"base_span": [116, 123], "annotations": [{"nertag": "O"}]}, {"base_span": [124, 126], "annotations": [{"nertag": "O"}]}, {"base_span": [127, 133], "annotations": [{"nertag": "O"}]}, {"base_span": [134, 140], "annotations": [{"nertag": "O"}]}, {"base_span": [141, 149], "annotations": [{"nertag": "O"}]}, {"base_span": [150, 154], "annotations": [{"nertag": "O"}]}, {"base_span": [155, 161], "annotations": [{"nertag": "O"}]}, {"base_span": [161, 162], "annotations": [{"nertag": "O"}]}, {"base_span": [162, 168], "annotations": [{"nertag": "O"}]}, {"base_span": [169, 174], "annotations": [{"nertag": "O"}]}, {"base_span": [175, 180], "annotations": [{"nertag": "B-PER"}]}, {"base_span": [181, 188], "annotations": [{"nertag": "I-PER"}]}, {"base_span": [189, 194], "annotations": [{"nertag": "O"}]}, {"base_span": [195, 199], "annotations": [{"nertag": "O"}]}, {"base_span": [200, 205], "annotations": [{"nertag": "O"}]}, {"base_span": [206, 209], "annotations": [{"nertag": "O"}]}, {"base_span": [210, 214], "annotations": [{"nertag": "O"}]}, {"base_span": [215, 221], "annotations": [{"nertag": "O"}]}, {"base_span": [222, 224], "annotations": [{"nertag": "O"}]}, {"base_span": [225, 231], "annotations": [{"nertag": "O"}]}, {"base_span": [231, 232], "annotations": [{"nertag": "O"}]}, {"base_span": [232, 237], "annotations": [{"nertag": "O"}]}, {"base_span": [238, 242], "annotations": [{"nertag": "O"}]}, {"base_span": [243, 248], "annotations": [{"nertag": "O"}]}, {"base_span": [248, 249], "annotations": [{"nertag": "O"}]}, {"base_span": [250, 254], "annotations": [{"nertag": "O"}]}, {"base_span": [255, 261], "annotations": [{"nertag": "O"}]}, {"base_span": [262, 269], "annotations": [{"nertag": "O"}]}, {"base_span": [270, 274], "annotations": [{"nertag": "O"}]}, {"base_span": [275, 280], "annotations": [{"nertag": "O"}]}, {"base_span": [281, 286], "annotations": [{"nertag": "O"}]}, {"base_span": [287, 291], "annotations": [{"nertag": "O"}]}, {"base_span": [292, 299], "annotations": [{"nertag": "O"}]}, {"base_span": [300, 302], "annotations": [{"nertag": "O"}]}, {"base_span": [303, 309], "annotations": [{"nertag": "O"}]}, {"base_span": [310, 314], "annotations": [{"nertag": "O"}]}, {"base_span": [315, 318], "annotations": [{"nertag": "O"}]}, {"base_span": [318, 319], "annotations": [{"nertag": "O"}]}, {"base_span": [319, 325], "annotations": [{"nertag": "O"}]}, {"base_span": [326, 330], "annotations": [{"nertag": "O"}]}, {"base_span": [331, 337], "annotations": [{"nertag": "O"}]}, {"base_span": [338, 342], "annotations": [{"nertag": "O"}]}, {"base_span": [343, 347], "annotations": [{"nertag": "O"}]}, {"base_span": [348, 353], "annotations": [{"nertag": "O"}]}, {"base_span": [354, 361], "annotations": [{"nertag": "O"}]}, {"base_span": [362, 364], "annotations": [{"nertag": "O"}]}, {"base_span": [365, 372], "annotations": [{"nertag": "O"}]}, {"base_span": [373, 377], "annotations": [{"nertag": "O"}]}, {"base_span": [378, 380], "annotations": [{"nertag": "O"}]}, {"base_span": [381, 386], "annotations": [{"nertag": "O"}]}, {"base_span": [386, 387], "annotations": [{"nertag": "O"}]}, {"base_span": [387, 389], "annotations": [{"nertag": "O"}]}, {"base_span": [390, 394], "annotations": [{"nertag": "O"}]}, {"base_span": [395, 397], "annotations": [{"nertag": "O"}]}, {"base_span": [398, 401], "annotations": [{"nertag": "O"}]}, {"base_span": [401, 402], "annotations": [{"nertag": "O"}]}, {"base_span": [402, 405], "annotations": [{"nertag": "O"}]}, {"base_span": [406, 411], "annotations": [{"nertag": "O"}]}, {"base_span": [412, 420], "annotations": [{"nertag": "O"}]}, {"base_span": [421, 423], "annotations": [{"nertag": "O"}]}, {"base_span": [424, 426], "annotations": [{"nertag": "O"}]}, {"base_span": [427, 432], "annotations": [{"nertag": "O"}]}, {"base_span": [432, 433], "annotations": [{"nertag": "O"}]}, {"base_span": [433, 437], "annotations": [{"nertag": "O"}]}, {"base_span": [438, 440], "annotations": [{"nertag": "O"}]}, {"base_span": [441, 447], "annotations": [{"nertag": "B-PER"}]}, {"base_span": [448, 452], "annotations": [{"nertag": "O"}]}, {"base_span": [453, 459], "annotations": [{"nertag": "O"}]}, {"base_span": [460, 465], "annotations": [{"nertag": "O"}]}, {"base_span": [466, 471], "annotations": [{"nertag": "O"}]}, {"base_span": [472, 475], "annotations": [{"nertag": "O"}]}, {"base_span": [475, 476], "annotations": [{"nertag": "O"}]}, {"base_span": [476, 480], "annotations": [{"nertag": "O"}]}, {"base_span": [481, 483], "annotations": [{"nertag": "O"}]}, {"base_span": [484, 491], "annotations": [{"nertag": "O"}]}, {"base_span": [492, 496], "annotations": [{"nertag": "O"}]}, {"base_span": [497, 503], "annotations": [{"nertag": "O"}]}, {"base_span": [504, 509], "annotations": [{"nertag": "O"}]}, {"base_span": [510, 516], "annotations": [{"nertag": "O"}]}, {"base_span": [516, 517], "annotations": [{"nertag": "O"}]}, {"base_span": [517, 519], "annotations": [{"nertag": "O"}]}, {"base_span": [520, 525], "annotations": [{"nertag": "O"}]}, {"base_span": [526, 530], "annotations": [{"nertag": "O"}]}, {"base_span": [531, 536], "annotations": [{"nertag": "O"}]}, {"base_span": [537, 541], "annotations": [{"nertag": "O"}]}, {"base_span": [541, 542], "annotations": [{"nertag": "O"}]}, {"base_span": [542, 549], "annotations": [{"nertag": "O"}]}, {"base_span": [550, 556], "annotations": [{"nertag": "O"}]}, {"base_span": [557, 561], "annotations": [{"nertag": "O"}]}, {"base_span": [561, 562], "annotations": [{"nertag": "O"}]}, {"base_span": [562, 568], "annotations": [{"nertag": "O"}]}, {"base_span": [569, 573], "annotations": [{"nertag": "O"}]}, {"base_span": [574, 579], "annotations": [{"nertag": "O"}]}, {"base_span": [580, 585], "annotations": [{"nertag": "O"}]}, {"base_span": [586, 588], "annotations": [{"nertag": "O"}]}, {"base_span": [589, 596], "annotations": [{"nertag": "O"}]}, {"base_span": [597, 601], "annotations": [{"nertag": "O"}]}, {"base_span": [602, 606], "annotations": [{"nertag": "O"}]}, {"base_span": [607, 613], "annotations": [{"nertag": "O"}]}, {"base_span": [613, 614], "annotations": [{"nertag": "O"}]}, {"base_span": [614, 618], "annotations": [{"nertag": "O"}]}, {"base_span": [619, 626], "annotations": [{"nertag": "O"}]}, {"base_span": [627, 632], "annotations": [{"nertag": "O"}]}, {"base_span": [633, 638], "annotations": [{"nertag": "O"}]}, {"base_span": [639, 646], "annotations": [{"nertag": "O"}]}, {"base_span": [647, 652], "annotations": [{"nertag": "O"}]}, {"base_span": [652, 653], "annotations": [{"nertag": "O"}]}, {"base_span": [655, 659], "annotations": [{"nertag": "B-PER"}]}, {"base_span": [660, 667], "annotations": [{"nertag": "I-PER"}]}, {"base_span": [668, 671], "annotations": [{"nertag": "O"}]}, {"base_span": [672, 676], "annotations": [{"nertag": "O"}]}, {"base_span": [677, 685], "annotations": [{"nertag": "O"}]}, {"base_span": [685, 686], "annotations": [{"nertag": "O"}]}, {"base_span": [686, 690], "annotations": [{"nertag": "O"}]}, {"base_span": [691, 696], "annotations": [{"nertag": "O"}]}, {"base_span": [696, 697], "annotations": [{"nertag": "O"}]}, {"base_span": [697, 699], "annotations": [{"nertag": "O"}]}, {"base_span": [700, 704], "annotations": [{"nertag": "B-PER"}]}, {"base_span": [705, 714], "annotations": [{"nertag": "I-PER"}]}, {"base_span": [715, 717], "annotations": [{"nertag": "O"}]}, {"base_span": [718, 721], "annotations": [{"nertag": "O"}]}, {"base_span": [722, 727], "annotations": [{"nertag": "O"}]}, {"base_span": [728, 734], "annotations": [{"nertag": "O"}]}, {"base_span": [734, 735], "annotations": [{"nertag": "O"}]}, {"base_span": [735, 737], "annotations": [{"nertag": "O"}]}, {"base_span": [738, 747], "annotations": [{"nertag": "O"}]}, {"base_span": [748, 752], "annotations": [{"nertag": "O"}]}, {"base_span": [753, 759], "annotations": [{"nertag": "O"}]}, {"base_span": [760, 765], "annotations": [{"nertag": "O"}]}, {"base_span": [766, 771], "annotations": [{"nertag": "O"}]}, {"base_span": [772, 778], "annotations": [{"nertag": "O"}]}, {"base_span": [778, 779], "annotations": [{"nertag": "O"}]}, {"base_span": [779, 783], "annotations": [{"nertag": "O"}]}, {"base_span": [784, 786], "annotations": [{"nertag": "O"}]}, {"base_span": [787, 792], "annotations": [{"nertag": "B-PER"}]}, {"base_span": [793, 798], "annotations": [{"nertag": "O"}]}, {"base_span": [799, 801], "annotations": [{"nertag": "O"}]}, {"base_span": [802, 808], "annotations": [{"nertag": "O"}]}, {"base_span": [809, 817], "annotations": [{"nertag": "O"}]}, {"base_span": [817, 818], "annotations": [{"nertag": "O"}]}, {"base_span": [818, 823], "annotations": [{"nertag": "O"}]}, {"base_span": [824, 828], "annotations": [{"nertag": "O"}]}, {"base_span": [829, 831], "annotations": [{"nertag": "O"}]}, {"base_span": [832, 838], "annotations": [{"nertag": "O"}]}, {"base_span": [839, 843], "annotations": [{"nertag": "O"}]}, {"base_span": [843, 844], "annotations": [{"nertag": "O"}]}, {"base_span": [844, 847], "annotations": [{"nertag": "O"}]}, {"base_span": [848, 852], "annotations": [{"nertag": "O"}]}, {"base_span": [853, 857], "annotations": [{"nertag": "O"}]}, {"base_span": [858, 862], "annotations": [{"nertag": "O"}]}, {"base_span": [863, 868], "annotations": [{"nertag": "O"}]}, {"base_span": [869, 875], "annotations": [{"nertag": "O"}]}, {"base_span": [875, 876], "annotations": [{"nertag": "O"}]}, {"base_span": [876, 879], "annotations": [{"nertag": "O"}]}, {"base_span": [880, 886], "annotations": [{"nertag": "O"}]}, {"base_span": [887, 892], "annotations": [{"nertag": "O"}]}, {"base_span": [893, 898], "annotations": [{"nertag": "B-PER"}]}, {"base_span": [899, 901], "annotations": [{"nertag": "O"}]}, {"base_span": [902, 907], "annotations": [{"nertag": "O"}]}, {"base_span": [908, 911], "annotations": [{"nertag": "O"}]}, {"base_span": [912, 917], "annotations": [{"nertag": "O"}]}, {"base_span": [917, 918], "annotations": [{"nertag": "O"}]}, {"base_span": [918, 920], "annotations": [{"nertag": "O"}]}, {"base_span": [921, 925], "annotations": [{"nertag": "B-PER"}]}, {"base_span": [926, 928], "annotations": [{"nertag": "O"}]}, {"base_span": [929, 934], "annotations": [{"nertag": "O"}]}, {"base_span": [935, 939], "annotations": [{"nertag": "O"}]}, {"base_span": [940, 945], "annotations": [{"nertag": "O"}]}, {"base_span": [946, 952], "annotations": [{"nertag": "O"}]}, {"base_span": [953, 958], "annotations": [{"nertag": "O"}]}, {"base_span": [958, 959], "annotations": [{"nertag": "O"}]}, {"base_span": [959, 962], "annotations": [{"nertag": "O"}]}, {"base_span": [963, 967], "annotations": [{"nertag": "O"}]}, {"base_span": [968, 970], "annotations": [{"nertag": "O"}]}, {"base_span": [971, 975], "annotations": [{"nertag": "O"}]}, {"base_span": [976, 981], "annotations": [{"nertag": "O"}]}, {"base_span": [982, 989], "annotations": [{"nertag": "O"}]}, {"base_span": [989, 990], "annotations": [{"nertag": "O"}]}, {"base_span": [992, 996], "annotations": [{"nertag": "B-PER"}]}, {"base_span": [996, 1004], "annotations": [{"nertag": "I-PER"}]}, {"base_span": [1005, 1009], "annotations": [{"nertag": "O"}]}, {"base_span": [1010, 1014], "annotations": [{"nertag": "O"}]}, {"base_span": [1015, 1017], "annotations": [{"nertag": "O"}]}, {"base_span": [1018, 1026], "annotations": [{"nertag": "O"}]}, {"base_span": [1026, 1027], "annotations": [{"nertag": "O"}]}, {"base_span": [1027, 1029], "annotations": [{"nertag": "O"}]}, {"base_span": [1030, 1034], "annotations": [{"nertag": "O"}]}, {"base_span": [1035, 1037], "annotations": [{"nertag": "O"}]}, {"base_span": [1038, 1041], "annotations": [{"nertag": "O"}]}, {"base_span": [1042, 1047], "annotations": [{"nertag": "O"}]}, {"base_span": [1048, 1054], "annotations": [{"nertag": "O"}]}, {"base_span": [1055, 1059], "annotations": [{"nertag": "O"}]}, {"base_span": [1060, 1064], "annotations": [{"nertag": "O"}]}, {"base_span": [1065, 1067], "annotations": [{"nertag": "O"}]}, {"base_span": [1068, 1073], "annotations": [{"nertag": "O"}]}, {"base_span": [1074, 1080], "annotations": [{"nertag": "O"}]}, {"base_span": [1080, 1081], "annotations": [{"nertag": "O"}]}, {"base_span": [1081, 1084], "annotations": [{"nertag": "O"}]}, {"base_span": [1085, 1089], "annotations": [{"nertag": "B-PER"}]}, {"base_span": [1090, 1093], "annotations": [{"nertag": "O"}]}, {"base_span": [1094, 1098], "annotations": [{"nertag": "B-PER"}]}, {"base_span": [1098, 1099], "annotations": [{"nertag": "O"}]}, {"base_span": [1099, 1102], "annotations": [{"nertag": "O"}]}, {"base_span": [1103, 1108], "annotations": [{"nertag": "B-PER"}]}, {"base_span": [1109, 1115], "annotations": [{"nertag": "I-PER"}]}, {"base_span": [1116, 1118], "annotations": [{"nertag": "O"}]}, {"base_span": [1119, 1123], "annotations": [{"nertag": "O"}]}, {"base_span": [1124, 1130], "annotations": [{"nertag": "O"}]}, {"base_span": [1131, 1135], "annotations": [{"nertag": "O"}]}, {"base_span": [1136, 1139], "annotations": [{"nertag": "O"}]}, {"base_span": [1140, 1144], "annotations": [{"nertag": "O"}]}, {"base_span": [1145, 1151], "annotations": [{"nertag": "O"}]}, {"base_span": [1151, 1152], "annotations": [{"nertag": "O"}]}, {"base_span": [1152, 1158], "annotations": [{"nertag": "O"}]}, {"base_span": [1159, 1164], "annotations": [{"nertag": "O"}]}, {"base_span": [1165, 1172], "annotations": [{"nertag": "O"}]}, {"base_span": [1172, 1173], "annotations": [{"nertag": "O"}]}, {"base_span": [1173, 1177], "annotations": [{"nertag": "O"}]}, {"base_span": [1178, 1183], "annotations": [{"nertag": "O"}]}, {"base_span": [1184, 1188], "annotations": [{"nertag": "O"}]}, {"base_span": [1189, 1191], "annotations": [{"nertag": "O"}]}, {"base_span": [1192, 1196], "annotations": [{"nertag": "O"}]}, {"base_span": [1197, 1202], "annotations": [{"nertag": "O"}]}, {"base_span": [1203, 1207], "annotations": [{"nertag": "O"}]}, {"base_span": [1208, 1213], "annotations": [{"nertag": "O"}]}, {"base_span": [1213, 1214], "annotations": [{"nertag": "O"}]}, {"base_span": [1214, 1216], "annotations": [{"nertag": "O"}]}, {"base_span": [1217, 1221], "annotations": [{"nertag": "O"}]}, {"base_span": [1222, 1226], "annotations": [{"nertag": "O"}]}, {"base_span": [1227, 1234], "annotations": [{"nertag": "O"}]}, {"base_span": [1235, 1241], "annotations": [{"nertag": "O"}]}, {"base_span": [1242, 1245], "annotations": [{"nertag": "O"}]}, {"base_span": [1246, 1250], "annotations": [{"nertag": "O"}]}, {"base_span": [1251, 1253], "annotations": [{"nertag": "O"}]}, {"base_span": [1254, 1259], "annotations": [{"nertag": "O"}]}, {"base_span": [1259, 1260], "annotations": [{"nertag": "O"}]}, {"base_span": [1260, 1264], "annotations": [{"nertag": "O"}]}, {"base_span": [1265, 1273], "annotations": [{"nertag": "O"}]}, {"base_span": [1274, 1279], "annotations": [{"nertag": "O"}]}, {"base_span": [1279, 1280], "annotations": [{"nertag": "O"}]}, {"base_span": [1280, 1287], "annotations": [{"nertag": "O"}]}, {"base_span": [1288, 1291], "annotations": [{"nertag": "O"}]}, {"base_span": [1292, 1295], "annotations": [{"nertag": "O"}]}, {"base_span": [1296, 1301], "annotations": [{"nertag": "B-PER"}]}, {"base_span": [1302, 1304], "annotations": [{"nertag": "O"}]}, {"base_span": [1305, 1313], "annotations": [{"nertag": "O"}]}, {"base_span": [1314, 1317], "annotations": [{"nertag": "O"}]}, {"base_span": [1318, 1320], "annotations": [{"nertag": "O"}]}, {"base_span": [1321, 1325], "annotations": [{"nertag": "O"}]}, {"base_span": [1326, 1334], "annotations": [{"nertag": "O"}]}, {"base_span": [1335, 1339], "annotations": [{"nertag": "O"}]}, {"base_span": [1340, 1345], "annotations": [{"nertag": "O"}]}, {"base_span": [1345, 1346], "annotations": [{"nertag": "O"}]}, {"base_span": [1348, 1354], "annotations": [{"nertag": "B-PER"}]}, {"base_span": [1355, 1363], "annotations": [{"nertag": "I-PER"}]}, {"base_span": [1364, 1366], "annotations": [{"nertag": "O"}]}, {"base_span": [1367, 1372], "annotations": [{"nertag": "B-PER"}]}, {"base_span": [1373, 1379], "annotations": [{"nertag": "I-PER"}]}, {"base_span": [1380, 1384], "annotations": [{"nertag": "O"}]}, {"base_span": [1385, 1389], "annotations": [{"nertag": "O"}]}, {"base_span": [1390, 1398], "annotations": [{"nertag": "O"}]}, {"base_span": [1398, 1399], "annotations": [{"nertag": "O"}]}, {"base_span": [1399, 1404], "annotations": [{"nertag": "O"}]}, {"base_span": [1405, 1415], "annotations": [{"nertag": "O"}]}, {"base_span": [1416, 1423], "annotations": [{"nertag": "O"}]}, {"base_span": [1424, 1427], "annotations": [{"nertag": "O"}]}, {"base_span": [1428, 1432], "annotations": [{"nertag": "O"}]}, {"base_span": [1432, 1433], "annotations": [{"nertag": "O"}]}, {"base_span": [1433, 1435], "annotations": [{"nertag": "O"}]}, {"base_span": [1436, 1441], "annotations": [{"nertag": "O"}]}, {"base_span": [1442, 1444], "annotations": [{"nertag": "O"}]}, {"base_span": [1445, 1451], "annotations": [{"nertag": "B-PER"}]}, {"base_span": [1452, 1454], "annotations": [{"nertag": "O"}]}, {"base_span": [1455, 1460], "annotations": [{"nertag": "B-PER"}]}, {"base_span": [1461, 1467], "annotations": [{"nertag": "O"}]}, {"base_span": [1468, 1473], "annotations": [{"nertag": "O"}]}, {"base_span": [1474, 1481], "annotations": [{"nertag": "O"}]}, {"base_span": [1481, 1482], "annotations": [{"nertag": "O"}]}, {"base_span": [1482, 1485], "annotations": [{"nertag": "O"}]}, {"base_span": [1486, 1488], "annotations": [{"nertag": "O"}]}, {"base_span": [1489, 1494], "annotations": [{"nertag": "O"}]}, {"base_span": [1495, 1498], "annotations": [{"nertag": "O"}]}, {"base_span": [1499, 1502], "annotations": [{"nertag": "O"}]}, {"base_span": [1503, 1509], "annotations": [{"nertag": "O"}]}, {"base_span": [1510, 1513], "annotations": [{"nertag": "O"}]}, {"base_span": [1514, 1519], "annotations": [{"nertag": "B-PER"}]}, {"base_span": [1520, 1525], "annotations": [{"nertag": "O"}]}, {"base_span": [1526, 1533], "annotations": [{"nertag": "O"}]}, {"base_span": [1533, 1534], "annotations": [{"nertag": "O"}]}, {"base_span": [1536, 1541], "annotations": [{"nertag": "B-PER"}]}, {"base_span": [1542, 1549], "annotations": [{"nertag": "I-PER"}]}, {"base_span": [1549, 1550], "annotations": [{"nertag": "O"}]}, {"base_span": [1550, 1561], "annotations": [{"nertag": "O"}]}, {"base_span": [1561, 1562], "annotations": [{"nertag": "O"}]}, {"base_span": [1563, 1567], "annotations": [{"nertag": "O"}]}, {"base_span": [1568, 1572], "annotations": [{"nertag": "O"}]}, {"base_span": [1573, 1575], "annotations": [{"nertag": "O"}]}, {"base_span": [1576, 1581], "annotations": [{"nertag": "O"}]}, {"base_span": [1581, 1582], "annotations": [{"nertag": "O"}]}, {"base_span": [1582, 1584], "annotations": [{"nertag": "O"}]}, {"base_span": [1585, 1591], "annotations": [{"nertag": "B-PER"}]}, {"base_span": [1592, 1600], "annotations": [{"nertag": "I-PER"}]}, {"base_span": [1601, 1603], "annotations": [{"nertag": "O"}]}, {"base_span": [1604, 1609], "annotations": [{"nertag": "B-PER"}]}, {"base_span": [1610, 1616], "annotations": [{"nertag": "I-PER"}]}, {"base_span": [1617, 1619], "annotations": [{"nertag": "O"}]}, {"base_span": [1620, 1633], "annotations": [{"nertag": "O"}]}, {"base_span": [1634, 1635], "annotations": [{"nertag": "O"}]}, {"base_span": [1635, 1640], "annotations": [{"nertag": "O"}]}, {"base_span": [1640, 1641], "annotations": [{"nertag": "O"}]}, {"base_span": [1642, 1649], "annotations": [{"nertag": "O"}]}, {"base_span": [1650, 1655], "annotations": [{"nertag": "O"}]}, {"base_span": [1656, 1661], "annotations": [{"nertag": "O"}]}, {"base_span": [1662, 1668], "annotations": [{"nertag": "O"}]}, {"base_span": [1669, 1672], "annotations": [{"nertag": "O"}]}, {"base_span": [1673, 1677], "annotations": [{"nertag": "O"}]}, {"base_span": [1678, 1680], "annotations": [{"nertag": "O"}]}, {"base_span": [1681, 1685], "annotations": [{"nertag": "O"}]}, {"base_span": [1686, 1690], "annotations": [{"nertag": "O"}]}, {"base_span": [1691, 1697], "annotations": [{"nertag": "O"}]}, {"base_span": [1698, 1704], "annotations": [{"nertag": "O"}]}, {"base_span": [1704, 1705], "annotations": [{"nertag": "O"}]}, {"base_span": [1705, 1710], "annotations": [{"nertag": "O"}]}, {"base_span": [1711, 1715], "annotations": [{"nertag": "O"}]}, {"base_span": [1716, 1720], "annotations": [{"nertag": "O"}]}, {"base_span": [1721, 1727], "annotations": [{"nertag": "O"}]}, {"base_span": [1728, 1733], "annotations": [{"nertag": "O"}]}, {"base_span": [1734, 1737], "annotations": [{"nertag": "O"}]}, {"base_span": [1738, 1743], "annotations": [{"nertag": "B-PER"}]}, {"base_span": [1744, 1750], "annotations": [{"nertag": "I-PER"}]}, {"base_span": [1750, 1751], "annotations": [{"nertag": "O"}]}, {"base_span": [1751, 1755], "annotations": [{"nertag": "O"}]}, {"base_span": [1756, 1760], "annotations": [{"nertag": "O"}]}, {"base_span": [1761, 1768], "annotations": [{"nertag": "O"}]}, {"base_span": [1769, 1773], "annotations": [{"nertag": "O"}]}, {"base_span": [1774, 1779], "annotations": [{"nertag": "O"}]}, {"base_span": [1780, 1785], "annotations": [{"nertag": "O"}]}, {"base_span": [1786, 1788], "annotations": [{"nertag": "O"}]}, {"base_span": [1789, 1798], "annotations": [{"nertag": "O"}]}, {"base_span": [1799, 1803], "annotations": [{"nertag": "O"}]}, {"base_span": [1804, 1809], "annotations": [{"nertag": "O"}]}, {"base_span": [1810, 1812], "annotations": [{"nertag": "O"}]}, {"base_span": [1813, 1818], "annotations": [{"nertag": "O"}]}, {"base_span": [1818, 1819], "annotations": [{"nertag": "O"}]}, {"base_span": [1819, 1822], "annotations": [{"nertag": "O"}]}, {"base_span": [1823, 1831], "annotations": [{"nertag": "O"}]}, {"base_span": [1832, 1836], "annotations": [{"nertag": "O"}]}, {"base_span": [1837, 1841], "annotations": [{"nertag": "O"}]}, {"base_span": [1842, 1847], "annotations": [{"nertag": "O"}]}, {"base_span": [1847, 1848], "annotations": [{"nertag": "O"}]}, {"base_span": [1848, 1852], "annotations": [{"nertag": "O"}]}, {"base_span": [1853, 1857], "annotations": [{"nertag": "O"}]}, {"base_span": [1858, 1865], "annotations": [{"nertag": "O"}]}, {"base_span": [1866, 1871], "annotations": [{"nertag": "B-PER"}]}, {"base_span": [1872, 1879], "annotations": [{"nertag": "I-PER"}]}, {"base_span": [1880, 1884], "annotations": [{"nertag": "O"}]}, {"base_span": [1885, 1890], "annotations": [{"nertag": "O"}]}, {"base_span": [1891, 1894], "annotations": [{"nertag": "O"}]}, {"base_span": [1895, 1897], "annotations": [{"nertag": "O"}]}, {"base_span": [1898, 1900], "annotations": [{"nertag": "O"}]}, {"base_span": [1901, 1904], "annotations": [{"nertag": "O"}]}, {"base_span": [1905, 1911], "annotations": [{"nertag": "O"}]}, {"base_span": [1911, 1912], "annotations": [{"nertag": "O"}]}, {"base_span": [1914, 1919], "annotations": [{"nertag": "B-PER"}]}, {"base_span": [1920, 1926], "annotations": [{"nertag": "I-PER"}]}, {"base_span": [1927, 1929], "annotations": [{"nertag": "O"}]}, {"base_span": [1930, 1935], "annotations": [{"nertag": "O"}]}, {"base_span": [1936, 1941], "annotations": [{"nertag": "O"}]}, {"base_span": [1942, 1947], "annotations": [{"nertag": "O"}]}, {"base_span": [1947, 1948], "annotations": [{"nertag": "O"}]}, {"base_span": [1950, 1955], "annotations": [{"nertag": "O"}]}, {"base_span": [1956, 1962], "annotations": [{"nertag": "O"}]}, {"base_span": [1963, 1968], "annotations": [{"nertag": "O"}]}, {"base_span": [1969, 1973], "annotations": [{"nertag": "O"}]}, {"base_span": [1974, 1984], "annotations": [{"nertag": "O"}]}, {"base_span": [1985, 1990], "annotations": [{"nertag": "O"}]}, {"base_span": [1991, 1998], "annotations": [{"nertag": "O"}]}, {"base_span": [1999, 2007], "annotations": [{"nertag": "O"}]}, {"base_span": [2007, 2008], "annotations": [{"nertag": "O"}]}, {"base_span": [2010, 2015], "annotations": [{"nertag": "B-PER"}]}, {"base_span": [2016, 2024], "annotations": [{"nertag": "I-PER"}]}, {"base_span": [2025, 2028], "annotations": [{"nertag": "O"}]}, {"base_span": [2028, 2029], "annotations": [{"nertag": "O"}]}, {"base_span": [2029, 2035], "annotations": [{"nertag": "B-PER"}]}, {"base_span": [2036, 2044], "annotations": [{"nertag": "I-PER"}]}, {"base_span": [2045, 2048], "annotations": [{"nertag": "O"}]}, {"base_span": [2048, 2049], "annotations": [{"nertag": "O"}]}, {"base_span": [2049, 2055], "annotations": [{"nertag": "B-PER"}]}, {"base_span": [2056, 2063], "annotations": [{"nertag": "I-PER"}]}, {"base_span": [2064, 2067], "annotations": [{"nertag": "O"}]}, {"base_span": [2069, 2074], "annotations": [{"nertag": "O"}]}, {"base_span": [2075, 2084], "annotations": [{"nertag": "O"}]}]}]}