{"text": "Kohtu ette tulid Kosta külast Juhan Teppe,Andres Kostwelt ja Liiso Soopan ja tunistasid,et nemad on Tallinnas Mangrihti kohtu kutsutud An-Leena Uukiwi pärast,nemad on kulutand teed käies iga üks 264 kop. ja pärisid (kolme)pääwa palka 50 kop.iga pääwa ette ja peale seda on Andres kewadel seda surnult leitud last wahtinud ühe öö ja päris selle ette 50 koppik ja Juhan Teppe käinud öösel tallitaja järel Wihulas pärib selle ette ka 50 koppik ja Liiso Soopan käinud palgatud hobusega Rakweres Hakenrihti kohtus,maksnud hobuse ette 1 rubla.Tuleb summas 13.88 koppik.An-Leena Uukiwi wend,Kustaw Uukiwi maksis seda 13 rbl.88 kop.omast kääst wälja,selle peäle,et tema õe An-Leena lehm jääb temale seda raha wastama.\nKohus lubas seda keik nenda.\nKustaw Rusalep XXX,Jaagup Leetberk XXX,Juhan Uukareda XXX\n\nAsi on tehtud\n\"\n", "meta": {"origin_directory": "vallakohus_esimene/"}, "layers": [{"name": "gold_ner", "attributes": ["nertag"], "parent": null, "enveloping": null, "ambiguous": false, "serialisation_module": null, "meta": {}, "spans": [{"base_span": [17, 29], "annotations": [{"nertag": "LOC_ORG"}]}, {"base_span": [30, 41], "annotations": [{"nertag": "PER"}]}, {"base_span": [42, 57], "annotations": [{"nertag": "PER"}]}, {"base_span": [61, 73], "annotations": [{"nertag": "PER"}]}, {"base_span": [100, 109], "annotations": [{"nertag": "LOC"}]}, {"base_span": [135, 150], "annotations": [{"nertag": "PER"}]}, {"base_span": [273, 279], "annotations": [{"nertag": "PER"}]}, {"base_span": [362, 373], "annotations": [{"nertag": "PER"}]}, {"base_span": [403, 410], "annotations": [{"nertag": "LOC"}]}, {"base_span": [444, 456], "annotations": [{"nertag": "PER"}]}, {"base_span": [482, 490], "annotations": [{"nertag": "LOC"}]}, {"base_span": [563, 578], "annotations": [{"nertag": "PER"}]}, {"base_span": [584, 597], "annotations": [{"nertag": "PER"}]}, {"base_span": [665, 673], "annotations": [{"nertag": "PER"}]}, {"base_span": [739, 753], "annotations": [{"nertag": "PER"}]}, {"base_span": [758, 773], "annotations": [{"nertag": "PER"}]}, {"base_span": [778, 792], "annotations": [{"nertag": "PER"}]}]}, {"name": "gold_wordner", "attributes": ["nertag"], "parent": null, "enveloping": null, "ambiguous": false, "serialisation_module": null, "meta": {}, "spans": [{"base_span": [0, 5], "annotations": [{"nertag": "O"}]}, {"base_span": [6, 10], "annotations": [{"nertag": "O"}]}, {"base_span": [11, 16], "annotations": [{"nertag": "O"}]}, {"base_span": [17, 22], "annotations": [{"nertag": "B-LOC_ORG"}]}, {"base_span": [23, 29], "annotations": [{"nertag": "I-LOC_ORG"}]}, {"base_span": [30, 35], "annotations": [{"nertag": "B-PER"}]}, {"base_span": [36, 41], "annotations": [{"nertag": "I-PER"}]}, {"base_span": [41, 42], "annotations": [{"nertag": "O"}]}, {"base_span": [42, 48], "annotations": [{"nertag": "B-PER"}]}, {"base_span": [49, 57], "annotations": [{"nertag": "I-PER"}]}, {"base_span": [58, 60], "annotations": [{"nertag": "O"}]}, {"base_span": [61, 66], "annotations": [{"nertag": "B-PER"}]}, {"base_span": [67, 73], "annotations": [{"nertag": "I-PER"}]}, {"base_span": [74, 76], "annotations": [{"nertag": "O"}]}, {"base_span": [77, 87], "annotations": [{"nertag": "O"}]}, {"base_span": [87, 88], "annotations": [{"nertag": "O"}]}, {"base_span": [88, 90], "annotations": [{"nertag": "O"}]}, {"base_span": [91, 96], "annotations": [{"nertag": "O"}]}, {"base_span": [97, 99], "annotations": [{"nertag": "O"}]}, {"base_span": [100, 109], "annotations": [{"nertag": "B-LOC"}]}, {"base_span": [110, 119], "annotations": [{"nertag": "O"}]}, {"base_span": [120, 125], "annotations": [{"nertag": "O"}]}, {"base_span": [126, 134], "annotations": [{"nertag": "O"}]}, {"base_span": [135, 137], "annotations": [{"nertag": "B-PER"}]}, {"base_span": [137, 138], "annotations": [{"nertag": "I-PER"}]}, {"base_span": [138, 143], "annotations": [{"nertag": "I-PER"}]}, {"base_span": [144, 150], "annotations": [{"nertag": "I-PER"}]}, {"base_span": [151, 157], "annotations": [{"nertag": "O"}]}, {"base_span": [157, 158], "annotations": [{"nertag": "O"}]}, {"base_span": [158, 163], "annotations": [{"nertag": "O"}]}, {"base_span": [164, 166], "annotations": [{"nertag": "O"}]}, {"base_span": [167, 175], "annotations": [{"nertag": "O"}]}, {"base_span": [176, 180], "annotations": [{"nertag": "O"}]}, {"base_span": [181, 186], "annotations": [{"nertag": "O"}]}, {"base_span": [187, 190], "annotations": [{"nertag": "O"}]}, {"base_span": [191, 194], "annotations": [{"nertag": "O"}]}, {"base_span": [195, 198], "annotations": [{"nertag": "O"}]}, {"base_span": [199, 202], "annotations": [{"nertag": "O"}]}, {"base_span": [202, 203], "annotations": [{"nertag": "O"}]}, {"base_span": [204, 206], "annotations": [{"nertag": "O"}]}, {"base_span": [207, 214], "annotations": [{"nertag": "O"}]}, {"base_span": [215, 216], "annotations": [{"nertag": "O"}]}, {"base_span": [216, 221], "annotations": [{"nertag": "O"}]}, {"base_span": [221, 222], "annotations": [{"nertag": "O"}]}, {"base_span": [222, 227], "annotations": [{"nertag": "O"}]}, {"base_span": [228, 233], "annotations": [{"nertag": "O"}]}, {"base_span": [234, 236], "annotations": [{"nertag": "O"}]}, {"base_span": [237, 240], "annotations": [{"nertag": "O"}]}, {"base_span": [240, 241], "annotations": [{"nertag": "O"}]}, {"base_span": [241, 244], "annotations": [{"nertag": "O"}]}, {"base_span": [245, 250], "annotations": [{"nertag": "O"}]}, {"base_span": [251, 255], "annotations": [{"nertag": "O"}]}, {"base_span": [256, 258], "annotations": [{"nertag": "O"}]}, {"base_span": [259, 264], "annotations": [{"nertag": "O"}]}, {"base_span": [265, 269], "annotations": [{"nertag": "O"}]}, {"base_span": [270, 272], "annotations": [{"nertag": "O"}]}, {"base_span": [273, 279], "annotations": [{"nertag": "B-PER"}]}, {"base_span": [280, 287], "annotations": [{"nertag": "O"}]}, {"base_span": [288, 292], "annotations": [{"nertag": "O"}]}, {"base_span": [293, 300], "annotations": [{"nertag": "O"}]}, {"base_span": [301, 307], "annotations": [{"nertag": "O"}]}, {"base_span": [308, 312], "annotations": [{"nertag": "O"}]}, {"base_span": [313, 321], "annotations": [{"nertag": "O"}]}, {"base_span": [322, 325], "annotations": [{"nertag": "O"}]}, {"base_span": [326, 328], "annotations": [{"nertag": "O"}]}, {"base_span": [329, 331], "annotations": [{"nertag": "O"}]}, {"base_span": [332, 337], "annotations": [{"nertag": "O"}]}, {"base_span": [338, 343], "annotations": [{"nertag": "O"}]}, {"base_span": [344, 348], "annotations": [{"nertag": "O"}]}, {"base_span": [349, 351], "annotations": [{"nertag": "O"}]}, {"base_span": [352, 358], "annotations": [{"nertag": "O"}]}, {"base_span": [359, 361], "annotations": [{"nertag": "O"}]}, {"base_span": [362, 367], "annotations": [{"nertag": "B-PER"}]}, {"base_span": [368, 373], "annotations": [{"nertag": "I-PER"}]}, {"base_span": [374, 380], "annotations": [{"nertag": "O"}]}, {"base_span": [381, 386], "annotations": [{"nertag": "O"}]}, {"base_span": [387, 396], "annotations": [{"nertag": "O"}]}, {"base_span": [397, 402], "annotations": [{"nertag": "O"}]}, {"base_span": [403, 410], "annotations": [{"nertag": "B-LOC"}]}, {"base_span": [411, 416], "annotations": [{"nertag": "O"}]}, {"base_span": [417, 422], "annotations": [{"nertag": "O"}]}, {"base_span": [423, 427], "annotations": [{"nertag": "O"}]}, {"base_span": [428, 430], "annotations": [{"nertag": "O"}]}, {"base_span": [431, 433], "annotations": [{"nertag": "O"}]}, {"base_span": [434, 440], "annotations": [{"nertag": "O"}]}, {"base_span": [441, 443], "annotations": [{"nertag": "O"}]}, {"base_span": [444, 449], "annotations": [{"nertag": "B-PER"}]}, {"base_span": [450, 456], "annotations": [{"nertag": "I-PER"}]}, {"base_span": [457, 463], "annotations": [{"nertag": "O"}]}, {"base_span": [464, 472], "annotations": [{"nertag": "O"}]}, {"base_span": [473, 481], "annotations": [{"nertag": "O"}]}, {"base_span": [482, 490], "annotations": [{"nertag": "B-LOC"}]}, {"base_span": [491, 501], "annotations": [{"nertag": "O"}]}, {"base_span": [502, 508], "annotations": [{"nertag": "O"}]}, {"base_span": [508, 509], "annotations": [{"nertag": "O"}]}, {"base_span": [509, 516], "annotations": [{"nertag": "O"}]}, {"base_span": [517, 523], "annotations": [{"nertag": "O"}]}, {"base_span": [524, 528], "annotations": [{"nertag": "O"}]}, {"base_span": [529, 530], "annotations": [{"nertag": "O"}]}, {"base_span": [531, 536], "annotations": [{"nertag": "O"}]}, {"base_span": [536, 537], "annotations": [{"nertag": "O"}]}, {"base_span": [537, 542], "annotations": [{"nertag": "O"}]}, {"base_span": [543, 549], "annotations": [{"nertag": "O"}]}, {"base_span": [550, 555], "annotations": [{"nertag": "O"}]}, {"base_span": [556, 562], "annotations": [{"nertag": "O"}]}, {"base_span": [562, 563], "annotations": [{"nertag": "O"}]}, {"base_span": [563, 565], "annotations": [{"nertag": "B-PER"}]}, {"base_span": [565, 566], "annotations": [{"nertag": "I-PER"}]}, {"base_span": [566, 571], "annotations": [{"nertag": "I-PER"}]}, {"base_span": [572, 578], "annotations": [{"nertag": "I-PER"}]}, {"base_span": [579, 583], "annotations": [{"nertag": "O"}]}, {"base_span": [583, 584], "annotations": [{"nertag": "O"}]}, {"base_span": [584, 590], "annotations": [{"nertag": "B-PER"}]}, {"base_span": [591, 597], "annotations": [{"nertag": "I-PER"}]}, {"base_span": [598, 604], "annotations": [{"nertag": "O"}]}, {"base_span": [605, 609], "annotations": [{"nertag": "O"}]}, {"base_span": [610, 612], "annotations": [{"nertag": "O"}]}, {"base_span": [613, 616], "annotations": [{"nertag": "O"}]}, {"base_span": [616, 617], "annotations": [{"nertag": "O"}]}, {"base_span": [617, 619], "annotations": [{"nertag": "O"}]}, {"base_span": [620, 623], "annotations": [{"nertag": "O"}]}, {"base_span": [623, 624], "annotations": [{"nertag": "O"}]}, {"base_span": [624, 629], "annotations": [{"nertag": "O"}]}, {"base_span": [630, 635], "annotations": [{"nertag": "O"}]}, {"base_span": [636, 641], "annotations": [{"nertag": "O"}]}, {"base_span": [641, 642], "annotations": [{"nertag": "O"}]}, {"base_span": [642, 647], "annotations": [{"nertag": "O"}]}, {"base_span": [648, 653], "annotations": [{"nertag": "O"}]}, {"base_span": [653, 654], "annotations": [{"nertag": "O"}]}, {"base_span": [654, 656], "annotations": [{"nertag": "O"}]}, {"base_span": [657, 661], "annotations": [{"nertag": "O"}]}, {"base_span": [662, 664], "annotations": [{"nertag": "O"}]}, {"base_span": [665, 667], "annotations": [{"nertag": "B-PER"}]}, {"base_span": [667, 668], "annotations": [{"nertag": "I-PER"}]}, {"base_span": [668, 673], "annotations": [{"nertag": "I-PER"}]}, {"base_span": [674, 678], "annotations": [{"nertag": "O"}]}, {"base_span": [679, 683], "annotations": [{"nertag": "O"}]}, {"base_span": [684, 690], "annotations": [{"nertag": "O"}]}, {"base_span": [691, 695], "annotations": [{"nertag": "O"}]}, {"base_span": [696, 700], "annotations": [{"nertag": "O"}]}, {"base_span": [701, 708], "annotations": [{"nertag": "O"}]}, {"base_span": [708, 709], "annotations": [{"nertag": "O"}]}, {"base_span": [710, 715], "annotations": [{"nertag": "O"}]}, {"base_span": [716, 721], "annotations": [{"nertag": "O"}]}, {"base_span": [722, 726], "annotations": [{"nertag": "O"}]}, {"base_span": [727, 731], "annotations": [{"nertag": "O"}]}, {"base_span": [732, 737], "annotations": [{"nertag": "O"}]}, {"base_span": [737, 738], "annotations": [{"nertag": "O"}]}, {"base_span": [739, 745], "annotations": [{"nertag": "B-PER"}]}, {"base_span": [746, 753], "annotations": [{"nertag": "I-PER"}]}, {"base_span": [754, 757], "annotations": [{"nertag": "O"}]}, {"base_span": [757, 758], "annotations": [{"nertag": "O"}]}, {"base_span": [758, 764], "annotations": [{"nertag": "B-PER"}]}, {"base_span": [765, 773], "annotations": [{"nertag": "I-PER"}]}, {"base_span": [774, 777], "annotations": [{"nertag": "O"}]}, {"base_span": [777, 778], "annotations": [{"nertag": "O"}]}, {"base_span": [778, 783], "annotations": [{"nertag": "B-PER"}]}, {"base_span": [784, 792], "annotations": [{"nertag": "I-PER"}]}, {"base_span": [793, 796], "annotations": [{"nertag": "O"}]}, {"base_span": [798, 801], "annotations": [{"nertag": "O"}]}, {"base_span": [802, 804], "annotations": [{"nertag": "O"}]}, {"base_span": [805, 811], "annotations": [{"nertag": "O"}]}, {"base_span": [812, 813], "annotations": [{"nertag": "O"}]}]}]}